month,method,feature,bin,n,residual_mean_bp,cuts
2025-08,sequential_ols,m,0,20,1.0939586637775747,"[-122.27730229814391, -40.81283893584801, 74.68033258496645, 125.27400435085063]"
2025-08,sequential_ols,m,1,74,0.42797802379681893,"[-122.27730229814391, -40.81283893584801, 74.68033258496645, 125.27400435085063]"
2025-08,sequential_ols,m,2,198,2.266707165751427,"[-122.27730229814391, -40.81283893584801, 74.68033258496645, 125.27400435085063]"
2025-08,sequential_ols,m,3,55,0.3932880081448977,"[-122.27730229814391, -40.81283893584801, 74.68033258496645, 125.27400435085063]"
2025-08,sequential_ols,m,4,10,-2.626580010137667,"[-122.27730229814391, -40.81283893584801, 74.68033258496645, 125.27400435085063]"
2025-08,sequential_ols,g,0,177,2.7746985401385884,"[1.9999999999997797, 2.9999999999996696, 3.9999999999995595, 6.000000000000449]"
2025-08,sequential_ols,g,1,75,2.1317547967873747,"[1.9999999999997797, 2.9999999999996696, 3.9999999999995595, 6.000000000000449]"
2025-08,sequential_ols,g,2,36,0.60892428296204,"[1.9999999999997797, 2.9999999999996696, 3.9999999999995595, 6.000000000000449]"
2025-08,sequential_ols,g,3,33,0.9664227386632003,"[1.9999999999997797, 2.9999999999996696, 3.9999999999995595, 6.000000000000449]"
2025-08,sequential_ols,g,4,36,-5.752607492339192,"[1.9999999999997797, 2.9999999999996696, 3.9999999999995595, 6.000000000000449]"
2025-08,joint_ols,m,0,20,0.7434109073404563,"[-122.27730229814391, -40.81283893584801, 74.68033258496645, 125.27400435085063]"
2025-08,joint_ols,m,1,74,0.25279833562147364,"[-122.27730229814391, -40.81283893584801, 74.68033258496645, 125.27400435085063]"
2025-08,joint_ols,m,2,198,2.3716760516232656,"[-122.27730229814391, -40.81283893584801, 74.68033258496645, 125.27400435085063]"
2025-08,joint_ols,m,3,55,0.7340288775452021,"[-122.27730229814391, -40.81283893584801, 74.68033258496645, 125.27400435085063]"
2025-08,joint_ols,m,4,10,-2.161397826776006,"[-122.27730229814391, -40.81283893584801, 74.68033258496645, 125.27400435085063]"
2025-08,joint_ols,g,0,177,2.9122524044155913,"[1.9999999999997797, 2.9999999999996696, 3.9999999999995595, 6.000000000000449]"
2025-08,joint_ols,g,1,75,2.2763700173012897,"[1.9999999999997797, 2.9999999999996696, 3.9999999999995595, 6.000000000000449]"
2025-08,joint_ols,g,2,36,0.6549619230597605,"[1.9999999999997797, 2.9999999999996696, 3.9999999999995595, 6.000000000000449]"
2025-08,joint_ols,g,3,33,0.7624882540392247,"[1.9999999999997797, 2.9999999999996696, 3.9999999999995595, 6.000000000000449]"
2025-08,joint_ols,g,4,36,-5.9170112580880945,"[1.9999999999997797, 2.9999999999996696, 3.9999999999995595, 6.000000000000449]"
2025-08,pca,m,0,20,1.0929363690452625,"[-122.27730229814391, -40.81283893584801, 74.68033258496645, 125.27400435085063]"
2025-08,pca,m,1,74,0.42620763927505195,"[-122.27730229814391, -40.81283893584801, 74.68033258496645, 125.27400435085063]"
2025-08,pca,m,2,198,2.2653861974358387,"[-122.27730229814391, -40.81283893584801, 74.68033258496645, 125.27400435085063]"
2025-08,pca,m,3,55,0.3938974470828596,"[-122.27730229814391, -40.81283893584801, 74.68033258496645, 125.27400435085063]"
2025-08,pca,m,4,10,-2.625278372390467,"[-122.27730229814391, -40.81283893584801, 74.68033258496645, 125.27400435085063]"
2025-08,pca,g,0,177,2.7744043641460863,"[1.9999999999997797, 2.9999999999996696, 3.9999999999995595, 6.000000000000449]"
2025-08,pca,g,1,75,2.1280717540641776,"[1.9999999999997797, 2.9999999999996696, 3.9999999999995595, 6.000000000000449]"
2025-08,pca,g,2,36,0.6068960188525856,"[1.9999999999997797, 2.9999999999996696, 3.9999999999995595, 6.000000000000449]"
2025-08,pca,g,3,33,0.9632599943180998,"[1.9999999999997797, 2.9999999999996696, 3.9999999999995595, 6.000000000000449]"
2025-08,pca,g,4,36,-5.748740412629256,"[1.9999999999997797, 2.9999999999996696, 3.9999999999995595, 6.000000000000449]"
2025-08,seq_xgb,m,0,20,2.2321693122148742,"[-122.27730229814391, -40.81283893584801, 74.68033258496645, 125.27400435085063]"
2025-08,seq_xgb,m,1,74,1.1446796528763934,"[-122.27730229814391, -40.81283893584801, 74.68033258496645, 125.27400435085063]"
2025-08,seq_xgb,m,2,198,1.6995362515364545,"[-122.27730229814391, -40.81283893584801, 74.68033258496645, 125.27400435085063]"
2025-08,seq_xgb,m,3,55,-0.30672553601343705,"[-122.27730229814391, -40.81283893584801, 74.68033258496645, 125.27400435085063]"
2025-08,seq_xgb,m,4,10,-3.2273966559540312,"[-122.27730229814391, -40.81283893584801, 74.68033258496645, 125.27400435085063]"
2025-08,seq_xgb,g,0,177,2.315747754281418,"[1.9999999999997797, 2.9999999999996696, 3.9999999999995595, 6.000000000000449]"
2025-08,seq_xgb,g,1,75,1.7559632253011197,"[1.9999999999997797, 2.9999999999996696, 3.9999999999995595, 6.000000000000449]"
2025-08,seq_xgb,g,2,36,0.6287086587217182,"[1.9999999999997797, 2.9999999999996696, 3.9999999999995595, 6.000000000000449]"
2025-08,seq_xgb,g,3,33,1.540625591087009,"[1.9999999999997797, 2.9999999999996696, 3.9999999999995595, 6.000000000000449]"
2025-08,seq_xgb,g,4,36,-5.509576758448857,"[1.9999999999997797, 2.9999999999996696, 3.9999999999995595, 6.000000000000449]"
2025-08,seq_mlp,m,0,20,1.0939586641808396,"[-122.27730229814391, -40.81283893584801, 74.68033258496645, 125.27400435085063]"
2025-08,seq_mlp,m,1,74,0.42797802399833434,"[-122.27730229814391, -40.81283893584801, 74.68033258496645, 125.27400435085063]"
2025-08,seq_mlp,m,2,198,2.2667071656306685,"[-122.27730229814391, -40.81283893584801, 74.68033258496645, 125.27400435085063]"
2025-08,seq_mlp,m,3,55,0.39328800775292,"[-122.27730229814391, -40.81283893584801, 74.68033258496645, 125.27400435085063]"
2025-08,seq_mlp,m,4,10,-2.626580010672778,"[-122.27730229814391, -40.81283893584801, 74.68033258496645, 125.27400435085063]"
2025-08,seq_mlp,g,0,177,2.774698539980351,"[1.9999999999997797, 2.9999999999996696, 3.9999999999995595, 6.000000000000449]"
2025-08,seq_mlp,g,1,75,2.131754796621011,"[1.9999999999997797, 2.9999999999996696, 3.9999999999995595, 6.000000000000449]"
2025-08,seq_mlp,g,2,36,0.6089242829090789,"[1.9999999999997797, 2.9999999999996696, 3.9999999999995595, 6.000000000000449]"
2025-08,seq_mlp,g,3,33,0.9664227388977921,"[1.9999999999997797, 2.9999999999996696, 3.9999999999995595, 6.000000000000449]"
2025-08,seq_mlp,g,4,36,-5.752607492150088,"[1.9999999999997797, 2.9999999999996696, 3.9999999999995595, 6.000000000000449]"
2025-08,seq_spline,m,0,20,3.1106922749352592,"[-122.27730229814391, -40.81283893584801, 74.68033258496645, 125.27400435085063]"
2025-08,seq_spline,m,1,74,0.7570523928702835,"[-122.27730229814391, -40.81283893584801, 74.68033258496645, 125.27400435085063]"
2025-08,seq_spline,m,2,198,1.1803391450270233,"[-122.27730229814391, -40.81283893584801, 74.68033258496645, 125.27400435085063]"
2025-08,seq_spline,m,3,55,-1.1011622825903093,"[-122.27730229814391, -40.81283893584801, 74.68033258496645, 125.27400435085063]"
2025-08,seq_spline,m,4,10,-3.712777649377081,"[-122.27730229814391, -40.81283893584801, 74.68033258496645, 125.27400435085063]"
2025-08,seq_spline,g,0,177,1.54466691949699,"[1.9999999999997797, 2.9999999999996696, 3.9999999999995595, 6.000000000000449]"
2025-08,seq_spline,g,1,75,1.1518260636434647,"[1.9999999999997797, 2.9999999999996696, 3.9999999999995595, 6.000000000000449]"
2025-08,seq_spline,g,2,36,0.29186344923598856,"[1.9999999999997797, 2.9999999999996696, 3.9999999999995595, 6.000000000000449]"
2025-08,seq_spline,g,3,33,1.8429052897906844,"[1.9999999999997797, 2.9999999999996696, 3.9999999999995595, 6.000000000000449]"
2025-08,seq_spline,g,4,36,-4.912910750266562,"[1.9999999999997797, 2.9999999999996696, 3.9999999999995595, 6.000000000000449]"
2025-08,joint_xgb,m,0,20,2.267425499511172,"[-122.27730229814391, -40.81283893584801, 74.68033258496645, 125.27400435085063]"
2025-08,joint_xgb,m,1,74,0.939875766075934,"[-122.27730229814391, -40.81283893584801, 74.68033258496645, 125.27400435085063]"
2025-08,joint_xgb,m,2,198,1.8406676292485402,"[-122.27730229814391, -40.81283893584801, 74.68033258496645, 125.27400435085063]"
2025-08,joint_xgb,m,3,55,0.20302045517047676,"[-122.27730229814391, -40.81283893584801, 74.68033258496645, 125.27400435085063]"
2025-08,joint_xgb,m,4,10,-2.545480343803861,"[-122.27730229814391, -40.81283893584801, 74.68033258496645, 125.27400435085063]"
2025-08,joint_xgb,g,0,177,2.7368600693347602,"[1.9999999999997797, 2.9999999999996696, 3.9999999999995595, 6.000000000000449]"
2025-08,joint_xgb,g,1,75,1.9852879208040721,"[1.9999999999997797, 2.9999999999996696, 3.9999999999995595, 6.000000000000449]"
2025-08,joint_xgb,g,2,36,0.6360519306165698,"[1.9999999999997797, 2.9999999999996696, 3.9999999999995595, 6.000000000000449]"
2025-08,joint_xgb,g,3,33,1.090318821543645,"[1.9999999999997797, 2.9999999999996696, 3.9999999999995595, 6.000000000000449]"
2025-08,joint_xgb,g,4,36,-6.309344113286213,"[1.9999999999997797, 2.9999999999996696, 3.9999999999995595, 6.000000000000449]"
2025-08,joint_mlp,m,0,20,0.743400520264722,"[-122.27730229814391, -40.81283893584801, 74.68033258496645, 125.27400435085063]"
2025-08,joint_mlp,m,1,74,0.2527879479645872,"[-122.27730229814391, -40.81283893584801, 74.68033258496645, 125.27400435085063]"
2025-08,joint_mlp,m,2,198,2.3716656635423528,"[-122.27730229814391, -40.81283893584801, 74.68033258496645, 125.27400435085063]"
2025-08,joint_mlp,m,3,55,0.7340184854696679,"[-122.27730229814391, -40.81283893584801, 74.68033258496645, 125.27400435085063]"
2025-08,joint_mlp,m,4,10,-2.161408217315325,"[-122.27730229814391, -40.81283893584801, 74.68033258496645, 125.27400435085063]"
2025-08,joint_mlp,g,0,177,2.912242010767072,"[1.9999999999997797, 2.9999999999996696, 3.9999999999995595, 6.000000000000449]"
2025-08,joint_mlp,g,1,75,2.276359627687195,"[1.9999999999997797, 2.9999999999996696, 3.9999999999995595, 6.000000000000449]"
2025-08,joint_mlp,g,2,36,0.6549515370108254,"[1.9999999999997797, 2.9999999999996696, 3.9999999999995595, 6.000000000000449]"
2025-08,joint_mlp,g,3,33,0.7624778742509729,"[1.9999999999997797, 2.9999999999996696, 3.9999999999995595, 6.000000000000449]"
2025-08,joint_mlp,g,4,36,-5.917021630590137,"[1.9999999999997797, 2.9999999999996696, 3.9999999999995595, 6.000000000000449]"
2025-08,joint_tensor,m,0,20,1.9573416902566634,"[-122.27730229814391, -40.81283893584801, 74.68033258496645, 125.27400435085063]"
2025-08,joint_tensor,m,1,74,0.8696891527225082,"[-122.27730229814391, -40.81283893584801, 74.68033258496645, 125.27400435085063]"
2025-08,joint_tensor,m,2,198,1.8862678868534282,"[-122.27730229814391, -40.81283893584801, 74.68033258496645, 125.27400435085063]"
2025-08,joint_tensor,m,3,55,-0.11129141959823544,"[-122.27730229814391, -40.81283893584801, 74.68033258496645, 125.27400435085063]"
2025-08,joint_tensor,m,4,10,-2.7633068722455034,"[-122.27730229814391, -40.81283893584801, 74.68033258496645, 125.27400435085063]"
2025-08,joint_tensor,g,0,177,2.1783024898787,"[1.9999999999997797, 2.9999999999996696, 3.9999999999995595, 6.000000000000449]"
2025-08,joint_tensor,g,1,75,1.7082569203944353,"[1.9999999999997797, 2.9999999999996696, 3.9999999999995595, 6.000000000000449]"
2025-08,joint_tensor,g,2,36,0.21192221530264918,"[1.9999999999997797, 2.9999999999996696, 3.9999999999995595, 6.000000000000449]"
2025-08,joint_tensor,g,3,33,1.590550011837365,"[1.9999999999997797, 2.9999999999996696, 3.9999999999995595, 6.000000000000449]"
2025-08,joint_tensor,g,4,36,-3.6268162215672555,"[1.9999999999997797, 2.9999999999996696, 3.9999999999995595, 6.000000000000449]"
2025-08,seq_selected,m,0,20,1.0939586641808396,"[-122.27730229814391, -40.81283893584801, 74.68033258496645, 125.27400435085063]"
2025-08,seq_selected,m,1,74,0.42797802399833434,"[-122.27730229814391, -40.81283893584801, 74.68033258496645, 125.27400435085063]"
2025-08,seq_selected,m,2,198,2.2667071656306685,"[-122.27730229814391, -40.81283893584801, 74.68033258496645, 125.27400435085063]"
2025-08,seq_selected,m,3,55,0.39328800775292,"[-122.27730229814391, -40.81283893584801, 74.68033258496645, 125.27400435085063]"
2025-08,seq_selected,m,4,10,-2.626580010672778,"[-122.27730229814391, -40.81283893584801, 74.68033258496645, 125.27400435085063]"
2025-08,seq_selected,g,0,177,2.774698539980351,"[1.9999999999997797, 2.9999999999996696, 3.9999999999995595, 6.000000000000449]"
2025-08,seq_selected,g,1,75,2.131754796621011,"[1.9999999999997797, 2.9999999999996696, 3.9999999999995595, 6.000000000000449]"
2025-08,seq_selected,g,2,36,0.6089242829090789,"[1.9999999999997797, 2.9999999999996696, 3.9999999999995595, 6.000000000000449]"
2025-08,seq_selected,g,3,33,0.9664227388977921,"[1.9999999999997797, 2.9999999999996696, 3.9999999999995595, 6.000000000000449]"
2025-08,seq_selected,g,4,36,-5.752607492150088,"[1.9999999999997797, 2.9999999999996696, 3.9999999999995595, 6.000000000000449]"
2025-08,seq_shrunk,m,0,20,1.0939586637775747,"[-122.27730229814391, -40.81283893584801, 74.68033258496645, 125.27400435085063]"
2025-08,seq_shrunk,m,1,74,0.42797802379681893,"[-122.27730229814391, -40.81283893584801, 74.68033258496645, 125.27400435085063]"
2025-08,seq_shrunk,m,2,198,2.266707165751427,"[-122.27730229814391, -40.81283893584801, 74.68033258496645, 125.27400435085063]"
2025-08,seq_shrunk,m,3,55,0.3932880081448977,"[-122.27730229814391, -40.81283893584801, 74.68033258496645, 125.27400435085063]"
2025-08,seq_shrunk,m,4,10,-2.626580010137667,"[-122.27730229814391, -40.81283893584801, 74.68033258496645, 125.27400435085063]"
2025-08,seq_shrunk,g,0,177,2.7746985401385884,"[1.9999999999997797, 2.9999999999996696, 3.9999999999995595, 6.000000000000449]"
2025-08,seq_shrunk,g,1,75,2.1317547967873747,"[1.9999999999997797, 2.9999999999996696, 3.9999999999995595, 6.000000000000449]"
2025-08,seq_shrunk,g,2,36,0.60892428296204,"[1.9999999999997797, 2.9999999999996696, 3.9999999999995595, 6.000000000000449]"
2025-08,seq_shrunk,g,3,33,0.9664227386632003,"[1.9999999999997797, 2.9999999999996696, 3.9999999999995595, 6.000000000000449]"
2025-08,seq_shrunk,g,4,36,-5.752607492339192,"[1.9999999999997797, 2.9999999999996696, 3.9999999999995595, 6.000000000000449]"
2025-08,joint_selected,m,0,20,0.743400520264722,"[-122.27730229814391, -40.81283893584801, 74.68033258496645, 125.27400435085063]"
2025-08,joint_selected,m,1,74,0.2527879479645872,"[-122.27730229814391, -40.81283893584801, 74.68033258496645, 125.27400435085063]"
2025-08,joint_selected,m,2,198,2.3716656635423528,"[-122.27730229814391, -40.81283893584801, 74.68033258496645, 125.27400435085063]"
2025-08,joint_selected,m,3,55,0.7340184854696679,"[-122.27730229814391, -40.81283893584801, 74.68033258496645, 125.27400435085063]"
2025-08,joint_selected,m,4,10,-2.161408217315325,"[-122.27730229814391, -40.81283893584801, 74.68033258496645, 125.27400435085063]"
2025-08,joint_selected,g,0,177,2.912242010767072,"[1.9999999999997797, 2.9999999999996696, 3.9999999999995595, 6.000000000000449]"
2025-08,joint_selected,g,1,75,2.276359627687195,"[1.9999999999997797, 2.9999999999996696, 3.9999999999995595, 6.000000000000449]"
2025-08,joint_selected,g,2,36,0.6549515370108254,"[1.9999999999997797, 2.9999999999996696, 3.9999999999995595, 6.000000000000449]"
2025-08,joint_selected,g,3,33,0.7624778742509729,"[1.9999999999997797, 2.9999999999996696, 3.9999999999995595, 6.000000000000449]"
2025-08,joint_selected,g,4,36,-5.917021630590137,"[1.9999999999997797, 2.9999999999996696, 3.9999999999995595, 6.000000000000449]"
2025-08,joint_shrunk,m,0,20,0.743400520264722,"[-122.27730229814391, -40.81283893584801, 74.68033258496645, 125.27400435085063]"
2025-08,joint_shrunk,m,1,74,0.2527879479645872,"[-122.27730229814391, -40.81283893584801, 74.68033258496645, 125.27400435085063]"
2025-08,joint_shrunk,m,2,198,2.3716656635423528,"[-122.27730229814391, -40.81283893584801, 74.68033258496645, 125.27400435085063]"
2025-08,joint_shrunk,m,3,55,0.7340184854696679,"[-122.27730229814391, -40.81283893584801, 74.68033258496645, 125.27400435085063]"
2025-08,joint_shrunk,m,4,10,-2.161408217315325,"[-122.27730229814391, -40.81283893584801, 74.68033258496645, 125.27400435085063]"
2025-08,joint_shrunk,g,0,177,2.912242010767072,"[1.9999999999997797, 2.9999999999996696, 3.9999999999995595, 6.000000000000449]"
2025-08,joint_shrunk,g,1,75,2.276359627687195,"[1.9999999999997797, 2.9999999999996696, 3.9999999999995595, 6.000000000000449]"
2025-08,joint_shrunk,g,2,36,0.6549515370108254,"[1.9999999999997797, 2.9999999999996696, 3.9999999999995595, 6.000000000000449]"
2025-08,joint_shrunk,g,3,33,0.7624778742509729,"[1.9999999999997797, 2.9999999999996696, 3.9999999999995595, 6.000000000000449]"
2025-08,joint_shrunk,g,4,36,-5.917021630590137,"[1.9999999999997797, 2.9999999999996696, 3.9999999999995595, 6.000000000000449]"
2025-09,sequential_ols,m,1,35,2.085510748288061,"[-104.04065190027451, -19.148076637516972, 54.70825328393917, 104.7639542761488]"
2025-09,sequential_ols,m,2,176,0.35396173391235447,"[-104.04065190027451, -19.148076637516972, 54.70825328393917, 104.7639542761488]"
2025-09,sequential_ols,m,3,44,-0.11099306801736088,"[-104.04065190027451, -19.148076637516972, 54.70825328393917, 104.7639542761488]"
2025-09,sequential_ols,m,4,119,1.9921425986756145,"[-104.04065190027451, -19.148076637516972, 54.70825328393917, 104.7639542761488]"
2025-09,sequential_ols,g,0,10,3.591571932009061,"[0.9999999999998899, 1.9999999999997797, 3.9999999999995595, 4.999999999999449]"
2025-09,sequential_ols,g,1,56,1.0390854920300512,"[0.9999999999998899, 1.9999999999997797, 3.9999999999995595, 4.999999999999449]"
2025-09,sequential_ols,g,2,91,0.7902821064625117,"[0.9999999999998899, 1.9999999999997797, 3.9999999999995595, 4.999999999999449]"
2025-09,sequential_ols,g,3,66,1.544404395912441,"[0.9999999999998899, 1.9999999999997797, 3.9999999999995595, 4.999999999999449]"
2025-09,sequential_ols,g,4,151,0.6590764696437587,"[0.9999999999998899, 1.9999999999997797, 3.9999999999995595, 4.999999999999449]"
2025-09,joint_ols,m,1,35,2.0639435934163495,"[-104.04065190027451, -19.148076637516972, 54.70825328393917, 104.7639542761488]"
2025-09,joint_ols,m,2,176,0.35918816789685554,"[-104.04065190027451, -19.148076637516972, 54.70825328393917, 104.7639542761488]"
2025-09,joint_ols,m,3,44,-0.07816535842076355,"[-104.04065190027451, -19.148076637516972, 54.70825328393917, 104.7639542761488]"
2025-09,joint_ols,m,4,119,2.0724732013372362,"[-104.04065190027451, -19.148076637516972, 54.70825328393917, 104.7639542761488]"
2025-09,joint_ols,g,0,10,3.620866385976387,"[0.9999999999998899, 1.9999999999997797, 3.9999999999995595, 4.999999999999449]"
2025-09,joint_ols,g,1,56,1.056623142463122,"[0.9999999999998899, 1.9999999999997797, 3.9999999999995595, 4.999999999999449]"
2025-09,joint_ols,g,2,91,0.8127920936635488,"[0.9999999999998899, 1.9999999999997797, 3.9999999999995595, 4.999999999999449]"
2025-09,joint_ols,g,3,66,1.5673139318385312,"[0.9999999999998899, 1.9999999999997797, 3.9999999999995595, 4.999999999999449]"
2025-09,joint_ols,g,4,151,0.7010186665272297,"[0.9999999999998899, 1.9999999999997797, 3.9999999999995595, 4.999999999999449]"
2025-09,pca,m,1,35,2.085135760376355,"[-104.04065190027451, -19.148076637516972, 54.70825328393917, 104.7639542761488]"
2025-09,pca,m,2,176,0.3526776943151122,"[-104.04065190027451, -19.148076637516972, 54.70825328393917, 104.7639542761488]"
2025-09,pca,m,3,44,-0.10027121287097449,"[-104.04065190027451, -19.148076637516972, 54.70825328393917, 104.7639542761488]"
2025-09,pca,m,4,119,1.9929042689826006,"[-104.04065190027451, -19.148076637516972, 54.70825328393917, 104.7639542761488]"
2025-09,pca,g,0,10,3.582092933478011,"[0.9999999999998899, 1.9999999999997797, 3.9999999999995595, 4.999999999999449]"
2025-09,pca,g,1,56,1.0334513537455334,"[0.9999999999998899, 1.9999999999997797, 3.9999999999995595, 4.999999999999449]"
2025-09,pca,g,2,91,0.7919990250170137,"[0.9999999999998899, 1.9999999999997797, 3.9999999999995595, 4.999999999999449]"
2025-09,pca,g,3,66,1.5462812988625538,"[0.9999999999998899, 1.9999999999997797, 3.9999999999995595, 4.999999999999449]"
2025-09,pca,g,4,151,0.6620795914518675,"[0.9999999999998899, 1.9999999999997797, 3.9999999999995595, 4.999999999999449]"
2025-09,seq_xgb,m,1,35,1.8510481523745657,"[-104.04065190027451, -19.148076637516972, 54.70825328393917, 104.7639542761488]"
2025-09,seq_xgb,m,2,176,-0.04350293570505852,"[-104.04065190027451, -19.148076637516972, 54.70825328393917, 104.7639542761488]"
2025-09,seq_xgb,m,3,44,-0.44201090761511336,"[-104.04065190027451, -19.148076637516972, 54.70825328393917, 104.7639542761488]"
2025-09,seq_xgb,m,4,119,1.873517621958971,"[-104.04065190027451, -19.148076637516972, 54.70825328393917, 104.7639542761488]"
2025-09,seq_xgb,g,0,10,2.980787509753378,"[0.9999999999998899, 1.9999999999997797, 3.9999999999995595, 4.999999999999449]"
2025-09,seq_xgb,g,1,56,0.5063722046334923,"[0.9999999999998899, 1.9999999999997797, 3.9999999999995595, 4.999999999999449]"
2025-09,seq_xgb,g,2,91,0.397760125105383,"[0.9999999999998899, 1.9999999999997797, 3.9999999999995595, 4.999999999999449]"
2025-09,seq_xgb,g,3,66,1.242917105590575,"[0.9999999999998899, 1.9999999999997797, 3.9999999999995595, 4.999999999999449]"
2025-09,seq_xgb,g,4,151,0.5578600451423505,"[0.9999999999998899, 1.9999999999997797, 3.9999999999995595, 4.999999999999449]"
2025-09,seq_mlp,m,1,35,2.085510748432315,"[-104.04065190027451, -19.148076637516972, 54.70825328393917, 104.7639542761488]"
2025-09,seq_mlp,m,2,176,0.35396173387740215,"[-104.04065190027451, -19.148076637516972, 54.70825328393917, 104.7639542761488]"
2025-09,seq_mlp,m,3,44,-0.11099306823692391,"[-104.04065190027451, -19.148076637516972, 54.70825328393917, 104.7639542761488]"
2025-09,seq_mlp,m,4,119,1.992142598138328,"[-104.04065190027451, -19.148076637516972, 54.70825328393917, 104.7639542761488]"
2025-09,seq_mlp,g,0,10,3.591571931813127,"[0.9999999999998899, 1.9999999999997797, 3.9999999999995595, 4.999999999999449]"
2025-09,seq_mlp,g,1,56,1.0390854919127541,"[0.9999999999998899, 1.9999999999997797, 3.9999999999995595, 4.999999999999449]"
2025-09,seq_mlp,g,2,91,0.7902821063119585,"[0.9999999999998899, 1.9999999999997797, 3.9999999999995595, 4.999999999999449]"
2025-09,seq_mlp,g,3,66,1.5444043957592128,"[0.9999999999998899, 1.9999999999997797, 3.9999999999995595, 4.999999999999449]"
2025-09,seq_mlp,g,4,151,0.6590764693632344,"[0.9999999999998899, 1.9999999999997797, 3.9999999999995595, 4.999999999999449]"
2025-09,seq_spline,m,1,35,1.6845272591987694,"[-104.04065190027451, -19.148076637516972, 54.70825328393917, 104.7639542761488]"
2025-09,seq_spline,m,2,176,-0.422090893748238,"[-104.04065190027451, -19.148076637516972, 54.70825328393917, 104.7639542761488]"
2025-09,seq_spline,m,3,44,-0.6100832731219475,"[-104.04065190027451, -19.148076637516972, 54.70825328393917, 104.7639542761488]"
2025-09,seq_spline,m,4,119,2.4077626454206587,"[-104.04065190027451, -19.148076637516972, 54.70825328393917, 104.7639542761488]"
2025-09,seq_spline,g,0,10,2.338253987626298,"[0.9999999999998899, 1.9999999999997797, 3.9999999999995595, 4.999999999999449]"
2025-09,seq_spline,g,1,56,0.01091550954614243,"[0.9999999999998899, 1.9999999999997797, 3.9999999999995595, 4.999999999999449]"
2025-09,seq_spline,g,2,91,0.1216492102985765,"[0.9999999999998899, 1.9999999999997797, 3.9999999999995595, 4.999999999999449]"
2025-09,seq_spline,g,3,66,1.1586313049779906,"[0.9999999999998899, 1.9999999999997797, 3.9999999999995595, 4.999999999999449]"
2025-09,seq_spline,g,4,151,0.8795827475721516,"[0.9999999999998899, 1.9999999999997797, 3.9999999999995595, 4.999999999999449]"
2025-09,joint_xgb,m,1,35,1.7438668519253044,"[-104.04065190027451, -19.148076637516972, 54.70825328393917, 104.7639542761488]"
2025-09,joint_xgb,m,2,176,-0.04242947832049072,"[-104.04065190027451, -19.148076637516972, 54.70825328393917, 104.7639542761488]"
2025-09,joint_xgb,m,3,44,-0.46219886769689356,"[-104.04065190027451, -19.148076637516972, 54.70825328393917, 104.7639542761488]"
2025-09,joint_xgb,m,4,119,1.7589587664716935,"[-104.04065190027451, -19.148076637516972, 54.70825328393917, 104.7639542761488]"
2025-09,joint_xgb,g,0,10,3.219248739759041,"[0.9999999999998899, 1.9999999999997797, 3.9999999999995595, 4.999999999999449]"
2025-09,joint_xgb,g,1,56,0.6578087050843922,"[0.9999999999998899, 1.9999999999997797, 3.9999999999995595, 4.999999999999449]"
2025-09,joint_xgb,g,2,91,0.4613564225226894,"[0.9999999999998899, 1.9999999999997797, 3.9999999999995595, 4.999999999999449]"
2025-09,joint_xgb,g,3,66,1.2108874099285718,"[0.9999999999998899, 1.9999999999997797, 3.9999999999995595, 4.999999999999449]"
2025-09,joint_xgb,g,4,151,0.3418232866045077,"[0.9999999999998899, 1.9999999999997797, 3.9999999999995595, 4.999999999999449]"
2025-09,joint_mlp,m,1,35,2.063933773985001,"[-104.04065190027451, -19.148076637516972, 54.70825328393917, 104.7639542761488]"
2025-09,joint_mlp,m,2,176,0.35917834784039,"[-104.04065190027451, -19.148076637516972, 54.70825328393917, 104.7639542761488]"
2025-09,joint_mlp,m,3,44,-0.078175177657003,"[-104.04065190027451, -19.148076637516972, 54.70825328393917, 104.7639542761488]"
2025-09,joint_mlp,m,4,119,2.072463384546744,"[-104.04065190027451, -19.148076637516972, 54.70825328393917, 104.7639542761488]"
2025-09,joint_mlp,g,0,10,3.6208565629402685,"[0.9999999999998899, 1.9999999999997797, 3.9999999999995595, 4.999999999999449]"
2025-09,joint_mlp,g,1,56,1.0566133204538652,"[0.9999999999998899, 1.9999999999997797, 3.9999999999995595, 4.999999999999449]"
2025-09,joint_mlp,g,2,91,0.8127822732548515,"[0.9999999999998899, 1.9999999999997797, 3.9999999999995595, 4.999999999999449]"
2025-09,joint_mlp,g,3,66,1.5673041129264909,"[0.9999999999998899, 1.9999999999997797, 3.9999999999995595, 4.999999999999449]"
2025-09,joint_mlp,g,4,151,0.701008850062113,"[0.9999999999998899, 1.9999999999997797, 3.9999999999995595, 4.999999999999449]"
2025-09,joint_tensor,m,1,35,1.9504673878359426,"[-104.04065190027451, -19.148076637516972, 54.70825328393917, 104.7639542761488]"
2025-09,joint_tensor,m,2,176,-0.3457938692323626,"[-104.04065190027451, -19.148076637516972, 54.70825328393917, 104.7639542761488]"
2025-09,joint_tensor,m,3,44,-0.6664386487194043,"[-104.04065190027451, -19.148076637516972, 54.70825328393917, 104.7639542761488]"
2025-09,joint_tensor,m,4,119,2.4050168768535762,"[-104.04065190027451, -19.148076637516972, 54.70825328393917, 104.7639542761488]"
2025-09,joint_tensor,g,0,10,2.715620046587701,"[0.9999999999998899, 1.9999999999997797, 3.9999999999995595, 4.999999999999449]"
2025-09,joint_tensor,g,1,56,0.4619917830938416,"[0.9999999999998899, 1.9999999999997797, 3.9999999999995595, 4.999999999999449]"
2025-09,joint_tensor,g,2,91,0.19795099297645077,"[0.9999999999998899, 1.9999999999997797, 3.9999999999995595, 4.999999999999449]"
2025-09,joint_tensor,g,3,66,0.7791886197874813,"[0.9999999999998899, 1.9999999999997797, 3.9999999999995595, 4.999999999999449]"
2025-09,joint_tensor,g,4,151,0.9391563960617286,"[0.9999999999998899, 1.9999999999997797, 3.9999999999995595, 4.999999999999449]"
2025-09,seq_selected,m,1,35,2.085510748432315,"[-104.04065190027451, -19.148076637516972, 54.70825328393917, 104.7639542761488]"
2025-09,seq_selected,m,2,176,0.35396173387740215,"[-104.04065190027451, -19.148076637516972, 54.70825328393917, 104.7639542761488]"
2025-09,seq_selected,m,3,44,-0.11099306823692391,"[-104.04065190027451, -19.148076637516972, 54.70825328393917, 104.7639542761488]"
2025-09,seq_selected,m,4,119,1.992142598138328,"[-104.04065190027451, -19.148076637516972, 54.70825328393917, 104.7639542761488]"
2025-09,seq_selected,g,0,10,3.591571931813127,"[0.9999999999998899, 1.9999999999997797, 3.9999999999995595, 4.999999999999449]"
2025-09,seq_selected,g,1,56,1.0390854919127541,"[0.9999999999998899, 1.9999999999997797, 3.9999999999995595, 4.999999999999449]"
2025-09,seq_selected,g,2,91,0.7902821063119585,"[0.9999999999998899, 1.9999999999997797, 3.9999999999995595, 4.999999999999449]"
2025-09,seq_selected,g,3,66,1.5444043957592128,"[0.9999999999998899, 1.9999999999997797, 3.9999999999995595, 4.999999999999449]"
2025-09,seq_selected,g,4,151,0.6590764693632344,"[0.9999999999998899, 1.9999999999997797, 3.9999999999995595, 4.999999999999449]"
2025-09,seq_shrunk,m,1,35,2.085510748432315,"[-104.04065190027451, -19.148076637516972, 54.70825328393917, 104.7639542761488]"
2025-09,seq_shrunk,m,2,176,0.35396173387740215,"[-104.04065190027451, -19.148076637516972, 54.70825328393917, 104.7639542761488]"
2025-09,seq_shrunk,m,3,44,-0.11099306823692391,"[-104.04065190027451, -19.148076637516972, 54.70825328393917, 104.7639542761488]"
2025-09,seq_shrunk,m,4,119,1.992142598138328,"[-104.04065190027451, -19.148076637516972, 54.70825328393917, 104.7639542761488]"
2025-09,seq_shrunk,g,0,10,3.591571931813127,"[0.9999999999998899, 1.9999999999997797, 3.9999999999995595, 4.999999999999449]"
2025-09,seq_shrunk,g,1,56,1.0390854919127541,"[0.9999999999998899, 1.9999999999997797, 3.9999999999995595, 4.999999999999449]"
2025-09,seq_shrunk,g,2,91,0.7902821063119585,"[0.9999999999998899, 1.9999999999997797, 3.9999999999995595, 4.999999999999449]"
2025-09,seq_shrunk,g,3,66,1.5444043957592128,"[0.9999999999998899, 1.9999999999997797, 3.9999999999995595, 4.999999999999449]"
2025-09,seq_shrunk,g,4,151,0.6590764693632344,"[0.9999999999998899, 1.9999999999997797, 3.9999999999995595, 4.999999999999449]"
2025-09,joint_selected,m,1,35,2.063933773985001,"[-104.04065190027451, -19.148076637516972, 54.70825328393917, 104.7639542761488]"
2025-09,joint_selected,m,2,176,0.35917834784039,"[-104.04065190027451, -19.148076637516972, 54.70825328393917, 104.7639542761488]"
2025-09,joint_selected,m,3,44,-0.078175177657003,"[-104.04065190027451, -19.148076637516972, 54.70825328393917, 104.7639542761488]"
2025-09,joint_selected,m,4,119,2.072463384546744,"[-104.04065190027451, -19.148076637516972, 54.70825328393917, 104.7639542761488]"
2025-09,joint_selected,g,0,10,3.6208565629402685,"[0.9999999999998899, 1.9999999999997797, 3.9999999999995595, 4.999999999999449]"
2025-09,joint_selected,g,1,56,1.0566133204538652,"[0.9999999999998899, 1.9999999999997797, 3.9999999999995595, 4.999999999999449]"
2025-09,joint_selected,g,2,91,0.8127822732548515,"[0.9999999999998899, 1.9999999999997797, 3.9999999999995595, 4.999999999999449]"
2025-09,joint_selected,g,3,66,1.5673041129264909,"[0.9999999999998899, 1.9999999999997797, 3.9999999999995595, 4.999999999999449]"
2025-09,joint_selected,g,4,151,0.701008850062113,"[0.9999999999998899, 1.9999999999997797, 3.9999999999995595, 4.999999999999449]"
2025-09,joint_shrunk,m,1,35,2.063933773985001,"[-104.04065190027451, -19.148076637516972, 54.70825328393917, 104.7639542761488]"
2025-09,joint_shrunk,m,2,176,0.35917834784039,"[-104.04065190027451, -19.148076637516972, 54.70825328393917, 104.7639542761488]"
2025-09,joint_shrunk,m,3,44,-0.078175177657003,"[-104.04065190027451, -19.148076637516972, 54.70825328393917, 104.7639542761488]"
2025-09,joint_shrunk,m,4,119,2.072463384546744,"[-104.04065190027451, -19.148076637516972, 54.70825328393917, 104.7639542761488]"
2025-09,joint_shrunk,g,0,10,3.6208565629402685,"[0.9999999999998899, 1.9999999999997797, 3.9999999999995595, 4.999999999999449]"
2025-09,joint_shrunk,g,1,56,1.0566133204538652,"[0.9999999999998899, 1.9999999999997797, 3.9999999999995595, 4.999999999999449]"
2025-09,joint_shrunk,g,2,91,0.8127822732548515,"[0.9999999999998899, 1.9999999999997797, 3.9999999999995595, 4.999999999999449]"
2025-09,joint_shrunk,g,3,66,1.5673041129264909,"[0.9999999999998899, 1.9999999999997797, 3.9999999999995595, 4.999999999999449]"
2025-09,joint_shrunk,g,4,151,0.701008850062113,"[0.9999999999998899, 1.9999999999997797, 3.9999999999995595, 4.999999999999449]"
2025-10,sequential_ols,m,2,9,5.4248843821648824,"[-85.57463450346432, 4.8886481198123155, 57.3262711836354, 117.09287493561665]"
2025-10,sequential_ols,m,3,45,2.1000323316025464,"[-85.57463450346432, 4.8886481198123155, 57.3262711836354, 117.09287493561665]"
2025-10,sequential_ols,m,4,337,6.803416454011998,"[-85.57463450346432, 4.8886481198123155, 57.3262711836354, 117.09287493561665]"
2025-10,sequential_ols,g,0,10,10.674204057310266,"[0.9999999999998899, 1.9999999999997797, 3.9999999999995595, 4.999999999999449]"
2025-10,sequential_ols,g,1,36,4.975289954549057,"[0.9999999999998899, 1.9999999999997797, 3.9999999999995595, 4.999999999999449]"
2025-10,sequential_ols,g,2,85,6.732696697902664,"[0.9999999999998899, 1.9999999999997797, 3.9999999999995595, 4.999999999999449]"
2025-10,sequential_ols,g,3,61,7.832616690570753,"[0.9999999999998899, 1.9999999999997797, 3.9999999999995595, 4.999999999999449]"
2025-10,sequential_ols,g,4,199,5.528419311458444,"[0.9999999999998899, 1.9999999999997797, 3.9999999999995595, 4.999999999999449]"
2025-10,joint_ols,m,2,9,5.389304105666398,"[-85.57463450346432, 4.8886481198123155, 57.3262711836354, 117.09287493561665]"
2025-10,joint_ols,m,3,45,2.115561078980048,"[-85.57463450346432, 4.8886481198123155, 57.3262711836354, 117.09287493561665]"
2025-10,joint_ols,m,4,337,7.077804865236714,"[-85.57463450346432, 4.8886481198123155, 57.3262711836354, 117.09287493561665]"
2025-10,joint_ols,g,0,10,11.017282853261941,"[0.9999999999998899, 1.9999999999997797, 3.9999999999995595, 4.999999999999449]"
2025-10,joint_ols,g,1,36,5.258100887895708,"[0.9999999999998899, 1.9999999999997797, 3.9999999999995595, 4.999999999999449]"
2025-10,joint_ols,g,2,85,7.057040554112786,"[0.9999999999998899, 1.9999999999997797, 3.9999999999995595, 4.999999999999449]"
2025-10,joint_ols,g,3,61,8.07218808366952,"[0.9999999999998899, 1.9999999999997797, 3.9999999999995595, 4.999999999999449]"
2025-10,joint_ols,g,4,199,5.714612283364723,"[0.9999999999998899, 1.9999999999997797, 3.9999999999995595, 4.999999999999449]"
2025-10,pca,m,2,9,5.39598310834744,"[-85.57463450346432, 4.8886481198123155, 57.3262711836354, 117.09287493561665]"
2025-10,pca,m,3,45,2.1030812221890107,"[-85.57463450346432, 4.8886481198123155, 57.3262711836354, 117.09287493561665]"
2025-10,pca,m,4,337,6.798061850056937,"[-85.57463450346432, 4.8886481198123155, 57.3262711836354, 117.09287493561665]"
2025-10,pca,g,0,10,10.669559182544202,"[0.9999999999998899, 1.9999999999997797, 3.9999999999995595, 4.999999999999449]"
2025-10,pca,g,1,36,4.98449791195707,"[0.9999999999998899, 1.9999999999997797, 3.9999999999995595, 4.999999999999449]"
2025-10,pca,g,2,85,6.737291152450045,"[0.9999999999998899, 1.9999999999997797, 3.9999999999995595, 4.999999999999449]"
2025-10,pca,g,3,61,7.813702691144715,"[0.9999999999998899, 1.9999999999997797, 3.9999999999995595, 4.999999999999449]"
2025-10,pca,g,4,199,5.521136772205241,"[0.9999999999998899, 1.9999999999997797, 3.9999999999995595, 4.999999999999449]"
2025-10,seq_xgb,m,2,9,5.69260870176343,"[-85.57463450346432, 4.8886481198123155, 57.3262711836354, 117.09287493561665]"
2025-10,seq_xgb,m,3,45,2.2779401556091257,"[-85.57463450346432, 4.8886481198123155, 57.3262711836354, 117.09287493561665]"
2025-10,seq_xgb,m,4,337,6.226828303091768,"[-85.57463450346432, 4.8886481198123155, 57.3262711836354, 117.09287493561665]"
2025-10,seq_xgb,g,0,10,9.721316612776508,"[0.9999999999998899, 1.9999999999997797, 3.9999999999995595, 4.999999999999449]"
2025-10,seq_xgb,g,1,36,4.100128323508388,"[0.9999999999998899, 1.9999999999997797, 3.9999999999995595, 4.999999999999449]"
2025-10,seq_xgb,g,2,85,5.973666576433932,"[0.9999999999998899, 1.9999999999997797, 3.9999999999995595, 4.999999999999449]"
2025-10,seq_xgb,g,3,61,7.257794312410397,"[0.9999999999998899, 1.9999999999997797, 3.9999999999995595, 4.999999999999449]"
2025-10,seq_xgb,g,4,199,5.310939827297597,"[0.9999999999998899, 1.9999999999997797, 3.9999999999995595, 4.999999999999449]"
2025-10,seq_mlp,m,2,9,5.4248844192256795,"[-85.57463450346432, 4.8886481198123155, 57.3262711836354, 117.09287493561665]"
2025-10,seq_mlp,m,3,45,2.100032315418386,"[-85.57463450346432, 4.8886481198123155, 57.3262711836354, 117.09287493561665]"
2025-10,seq_mlp,m,4,337,6.803416168206264,"[-85.57463450346432, 4.8886481198123155, 57.3262711836354, 117.09287493561665]"
2025-10,seq_mlp,g,0,10,10.67420369994719,"[0.9999999999998899, 1.9999999999997797, 3.9999999999995595, 4.999999999999449]"
2025-10,seq_mlp,g,1,36,4.975289659956553,"[0.9999999999998899, 1.9999999999997797, 3.9999999999995595, 4.999999999999449]"
2025-10,seq_mlp,g,2,85,6.732696360063113,"[0.9999999999998899, 1.9999999999997797, 3.9999999999995595, 4.999999999999449]"
2025-10,seq_mlp,g,3,61,7.83261644102459,"[0.9999999999998899, 1.9999999999997797, 3.9999999999995595, 4.999999999999449]"
2025-10,seq_mlp,g,4,199,5.528419117520589,"[0.9999999999998899, 1.9999999999997797, 3.9999999999995595, 4.999999999999449]"
2025-10,seq_spline,m,2,9,5.99521942989576,"[-85.57463450346432, 4.8886481198123155, 57.3262711836354, 117.09287493561665]"
2025-10,seq_spline,m,3,45,2.841880818852109,"[-85.57463450346432, 4.8886481198123155, 57.3262711836354, 117.09287493561665]"
2025-10,seq_spline,m,4,337,0.959965003820201,"[-85.57463450346432, 4.8886481198123155, 57.3262711836354, 117.09287493561665]"
2025-10,seq_spline,g,0,10,3.37589676479206,"[0.9999999999998899, 1.9999999999997797, 3.9999999999995595, 4.999999999999449]"
2025-10,seq_spline,g,1,36,-0.45715202068581895,"[0.9999999999998899, 1.9999999999997797, 3.9999999999995595, 4.999999999999449]"
2025-10,seq_spline,g,2,85,-0.39388493537892505,"[0.9999999999998899, 1.9999999999997797, 3.9999999999995595, 4.999999999999449]"
2025-10,seq_spline,g,3,61,3.140833600445496,"[0.9999999999998899, 1.9999999999997797, 3.9999999999995595, 4.999999999999449]"
2025-10,seq_spline,g,4,199,1.6579783566915418,"[0.9999999999998899, 1.9999999999997797, 3.9999999999995595, 4.999999999999449]"
2025-10,joint_xgb,m,2,9,5.253736604479074,"[-85.57463450346432, 4.8886481198123155, 57.3262711836354, 117.09287493561665]"
2025-10,joint_xgb,m,3,45,1.9965444405818775,"[-85.57463450346432, 4.8886481198123155, 57.3262711836354, 117.09287493561665]"
2025-10,joint_xgb,m,4,337,6.559339115339408,"[-85.57463450346432, 4.8886481198123155, 57.3262711836354, 117.09287493561665]"
2025-10,joint_xgb,g,0,10,10.46091956867408,"[0.9999999999998899, 1.9999999999997797, 3.9999999999995595, 4.999999999999449]"
2025-10,joint_xgb,g,1,36,4.701737603307848,"[0.9999999999998899, 1.9999999999997797, 3.9999999999995595, 4.999999999999449]"
2025-10,joint_xgb,g,2,85,6.5006772695249255,"[0.9999999999998899, 1.9999999999997797, 3.9999999999995595, 4.999999999999449]"
2025-10,joint_xgb,g,3,61,7.566361986382405,"[0.9999999999998899, 1.9999999999997797, 3.9999999999995595, 4.999999999999449]"
2025-10,joint_xgb,g,4,199,5.324864385181447,"[0.9999999999998899, 1.9999999999997797, 3.9999999999995595, 4.999999999999449]"
2025-10,joint_mlp,m,2,9,5.389314343269437,"[-85.57463450346432, 4.8886481198123155, 57.3262711836354, 117.09287493561665]"
2025-10,joint_mlp,m,3,45,2.1155713178478712,"[-85.57463450346432, 4.8886481198123155, 57.3262711836354, 117.09287493561665]"
2025-10,joint_mlp,m,4,337,7.0778151245132355,"[-85.57463450346432, 4.8886481198123155, 57.3262711836354, 117.09287493561665]"
2025-10,joint_mlp,g,0,10,11.017293102691918,"[0.9999999999998899, 1.9999999999997797, 3.9999999999995595, 4.999999999999449]"
2025-10,joint_mlp,g,1,36,5.258111134247778,"[0.9999999999998899, 1.9999999999997797, 3.9999999999995595, 4.999999999999449]"
2025-10,joint_mlp,g,2,85,7.057050812135661,"[0.9999999999998899, 1.9999999999997797, 3.9999999999995595, 4.999999999999449]"
2025-10,joint_mlp,g,3,61,8.072198337797367,"[0.9999999999998899, 1.9999999999997797, 3.9999999999995595, 4.999999999999449]"
2025-10,joint_mlp,g,4,199,5.714622541992611,"[0.9999999999998899, 1.9999999999997797, 3.9999999999995595, 4.999999999999449]"
2025-10,joint_tensor,m,2,9,7.865099745676196,"[-85.57463450346432, 4.8886481198123155, 57.3262711836354, 117.09287493561665]"
2025-10,joint_tensor,m,3,45,2.727850101747019,"[-85.57463450346432, 4.8886481198123155, 57.3262711836354, 117.09287493561665]"
2025-10,joint_tensor,m,4,337,8.167086627838213,"[-85.57463450346432, 4.8886481198123155, 57.3262711836354, 117.09287493561665]"
2025-10,joint_tensor,g,0,10,14.2012771497404,"[0.9999999999998899, 1.9999999999997797, 3.9999999999995595, 4.999999999999449]"
2025-10,joint_tensor,g,1,36,8.553938296338027,"[0.9999999999998899, 1.9999999999997797, 3.9999999999995595, 4.999999999999449]"
2025-10,joint_tensor,g,2,85,10.204897542428267,"[0.9999999999998899, 1.9999999999997797, 3.9999999999995595, 4.999999999999449]"
2025-10,joint_tensor,g,3,61,8.945165709510462,"[0.9999999999998899, 1.9999999999997797, 3.9999999999995595, 4.999999999999449]"
2025-10,joint_tensor,g,4,199,5.441313549342037,"[0.9999999999998899, 1.9999999999997797, 3.9999999999995595, 4.999999999999449]"
2025-10,seq_selected,m,2,9,5.4248844192256795,"[-85.57463450346432, 4.8886481198123155, 57.3262711836354, 117.09287493561665]"
2025-10,seq_selected,m,3,45,2.100032315418386,"[-85.57463450346432, 4.8886481198123155, 57.3262711836354, 117.09287493561665]"
2025-10,seq_selected,m,4,337,6.803416168206264,"[-85.57463450346432, 4.8886481198123155, 57.3262711836354, 117.09287493561665]"
2025-10,seq_selected,g,0,10,10.67420369994719,"[0.9999999999998899, 1.9999999999997797, 3.9999999999995595, 4.999999999999449]"
2025-10,seq_selected,g,1,36,4.975289659956553,"[0.9999999999998899, 1.9999999999997797, 3.9999999999995595, 4.999999999999449]"
2025-10,seq_selected,g,2,85,6.732696360063113,"[0.9999999999998899, 1.9999999999997797, 3.9999999999995595, 4.999999999999449]"
2025-10,seq_selected,g,3,61,7.83261644102459,"[0.9999999999998899, 1.9999999999997797, 3.9999999999995595, 4.999999999999449]"
2025-10,seq_selected,g,4,199,5.528419117520589,"[0.9999999999998899, 1.9999999999997797, 3.9999999999995595, 4.999999999999449]"
2025-10,seq_shrunk,m,2,9,5.4248844192256795,"[-85.57463450346432, 4.8886481198123155, 57.3262711836354, 117.09287493561665]"
2025-10,seq_shrunk,m,3,45,2.100032315418386,"[-85.57463450346432, 4.8886481198123155, 57.3262711836354, 117.09287493561665]"
2025-10,seq_shrunk,m,4,337,6.803416168206264,"[-85.57463450346432, 4.8886481198123155, 57.3262711836354, 117.09287493561665]"
2025-10,seq_shrunk,g,0,10,10.67420369994719,"[0.9999999999998899, 1.9999999999997797, 3.9999999999995595, 4.999999999999449]"
2025-10,seq_shrunk,g,1,36,4.975289659956553,"[0.9999999999998899, 1.9999999999997797, 3.9999999999995595, 4.999999999999449]"
2025-10,seq_shrunk,g,2,85,6.732696360063113,"[0.9999999999998899, 1.9999999999997797, 3.9999999999995595, 4.999999999999449]"
2025-10,seq_shrunk,g,3,61,7.83261644102459,"[0.9999999999998899, 1.9999999999997797, 3.9999999999995595, 4.999999999999449]"
2025-10,seq_shrunk,g,4,199,5.528419117520589,"[0.9999999999998899, 1.9999999999997797, 3.9999999999995595, 4.999999999999449]"
2025-10,joint_selected,m,2,9,5.389314343269437,"[-85.57463450346432, 4.8886481198123155, 57.3262711836354, 117.09287493561665]"
2025-10,joint_selected,m,3,45,2.1155713178478712,"[-85.57463450346432, 4.8886481198123155, 57.3262711836354, 117.09287493561665]"
2025-10,joint_selected,m,4,337,7.0778151245132355,"[-85.57463450346432, 4.8886481198123155, 57.3262711836354, 117.09287493561665]"
2025-10,joint_selected,g,0,10,11.017293102691918,"[0.9999999999998899, 1.9999999999997797, 3.9999999999995595, 4.999999999999449]"
2025-10,joint_selected,g,1,36,5.258111134247778,"[0.9999999999998899, 1.9999999999997797, 3.9999999999995595, 4.999999999999449]"
2025-10,joint_selected,g,2,85,7.057050812135661,"[0.9999999999998899, 1.9999999999997797, 3.9999999999995595, 4.999999999999449]"
2025-10,joint_selected,g,3,61,8.072198337797367,"[0.9999999999998899, 1.9999999999997797, 3.9999999999995595, 4.999999999999449]"
2025-10,joint_selected,g,4,199,5.714622541992611,"[0.9999999999998899, 1.9999999999997797, 3.9999999999995595, 4.999999999999449]"
2025-10,joint_shrunk,m,2,9,5.389314343269437,"[-85.57463450346432, 4.8886481198123155, 57.3262711836354, 117.09287493561665]"
2025-10,joint_shrunk,m,3,45,2.1155713178478712,"[-85.57463450346432, 4.8886481198123155, 57.3262711836354, 117.09287493561665]"
2025-10,joint_shrunk,m,4,337,7.0778151245132355,"[-85.57463450346432, 4.8886481198123155, 57.3262711836354, 117.09287493561665]"
2025-10,joint_shrunk,g,0,10,11.017293102691918,"[0.9999999999998899, 1.9999999999997797, 3.9999999999995595, 4.999999999999449]"
2025-10,joint_shrunk,g,1,36,5.258111134247778,"[0.9999999999998899, 1.9999999999997797, 3.9999999999995595, 4.999999999999449]"
2025-10,joint_shrunk,g,2,85,7.057050812135661,"[0.9999999999998899, 1.9999999999997797, 3.9999999999995595, 4.999999999999449]"
2025-10,joint_shrunk,g,3,61,8.072198337797367,"[0.9999999999998899, 1.9999999999997797, 3.9999999999995595, 4.999999999999449]"
2025-10,joint_shrunk,g,4,199,5.714622541992611,"[0.9999999999998899, 1.9999999999997797, 3.9999999999995595, 4.999999999999449]"
2025-11,sequential_ols,m,3,131,0.5456203646807803,"[-49.96291495352545, 28.904182107119965, 96.21021469783234, 196.94547953675036]"
2025-11,sequential_ols,m,4,189,-1.6259996747750454,"[-49.96291495352545, 28.904182107119965, 96.21021469783234, 196.94547953675036]"
2025-11,sequential_ols,g,0,59,-2.8553079513630166,"[0.9999999999998899, 2.9999999999996696, 3.9999999999995595, 6.000000000000449]"
2025-11,sequential_ols,g,1,135,-2.2681442138444705,"[0.9999999999998899, 2.9999999999996696, 3.9999999999995595, 6.000000000000449]"
2025-11,sequential_ols,g,2,30,0.20707443182564494,"[0.9999999999998899, 2.9999999999996696, 3.9999999999995595, 6.000000000000449]"
2025-11,sequential_ols,g,3,50,2.5270349816410094,"[0.9999999999998899, 2.9999999999996696, 3.9999999999995595, 6.000000000000449]"
2025-11,sequential_ols,g,4,46,2.3100214174630493,"[0.9999999999998899, 2.9999999999996696, 3.9999999999995595, 6.000000000000449]"
2025-11,joint_ols,m,3,131,0.5453685163139294,"[-49.96291495352545, 28.904182107119965, 96.21021469783234, 196.94547953675036]"
2025-11,joint_ols,m,4,189,-1.6269871706389163,"[-49.96291495352545, 28.904182107119965, 96.21021469783234, 196.94547953675036]"
2025-11,joint_ols,g,0,59,-2.856318794373899,"[0.9999999999998899, 2.9999999999996696, 3.9999999999995595, 6.000000000000449]"
2025-11,joint_ols,g,1,135,-2.2690331554117718,"[0.9999999999998899, 2.9999999999996696, 3.9999999999995595, 6.000000000000449]"
2025-11,joint_ols,g,2,30,0.2061587714704558,"[0.9999999999998899, 2.9999999999996696, 3.9999999999995595, 6.000000000000449]"
2025-11,joint_ols,g,3,50,2.526597247443371,"[0.9999999999998899, 2.9999999999996696, 3.9999999999995595, 6.000000000000449]"
2025-11,joint_ols,g,4,46,2.310225211276884,"[0.9999999999998899, 2.9999999999996696, 3.9999999999995595, 6.000000000000449]"
2025-11,pca,m,3,131,0.5328541933742915,"[-49.96291495352545, 28.904182107119965, 96.21021469783234, 196.94547953675036]"
2025-11,pca,m,4,189,-1.6291621662743705,"[-49.96291495352545, 28.904182107119965, 96.21021469783234, 196.94547953675036]"
2025-11,pca,g,0,59,-2.871889147731379,"[0.9999999999998899, 2.9999999999996696, 3.9999999999995595, 6.000000000000449]"
2025-11,pca,g,1,135,-2.2732051533880995,"[0.9999999999998899, 2.9999999999996696, 3.9999999999995595, 6.000000000000449]"
2025-11,pca,g,2,30,0.1887664345842334,"[0.9999999999998899, 2.9999999999996696, 3.9999999999995595, 6.000000000000449]"
2025-11,pca,g,3,50,2.5212743474484,"[0.9999999999998899, 2.9999999999996696, 3.9999999999995595, 6.000000000000449]"
2025-11,pca,g,4,46,2.3149933678211734,"[0.9999999999998899, 2.9999999999996696, 3.9999999999995595, 6.000000000000449]"
2025-11,seq_xgb,m,3,131,1.5989056969839166,"[-49.96291495352545, 28.904182107119965, 96.21021469783234, 196.94547953675036]"
2025-11,seq_xgb,m,4,189,-0.6938337316643217,"[-49.96291495352545, 28.904182107119965, 96.21021469783234, 196.94547953675036]"
2025-11,seq_xgb,g,0,59,-1.9025810500745628,"[0.9999999999998899, 2.9999999999996696, 3.9999999999995595, 6.000000000000449]"
2025-11,seq_xgb,g,1,135,-1.5268745489560238,"[0.9999999999998899, 2.9999999999996696, 3.9999999999995595, 6.000000000000449]"
2025-11,seq_xgb,g,2,30,0.9224123311961335,"[0.9999999999998899, 2.9999999999996696, 3.9999999999995595, 6.000000000000449]"
2025-11,seq_xgb,g,3,50,3.8746582161878327,"[0.9999999999998899, 2.9999999999996696, 3.9999999999995595, 6.000000000000449]"
2025-11,seq_xgb,g,4,46,3.810807311707023,"[0.9999999999998899, 2.9999999999996696, 3.9999999999995595, 6.000000000000449]"
2025-11,seq_mlp,m,3,131,2.128238700891122,"[-49.96291495352545, 28.904182107119965, 96.21021469783234, 196.94547953675036]"
2025-11,seq_mlp,m,4,189,-1.045191096603032,"[-49.96291495352545, 28.904182107119965, 96.21021469783234, 196.94547953675036]"
2025-11,seq_mlp,g,0,59,-1.9594148344293574,"[0.9999999999998899, 2.9999999999996696, 3.9999999999995595, 6.000000000000449]"
2025-11,seq_mlp,g,1,135,-1.3442814376975776,"[0.9999999999998899, 2.9999999999996696, 3.9999999999995595, 6.000000000000449]"
2025-11,seq_mlp,g,2,30,0.7030849692166451,"[0.9999999999998899, 2.9999999999996696, 3.9999999999995595, 6.000000000000449]"
2025-11,seq_mlp,g,3,50,3.642070021598174,"[0.9999999999998899, 2.9999999999996696, 3.9999999999995595, 6.000000000000449]"
2025-11,seq_mlp,g,4,46,3.807512428757846,"[0.9999999999998899, 2.9999999999996696, 3.9999999999995595, 6.000000000000449]"
2025-11,seq_spline,m,3,131,1.8547516208566075,"[-49.96291495352545, 28.904182107119965, 96.21021469783234, 196.94547953675036]"
2025-11,seq_spline,m,4,189,-0.8770279050668739,"[-49.96291495352545, 28.904182107119965, 96.21021469783234, 196.94547953675036]"
2025-11,seq_spline,g,0,59,-1.9751820364684327,"[0.9999999999998899, 2.9999999999996696, 3.9999999999995595, 6.000000000000449]"
2025-11,seq_spline,g,1,135,-1.3515657483259162,"[0.9999999999998899, 2.9999999999996696, 3.9999999999995595, 6.000000000000449]"
2025-11,seq_spline,g,2,30,0.8935611141876564,"[0.9999999999998899, 2.9999999999996696, 3.9999999999995595, 6.000000000000449]"
2025-11,seq_spline,g,3,50,3.6248325739786162,"[0.9999999999998899, 2.9999999999996696, 3.9999999999995595, 6.000000000000449]"
2025-11,seq_spline,g,4,46,3.6557139636011318,"[0.9999999999998899, 2.9999999999996696, 3.9999999999995595, 6.000000000000449]"
2025-11,joint_xgb,m,3,131,1.735332427184809,"[-49.96291495352545, 28.904182107119965, 96.21021469783234, 196.94547953675036]"
2025-11,joint_xgb,m,4,189,-1.0024858499231393,"[-49.96291495352545, 28.904182107119965, 96.21021469783234, 196.94547953675036]"
2025-11,joint_xgb,g,0,59,-2.006104683654954,"[0.9999999999998899, 2.9999999999996696, 3.9999999999995595, 6.000000000000449]"
2025-11,joint_xgb,g,1,135,-1.4321488354639464,"[0.9999999999998899, 2.9999999999996696, 3.9999999999995595, 6.000000000000449]"
2025-11,joint_xgb,g,2,30,0.890498933424819,"[0.9999999999998899, 2.9999999999996696, 3.9999999999995595, 6.000000000000449]"
2025-11,joint_xgb,g,3,50,3.3414823332645227,"[0.9999999999998899, 2.9999999999996696, 3.9999999999995595, 6.000000000000449]"
2025-11,joint_xgb,g,4,46,3.386302321370457,"[0.9999999999998899, 2.9999999999996696, 3.9999999999995595, 6.000000000000449]"
2025-11,joint_mlp,m,3,131,2.7284909139553823,"[-49.96291495352545, 28.904182107119965, 96.21021469783234, 196.94547953675036]"
2025-11,joint_mlp,m,4,189,-0.4303725259257614,"[-49.96291495352545, 28.904182107119965, 96.21021469783234, 196.94547953675036]"
2025-11,joint_mlp,g,0,59,-1.2517369827301306,"[0.9999999999998899, 2.9999999999996696, 3.9999999999995595, 6.000000000000449]"
2025-11,joint_mlp,g,1,135,-0.41005691819689954,"[0.9999999999998899, 2.9999999999996696, 3.9999999999995595, 6.000000000000449]"
2025-11,joint_mlp,g,2,30,1.2345155651705881,"[0.9999999999998899, 2.9999999999996696, 3.9999999999995595, 6.000000000000449]"
2025-11,joint_mlp,g,3,50,3.3191972073200584,"[0.9999999999998899, 2.9999999999996696, 3.9999999999995595, 6.000000000000449]"
2025-11,joint_mlp,g,4,46,4.397972629233147,"[0.9999999999998899, 2.9999999999996696, 3.9999999999995595, 6.000000000000449]"
2025-11,joint_tensor,m,3,131,1.65138878566226,"[-49.96291495352545, 28.904182107119965, 96.21021469783234, 196.94547953675036]"
2025-11,joint_tensor,m,4,189,-1.1637677797802422,"[-49.96291495352545, 28.904182107119965, 96.21021469783234, 196.94547953675036]"
2025-11,joint_tensor,g,0,59,-4.4382212615450864,"[0.9999999999998899, 2.9999999999996696, 3.9999999999995595, 6.000000000000449]"
2025-11,joint_tensor,g,1,135,-0.500410976040382,"[0.9999999999998899, 2.9999999999996696, 3.9999999999995595, 6.000000000000449]"
2025-11,joint_tensor,g,2,30,1.9145715613676069,"[0.9999999999998899, 2.9999999999996696, 3.9999999999995595, 6.000000000000449]"
2025-11,joint_tensor,g,3,50,2.6910836134195155,"[0.9999999999998899, 2.9999999999996696, 3.9999999999995595, 6.000000000000449]"
2025-11,joint_tensor,g,4,46,2.9086745484325656,"[0.9999999999998899, 2.9999999999996696, 3.9999999999995595, 6.000000000000449]"
2025-11,seq_selected,m,3,131,1.8547516208566075,"[-49.96291495352545, 28.904182107119965, 96.21021469783234, 196.94547953675036]"
2025-11,seq_selected,m,4,189,-0.8770279050668739,"[-49.96291495352545, 28.904182107119965, 96.21021469783234, 196.94547953675036]"
2025-11,seq_selected,g,0,59,-1.9751820364684327,"[0.9999999999998899, 2.9999999999996696, 3.9999999999995595, 6.000000000000449]"
2025-11,seq_selected,g,1,135,-1.3515657483259162,"[0.9999999999998899, 2.9999999999996696, 3.9999999999995595, 6.000000000000449]"
2025-11,seq_selected,g,2,30,0.8935611141876564,"[0.9999999999998899, 2.9999999999996696, 3.9999999999995595, 6.000000000000449]"
2025-11,seq_selected,g,3,50,3.6248325739786162,"[0.9999999999998899, 2.9999999999996696, 3.9999999999995595, 6.000000000000449]"
2025-11,seq_selected,g,4,46,3.6557139636011318,"[0.9999999999998899, 2.9999999999996696, 3.9999999999995595, 6.000000000000449]"
2025-11,seq_shrunk,m,3,131,1.8547516208566075,"[-49.96291495352545, 28.904182107119965, 96.21021469783234, 196.94547953675036]"
2025-11,seq_shrunk,m,4,189,-0.8770279050668739,"[-49.96291495352545, 28.904182107119965, 96.21021469783234, 196.94547953675036]"
2025-11,seq_shrunk,g,0,59,-1.9751820364684327,"[0.9999999999998899, 2.9999999999996696, 3.9999999999995595, 6.000000000000449]"
2025-11,seq_shrunk,g,1,135,-1.3515657483259162,"[0.9999999999998899, 2.9999999999996696, 3.9999999999995595, 6.000000000000449]"
2025-11,seq_shrunk,g,2,30,0.8935611141876564,"[0.9999999999998899, 2.9999999999996696, 3.9999999999995595, 6.000000000000449]"
2025-11,seq_shrunk,g,3,50,3.6248325739786162,"[0.9999999999998899, 2.9999999999996696, 3.9999999999995595, 6.000000000000449]"
2025-11,seq_shrunk,g,4,46,3.6557139636011318,"[0.9999999999998899, 2.9999999999996696, 3.9999999999995595, 6.000000000000449]"
2025-11,joint_selected,m,3,131,1.65138878566226,"[-49.96291495352545, 28.904182107119965, 96.21021469783234, 196.94547953675036]"
2025-11,joint_selected,m,4,189,-1.1637677797802422,"[-49.96291495352545, 28.904182107119965, 96.21021469783234, 196.94547953675036]"
2025-11,joint_selected,g,0,59,-4.4382212615450864,"[0.9999999999998899, 2.9999999999996696, 3.9999999999995595, 6.000000000000449]"
2025-11,joint_selected,g,1,135,-0.500410976040382,"[0.9999999999998899, 2.9999999999996696, 3.9999999999995595, 6.000000000000449]"
2025-11,joint_selected,g,2,30,1.9145715613676069,"[0.9999999999998899, 2.9999999999996696, 3.9999999999995595, 6.000000000000449]"
2025-11,joint_selected,g,3,50,2.6910836134195155,"[0.9999999999998899, 2.9999999999996696, 3.9999999999995595, 6.000000000000449]"
2025-11,joint_selected,g,4,46,2.9086745484325656,"[0.9999999999998899, 2.9999999999996696, 3.9999999999995595, 6.000000000000449]"
2025-11,joint_shrunk,m,3,131,1.65138878566226,"[-49.96291495352545, 28.904182107119965, 96.21021469783234, 196.94547953675036]"
2025-11,joint_shrunk,m,4,189,-1.1637677797802422,"[-49.96291495352545, 28.904182107119965, 96.21021469783234, 196.94547953675036]"
2025-11,joint_shrunk,g,0,59,-4.4382212615450864,"[0.9999999999998899, 2.9999999999996696, 3.9999999999995595, 6.000000000000449]"
2025-11,joint_shrunk,g,1,135,-0.500410976040382,"[0.9999999999998899, 2.9999999999996696, 3.9999999999995595, 6.000000000000449]"
2025-11,joint_shrunk,g,2,30,1.9145715613676069,"[0.9999999999998899, 2.9999999999996696, 3.9999999999995595, 6.000000000000449]"
2025-11,joint_shrunk,g,3,50,2.6910836134195155,"[0.9999999999998899, 2.9999999999996696, 3.9999999999995595, 6.000000000000449]"
2025-11,joint_shrunk,g,4,46,2.9086745484325656,"[0.9999999999998899, 2.9999999999996696, 3.9999999999995595, 6.000000000000449]"
2025-12,sequential_ols,m,1,13,3.590692199579617,"[-27.853165376847627, 52.61443786473256, 130.07622668052338, 231.25426685888945]"
2025-12,sequential_ols,m,2,217,1.173713455239311,"[-27.853165376847627, 52.61443786473256, 130.07622668052338, 231.25426685888945]"
2025-12,sequential_ols,m,3,120,-6.23419295184435,"[-27.853165376847627, 52.61443786473256, 130.07622668052338, 231.25426685888945]"
2025-12,sequential_ols,m,4,15,-36.24920857691738,"[-27.853165376847627, 52.61443786473256, 130.07622668052338, 231.25426685888945]"
2025-12,sequential_ols,g,0,21,-9.7295103584721,"[0.9999999999998899, 1.9999999999997797, 3.9999999999995595, 6.000000000000449]"
2025-12,sequential_ols,g,1,53,-4.1778405638796405,"[0.9999999999998899, 1.9999999999997797, 3.9999999999995595, 6.000000000000449]"
2025-12,sequential_ols,g,2,164,-2.6348402268799815,"[0.9999999999998899, 1.9999999999997797, 3.9999999999995595, 6.000000000000449]"
2025-12,sequential_ols,g,3,76,-1.730604076862913,"[0.9999999999998899, 1.9999999999997797, 3.9999999999995595, 6.000000000000449]"
2025-12,sequential_ols,g,4,51,-0.021205686866349174,"[0.9999999999998899, 1.9999999999997797, 3.9999999999995595, 6.000000000000449]"
2025-12,joint_ols,m,1,13,3.563718943993902,"[-27.853165376847627, 52.61443786473256, 130.07622668052338, 231.25426685888945]"
2025-12,joint_ols,m,2,217,1.1658905379626263,"[-27.853165376847627, 52.61443786473256, 130.07622668052338, 231.25426685888945]"
2025-12,joint_ols,m,3,120,-6.221361931946818,"[-27.853165376847627, 52.61443786473256, 130.07622668052338, 231.25426685888945]"
2025-12,joint_ols,m,4,15,-36.20735641478998,"[-27.853165376847627, 52.61443786473256, 130.07622668052338, 231.25426685888945]"
2025-12,joint_ols,g,0,21,-9.712030409214984,"[0.9999999999998899, 1.9999999999997797, 3.9999999999995595, 6.000000000000449]"
2025-12,joint_ols,g,1,53,-4.16787439871225,"[0.9999999999998899, 1.9999999999997797, 3.9999999999995595, 6.000000000000449]"
2025-12,joint_ols,g,2,164,-2.632418079983883,"[0.9999999999998899, 1.9999999999997797, 3.9999999999995595, 6.000000000000449]"
2025-12,joint_ols,g,3,76,-1.7299911184157903,"[0.9999999999998899, 1.9999999999997797, 3.9999999999995595, 6.000000000000449]"
2025-12,joint_ols,g,4,51,-0.04512378830267382,"[0.9999999999998899, 1.9999999999997797, 3.9999999999995595, 6.000000000000449]"
2025-12,pca,m,1,13,3.5621502178847924,"[-27.853165376847627, 52.61443786473256, 130.07622668052338, 231.25426685888945]"
2025-12,pca,m,2,217,1.1713247507278877,"[-27.853165376847627, 52.61443786473256, 130.07622668052338, 231.25426685888945]"
2025-12,pca,m,3,120,-6.207959421619735,"[-27.853165376847627, 52.61443786473256, 130.07622668052338, 231.25426685888945]"
2025-12,pca,m,4,15,-36.12080031749767,"[-27.853165376847627, 52.61443786473256, 130.07622668052338, 231.25426685888945]"
2025-12,pca,g,0,21,-9.673000645217634,"[0.9999999999998899, 1.9999999999997797, 3.9999999999995595, 6.000000000000449]"
2025-12,pca,g,1,53,-4.175078984175199,"[0.9999999999998899, 1.9999999999997797, 3.9999999999995595, 6.000000000000449]"
2025-12,pca,g,2,164,-2.6249892499793623,"[0.9999999999998899, 1.9999999999997797, 3.9999999999995595, 6.000000000000449]"
2025-12,pca,g,3,76,-1.7241005381678889,"[0.9999999999998899, 1.9999999999997797, 3.9999999999995595, 6.000000000000449]"
2025-12,pca,g,4,51,-0.006659490355854767,"[0.9999999999998899, 1.9999999999997797, 3.9999999999995595, 6.000000000000449]"
2025-12,seq_xgb,m,1,13,3.1841649306407374,"[-27.853165376847627, 52.61443786473256, 130.07622668052338, 231.25426685888945]"
2025-12,seq_xgb,m,2,217,1.9131646071761843,"[-27.853165376847627, 52.61443786473256, 130.07622668052338, 231.25426685888945]"
2025-12,seq_xgb,m,3,120,-4.9868387919733514,"[-27.853165376847627, 52.61443786473256, 130.07622668052338, 231.25426685888945]"
2025-12,seq_xgb,m,4,15,-34.133073690047276,"[-27.853165376847627, 52.61443786473256, 130.07622668052338, 231.25426685888945]"
2025-12,seq_xgb,g,0,21,-8.815123557470516,"[0.9999999999998899, 1.9999999999997797, 3.9999999999995595, 6.000000000000449]"
2025-12,seq_xgb,g,1,53,-3.3637204179974636,"[0.9999999999998899, 1.9999999999997797, 3.9999999999995595, 6.000000000000449]"
2025-12,seq_xgb,g,2,164,-1.5944376122678041,"[0.9999999999998899, 1.9999999999997797, 3.9999999999995595, 6.000000000000449]"
2025-12,seq_xgb,g,3,76,-0.8150713199952236,"[0.9999999999998899, 1.9999999999997797, 3.9999999999995595, 6.000000000000449]"
2025-12,seq_xgb,g,4,51,0.6463150796147779,"[0.9999999999998899, 1.9999999999997797, 3.9999999999995595, 6.000000000000449]"
2025-12,seq_mlp,m,1,13,3.5953091538503616,"[-27.853165376847627, 52.61443786473256, 130.07622668052338, 231.25426685888945]"
2025-12,seq_mlp,m,2,217,1.7176942332310325,"[-27.853165376847627, 52.61443786473256, 130.07622668052338, 231.25426685888945]"
2025-12,seq_mlp,m,3,120,-5.004554028642564,"[-27.853165376847627, 52.61443786473256, 130.07622668052338, 231.25426685888945]"
2025-12,seq_mlp,m,4,15,-35.066255521104196,"[-27.853165376847627, 52.61443786473256, 130.07622668052338, 231.25426685888945]"
2025-12,seq_mlp,g,0,21,-9.099277208578872,"[0.9999999999998899, 1.9999999999997797, 3.9999999999995595, 6.000000000000449]"
2025-12,seq_mlp,g,1,53,-3.4461785340337956,"[0.9999999999998899, 1.9999999999997797, 3.9999999999995595, 6.000000000000449]"
2025-12,seq_mlp,g,2,164,-1.904953460917937,"[0.9999999999998899, 1.9999999999997797, 3.9999999999995595, 6.000000000000449]"
2025-12,seq_mlp,g,3,76,-0.8069381063605077,"[0.9999999999998899, 1.9999999999997797, 3.9999999999995595, 6.000000000000449]"
2025-12,seq_mlp,g,4,51,0.7923587983412916,"[0.9999999999998899, 1.9999999999997797, 3.9999999999995595, 6.000000000000449]"
2025-12,seq_spline,m,1,13,3.82250362416477,"[-27.853165376847627, 52.61443786473256, 130.07622668052338, 231.25426685888945]"
2025-12,seq_spline,m,2,217,1.793567484821448,"[-27.853165376847627, 52.61443786473256, 130.07622668052338, 231.25426685888945]"
2025-12,seq_spline,m,3,120,-5.120569048313471,"[-27.853165376847627, 52.61443786473256, 130.07622668052338, 231.25426685888945]"
2025-12,seq_spline,m,4,15,-35.20682295756819,"[-27.853165376847627, 52.61443786473256, 130.07622668052338, 231.25426685888945]"
2025-12,seq_spline,g,0,21,-9.091506813299683,"[0.9999999999998899, 1.9999999999997797, 3.9999999999995595, 6.000000000000449]"
2025-12,seq_spline,g,1,53,-3.4506219276508387,"[0.9999999999998899, 1.9999999999997797, 3.9999999999995595, 6.000000000000449]"
2025-12,seq_spline,g,2,164,-1.8922006431141234,"[0.9999999999998899, 1.9999999999997797, 3.9999999999995595, 6.000000000000449]"
2025-12,seq_spline,g,3,76,-0.8278459599490143,"[0.9999999999998899, 1.9999999999997797, 3.9999999999995595, 6.000000000000449]"
2025-12,seq_spline,g,4,51,0.8503502908016859,"[0.9999999999998899, 1.9999999999997797, 3.9999999999995595, 6.000000000000449]"
2025-12,joint_xgb,m,1,13,3.1940135558147094,"[-27.853165376847627, 52.61443786473256, 130.07622668052338, 231.25426685888945]"
2025-12,joint_xgb,m,2,217,1.9590151068644797,"[-27.853165376847627, 52.61443786473256, 130.07622668052338, 231.25426685888945]"
2025-12,joint_xgb,m,3,120,-5.1105481066176734,"[-27.853165376847627, 52.61443786473256, 130.07622668052338, 231.25426685888945]"
2025-12,joint_xgb,m,4,15,-35.06438033515714,"[-27.853165376847627, 52.61443786473256, 130.07622668052338, 231.25426685888945]"
2025-12,joint_xgb,g,0,21,-8.868557298334814,"[0.9999999999998899, 1.9999999999997797, 3.9999999999995595, 6.000000000000449]"
2025-12,joint_xgb,g,1,53,-3.186184312428477,"[0.9999999999998899, 1.9999999999997797, 3.9999999999995595, 6.000000000000449]"
2025-12,joint_xgb,g,2,164,-1.6997165275608475,"[0.9999999999998899, 1.9999999999997797, 3.9999999999995595, 6.000000000000449]"
2025-12,joint_xgb,g,3,76,-0.8673407839238567,"[0.9999999999998899, 1.9999999999997797, 3.9999999999995595, 6.000000000000449]"
2025-12,joint_xgb,g,4,51,0.5328599708948605,"[0.9999999999998899, 1.9999999999997797, 3.9999999999995595, 6.000000000000449]"
2025-12,joint_mlp,m,1,13,3.4321768140216737,"[-27.853165376847627, 52.61443786473256, 130.07622668052338, 231.25426685888945]"
2025-12,joint_mlp,m,2,217,1.8795644755929655,"[-27.853165376847627, 52.61443786473256, 130.07622668052338, 231.25426685888945]"
2025-12,joint_mlp,m,3,120,-4.631639934728075,"[-27.853165376847627, 52.61443786473256, 130.07622668052338, 231.25426685888945]"
2025-12,joint_mlp,m,4,15,-34.1559010617519,"[-27.853165376847627, 52.61443786473256, 130.07622668052338, 231.25426685888945]"
2025-12,joint_mlp,g,0,21,-7.444516678272338,"[0.9999999999998899, 1.9999999999997797, 3.9999999999995595, 6.000000000000449]"
2025-12,joint_mlp,g,1,53,-2.181926000609979,"[0.9999999999998899, 1.9999999999997797, 3.9999999999995595, 6.000000000000449]"
2025-12,joint_mlp,g,2,164,-1.5795815722219946,"[0.9999999999998899, 1.9999999999997797, 3.9999999999995595, 6.000000000000449]"
2025-12,joint_mlp,g,3,76,-1.5177080093315185,"[0.9999999999998899, 1.9999999999997797, 3.9999999999995595, 6.000000000000449]"
2025-12,joint_mlp,g,4,51,0.6024038533717311,"[0.9999999999998899, 1.9999999999997797, 3.9999999999995595, 6.000000000000449]"
2025-12,joint_tensor,m,1,13,7.662228303030028,"[-27.853165376847627, 52.61443786473256, 130.07622668052338, 231.25426685888945]"
2025-12,joint_tensor,m,2,217,2.661387893318634,"[-27.853165376847627, 52.61443786473256, 130.07622668052338, 231.25426685888945]"
2025-12,joint_tensor,m,3,120,-4.977546279193234,"[-27.853165376847627, 52.61443786473256, 130.07622668052338, 231.25426685888945]"
2025-12,joint_tensor,m,4,15,-34.58873530670962,"[-27.853165376847627, 52.61443786473256, 130.07622668052338, 231.25426685888945]"
2025-12,joint_tensor,g,0,21,-8.161046752259344,"[0.9999999999998899, 1.9999999999997797, 3.9999999999995595, 6.000000000000449]"
2025-12,joint_tensor,g,1,53,-2.7455107669345358,"[0.9999999999998899, 1.9999999999997797, 3.9999999999995595, 6.000000000000449]"
2025-12,joint_tensor,g,2,164,-1.7645189194781248,"[0.9999999999998899, 1.9999999999997797, 3.9999999999995595, 6.000000000000449]"
2025-12,joint_tensor,g,3,76,-1.2378733671297262,"[0.9999999999998899, 1.9999999999997797, 3.9999999999995595, 6.000000000000449]"
2025-12,joint_tensor,g,4,51,5.124452722097058,"[0.9999999999998899, 1.9999999999997797, 3.9999999999995595, 6.000000000000449]"
2025-12,seq_selected,m,1,13,3.82250362416477,"[-27.853165376847627, 52.61443786473256, 130.07622668052338, 231.25426685888945]"
2025-12,seq_selected,m,2,217,1.793567484821448,"[-27.853165376847627, 52.61443786473256, 130.07622668052338, 231.25426685888945]"
2025-12,seq_selected,m,3,120,-5.120569048313471,"[-27.853165376847627, 52.61443786473256, 130.07622668052338, 231.25426685888945]"
2025-12,seq_selected,m,4,15,-35.20682295756819,"[-27.853165376847627, 52.61443786473256, 130.07622668052338, 231.25426685888945]"
2025-12,seq_selected,g,0,21,-9.091506813299683,"[0.9999999999998899, 1.9999999999997797, 3.9999999999995595, 6.000000000000449]"
2025-12,seq_selected,g,1,53,-3.4506219276508387,"[0.9999999999998899, 1.9999999999997797, 3.9999999999995595, 6.000000000000449]"
2025-12,seq_selected,g,2,164,-1.8922006431141234,"[0.9999999999998899, 1.9999999999997797, 3.9999999999995595, 6.000000000000449]"
2025-12,seq_selected,g,3,76,-0.8278459599490143,"[0.9999999999998899, 1.9999999999997797, 3.9999999999995595, 6.000000000000449]"
2025-12,seq_selected,g,4,51,0.8503502908016859,"[0.9999999999998899, 1.9999999999997797, 3.9999999999995595, 6.000000000000449]"
2025-12,seq_shrunk,m,1,13,3.82250362416477,"[-27.853165376847627, 52.61443786473256, 130.07622668052338, 231.25426685888945]"
2025-12,seq_shrunk,m,2,217,1.793567484821448,"[-27.853165376847627, 52.61443786473256, 130.07622668052338, 231.25426685888945]"
2025-12,seq_shrunk,m,3,120,-5.120569048313471,"[-27.853165376847627, 52.61443786473256, 130.07622668052338, 231.25426685888945]"
2025-12,seq_shrunk,m,4,15,-35.20682295756819,"[-27.853165376847627, 52.61443786473256, 130.07622668052338, 231.25426685888945]"
2025-12,seq_shrunk,g,0,21,-9.091506813299683,"[0.9999999999998899, 1.9999999999997797, 3.9999999999995595, 6.000000000000449]"
2025-12,seq_shrunk,g,1,53,-3.4506219276508387,"[0.9999999999998899, 1.9999999999997797, 3.9999999999995595, 6.000000000000449]"
2025-12,seq_shrunk,g,2,164,-1.8922006431141234,"[0.9999999999998899, 1.9999999999997797, 3.9999999999995595, 6.000000000000449]"
2025-12,seq_shrunk,g,3,76,-0.8278459599490143,"[0.9999999999998899, 1.9999999999997797, 3.9999999999995595, 6.000000000000449]"
2025-12,seq_shrunk,g,4,51,0.8503502908016859,"[0.9999999999998899, 1.9999999999997797, 3.9999999999995595, 6.000000000000449]"
2025-12,joint_selected,m,1,13,7.662228303030028,"[-27.853165376847627, 52.61443786473256, 130.07622668052338, 231.25426685888945]"
2025-12,joint_selected,m,2,217,2.661387893318634,"[-27.853165376847627, 52.61443786473256, 130.07622668052338, 231.25426685888945]"
2025-12,joint_selected,m,3,120,-4.977546279193234,"[-27.853165376847627, 52.61443786473256, 130.07622668052338, 231.25426685888945]"
2025-12,joint_selected,m,4,15,-34.58873530670962,"[-27.853165376847627, 52.61443786473256, 130.07622668052338, 231.25426685888945]"
2025-12,joint_selected,g,0,21,-8.161046752259344,"[0.9999999999998899, 1.9999999999997797, 3.9999999999995595, 6.000000000000449]"
2025-12,joint_selected,g,1,53,-2.7455107669345358,"[0.9999999999998899, 1.9999999999997797, 3.9999999999995595, 6.000000000000449]"
2025-12,joint_selected,g,2,164,-1.7645189194781248,"[0.9999999999998899, 1.9999999999997797, 3.9999999999995595, 6.000000000000449]"
2025-12,joint_selected,g,3,76,-1.2378733671297262,"[0.9999999999998899, 1.9999999999997797, 3.9999999999995595, 6.000000000000449]"
2025-12,joint_selected,g,4,51,5.124452722097058,"[0.9999999999998899, 1.9999999999997797, 3.9999999999995595, 6.000000000000449]"
2025-12,joint_shrunk,m,1,13,5.612973623511966,"[-27.853165376847627, 52.61443786473256, 130.07622668052338, 231.25426685888945]"
2025-12,joint_shrunk,m,2,217,1.91363921564063,"[-27.853165376847627, 52.61443786473256, 130.07622668052338, 231.25426685888945]"
2025-12,joint_shrunk,m,3,120,-5.599454105570024,"[-27.853165376847627, 52.61443786473256, 130.07622668052338, 231.25426685888945]"
2025-12,joint_shrunk,m,4,15,-35.398045860749804,"[-27.853165376847627, 52.61443786473256, 130.07622668052338, 231.25426685888945]"
2025-12,joint_shrunk,g,0,21,-8.936538580737167,"[0.9999999999998899, 1.9999999999997797, 3.9999999999995595, 6.000000000000449]"
2025-12,joint_shrunk,g,1,53,-3.456692582823391,"[0.9999999999998899, 1.9999999999997797, 3.9999999999995595, 6.000000000000449]"
2025-12,joint_shrunk,g,2,164,-2.198468499731004,"[0.9999999999998899, 1.9999999999997797, 3.9999999999995595, 6.000000000000449]"
2025-12,joint_shrunk,g,3,76,-1.4839322427727588,"[0.9999999999998899, 1.9999999999997797, 3.9999999999995595, 6.000000000000449]"
2025-12,joint_shrunk,g,4,51,2.539664466897193,"[0.9999999999998899, 1.9999999999997797, 3.9999999999995595, 6.000000000000449]"
2026-01,sequential_ols,m,0,23,4.140153495169695,"[-11.375497983788735, 69.6089841422766, 128.78743444171172, 216.53455974109795]"
2026-01,sequential_ols,m,1,155,-1.7048337735915189,"[-11.375497983788735, 69.6089841422766, 128.78743444171172, 216.53455974109795]"
2026-01,sequential_ols,m,2,89,-4.057638157139184,"[-11.375497983788735, 69.6089841422766, 128.78743444171172, 216.53455974109795]"
2026-01,sequential_ols,m,3,70,-5.32224751640342,"[-11.375497983788735, 69.6089841422766, 128.78743444171172, 216.53455974109795]"
2026-01,sequential_ols,m,4,9,-10.079895424723333,"[-11.375497983788735, 69.6089841422766, 128.78743444171172, 216.53455974109795]"
2026-01,sequential_ols,g,0,11,-4.7120710532594074,"[0.9999999999998899, 1.9999999999997797, 3.9999999999995595, 5.999999999999339]"
2026-01,sequential_ols,g,1,35,-2.1178147139181873,"[0.9999999999998899, 1.9999999999997797, 3.9999999999995595, 5.999999999999339]"
2026-01,sequential_ols,g,2,44,-3.569096350753492,"[0.9999999999998899, 1.9999999999997797, 3.9999999999995595, 5.999999999999339]"
2026-01,sequential_ols,g,3,31,-0.6735449079098966,"[0.9999999999998899, 1.9999999999997797, 3.9999999999995595, 5.999999999999339]"
2026-01,sequential_ols,g,4,225,-3.0646909214336393,"[0.9999999999998899, 1.9999999999997797, 3.9999999999995595, 5.999999999999339]"
2026-01,joint_ols,m,0,23,4.069465827764046,"[-11.375497983788735, 69.6089841422766, 128.78743444171172, 216.53455974109795]"
2026-01,joint_ols,m,1,155,-1.7517159709770083,"[-11.375497983788735, 69.6089841422766, 128.78743444171172, 216.53455974109795]"
2026-01,joint_ols,m,2,89,-4.087636890833134,"[-11.375497983788735, 69.6089841422766, 128.78743444171172, 216.53455974109795]"
2026-01,joint_ols,m,3,70,-5.332803915275827,"[-11.375497983788735, 69.6089841422766, 128.78743444171172, 216.53455974109795]"
2026-01,joint_ols,m,4,9,-10.063682166043805,"[-11.375497983788735, 69.6089841422766, 128.78743444171172, 216.53455974109795]"
2026-01,joint_ols,g,0,11,-4.748036059001725,"[0.9999999999998899, 1.9999999999997797, 3.9999999999995595, 5.999999999999339]"
2026-01,joint_ols,g,1,35,-2.16199383466225,"[0.9999999999998899, 1.9999999999997797, 3.9999999999995595, 5.999999999999339]"
2026-01,joint_ols,g,2,44,-3.6094943571502496,"[0.9999999999998899, 1.9999999999997797, 3.9999999999995595, 5.999999999999339]"
2026-01,joint_ols,g,3,31,-0.7165034512690976,"[0.9999999999998899, 1.9999999999997797, 3.9999999999995595, 5.999999999999339]"
2026-01,joint_ols,g,4,225,-3.0962658610869505,"[0.9999999999998899, 1.9999999999997797, 3.9999999999995595, 5.999999999999339]"
2026-01,pca,m,0,23,4.148344226836688,"[-11.375497983788735, 69.6089841422766, 128.78743444171172, 216.53455974109795]"
2026-01,pca,m,1,155,-1.70102040821589,"[-11.375497983788735, 69.6089841422766, 128.78743444171172, 216.53455974109795]"
2026-01,pca,m,2,89,-4.054249063986973,"[-11.375497983788735, 69.6089841422766, 128.78743444171172, 216.53455974109795]"
2026-01,pca,m,3,70,-5.301575882704286,"[-11.375497983788735, 69.6089841422766, 128.78743444171172, 216.53455974109795]"
2026-01,pca,m,4,9,-10.047201578384103,"[-11.375497983788735, 69.6089841422766, 128.78743444171172, 216.53455974109795]"
2026-01,pca,g,0,11,-4.65981098390234,"[0.9999999999998899, 1.9999999999997797, 3.9999999999995595, 5.999999999999339]"
2026-01,pca,g,1,35,-2.0991850831491408,"[0.9999999999998899, 1.9999999999997797, 3.9999999999995595, 5.999999999999339]"
2026-01,pca,g,2,44,-3.546511651803965,"[0.9999999999998899, 1.9999999999997797, 3.9999999999995595, 5.999999999999339]"
2026-01,pca,g,3,31,-0.6779863245466098,"[0.9999999999998899, 1.9999999999997797, 3.9999999999995595, 5.999999999999339]"
2026-01,pca,g,4,225,-3.0614046723215633,"[0.9999999999998899, 1.9999999999997797, 3.9999999999995595, 5.999999999999339]"
2026-01,seq_xgb,m,0,23,3.0669093473366673,"[-11.375497983788735, 69.6089841422766, 128.78743444171172, 216.53455974109795]"
2026-01,seq_xgb,m,1,155,-2.6804158692028306,"[-11.375497983788735, 69.6089841422766, 128.78743444171172, 216.53455974109795]"
2026-01,seq_xgb,m,2,89,-3.9891588086427827,"[-11.375497983788735, 69.6089841422766, 128.78743444171172, 216.53455974109795]"
2026-01,seq_xgb,m,3,70,-3.975069038484022,"[-11.375497983788735, 69.6089841422766, 128.78743444171172, 216.53455974109795]"
2026-01,seq_xgb,m,4,9,-4.288695066404216,"[-11.375497983788735, 69.6089841422766, 128.78743444171172, 216.53455974109795]"
2026-01,seq_xgb,g,0,11,-5.7150411516784025,"[0.9999999999998899, 1.9999999999997797, 3.9999999999995595, 5.999999999999339]"
2026-01,seq_xgb,g,1,35,-2.9767112824251485,"[0.9999999999998899, 1.9999999999997797, 3.9999999999995595, 5.999999999999339]"
2026-01,seq_xgb,g,2,44,-4.321528427669964,"[0.9999999999998899, 1.9999999999997797, 3.9999999999995595, 5.999999999999339]"
2026-01,seq_xgb,g,3,31,-1.7015478520238778,"[0.9999999999998899, 1.9999999999997797, 3.9999999999995595, 5.999999999999339]"
2026-01,seq_xgb,g,4,225,-2.6971919342882726,"[0.9999999999998899, 1.9999999999997797, 3.9999999999995595, 5.999999999999339]"
2026-01,seq_mlp,m,0,23,3.6547762285525853,"[-11.375497983788735, 69.6089841422766, 128.78743444171172, 216.53455974109795]"
2026-01,seq_mlp,m,1,155,-2.4607862125723594,"[-11.375497983788735, 69.6089841422766, 128.78743444171172, 216.53455974109795]"
2026-01,seq_mlp,m,2,89,-4.121591998251584,"[-11.375497983788735, 69.6089841422766, 128.78743444171172, 216.53455974109795]"
2026-01,seq_mlp,m,3,70,-3.445855674374614,"[-11.375497983788735, 69.6089841422766, 128.78743444171172, 216.53455974109795]"
2026-01,seq_mlp,m,4,9,-6.100013639525021,"[-11.375497983788735, 69.6089841422766, 128.78743444171172, 216.53455974109795]"
2026-01,seq_mlp,g,0,11,-5.598104186576503,"[0.9999999999998899, 1.9999999999997797, 3.9999999999995595, 5.999999999999339]"
2026-01,seq_mlp,g,1,35,-2.930992853581143,"[0.9999999999998899, 1.9999999999997797, 3.9999999999995595, 5.999999999999339]"
2026-01,seq_mlp,g,2,44,-4.293196578260937,"[0.9999999999998899, 1.9999999999997797, 3.9999999999995595, 5.999999999999339]"
2026-01,seq_mlp,g,3,31,-1.3551744390487963,"[0.9999999999998899, 1.9999999999997797, 3.9999999999995595, 5.999999999999339]"
2026-01,seq_mlp,g,4,225,-2.5120833978518657,"[0.9999999999998899, 1.9999999999997797, 3.9999999999995595, 5.999999999999339]"
2026-01,seq_spline,m,0,23,2.786261911622058,"[-11.375497983788735, 69.6089841422766, 128.78743444171172, 216.53455974109795]"
2026-01,seq_spline,m,1,155,-2.1359564048634385,"[-11.375497983788735, 69.6089841422766, 128.78743444171172, 216.53455974109795]"
2026-01,seq_spline,m,2,89,-3.3245249928187817,"[-11.375497983788735, 69.6089841422766, 128.78743444171172, 216.53455974109795]"
2026-01,seq_spline,m,3,70,-3.6934822754809993,"[-11.375497983788735, 69.6089841422766, 128.78743444171172, 216.53455974109795]"
2026-01,seq_spline,m,4,9,-8.108660422987075,"[-11.375497983788735, 69.6089841422766, 128.78743444171172, 216.53455974109795]"
2026-01,seq_spline,g,0,11,-5.595164991866639,"[0.9999999999998899, 1.9999999999997797, 3.9999999999995595, 5.999999999999339]"
2026-01,seq_spline,g,1,35,-3.074381779562428,"[0.9999999999998899, 1.9999999999997797, 3.9999999999995595, 5.999999999999339]"
2026-01,seq_spline,g,2,44,-4.124025475720344,"[0.9999999999998899, 1.9999999999997797, 3.9999999999995595, 5.999999999999339]"
2026-01,seq_spline,g,3,31,-1.0168319329311062,"[0.9999999999998899, 1.9999999999997797, 3.9999999999995595, 5.999999999999339]"
2026-01,seq_spline,g,4,225,-2.276731369734104,"[0.9999999999998899, 1.9999999999997797, 3.9999999999995595, 5.999999999999339]"
2026-01,joint_xgb,m,0,23,3.011785739223264,"[-11.375497983788735, 69.6089841422766, 128.78743444171172, 216.53455974109795]"
2026-01,joint_xgb,m,1,155,-2.72164747777516,"[-11.375497983788735, 69.6089841422766, 128.78743444171172, 216.53455974109795]"
2026-01,joint_xgb,m,2,89,-3.9617509408293525,"[-11.375497983788735, 69.6089841422766, 128.78743444171172, 216.53455974109795]"
2026-01,joint_xgb,m,3,70,-3.4945443775449294,"[-11.375497983788735, 69.6089841422766, 128.78743444171172, 216.53455974109795]"
2026-01,joint_xgb,m,4,9,-4.811131749521248,"[-11.375497983788735, 69.6089841422766, 128.78743444171172, 216.53455974109795]"
2026-01,joint_xgb,g,0,11,-5.954414107118236,"[0.9999999999998899, 1.9999999999997797, 3.9999999999995595, 5.999999999999339]"
2026-01,joint_xgb,g,1,35,-3.3658616515872986,"[0.9999999999998899, 1.9999999999997797, 3.9999999999995595, 5.999999999999339]"
2026-01,joint_xgb,g,2,44,-4.387088909102297,"[0.9999999999998899, 1.9999999999997797, 3.9999999999995595, 5.999999999999339]"
2026-01,joint_xgb,g,3,31,-1.3315073744035555,"[0.9999999999998899, 1.9999999999997797, 3.9999999999995595, 5.999999999999339]"
2026-01,joint_xgb,g,4,225,-2.5577158194213165,"[0.9999999999998899, 1.9999999999997797, 3.9999999999995595, 5.999999999999339]"
2026-01,joint_mlp,m,0,23,3.3949456711618793,"[-11.375497983788735, 69.6089841422766, 128.78743444171172, 216.53455974109795]"
2026-01,joint_mlp,m,1,155,-2.8698794606024767,"[-11.375497983788735, 69.6089841422766, 128.78743444171172, 216.53455974109795]"
2026-01,joint_mlp,m,2,89,-4.068342906553272,"[-11.375497983788735, 69.6089841422766, 128.78743444171172, 216.53455974109795]"
2026-01,joint_mlp,m,3,70,-2.341181254057659,"[-11.375497983788735, 69.6089841422766, 128.78743444171172, 216.53455974109795]"
2026-01,joint_mlp,m,4,9,-7.044464746936951,"[-11.375497983788735, 69.6089841422766, 128.78743444171172, 216.53455974109795]"
2026-01,joint_mlp,g,0,11,-5.920930222581961,"[0.9999999999998899, 1.9999999999997797, 3.9999999999995595, 5.999999999999339]"
2026-01,joint_mlp,g,1,35,-3.3010815450195072,"[0.9999999999998899, 1.9999999999997797, 3.9999999999995595, 5.999999999999339]"
2026-01,joint_mlp,g,2,44,-4.582120707032671,"[0.9999999999998899, 1.9999999999997797, 3.9999999999995595, 5.999999999999339]"
2026-01,joint_mlp,g,3,31,-0.9415591364881947,"[0.9999999999998899, 1.9999999999997797, 3.9999999999995595, 5.999999999999339]"
2026-01,joint_mlp,g,4,225,-2.420636552363176,"[0.9999999999998899, 1.9999999999997797, 3.9999999999995595, 5.999999999999339]"
2026-01,joint_tensor,m,0,23,2.395362795197104,"[-11.375497983788735, 69.6089841422766, 128.78743444171172, 216.53455974109795]"
2026-01,joint_tensor,m,1,155,-0.13203753624029313,"[-11.375497983788735, 69.6089841422766, 128.78743444171172, 216.53455974109795]"
2026-01,joint_tensor,m,2,89,-1.8213786213609857,"[-11.375497983788735, 69.6089841422766, 128.78743444171172, 216.53455974109795]"
2026-01,joint_tensor,m,3,70,-5.437735495381308,"[-11.375497983788735, 69.6089841422766, 128.78743444171172, 216.53455974109795]"
2026-01,joint_tensor,m,4,9,-12.51090091109326,"[-11.375497983788735, 69.6089841422766, 128.78743444171172, 216.53455974109795]"
2026-01,joint_tensor,g,0,11,-5.991906293432198,"[0.9999999999998899, 1.9999999999997797, 3.9999999999995595, 5.999999999999339]"
2026-01,joint_tensor,g,1,35,-4.205126310974232,"[0.9999999999998899, 1.9999999999997797, 3.9999999999995595, 5.999999999999339]"
2026-01,joint_tensor,g,2,44,-4.639426772399966,"[0.9999999999998899, 1.9999999999997797, 3.9999999999995595, 5.999999999999339]"
2026-01,joint_tensor,g,3,31,-0.027904182595301173,"[0.9999999999998899, 1.9999999999997797, 3.9999999999995595, 5.999999999999339]"
2026-01,joint_tensor,g,4,225,-0.9005536277665133,"[0.9999999999998899, 1.9999999999997797, 3.9999999999995595, 5.999999999999339]"
2026-01,seq_selected,m,0,23,2.786261911622058,"[-11.375497983788735, 69.6089841422766, 128.78743444171172, 216.53455974109795]"
2026-01,seq_selected,m,1,155,-2.1359564048634385,"[-11.375497983788735, 69.6089841422766, 128.78743444171172, 216.53455974109795]"
2026-01,seq_selected,m,2,89,-3.3245249928187817,"[-11.375497983788735, 69.6089841422766, 128.78743444171172, 216.53455974109795]"
2026-01,seq_selected,m,3,70,-3.6934822754809993,"[-11.375497983788735, 69.6089841422766, 128.78743444171172, 216.53455974109795]"
2026-01,seq_selected,m,4,9,-8.108660422987075,"[-11.375497983788735, 69.6089841422766, 128.78743444171172, 216.53455974109795]"
2026-01,seq_selected,g,0,11,-5.595164991866639,"[0.9999999999998899, 1.9999999999997797, 3.9999999999995595, 5.999999999999339]"
2026-01,seq_selected,g,1,35,-3.074381779562428,"[0.9999999999998899, 1.9999999999997797, 3.9999999999995595, 5.999999999999339]"
2026-01,seq_selected,g,2,44,-4.124025475720344,"[0.9999999999998899, 1.9999999999997797, 3.9999999999995595, 5.999999999999339]"
2026-01,seq_selected,g,3,31,-1.0168319329311062,"[0.9999999999998899, 1.9999999999997797, 3.9999999999995595, 5.999999999999339]"
2026-01,seq_selected,g,4,225,-2.276731369734104,"[0.9999999999998899, 1.9999999999997797, 3.9999999999995595, 5.999999999999339]"
2026-01,seq_shrunk,m,0,23,2.786261911622058,"[-11.375497983788735, 69.6089841422766, 128.78743444171172, 216.53455974109795]"
2026-01,seq_shrunk,m,1,155,-2.1359564048634385,"[-11.375497983788735, 69.6089841422766, 128.78743444171172, 216.53455974109795]"
2026-01,seq_shrunk,m,2,89,-3.3245249928187817,"[-11.375497983788735, 69.6089841422766, 128.78743444171172, 216.53455974109795]"
2026-01,seq_shrunk,m,3,70,-3.6934822754809993,"[-11.375497983788735, 69.6089841422766, 128.78743444171172, 216.53455974109795]"
2026-01,seq_shrunk,m,4,9,-8.108660422987075,"[-11.375497983788735, 69.6089841422766, 128.78743444171172, 216.53455974109795]"
2026-01,seq_shrunk,g,0,11,-5.595164991866639,"[0.9999999999998899, 1.9999999999997797, 3.9999999999995595, 5.999999999999339]"
2026-01,seq_shrunk,g,1,35,-3.074381779562428,"[0.9999999999998899, 1.9999999999997797, 3.9999999999995595, 5.999999999999339]"
2026-01,seq_shrunk,g,2,44,-4.124025475720344,"[0.9999999999998899, 1.9999999999997797, 3.9999999999995595, 5.999999999999339]"
2026-01,seq_shrunk,g,3,31,-1.0168319329311062,"[0.9999999999998899, 1.9999999999997797, 3.9999999999995595, 5.999999999999339]"
2026-01,seq_shrunk,g,4,225,-2.276731369734104,"[0.9999999999998899, 1.9999999999997797, 3.9999999999995595, 5.999999999999339]"
2026-01,joint_selected,m,0,23,2.395362795197104,"[-11.375497983788735, 69.6089841422766, 128.78743444171172, 216.53455974109795]"
2026-01,joint_selected,m,1,155,-0.13203753624029313,"[-11.375497983788735, 69.6089841422766, 128.78743444171172, 216.53455974109795]"
2026-01,joint_selected,m,2,89,-1.8213786213609857,"[-11.375497983788735, 69.6089841422766, 128.78743444171172, 216.53455974109795]"
2026-01,joint_selected,m,3,70,-5.437735495381308,"[-11.375497983788735, 69.6089841422766, 128.78743444171172, 216.53455974109795]"
2026-01,joint_selected,m,4,9,-12.51090091109326,"[-11.375497983788735, 69.6089841422766, 128.78743444171172, 216.53455974109795]"
2026-01,joint_selected,g,0,11,-5.991906293432198,"[0.9999999999998899, 1.9999999999997797, 3.9999999999995595, 5.999999999999339]"
2026-01,joint_selected,g,1,35,-4.205126310974232,"[0.9999999999998899, 1.9999999999997797, 3.9999999999995595, 5.999999999999339]"
2026-01,joint_selected,g,2,44,-4.639426772399966,"[0.9999999999998899, 1.9999999999997797, 3.9999999999995595, 5.999999999999339]"
2026-01,joint_selected,g,3,31,-0.027904182595301173,"[0.9999999999998899, 1.9999999999997797, 3.9999999999995595, 5.999999999999339]"
2026-01,joint_selected,g,4,225,-0.9005536277665133,"[0.9999999999998899, 1.9999999999997797, 3.9999999999995595, 5.999999999999339]"
2026-01,joint_shrunk,m,0,23,3.2324143114805755,"[-11.375497983788735, 69.6089841422766, 128.78743444171172, 216.53455974109795]"
2026-01,joint_shrunk,m,1,155,-0.9418767536086506,"[-11.375497983788735, 69.6089841422766, 128.78743444171172, 216.53455974109795]"
2026-01,joint_shrunk,m,2,89,-2.95450775609706,"[-11.375497983788735, 69.6089841422766, 128.78743444171172, 216.53455974109795]"
2026-01,joint_shrunk,m,3,70,-5.385269705328566,"[-11.375497983788735, 69.6089841422766, 128.78743444171172, 216.53455974109795]"
2026-01,joint_shrunk,m,4,9,-11.287291538568532,"[-11.375497983788735, 69.6089841422766, 128.78743444171172, 216.53455974109795]"
2026-01,joint_shrunk,g,0,11,-5.369971176216962,"[0.9999999999998899, 1.9999999999997797, 3.9999999999995595, 5.999999999999339]"
2026-01,joint_shrunk,g,1,35,-3.1835600728182407,"[0.9999999999998899, 1.9999999999997797, 3.9999999999995595, 5.999999999999339]"
2026-01,joint_shrunk,g,2,44,-4.124460564775108,"[0.9999999999998899, 1.9999999999997797, 3.9999999999995595, 5.999999999999339]"
2026-01,joint_shrunk,g,3,31,-0.37220381693219884,"[0.9999999999998899, 1.9999999999997797, 3.9999999999995595, 5.999999999999339]"
2026-01,joint_shrunk,g,4,225,-1.9984097444267308,"[0.9999999999998899, 1.9999999999997797, 3.9999999999995595, 5.999999999999339]"
2026-02,sequential_ols,m,1,19,3.4933589063432136,"[-2.7951421400018717, 66.69867301566646, 123.22559556831436, 204.11532225744767]"
2026-02,sequential_ols,m,2,42,-1.05937764335428,"[-2.7951421400018717, 66.69867301566646, 123.22559556831436, 204.11532225744767]"
2026-02,sequential_ols,m,3,170,1.1293601576168175,"[-2.7951421400018717, 66.69867301566646, 123.22559556831436, 204.11532225744767]"
2026-02,sequential_ols,m,4,93,-3.3839765133371613,"[-2.7951421400018717, 66.69867301566646, 123.22559556831436, 204.11532225744767]"
2026-02,sequential_ols,g,0,25,-0.5300929091813645,"[0.9999999999998899, 2.9999999999996696, 3.9999999999995595, 6.000000000000449]"
2026-02,sequential_ols,g,1,48,-0.07081338455140977,"[0.9999999999998899, 2.9999999999996696, 3.9999999999995595, 6.000000000000449]"
2026-02,sequential_ols,g,2,33,0.9212293988842792,"[0.9999999999998899, 2.9999999999996696, 3.9999999999995595, 6.000000000000449]"
2026-02,sequential_ols,g,3,122,-0.8347024925549226,"[0.9999999999998899, 2.9999999999996696, 3.9999999999995595, 6.000000000000449]"
2026-02,sequential_ols,g,4,96,-0.1328555378055687,"[0.9999999999998899, 2.9999999999996696, 3.9999999999995595, 6.000000000000449]"
2026-02,joint_ols,m,1,19,3.4708645562044556,"[-2.7951421400018717, 66.69867301566646, 123.22559556831436, 204.11532225744767]"
2026-02,joint_ols,m,2,42,-1.0634143587785818,"[-2.7951421400018717, 66.69867301566646, 123.22559556831436, 204.11532225744767]"
2026-02,joint_ols,m,3,170,1.1389125931071522,"[-2.7951421400018717, 66.69867301566646, 123.22559556831436, 204.11532225744767]"
2026-02,joint_ols,m,4,93,-3.357537303688434,"[-2.7951421400018717, 66.69867301566646, 123.22559556831436, 204.11532225744767]"
2026-02,joint_ols,g,0,25,-0.5245294177710167,"[0.9999999999998899, 2.9999999999996696, 3.9999999999995595, 6.000000000000449]"
2026-02,joint_ols,g,1,48,-0.06195629715402484,"[0.9999999999998899, 2.9999999999996696, 3.9999999999995595, 6.000000000000449]"
2026-02,joint_ols,g,2,33,0.941272251160143,"[0.9999999999998899, 2.9999999999996696, 3.9999999999995595, 6.000000000000449]"
2026-02,joint_ols,g,3,122,-0.8152919091210186,"[0.9999999999998899, 2.9999999999996696, 3.9999999999995595, 6.000000000000449]"
2026-02,joint_ols,g,4,96,-0.13397956857787538,"[0.9999999999998899, 2.9999999999996696, 3.9999999999995595, 6.000000000000449]"
2026-02,pca,m,1,19,3.451931603020188,"[-2.7951421400018717, 66.69867301566646, 123.22559556831436, 204.11532225744767]"
2026-02,pca,m,2,42,-1.0804491442508994,"[-2.7951421400018717, 66.69867301566646, 123.22559556831436, 204.11532225744767]"
2026-02,pca,m,3,170,1.1075866153383611,"[-2.7951421400018717, 66.69867301566646, 123.22559556831436, 204.11532225744767]"
2026-02,pca,m,4,93,-3.350686585284015,"[-2.7951421400018717, 66.69867301566646, 123.22559556831436, 204.11532225744767]"
2026-02,pca,g,0,25,-0.5457659488569004,"[0.9999999999998899, 2.9999999999996696, 3.9999999999995595, 6.000000000000449]"
2026-02,pca,g,1,48,-0.10863712504579788,"[0.9999999999998899, 2.9999999999996696, 3.9999999999995595, 6.000000000000449]"
2026-02,pca,g,2,33,0.9146762040457543,"[0.9999999999998899, 2.9999999999996696, 3.9999999999995595, 6.000000000000449]"
2026-02,pca,g,3,122,-0.8294166211279663,"[0.9999999999998899, 2.9999999999996696, 3.9999999999995595, 6.000000000000449]"
2026-02,pca,g,4,96,-0.13805257976378563,"[0.9999999999998899, 2.9999999999996696, 3.9999999999995595, 6.000000000000449]"
2026-02,seq_xgb,m,1,19,2.5191244520632656,"[-2.7951421400018717, 66.69867301566646, 123.22559556831436, 204.11532225744767]"
2026-02,seq_xgb,m,2,42,-1.0914018672442556,"[-2.7951421400018717, 66.69867301566646, 123.22559556831436, 204.11532225744767]"
2026-02,seq_xgb,m,3,170,2.5375752574880988,"[-2.7951421400018717, 66.69867301566646, 123.22559556831436, 204.11532225744767]"
2026-02,seq_xgb,m,4,93,0.4899623226230473,"[-2.7951421400018717, 66.69867301566646, 123.22559556831436, 204.11532225744767]"
2026-02,seq_xgb,g,0,25,-0.022475708729330107,"[0.9999999999998899, 2.9999999999996696, 3.9999999999995595, 6.000000000000449]"
2026-02,seq_xgb,g,1,48,1.169266298860964,"[0.9999999999998899, 2.9999999999996696, 3.9999999999995595, 6.000000000000449]"
2026-02,seq_xgb,g,2,33,4.580491768516734,"[0.9999999999998899, 2.9999999999996696, 3.9999999999995595, 6.000000000000449]"
2026-02,seq_xgb,g,3,122,1.4511555709581845,"[0.9999999999998899, 2.9999999999996696, 3.9999999999995595, 6.000000000000449]"
2026-02,seq_xgb,g,4,96,0.9918612322585397,"[0.9999999999998899, 2.9999999999996696, 3.9999999999995595, 6.000000000000449]"
2026-02,seq_mlp,m,1,19,2.7842761148922732,"[-2.7951421400018717, 66.69867301566646, 123.22559556831436, 204.11532225744767]"
2026-02,seq_mlp,m,2,42,-1.0776534477401696,"[-2.7951421400018717, 66.69867301566646, 123.22559556831436, 204.11532225744767]"
2026-02,seq_mlp,m,3,170,2.999382535499644,"[-2.7951421400018717, 66.69867301566646, 123.22559556831436, 204.11532225744767]"
2026-02,seq_mlp,m,4,93,-0.09269609243395577,"[-2.7951421400018717, 66.69867301566646, 123.22559556831436, 204.11532225744767]"
2026-02,seq_mlp,g,0,25,0.025957871214772013,"[0.9999999999998899, 2.9999999999996696, 3.9999999999995595, 6.000000000000449]"
2026-02,seq_mlp,g,1,48,1.229395621535902,"[0.9999999999998899, 2.9999999999996696, 3.9999999999995595, 6.000000000000449]"
2026-02,seq_mlp,g,2,33,3.874083902290566,"[0.9999999999998899, 2.9999999999996696, 3.9999999999995595, 6.000000000000449]"
2026-02,seq_mlp,g,3,122,1.6900668183468082,"[0.9999999999998899, 2.9999999999996696, 3.9999999999995595, 6.000000000000449]"
2026-02,seq_mlp,g,4,96,1.2002212352964141,"[0.9999999999998899, 2.9999999999996696, 3.9999999999995595, 6.000000000000449]"
2026-02,seq_spline,m,1,19,3.0475135752409273,"[-2.7951421400018717, 66.69867301566646, 123.22559556831436, 204.11532225744767]"
2026-02,seq_spline,m,2,42,-0.3493737846814672,"[-2.7951421400018717, 66.69867301566646, 123.22559556831436, 204.11532225744767]"
2026-02,seq_spline,m,3,170,2.696238469703458,"[-2.7951421400018717, 66.69867301566646, 123.22559556831436, 204.11532225744767]"
2026-02,seq_spline,m,4,93,-1.7127099848725964,"[-2.7951421400018717, 66.69867301566646, 123.22559556831436, 204.11532225744767]"
2026-02,seq_spline,g,0,25,0.5730082708499896,"[0.9999999999998899, 2.9999999999996696, 3.9999999999995595, 6.000000000000449]"
2026-02,seq_spline,g,1,48,1.190017317170001,"[0.9999999999998899, 2.9999999999996696, 3.9999999999995595, 6.000000000000449]"
2026-02,seq_spline,g,2,33,2.7041830122451787,"[0.9999999999998899, 2.9999999999996696, 3.9999999999995595, 6.000000000000449]"
2026-02,seq_spline,g,3,122,0.7657096663566336,"[0.9999999999998899, 2.9999999999996696, 3.9999999999995595, 6.000000000000449]"
2026-02,seq_spline,g,4,96,0.91882201598315,"[0.9999999999998899, 2.9999999999996696, 3.9999999999995595, 6.000000000000449]"
2026-02,joint_xgb,m,1,19,3.438789383228012,"[-2.7951421400018717, 66.69867301566646, 123.22559556831436, 204.11532225744767]"
2026-02,joint_xgb,m,2,42,-0.3918693286729001,"[-2.7951421400018717, 66.69867301566646, 123.22559556831436, 204.11532225744767]"
2026-02,joint_xgb,m,3,170,2.519448289543091,"[-2.7951421400018717, 66.69867301566646, 123.22559556831436, 204.11532225744767]"
2026-02,joint_xgb,m,4,93,-0.6878533423905574,"[-2.7951421400018717, 66.69867301566646, 123.22559556831436, 204.11532225744767]"
2026-02,joint_xgb,g,0,25,0.43200330136426773,"[0.9999999999998899, 2.9999999999996696, 3.9999999999995595, 6.000000000000449]"
2026-02,joint_xgb,g,1,48,1.9170041337164287,"[0.9999999999998899, 2.9999999999996696, 3.9999999999995595, 6.000000000000449]"
2026-02,joint_xgb,g,2,33,4.51318896682544,"[0.9999999999998899, 2.9999999999996696, 3.9999999999995595, 6.000000000000449]"
2026-02,joint_xgb,g,3,122,0.20307204388212213,"[0.9999999999998899, 2.9999999999996696, 3.9999999999995595, 6.000000000000449]"
2026-02,joint_xgb,g,4,96,1.4238336317262543,"[0.9999999999998899, 2.9999999999996696, 3.9999999999995595, 6.000000000000449]"
2026-02,joint_mlp,m,1,19,8.652178088981573,"[-2.7951421400018717, 66.69867301566646, 123.22559556831436, 204.11532225744767]"
2026-02,joint_mlp,m,2,42,0.3285030957809691,"[-2.7951421400018717, 66.69867301566646, 123.22559556831436, 204.11532225744767]"
2026-02,joint_mlp,m,3,170,2.9809700335448186,"[-2.7951421400018717, 66.69867301566646, 123.22559556831436, 204.11532225744767]"
2026-02,joint_mlp,m,4,93,-2.8866886998887917,"[-2.7951421400018717, 66.69867301566646, 123.22559556831436, 204.11532225744767]"
2026-02,joint_mlp,g,0,25,-1.1102629441601486,"[0.9999999999998899, 2.9999999999996696, 3.9999999999995595, 6.000000000000449]"
2026-02,joint_mlp,g,1,48,2.289189629733363,"[0.9999999999998899, 2.9999999999996696, 3.9999999999995595, 6.000000000000449]"
2026-02,joint_mlp,g,2,33,5.0537792537459225,"[0.9999999999998899, 2.9999999999996696, 3.9999999999995595, 6.000000000000449]"
2026-02,joint_mlp,g,3,122,-1.2538418407517462,"[0.9999999999998899, 2.9999999999996696, 3.9999999999995595, 6.000000000000449]"
2026-02,joint_mlp,g,4,96,3.3391753218886664,"[0.9999999999998899, 2.9999999999996696, 3.9999999999995595, 6.000000000000449]"
2026-02,joint_tensor,m,1,19,10.249331030982198,"[-2.7951421400018717, 66.69867301566646, 123.22559556831436, 204.11532225744767]"
2026-02,joint_tensor,m,2,42,1.259341907414878,"[-2.7951421400018717, 66.69867301566646, 123.22559556831436, 204.11532225744767]"
2026-02,joint_tensor,m,3,170,2.6459127843926065,"[-2.7951421400018717, 66.69867301566646, 123.22559556831436, 204.11532225744767]"
2026-02,joint_tensor,m,4,93,-2.928617824408204,"[-2.7951421400018717, 66.69867301566646, 123.22559556831436, 204.11532225744767]"
2026-02,joint_tensor,g,0,25,1.7158172014291189,"[0.9999999999998899, 2.9999999999996696, 3.9999999999995595, 6.000000000000449]"
2026-02,joint_tensor,g,1,48,2.2586682272580916,"[0.9999999999998899, 2.9999999999996696, 3.9999999999995595, 6.000000000000449]"
2026-02,joint_tensor,g,2,33,2.278557129913052,"[0.9999999999998899, 2.9999999999996696, 3.9999999999995595, 6.000000000000449]"
2026-02,joint_tensor,g,3,122,-0.6528378114893468,"[0.9999999999998899, 2.9999999999996696, 3.9999999999995595, 6.000000000000449]"
2026-02,joint_tensor,g,4,96,2.898080084867915,"[0.9999999999998899, 2.9999999999996696, 3.9999999999995595, 6.000000000000449]"
2026-02,seq_selected,m,1,19,2.5191244520632656,"[-2.7951421400018717, 66.69867301566646, 123.22559556831436, 204.11532225744767]"
2026-02,seq_selected,m,2,42,-1.0914018672442556,"[-2.7951421400018717, 66.69867301566646, 123.22559556831436, 204.11532225744767]"
2026-02,seq_selected,m,3,170,2.5375752574880988,"[-2.7951421400018717, 66.69867301566646, 123.22559556831436, 204.11532225744767]"
2026-02,seq_selected,m,4,93,0.4899623226230473,"[-2.7951421400018717, 66.69867301566646, 123.22559556831436, 204.11532225744767]"
2026-02,seq_selected,g,0,25,-0.022475708729330107,"[0.9999999999998899, 2.9999999999996696, 3.9999999999995595, 6.000000000000449]"
2026-02,seq_selected,g,1,48,1.169266298860964,"[0.9999999999998899, 2.9999999999996696, 3.9999999999995595, 6.000000000000449]"
2026-02,seq_selected,g,2,33,4.580491768516734,"[0.9999999999998899, 2.9999999999996696, 3.9999999999995595, 6.000000000000449]"
2026-02,seq_selected,g,3,122,1.4511555709581845,"[0.9999999999998899, 2.9999999999996696, 3.9999999999995595, 6.000000000000449]"
2026-02,seq_selected,g,4,96,0.9918612322585397,"[0.9999999999998899, 2.9999999999996696, 3.9999999999995595, 6.000000000000449]"
2026-02,seq_shrunk,m,1,19,2.5191244520632656,"[-2.7951421400018717, 66.69867301566646, 123.22559556831436, 204.11532225744767]"
2026-02,seq_shrunk,m,2,42,-1.0914018672442556,"[-2.7951421400018717, 66.69867301566646, 123.22559556831436, 204.11532225744767]"
2026-02,seq_shrunk,m,3,170,2.5375752574880988,"[-2.7951421400018717, 66.69867301566646, 123.22559556831436, 204.11532225744767]"
2026-02,seq_shrunk,m,4,93,0.4899623226230473,"[-2.7951421400018717, 66.69867301566646, 123.22559556831436, 204.11532225744767]"
2026-02,seq_shrunk,g,0,25,-0.022475708729330107,"[0.9999999999998899, 2.9999999999996696, 3.9999999999995595, 6.000000000000449]"
2026-02,seq_shrunk,g,1,48,1.169266298860964,"[0.9999999999998899, 2.9999999999996696, 3.9999999999995595, 6.000000000000449]"
2026-02,seq_shrunk,g,2,33,4.580491768516734,"[0.9999999999998899, 2.9999999999996696, 3.9999999999995595, 6.000000000000449]"
2026-02,seq_shrunk,g,3,122,1.4511555709581845,"[0.9999999999998899, 2.9999999999996696, 3.9999999999995595, 6.000000000000449]"
2026-02,seq_shrunk,g,4,96,0.9918612322585397,"[0.9999999999998899, 2.9999999999996696, 3.9999999999995595, 6.000000000000449]"
2026-02,joint_selected,m,1,19,3.438789383228012,"[-2.7951421400018717, 66.69867301566646, 123.22559556831436, 204.11532225744767]"
2026-02,joint_selected,m,2,42,-0.3918693286729001,"[-2.7951421400018717, 66.69867301566646, 123.22559556831436, 204.11532225744767]"
2026-02,joint_selected,m,3,170,2.519448289543091,"[-2.7951421400018717, 66.69867301566646, 123.22559556831436, 204.11532225744767]"
2026-02,joint_selected,m,4,93,-0.6878533423905574,"[-2.7951421400018717, 66.69867301566646, 123.22559556831436, 204.11532225744767]"
2026-02,joint_selected,g,0,25,0.43200330136426773,"[0.9999999999998899, 2.9999999999996696, 3.9999999999995595, 6.000000000000449]"
2026-02,joint_selected,g,1,48,1.9170041337164287,"[0.9999999999998899, 2.9999999999996696, 3.9999999999995595, 6.000000000000449]"
2026-02,joint_selected,g,2,33,4.51318896682544,"[0.9999999999998899, 2.9999999999996696, 3.9999999999995595, 6.000000000000449]"
2026-02,joint_selected,g,3,122,0.20307204388212213,"[0.9999999999998899, 2.9999999999996696, 3.9999999999995595, 6.000000000000449]"
2026-02,joint_selected,g,4,96,1.4238336317262543,"[0.9999999999998899, 2.9999999999996696, 3.9999999999995595, 6.000000000000449]"
2026-02,joint_shrunk,m,1,19,3.438789383228012,"[-2.7951421400018717, 66.69867301566646, 123.22559556831436, 204.11532225744767]"
2026-02,joint_shrunk,m,2,42,-0.3918693286729001,"[-2.7951421400018717, 66.69867301566646, 123.22559556831436, 204.11532225744767]"
2026-02,joint_shrunk,m,3,170,2.519448289543091,"[-2.7951421400018717, 66.69867301566646, 123.22559556831436, 204.11532225744767]"
2026-02,joint_shrunk,m,4,93,-0.6878533423905574,"[-2.7951421400018717, 66.69867301566646, 123.22559556831436, 204.11532225744767]"
2026-02,joint_shrunk,g,0,25,0.43200330136426773,"[0.9999999999998899, 2.9999999999996696, 3.9999999999995595, 6.000000000000449]"
2026-02,joint_shrunk,g,1,48,1.9170041337164287,"[0.9999999999998899, 2.9999999999996696, 3.9999999999995595, 6.000000000000449]"
2026-02,joint_shrunk,g,2,33,4.51318896682544,"[0.9999999999998899, 2.9999999999996696, 3.9999999999995595, 6.000000000000449]"
2026-02,joint_shrunk,g,3,122,0.20307204388212213,"[0.9999999999998899, 2.9999999999996696, 3.9999999999995595, 6.000000000000449]"
2026-02,joint_shrunk,g,4,96,1.4238336317262543,"[0.9999999999998899, 2.9999999999996696, 3.9999999999995595, 6.000000000000449]"
2026-03,sequential_ols,m,0,227,-3.5499948182378,"[6.174078065200532, 75.65623924052584, 134.6939792301035, 206.53069307421117]"
2026-03,sequential_ols,m,1,9,-4.5728773141551216,"[6.174078065200532, 75.65623924052584, 134.6939792301035, 206.53069307421117]"
2026-03,sequential_ols,m,2,1,-5.722755424086927,"[6.174078065200532, 75.65623924052584, 134.6939792301035, 206.53069307421117]"
2026-03,sequential_ols,g,0,78,-3.4828648615491136,"[0.9999999999998899, 2.9999999999996696, 3.9999999999995595, 6.000000000000449]"
2026-03,sequential_ols,g,1,139,-3.000991144662284,"[0.9999999999998899, 2.9999999999996696, 3.9999999999995595, 6.000000000000449]"
2026-03,sequential_ols,g,2,19,-8.099594939310101,"[0.9999999999998899, 2.9999999999996696, 3.9999999999995595, 6.000000000000449]"
2026-03,sequential_ols,g,3,1,-10.033942835683263,"[0.9999999999998899, 2.9999999999996696, 3.9999999999995595, 6.000000000000449]"
2026-03,joint_ols,m,0,227,-3.5996490159982586,"[6.174078065200532, 75.65623924052584, 134.6939792301035, 206.53069307421117]"
2026-03,joint_ols,m,1,9,-4.591843230317419,"[6.174078065200532, 75.65623924052584, 134.6939792301035, 206.53069307421117]"
2026-03,joint_ols,m,2,1,-5.728476253801901,"[6.174078065200532, 75.65623924052584, 134.6939792301035, 206.53069307421117]"
2026-03,joint_ols,g,0,78,-3.5254518876989502,"[0.9999999999998899, 2.9999999999996696, 3.9999999999995595, 6.000000000000449]"
2026-03,joint_ols,g,1,139,-3.052104882100523,"[0.9999999999998899, 2.9999999999996696, 3.9999999999995595, 6.000000000000449]"
2026-03,joint_ols,g,2,19,-8.150720207160056,"[0.9999999999998899, 2.9999999999996696, 3.9999999999995595, 6.000000000000449]"
2026-03,joint_ols,g,3,1,-10.083882169731623,"[0.9999999999998899, 2.9999999999996696, 3.9999999999995595, 6.000000000000449]"
2026-03,pca,m,0,227,-3.5341996162073985,"[6.174078065200532, 75.65623924052584, 134.6939792301035, 206.53069307421117]"
2026-03,pca,m,1,9,-4.530469348050477,"[6.174078065200532, 75.65623924052584, 134.6939792301035, 206.53069307421117]"
2026-03,pca,m,2,1,-5.739027143789315,"[6.174078065200532, 75.65623924052584, 134.6939792301035, 206.53069307421117]"
2026-03,pca,g,0,78,-3.4566946627298036,"[0.9999999999998899, 2.9999999999996696, 3.9999999999995595, 6.000000000000449]"
2026-03,pca,g,1,139,-2.995362032605027,"[0.9999999999998899, 2.9999999999996696, 3.9999999999995595, 6.000000000000449]"
2026-03,pca,g,2,19,-8.041308319477519,"[0.9999999999998899, 2.9999999999996696, 3.9999999999995595, 6.000000000000449]"
2026-03,pca,g,3,1,-10.014199860226626,"[0.9999999999998899, 2.9999999999996696, 3.9999999999995595, 6.000000000000449]"
2026-03,seq_xgb,m,0,227,-4.573367026871039,"[6.174078065200532, 75.65623924052584, 134.6939792301035, 206.53069307421117]"
2026-03,seq_xgb,m,1,9,-5.1508500448728665,"[6.174078065200532, 75.65623924052584, 134.6939792301035, 206.53069307421117]"
2026-03,seq_xgb,m,2,1,-5.461343070533147,"[6.174078065200532, 75.65623924052584, 134.6939792301035, 206.53069307421117]"
2026-03,seq_xgb,g,0,78,-4.354422355826202,"[0.9999999999998899, 2.9999999999996696, 3.9999999999995595, 6.000000000000449]"
2026-03,seq_xgb,g,1,139,-4.071372571730646,"[0.9999999999998899, 2.9999999999996696, 3.9999999999995595, 6.000000000000449]"
2026-03,seq_xgb,g,2,19,-9.127995720501012,"[0.9999999999998899, 2.9999999999996696, 3.9999999999995595, 6.000000000000449]"
2026-03,seq_xgb,g,3,1,-10.975658659592213,"[0.9999999999998899, 2.9999999999996696, 3.9999999999995595, 6.000000000000449]"
2026-03,seq_mlp,m,0,227,-4.096901936810816,"[6.174078065200532, 75.65623924052584, 134.6939792301035, 206.53069307421117]"
2026-03,seq_mlp,m,1,9,-5.103883326815481,"[6.174078065200532, 75.65623924052584, 134.6939792301035, 206.53069307421117]"
2026-03,seq_mlp,m,2,1,-5.942704402733909,"[6.174078065200532, 75.65623924052584, 134.6939792301035, 206.53069307421117]"
2026-03,seq_mlp,g,0,78,-4.087213562416792,"[0.9999999999998899, 2.9999999999996696, 3.9999999999995595, 6.000000000000449]"
2026-03,seq_mlp,g,1,139,-3.4902468079969124,"[0.9999999999998899, 2.9999999999996696, 3.9999999999995595, 6.000000000000449]"
2026-03,seq_mlp,g,2,19,-8.805291553162283,"[0.9999999999998899, 2.9999999999996696, 3.9999999999995595, 6.000000000000449]"
2026-03,seq_mlp,g,3,1,-10.626890309964722,"[0.9999999999998899, 2.9999999999996696, 3.9999999999995595, 6.000000000000449]"
2026-03,seq_spline,m,0,227,-4.422677245259336,"[6.174078065200532, 75.65623924052584, 134.6939792301035, 206.53069307421117]"
2026-03,seq_spline,m,1,9,-5.06930604781256,"[6.174078065200532, 75.65623924052584, 134.6939792301035, 206.53069307421117]"
2026-03,seq_spline,m,2,1,-5.4043463292519505,"[6.174078065200532, 75.65623924052584, 134.6939792301035, 206.53069307421117]"
2026-03,seq_spline,g,0,78,-4.410216693939167,"[0.9999999999998899, 2.9999999999996696, 3.9999999999995595, 6.000000000000449]"
2026-03,seq_spline,g,1,139,-3.772044791800974,"[0.9999999999998899, 2.9999999999996696, 3.9999999999995595, 6.000000000000449]"
2026-03,seq_spline,g,2,19,-9.223446747861757,"[0.9999999999998899, 2.9999999999996696, 3.9999999999995595, 6.000000000000449]"
2026-03,seq_spline,g,3,1,-11.41921903647038,"[0.9999999999998899, 2.9999999999996696, 3.9999999999995595, 6.000000000000449]"
2026-03,joint_xgb,m,0,227,-4.963785962340718,"[6.174078065200532, 75.65623924052584, 134.6939792301035, 206.53069307421117]"
2026-03,joint_xgb,m,1,9,-5.225334564305397,"[6.174078065200532, 75.65623924052584, 134.6939792301035, 206.53069307421117]"
2026-03,joint_xgb,m,2,1,-5.563502532893736,"[6.174078065200532, 75.65623924052584, 134.6939792301035, 206.53069307421117]"
2026-03,joint_xgb,g,0,78,-4.7942486855407385,"[0.9999999999998899, 2.9999999999996696, 3.9999999999995595, 6.000000000000449]"
2026-03,joint_xgb,g,1,139,-4.413312116257813,"[0.9999999999998899, 2.9999999999996696, 3.9999999999995595, 6.000000000000449]"
2026-03,joint_xgb,g,2,19,-9.472262780762632,"[0.9999999999998899, 2.9999999999996696, 3.9999999999995595, 6.000000000000449]"
2026-03,joint_xgb,g,3,1,-11.996152596481807,"[0.9999999999998899, 2.9999999999996696, 3.9999999999995595, 6.000000000000449]"
2026-03,joint_mlp,m,0,227,-4.38731998108373,"[6.174078065200532, 75.65623924052584, 134.6939792301035, 206.53069307421117]"
2026-03,joint_mlp,m,1,9,-5.4774576056036,"[6.174078065200532, 75.65623924052584, 134.6939792301035, 206.53069307421117]"
2026-03,joint_mlp,m,2,1,-6.43939226574075,"[6.174078065200532, 75.65623924052584, 134.6939792301035, 206.53069307421117]"
2026-03,joint_mlp,g,0,78,-4.321718136498138,"[0.9999999999998899, 2.9999999999996696, 3.9999999999995595, 6.000000000000449]"
2026-03,joint_mlp,g,1,139,-3.8541003240011347,"[0.9999999999998899, 2.9999999999996696, 3.9999999999995595, 6.000000000000449]"
2026-03,joint_mlp,g,2,19,-8.859012277199309,"[0.9999999999998899, 2.9999999999996696, 3.9999999999995595, 6.000000000000449]"
2026-03,joint_mlp,g,3,1,-10.522953472380465,"[0.9999999999998899, 2.9999999999996696, 3.9999999999995595, 6.000000000000449]"
2026-03,joint_tensor,m,0,227,-4.666272347829701,"[6.174078065200532, 75.65623924052584, 134.6939792301035, 206.53069307421117]"
2026-03,joint_tensor,m,1,9,-4.787073774586057,"[6.174078065200532, 75.65623924052584, 134.6939792301035, 206.53069307421117]"
2026-03,joint_tensor,m,2,1,-5.127971870069729,"[6.174078065200532, 75.65623924052584, 134.6939792301035, 206.53069307421117]"
2026-03,joint_tensor,g,0,78,-5.087903485202142,"[0.9999999999998899, 2.9999999999996696, 3.9999999999995595, 6.000000000000449]"
2026-03,joint_tensor,g,1,139,-3.9140069728220537,"[0.9999999999998899, 2.9999999999996696, 3.9999999999995595, 6.000000000000449]"
2026-03,joint_tensor,g,2,19,-8.240598612670743,"[0.9999999999998899, 2.9999999999996696, 3.9999999999995595, 6.000000000000449]"
2026-03,joint_tensor,g,3,1,-9.980644089909475,"[0.9999999999998899, 2.9999999999996696, 3.9999999999995595, 6.000000000000449]"
2026-03,seq_selected,m,0,227,-4.422677245259336,"[6.174078065200532, 75.65623924052584, 134.6939792301035, 206.53069307421117]"
2026-03,seq_selected,m,1,9,-5.06930604781256,"[6.174078065200532, 75.65623924052584, 134.6939792301035, 206.53069307421117]"
2026-03,seq_selected,m,2,1,-5.4043463292519505,"[6.174078065200532, 75.65623924052584, 134.6939792301035, 206.53069307421117]"
2026-03,seq_selected,g,0,78,-4.410216693939167,"[0.9999999999998899, 2.9999999999996696, 3.9999999999995595, 6.000000000000449]"
2026-03,seq_selected,g,1,139,-3.772044791800974,"[0.9999999999998899, 2.9999999999996696, 3.9999999999995595, 6.000000000000449]"
2026-03,seq_selected,g,2,19,-9.223446747861757,"[0.9999999999998899, 2.9999999999996696, 3.9999999999995595, 6.000000000000449]"
2026-03,seq_selected,g,3,1,-11.41921903647038,"[0.9999999999998899, 2.9999999999996696, 3.9999999999995595, 6.000000000000449]"
2026-03,seq_shrunk,m,0,227,-4.422677245259336,"[6.174078065200532, 75.65623924052584, 134.6939792301035, 206.53069307421117]"
2026-03,seq_shrunk,m,1,9,-5.06930604781256,"[6.174078065200532, 75.65623924052584, 134.6939792301035, 206.53069307421117]"
2026-03,seq_shrunk,m,2,1,-5.4043463292519505,"[6.174078065200532, 75.65623924052584, 134.6939792301035, 206.53069307421117]"
2026-03,seq_shrunk,g,0,78,-4.410216693939167,"[0.9999999999998899, 2.9999999999996696, 3.9999999999995595, 6.000000000000449]"
2026-03,seq_shrunk,g,1,139,-3.772044791800974,"[0.9999999999998899, 2.9999999999996696, 3.9999999999995595, 6.000000000000449]"
2026-03,seq_shrunk,g,2,19,-9.223446747861757,"[0.9999999999998899, 2.9999999999996696, 3.9999999999995595, 6.000000000000449]"
2026-03,seq_shrunk,g,3,1,-11.41921903647038,"[0.9999999999998899, 2.9999999999996696, 3.9999999999995595, 6.000000000000449]"
2026-03,joint_selected,m,0,227,-4.963785962340718,"[6.174078065200532, 75.65623924052584, 134.6939792301035, 206.53069307421117]"
2026-03,joint_selected,m,1,9,-5.225334564305397,"[6.174078065200532, 75.65623924052584, 134.6939792301035, 206.53069307421117]"
2026-03,joint_selected,m,2,1,-5.563502532893736,"[6.174078065200532, 75.65623924052584, 134.6939792301035, 206.53069307421117]"
2026-03,joint_selected,g,0,78,-4.7942486855407385,"[0.9999999999998899, 2.9999999999996696, 3.9999999999995595, 6.000000000000449]"
2026-03,joint_selected,g,1,139,-4.413312116257813,"[0.9999999999998899, 2.9999999999996696, 3.9999999999995595, 6.000000000000449]"
2026-03,joint_selected,g,2,19,-9.472262780762632,"[0.9999999999998899, 2.9999999999996696, 3.9999999999995595, 6.000000000000449]"
2026-03,joint_selected,g,3,1,-11.996152596481807,"[0.9999999999998899, 2.9999999999996696, 3.9999999999995595, 6.000000000000449]"
2026-03,joint_shrunk,m,0,227,-4.963785962340718,"[6.174078065200532, 75.65623924052584, 134.6939792301035, 206.53069307421117]"
2026-03,joint_shrunk,m,1,9,-5.225334564305397,"[6.174078065200532, 75.65623924052584, 134.6939792301035, 206.53069307421117]"
2026-03,joint_shrunk,m,2,1,-5.563502532893736,"[6.174078065200532, 75.65623924052584, 134.6939792301035, 206.53069307421117]"
2026-03,joint_shrunk,g,0,78,-4.7942486855407385,"[0.9999999999998899, 2.9999999999996696, 3.9999999999995595, 6.000000000000449]"
2026-03,joint_shrunk,g,1,139,-4.413312116257813,"[0.9999999999998899, 2.9999999999996696, 3.9999999999995595, 6.000000000000449]"
2026-03,joint_shrunk,g,2,19,-9.472262780762632,"[0.9999999999998899, 2.9999999999996696, 3.9999999999995595, 6.000000000000449]"
2026-03,joint_shrunk,g,3,1,-11.996152596481807,"[0.9999999999998899, 2.9999999999996696, 3.9999999999995595, 6.000000000000449]"
