sample,definition,variant,information,strategy,calibration,fold,n,loss_bp,below_rate
full,EQ,original,B,boosting,raw,2025-12,139,2.2104220084174053,0.2014388489208633
full,EQ,original,B,boosting,raw,2026-01,137,1.5736716837007094,0.18248175182481752
full,EQ,original,B,boosting,raw,2026-02,128,1.9692493568318377,0.1640625
full,EQ,original,B,boosting,raw,2026-03,105,2.7732268831931033,0.2571428571428571
full,EQ,original,B,linear,raw,2025-12,139,2.455687283587684,0.17985611510791366
full,EQ,original,B,linear,raw,2026-01,137,1.4984099952487226,0.08759124087591241
full,EQ,original,B,linear,raw,2026-02,128,1.909185778417434,0.171875
full,EQ,original,B,linear,raw,2026-03,105,2.755828351614538,0.34285714285714286
full,EQ,original,B,ml_selected,raw,2025-12,139,2.193727794669999,0.17266187050359713
full,EQ,original,B,ml_selected,raw,2026-01,137,1.4243812747445108,0.10036496350364964
full,EQ,original,B,ml_selected,raw,2026-02,128,1.8886385182617218,0.16015625
full,EQ,original,B,ml_selected,raw,2026-03,105,2.64677960577464,0.30238095238095236
full,EQ,original,B,qrf,raw,2025-12,139,2.1939241185919887,0.17266187050359713
full,EQ,original,B,qrf,raw,2026-01,137,1.420977541163544,0.0948905109489051
full,EQ,original,B,qrf,raw,2026-02,128,1.8784782487394889,0.15625
full,EQ,original,B,qrf,raw,2026-03,105,2.660634144593038,0.3047619047619048
full,EQ,original,B,threshold,raw,2025-12,139,2.5262490037179153,0.16546762589928057
full,EQ,original,B,threshold,raw,2026-01,137,1.4636258864469052,0.145985401459854
full,EQ,original,B,threshold,raw,2026-02,128,2.2379686308465208,0.1953125
full,EQ,original,B,threshold,raw,2026-03,105,2.9920421531957424,0.38095238095238093
full,EQ,original,F,boosting,raw,2025-12,139,2.161731873259092,0.17266187050359713
full,EQ,original,F,boosting,raw,2026-01,137,1.570041434666775,0.19708029197080293
full,EQ,original,F,boosting,raw,2026-02,128,1.9494042377524723,0.1796875
full,EQ,original,F,boosting,raw,2026-03,105,3.0812911639880993,0.3142857142857143
full,EQ,original,F,linear,raw,2025-12,139,2.515044162313872,0.17266187050359713
full,EQ,original,F,linear,raw,2026-01,137,1.5330934915577819,0.08759124087591241
full,EQ,original,F,linear,raw,2026-02,128,2.277364022251004,0.171875
full,EQ,original,F,linear,raw,2026-03,105,2.826188428757104,0.3523809523809524
full,EQ,original,F,ml_selected,raw,2025-12,139,2.1582630237944085,0.17446043165467626
full,EQ,original,F,ml_selected,raw,2026-01,137,1.4714372777898306,0.18248175182481752
full,EQ,original,F,ml_selected,raw,2026-02,128,1.8497512581975903,0.158203125
full,EQ,original,F,ml_selected,raw,2026-03,105,2.6868500486461193,0.2976190476190476
full,EQ,original,F,qrf,raw,2025-12,139,2.1713267979359365,0.17985611510791366
full,EQ,original,F,qrf,raw,2026-01,137,1.4698312143601564,0.18248175182481752
full,EQ,original,F,qrf,raw,2026-02,128,1.860672968267893,0.15625
full,EQ,original,F,qrf,raw,2026-03,105,2.6902239745196543,0.3142857142857143
full,EQ,original,F,threshold,raw,2025-12,139,2.372398878621799,0.17266187050359713
full,EQ,original,F,threshold,raw,2026-01,137,1.543559992372045,0.16058394160583941
full,EQ,original,F,threshold,raw,2026-02,128,2.4113342021528132,0.21875
full,EQ,original,F,threshold,raw,2026-03,105,3.128209234216438,0.38095238095238093
full,EQ,original,R,boosting,raw,2025-12,139,2.2230694017360193,0.19424460431654678
full,EQ,original,R,boosting,raw,2026-01,137,1.3899386709093213,0.12408759124087591
full,EQ,original,R,boosting,raw,2026-02,128,1.8822682910020616,0.1328125
full,EQ,original,R,boosting,raw,2026-03,105,2.7740225727092107,0.29523809523809524
full,EQ,original,R,linear,raw,2025-12,139,2.460673556074698,0.17985611510791366
full,EQ,original,R,linear,raw,2026-01,137,1.4984099952487226,0.08759124087591241
full,EQ,original,R,linear,raw,2026-02,128,1.9055565860051786,0.1640625
full,EQ,original,R,linear,raw,2026-03,105,2.797989561480535,0.37142857142857144
full,EQ,original,R,ml_selected,raw,2025-12,139,2.2230694017360193,0.19424460431654678
full,EQ,original,R,ml_selected,raw,2026-01,137,1.3899386709093213,0.12408759124087591
full,EQ,original,R,ml_selected,raw,2026-02,128,1.9066314601242336,0.162109375
full,EQ,original,R,ml_selected,raw,2026-03,105,2.6866861712824774,0.30238095238095236
full,EQ,original,R,qrf,raw,2025-12,139,2.2072833981291757,0.19424460431654678
full,EQ,original,R,qrf,raw,2026-01,137,1.4915163445902666,0.17518248175182483
full,EQ,original,R,qrf,raw,2026-02,128,1.912798332198872,0.1640625
full,EQ,original,R,qrf,raw,2026-03,105,2.7000514374223377,0.29523809523809524
full,EQ,original,R,threshold,raw,2025-12,139,2.2928691771876566,0.17985611510791366
full,EQ,original,R,threshold,raw,2026-01,137,1.4593246235134494,0.16058394160583941
full,EQ,original,R,threshold,raw,2026-02,128,1.8488296843987773,0.1640625
full,EQ,original,R,threshold,raw,2026-03,105,2.7759984089180065,0.3047619047619048
full,EQ,original,B,boosting,calibrated,2025-12,139,2.2138719824870847,0.08633093525179857
full,EQ,original,B,boosting,calibrated,2026-01,137,1.4787392355649545,0.13138686131386862
full,EQ,original,B,boosting,calibrated,2026-02,128,1.8412366179213957,0.1015625
full,EQ,original,B,boosting,calibrated,2026-03,105,2.2243877396545404,0.12380952380952381
full,EQ,original,B,linear,calibrated,2025-12,139,2.552780469758512,0.07913669064748201
full,EQ,original,B,linear,calibrated,2026-01,137,1.6436317698534388,0.08029197080291971
full,EQ,original,B,linear,calibrated,2026-02,128,1.8333716622808907,0.078125
full,EQ,original,B,linear,calibrated,2026-03,105,2.0084215397712604,0.13333333333333333
full,EQ,original,B,ml_selected,calibrated,2025-12,139,2.2320051860367642,0.08453237410071943
full,EQ,original,B,ml_selected,calibrated,2026-01,137,1.4798804039581672,0.10036496350364964
full,EQ,original,B,ml_selected,calibrated,2026-02,128,1.805070401985088,0.083984375
full,EQ,original,B,ml_selected,calibrated,2026-03,105,2.1106368670648674,0.1261904761904762
full,EQ,original,B,qrf,calibrated,2025-12,139,2.2342520247554996,0.08633093525179857
full,EQ,original,B,qrf,calibrated,2026-01,137,1.4742913306417265,0.10218978102189781
full,EQ,original,B,qrf,calibrated,2026-02,128,1.7945233105854834,0.0859375
full,EQ,original,B,qrf,calibrated,2026-03,105,2.1069360803138584,0.12380952380952381
full,EQ,original,B,threshold,calibrated,2025-12,139,2.6943413367248734,0.09352517985611511
full,EQ,original,B,threshold,calibrated,2026-01,137,1.5182737066158927,0.0948905109489051
full,EQ,original,B,threshold,calibrated,2026-02,128,2.0420614523614455,0.09375
full,EQ,original,B,threshold,calibrated,2026-03,105,2.013636462764174,0.1523809523809524
full,EQ,original,F,boosting,calibrated,2025-12,139,2.185344171001358,0.06474820143884892
full,EQ,original,F,boosting,calibrated,2026-01,137,1.4404478263924119,0.145985401459854
full,EQ,original,F,boosting,calibrated,2026-02,128,1.8227298519334187,0.09375
full,EQ,original,F,boosting,calibrated,2026-03,105,2.344133125784904,0.12380952380952381
full,EQ,original,F,linear,calibrated,2025-12,139,2.7544244733491072,0.08633093525179857
full,EQ,original,F,linear,calibrated,2026-01,137,1.689924826663614,0.072992700729927
full,EQ,original,F,linear,calibrated,2026-02,128,2.201939631829208,0.1171875
full,EQ,original,F,linear,calibrated,2026-03,105,2.070966094152966,0.1619047619047619
full,EQ,original,F,ml_selected,calibrated,2025-12,139,2.176910461076422,0.07553956834532374
full,EQ,original,F,ml_selected,calibrated,2026-01,137,1.3936107203243608,0.1332116788321168
full,EQ,original,F,ml_selected,calibrated,2026-02,128,1.7839725041349799,0.07421875
full,EQ,original,F,ml_selected,calibrated,2026-03,105,2.152190415611706,0.13095238095238096
full,EQ,original,F,qrf,calibrated,2025-12,139,2.1830107896420725,0.07913669064748201
full,EQ,original,F,qrf,calibrated,2026-01,137,1.3962709913522078,0.13138686131386862
full,EQ,original,F,qrf,calibrated,2026-02,128,1.7877221171083981,0.078125
full,EQ,original,F,qrf,calibrated,2026-03,105,2.1485222935180266,0.13333333333333333
full,EQ,original,F,threshold,calibrated,2025-12,139,2.4774847435109852,0.07194244604316546
full,EQ,original,F,threshold,calibrated,2026-01,137,1.530165583867746,0.10218978102189781
full,EQ,original,F,threshold,calibrated,2026-02,128,2.2241489836351973,0.109375
full,EQ,original,F,threshold,calibrated,2026-03,105,2.0754526918868255,0.18095238095238095
full,EQ,original,R,boosting,calibrated,2025-12,139,2.2043220163230828,0.08633093525179857
full,EQ,original,R,boosting,calibrated,2026-01,137,1.4528840788367714,0.0948905109489051
full,EQ,original,R,boosting,calibrated,2026-02,128,1.8472892786034787,0.1015625
full,EQ,original,R,boosting,calibrated,2026-03,105,2.240789441724684,0.11428571428571428
full,EQ,original,R,linear,calibrated,2025-12,139,2.5652848426682358,0.07913669064748201
full,EQ,original,R,linear,calibrated,2026-01,137,1.6436317698534388,0.08029197080291971
full,EQ,original,R,linear,calibrated,2026-02,128,1.8372757480203594,0.078125
full,EQ,original,R,linear,calibrated,2026-03,105,2.0922381910465497,0.1619047619047619
full,EQ,original,R,ml_selected,calibrated,2025-12,139,2.209720500669819,0.08633093525179857
full,EQ,original,R,ml_selected,calibrated,2026-01,137,1.4528840788367714,0.0948905109489051
full,EQ,original,R,ml_selected,calibrated,2026-02,128,1.8235864580034216,0.078125
full,EQ,original,R,ml_selected,calibrated,2026-03,105,2.0717085553340846,0.13333333333333333
full,EQ,original,R,qrf,calibrated,2025-12,139,2.2367885240488614,0.08633093525179857
full,EQ,original,R,qrf,calibrated,2026-01,137,1.4077721136019985,0.13138686131386862
full,EQ,original,R,qrf,calibrated,2026-02,128,1.831681787502476,0.078125
full,EQ,original,R,qrf,calibrated,2026-03,105,2.084934229713318,0.13333333333333333
full,EQ,original,R,threshold,calibrated,2025-12,139,2.453000835182325,0.07913669064748201
full,EQ,original,R,threshold,calibrated,2026-01,137,1.4274779296931561,0.11678832116788321
full,EQ,original,R,threshold,calibrated,2026-02,128,1.853887231553385,0.109375
full,EQ,original,R,threshold,calibrated,2026-03,105,2.182133168959079,0.12380952380952381
full,EQ,own_scale,B,boosting,raw,2025-12,139,2.183714986365521,0.19424460431654678
full,EQ,own_scale,B,boosting,raw,2026-01,137,1.5252568123418635,0.17518248175182483
full,EQ,own_scale,B,boosting,raw,2026-02,128,1.9692493568318377,0.1640625
full,EQ,own_scale,B,boosting,raw,2026-03,105,2.588347374626321,0.2761904761904762
full,EQ,own_scale,B,linear,raw,2025-12,139,2.455687283587684,0.17985611510791366
full,EQ,own_scale,B,linear,raw,2026-01,137,1.4905180545271255,0.0948905109489051
full,EQ,own_scale,B,linear,raw,2026-02,128,1.909185778417434,0.171875
full,EQ,own_scale,B,linear,raw,2026-03,105,2.623995401893994,0.3333333333333333
full,EQ,own_scale,B,ml_selected,raw,2025-12,139,2.23880031680913,0.18705035971223022
full,EQ,own_scale,B,ml_selected,raw,2026-01,137,1.4125486317597133,0.10401459854014598
full,EQ,own_scale,B,ml_selected,raw,2026-02,128,1.928826670149764,0.140625
full,EQ,own_scale,B,ml_selected,raw,2026-03,105,2.7447825945191067,0.3238095238095238
full,EQ,own_scale,B,qrf,raw,2025-12,139,2.233577907224274,0.18705035971223022
full,EQ,own_scale,B,qrf,raw,2026-01,137,1.4180731106240299,0.11678832116788321
full,EQ,own_scale,B,qrf,raw,2026-02,128,1.9221594289222366,0.140625
full,EQ,own_scale,B,qrf,raw,2026-03,105,2.723278611195691,0.3142857142857143
full,EQ,own_scale,B,threshold,raw,2025-12,139,2.524970559740581,0.16546762589928057
full,EQ,own_scale,B,threshold,raw,2026-01,137,1.4305970024157586,0.12408759124087591
full,EQ,own_scale,B,threshold,raw,2026-02,128,2.382157637879976,0.234375
full,EQ,own_scale,B,threshold,raw,2026-03,105,2.6836294320389795,0.3619047619047619
full,EQ,own_scale,F,boosting,raw,2025-12,139,2.1924991050531624,0.17985611510791366
full,EQ,own_scale,F,boosting,raw,2026-01,137,1.5084325388852997,0.18248175182481752
full,EQ,own_scale,F,boosting,raw,2026-02,128,1.881858671278165,0.1640625
full,EQ,own_scale,F,boosting,raw,2026-03,105,2.834629492320553,0.29523809523809524
full,EQ,own_scale,F,linear,raw,2025-12,139,2.515044162313872,0.17266187050359713
full,EQ,own_scale,F,linear,raw,2026-01,137,1.5027882637976853,0.10218978102189781
full,EQ,own_scale,F,linear,raw,2026-02,128,2.277364022251004,0.171875
full,EQ,own_scale,F,linear,raw,2026-03,105,2.790938414171091,0.3523809523809524
full,EQ,own_scale,F,ml_selected,raw,2025-12,139,2.151604349173513,0.16546762589928057
full,EQ,own_scale,F,ml_selected,raw,2026-01,137,1.4744373935240114,0.18248175182481752
full,EQ,own_scale,F,ml_selected,raw,2026-02,128,1.8530922223116946,0.15625
full,EQ,own_scale,F,ml_selected,raw,2026-03,105,2.628962866088754,0.3
full,EQ,own_scale,F,qrf,raw,2025-12,139,2.130069799763083,0.16546762589928057
full,EQ,own_scale,F,qrf,raw,2026-01,137,1.471004704130805,0.18248175182481752
full,EQ,own_scale,F,qrf,raw,2026-02,128,1.8504781934750814,0.15625
full,EQ,own_scale,F,qrf,raw,2026-03,105,2.652816090166957,0.3047619047619048
full,EQ,own_scale,F,threshold,raw,2025-12,139,2.3724591779994677,0.17985611510791366
full,EQ,own_scale,F,threshold,raw,2026-01,137,1.5091113952913173,0.16058394160583941
full,EQ,own_scale,F,threshold,raw,2026-02,128,2.01969255929942,0.1875
full,EQ,own_scale,F,threshold,raw,2026-03,105,2.7457909371848213,0.3238095238095238
full,EQ,own_scale,R,boosting,raw,2025-12,139,2.169464976407599,0.19424460431654678
full,EQ,own_scale,R,boosting,raw,2026-01,137,1.4103732508688906,0.13138686131386862
full,EQ,own_scale,R,boosting,raw,2026-02,128,1.9225026337663176,0.1484375
full,EQ,own_scale,R,boosting,raw,2026-03,105,2.523188684251134,0.2571428571428571
full,EQ,own_scale,R,linear,raw,2025-12,139,2.460673556074698,0.17985611510791366
full,EQ,own_scale,R,linear,raw,2026-01,137,1.4905180545271255,0.0948905109489051
full,EQ,own_scale,R,linear,raw,2026-02,128,1.9055565860051786,0.1640625
full,EQ,own_scale,R,linear,raw,2026-03,105,2.6559083615511425,0.34285714285714286
full,EQ,own_scale,R,ml_selected,raw,2025-12,139,2.228938449628036,0.20503597122302158
full,EQ,own_scale,R,ml_selected,raw,2026-01,137,1.420150420975923,0.14051094890510948
full,EQ,own_scale,R,ml_selected,raw,2026-02,128,1.9353837318892748,0.140625
full,EQ,own_scale,R,ml_selected,raw,2026-03,105,2.523188684251134,0.2571428571428571
full,EQ,own_scale,R,qrf,raw,2025-12,139,2.2231891192106294,0.2014388489208633
full,EQ,own_scale,R,qrf,raw,2026-01,137,1.3879513391302485,0.1386861313868613
full,EQ,own_scale,R,qrf,raw,2026-02,128,1.9326194219992918,0.140625
full,EQ,own_scale,R,qrf,raw,2026-03,105,2.6723035742235477,0.3142857142857143
full,EQ,own_scale,R,threshold,raw,2025-12,139,2.2937269447753037,0.17985611510791366
full,EQ,own_scale,R,threshold,raw,2026-01,137,1.3714760666459982,0.0948905109489051
full,EQ,own_scale,R,threshold,raw,2026-02,128,1.8037084243598471,0.1328125
full,EQ,own_scale,R,threshold,raw,2026-03,105,2.4961418439351504,0.22857142857142856
full,EQ,own_scale,B,boosting,calibrated,2025-12,139,2.2097114546833456,0.07913669064748201
full,EQ,own_scale,B,boosting,calibrated,2026-01,137,1.4590205205244127,0.13138686131386862
full,EQ,own_scale,B,boosting,calibrated,2026-02,128,1.8412366179213957,0.1015625
full,EQ,own_scale,B,boosting,calibrated,2026-03,105,2.168798350645949,0.13333333333333333
full,EQ,own_scale,B,linear,calibrated,2025-12,139,2.552780469758512,0.07913669064748201
full,EQ,own_scale,B,linear,calibrated,2026-01,137,1.6370002405686186,0.08029197080291971
full,EQ,own_scale,B,linear,calibrated,2026-02,128,1.8333716622808907,0.078125
full,EQ,own_scale,B,linear,calibrated,2026-03,105,2.029411590939979,0.13333333333333333
full,EQ,own_scale,B,ml_selected,calibrated,2025-12,139,2.243678565486059,0.07194244604316546
full,EQ,own_scale,B,ml_selected,calibrated,2026-01,137,1.467654371469362,0.09854014598540146
full,EQ,own_scale,B,ml_selected,calibrated,2026-02,128,1.9145136693552771,0.109375
full,EQ,own_scale,B,ml_selected,calibrated,2026-03,105,2.0865201421821555,0.1380952380952381
full,EQ,own_scale,B,qrf,calibrated,2025-12,139,2.2423020276642633,0.07194244604316546
full,EQ,own_scale,B,qrf,calibrated,2026-01,137,1.4774239146365997,0.10218978102189781
full,EQ,own_scale,B,qrf,calibrated,2026-02,128,1.9064659465905103,0.109375
full,EQ,own_scale,B,qrf,calibrated,2026-03,105,2.0803768080613536,0.14285714285714285
full,EQ,own_scale,B,threshold,calibrated,2025-12,139,2.6968204531128706,0.09352517985611511
full,EQ,own_scale,B,threshold,calibrated,2026-01,137,1.5093383514613032,0.08029197080291971
full,EQ,own_scale,B,threshold,calibrated,2026-02,128,2.2080503179824538,0.109375
full,EQ,own_scale,B,threshold,calibrated,2026-03,105,2.0474029143923866,0.19047619047619047
full,EQ,own_scale,F,boosting,calibrated,2025-12,139,2.1959301883196027,0.07194244604316546
full,EQ,own_scale,F,boosting,calibrated,2026-01,137,1.4302134985146313,0.13138686131386862
full,EQ,own_scale,F,boosting,calibrated,2026-02,128,1.8052587069317756,0.0859375
full,EQ,own_scale,F,boosting,calibrated,2026-03,105,2.282039901574232,0.13333333333333333
full,EQ,own_scale,F,linear,calibrated,2025-12,139,2.7548079138563413,0.07913669064748201
full,EQ,own_scale,F,linear,calibrated,2026-01,137,1.6505604502453013,0.08029197080291971
full,EQ,own_scale,F,linear,calibrated,2026-02,128,2.201939631829208,0.1171875
full,EQ,own_scale,F,linear,calibrated,2026-03,105,2.057165355017359,0.1619047619047619
full,EQ,own_scale,F,ml_selected,calibrated,2025-12,139,2.176827166473641,0.07733812949640288
full,EQ,own_scale,F,ml_selected,calibrated,2026-01,137,1.4017222261861366,0.14233576642335766
full,EQ,own_scale,F,ml_selected,calibrated,2026-02,128,1.7952308079879726,0.076171875
full,EQ,own_scale,F,ml_selected,calibrated,2026-03,105,2.1597684539601776,0.14285714285714285
full,EQ,own_scale,F,qrf,calibrated,2025-12,139,2.1726979842853185,0.07194244604316546
full,EQ,own_scale,F,qrf,calibrated,2026-01,137,1.4008077310993752,0.1386861313868613
full,EQ,own_scale,F,qrf,calibrated,2026-02,128,1.78647227836153,0.078125
full,EQ,own_scale,F,qrf,calibrated,2026-03,105,2.160839924385787,0.14285714285714285
full,EQ,own_scale,F,threshold,calibrated,2025-12,139,2.457532421801429,0.07194244604316546
full,EQ,own_scale,F,threshold,calibrated,2026-01,137,1.4750344479391275,0.10948905109489052
full,EQ,own_scale,F,threshold,calibrated,2026-02,128,1.9621295979499354,0.09375
full,EQ,own_scale,F,threshold,calibrated,2026-03,105,2.1032590246039193,0.18095238095238095
full,EQ,own_scale,R,boosting,calibrated,2025-12,139,2.2163899526134205,0.07913669064748201
full,EQ,own_scale,R,boosting,calibrated,2026-01,137,1.5206882105307076,0.11678832116788321
full,EQ,own_scale,R,boosting,calibrated,2026-02,128,1.8170194034770621,0.1015625
full,EQ,own_scale,R,boosting,calibrated,2026-03,105,2.1950127632177354,0.12380952380952381
full,EQ,own_scale,R,linear,calibrated,2025-12,139,2.5652848426682358,0.07913669064748201
full,EQ,own_scale,R,linear,calibrated,2026-01,137,1.6370002405686186,0.08029197080291971
full,EQ,own_scale,R,linear,calibrated,2026-02,128,1.8372757480203594,0.078125
full,EQ,own_scale,R,linear,calibrated,2026-03,105,2.039765595044122,0.13333333333333333
full,EQ,own_scale,R,ml_selected,calibrated,2025-12,139,2.2288708583005614,0.07913669064748201
full,EQ,own_scale,R,ml_selected,calibrated,2026-01,137,1.5140333519085443,0.11131386861313869
full,EQ,own_scale,R,ml_selected,calibrated,2026-02,128,1.9045434101097962,0.08984375
full,EQ,own_scale,R,ml_selected,calibrated,2026-03,105,2.184529520309806,0.12380952380952381
full,EQ,own_scale,R,qrf,calibrated,2025-12,139,2.2279141060376246,0.07913669064748201
full,EQ,own_scale,R,qrf,calibrated,2026-01,137,1.3857447002984236,0.0948905109489051
full,EQ,own_scale,R,qrf,calibrated,2026-02,128,1.8988896157105706,0.09375
full,EQ,own_scale,R,qrf,calibrated,2026-03,105,2.098859499074107,0.13333333333333333
full,EQ,own_scale,R,threshold,calibrated,2025-12,139,2.4515302741768807,0.07913669064748201
full,EQ,own_scale,R,threshold,calibrated,2026-01,137,1.421602067538307,0.072992700729927
full,EQ,own_scale,R,threshold,calibrated,2026-02,128,1.8352935170698181,0.109375
full,EQ,own_scale,R,threshold,calibrated,2026-03,105,2.2362683538019037,0.14285714285714285
full,CAP,original,B,boosting,raw,2025-12,139,1.2132774406677658,0.1079136690647482
full,CAP,original,B,boosting,raw,2026-01,137,1.0619017405732218,0.16058394160583941
full,CAP,original,B,boosting,raw,2026-02,128,1.28439150677488,0.109375
full,CAP,original,B,boosting,raw,2026-03,105,1.8987987298336193,0.21904761904761905
full,CAP,original,B,linear,raw,2025-12,139,1.3691391263936106,0.1366906474820144
full,CAP,original,B,linear,raw,2026-01,137,1.0502930106193007,0.08759124087591241
full,CAP,original,B,linear,raw,2026-02,128,1.348242772461995,0.109375
full,CAP,original,B,linear,raw,2026-03,105,1.762725768366836,0.22857142857142856
full,CAP,original,B,ml_selected,raw,2025-12,139,1.2132774406677658,0.1079136690647482
full,CAP,original,B,ml_selected,raw,2026-01,137,1.0619017405732218,0.16058394160583941
full,CAP,original,B,ml_selected,raw,2026-02,128,1.28439150677488,0.109375
full,CAP,original,B,ml_selected,raw,2026-03,105,1.8987987298336193,0.21904761904761905
full,CAP,original,B,qrf,raw,2025-12,139,1.1343049497123971,0.11510791366906475
full,CAP,original,B,qrf,raw,2026-01,137,1.0886595755280695,0.15328467153284672
full,CAP,original,B,qrf,raw,2026-02,128,1.2418750883347922,0.09375
full,CAP,original,B,qrf,raw,2026-03,105,1.8349691173376423,0.22857142857142856
full,CAP,original,B,threshold,raw,2025-12,139,1.1985418382322042,0.11510791366906475
full,CAP,original,B,threshold,raw,2026-01,137,1.1095144658303313,0.145985401459854
full,CAP,original,B,threshold,raw,2026-02,128,1.2670974267474733,0.1015625
full,CAP,original,B,threshold,raw,2026-03,105,1.8208998895814177,0.22857142857142856
full,CAP,original,F,boosting,raw,2025-12,139,1.2308788954829866,0.1079136690647482
full,CAP,original,F,boosting,raw,2026-01,137,1.0764034187104525,0.16058394160583941
full,CAP,original,F,boosting,raw,2026-02,128,1.286082982044375,0.109375
full,CAP,original,F,boosting,raw,2026-03,105,1.9094413153539174,0.21904761904761905
full,CAP,original,F,linear,raw,2025-12,139,1.3691391263936106,0.1366906474820144
full,CAP,original,F,linear,raw,2026-01,137,1.0502930106193007,0.08759124087591241
full,CAP,original,F,linear,raw,2026-02,128,1.348242772461995,0.109375
full,CAP,original,F,linear,raw,2026-03,105,1.7265280917133237,0.21904761904761905
full,CAP,original,F,ml_selected,raw,2025-12,139,1.2308788954829866,0.1079136690647482
full,CAP,original,F,ml_selected,raw,2026-01,137,1.0764034187104525,0.16058394160583941
full,CAP,original,F,ml_selected,raw,2026-02,128,1.286082982044375,0.109375
full,CAP,original,F,ml_selected,raw,2026-03,105,1.818088958279326,0.21904761904761905
full,CAP,original,F,qrf,raw,2025-12,139,1.118957666651464,0.1223021582733813
full,CAP,original,F,qrf,raw,2026-01,137,1.1115224390092209,0.1678832116788321
full,CAP,original,F,qrf,raw,2026-02,128,1.2283865069757942,0.09375
full,CAP,original,F,qrf,raw,2026-03,105,1.8110334591041781,0.21904761904761905
full,CAP,original,F,threshold,raw,2025-12,139,1.2016742348948266,0.12949640287769784
full,CAP,original,F,threshold,raw,2026-01,137,1.107882498061713,0.1386861313868613
full,CAP,original,F,threshold,raw,2026-02,128,1.254953111386749,0.1015625
full,CAP,original,F,threshold,raw,2026-03,105,1.7905866717051782,0.19047619047619047
full,CAP,original,R,boosting,raw,2025-12,139,1.1923948778688092,0.1079136690647482
full,CAP,original,R,boosting,raw,2026-01,137,1.0599892103171402,0.16058394160583941
full,CAP,original,R,boosting,raw,2026-02,128,1.2852833816143798,0.109375
full,CAP,original,R,boosting,raw,2026-03,105,1.8922187941578021,0.22857142857142856
full,CAP,original,R,linear,raw,2025-12,139,1.3691391263936106,0.1366906474820144
full,CAP,original,R,linear,raw,2026-01,137,1.0502930106193007,0.08759124087591241
full,CAP,original,R,linear,raw,2026-02,128,1.348242772461995,0.109375
full,CAP,original,R,linear,raw,2026-03,105,1.7706892035408186,0.21904761904761905
full,CAP,original,R,ml_selected,raw,2025-12,139,1.1923948778688092,0.1079136690647482
full,CAP,original,R,ml_selected,raw,2026-01,137,1.0599892103171402,0.16058394160583941
full,CAP,original,R,ml_selected,raw,2026-02,128,1.2852833816143798,0.109375
full,CAP,original,R,ml_selected,raw,2026-03,105,1.8078367157061397,0.24761904761904763
full,CAP,original,R,qrf,raw,2025-12,139,1.161171701675032,0.11510791366906475
full,CAP,original,R,qrf,raw,2026-01,137,1.0839556015221254,0.15328467153284672
full,CAP,original,R,qrf,raw,2026-02,128,1.239736074745811,0.0859375
full,CAP,original,R,qrf,raw,2026-03,105,1.8052477599031902,0.24761904761904763
full,CAP,original,R,threshold,raw,2025-12,139,1.1904071224696058,0.1079136690647482
full,CAP,original,R,threshold,raw,2026-01,137,1.1221182565703967,0.1678832116788321
full,CAP,original,R,threshold,raw,2026-02,128,1.267813286155158,0.109375
full,CAP,original,R,threshold,raw,2026-03,105,1.7445069081166698,0.22857142857142856
full,CAP,original,B,boosting,calibrated,2025-12,139,1.37025256490307,0.050359712230215826
full,CAP,original,B,boosting,calibrated,2026-01,137,1.0381217190041478,0.10948905109489052
full,CAP,original,B,boosting,calibrated,2026-02,128,1.3052990665792885,0.0859375
full,CAP,original,B,boosting,calibrated,2026-03,105,1.71107888398603,0.13333333333333333
full,CAP,original,B,linear,calibrated,2025-12,139,1.9215567364679365,0.04316546762589928
full,CAP,original,B,linear,calibrated,2026-01,137,1.0782130460700428,0.10218978102189781
full,CAP,original,B,linear,calibrated,2026-02,128,1.3713819190255547,0.1015625
full,CAP,original,B,linear,calibrated,2026-03,105,1.6062763374237672,0.14285714285714285
full,CAP,original,B,ml_selected,calibrated,2025-12,139,1.37025256490307,0.050359712230215826
full,CAP,original,B,ml_selected,calibrated,2026-01,137,1.0381217190041478,0.10948905109489052
full,CAP,original,B,ml_selected,calibrated,2026-02,128,1.3052990665792885,0.0859375
full,CAP,original,B,ml_selected,calibrated,2026-03,105,1.71107888398603,0.13333333333333333
full,CAP,original,B,qrf,calibrated,2025-12,139,1.435708402355375,0.05755395683453238
full,CAP,original,B,qrf,calibrated,2026-01,137,1.064189812238609,0.12408759124087591
full,CAP,original,B,qrf,calibrated,2026-02,128,1.2807266453624857,0.0703125
full,CAP,original,B,qrf,calibrated,2026-03,105,1.6643630203865396,0.1619047619047619
full,CAP,original,B,threshold,calibrated,2025-12,139,1.8623691823837987,0.04316546762589928
full,CAP,original,B,threshold,calibrated,2026-01,137,1.11127731083249,0.13138686131386862
full,CAP,original,B,threshold,calibrated,2026-02,128,1.3063605018701745,0.0703125
full,CAP,original,B,threshold,calibrated,2026-03,105,1.6375381399242426,0.13333333333333333
full,CAP,original,F,boosting,calibrated,2025-12,139,1.37925837965554,0.03597122302158273
full,CAP,original,F,boosting,calibrated,2026-01,137,1.06576424151494,0.11678832116788321
full,CAP,original,F,boosting,calibrated,2026-02,128,1.313124811274125,0.078125
full,CAP,original,F,boosting,calibrated,2026-03,105,1.7302801311859417,0.12380952380952381
full,CAP,original,F,linear,calibrated,2025-12,139,1.9215567364679365,0.04316546762589928
full,CAP,original,F,linear,calibrated,2026-01,137,1.0782130460700428,0.10218978102189781
full,CAP,original,F,linear,calibrated,2026-02,128,1.3713819190255547,0.1015625
full,CAP,original,F,linear,calibrated,2026-03,105,1.5904459192660085,0.1619047619047619
full,CAP,original,F,ml_selected,calibrated,2025-12,139,1.37925837965554,0.03597122302158273
full,CAP,original,F,ml_selected,calibrated,2026-01,137,1.06576424151494,0.11678832116788321
full,CAP,original,F,ml_selected,calibrated,2026-02,128,1.313124811274125,0.078125
full,CAP,original,F,ml_selected,calibrated,2026-03,105,1.6576482855180836,0.1595238095238095
full,CAP,original,F,qrf,calibrated,2025-12,139,1.4104524389399475,0.050359712230215826
full,CAP,original,F,qrf,calibrated,2026-01,137,1.0705284301900246,0.10948905109489052
full,CAP,original,F,qrf,calibrated,2026-02,128,1.2876738843428048,0.078125
full,CAP,original,F,qrf,calibrated,2026-03,105,1.6588486710609451,0.1619047619047619
full,CAP,original,F,threshold,calibrated,2025-12,139,1.8660143683792885,0.050359712230215826
full,CAP,original,F,threshold,calibrated,2026-01,137,1.1290767692910355,0.12408759124087591
full,CAP,original,F,threshold,calibrated,2026-02,128,1.2937018578987318,0.09375
full,CAP,original,F,threshold,calibrated,2026-03,105,1.695261333486967,0.12380952380952381
full,CAP,original,R,boosting,calibrated,2025-12,139,1.3891424917562127,0.050359712230215826
full,CAP,original,R,boosting,calibrated,2026-01,137,1.046616577235127,0.11678832116788321
full,CAP,original,R,boosting,calibrated,2026-02,128,1.309056788988055,0.0859375
full,CAP,original,R,boosting,calibrated,2026-03,105,1.69884124097283,0.14285714285714285
full,CAP,original,R,linear,calibrated,2025-12,139,1.9215567364679365,0.04316546762589928
full,CAP,original,R,linear,calibrated,2026-01,137,1.0782130460700428,0.10218978102189781
full,CAP,original,R,linear,calibrated,2026-02,128,1.3713819190255547,0.1015625
full,CAP,original,R,linear,calibrated,2026-03,105,1.6091180755411443,0.13333333333333333
full,CAP,original,R,ml_selected,calibrated,2025-12,139,1.3891424917562127,0.050359712230215826
full,CAP,original,R,ml_selected,calibrated,2026-01,137,1.046616577235127,0.11678832116788321
full,CAP,original,R,ml_selected,calibrated,2026-02,128,1.309056788988055,0.0859375
full,CAP,original,R,ml_selected,calibrated,2026-03,105,1.6499213403798316,0.1523809523809524
full,CAP,original,R,qrf,calibrated,2025-12,139,1.4554790125857398,0.05755395683453238
full,CAP,original,R,qrf,calibrated,2026-01,137,1.071483254576312,0.13138686131386862
full,CAP,original,R,qrf,calibrated,2026-02,128,1.2875540496721152,0.0703125
full,CAP,original,R,qrf,calibrated,2026-03,105,1.6450751949591123,0.1523809523809524
full,CAP,original,R,threshold,calibrated,2025-12,139,1.9180777567976963,0.03597122302158273
full,CAP,original,R,threshold,calibrated,2026-01,137,1.0817087462503026,0.11678832116788321
full,CAP,original,R,threshold,calibrated,2026-02,128,1.2886860143139083,0.0625
full,CAP,original,R,threshold,calibrated,2026-03,105,1.6342865290151372,0.12380952380952381
full,CAP,own_scale,B,boosting,raw,2025-12,139,1.2132774406677658,0.1079136690647482
full,CAP,own_scale,B,boosting,raw,2026-01,137,1.0619017405732218,0.16058394160583941
full,CAP,own_scale,B,boosting,raw,2026-02,128,1.28439150677488,0.109375
full,CAP,own_scale,B,boosting,raw,2026-03,105,1.895773155517435,0.21904761904761905
full,CAP,own_scale,B,linear,raw,2025-12,139,1.3691391263936106,0.1366906474820144
full,CAP,own_scale,B,linear,raw,2026-01,137,1.0502930106193007,0.08759124087591241
full,CAP,own_scale,B,linear,raw,2026-02,128,1.348242772461995,0.109375
full,CAP,own_scale,B,linear,raw,2026-03,105,1.7130035667448247,0.21904761904761905
full,CAP,own_scale,B,ml_selected,raw,2025-12,139,1.2132774406677658,0.1079136690647482
full,CAP,own_scale,B,ml_selected,raw,2026-01,137,1.0619017405732218,0.16058394160583941
full,CAP,own_scale,B,ml_selected,raw,2026-02,128,1.28439150677488,0.109375
full,CAP,own_scale,B,ml_selected,raw,2026-03,105,1.895773155517435,0.21904761904761905
full,CAP,own_scale,B,qrf,raw,2025-12,139,1.1537971364416533,0.1223021582733813
full,CAP,own_scale,B,qrf,raw,2026-01,137,1.132702117283499,0.17518248175182483
full,CAP,own_scale,B,qrf,raw,2026-02,128,1.2398841717967897,0.09375
full,CAP,own_scale,B,qrf,raw,2026-03,105,1.8329753207598736,0.23809523809523808
full,CAP,own_scale,B,threshold,raw,2025-12,139,1.228326505775216,0.1366906474820144
full,CAP,own_scale,B,threshold,raw,2026-01,137,1.1134611378679582,0.145985401459854
full,CAP,own_scale,B,threshold,raw,2026-02,128,1.2635887524089493,0.1015625
full,CAP,own_scale,B,threshold,raw,2026-03,105,1.8222832745293422,0.22857142857142856
full,CAP,own_scale,F,boosting,raw,2025-12,139,1.2308788954829866,0.1079136690647482
full,CAP,own_scale,F,boosting,raw,2026-01,137,1.0764034187104525,0.16058394160583941
full,CAP,own_scale,F,boosting,raw,2026-02,128,1.286082982044375,0.109375
full,CAP,own_scale,F,boosting,raw,2026-03,105,1.9083787354822896,0.21904761904761905
full,CAP,own_scale,F,linear,raw,2025-12,139,1.3691391263936106,0.1366906474820144
full,CAP,own_scale,F,linear,raw,2026-01,137,1.0502930106193007,0.08759124087591241
full,CAP,own_scale,F,linear,raw,2026-02,128,1.348242772461995,0.109375
full,CAP,own_scale,F,linear,raw,2026-03,105,1.8592318045428877,0.2571428571428571
full,CAP,own_scale,F,ml_selected,raw,2025-12,139,1.2308788954829866,0.1079136690647482
full,CAP,own_scale,F,ml_selected,raw,2026-01,137,1.0764034187104525,0.16058394160583941
full,CAP,own_scale,F,ml_selected,raw,2026-02,128,1.286082982044375,0.109375
full,CAP,own_scale,F,ml_selected,raw,2026-03,105,1.8245876814663928,0.21904761904761905
full,CAP,own_scale,F,qrf,raw,2025-12,139,1.226354812114269,0.1366906474820144
full,CAP,own_scale,F,qrf,raw,2026-01,137,1.1058211056338214,0.16058394160583941
full,CAP,own_scale,F,qrf,raw,2026-02,128,1.2420079129119586,0.09375
full,CAP,own_scale,F,qrf,raw,2026-03,105,1.81315404131319,0.21904761904761905
full,CAP,own_scale,F,threshold,raw,2025-12,139,1.2136644586679985,0.12949640287769784
full,CAP,own_scale,F,threshold,raw,2026-01,137,1.1118489809398608,0.1386861313868613
full,CAP,own_scale,F,threshold,raw,2026-02,128,1.313112708162464,0.1171875
full,CAP,own_scale,F,threshold,raw,2026-03,105,1.7782666281849062,0.20952380952380953
full,CAP,own_scale,R,boosting,raw,2025-12,139,1.193282523038332,0.1079136690647482
full,CAP,own_scale,R,boosting,raw,2026-01,137,1.0599892103171402,0.16058394160583941
full,CAP,own_scale,R,boosting,raw,2026-02,128,1.2852833816143798,0.109375
full,CAP,own_scale,R,boosting,raw,2026-03,105,1.8881843507760607,0.21904761904761905
full,CAP,own_scale,R,linear,raw,2025-12,139,1.3691391263936106,0.1366906474820144
full,CAP,own_scale,R,linear,raw,2026-01,137,1.0502930106193007,0.08759124087591241
full,CAP,own_scale,R,linear,raw,2026-02,128,1.348242772461995,0.109375
full,CAP,own_scale,R,linear,raw,2026-03,105,1.7530425131046594,0.21904761904761905
full,CAP,own_scale,R,ml_selected,raw,2025-12,139,1.193282523038332,0.1079136690647482
full,CAP,own_scale,R,ml_selected,raw,2026-01,137,1.0599892103171402,0.16058394160583941
full,CAP,own_scale,R,ml_selected,raw,2026-02,128,1.2852833816143798,0.109375
full,CAP,own_scale,R,ml_selected,raw,2026-03,105,1.8881843507760607,0.21904761904761905
full,CAP,own_scale,R,qrf,raw,2025-12,139,1.2144656024164817,0.1366906474820144
full,CAP,own_scale,R,qrf,raw,2026-01,137,1.1265688215459537,0.18248175182481752
full,CAP,own_scale,R,qrf,raw,2026-02,128,1.2342180250462746,0.1015625
full,CAP,own_scale,R,qrf,raw,2026-03,105,1.8333240964596522,0.24761904761904763
full,CAP,own_scale,R,threshold,raw,2025-12,139,1.1732096805216554,0.10071942446043165
full,CAP,own_scale,R,threshold,raw,2026-01,137,1.1109037327397693,0.15328467153284672
full,CAP,own_scale,R,threshold,raw,2026-02,128,1.2667046288630759,0.1015625
full,CAP,own_scale,R,threshold,raw,2026-03,105,1.717616432658761,0.22857142857142856
full,CAP,own_scale,B,boosting,calibrated,2025-12,139,1.37025256490307,0.050359712230215826
full,CAP,own_scale,B,boosting,calibrated,2026-01,137,1.0381217190041478,0.10948905109489052
full,CAP,own_scale,B,boosting,calibrated,2026-02,128,1.3052990665792885,0.0859375
full,CAP,own_scale,B,boosting,calibrated,2026-03,105,1.7127108819468855,0.13333333333333333
full,CAP,own_scale,B,linear,calibrated,2025-12,139,1.9215567364679365,0.04316546762589928
full,CAP,own_scale,B,linear,calibrated,2026-01,137,1.0782130460700428,0.10218978102189781
full,CAP,own_scale,B,linear,calibrated,2026-02,128,1.3713819190255547,0.1015625
full,CAP,own_scale,B,linear,calibrated,2026-03,105,1.5716826641564943,0.14285714285714285
full,CAP,own_scale,B,ml_selected,calibrated,2025-12,139,1.37025256490307,0.050359712230215826
full,CAP,own_scale,B,ml_selected,calibrated,2026-01,137,1.0381217190041478,0.10948905109489052
full,CAP,own_scale,B,ml_selected,calibrated,2026-02,128,1.3052990665792885,0.0859375
full,CAP,own_scale,B,ml_selected,calibrated,2026-03,105,1.7127108819468855,0.13333333333333333
full,CAP,own_scale,B,qrf,calibrated,2025-12,139,1.4478681452154658,0.05755395683453238
full,CAP,own_scale,B,qrf,calibrated,2026-01,137,1.0429756646524926,0.1386861313868613
full,CAP,own_scale,B,qrf,calibrated,2026-02,128,1.2817261151424013,0.0703125
full,CAP,own_scale,B,qrf,calibrated,2026-03,105,1.6582192738426502,0.1523809523809524
full,CAP,own_scale,B,threshold,calibrated,2025-12,139,1.9163432507963807,0.05755395683453238
full,CAP,own_scale,B,threshold,calibrated,2026-01,137,1.1120990406541085,0.12408759124087591
full,CAP,own_scale,B,threshold,calibrated,2026-02,128,1.3024722097754733,0.0546875
full,CAP,own_scale,B,threshold,calibrated,2026-03,105,1.633073146526484,0.13333333333333333
full,CAP,own_scale,F,boosting,calibrated,2025-12,139,1.37925837965554,0.03597122302158273
full,CAP,own_scale,F,boosting,calibrated,2026-01,137,1.06576424151494,0.11678832116788321
full,CAP,own_scale,F,boosting,calibrated,2026-02,128,1.313124811274125,0.078125
full,CAP,own_scale,F,boosting,calibrated,2026-03,105,1.728935997555396,0.12380952380952381
full,CAP,own_scale,F,linear,calibrated,2025-12,139,1.9215567364679365,0.04316546762589928
full,CAP,own_scale,F,linear,calibrated,2026-01,137,1.0782130460700428,0.10218978102189781
full,CAP,own_scale,F,linear,calibrated,2026-02,128,1.3713819190255547,0.1015625
full,CAP,own_scale,F,linear,calibrated,2026-03,105,1.586078779222411,0.1523809523809524
full,CAP,own_scale,F,ml_selected,calibrated,2025-12,139,1.37925837965554,0.03597122302158273
full,CAP,own_scale,F,ml_selected,calibrated,2026-01,137,1.06576424151494,0.11678832116788321
full,CAP,own_scale,F,ml_selected,calibrated,2026-02,128,1.313124811274125,0.078125
full,CAP,own_scale,F,ml_selected,calibrated,2026-03,105,1.6523844512990566,0.1595238095238095
full,CAP,own_scale,F,qrf,calibrated,2025-12,139,1.4492123801316974,0.03597122302158273
full,CAP,own_scale,F,qrf,calibrated,2026-01,137,1.0660241732167859,0.10948905109489052
full,CAP,own_scale,F,qrf,calibrated,2026-02,128,1.284710411879459,0.0703125
full,CAP,own_scale,F,qrf,calibrated,2026-03,105,1.6527264870798952,0.1619047619047619
full,CAP,own_scale,F,threshold,calibrated,2025-12,139,1.9252650128801607,0.050359712230215826
full,CAP,own_scale,F,threshold,calibrated,2026-01,137,1.1072606887413259,0.11678832116788321
full,CAP,own_scale,F,threshold,calibrated,2026-02,128,1.32713572821647,0.0703125
full,CAP,own_scale,F,threshold,calibrated,2026-03,105,1.6111175986418795,0.12380952380952381
full,CAP,own_scale,R,boosting,calibrated,2025-12,139,1.38876178325589,0.050359712230215826
full,CAP,own_scale,R,boosting,calibrated,2026-01,137,1.0466284418925267,0.11678832116788321
full,CAP,own_scale,R,boosting,calibrated,2026-02,128,1.309056788988055,0.0859375
full,CAP,own_scale,R,boosting,calibrated,2026-03,105,1.702312627086523,0.13333333333333333
full,CAP,own_scale,R,linear,calibrated,2025-12,139,1.9215567364679365,0.04316546762589928
full,CAP,own_scale,R,linear,calibrated,2026-01,137,1.0782130460700428,0.10218978102189781
full,CAP,own_scale,R,linear,calibrated,2026-02,128,1.3713819190255547,0.1015625
full,CAP,own_scale,R,linear,calibrated,2026-03,105,1.6079760807375543,0.13333333333333333
full,CAP,own_scale,R,ml_selected,calibrated,2025-12,139,1.38876178325589,0.050359712230215826
full,CAP,own_scale,R,ml_selected,calibrated,2026-01,137,1.0466284418925267,0.11678832116788321
full,CAP,own_scale,R,ml_selected,calibrated,2026-02,128,1.309056788988055,0.0859375
full,CAP,own_scale,R,ml_selected,calibrated,2026-03,105,1.702312627086523,0.13333333333333333
full,CAP,own_scale,R,qrf,calibrated,2025-12,139,1.4878744543609954,0.05755395683453238
full,CAP,own_scale,R,qrf,calibrated,2026-01,137,1.0465848123930006,0.13138686131386862
full,CAP,own_scale,R,qrf,calibrated,2026-02,128,1.2854933944133697,0.078125
full,CAP,own_scale,R,qrf,calibrated,2026-03,105,1.6495118878622055,0.14285714285714285
full,CAP,own_scale,R,threshold,calibrated,2025-12,139,1.8243302297191615,0.03597122302158273
full,CAP,own_scale,R,threshold,calibrated,2026-01,137,1.0833011977098022,0.11678832116788321
full,CAP,own_scale,R,threshold,calibrated,2026-02,128,1.2954871858858257,0.0703125
full,CAP,own_scale,R,threshold,calibrated,2026-03,105,1.662791792614913,0.11428571428571428
full,PCA,original,B,boosting,raw,2025-12,139,2.193631470529482,0.19424460431654678
full,PCA,original,B,boosting,raw,2026-01,137,1.54205557765671,0.17518248175182483
full,PCA,original,B,boosting,raw,2026-02,128,1.9286648408516442,0.1640625
full,PCA,original,B,boosting,raw,2026-03,105,2.668766951204866,0.2761904761904762
full,PCA,original,B,linear,raw,2025-12,139,2.4447169919187974,0.17985611510791366
full,PCA,original,B,linear,raw,2026-01,137,1.4394076079104132,0.10218978102189781
full,PCA,original,B,linear,raw,2026-02,128,1.8842039533809385,0.171875
full,PCA,original,B,linear,raw,2026-03,105,2.735413138017557,0.3523809523809524
full,PCA,original,B,ml_selected,raw,2025-12,139,2.1674843377130735,0.17805755395683454
full,PCA,original,B,ml_selected,raw,2026-01,137,1.405449016359476,0.09671532846715329
full,PCA,original,B,ml_selected,raw,2026-02,128,1.8875412571011925,0.140625
full,PCA,original,B,ml_selected,raw,2026-03,105,2.6083602988776464,0.30238095238095236
full,PCA,original,B,qrf,raw,2025-12,139,2.159371938336614,0.17985611510791366
full,PCA,original,B,qrf,raw,2026-01,137,1.395194648094258,0.08759124087591241
full,PCA,original,B,qrf,raw,2026-02,128,1.8808136346290876,0.140625
full,PCA,original,B,qrf,raw,2026-03,105,2.6086842193979085,0.3047619047619048
full,PCA,original,B,threshold,raw,2025-12,139,2.791407511402722,0.18705035971223022
full,PCA,original,B,threshold,raw,2026-01,137,1.4533179322818772,0.1386861313868613
full,PCA,original,B,threshold,raw,2026-02,128,2.1867471082976255,0.1953125
full,PCA,original,B,threshold,raw,2026-03,105,2.9548904381285936,0.37142857142857144
full,PCA,original,F,boosting,raw,2025-12,139,2.150715829674927,0.17985611510791366
full,PCA,original,F,boosting,raw,2026-01,137,1.5457577128734958,0.19708029197080293
full,PCA,original,F,boosting,raw,2026-02,128,1.9129925833329546,0.171875
full,PCA,original,F,boosting,raw,2026-03,105,2.9994204526069455,0.3142857142857143
full,PCA,original,F,linear,raw,2025-12,139,2.5040415007695653,0.17266187050359713
full,PCA,original,F,linear,raw,2026-01,137,1.5224663008279222,0.08759124087591241
full,PCA,original,F,linear,raw,2026-02,128,2.259258667937579,0.1640625
full,PCA,original,F,linear,raw,2026-03,105,2.7890432939885645,0.3619047619047619
full,PCA,original,F,ml_selected,raw,2025-12,139,2.1571093839551403,0.17985611510791366
full,PCA,original,F,ml_selected,raw,2026-01,137,1.4643367923047466,0.1843065693430657
full,PCA,original,F,ml_selected,raw,2026-02,128,1.8198050821866418,0.15625
full,PCA,original,F,ml_selected,raw,2026-03,105,2.6451614263510814,0.2976190476190476
full,PCA,original,F,qrf,raw,2025-12,139,2.1661413364157913,0.17985611510791366
full,PCA,original,F,qrf,raw,2026-01,137,1.4716084502319169,0.1897810218978102
full,PCA,original,F,qrf,raw,2026-02,128,1.8208929112024654,0.15625
full,PCA,original,F,qrf,raw,2026-03,105,2.65413421539316,0.29523809523809524
full,PCA,original,F,threshold,raw,2025-12,139,2.356905761379661,0.17985611510791366
full,PCA,original,F,threshold,raw,2026-01,137,1.5416564449228893,0.16058394160583941
full,PCA,original,F,threshold,raw,2026-02,128,2.3740928446735,0.2265625
full,PCA,original,F,threshold,raw,2026-03,105,3.069774319108011,0.3619047619047619
full,PCA,original,R,boosting,raw,2025-12,139,2.23252448961747,0.18705035971223022
full,PCA,original,R,boosting,raw,2026-01,137,1.3764279748422417,0.12408759124087591
full,PCA,original,R,boosting,raw,2026-02,128,1.8529999632540068,0.1328125
full,PCA,original,R,boosting,raw,2026-03,105,2.7662519345723138,0.3047619047619048
full,PCA,original,R,linear,raw,2025-12,139,2.4481839610725094,0.17985611510791366
full,PCA,original,R,linear,raw,2026-01,137,1.4394076079104132,0.10218978102189781
full,PCA,original,R,linear,raw,2026-02,128,1.8853140928490972,0.1640625
full,PCA,original,R,linear,raw,2026-03,105,2.762588528231086,0.3619047619047619
full,PCA,original,R,ml_selected,raw,2025-12,139,2.23618464952988,0.19424460431654678
full,PCA,original,R,ml_selected,raw,2026-01,137,1.4669631857950618,0.17153284671532848
full,PCA,original,R,ml_selected,raw,2026-02,128,1.8757324719956094,0.158203125
full,PCA,original,R,ml_selected,raw,2026-03,105,2.6122708126537915,0.30238095238095236
full,PCA,original,R,qrf,raw,2025-12,139,2.2444686649601486,0.2014388489208633
full,PCA,original,R,qrf,raw,2026-01,137,1.4720898385523813,0.1678832116788321
full,PCA,original,R,qrf,raw,2026-02,128,1.8710908021216397,0.1640625
full,PCA,original,R,qrf,raw,2026-03,105,2.597694947620566,0.29523809523809524
full,PCA,original,R,threshold,raw,2025-12,139,2.277873867508489,0.17266187050359713
full,PCA,original,R,threshold,raw,2026-01,137,1.3889962337327602,0.08759124087591241
full,PCA,original,R,threshold,raw,2026-02,128,1.7947994028113006,0.1484375
full,PCA,original,R,threshold,raw,2026-03,105,2.7498580360473555,0.3047619047619048
full,PCA,original,B,boosting,calibrated,2025-12,139,2.1790285296875065,0.07913669064748201
full,PCA,original,B,boosting,calibrated,2026-01,137,1.449840653779058,0.13138686131386862
full,PCA,original,B,boosting,calibrated,2026-02,128,1.7932148809340362,0.0859375
full,PCA,original,B,boosting,calibrated,2026-03,105,2.126295098496397,0.12380952380952381
full,PCA,original,B,linear,calibrated,2025-12,139,2.5518368896614887,0.07913669064748201
full,PCA,original,B,linear,calibrated,2026-01,137,1.5840606179255834,0.08029197080291971
full,PCA,original,B,linear,calibrated,2026-02,128,1.8141434668800391,0.078125
full,PCA,original,B,linear,calibrated,2026-03,105,1.9987431834860176,0.14285714285714285
full,PCA,original,B,ml_selected,calibrated,2025-12,139,2.2039981459276534,0.07553956834532374
full,PCA,original,B,ml_selected,calibrated,2026-01,137,1.4561790603295905,0.0948905109489051
full,PCA,original,B,ml_selected,calibrated,2026-02,128,1.8614942800008012,0.125
full,PCA,original,B,ml_selected,calibrated,2026-03,105,2.0854749731268574,0.1261904761904762
full,PCA,original,B,qrf,calibrated,2025-12,139,2.1926198723536707,0.07194244604316546
full,PCA,original,B,qrf,calibrated,2026-01,137,1.4438067630463447,0.0948905109489051
full,PCA,original,B,qrf,calibrated,2026-02,128,1.8578977885646724,0.125
full,PCA,original,B,qrf,calibrated,2026-03,105,2.088318004484823,0.12380952380952381
full,PCA,original,B,threshold,calibrated,2025-12,139,2.818845381228643,0.07913669064748201
full,PCA,original,B,threshold,calibrated,2026-01,137,1.5408893425613437,0.0948905109489051
full,PCA,original,B,threshold,calibrated,2026-02,128,2.001878240518839,0.109375
full,PCA,original,B,threshold,calibrated,2026-03,105,1.997877113995449,0.1523809523809524
full,PCA,original,F,boosting,calibrated,2025-12,139,2.161998273421143,0.07913669064748201
full,PCA,original,F,boosting,calibrated,2026-01,137,1.434973574834847,0.145985401459854
full,PCA,original,F,boosting,calibrated,2026-02,128,1.8175672156452984,0.0859375
full,PCA,original,F,boosting,calibrated,2026-03,105,2.2676056089840495,0.13333333333333333
full,PCA,original,F,linear,calibrated,2025-12,139,2.7423385342927085,0.08633093525179857
full,PCA,original,F,linear,calibrated,2026-01,137,1.6765417478344993,0.072992700729927
full,PCA,original,F,linear,calibrated,2026-02,128,2.18871483466444,0.1171875
full,PCA,original,F,linear,calibrated,2026-03,105,2.049801729710407,0.17142857142857143
full,PCA,original,F,ml_selected,calibrated,2025-12,139,2.1690258098969406,0.0737410071942446
full,PCA,original,F,ml_selected,calibrated,2026-01,137,1.3895269098050802,0.1332116788321168
full,PCA,original,F,ml_selected,calibrated,2026-02,128,1.7668351077994722,0.07421875
full,PCA,original,F,ml_selected,calibrated,2026-03,105,2.127461644045922,0.12857142857142856
full,PCA,original,F,qrf,calibrated,2025-12,139,2.1749865990514263,0.07194244604316546
full,PCA,original,F,qrf,calibrated,2026-01,137,1.3980728443086734,0.13138686131386862
full,PCA,original,F,qrf,calibrated,2026-02,128,1.7708933140313565,0.078125
full,PCA,original,F,qrf,calibrated,2026-03,105,2.1482316724619497,0.13333333333333333
full,PCA,original,F,threshold,calibrated,2025-12,139,2.4517347899430746,0.07194244604316546
full,PCA,original,F,threshold,calibrated,2026-01,137,1.5309665670215733,0.10218978102189781
full,PCA,original,F,threshold,calibrated,2026-02,128,2.199388483188611,0.09375
full,PCA,original,F,threshold,calibrated,2026-03,105,2.075224464261565,0.17142857142857143
full,PCA,original,R,boosting,calibrated,2025-12,139,2.198807111381759,0.08633093525179857
full,PCA,original,R,boosting,calibrated,2026-01,137,1.415118396836392,0.10218978102189781
full,PCA,original,R,boosting,calibrated,2026-02,128,1.8256684386480182,0.09375
full,PCA,original,R,boosting,calibrated,2026-03,105,2.2635770357746927,0.13333333333333333
full,PCA,original,R,linear,calibrated,2025-12,139,2.5470991542003136,0.07913669064748201
full,PCA,original,R,linear,calibrated,2026-01,137,1.5840606179255834,0.08029197080291971
full,PCA,original,R,linear,calibrated,2026-02,128,1.8233026018753022,0.078125
full,PCA,original,R,linear,calibrated,2026-03,105,2.0838089655669663,0.17142857142857143
full,PCA,original,R,ml_selected,calibrated,2025-12,139,2.208686080946723,0.08453237410071943
full,PCA,original,R,ml_selected,calibrated,2026-01,137,1.4013152301915308,0.1259124087591241
full,PCA,original,R,ml_selected,calibrated,2026-02,128,1.800833183789333,0.08203125
full,PCA,original,R,ml_selected,calibrated,2026-03,105,2.0784092028428787,0.1261904761904762
full,PCA,original,R,qrf,calibrated,2025-12,139,2.2130927513502776,0.07913669064748201
full,PCA,original,R,qrf,calibrated,2026-01,137,1.3939728092649661,0.12408759124087591
full,PCA,original,R,qrf,calibrated,2026-02,128,1.7890100743702932,0.078125
full,PCA,original,R,qrf,calibrated,2026-03,105,2.0598190541778827,0.11428571428571428
full,PCA,original,R,threshold,calibrated,2025-12,139,2.4453955133169853,0.07913669064748201
full,PCA,original,R,threshold,calibrated,2026-01,137,1.4582138407548828,0.10218978102189781
full,PCA,original,R,threshold,calibrated,2026-02,128,1.8240513560310285,0.109375
full,PCA,original,R,threshold,calibrated,2026-03,105,2.155273784275373,0.14285714285714285
full,PCA,own_scale,B,boosting,raw,2025-12,139,2.1535297752096985,0.18705035971223022
full,PCA,own_scale,B,boosting,raw,2026-01,137,1.4845644623138263,0.18248175182481752
full,PCA,own_scale,B,boosting,raw,2026-02,128,1.843475406988002,0.140625
full,PCA,own_scale,B,boosting,raw,2026-03,105,2.4761326106539423,0.26666666666666666
full,PCA,own_scale,B,linear,raw,2025-12,139,2.4447169919187974,0.17985611510791366
full,PCA,own_scale,B,linear,raw,2026-01,137,1.4777823264358128,0.0948905109489051
full,PCA,own_scale,B,linear,raw,2026-02,128,1.8842039533809385,0.171875
full,PCA,own_scale,B,linear,raw,2026-03,105,2.6178751153171724,0.34285714285714286
full,PCA,own_scale,B,ml_selected,raw,2025-12,139,2.2073259605997024,0.17446043165467626
full,PCA,own_scale,B,ml_selected,raw,2026-01,137,1.4931255286118683,0.177007299270073
full,PCA,own_scale,B,ml_selected,raw,2026-02,128,1.9165899068351733,0.140625
full,PCA,own_scale,B,ml_selected,raw,2026-03,105,2.698955967057353,0.3142857142857143
full,PCA,own_scale,B,qrf,raw,2025-12,139,2.1958635111429525,0.17266187050359713
full,PCA,own_scale,B,qrf,raw,2026-01,137,1.396857505619007,0.12408759124087591
full,PCA,own_scale,B,qrf,raw,2026-02,128,1.8956218776694644,0.140625
full,PCA,own_scale,B,qrf,raw,2026-03,105,2.6762508620027194,0.3142857142857143
full,PCA,own_scale,B,threshold,raw,2025-12,139,2.667825012874655,0.2014388489208633
full,PCA,own_scale,B,threshold,raw,2026-01,137,1.4376681292814606,0.13138686131386862
full,PCA,own_scale,B,threshold,raw,2026-02,128,2.1696808856390777,0.1796875
full,PCA,own_scale,B,threshold,raw,2026-03,105,2.657917948965187,0.3523809523809524
full,PCA,own_scale,F,boosting,raw,2025-12,139,2.1637316170297227,0.18705035971223022
full,PCA,own_scale,F,boosting,raw,2026-01,137,1.5231043731576064,0.1897810218978102
full,PCA,own_scale,F,boosting,raw,2026-02,128,1.8376649033569432,0.1484375
full,PCA,own_scale,F,boosting,raw,2026-03,105,2.805786637799357,0.2857142857142857
full,PCA,own_scale,F,linear,raw,2025-12,139,2.5040415007695653,0.17266187050359713
full,PCA,own_scale,F,linear,raw,2026-01,137,1.4916376655087806,0.10218978102189781
full,PCA,own_scale,F,linear,raw,2026-02,128,2.259258667937579,0.1640625
full,PCA,own_scale,F,linear,raw,2026-03,105,2.7890432939885645,0.3619047619047619
full,PCA,own_scale,F,ml_selected,raw,2025-12,139,2.1482222806273934,0.16906474820143885
full,PCA,own_scale,F,ml_selected,raw,2026-01,137,1.451353728156086,0.177007299270073
full,PCA,own_scale,F,ml_selected,raw,2026-02,128,1.8226757018803603,0.15625
full,PCA,own_scale,F,ml_selected,raw,2026-03,105,2.5819910079264066,0.2976190476190476
full,PCA,own_scale,F,qrf,raw,2025-12,139,2.1439154466044843,0.17266187050359713
full,PCA,own_scale,F,qrf,raw,2026-01,137,1.4427907666384658,0.1678832116788321
full,PCA,own_scale,F,qrf,raw,2026-02,128,1.8295115212751893,0.15625
full,PCA,own_scale,F,qrf,raw,2026-03,105,2.605922983671706,0.3047619047619048
full,PCA,own_scale,F,threshold,raw,2025-12,139,2.3519100887676823,0.16546762589928057
full,PCA,own_scale,F,threshold,raw,2026-01,137,1.502514084166328,0.15328467153284672
full,PCA,own_scale,F,threshold,raw,2026-02,128,1.9813132816073675,0.1953125
full,PCA,own_scale,F,threshold,raw,2026-03,105,2.6521698592165923,0.24761904761904763
full,PCA,own_scale,R,boosting,raw,2025-12,139,2.1611207141813917,0.17985611510791366
full,PCA,own_scale,R,boosting,raw,2026-01,137,1.4289021703468456,0.1386861313868613
full,PCA,own_scale,R,boosting,raw,2026-02,128,1.9181771988096996,0.1640625
full,PCA,own_scale,R,boosting,raw,2026-03,105,2.4569352465614873,0.22857142857142856
full,PCA,own_scale,R,linear,raw,2025-12,139,2.4481839610725094,0.17985611510791366
full,PCA,own_scale,R,linear,raw,2026-01,137,1.4777823264358128,0.0948905109489051
full,PCA,own_scale,R,linear,raw,2026-02,128,1.8853140928490972,0.1640625
full,PCA,own_scale,R,linear,raw,2026-03,105,2.611725015800682,0.3333333333333333
full,PCA,own_scale,R,ml_selected,raw,2025-12,139,2.2397686115745863,0.1960431654676259
full,PCA,own_scale,R,ml_selected,raw,2026-01,137,1.4350302642570567,0.145985401459854
full,PCA,own_scale,R,ml_selected,raw,2026-02,128,1.9091360317791595,0.140625
full,PCA,own_scale,R,ml_selected,raw,2026-03,105,2.495645781580251,0.28809523809523807
full,PCA,own_scale,R,qrf,raw,2025-12,139,2.2392786752627707,0.2014388489208633
full,PCA,own_scale,R,qrf,raw,2026-01,137,1.3806299932062525,0.1386861313868613
full,PCA,own_scale,R,qrf,raw,2026-02,128,1.9053756129727182,0.140625
full,PCA,own_scale,R,qrf,raw,2026-03,105,2.5164923586120564,0.29523809523809524
full,PCA,own_scale,R,threshold,raw,2025-12,139,2.277873867508489,0.17266187050359713
full,PCA,own_scale,R,threshold,raw,2026-01,137,1.3699222195464293,0.0948905109489051
full,PCA,own_scale,R,threshold,raw,2026-02,128,1.7882725481233603,0.1328125
full,PCA,own_scale,R,threshold,raw,2026-03,105,2.47650796656186,0.23809523809523808
full,PCA,own_scale,B,boosting,calibrated,2025-12,139,2.141671691581598,0.07194244604316546
full,PCA,own_scale,B,boosting,calibrated,2026-01,137,1.452567965088948,0.11678832116788321
full,PCA,own_scale,B,boosting,calibrated,2026-02,128,1.8479600590171616,0.0703125
full,PCA,own_scale,B,boosting,calibrated,2026-03,105,2.1165253043438472,0.14285714285714285
full,PCA,own_scale,B,linear,calibrated,2025-12,139,2.5518368896614887,0.07913669064748201
full,PCA,own_scale,B,linear,calibrated,2026-01,137,1.6230042352653713,0.08029197080291971
full,PCA,own_scale,B,linear,calibrated,2026-02,128,1.8141434668800391,0.078125
full,PCA,own_scale,B,linear,calibrated,2026-03,105,2.014422744910107,0.13333333333333333
full,PCA,own_scale,B,ml_selected,calibrated,2025-12,139,2.228784354848381,0.08453237410071943
full,PCA,own_scale,B,ml_selected,calibrated,2026-01,137,1.4531255098042541,0.11496350364963503
full,PCA,own_scale,B,ml_selected,calibrated,2026-02,128,1.8880438553615047,0.119140625
full,PCA,own_scale,B,ml_selected,calibrated,2026-03,105,2.06831563924677,0.14047619047619048
full,PCA,own_scale,B,qrf,calibrated,2025-12,139,2.2259421902271392,0.07913669064748201
full,PCA,own_scale,B,qrf,calibrated,2026-01,137,1.439063412798185,0.0948905109489051
full,PCA,own_scale,B,qrf,calibrated,2026-02,128,1.870461297729982,0.1171875
full,PCA,own_scale,B,qrf,calibrated,2026-03,105,2.0596196352987794,0.14285714285714285
full,PCA,own_scale,B,threshold,calibrated,2025-12,139,2.7830448469030045,0.09352517985611511
full,PCA,own_scale,B,threshold,calibrated,2026-01,137,1.4987027350695425,0.08029197080291971
full,PCA,own_scale,B,threshold,calibrated,2026-02,128,2.0243713087125945,0.09375
full,PCA,own_scale,B,threshold,calibrated,2026-03,105,2.04099348635786,0.19047619047619047
full,PCA,own_scale,F,boosting,calibrated,2025-12,139,2.170350357393005,0.07194244604316546
full,PCA,own_scale,F,boosting,calibrated,2026-01,137,1.4025197069877757,0.13138686131386862
full,PCA,own_scale,F,boosting,calibrated,2026-02,128,1.8287896211071772,0.0859375
full,PCA,own_scale,F,boosting,calibrated,2026-03,105,2.274223436761319,0.14285714285714285
full,PCA,own_scale,F,linear,calibrated,2025-12,139,2.745895543765408,0.07913669064748201
full,PCA,own_scale,F,linear,calibrated,2026-01,137,1.6383899224744358,0.08029197080291971
full,PCA,own_scale,F,linear,calibrated,2026-02,128,2.18871483466444,0.1171875
full,PCA,own_scale,F,linear,calibrated,2026-03,105,2.049801729710407,0.17142857142857143
full,PCA,own_scale,F,ml_selected,calibrated,2025-12,139,2.1707374801891506,0.0737410071942446
full,PCA,own_scale,F,ml_selected,calibrated,2026-01,137,1.3902054306689684,0.1386861313868613
full,PCA,own_scale,F,ml_selected,calibrated,2026-02,128,1.769986027822866,0.07421875
full,PCA,own_scale,F,ml_selected,calibrated,2026-03,105,2.131444096741929,0.14285714285714285
full,PCA,own_scale,F,qrf,calibrated,2025-12,139,2.1754294962714487,0.07194244604316546
full,PCA,own_scale,F,qrf,calibrated,2026-01,137,1.385210289913438,0.13138686131386862
full,PCA,own_scale,F,qrf,calibrated,2026-02,128,1.777843421960206,0.078125
full,PCA,own_scale,F,qrf,calibrated,2026-03,105,2.140594079513456,0.14285714285714285
full,PCA,own_scale,F,threshold,calibrated,2025-12,139,2.4246368466904777,0.07194244604316546
full,PCA,own_scale,F,threshold,calibrated,2026-01,137,1.4803825252690757,0.10218978102189781
full,PCA,own_scale,F,threshold,calibrated,2026-02,128,1.9125864214326045,0.0859375
full,PCA,own_scale,F,threshold,calibrated,2026-03,105,2.2109921946015314,0.14285714285714285
full,PCA,own_scale,R,boosting,calibrated,2025-12,139,2.185549626051929,0.07913669064748201
full,PCA,own_scale,R,boosting,calibrated,2026-01,137,1.5085870470041036,0.10948905109489052
full,PCA,own_scale,R,boosting,calibrated,2026-02,128,1.8080336383349407,0.1015625
full,PCA,own_scale,R,boosting,calibrated,2026-03,105,2.079728252741884,0.12380952380952381
full,PCA,own_scale,R,linear,calibrated,2025-12,139,2.5470991542003136,0.07913669064748201
full,PCA,own_scale,R,linear,calibrated,2026-01,137,1.6230042352653713,0.08029197080291971
full,PCA,own_scale,R,linear,calibrated,2026-02,128,1.8233026018753022,0.078125
full,PCA,own_scale,R,linear,calibrated,2026-03,105,2.0220328914577324,0.13333333333333333
full,PCA,own_scale,R,ml_selected,calibrated,2025-12,139,2.207342665784518,0.07913669064748201
full,PCA,own_scale,R,ml_selected,calibrated,2026-01,137,1.5128788087617013,0.11496350364963503
full,PCA,own_scale,R,ml_selected,calibrated,2026-02,128,1.8832725706311932,0.09375
full,PCA,own_scale,R,ml_selected,calibrated,2026-03,105,2.085351180060861,0.13333333333333333
full,PCA,own_scale,R,qrf,calibrated,2025-12,139,2.201714757395023,0.07913669064748201
full,PCA,own_scale,R,qrf,calibrated,2026-01,137,1.385730105477556,0.0948905109489051
full,PCA,own_scale,R,qrf,calibrated,2026-02,128,1.879791562476723,0.09375
full,PCA,own_scale,R,qrf,calibrated,2026-03,105,2.076959307803028,0.13333333333333333
full,PCA,own_scale,R,threshold,calibrated,2025-12,139,2.4453955133169853,0.07913669064748201
full,PCA,own_scale,R,threshold,calibrated,2026-01,137,1.4209465657569396,0.072992700729927
full,PCA,own_scale,R,threshold,calibrated,2026-02,128,1.8178864594309587,0.109375
full,PCA,own_scale,R,threshold,calibrated,2026-03,105,2.221968826787662,0.14285714285714285
first19days,EQ,original,B,boosting,raw,2025-12,97,2.5155397651309483,0.20618556701030927
first19days,EQ,original,B,boosting,raw,2026-01,72,1.4125046748965753,0.125
first19days,EQ,original,B,boosting,raw,2026-02,87,2.0028557751090434,0.1724137931034483
first19days,EQ,original,B,boosting,raw,2026-03,105,2.7732268831931033,0.2571428571428571
first19days,EQ,original,B,linear,raw,2025-12,97,2.858502676290226,0.1958762886597938
first19days,EQ,original,B,linear,raw,2026-01,72,1.5903072139843542,0.09722222222222222
first19days,EQ,original,B,linear,raw,2026-02,87,2.1081771554921263,0.19540229885057472
first19days,EQ,original,B,linear,raw,2026-03,105,2.755828351614538,0.34285714285714286
first19days,EQ,original,B,ml_selected,raw,2025-12,97,2.437128470742569,0.17525773195876287
first19days,EQ,original,B,ml_selected,raw,2026-01,72,1.4671063247165466,0.06944444444444445
first19days,EQ,original,B,ml_selected,raw,2026-02,87,1.8767036253091849,0.16666666666666666
first19days,EQ,original,B,ml_selected,raw,2026-03,105,2.64677960577464,0.30238095238095236
first19days,EQ,original,B,qrf,raw,2025-12,97,2.4419019757057248,0.17525773195876287
first19days,EQ,original,B,qrf,raw,2026-01,72,1.4643150752439733,0.06944444444444445
first19days,EQ,original,B,qrf,raw,2026-02,87,1.8548996652343586,0.16091954022988506
first19days,EQ,original,B,qrf,raw,2026-03,105,2.660634144593038,0.3047619047619048
first19days,EQ,original,B,threshold,raw,2025-12,97,2.483770192204527,0.16494845360824742
first19days,EQ,original,B,threshold,raw,2026-01,72,1.4922797383181823,0.1111111111111111
first19days,EQ,original,B,threshold,raw,2026-02,87,2.410890829860146,0.21839080459770116
first19days,EQ,original,B,threshold,raw,2026-03,105,2.9920421531957424,0.38095238095238093
first19days,EQ,original,F,boosting,raw,2025-12,97,2.4938963134563776,0.17525773195876287
first19days,EQ,original,F,boosting,raw,2026-01,72,1.4195903985234137,0.1527777777777778
first19days,EQ,original,F,boosting,raw,2026-02,87,1.9843914089786734,0.19540229885057472
first19days,EQ,original,F,boosting,raw,2026-03,105,3.0812911639880993,0.3142857142857143
first19days,EQ,original,F,linear,raw,2025-12,97,2.9479972780764383,0.18556701030927836
first19days,EQ,original,F,linear,raw,2026-01,72,1.634166562613335,0.09722222222222222
first19days,EQ,original,F,linear,raw,2026-02,87,2.4243698074068667,0.1839080459770115
first19days,EQ,original,F,linear,raw,2026-03,105,2.826188428757104,0.3523809523809524
first19days,EQ,original,F,ml_selected,raw,2025-12,97,2.4339870860685733,0.17268041237113402
first19days,EQ,original,F,ml_selected,raw,2026-01,72,1.3190624407410612,0.1284722222222222
first19days,EQ,original,F,ml_selected,raw,2026-02,87,1.8307731450438876,0.16379310344827586
first19days,EQ,original,F,ml_selected,raw,2026-03,105,2.6868500486461193,0.2976190476190476
first19days,EQ,original,F,qrf,raw,2025-12,97,2.4514432219445235,0.17525773195876287
first19days,EQ,original,F,qrf,raw,2026-01,72,1.3282436394188326,0.125
first19days,EQ,original,F,qrf,raw,2026-02,87,1.8335745354665856,0.16091954022988506
first19days,EQ,original,F,qrf,raw,2026-03,105,2.6902239745196543,0.3142857142857143
first19days,EQ,original,F,threshold,raw,2025-12,97,2.7423069686156585,0.18556701030927836
first19days,EQ,original,F,threshold,raw,2026-01,72,1.55538446099092,0.1111111111111111
first19days,EQ,original,F,threshold,raw,2026-02,87,2.6593201180816295,0.22988505747126436
first19days,EQ,original,F,threshold,raw,2026-03,105,3.128209234216438,0.38095238095238093
first19days,EQ,original,R,boosting,raw,2025-12,97,2.4984217885163273,0.18556701030927836
first19days,EQ,original,R,boosting,raw,2026-01,72,1.4558592182407493,0.09722222222222222
first19days,EQ,original,R,boosting,raw,2026-02,87,1.9634433439446641,0.14942528735632185
first19days,EQ,original,R,boosting,raw,2026-03,105,2.7740225727092107,0.29523809523809524
first19days,EQ,original,R,linear,raw,2025-12,97,2.862283648393004,0.1958762886597938
first19days,EQ,original,R,linear,raw,2026-01,72,1.5903072139843542,0.09722222222222222
first19days,EQ,original,R,linear,raw,2026-02,87,2.10276991698071,0.1839080459770115
first19days,EQ,original,R,linear,raw,2026-03,105,2.797989561480535,0.37142857142857144
first19days,EQ,original,R,ml_selected,raw,2025-12,97,2.4984217885163273,0.18556701030927836
first19days,EQ,original,R,ml_selected,raw,2026-01,72,1.4558592182407493,0.09722222222222222
first19days,EQ,original,R,ml_selected,raw,2026-02,87,1.9295176194963515,0.16954022988505746
first19days,EQ,original,R,ml_selected,raw,2026-03,105,2.6866861712824774,0.30238095238095236
first19days,EQ,original,R,qrf,raw,2025-12,97,2.4517235669246946,0.1958762886597938
first19days,EQ,original,R,qrf,raw,2026-01,72,1.3298324498436744,0.125
first19days,EQ,original,R,qrf,raw,2026-02,87,1.9415518836847763,0.1724137931034483
first19days,EQ,original,R,qrf,raw,2026-03,105,2.7000514374223377,0.29523809523809524
first19days,EQ,original,R,threshold,raw,2025-12,97,2.6215066680284713,0.18556701030927836
first19days,EQ,original,R,threshold,raw,2026-01,72,1.3330561398464438,0.1111111111111111
first19days,EQ,original,R,threshold,raw,2026-02,87,1.9833696227196793,0.1839080459770115
first19days,EQ,original,R,threshold,raw,2026-03,105,2.7759984089180065,0.3047619047619048
first19days,EQ,original,B,boosting,calibrated,2025-12,97,2.5594296441109794,0.061855670103092786
first19days,EQ,original,B,boosting,calibrated,2026-01,72,1.4785083356947422,0.09722222222222222
first19days,EQ,original,B,boosting,calibrated,2026-02,87,1.814385325512166,0.12643678160919541
first19days,EQ,original,B,boosting,calibrated,2026-03,105,2.2243877396545404,0.12380952380952381
first19days,EQ,original,B,linear,calibrated,2025-12,97,3.042567712678284,0.05154639175257732
first19days,EQ,original,B,linear,calibrated,2026-01,72,1.8152780536460515,0.08333333333333333
first19days,EQ,original,B,linear,calibrated,2026-02,87,1.8958015243414128,0.11494252873563218
first19days,EQ,original,B,linear,calibrated,2026-03,105,2.0084215397712604,0.13333333333333333
first19days,EQ,original,B,ml_selected,calibrated,2025-12,97,2.5116527736987124,0.061855670103092786
first19days,EQ,original,B,ml_selected,calibrated,2026-01,72,1.5418972399183526,0.07291666666666667
first19days,EQ,original,B,ml_selected,calibrated,2026-02,87,1.7508543131104979,0.08908045977011494
first19days,EQ,original,B,ml_selected,calibrated,2026-03,105,2.1106368670648674,0.1261904761904762
first19days,EQ,original,B,qrf,calibrated,2025-12,97,2.5146114650109204,0.061855670103092786
first19days,EQ,original,B,qrf,calibrated,2026-01,72,1.5253867392897722,0.06944444444444445
first19days,EQ,original,B,qrf,calibrated,2026-02,87,1.7374897837794945,0.09195402298850575
first19days,EQ,original,B,qrf,calibrated,2026-03,105,2.1069360803138584,0.12380952380952381
first19days,EQ,original,B,threshold,calibrated,2025-12,97,2.733892911767806,0.061855670103092786
first19days,EQ,original,B,threshold,calibrated,2026-01,72,1.676884797586032,0.06944444444444445
first19days,EQ,original,B,threshold,calibrated,2026-02,87,2.1588454883075103,0.11494252873563218
first19days,EQ,original,B,threshold,calibrated,2026-03,105,2.013636462764174,0.1523809523809524
first19days,EQ,original,F,boosting,calibrated,2025-12,97,2.5209051351651404,0.061855670103092786
first19days,EQ,original,F,boosting,calibrated,2026-01,72,1.4352163333068941,0.1111111111111111
first19days,EQ,original,F,boosting,calibrated,2026-02,87,1.7728975550179913,0.11494252873563218
first19days,EQ,original,F,boosting,calibrated,2026-03,105,2.344133125784904,0.12380952380952381
first19days,EQ,original,F,linear,calibrated,2025-12,97,3.3106523430421575,0.061855670103092786
first19days,EQ,original,F,linear,calibrated,2026-01,72,1.8610045788712521,0.08333333333333333
first19days,EQ,original,F,linear,calibrated,2026-02,87,2.226467908004625,0.13793103448275862
first19days,EQ,original,F,linear,calibrated,2026-03,105,2.070966094152966,0.1619047619047619
first19days,EQ,original,F,ml_selected,calibrated,2025-12,97,2.465030417369527,0.059278350515463915
first19days,EQ,original,F,ml_selected,calibrated,2026-01,72,1.3466956010445084,0.08680555555555555
first19days,EQ,original,F,ml_selected,calibrated,2026-02,87,1.7432116151762045,0.07471264367816093
first19days,EQ,original,F,ml_selected,calibrated,2026-03,105,2.152190415611706,0.13095238095238096
first19days,EQ,original,F,qrf,calibrated,2025-12,97,2.4731326248501757,0.061855670103092786
first19days,EQ,original,F,qrf,calibrated,2026-01,72,1.3426327322573255,0.08333333333333333
first19days,EQ,original,F,qrf,calibrated,2026-02,87,1.7373831756013087,0.08045977011494253
first19days,EQ,original,F,qrf,calibrated,2026-03,105,2.1485222935180266,0.13333333333333333
first19days,EQ,original,F,threshold,calibrated,2025-12,97,2.8703782492017997,0.05154639175257732
first19days,EQ,original,F,threshold,calibrated,2026-01,72,1.5834645208537734,0.08333333333333333
first19days,EQ,original,F,threshold,calibrated,2026-02,87,2.4134151059893165,0.13793103448275862
first19days,EQ,original,F,threshold,calibrated,2026-03,105,2.0754526918868255,0.18095238095238095
first19days,EQ,original,R,boosting,calibrated,2025-12,97,2.5650236321844426,0.061855670103092786
first19days,EQ,original,R,boosting,calibrated,2026-01,72,1.5884267486814803,0.09722222222222222
first19days,EQ,original,R,boosting,calibrated,2026-02,87,1.868743484725039,0.12643678160919541
first19days,EQ,original,R,boosting,calibrated,2026-03,105,2.240789441724684,0.11428571428571428
first19days,EQ,original,R,linear,calibrated,2025-12,97,3.059773693511495,0.05154639175257732
first19days,EQ,original,R,linear,calibrated,2026-01,72,1.8152780536460515,0.08333333333333333
first19days,EQ,original,R,linear,calibrated,2026-02,87,1.898722620868801,0.11494252873563218
first19days,EQ,original,R,linear,calibrated,2026-03,105,2.0922381910465497,0.1619047619047619
first19days,EQ,original,R,ml_selected,calibrated,2025-12,97,2.572759604598838,0.061855670103092786
first19days,EQ,original,R,ml_selected,calibrated,2026-01,72,1.5884267486814803,0.09722222222222222
first19days,EQ,original,R,ml_selected,calibrated,2026-02,87,1.7835286887001927,0.08333333333333333
first19days,EQ,original,R,ml_selected,calibrated,2026-03,105,2.0717085553340846,0.13333333333333333
first19days,EQ,original,R,qrf,calibrated,2025-12,97,2.526389069277203,0.061855670103092786
first19days,EQ,original,R,qrf,calibrated,2026-01,72,1.3521844647934402,0.06944444444444445
first19days,EQ,original,R,qrf,calibrated,2026-02,87,1.794374944181202,0.08045977011494253
first19days,EQ,original,R,qrf,calibrated,2026-03,105,2.084934229713318,0.13333333333333333
first19days,EQ,original,R,threshold,calibrated,2025-12,97,2.8767354610430327,0.05154639175257732
first19days,EQ,original,R,threshold,calibrated,2026-01,72,1.4578313891615182,0.08333333333333333
first19days,EQ,original,R,threshold,calibrated,2026-02,87,1.9297014169844056,0.13793103448275862
first19days,EQ,original,R,threshold,calibrated,2026-03,105,2.182133168959079,0.12380952380952381
first19days,EQ,own_scale,B,boosting,raw,2025-12,97,2.4951032268339004,0.1958762886597938
first19days,EQ,own_scale,B,boosting,raw,2026-01,72,1.425549205564105,0.125
first19days,EQ,own_scale,B,boosting,raw,2026-02,87,2.0028557751090434,0.1724137931034483
first19days,EQ,own_scale,B,boosting,raw,2026-03,105,2.588347374626321,0.2761904761904762
first19days,EQ,own_scale,B,linear,raw,2025-12,97,2.858502676290226,0.1958762886597938
first19days,EQ,own_scale,B,linear,raw,2026-01,72,1.5867534737339293,0.09722222222222222
first19days,EQ,own_scale,B,linear,raw,2026-02,87,2.1081771554921263,0.19540229885057472
first19days,EQ,own_scale,B,linear,raw,2026-03,105,2.623995401893994,0.3333333333333333
first19days,EQ,own_scale,B,ml_selected,raw,2025-12,97,2.519673085011423,0.1958762886597938
first19days,EQ,own_scale,B,ml_selected,raw,2026-01,72,1.451697230800213,0.0763888888888889
first19days,EQ,own_scale,B,ml_selected,raw,2026-02,87,1.8962178885700078,0.14942528735632185
first19days,EQ,own_scale,B,ml_selected,raw,2026-03,105,2.7447825945191067,0.3238095238095238
first19days,EQ,own_scale,B,qrf,raw,2025-12,97,2.5145206032023295,0.1958762886597938
first19days,EQ,own_scale,B,qrf,raw,2026-01,72,1.4659863727362015,0.08333333333333333
first19days,EQ,own_scale,B,qrf,raw,2026-02,87,1.885918448586819,0.14942528735632185
first19days,EQ,own_scale,B,qrf,raw,2026-03,105,2.723278611195691,0.3142857142857143
first19days,EQ,own_scale,B,threshold,raw,2025-12,97,2.4850024602545426,0.16494845360824742
first19days,EQ,own_scale,B,threshold,raw,2026-01,72,1.466402152979507,0.08333333333333333
first19days,EQ,own_scale,B,threshold,raw,2026-02,87,2.6366992455188694,0.28735632183908044
first19days,EQ,own_scale,B,threshold,raw,2026-03,105,2.6836294320389795,0.3619047619047619
first19days,EQ,own_scale,F,boosting,raw,2025-12,97,2.5142834531409495,0.18556701030927836
first19days,EQ,own_scale,F,boosting,raw,2026-01,72,1.4515945647678066,0.1388888888888889
first19days,EQ,own_scale,F,boosting,raw,2026-02,87,1.8880034099413352,0.1839080459770115
first19days,EQ,own_scale,F,boosting,raw,2026-03,105,2.834629492320553,0.29523809523809524
first19days,EQ,own_scale,F,linear,raw,2025-12,97,2.9479972780764383,0.18556701030927836
first19days,EQ,own_scale,F,linear,raw,2026-01,72,1.5945280259260572,0.09722222222222222
first19days,EQ,own_scale,F,linear,raw,2026-02,87,2.4243698074068667,0.1839080459770115
first19days,EQ,own_scale,F,linear,raw,2026-03,105,2.790938414171091,0.3523809523809524
first19days,EQ,own_scale,F,ml_selected,raw,2025-12,97,2.4280442521165786,0.16237113402061856
first19days,EQ,own_scale,F,ml_selected,raw,2026-01,72,1.3323687777597197,0.13541666666666666
first19days,EQ,own_scale,F,ml_selected,raw,2026-02,87,1.8347034661513677,0.16379310344827586
first19days,EQ,own_scale,F,ml_selected,raw,2026-03,105,2.628962866088754,0.3
first19days,EQ,own_scale,F,qrf,raw,2025-12,97,2.4115727301943966,0.16494845360824742
first19days,EQ,own_scale,F,qrf,raw,2026-01,72,1.3196610474463446,0.1388888888888889
first19days,EQ,own_scale,F,qrf,raw,2026-02,87,1.83368125904953,0.16091954022988506
first19days,EQ,own_scale,F,qrf,raw,2026-03,105,2.652816090166957,0.3047619047619048
first19days,EQ,own_scale,F,threshold,raw,2025-12,97,2.7438355214674663,0.18556701030927836
first19days,EQ,own_scale,F,threshold,raw,2026-01,72,1.5611254634970928,0.125
first19days,EQ,own_scale,F,threshold,raw,2026-02,87,2.1666324424533316,0.20689655172413793
first19days,EQ,own_scale,F,threshold,raw,2026-03,105,2.7457909371848213,0.3238095238095238
first19days,EQ,own_scale,R,boosting,raw,2025-12,97,2.475292404479899,0.1958762886597938
first19days,EQ,own_scale,R,boosting,raw,2026-01,72,1.4985805706539705,0.1111111111111111
first19days,EQ,own_scale,R,boosting,raw,2026-02,87,1.9675141463340953,0.16091954022988506
first19days,EQ,own_scale,R,boosting,raw,2026-03,105,2.523188684251134,0.2571428571428571
first19days,EQ,own_scale,R,linear,raw,2025-12,97,2.862283648393004,0.1958762886597938
first19days,EQ,own_scale,R,linear,raw,2026-01,72,1.5867534737339293,0.09722222222222222
first19days,EQ,own_scale,R,linear,raw,2026-02,87,2.10276991698071,0.1839080459770115
first19days,EQ,own_scale,R,linear,raw,2026-03,105,2.6559083615511425,0.34285714285714286
first19days,EQ,own_scale,R,ml_selected,raw,2025-12,97,2.470437101463179,0.2036082474226804
first19days,EQ,own_scale,R,ml_selected,raw,2026-01,72,1.5041022734283347,0.1111111111111111
first19days,EQ,own_scale,R,ml_selected,raw,2026-02,87,1.8969184451272998,0.14942528735632185
first19days,EQ,own_scale,R,ml_selected,raw,2026-03,105,2.523188684251134,0.2571428571428571
first19days,EQ,own_scale,R,qrf,raw,2025-12,97,2.466205707592499,0.1958762886597938
first19days,EQ,own_scale,R,qrf,raw,2026-01,72,1.343195711982682,0.08333333333333333
first19days,EQ,own_scale,R,qrf,raw,2026-02,87,1.893841976210502,0.14942528735632185
first19days,EQ,own_scale,R,qrf,raw,2026-03,105,2.6723035742235477,0.3142857142857143
first19days,EQ,own_scale,R,threshold,raw,2025-12,97,2.6228607772564083,0.18556701030927836
first19days,EQ,own_scale,R,threshold,raw,2026-01,72,1.4747097106548948,0.08333333333333333
first19days,EQ,own_scale,R,threshold,raw,2026-02,87,1.9522704884593531,0.16091954022988506
first19days,EQ,own_scale,R,threshold,raw,2026-03,105,2.4961418439351504,0.22857142857142856
first19days,EQ,own_scale,B,boosting,calibrated,2025-12,97,2.5685724022879355,0.061855670103092786
first19days,EQ,own_scale,B,boosting,calibrated,2026-01,72,1.5033890130828407,0.09722222222222222
first19days,EQ,own_scale,B,boosting,calibrated,2026-02,87,1.814385325512166,0.12643678160919541
first19days,EQ,own_scale,B,boosting,calibrated,2026-03,105,2.168798350645949,0.13333333333333333
first19days,EQ,own_scale,B,linear,calibrated,2025-12,97,3.042567712678284,0.05154639175257732
first19days,EQ,own_scale,B,linear,calibrated,2026-01,72,1.8041356730543525,0.08333333333333333
first19days,EQ,own_scale,B,linear,calibrated,2026-02,87,1.8958015243414128,0.11494252873563218
first19days,EQ,own_scale,B,linear,calibrated,2026-03,105,2.029411590939979,0.13333333333333333
first19days,EQ,own_scale,B,ml_selected,calibrated,2025-12,97,2.538207280582919,0.05154639175257732
first19days,EQ,own_scale,B,ml_selected,calibrated,2026-01,72,1.5313370351352187,0.06944444444444445
first19days,EQ,own_scale,B,ml_selected,calibrated,2026-02,87,1.848204151115169,0.12643678160919541
first19days,EQ,own_scale,B,ml_selected,calibrated,2026-03,105,2.0865201421821555,0.1380952380952381
first19days,EQ,own_scale,B,qrf,calibrated,2025-12,97,2.5332982980718954,0.05154639175257732
first19days,EQ,own_scale,B,qrf,calibrated,2026-01,72,1.5484638335399785,0.06944444444444445
first19days,EQ,own_scale,B,qrf,calibrated,2026-02,87,1.8352136945778526,0.12643678160919541
first19days,EQ,own_scale,B,qrf,calibrated,2026-03,105,2.0803768080613536,0.14285714285714285
first19days,EQ,own_scale,B,threshold,calibrated,2025-12,97,2.7403190157166417,0.061855670103092786
first19days,EQ,own_scale,B,threshold,calibrated,2026-01,72,1.666932581956787,0.06944444444444445
first19days,EQ,own_scale,B,threshold,calibrated,2026-02,87,2.343624456093533,0.12643678160919541
first19days,EQ,own_scale,B,threshold,calibrated,2026-03,105,2.0474029143923866,0.19047619047619047
first19days,EQ,own_scale,F,boosting,calibrated,2025-12,97,2.5343642402016116,0.061855670103092786
first19days,EQ,own_scale,F,boosting,calibrated,2026-01,72,1.5014550288039399,0.1111111111111111
first19days,EQ,own_scale,F,boosting,calibrated,2026-02,87,1.7667331522462453,0.10344827586206896
first19days,EQ,own_scale,F,boosting,calibrated,2026-03,105,2.282039901574232,0.13333333333333333
first19days,EQ,own_scale,F,linear,calibrated,2025-12,97,3.3112018093360285,0.05154639175257732
first19days,EQ,own_scale,F,linear,calibrated,2026-01,72,1.8231753169083313,0.08333333333333333
first19days,EQ,own_scale,F,linear,calibrated,2026-02,87,2.226467908004625,0.13793103448275862
first19days,EQ,own_scale,F,linear,calibrated,2026-03,105,2.057165355017359,0.1619047619047619
first19days,EQ,own_scale,F,ml_selected,calibrated,2025-12,97,2.4622132782229724,0.059278350515463915
first19days,EQ,own_scale,F,ml_selected,calibrated,2026-01,72,1.3615219807729124,0.10416666666666667
first19days,EQ,own_scale,F,ml_selected,calibrated,2026-02,87,1.7577422015080315,0.07758620689655173
first19days,EQ,own_scale,F,ml_selected,calibrated,2026-03,105,2.1597684539601776,0.14285714285714285
first19days,EQ,own_scale,F,qrf,calibrated,2025-12,97,2.448649179338001,0.05154639175257732
first19days,EQ,own_scale,F,qrf,calibrated,2026-01,72,1.33854260826973,0.09722222222222222
first19days,EQ,own_scale,F,qrf,calibrated,2026-02,87,1.7505137351407505,0.08045977011494253
first19days,EQ,own_scale,F,qrf,calibrated,2026-03,105,2.160839924385787,0.14285714285714285
first19days,EQ,own_scale,F,threshold,calibrated,2025-12,97,2.83893987514979,0.05154639175257732
first19days,EQ,own_scale,F,threshold,calibrated,2026-01,72,1.5536402471412807,0.125
first19days,EQ,own_scale,F,threshold,calibrated,2026-02,87,2.091880078302614,0.11494252873563218
first19days,EQ,own_scale,F,threshold,calibrated,2026-03,105,2.1032590246039193,0.18095238095238095
first19days,EQ,own_scale,R,boosting,calibrated,2025-12,97,2.5998317103397017,0.061855670103092786
first19days,EQ,own_scale,R,boosting,calibrated,2026-01,72,1.6306940726230275,0.09722222222222222
first19days,EQ,own_scale,R,boosting,calibrated,2026-02,87,1.7967197287101915,0.12643678160919541
first19days,EQ,own_scale,R,boosting,calibrated,2026-03,105,2.1950127632177354,0.12380952380952381
first19days,EQ,own_scale,R,linear,calibrated,2025-12,97,3.059773693511495,0.05154639175257732
first19days,EQ,own_scale,R,linear,calibrated,2026-01,72,1.8041356730543525,0.08333333333333333
first19days,EQ,own_scale,R,linear,calibrated,2026-02,87,1.898722620868801,0.11494252873563218
first19days,EQ,own_scale,R,linear,calibrated,2026-03,105,2.039765595044122,0.13333333333333333
first19days,EQ,own_scale,R,ml_selected,calibrated,2025-12,97,2.4948936053667867,0.061855670103092786
first19days,EQ,own_scale,R,ml_selected,calibrated,2026-01,72,1.6438497486673334,0.10416666666666667
first19days,EQ,own_scale,R,ml_selected,calibrated,2026-02,87,1.8369796543327181,0.09770114942528736
first19days,EQ,own_scale,R,ml_selected,calibrated,2026-03,105,2.184529520309806,0.12380952380952381
first19days,EQ,own_scale,R,qrf,calibrated,2025-12,97,2.496220664902157,0.061855670103092786
first19days,EQ,own_scale,R,qrf,calibrated,2026-01,72,1.4177976450451015,0.05555555555555555
first19days,EQ,own_scale,R,qrf,calibrated,2026-02,87,1.8294818475361558,0.10344827586206896
first19days,EQ,own_scale,R,qrf,calibrated,2026-03,105,2.098859499074107,0.13333333333333333
first19days,EQ,own_scale,R,threshold,calibrated,2025-12,97,2.8755386009865815,0.05154639175257732
first19days,EQ,own_scale,R,threshold,calibrated,2026-01,72,1.5497666414236024,0.06944444444444445
first19days,EQ,own_scale,R,threshold,calibrated,2026-02,87,1.934804677023484,0.14942528735632185
first19days,EQ,own_scale,R,threshold,calibrated,2026-03,105,2.2362683538019037,0.14285714285714285
first19days,CAP,original,B,boosting,raw,2025-12,97,1.3539928919924205,0.12371134020618557
first19days,CAP,original,B,boosting,raw,2026-01,72,1.096710188323269,0.1111111111111111
first19days,CAP,original,B,boosting,raw,2026-02,87,1.3390114414200034,0.11494252873563218
first19days,CAP,original,B,boosting,raw,2026-03,105,1.8987987298336193,0.21904761904761905
first19days,CAP,original,B,linear,raw,2025-12,97,1.5425502112132143,0.16494845360824742
first19days,CAP,original,B,linear,raw,2026-01,72,1.1849851739947637,0.09722222222222222
first19days,CAP,original,B,linear,raw,2026-02,87,1.3703891835686886,0.10344827586206896
first19days,CAP,original,B,linear,raw,2026-03,105,1.762725768366836,0.22857142857142856
first19days,CAP,original,B,ml_selected,raw,2025-12,97,1.3539928919924205,0.12371134020618557
first19days,CAP,original,B,ml_selected,raw,2026-01,72,1.096710188323269,0.1111111111111111
first19days,CAP,original,B,ml_selected,raw,2026-02,87,1.3390114414200034,0.11494252873563218
first19days,CAP,original,B,ml_selected,raw,2026-03,105,1.8987987298336193,0.21904761904761905
first19days,CAP,original,B,qrf,raw,2025-12,97,1.2646189180738123,0.12371134020618557
first19days,CAP,original,B,qrf,raw,2026-01,72,1.0939994586155666,0.125
first19days,CAP,original,B,qrf,raw,2026-02,87,1.3147675818214142,0.10344827586206896
first19days,CAP,original,B,qrf,raw,2026-03,105,1.8349691173376423,0.22857142857142856
first19days,CAP,original,B,threshold,raw,2025-12,97,1.3023394515996587,0.13402061855670103
first19days,CAP,original,B,threshold,raw,2026-01,72,1.0898775145433812,0.09722222222222222
first19days,CAP,original,B,threshold,raw,2026-02,87,1.3353646349044748,0.10344827586206896
first19days,CAP,original,B,threshold,raw,2026-03,105,1.8208998895814177,0.22857142857142856
first19days,CAP,original,F,boosting,raw,2025-12,97,1.3733671426241285,0.12371134020618557
first19days,CAP,original,F,boosting,raw,2026-01,72,1.1221643620617943,0.1111111111111111
first19days,CAP,original,F,boosting,raw,2026-02,87,1.3399772550122215,0.11494252873563218
first19days,CAP,original,F,boosting,raw,2026-03,105,1.9094413153539174,0.21904761904761905
first19days,CAP,original,F,linear,raw,2025-12,97,1.5425502112132143,0.16494845360824742
first19days,CAP,original,F,linear,raw,2026-01,72,1.1849851739947637,0.09722222222222222
first19days,CAP,original,F,linear,raw,2026-02,87,1.3703891835686886,0.10344827586206896
first19days,CAP,original,F,linear,raw,2026-03,105,1.7265280917133237,0.21904761904761905
first19days,CAP,original,F,ml_selected,raw,2025-12,97,1.3733671426241285,0.12371134020618557
first19days,CAP,original,F,ml_selected,raw,2026-01,72,1.1221643620617943,0.1111111111111111
first19days,CAP,original,F,ml_selected,raw,2026-02,87,1.3399772550122215,0.11494252873563218
first19days,CAP,original,F,ml_selected,raw,2026-03,105,1.818088958279326,0.21904761904761905
first19days,CAP,original,F,qrf,raw,2025-12,97,1.2550887168604947,0.14432989690721648
first19days,CAP,original,F,qrf,raw,2026-01,72,1.1336071341571161,0.1111111111111111
first19days,CAP,original,F,qrf,raw,2026-02,87,1.280377226862318,0.10344827586206896
first19days,CAP,original,F,qrf,raw,2026-03,105,1.8110334591041781,0.21904761904761905
first19days,CAP,original,F,threshold,raw,2025-12,97,1.3454385525800738,0.14432989690721648
first19days,CAP,original,F,threshold,raw,2026-01,72,1.0894190778686959,0.09722222222222222
first19days,CAP,original,F,threshold,raw,2026-02,87,1.334459304026725,0.10344827586206896
first19days,CAP,original,F,threshold,raw,2026-03,105,1.7905866717051782,0.19047619047619047
first19days,CAP,original,R,boosting,raw,2025-12,97,1.331901590777837,0.12371134020618557
first19days,CAP,original,R,boosting,raw,2026-01,72,1.0711671648624856,0.1111111111111111
first19days,CAP,original,R,boosting,raw,2026-02,87,1.3398213232991552,0.11494252873563218
first19days,CAP,original,R,boosting,raw,2026-03,105,1.8922187941578021,0.22857142857142856
first19days,CAP,original,R,linear,raw,2025-12,97,1.5425502112132143,0.16494845360824742
first19days,CAP,original,R,linear,raw,2026-01,72,1.1849851739947637,0.09722222222222222
first19days,CAP,original,R,linear,raw,2026-02,87,1.3703891835686886,0.10344827586206896
first19days,CAP,original,R,linear,raw,2026-03,105,1.7706892035408186,0.21904761904761905
first19days,CAP,original,R,ml_selected,raw,2025-12,97,1.331901590777837,0.12371134020618557
first19days,CAP,original,R,ml_selected,raw,2026-01,72,1.0711671648624856,0.1111111111111111
first19days,CAP,original,R,ml_selected,raw,2026-02,87,1.3398213232991552,0.11494252873563218
first19days,CAP,original,R,ml_selected,raw,2026-03,105,1.8078367157061397,0.24761904761904763
first19days,CAP,original,R,qrf,raw,2025-12,97,1.294875670603831,0.13402061855670103
first19days,CAP,original,R,qrf,raw,2026-01,72,1.0680131760267797,0.1111111111111111
first19days,CAP,original,R,qrf,raw,2026-02,87,1.2861287199210352,0.08045977011494253
first19days,CAP,original,R,qrf,raw,2026-03,105,1.8052477599031902,0.24761904761904763
first19days,CAP,original,R,threshold,raw,2025-12,97,1.3200885309173813,0.13402061855670103
first19days,CAP,original,R,threshold,raw,2026-01,72,1.1284719516606363,0.1111111111111111
first19days,CAP,original,R,threshold,raw,2026-02,87,1.3280783604516677,0.13793103448275862
first19days,CAP,original,R,threshold,raw,2026-03,105,1.7445069081166698,0.22857142857142856
first19days,CAP,original,B,boosting,calibrated,2025-12,97,1.5755915869285997,0.020618556701030927
first19days,CAP,original,B,boosting,calibrated,2026-01,72,1.1118917085849664,0.1111111111111111
first19days,CAP,original,B,boosting,calibrated,2026-02,87,1.3566995662320893,0.08045977011494253
first19days,CAP,original,B,boosting,calibrated,2026-03,105,1.71107888398603,0.13333333333333333
first19days,CAP,original,B,linear,calibrated,2025-12,97,2.287239587610172,0.030927835051546393
first19days,CAP,original,B,linear,calibrated,2026-01,72,1.2159900694578107,0.1111111111111111
first19days,CAP,original,B,linear,calibrated,2026-02,87,1.3955023894239922,0.09195402298850575
first19days,CAP,original,B,linear,calibrated,2026-03,105,1.6062763374237672,0.14285714285714285
first19days,CAP,original,B,ml_selected,calibrated,2025-12,97,1.5755915869285997,0.020618556701030927
first19days,CAP,original,B,ml_selected,calibrated,2026-01,72,1.1118917085849664,0.1111111111111111
first19days,CAP,original,B,ml_selected,calibrated,2026-02,87,1.3566995662320893,0.08045977011494253
first19days,CAP,original,B,ml_selected,calibrated,2026-03,105,1.71107888398603,0.13333333333333333
first19days,CAP,original,B,qrf,calibrated,2025-12,97,1.6608056308478558,0.020618556701030927
first19days,CAP,original,B,qrf,calibrated,2026-01,72,1.108820385424478,0.1388888888888889
first19days,CAP,original,B,qrf,calibrated,2026-02,87,1.342648484059137,0.06896551724137931
first19days,CAP,original,B,qrf,calibrated,2026-03,105,1.6643630203865396,0.1619047619047619
first19days,CAP,original,B,threshold,calibrated,2025-12,97,2.2527039218993625,0.020618556701030927
first19days,CAP,original,B,threshold,calibrated,2026-01,72,1.121583084469643,0.1111111111111111
first19days,CAP,original,B,threshold,calibrated,2026-02,87,1.359809929190424,0.08045977011494253
first19days,CAP,original,B,threshold,calibrated,2026-03,105,1.6375381399242426,0.13333333333333333
first19days,CAP,original,F,boosting,calibrated,2025-12,97,1.5845872731511446,0.020618556701030927
first19days,CAP,original,F,boosting,calibrated,2026-01,72,1.1473590306878234,0.1388888888888889
first19days,CAP,original,F,boosting,calibrated,2026-02,87,1.3653369474450017,0.06896551724137931
first19days,CAP,original,F,boosting,calibrated,2026-03,105,1.7302801311859417,0.12380952380952381
first19days,CAP,original,F,linear,calibrated,2025-12,97,2.287239587610172,0.030927835051546393
first19days,CAP,original,F,linear,calibrated,2026-01,72,1.2159900694578107,0.1111111111111111
first19days,CAP,original,F,linear,calibrated,2026-02,87,1.3955023894239922,0.09195402298850575
first19days,CAP,original,F,linear,calibrated,2026-03,105,1.5904459192660085,0.1619047619047619
first19days,CAP,original,F,ml_selected,calibrated,2025-12,97,1.5845872731511446,0.020618556701030927
first19days,CAP,original,F,ml_selected,calibrated,2026-01,72,1.1473590306878234,0.1388888888888889
first19days,CAP,original,F,ml_selected,calibrated,2026-02,87,1.3653369474450017,0.06896551724137931
first19days,CAP,original,F,ml_selected,calibrated,2026-03,105,1.6576482855180836,0.1595238095238095
first19days,CAP,original,F,qrf,calibrated,2025-12,97,1.6478235378336594,0.020618556701030927
first19days,CAP,original,F,qrf,calibrated,2026-01,72,1.1407161744778622,0.1111111111111111
first19days,CAP,original,F,qrf,calibrated,2026-02,87,1.3159325847493375,0.06896551724137931
first19days,CAP,original,F,qrf,calibrated,2026-03,105,1.6588486710609451,0.1619047619047619
first19days,CAP,original,F,threshold,calibrated,2025-12,97,2.295347825942558,0.020618556701030927
first19days,CAP,original,F,threshold,calibrated,2026-01,72,1.1060582901859146,0.09722222222222222
first19days,CAP,original,F,threshold,calibrated,2026-02,87,1.372844687478242,0.08045977011494253
first19days,CAP,original,F,threshold,calibrated,2026-03,105,1.695261333486967,0.12380952380952381
first19days,CAP,original,R,boosting,calibrated,2025-12,97,1.608815625212443,0.020618556701030927
first19days,CAP,original,R,boosting,calibrated,2026-01,72,1.1089039553853886,0.125
first19days,CAP,original,R,boosting,calibrated,2026-02,87,1.3612854277859274,0.08045977011494253
first19days,CAP,original,R,boosting,calibrated,2026-03,105,1.69884124097283,0.14285714285714285
first19days,CAP,original,R,linear,calibrated,2025-12,97,2.287239587610172,0.030927835051546393
first19days,CAP,original,R,linear,calibrated,2026-01,72,1.2159900694578107,0.1111111111111111
first19days,CAP,original,R,linear,calibrated,2026-02,87,1.3955023894239922,0.09195402298850575
first19days,CAP,original,R,linear,calibrated,2026-03,105,1.6091180755411443,0.13333333333333333
first19days,CAP,original,R,ml_selected,calibrated,2025-12,97,1.608815625212443,0.020618556701030927
first19days,CAP,original,R,ml_selected,calibrated,2026-01,72,1.1089039553853886,0.125
first19days,CAP,original,R,ml_selected,calibrated,2026-02,87,1.3612854277859274,0.08045977011494253
first19days,CAP,original,R,ml_selected,calibrated,2026-03,105,1.6499213403798316,0.1523809523809524
first19days,CAP,original,R,qrf,calibrated,2025-12,97,1.6710053938601426,0.020618556701030927
first19days,CAP,original,R,qrf,calibrated,2026-01,72,1.090406220291668,0.125
first19days,CAP,original,R,qrf,calibrated,2026-02,87,1.3459965131105711,0.05747126436781609
first19days,CAP,original,R,qrf,calibrated,2026-03,105,1.6450751949591123,0.1523809523809524
first19days,CAP,original,R,threshold,calibrated,2025-12,97,2.3654893002141795,0.020618556701030927
first19days,CAP,original,R,threshold,calibrated,2026-01,72,1.1348527697632556,0.125
first19days,CAP,original,R,threshold,calibrated,2026-02,87,1.3475964210151634,0.06896551724137931
first19days,CAP,original,R,threshold,calibrated,2026-03,105,1.6342865290151372,0.12380952380952381
first19days,CAP,own_scale,B,boosting,raw,2025-12,97,1.3539928919924205,0.12371134020618557
first19days,CAP,own_scale,B,boosting,raw,2026-01,72,1.096710188323269,0.1111111111111111
first19days,CAP,own_scale,B,boosting,raw,2026-02,87,1.3390114414200034,0.11494252873563218
first19days,CAP,own_scale,B,boosting,raw,2026-03,105,1.895773155517435,0.21904761904761905
first19days,CAP,own_scale,B,linear,raw,2025-12,97,1.5425502112132143,0.16494845360824742
first19days,CAP,own_scale,B,linear,raw,2026-01,72,1.1849851739947637,0.09722222222222222
first19days,CAP,own_scale,B,linear,raw,2026-02,87,1.3703891835686886,0.10344827586206896
first19days,CAP,own_scale,B,linear,raw,2026-03,105,1.7130035667448247,0.21904761904761905
first19days,CAP,own_scale,B,ml_selected,raw,2025-12,97,1.3539928919924205,0.12371134020618557
first19days,CAP,own_scale,B,ml_selected,raw,2026-01,72,1.096710188323269,0.1111111111111111
first19days,CAP,own_scale,B,ml_selected,raw,2026-02,87,1.3390114414200034,0.11494252873563218
first19days,CAP,own_scale,B,ml_selected,raw,2026-03,105,1.895773155517435,0.21904761904761905
first19days,CAP,own_scale,B,qrf,raw,2025-12,97,1.2919157712704579,0.13402061855670103
first19days,CAP,own_scale,B,qrf,raw,2026-01,72,1.0724102899484569,0.125
first19days,CAP,own_scale,B,qrf,raw,2026-02,87,1.3131072147212368,0.10344827586206896
first19days,CAP,own_scale,B,qrf,raw,2026-03,105,1.8329753207598736,0.23809523809523808
first19days,CAP,own_scale,B,threshold,raw,2025-12,97,1.3120356730405087,0.14432989690721648
first19days,CAP,own_scale,B,threshold,raw,2026-01,72,1.0956599690592461,0.09722222222222222
first19days,CAP,own_scale,B,threshold,raw,2026-02,87,1.333415239926131,0.10344827586206896
first19days,CAP,own_scale,B,threshold,raw,2026-03,105,1.8222832745293422,0.22857142857142856
first19days,CAP,own_scale,F,boosting,raw,2025-12,97,1.3733671426241285,0.12371134020618557
first19days,CAP,own_scale,F,boosting,raw,2026-01,72,1.1221643620617943,0.1111111111111111
first19days,CAP,own_scale,F,boosting,raw,2026-02,87,1.3399772550122215,0.11494252873563218
first19days,CAP,own_scale,F,boosting,raw,2026-03,105,1.9083787354822896,0.21904761904761905
first19days,CAP,own_scale,F,linear,raw,2025-12,97,1.5425502112132143,0.16494845360824742
first19days,CAP,own_scale,F,linear,raw,2026-01,72,1.1849851739947637,0.09722222222222222
first19days,CAP,own_scale,F,linear,raw,2026-02,87,1.3703891835686886,0.10344827586206896
first19days,CAP,own_scale,F,linear,raw,2026-03,105,1.8592318045428877,0.2571428571428571
first19days,CAP,own_scale,F,ml_selected,raw,2025-12,97,1.3733671426241285,0.12371134020618557
first19days,CAP,own_scale,F,ml_selected,raw,2026-01,72,1.1221643620617943,0.1111111111111111
first19days,CAP,own_scale,F,ml_selected,raw,2026-02,87,1.3399772550122215,0.11494252873563218
first19days,CAP,own_scale,F,ml_selected,raw,2026-03,105,1.8245876814663928,0.21904761904761905
first19days,CAP,own_scale,F,qrf,raw,2025-12,97,1.3933929888261467,0.15463917525773196
first19days,CAP,own_scale,F,qrf,raw,2026-01,72,1.1251691649022832,0.1111111111111111
first19days,CAP,own_scale,F,qrf,raw,2026-02,87,1.2964451461303563,0.11494252873563218
first19days,CAP,own_scale,F,qrf,raw,2026-03,105,1.81315404131319,0.21904761904761905
first19days,CAP,own_scale,F,threshold,raw,2025-12,97,1.3574663431527187,0.14432989690721648
first19days,CAP,own_scale,F,threshold,raw,2026-01,72,1.12076648919569,0.09722222222222222
first19days,CAP,own_scale,F,threshold,raw,2026-02,87,1.3874423491725465,0.11494252873563218
first19days,CAP,own_scale,F,threshold,raw,2026-03,105,1.7782666281849062,0.20952380952380953
first19days,CAP,own_scale,R,boosting,raw,2025-12,97,1.3331324660010877,0.12371134020618557
first19days,CAP,own_scale,R,boosting,raw,2026-01,72,1.0711671648624856,0.1111111111111111
first19days,CAP,own_scale,R,boosting,raw,2026-02,87,1.3398213232991552,0.11494252873563218
first19days,CAP,own_scale,R,boosting,raw,2026-03,105,1.8881843507760607,0.21904761904761905
first19days,CAP,own_scale,R,linear,raw,2025-12,97,1.5425502112132143,0.16494845360824742
first19days,CAP,own_scale,R,linear,raw,2026-01,72,1.1849851739947637,0.09722222222222222
first19days,CAP,own_scale,R,linear,raw,2026-02,87,1.3703891835686886,0.10344827586206896
first19days,CAP,own_scale,R,linear,raw,2026-03,105,1.7530425131046594,0.21904761904761905
first19days,CAP,own_scale,R,ml_selected,raw,2025-12,97,1.3331324660010877,0.12371134020618557
first19days,CAP,own_scale,R,ml_selected,raw,2026-01,72,1.0711671648624856,0.1111111111111111
first19days,CAP,own_scale,R,ml_selected,raw,2026-02,87,1.3398213232991552,0.11494252873563218
first19days,CAP,own_scale,R,ml_selected,raw,2026-03,105,1.8881843507760607,0.21904761904761905
first19days,CAP,own_scale,R,qrf,raw,2025-12,97,1.3554059202813262,0.15463917525773196
first19days,CAP,own_scale,R,qrf,raw,2026-01,72,1.0823938796719976,0.125
first19days,CAP,own_scale,R,qrf,raw,2026-02,87,1.3011325603450015,0.12643678160919541
first19days,CAP,own_scale,R,qrf,raw,2026-03,105,1.8333240964596522,0.24761904761904763
first19days,CAP,own_scale,R,threshold,raw,2025-12,97,1.3137208907397357,0.12371134020618557
first19days,CAP,own_scale,R,threshold,raw,2026-01,72,1.1289170096920786,0.1111111111111111
first19days,CAP,own_scale,R,threshold,raw,2026-02,87,1.3220839730731635,0.12643678160919541
first19days,CAP,own_scale,R,threshold,raw,2026-03,105,1.717616432658761,0.22857142857142856
first19days,CAP,own_scale,B,boosting,calibrated,2025-12,97,1.5755915869285997,0.020618556701030927
first19days,CAP,own_scale,B,boosting,calibrated,2026-01,72,1.1118917085849664,0.1111111111111111
first19days,CAP,own_scale,B,boosting,calibrated,2026-02,87,1.3566995662320893,0.08045977011494253
first19days,CAP,own_scale,B,boosting,calibrated,2026-03,105,1.7127108819468855,0.13333333333333333
first19days,CAP,own_scale,B,linear,calibrated,2025-12,97,2.287239587610172,0.030927835051546393
first19days,CAP,own_scale,B,linear,calibrated,2026-01,72,1.2159900694578107,0.1111111111111111
first19days,CAP,own_scale,B,linear,calibrated,2026-02,87,1.3955023894239922,0.09195402298850575
first19days,CAP,own_scale,B,linear,calibrated,2026-03,105,1.5716826641564943,0.14285714285714285
first19days,CAP,own_scale,B,ml_selected,calibrated,2025-12,97,1.5755915869285997,0.020618556701030927
first19days,CAP,own_scale,B,ml_selected,calibrated,2026-01,72,1.1118917085849664,0.1111111111111111
first19days,CAP,own_scale,B,ml_selected,calibrated,2026-02,87,1.3566995662320893,0.08045977011494253
first19days,CAP,own_scale,B,ml_selected,calibrated,2026-03,105,1.7127108819468855,0.13333333333333333
first19days,CAP,own_scale,B,qrf,calibrated,2025-12,97,1.679040716531766,0.020618556701030927
first19days,CAP,own_scale,B,qrf,calibrated,2026-01,72,1.0641047839072328,0.125
first19days,CAP,own_scale,B,qrf,calibrated,2026-02,87,1.3425482576928338,0.06896551724137931
first19days,CAP,own_scale,B,qrf,calibrated,2026-03,105,1.6582192738426502,0.1523809523809524
first19days,CAP,own_scale,B,threshold,calibrated,2025-12,97,2.274422490181028,0.020618556701030927
first19days,CAP,own_scale,B,threshold,calibrated,2026-01,72,1.1196704918762923,0.09722222222222222
first19days,CAP,own_scale,B,threshold,calibrated,2026-02,87,1.353079707683697,0.05747126436781609
first19days,CAP,own_scale,B,threshold,calibrated,2026-03,105,1.633073146526484,0.13333333333333333
first19days,CAP,own_scale,F,boosting,calibrated,2025-12,97,1.5845872731511446,0.020618556701030927
first19days,CAP,own_scale,F,boosting,calibrated,2026-01,72,1.1473590306878234,0.1388888888888889
first19days,CAP,own_scale,F,boosting,calibrated,2026-02,87,1.3653369474450017,0.06896551724137931
first19days,CAP,own_scale,F,boosting,calibrated,2026-03,105,1.728935997555396,0.12380952380952381
first19days,CAP,own_scale,F,linear,calibrated,2025-12,97,2.287239587610172,0.030927835051546393
first19days,CAP,own_scale,F,linear,calibrated,2026-01,72,1.2159900694578107,0.1111111111111111
first19days,CAP,own_scale,F,linear,calibrated,2026-02,87,1.3955023894239922,0.09195402298850575
first19days,CAP,own_scale,F,linear,calibrated,2026-03,105,1.586078779222411,0.1523809523809524
first19days,CAP,own_scale,F,ml_selected,calibrated,2025-12,97,1.5845872731511446,0.020618556701030927
first19days,CAP,own_scale,F,ml_selected,calibrated,2026-01,72,1.1473590306878234,0.1388888888888889
first19days,CAP,own_scale,F,ml_selected,calibrated,2026-02,87,1.3653369474450017,0.06896551724137931
first19days,CAP,own_scale,F,ml_selected,calibrated,2026-03,105,1.6523844512990566,0.1595238095238095
first19days,CAP,own_scale,F,qrf,calibrated,2025-12,97,1.693521100148317,0.020618556701030927
first19days,CAP,own_scale,F,qrf,calibrated,2026-01,72,1.1383223530024422,0.1111111111111111
first19days,CAP,own_scale,F,qrf,calibrated,2026-02,87,1.3247480374721683,0.05747126436781609
first19days,CAP,own_scale,F,qrf,calibrated,2026-03,105,1.6527264870798952,0.1619047619047619
first19days,CAP,own_scale,F,threshold,calibrated,2025-12,97,2.3754219796067857,0.020618556701030927
first19days,CAP,own_scale,F,threshold,calibrated,2026-01,72,1.153487314327151,0.09722222222222222
first19days,CAP,own_scale,F,threshold,calibrated,2026-02,87,1.3929135285297203,0.06896551724137931
first19days,CAP,own_scale,F,threshold,calibrated,2026-03,105,1.6111175986418795,0.12380952380952381
first19days,CAP,own_scale,R,boosting,calibrated,2025-12,97,1.6080758243638678,0.020618556701030927
first19days,CAP,own_scale,R,boosting,calibrated,2026-01,72,1.1089265311918295,0.125
first19days,CAP,own_scale,R,boosting,calibrated,2026-02,87,1.3612854277859274,0.08045977011494253
first19days,CAP,own_scale,R,boosting,calibrated,2026-03,105,1.702312627086523,0.13333333333333333
first19days,CAP,own_scale,R,linear,calibrated,2025-12,97,2.287239587610172,0.030927835051546393
first19days,CAP,own_scale,R,linear,calibrated,2026-01,72,1.2159900694578107,0.1111111111111111
first19days,CAP,own_scale,R,linear,calibrated,2026-02,87,1.3955023894239922,0.09195402298850575
first19days,CAP,own_scale,R,linear,calibrated,2026-03,105,1.6079760807375543,0.13333333333333333
first19days,CAP,own_scale,R,ml_selected,calibrated,2025-12,97,1.6080758243638678,0.020618556701030927
first19days,CAP,own_scale,R,ml_selected,calibrated,2026-01,72,1.1089265311918295,0.125
first19days,CAP,own_scale,R,ml_selected,calibrated,2026-02,87,1.3612854277859274,0.08045977011494253
first19days,CAP,own_scale,R,ml_selected,calibrated,2026-03,105,1.702312627086523,0.13333333333333333
first19days,CAP,own_scale,R,qrf,calibrated,2025-12,97,1.7091407507030942,0.020618556701030927
first19days,CAP,own_scale,R,qrf,calibrated,2026-01,72,1.069370256480301,0.125
first19days,CAP,own_scale,R,qrf,calibrated,2026-02,87,1.3260913482998218,0.06896551724137931
first19days,CAP,own_scale,R,qrf,calibrated,2026-03,105,1.6495118878622055,0.14285714285714285
first19days,CAP,own_scale,R,threshold,calibrated,2025-12,97,2.2487810888526307,0.020618556701030927
first19days,CAP,own_scale,R,threshold,calibrated,2026-01,72,1.1397047788764647,0.125
first19days,CAP,own_scale,R,threshold,calibrated,2026-02,87,1.3552503755388225,0.06896551724137931
first19days,CAP,own_scale,R,threshold,calibrated,2026-03,105,1.662791792614913,0.11428571428571428
first19days,PCA,original,B,boosting,raw,2025-12,97,2.494790878651577,0.1958762886597938
first19days,PCA,original,B,boosting,raw,2026-01,72,1.396144412514793,0.125
first19days,PCA,original,B,boosting,raw,2026-02,87,1.9947663148132966,0.1724137931034483
first19days,PCA,original,B,boosting,raw,2026-03,105,2.668766951204866,0.2761904761904762
first19days,PCA,original,B,linear,raw,2025-12,97,2.848040497290972,0.1958762886597938
first19days,PCA,original,B,linear,raw,2026-01,72,1.5252690128223223,0.09722222222222222
first19days,PCA,original,B,linear,raw,2026-02,87,2.0822069692804113,0.19540229885057472
first19days,PCA,original,B,linear,raw,2026-03,105,2.735413138017557,0.3523809523809524
first19days,PCA,original,B,ml_selected,raw,2025-12,97,2.482696105856848,0.18556701030927836
first19days,PCA,original,B,ml_selected,raw,2026-01,72,1.445311671386525,0.06597222222222222
first19days,PCA,original,B,ml_selected,raw,2026-02,87,1.8598491533339603,0.14942528735632185
first19days,PCA,original,B,ml_selected,raw,2026-03,105,2.6083602988776464,0.30238095238095236
first19days,PCA,original,B,qrf,raw,2025-12,97,2.4729139683067896,0.18556701030927836
first19days,PCA,original,B,qrf,raw,2026-01,72,1.4364796959251127,0.05555555555555555
first19days,PCA,original,B,qrf,raw,2026-02,87,1.8450130582704276,0.14942528735632185
first19days,PCA,original,B,qrf,raw,2026-03,105,2.6086842193979085,0.3047619047619048
first19days,PCA,original,B,threshold,raw,2025-12,97,2.5847683582797627,0.1958762886597938
first19days,PCA,original,B,threshold,raw,2026-01,72,1.4875729687119685,0.09722222222222222
first19days,PCA,original,B,threshold,raw,2026-02,87,2.3708796998256436,0.21839080459770116
first19days,PCA,original,B,threshold,raw,2026-03,105,2.9548904381285936,0.37142857142857144
first19days,PCA,original,F,boosting,raw,2025-12,97,2.507967087200016,0.1958762886597938
first19days,PCA,original,F,boosting,raw,2026-01,72,1.403081578655124,0.1527777777777778
first19days,PCA,original,F,boosting,raw,2026-02,87,1.9378557853206706,0.1839080459770115
first19days,PCA,original,F,boosting,raw,2026-03,105,2.9994204526069455,0.3142857142857143
first19days,PCA,original,F,linear,raw,2025-12,97,2.93696865736492,0.18556701030927836
first19days,PCA,original,F,linear,raw,2026-01,72,1.6253231842030136,0.09722222222222222
first19days,PCA,original,F,linear,raw,2026-02,87,2.40308610153227,0.1839080459770115
first19days,PCA,original,F,linear,raw,2026-03,105,2.7890432939885645,0.3619047619047619
first19days,PCA,original,F,ml_selected,raw,2025-12,97,2.435938311632774,0.17783505154639176
first19days,PCA,original,F,ml_selected,raw,2026-01,72,1.3088434494641712,0.13194444444444445
first19days,PCA,original,F,ml_selected,raw,2026-02,87,1.798899641748798,0.16091954022988506
first19days,PCA,original,F,ml_selected,raw,2026-03,105,2.6451614263510814,0.2976190476190476
first19days,PCA,original,F,qrf,raw,2025-12,97,2.4429613953406144,0.17525773195876287
first19days,PCA,original,F,qrf,raw,2026-01,72,1.3184205107466598,0.1388888888888889
first19days,PCA,original,F,qrf,raw,2026-02,87,1.7988946061850195,0.16091954022988506
first19days,PCA,original,F,qrf,raw,2026-03,105,2.65413421539316,0.29523809523809524
first19days,PCA,original,F,threshold,raw,2025-12,97,2.7219146674649664,0.1958762886597938
first19days,PCA,original,F,threshold,raw,2026-01,72,1.539840223551946,0.1111111111111111
first19days,PCA,original,F,threshold,raw,2026-02,87,2.6413783203820995,0.2413793103448276
first19days,PCA,original,F,threshold,raw,2026-03,105,3.069774319108011,0.3619047619047619
first19days,PCA,original,R,boosting,raw,2025-12,97,2.5137187496534854,0.17525773195876287
first19days,PCA,original,R,boosting,raw,2026-01,72,1.4193094007750764,0.09722222222222222
first19days,PCA,original,R,boosting,raw,2026-02,87,1.9286523623264995,0.14942528735632185
first19days,PCA,original,R,boosting,raw,2026-03,105,2.7662519345723138,0.3047619047619048
first19days,PCA,original,R,linear,raw,2025-12,97,2.8504758135013097,0.1958762886597938
first19days,PCA,original,R,linear,raw,2026-01,72,1.5252690128223223,0.09722222222222222
first19days,PCA,original,R,linear,raw,2026-02,87,2.080820795715028,0.1839080459770115
first19days,PCA,original,R,linear,raw,2026-03,105,2.762588528231086,0.3619047619047619
first19days,PCA,original,R,ml_selected,raw,2025-12,97,2.5116076570858925,0.19845360824742267
first19days,PCA,original,R,ml_selected,raw,2026-01,72,1.3085161579449318,0.1284722222222222
first19days,PCA,original,R,ml_selected,raw,2026-02,87,1.900328670742318,0.16379310344827586
first19days,PCA,original,R,ml_selected,raw,2026-03,105,2.6122708126537915,0.30238095238095236
first19days,PCA,original,R,qrf,raw,2025-12,97,2.5169708635655597,0.20618556701030927
first19days,PCA,original,R,qrf,raw,2026-01,72,1.307612411927945,0.125
first19days,PCA,original,R,qrf,raw,2026-02,87,1.896058245808798,0.1724137931034483
first19days,PCA,original,R,qrf,raw,2026-03,105,2.597694947620566,0.29523809523809524
first19days,PCA,original,R,threshold,raw,2025-12,97,2.605891425873467,0.17525773195876287
first19days,PCA,original,R,threshold,raw,2026-01,72,1.498105929089756,0.08333333333333333
first19days,PCA,original,R,threshold,raw,2026-02,87,1.9317700117856234,0.1724137931034483
first19days,PCA,original,R,threshold,raw,2026-03,105,2.7498580360473555,0.3047619047619048
first19days,PCA,original,B,boosting,calibrated,2025-12,97,2.5279434593111665,0.061855670103092786
first19days,PCA,original,B,boosting,calibrated,2026-01,72,1.4514130025487808,0.08333333333333333
first19days,PCA,original,B,boosting,calibrated,2026-02,87,1.7957126385668847,0.10344827586206896
first19days,PCA,original,B,boosting,calibrated,2026-03,105,2.126295098496397,0.12380952380952381
first19days,PCA,original,B,linear,calibrated,2025-12,97,3.0443728165241963,0.05154639175257732
first19days,PCA,original,B,linear,calibrated,2026-01,72,1.7555650165886152,0.08333333333333333
first19days,PCA,original,B,linear,calibrated,2026-02,87,1.8785983154084438,0.11494252873563218
first19days,PCA,original,B,linear,calibrated,2026-03,105,1.9987431834860176,0.14285714285714285
first19days,PCA,original,B,ml_selected,calibrated,2025-12,97,2.5075538974691813,0.05670103092783505
first19days,PCA,original,B,ml_selected,calibrated,2026-01,72,1.5178266040327686,0.06944444444444445
first19days,PCA,original,B,ml_selected,calibrated,2026-02,87,1.804039820546756,0.14942528735632185
first19days,PCA,original,B,ml_selected,calibrated,2026-03,105,2.0854749731268574,0.1261904761904762
first19days,PCA,original,B,qrf,calibrated,2025-12,97,2.4944760710901503,0.05154639175257732
first19days,PCA,original,B,qrf,calibrated,2026-01,72,1.4913558913680838,0.06944444444444445
first19days,PCA,original,B,qrf,calibrated,2026-02,87,1.7932902017836276,0.14942528735632185
first19days,PCA,original,B,qrf,calibrated,2026-03,105,2.088318004484823,0.12380952380952381
first19days,PCA,original,B,threshold,calibrated,2025-12,97,2.633799492267691,0.061855670103092786
first19days,PCA,original,B,threshold,calibrated,2026-01,72,1.713500157210838,0.08333333333333333
first19days,PCA,original,B,threshold,calibrated,2026-02,87,2.132093123194784,0.13793103448275862
first19days,PCA,original,B,threshold,calibrated,2026-03,105,1.997877113995449,0.1523809523809524
first19days,PCA,original,F,boosting,calibrated,2025-12,97,2.4741084177042034,0.07216494845360824
first19days,PCA,original,F,boosting,calibrated,2026-01,72,1.4090980788175764,0.1388888888888889
first19days,PCA,original,F,boosting,calibrated,2026-02,87,1.7737029529520782,0.10344827586206896
first19days,PCA,original,F,boosting,calibrated,2026-03,105,2.2676056089840495,0.13333333333333333
first19days,PCA,original,F,linear,calibrated,2025-12,97,3.300154165696555,0.061855670103092786
first19days,PCA,original,F,linear,calibrated,2026-01,72,1.8513789274077108,0.08333333333333333
first19days,PCA,original,F,linear,calibrated,2026-02,87,2.2150972794409816,0.13793103448275862
first19days,PCA,original,F,linear,calibrated,2026-03,105,2.049801729710407,0.17142857142857143
first19days,PCA,original,F,ml_selected,calibrated,2025-12,97,2.4573577642853413,0.05412371134020619
first19days,PCA,original,F,ml_selected,calibrated,2026-01,72,1.3405283382816757,0.08680555555555555
first19days,PCA,original,F,ml_selected,calibrated,2026-02,87,1.723876413678517,0.07471264367816093
first19days,PCA,original,F,ml_selected,calibrated,2026-03,105,2.127461644045922,0.12857142857142856
first19days,PCA,original,F,qrf,calibrated,2025-12,97,2.461095089276606,0.05154639175257732
first19days,PCA,original,F,qrf,calibrated,2026-01,72,1.3419327907281273,0.09722222222222222
first19days,PCA,original,F,qrf,calibrated,2026-02,87,1.7310829367551914,0.08045977011494253
first19days,PCA,original,F,qrf,calibrated,2026-03,105,2.1482316724619497,0.13333333333333333
first19days,PCA,original,F,threshold,calibrated,2025-12,97,2.8377504119987242,0.05154639175257732
first19days,PCA,original,F,threshold,calibrated,2026-01,72,1.5751456582054129,0.08333333333333333
first19days,PCA,original,F,threshold,calibrated,2026-02,87,2.3977524615363657,0.12643678160919541
first19days,PCA,original,F,threshold,calibrated,2026-03,105,2.075224464261565,0.17142857142857143
first19days,PCA,original,R,boosting,calibrated,2025-12,97,2.5637368028748013,0.061855670103092786
first19days,PCA,original,R,boosting,calibrated,2026-01,72,1.542334155808623,0.09722222222222222
first19days,PCA,original,R,boosting,calibrated,2026-02,87,1.8420531255927812,0.12643678160919541
first19days,PCA,original,R,boosting,calibrated,2026-03,105,2.2635770357746927,0.13333333333333333
first19days,PCA,original,R,linear,calibrated,2025-12,97,3.0379426656026056,0.05154639175257732
first19days,PCA,original,R,linear,calibrated,2026-01,72,1.7555650165886152,0.08333333333333333
first19days,PCA,original,R,linear,calibrated,2026-02,87,1.885408975612428,0.11494252873563218
first19days,PCA,original,R,linear,calibrated,2026-03,105,2.0838089655669663,0.17142857142857143
first19days,PCA,original,R,ml_selected,calibrated,2025-12,97,2.4745152624464595,0.059278350515463915
first19days,PCA,original,R,ml_selected,calibrated,2026-01,72,1.3440682450933,0.07291666666666667
first19days,PCA,original,R,ml_selected,calibrated,2026-02,87,1.7607294782526548,0.09195402298850575
first19days,PCA,original,R,ml_selected,calibrated,2026-03,105,2.0784092028428787,0.1261904761904762
first19days,PCA,original,R,qrf,calibrated,2025-12,97,2.47728037830929,0.05154639175257732
first19days,PCA,original,R,qrf,calibrated,2026-01,72,1.32651840727555,0.06944444444444445
first19days,PCA,original,R,qrf,calibrated,2026-02,87,1.7432850510192477,0.08045977011494253
first19days,PCA,original,R,qrf,calibrated,2026-03,105,2.0598190541778827,0.11428571428571428
first19days,PCA,original,R,threshold,calibrated,2025-12,97,2.8708628257092403,0.05154639175257732
first19days,PCA,original,R,threshold,calibrated,2026-01,72,1.6126452458988227,0.09722222222222222
first19days,PCA,original,R,threshold,calibrated,2026-02,87,1.9069771948119427,0.13793103448275862
first19days,PCA,original,R,threshold,calibrated,2026-03,105,2.155273784275373,0.14285714285714285
first19days,PCA,own_scale,B,boosting,raw,2025-12,97,2.4607394449192,0.1958762886597938
first19days,PCA,own_scale,B,boosting,raw,2026-01,72,1.4186928023381884,0.1388888888888889
first19days,PCA,own_scale,B,boosting,raw,2026-02,87,1.865843380500565,0.16091954022988506
first19days,PCA,own_scale,B,boosting,raw,2026-03,105,2.4761326106539423,0.26666666666666666
first19days,PCA,own_scale,B,linear,raw,2025-12,97,2.848040497290972,0.1958762886597938
first19days,PCA,own_scale,B,linear,raw,2026-01,72,1.5755579785969425,0.09722222222222222
first19days,PCA,own_scale,B,linear,raw,2026-02,87,2.0822069692804113,0.19540229885057472
first19days,PCA,own_scale,B,linear,raw,2026-03,105,2.6178751153171724,0.34285714285714286
first19days,PCA,own_scale,B,ml_selected,raw,2025-12,97,2.451027567352579,0.17268041237113402
first19days,PCA,own_scale,B,ml_selected,raw,2026-01,72,1.4201422137383788,0.1284722222222222
first19days,PCA,own_scale,B,ml_selected,raw,2026-02,87,1.8772946931335135,0.14942528735632185
first19days,PCA,own_scale,B,ml_selected,raw,2026-03,105,2.698955967057353,0.3142857142857143
first19days,PCA,own_scale,B,qrf,raw,2025-12,97,2.449327905421156,0.17525773195876287
first19days,PCA,own_scale,B,qrf,raw,2026-01,72,1.4393408375212235,0.08333333333333333
first19days,PCA,own_scale,B,qrf,raw,2026-02,87,1.8569323591335438,0.14942528735632185
first19days,PCA,own_scale,B,qrf,raw,2026-03,105,2.6762508620027194,0.3142857142857143
first19days,PCA,own_scale,B,threshold,raw,2025-12,97,2.8925954579631714,0.1958762886597938
first19days,PCA,own_scale,B,threshold,raw,2026-01,72,1.4640793330968318,0.08333333333333333
first19days,PCA,own_scale,B,threshold,raw,2026-02,87,2.375465481682451,0.20689655172413793
first19days,PCA,own_scale,B,threshold,raw,2026-03,105,2.657917948965187,0.3523809523809524
first19days,PCA,own_scale,F,boosting,raw,2025-12,97,2.4854063721269632,0.1958762886597938
first19days,PCA,own_scale,F,boosting,raw,2026-01,72,1.4292672485642213,0.1527777777777778
first19days,PCA,own_scale,F,boosting,raw,2026-02,87,1.8457205471016203,0.16091954022988506
first19days,PCA,own_scale,F,boosting,raw,2026-03,105,2.805786637799357,0.2857142857142857
first19days,PCA,own_scale,F,linear,raw,2025-12,97,2.93696865736492,0.18556701030927836
first19days,PCA,own_scale,F,linear,raw,2026-01,72,1.583995414338257,0.09722222222222222
first19days,PCA,own_scale,F,linear,raw,2026-02,87,2.40308610153227,0.1839080459770115
first19days,PCA,own_scale,F,linear,raw,2026-03,105,2.7890432939885645,0.3619047619047619
first19days,PCA,own_scale,F,ml_selected,raw,2025-12,97,2.427537565840426,0.17010309278350516
first19days,PCA,own_scale,F,ml_selected,raw,2026-01,72,1.3075641597242946,0.12152777777777778
first19days,PCA,own_scale,F,ml_selected,raw,2026-02,87,1.8000758617424681,0.16091954022988506
first19days,PCA,own_scale,F,ml_selected,raw,2026-03,105,2.5819910079264066,0.2976190476190476
first19days,PCA,own_scale,F,qrf,raw,2025-12,97,2.423699326699527,0.17525773195876287
first19days,PCA,own_scale,F,qrf,raw,2026-01,72,1.296238893754796,0.1111111111111111
first19days,PCA,own_scale,F,qrf,raw,2026-02,87,1.8024339142392343,0.16091954022988506
first19days,PCA,own_scale,F,qrf,raw,2026-03,105,2.605922983671706,0.3047619047619048
first19days,PCA,own_scale,F,threshold,raw,2025-12,97,2.7195367649649986,0.17525773195876287
first19days,PCA,own_scale,F,threshold,raw,2026-01,72,1.5215556793209442,0.1111111111111111
first19days,PCA,own_scale,F,threshold,raw,2026-02,87,2.113933721785767,0.20689655172413793
first19days,PCA,own_scale,F,threshold,raw,2026-03,105,2.6521698592165923,0.24761904761904763
first19days,PCA,own_scale,R,boosting,raw,2025-12,97,2.4726579591128037,0.17525773195876287
first19days,PCA,own_scale,R,boosting,raw,2026-01,72,1.5016435769882048,0.1111111111111111
first19days,PCA,own_scale,R,boosting,raw,2026-02,87,1.9593843560667021,0.1724137931034483
first19days,PCA,own_scale,R,boosting,raw,2026-03,105,2.4569352465614873,0.22857142857142856
first19days,PCA,own_scale,R,linear,raw,2025-12,97,2.8504758135013097,0.1958762886597938
first19days,PCA,own_scale,R,linear,raw,2026-01,72,1.5755579785969425,0.09722222222222222
first19days,PCA,own_scale,R,linear,raw,2026-02,87,2.080820795715028,0.1839080459770115
first19days,PCA,own_scale,R,linear,raw,2026-03,105,2.611725015800682,0.3333333333333333
first19days,PCA,own_scale,R,ml_selected,raw,2025-12,97,2.5190541482989106,0.19845360824742267
first19days,PCA,own_scale,R,ml_selected,raw,2026-01,72,1.4895280340731334,0.11805555555555555
first19days,PCA,own_scale,R,ml_selected,raw,2026-02,87,1.8726041556580886,0.14942528735632185
first19days,PCA,own_scale,R,ml_selected,raw,2026-03,105,2.495645781580251,0.28809523809523807
first19days,PCA,own_scale,R,qrf,raw,2025-12,97,2.5151396222282383,0.20618556701030927
first19days,PCA,own_scale,R,qrf,raw,2026-01,72,1.3285007247279732,0.08333333333333333
first19days,PCA,own_scale,R,qrf,raw,2026-02,87,1.869962262185129,0.14942528735632185
first19days,PCA,own_scale,R,qrf,raw,2026-03,105,2.5164923586120564,0.29523809523809524
first19days,PCA,own_scale,R,threshold,raw,2025-12,97,2.605891425873467,0.17525773195876287
first19days,PCA,own_scale,R,threshold,raw,2026-01,72,1.4781020953226476,0.08333333333333333
first19days,PCA,own_scale,R,threshold,raw,2026-02,87,1.934580270701938,0.16091954022988506
first19days,PCA,own_scale,R,threshold,raw,2026-03,105,2.47650796656186,0.23809523809523808
first19days,PCA,own_scale,B,boosting,calibrated,2025-12,97,2.4949952709933707,0.061855670103092786
first19days,PCA,own_scale,B,boosting,calibrated,2026-01,72,1.4963583720028728,0.09722222222222222
first19days,PCA,own_scale,B,boosting,calibrated,2026-02,87,1.8297629902598265,0.08045977011494253
first19days,PCA,own_scale,B,boosting,calibrated,2026-03,105,2.1165253043438472,0.14285714285714285
first19days,PCA,own_scale,B,linear,calibrated,2025-12,97,3.0443728165241963,0.05154639175257732
first19days,PCA,own_scale,B,linear,calibrated,2026-01,72,1.791739727596899,0.08333333333333333
first19days,PCA,own_scale,B,linear,calibrated,2026-02,87,1.8785983154084438,0.11494252873563218
first19days,PCA,own_scale,B,linear,calibrated,2026-03,105,2.014422744910107,0.13333333333333333
first19days,PCA,own_scale,B,ml_selected,calibrated,2025-12,97,2.490429722577044,0.059278350515463915
first19days,PCA,own_scale,B,ml_selected,calibrated,2026-01,72,1.495636011455474,0.09375
first19days,PCA,own_scale,B,ml_selected,calibrated,2026-02,87,1.8188353006735276,0.14080459770114942
first19days,PCA,own_scale,B,ml_selected,calibrated,2026-03,105,2.06831563924677,0.14047619047619048
first19days,PCA,own_scale,B,qrf,calibrated,2025-12,97,2.490673880222327,0.05154639175257732
first19days,PCA,own_scale,B,qrf,calibrated,2026-01,72,1.5195816504710598,0.06944444444444445
first19days,PCA,own_scale,B,qrf,calibrated,2026-02,87,1.8021804650064905,0.13793103448275862
first19days,PCA,own_scale,B,qrf,calibrated,2026-03,105,2.0596196352987794,0.14285714285714285
first19days,PCA,own_scale,B,threshold,calibrated,2025-12,97,3.167252281417,0.05154639175257732
first19days,PCA,own_scale,B,threshold,calibrated,2026-01,72,1.6411122633955075,0.06944444444444445
first19days,PCA,own_scale,B,threshold,calibrated,2026-02,87,2.1608550935778714,0.12643678160919541
first19days,PCA,own_scale,B,threshold,calibrated,2026-03,105,2.04099348635786,0.19047619047619047
first19days,PCA,own_scale,F,boosting,calibrated,2025-12,97,2.5028590101320365,0.061855670103092786
first19days,PCA,own_scale,F,boosting,calibrated,2026-01,72,1.4297565471697284,0.1111111111111111
first19days,PCA,own_scale,F,boosting,calibrated,2026-02,87,1.7991353716652072,0.10344827586206896
first19days,PCA,own_scale,F,boosting,calibrated,2026-03,105,2.274223436761319,0.14285714285714285
first19days,PCA,own_scale,F,linear,calibrated,2025-12,97,3.3052513236007326,0.05154639175257732
first19days,PCA,own_scale,F,linear,calibrated,2026-01,72,1.8135958889394255,0.08333333333333333
first19days,PCA,own_scale,F,linear,calibrated,2026-02,87,2.2150972794409816,0.13793103448275862
first19days,PCA,own_scale,F,linear,calibrated,2026-03,105,2.049801729710407,0.17142857142857143
first19days,PCA,own_scale,F,ml_selected,calibrated,2025-12,97,2.4541914430142326,0.05412371134020619
first19days,PCA,own_scale,F,ml_selected,calibrated,2026-01,72,1.3440019377873627,0.09375
first19days,PCA,own_scale,F,ml_selected,calibrated,2026-02,87,1.7300037384408495,0.07471264367816093
first19days,PCA,own_scale,F,ml_selected,calibrated,2026-03,105,2.131444096741929,0.14285714285714285
first19days,PCA,own_scale,F,qrf,calibrated,2025-12,97,2.4569464497313636,0.05154639175257732
first19days,PCA,own_scale,F,qrf,calibrated,2026-01,72,1.3321014599050247,0.09722222222222222
first19days,PCA,own_scale,F,qrf,calibrated,2026-02,87,1.7348417764580848,0.08045977011494253
first19days,PCA,own_scale,F,qrf,calibrated,2026-03,105,2.140594079513456,0.14285714285714285
first19days,PCA,own_scale,F,threshold,calibrated,2025-12,97,2.801756344680028,0.05154639175257732
first19days,PCA,own_scale,F,threshold,calibrated,2026-01,72,1.5283097754840975,0.09722222222222222
first19days,PCA,own_scale,F,threshold,calibrated,2026-02,87,2.0406919650758812,0.10344827586206896
first19days,PCA,own_scale,F,threshold,calibrated,2026-03,105,2.2109921946015314,0.14285714285714285
first19days,PCA,own_scale,R,boosting,calibrated,2025-12,97,2.5590809799704135,0.061855670103092786
first19days,PCA,own_scale,R,boosting,calibrated,2026-01,72,1.620674732193921,0.1111111111111111
first19days,PCA,own_scale,R,boosting,calibrated,2026-02,87,1.7907316179087776,0.12643678160919541
first19days,PCA,own_scale,R,boosting,calibrated,2026-03,105,2.079728252741884,0.12380952380952381
first19days,PCA,own_scale,R,linear,calibrated,2025-12,97,3.0379426656026056,0.05154639175257732
first19days,PCA,own_scale,R,linear,calibrated,2026-01,72,1.791739727596899,0.08333333333333333
first19days,PCA,own_scale,R,linear,calibrated,2026-02,87,1.885408975612428,0.11494252873563218
first19days,PCA,own_scale,R,linear,calibrated,2026-03,105,2.0220328914577324,0.13333333333333333
first19days,PCA,own_scale,R,ml_selected,calibrated,2025-12,97,2.4678009015792988,0.061855670103092786
first19days,PCA,own_scale,R,ml_selected,calibrated,2026-01,72,1.6261694557526336,0.1111111111111111
first19days,PCA,own_scale,R,ml_selected,calibrated,2026-02,87,1.8203098755848688,0.10344827586206896
first19days,PCA,own_scale,R,ml_selected,calibrated,2026-03,105,2.085351180060861,0.13333333333333333
first19days,PCA,own_scale,R,qrf,calibrated,2025-12,97,2.4634034065825237,0.061855670103092786
first19days,PCA,own_scale,R,qrf,calibrated,2026-01,72,1.4125779737470283,0.06944444444444445
first19days,PCA,own_scale,R,qrf,calibrated,2026-02,87,1.8179536152899913,0.10344827586206896
first19days,PCA,own_scale,R,qrf,calibrated,2026-03,105,2.076959307803028,0.13333333333333333
first19days,PCA,own_scale,R,threshold,calibrated,2025-12,97,2.8708628257092403,0.05154639175257732
first19days,PCA,own_scale,R,threshold,calibrated,2026-01,72,1.5520379014382522,0.06944444444444445
first19days,PCA,own_scale,R,threshold,calibrated,2026-02,87,1.9172589493287635,0.14942528735632185
first19days,PCA,own_scale,R,threshold,calibrated,2026-03,105,2.221968826787662,0.14285714285714285
