datetime_utc,basis,target,target_time,q10,q50,q90
2026-01-01 22:00:00+00:00,15.020332781228163,6.995138561869396,2026-01-02 04:00:00+00:00,-7.5518409409817835,1.5460726004957088,13.091607221342846
2026-01-01 23:00:00+00:00,12.954612370110752,-8.695545553587536,2026-01-02 05:00:00+00:00,-8.13267801072913,2.0595861138193037,11.62468280368395
2026-01-02 00:00:00+00:00,3.079152587073253,-3.409980355861819,2026-01-02 06:00:00+00:00,-6.253009726100146,2.2026020446358827,11.581686486999798
2026-01-02 01:00:00+00:00,14.297955650199867,-12.255004710199913,2026-01-02 07:00:00+00:00,-6.658522064146958,3.000868049371789,12.165968936542953
2026-01-02 02:00:00+00:00,18.644079374086076,11.483166719150617,2026-01-02 08:00:00+00:00,-2.91341742017692,5.977454505095196,16.196767804614904
2026-01-02 03:00:00+00:00,-1.6475126214121616,-0.002157529470636632,2026-01-02 09:00:00+00:00,-7.951251620478635,2.6562063619289935,11.531323847446428
2026-01-02 04:00:00+00:00,6.995138561869396,13.541335485740547,2026-01-02 10:00:00+00:00,-7.164657116481706,3.0135315549232518,10.024398927321759
2026-01-02 05:00:00+00:00,-8.695545553587536,11.463108673819278,2026-01-02 11:00:00+00:00,-10.087453461607227,3.285564935994371,14.622824394135332
2026-01-02 06:00:00+00:00,-3.409980355861819,-3.605826024575265,2026-01-02 12:00:00+00:00,-9.611375433970577,-0.016507810509899024,8.320734583378739
2026-01-02 07:00:00+00:00,-12.255004710199913,-5.3969081489047,2026-01-02 13:00:00+00:00,-11.938786957418754,1.0072505986864115,12.487376841592226
2026-01-02 08:00:00+00:00,11.483166719150617,-5.9362040570309915,2026-01-02 14:00:00+00:00,-6.529679200353911,1.638673158296216,9.90958991637638
2026-01-02 09:00:00+00:00,-0.002157529470636632,5.540590859434147,2026-01-02 15:00:00+00:00,-10.553949593841066,2.5793734162343362,11.042357444757716
2026-01-02 10:00:00+00:00,13.541335485740547,23.49731780840081,2026-01-02 16:00:00+00:00,-7.896661157582869,3.767438839428033,11.639502449468397
2026-01-02 11:00:00+00:00,11.463108673819278,4.792928437735711,2026-01-02 17:00:00+00:00,-6.426636391643232,2.421382626838657,10.764478251411747
2026-01-02 12:00:00+00:00,-3.605826024575265,8.330400119556103,2026-01-02 18:00:00+00:00,-9.267486713760134,0.027602320606261443,9.505123534625424
2026-01-02 13:00:00+00:00,-5.3969081489047,17.279109996310993,2026-01-02 19:00:00+00:00,-9.773361149465565,-1.1799207317206113,8.704796314282218
2026-01-02 14:00:00+00:00,-5.9362040570309915,13.944281114186552,2026-01-02 20:00:00+00:00,-11.171674548717187,-0.5556960533366135,11.906210009449733
2026-01-02 15:00:00+00:00,5.540590859434147,4.438542609639384,2026-01-02 21:00:00+00:00,-6.2546054035061225,0.9893519651869518,10.250726968369783
2026-01-02 16:00:00+00:00,23.49731780840081,-3.854083754344373,2026-01-02 22:00:00+00:00,0.05667148157633406,9.753149474382226,20.593663949159776
2026-01-02 17:00:00+00:00,4.792928437735711,10.050259838809694,2026-01-02 23:00:00+00:00,-7.050726474356223,4.413998404822454,11.414503888253378
2026-01-02 18:00:00+00:00,8.330400119556103,6.596837829890845,2026-01-03 00:00:00+00:00,-8.694747855223959,3.48684472417101,10.216102997343166
2026-01-02 19:00:00+00:00,17.279109996310993,5.127831913966929,2026-01-03 01:00:00+00:00,-5.9639128357091025,3.5127433652720566,15.180369602770856
2026-01-02 20:00:00+00:00,13.944281114186552,-4.031074599550877,2026-01-03 02:00:00+00:00,-9.006335134465473,4.072358838609016,12.486404295552664
2026-01-02 21:00:00+00:00,4.438542609639384,2.7221329232052227,2026-01-03 03:00:00+00:00,-7.1918313233004145,4.078661518967186,10.165070791839346
2026-01-02 22:00:00+00:00,-3.854083754344373,9.177239900051148,2026-01-03 04:00:00+00:00,-8.817637640853023,3.6936749193105074,12.318242165975636
2026-01-02 23:00:00+00:00,10.050259838809694,1.1822019717033783,2026-01-03 05:00:00+00:00,-5.309347175133324,3.3194568696056646,9.686098687395166
2026-01-03 00:00:00+00:00,6.596837829890845,8.310081131677194,2026-01-03 06:00:00+00:00,-5.8753222882885066,2.0255573480799747,10.614301384624333
2026-01-03 01:00:00+00:00,5.127831913966929,10.196334311931565,2026-01-03 07:00:00+00:00,-5.881179347063684,2.404060969373254,12.783222871057395
2026-01-03 02:00:00+00:00,-4.031074599550877,5.375032638132993,2026-01-03 08:00:00+00:00,-6.567170874310634,2.150603676316452,11.351540559102075
2026-01-03 03:00:00+00:00,2.7221329232052227,-4.060195312618475,2026-01-03 09:00:00+00:00,-7.839854484388825,0.6752671324734769,9.17052685111707
2026-01-03 04:00:00+00:00,9.177239900051148,-4.875983182639487,2026-01-03 10:00:00+00:00,-6.723867120249112,1.5650348529138167,10.025905749636527
2026-01-03 05:00:00+00:00,1.1822019717033783,1.9704245231011441,2026-01-03 11:00:00+00:00,-8.505917787240403,2.981295669408537,11.474529187354888
2026-01-03 06:00:00+00:00,8.310081131677194,-1.1186350076819451,2026-01-03 12:00:00+00:00,-7.760692921690314,2.4312460015277937,9.794527829624124
2026-01-03 07:00:00+00:00,10.196334311931565,11.376975627230834,2026-01-03 13:00:00+00:00,-6.246448592892875,3.0213205038645157,10.038458393679427
2026-01-03 08:00:00+00:00,5.375032638132993,11.967464142061957,2026-01-03 14:00:00+00:00,-7.09575438026453,2.5151232919505024,10.742729953283858
2026-01-03 09:00:00+00:00,-4.060195312618475,4.753492322899788,2026-01-03 15:00:00+00:00,-8.103588249318658,0.4007271116937039,9.167457008723469
2026-01-03 10:00:00+00:00,-4.875983182639487,4.955519573881517,2026-01-03 16:00:00+00:00,-9.85619213784446,-0.5473448842959261,7.66072865274778
2026-01-03 11:00:00+00:00,1.9704245231011441,11.950654710712882,2026-01-03 17:00:00+00:00,-10.418865441885549,-0.8093932424629178,8.53013083922573
2026-01-03 12:00:00+00:00,-1.1186350076819451,-9.917017930680672,2026-01-03 18:00:00+00:00,-8.483709207235233,1.1859581659640526,10.92231654605966
2026-01-03 13:00:00+00:00,11.376975627230834,2.9157788285960606,2026-01-03 19:00:00+00:00,-6.311863862302452,3.076257138749659,10.416209611396054
2026-01-03 14:00:00+00:00,11.967464142061957,2.1287131034419815,2026-01-03 20:00:00+00:00,-4.778294806046453,3.0299548857301932,10.849615765292103
2026-01-03 15:00:00+00:00,4.753492322899788,0.32607169511145173,2026-01-03 21:00:00+00:00,-7.678238015046675,3.6537571055125246,9.892278720830658
2026-01-03 16:00:00+00:00,4.955519573881517,0.8685486026571709,2026-01-03 22:00:00+00:00,-5.753131664553607,2.313058735974167,9.002524048726869
2026-01-03 17:00:00+00:00,11.950654710712882,2.7533629046683217,2026-01-03 23:00:00+00:00,-5.639581991860581,2.904044861699255,9.696951958353079
2026-01-03 18:00:00+00:00,-9.917017930680672,14.975005418591536,2026-01-04 00:00:00+00:00,-11.691440319839886,-0.2549494441896698,7.8568280669439154
2026-01-03 19:00:00+00:00,2.9157788285960606,5.781878004675889,2026-01-04 01:00:00+00:00,-7.730629721585336,-0.31964748998424986,9.537566892922252
2026-01-03 20:00:00+00:00,2.1287131034419815,1.999270687349508,2026-01-04 02:00:00+00:00,-6.2374046867959585,1.4980997967520346,9.98821006380718
2026-01-03 21:00:00+00:00,0.32607169511145173,2.1426781340050383,2026-01-04 03:00:00+00:00,-7.808577508490966,0.6102150819958865,9.079924009053528
2026-01-03 22:00:00+00:00,0.8685486026571709,6.389176327230572,2026-01-04 04:00:00+00:00,-7.061799298902828,0.5067543069176157,9.20227589697936
2026-01-03 23:00:00+00:00,2.7533629046683217,7.261456205371886,2026-01-04 05:00:00+00:00,-5.830477893873509,-0.577343226606907,10.129291265753832
2026-01-04 00:00:00+00:00,14.975005418591536,-1.6164866440782077,2026-01-04 06:00:00+00:00,-7.510855323712487,1.732710097426832,13.141881712144437
2026-01-04 01:00:00+00:00,5.781878004675889,10.840782820720207,2026-01-04 07:00:00+00:00,-3.964414930231717,2.2496419031540262,12.920631089339144
2026-01-04 02:00:00+00:00,1.999270687349508,-2.360190110053395,2026-01-04 08:00:00+00:00,-5.672936744785312,3.8160007428546385,10.793207582956825
2026-01-04 03:00:00+00:00,2.1426781340050383,7.558608925331001,2026-01-04 09:00:00+00:00,-6.056457358071606,1.3763692277130417,9.585357122095726
2026-01-04 04:00:00+00:00,6.389176327230572,-12.128848885106791,2026-01-04 10:00:00+00:00,-6.183158210790239,0.2691969191231598,9.554086748004368
2026-01-04 05:00:00+00:00,7.261456205371886,-10.119471893590415,2026-01-04 11:00:00+00:00,-5.265503271208724,2.083175094443817,10.675832886460876
2026-01-04 06:00:00+00:00,-1.6164866440782077,-0.473835137393408,2026-01-04 12:00:00+00:00,-6.720159073790146,1.9995746748488887,11.319062073847936
2026-01-04 07:00:00+00:00,10.840782820720207,-2.6057685461466917,2026-01-04 13:00:00+00:00,-6.3017856121617655,1.002812436513656,9.514591331793554
2026-01-04 08:00:00+00:00,-2.360190110053395,-7.158666456117402,2026-01-04 14:00:00+00:00,-7.912832016761223,-0.4744758816857695,9.932949281023241
2026-01-04 09:00:00+00:00,7.558608925331001,-1.7174361500504887,2026-01-04 15:00:00+00:00,-6.500260435195795,0.3215315503396079,8.670557119411578
2026-01-04 10:00:00+00:00,-12.128848885106791,-3.608344584034029,2026-01-04 16:00:00+00:00,-12.371227416603702,-0.34219361134667103,6.112277249571665
2026-01-04 11:00:00+00:00,-10.119471893590415,2.178188965755723,2026-01-04 17:00:00+00:00,-11.026594750815295,-2.003137920396572,7.62772766917567
2026-01-04 12:00:00+00:00,-0.473835137393408,-0.7314214245912609,2026-01-04 18:00:00+00:00,-11.21652666096585,0.5324153570932166,8.830243349987862
2026-01-04 13:00:00+00:00,-2.6057685461466917,10.476904461063086,2026-01-04 19:00:00+00:00,-7.571994396719782,0.8813410723500623,9.661556883088759
2026-01-04 14:00:00+00:00,-7.158666456117402,-5.289422761203255,2026-01-04 20:00:00+00:00,-10.550271144131523,-0.48251903214432446,8.23720791966049
2026-01-04 15:00:00+00:00,-1.7174361500504887,10.774893523430862,2026-01-04 21:00:00+00:00,-8.921241435873418,0.3019773997833495,9.424955198069416
2026-01-04 16:00:00+00:00,-3.608344584034029,-3.0404678000284235,2026-01-04 22:00:00+00:00,-10.672983015364775,-0.8526335279516011,7.023233528695428
2026-01-04 17:00:00+00:00,2.178188965755723,-9.908938795071265,2026-01-04 23:00:00+00:00,-8.789285237870773,0.7844547531939183,8.240476591991335
2026-01-04 18:00:00+00:00,-0.7314214245912609,-8.400382426110298,2026-01-05 00:00:00+00:00,-7.347908398164041,1.0197646398770472,8.833182547988613
2026-01-04 19:00:00+00:00,10.476904461063086,-11.09330034674727,2026-01-05 01:00:00+00:00,-6.804512466812852,2.061314048741213,9.343896794447366
2026-01-04 20:00:00+00:00,-5.289422761203255,-0.629041192254931,2026-01-05 02:00:00+00:00,-9.133451487715085,0.009706236118662837,7.8761310962552304
2026-01-04 21:00:00+00:00,10.774893523430862,-8.224699919390233,2026-01-05 03:00:00+00:00,-8.065363990900078,0.6055607908023308,9.341525334650434
2026-01-04 22:00:00+00:00,-3.0404678000284235,-7.517723604131277,2026-01-05 04:00:00+00:00,-8.824557662198021,-0.6707368196598855,8.720578625662357
2026-01-04 23:00:00+00:00,-9.908938795071265,-6.440094534987395,2026-01-05 05:00:00+00:00,-9.700867137671011,0.5837449627042961,7.048927458802936
2026-01-05 00:00:00+00:00,-8.400382426110298,-13.861388867271174,2026-01-05 06:00:00+00:00,-10.20282188161698,-2.3247687737282225,7.870280707258129
2026-01-05 01:00:00+00:00,-11.09330034674727,-1.8696758957847948,2026-01-05 07:00:00+00:00,-13.153950774684741,-0.5085160144967276,11.060471110770774
2026-01-05 02:00:00+00:00,-0.629041192254931,-9.438430395531938,2026-01-05 08:00:00+00:00,-9.754964772236692,-0.04793070295200219,8.287895759589253
2026-01-05 03:00:00+00:00,-8.224699919390233,-7.255725505750377,2026-01-05 09:00:00+00:00,-10.1800750623362,-0.35944833692340605,8.400628358532774
2026-01-05 04:00:00+00:00,-7.517723604131277,3.2735756192359133,2026-01-05 10:00:00+00:00,-11.500425796071148,-1.6780561927858022,7.2998571730605395
2026-01-05 05:00:00+00:00,-6.440094534987395,-2.377378481543957,2026-01-05 11:00:00+00:00,-13.887050272852218,-2.3215441445979126,8.076993770161202
2026-01-05 06:00:00+00:00,-13.861388867271174,-5.656474390960398,2026-01-05 12:00:00+00:00,-16.112906293687406,-4.090754915109464,5.1535929700030145
2026-01-05 07:00:00+00:00,-1.8696758957847948,0.430256472769841,2026-01-05 13:00:00+00:00,-10.410175868495102,-1.4052183185781386,6.260444214690969
2026-01-05 08:00:00+00:00,-9.438430395531938,-11.866912718634381,2026-01-05 14:00:00+00:00,-10.145815513403573,-0.252279856333935,7.9152682082386505
2026-01-05 09:00:00+00:00,-7.255725505750377,0.2280729040116114,2026-01-05 15:00:00+00:00,-10.894161745976092,-3.1301326908344445,7.123070612203792
2026-01-05 10:00:00+00:00,3.2735756192359133,-2.4825587651289283,2026-01-05 16:00:00+00:00,-7.8231964022562295,-1.271451600200268,8.44497812166609
2026-01-05 11:00:00+00:00,-2.377378481543957,-0.8419885605182031,2026-01-05 17:00:00+00:00,-8.457824780009176,-1.1026378888694852,7.547413260165989
2026-01-05 12:00:00+00:00,-5.656474390960398,-4.275451137152331,2026-01-05 18:00:00+00:00,-10.333325701320529,0.47411020077198973,7.761453592792373
2026-01-05 13:00:00+00:00,0.430256472769841,7.1409130870137005,2026-01-05 19:00:00+00:00,-10.3556300976487,0.12030065667597567,7.79315481783908
2026-01-05 14:00:00+00:00,-11.866912718634381,-3.362870508087923,2026-01-05 20:00:00+00:00,-13.961650061162526,-2.3700001333701906,5.376922858389236
2026-01-05 15:00:00+00:00,0.2280729040116114,11.775455948628277,2026-01-05 21:00:00+00:00,-9.796871864511957,-1.5862854311091859,8.196815615601636
2026-01-05 16:00:00+00:00,-2.4825587651289283,10.882564551817353,2026-01-05 22:00:00+00:00,-9.065352949886957,-1.4106825436031512,7.910699463587903
2026-01-05 17:00:00+00:00,-0.8419885605182031,-8.601612033221073,2026-01-05 23:00:00+00:00,-8.940318276476093,-1.75943834512015,7.822775269253041
2026-01-05 18:00:00+00:00,-4.275451137152331,-9.076392933051736,2026-01-06 00:00:00+00:00,-8.251608427920184,0.0890744954259528,6.76093723910736
2026-01-05 19:00:00+00:00,7.1409130870137005,12.678627252560304,2026-01-06 01:00:00+00:00,-9.358165126288693,0.03775044868854849,9.149780557252775
2026-01-05 20:00:00+00:00,-3.362870508087923,-1.591401162048811,2026-01-06 02:00:00+00:00,-9.81831502474623,-1.8043434625402757,6.7155445552950255
2026-01-05 21:00:00+00:00,11.775455948628277,7.302188217552796,2026-01-06 03:00:00+00:00,-8.964988884686893,-0.5091129523662321,9.349785718938417
2026-01-05 22:00:00+00:00,10.882564551817353,-2.2659114584300255,2026-01-06 04:00:00+00:00,-8.169575053723523,0.3914695661761325,10.206657502388815
2026-01-05 23:00:00+00:00,-8.601612033221073,-0.5829651114108714,2026-01-06 05:00:00+00:00,-11.153895671510725,0.13087610037831965,9.470978485951392
2026-01-06 00:00:00+00:00,-9.076392933051736,5.291691181117386,2026-01-06 06:00:00+00:00,-13.92289474754579,-3.361084688040843,7.244994872652811
2026-01-06 01:00:00+00:00,12.678627252560304,-13.573088583465065,2026-01-06 07:00:00+00:00,-5.71816099773293,1.379535169699098,11.26384415737476
2026-01-06 02:00:00+00:00,-1.591401162048811,-3.4204071355237176,2026-01-06 08:00:00+00:00,-7.507858872927677,0.0966742973247876,8.96603700290738
2026-01-06 03:00:00+00:00,7.302188217552796,7.33740354110779,2026-01-06 09:00:00+00:00,-9.001933971558945,-0.4307113298114089,8.682812561457293
2026-01-06 04:00:00+00:00,-2.2659114584300255,-9.203084955613505,2026-01-06 10:00:00+00:00,-9.665860820128266,0.11630727777772698,9.974230630690764
2026-01-06 05:00:00+00:00,-0.5829651114108714,-1.1455726108433595,2026-01-06 11:00:00+00:00,-9.350403449067693,0.7530898492940361,7.875735234784651
2026-01-06 06:00:00+00:00,5.291691181117386,14.015945537977359,2026-01-06 12:00:00+00:00,-7.902043987654729,-0.2316933713446101,8.927515611050703
2026-01-06 07:00:00+00:00,-13.573088583465065,-8.494703697623507,2026-01-06 13:00:00+00:00,-14.923693450954245,-0.45485312766878927,12.150902936901286
2026-01-06 08:00:00+00:00,-3.4204071355237176,5.089064887071615,2026-01-06 14:00:00+00:00,-11.81249087560622,-2.305142946595093,5.7660356488095825
2026-01-06 09:00:00+00:00,7.33740354110779,-0.9747174617036336,2026-01-06 15:00:00+00:00,-8.283575382399494,-0.06319544446829806,9.198730481310488
2026-01-06 10:00:00+00:00,-9.203084955613505,-3.7460870550098946,2026-01-06 16:00:00+00:00,-10.452232347226854,-0.964388809817498,6.381692489894155
2026-01-06 11:00:00+00:00,-1.1455726108433595,-4.247499355560791,2026-01-06 17:00:00+00:00,-9.37064293260099,-0.6645326224498491,7.58018166684165
2026-01-06 12:00:00+00:00,14.015945537977359,0.2652552558757293,2026-01-06 18:00:00+00:00,-6.632975653933201,1.6638490734892848,11.09371179138972
2026-01-06 13:00:00+00:00,-8.494703697623507,-11.483160381731139,2026-01-06 19:00:00+00:00,-11.846179611021695,-2.1812329144214013,9.558432434541537
2026-01-06 14:00:00+00:00,5.089064887071615,-0.8428652875291931,2026-01-06 20:00:00+00:00,-8.09232714388085,-0.7078332244615764,8.831305713305305
2026-01-06 15:00:00+00:00,-0.9747174617036336,-6.336843391414604,2026-01-06 21:00:00+00:00,-9.244240212622666,1.0454145956957888,8.928821945179065
2026-01-06 16:00:00+00:00,-3.7460870550098946,-3.617875103056889,2026-01-06 22:00:00+00:00,-10.345749436352463,-0.41363502390695084,6.572285511390772
2026-01-06 17:00:00+00:00,-4.247499355560791,-5.305575397231976,2026-01-06 23:00:00+00:00,-12.342016797449642,-1.410882065231112,5.797493157640538
2026-01-06 18:00:00+00:00,0.2652552558757293,-13.274743821733992,2026-01-07 00:00:00+00:00,-14.301977042674894,-1.3926500661244114,5.922426173220252
2026-01-06 19:00:00+00:00,-11.483160381731139,2.0617322004401473,2026-01-07 01:00:00+00:00,-13.741963027000331,-3.069094053871231,4.928614767680081
2026-01-06 20:00:00+00:00,-0.8428652875291931,-4.130737913179416,2026-01-07 02:00:00+00:00,-9.947523139795562,-2.013697682220224,7.213134942852099
2026-01-06 21:00:00+00:00,-6.336843391414604,14.517680656291887,2026-01-07 03:00:00+00:00,-10.737662105542043,-2.1969232279730813,5.909401711605078
2026-01-06 22:00:00+00:00,-3.617875103056889,-1.100657160773011,2026-01-07 04:00:00+00:00,-9.50747836603189,-1.9604325961417672,6.265076282960214
2026-01-06 23:00:00+00:00,-5.305575397231976,5.224284800711132,2026-01-07 05:00:00+00:00,-8.690802961715836,-1.5505860867312604,8.336752301099905
2026-01-07 00:00:00+00:00,-13.274743821733992,-10.31122173228205,2026-01-07 06:00:00+00:00,-14.504204678087708,-2.521173034395339,7.255722636662721
2026-01-07 01:00:00+00:00,2.0617322004401473,3.9192328866910486,2026-01-07 07:00:00+00:00,-9.709054066667727,0.7555398402485844,7.811722628435977
2026-01-07 02:00:00+00:00,-4.130737913179416,5.990304938983115,2026-01-07 08:00:00+00:00,-8.744745101959449,0.08991839929565781,6.693230943961961
2026-01-07 03:00:00+00:00,14.517680656291887,-0.337940195755948,2026-01-07 09:00:00+00:00,-8.385173047865798,0.09241990635272757,11.875671097497516
2026-01-07 04:00:00+00:00,-1.100657160773011,-4.956785736167646,2026-01-07 10:00:00+00:00,-8.312794007685406,0.2550293233186931,8.687866340760925
2026-01-07 05:00:00+00:00,5.224284800711132,-3.765934961679207,2026-01-07 11:00:00+00:00,-8.292482233578555,-0.7197250212651438,8.627391651020272
2026-01-07 06:00:00+00:00,-10.31122173228205,-15.596431843256653,2026-01-07 12:00:00+00:00,-11.823202989404024,-2.2264276708232025,3.5408644786516135
2026-01-07 07:00:00+00:00,3.9192328866910486,-1.2911441566387794,2026-01-07 13:00:00+00:00,-7.805393530328324,1.3998003633613454,9.491881175633914
2026-01-07 08:00:00+00:00,5.990304938983115,1.677399450370487,2026-01-07 14:00:00+00:00,-9.026375573371118,1.3459326691067144,10.36159245304234
2026-01-07 09:00:00+00:00,-0.337940195755948,10.01946742944071,2026-01-07 15:00:00+00:00,-7.838558609163133,1.1149263891363161,8.055235120541022
2026-01-07 10:00:00+00:00,-4.956785736167646,-7.594122455287788,2026-01-07 16:00:00+00:00,-12.606098661610314,-3.228973092523667,4.0792627405476996
2026-01-07 11:00:00+00:00,-3.765934961679207,-3.9855032667723833,2026-01-07 17:00:00+00:00,-9.582310663078172,-2.0952071886239394,5.069935053230312
2026-01-07 12:00:00+00:00,-15.596431843256653,-12.51516388840912,2026-01-07 18:00:00+00:00,-17.99224843359936,-5.709600678879243,6.370760157192908
2026-01-07 13:00:00+00:00,-1.2911441566387794,-12.962895765369353,2026-01-07 19:00:00+00:00,-8.839005234069086,-3.9284854212479834,6.669254694718702
2026-01-07 14:00:00+00:00,1.677399450370487,-5.834116811955781,2026-01-07 20:00:00+00:00,-9.48265723399877,-1.0777658372764165,8.511063256863295
2026-01-07 15:00:00+00:00,10.01946742944071,-5.312101200356523,2026-01-07 21:00:00+00:00,-8.62169779624358,-0.1583991276141994,9.295490803588642
2026-01-07 16:00:00+00:00,-7.594122455287788,8.305080880743887,2026-01-07 22:00:00+00:00,-13.186186616776927,-2.3752243193431193,8.067793694517437
2026-01-07 17:00:00+00:00,-3.9855032667723833,0.0869189597629827,2026-01-07 23:00:00+00:00,-10.253099974923511,-3.04417076177877,5.147815961899084
2026-01-07 18:00:00+00:00,-12.51516388840912,6.7026385274271405,2026-01-08 00:00:00+00:00,-14.125389040301958,-3.7277273781878613,2.3804933017021472
2026-01-07 19:00:00+00:00,-12.962895765369353,7.605181234620062,2026-01-08 01:00:00+00:00,-14.609357325646844,-6.124449073964835,2.7919776281764808
2026-01-07 20:00:00+00:00,-5.834116811955781,-1.529555337942412,2026-01-08 02:00:00+00:00,-10.964828533425035,-4.299284472673348,5.837086057780999
2026-01-07 21:00:00+00:00,-5.312101200356523,2.0738299769273993,2026-01-08 03:00:00+00:00,-10.412643570097192,-2.2933878742944787,6.162483934468133
2026-01-07 22:00:00+00:00,8.305080880743887,-2.2312170941063414,2026-01-08 04:00:00+00:00,-11.257630515524959,-0.1736242482517092,9.175729964222835
2026-01-07 23:00:00+00:00,0.0869189597629827,1.4103924639741194,2026-01-08 05:00:00+00:00,-9.60987673110245,0.35297422172264614,8.723687950929566
2026-01-08 00:00:00+00:00,6.7026385274271405,0.3674028917544092,2026-01-08 06:00:00+00:00,-8.867441114128672,-0.6458205781956661,9.275536673845126
2026-01-08 01:00:00+00:00,7.605181234620062,-3.734793338177056,2026-01-08 07:00:00+00:00,-7.961545556548469,0.970716421084207,10.759530588205363
2026-01-08 02:00:00+00:00,-1.529555337942412,-17.187956671849136,2026-01-08 08:00:00+00:00,-7.208180173780156,1.0370984523724016,9.324566947833569
2026-01-08 03:00:00+00:00,2.0738299769273993,3.5703620743099407,2026-01-08 09:00:00+00:00,-11.180375820492717,0.6186060917751621,7.302040863425515
2026-01-08 04:00:00+00:00,-2.2312170941063414,1.7104322931427163,2026-01-08 10:00:00+00:00,-8.427735300541414,-0.10276265745116575,7.7645255682363405
2026-01-08 05:00:00+00:00,1.4103924639741194,6.45010949290814,2026-01-08 11:00:00+00:00,-8.273590780550654,0.8188404681414367,8.267250595425207
2026-01-08 06:00:00+00:00,0.3674028917544092,-4.977637445113814,2026-01-08 12:00:00+00:00,-9.327850099038645,-0.4590068279556214,8.227910132508995
2026-01-08 07:00:00+00:00,-3.734793338177056,1.7745465744845035,2026-01-08 13:00:00+00:00,-11.231281262281044,-1.017498412543242,4.930632792179374
2026-01-08 08:00:00+00:00,-17.187956671849136,-3.901691480363567,2026-01-08 14:00:00+00:00,-17.67612780614057,-6.913345359863628,6.334600209754328
2026-01-08 09:00:00+00:00,3.5703620743099407,-13.777355410189429,2026-01-08 15:00:00+00:00,-9.627784337819888,-2.155987213155167,8.825180418825248
2026-01-08 10:00:00+00:00,1.7104322931427163,-8.767345683287076,2026-01-08 16:00:00+00:00,-10.248842729199916,-0.7887685143200018,8.577566259994413
2026-01-08 11:00:00+00:00,6.45010949290814,1.4096584823786174,2026-01-08 17:00:00+00:00,-9.750129175664274,-2.0082051926322713,9.152696056124409
2026-01-08 12:00:00+00:00,-4.977637445113814,-2.4366116968366214,2026-01-08 18:00:00+00:00,-9.930276090007256,-1.3248272250117274,6.0206122208438
2026-01-08 13:00:00+00:00,1.7745465744845035,-7.572960231314596,2026-01-08 19:00:00+00:00,-9.91324783753446,-0.8334958065604399,7.7690756625180795
2026-01-08 14:00:00+00:00,-3.901691480363567,-10.08595389140332,2026-01-08 20:00:00+00:00,-10.52568211542524,-1.6782225770328645,6.017707521337634
2026-01-08 15:00:00+00:00,-13.777355410189429,-3.523851622269092,2026-01-08 21:00:00+00:00,-15.689344907720503,-2.85804722665101,3.0519639118204367
2026-01-08 16:00:00+00:00,-8.767345683287076,0.1823869414963042,2026-01-08 22:00:00+00:00,-12.543997079778457,-4.488474305539953,5.970105782874311
2026-01-08 17:00:00+00:00,1.4096584823786174,-2.870671512678058,2026-01-08 23:00:00+00:00,-9.174530194773507,-0.8812547342948505,7.896331347541275
2026-01-08 18:00:00+00:00,-2.4366116968366214,8.759963395199577,2026-01-09 00:00:00+00:00,-9.489609649783588,-2.46409460141827,6.646773322912749
2026-01-08 19:00:00+00:00,-7.572960231314596,-14.627638171331725,2026-01-09 01:00:00+00:00,-11.221427775251534,-1.4340760836056097,6.626471123709965
2026-01-08 20:00:00+00:00,-10.08595389140332,16.403405124467696,2026-01-09 02:00:00+00:00,-11.804922495610594,-4.339989690674422,4.05710412108165
2026-01-08 21:00:00+00:00,-3.523851622269092,12.237468132774154,2026-01-09 03:00:00+00:00,-10.748074099874191,-2.679426922311947,5.762240131482686
2026-01-08 22:00:00+00:00,0.1823869414963042,-2.3125679172331104,2026-01-09 04:00:00+00:00,-10.130333351420633,-1.1962524879472918,7.265706700672046
2026-01-08 23:00:00+00:00,-2.870671512678058,-15.663101171128346,2026-01-09 05:00:00+00:00,-8.170031460905292,-1.9571672833903913,6.448538335746713
2026-01-09 00:00:00+00:00,8.759963395199577,-0.759180785028235,2026-01-09 06:00:00+00:00,-9.795541379228123,-1.2795547699530818,9.787769576264935
2026-01-09 01:00:00+00:00,-14.627638171331725,-1.9836427714281513,2026-01-09 07:00:00+00:00,-15.122271028160712,-4.80775007142997,4.825040421500216
2026-01-09 02:00:00+00:00,16.403405124467696,-5.148182656888878,2026-01-09 08:00:00+00:00,-4.9881336597612425,2.5829522512607745,13.284024527027972
2026-01-09 03:00:00+00:00,12.237468132774154,-13.108062346844918,2026-01-09 09:00:00+00:00,-7.465004159418477,1.6573807045624278,10.41980769005178
2026-01-09 04:00:00+00:00,-2.3125679172331104,5.541217747095928,2026-01-09 10:00:00+00:00,-9.18625650387213,-2.1541810921986877,8.112365981370482
2026-01-09 05:00:00+00:00,-15.663101171128346,-14.566735774357298,2026-01-09 11:00:00+00:00,-16.114960868317144,-5.368755283130714,6.111982283691834
2026-01-09 06:00:00+00:00,-0.759180785028235,2.7829618825148117,2026-01-09 12:00:00+00:00,-10.097737375952736,-1.1120809740245257,6.702476289138687
2026-01-09 07:00:00+00:00,-1.9836427714281513,-3.123145399364091,2026-01-09 13:00:00+00:00,-12.282445914724141,-2.5548031099644013,7.275684842543615
2026-01-09 08:00:00+00:00,-5.148182656888878,-0.09243855891405417,2026-01-09 14:00:00+00:00,-10.284379356750003,1.6628157619672725,10.73339284410626
2026-01-09 09:00:00+00:00,-13.108062346844918,-8.445651263251364,2026-01-09 15:00:00+00:00,-15.559850330589155,-1.396960038360005,10.468411231146241
2026-01-09 10:00:00+00:00,5.541217747095928,11.104556159917678,2026-01-09 16:00:00+00:00,-7.914284852141607,-0.934045160989033,8.914695421889935
2026-01-09 11:00:00+00:00,-14.566735774357298,2.546084123036252,2026-01-09 17:00:00+00:00,-16.148679431364183,-4.861354157108359,5.808690963275616
2026-01-09 12:00:00+00:00,2.7829618825148117,4.3400622316980275,2026-01-09 18:00:00+00:00,-8.217548708895634,-2.4351518980326103,8.345767045141422
2026-01-09 13:00:00+00:00,-3.123145399364091,2.5861831435403104,2026-01-09 19:00:00+00:00,-12.428257379410965,-2.379525268872229,6.91306589111025
2026-01-09 14:00:00+00:00,-0.09243855891405417,-3.4238467362524005,2026-01-09 20:00:00+00:00,-12.956468972843856,-0.4093859290550225,7.794708720270023
2026-01-09 15:00:00+00:00,-8.445651263251364,-7.076640046381755,2026-01-09 21:00:00+00:00,-12.111465959742159,-3.1928748094788775,6.301077390489628
2026-01-09 16:00:00+00:00,11.104556159917678,-8.083789835851007,2026-01-09 22:00:00+00:00,-8.656235941131964,-0.36291018464710234,10.289577521113936
2026-01-09 17:00:00+00:00,2.546084123036252,-1.4703540753480127,2026-01-09 23:00:00+00:00,-11.4046323915762,-0.6350489952981131,9.810118873114785
2026-01-09 18:00:00+00:00,4.3400622316980275,-4.49593532679593,2026-01-10 00:00:00+00:00,-9.294823977909784,-0.5009231419214961,8.73466440028906
2026-01-09 19:00:00+00:00,2.5861831435403104,4.935005063453346,2026-01-10 01:00:00+00:00,-11.72810551666925,-1.837591518921375,9.340028362935815
2026-01-09 20:00:00+00:00,-3.4238467362524005,-13.95422566282889,2026-01-10 02:00:00+00:00,-11.879784075033625,-2.440916571930487,6.260601171089588
2026-01-09 21:00:00+00:00,-7.076640046381755,-10.280613002864314,2026-01-10 03:00:00+00:00,-11.794375771249207,-2.347326442682652,7.618266167661744
2026-01-09 22:00:00+00:00,-8.083789835851007,-14.43619026696652,2026-01-10 04:00:00+00:00,-10.03302817712653,-1.894266015196183,9.845818933370513
2026-01-09 23:00:00+00:00,-1.4703540753480127,-11.857211045320781,2026-01-10 05:00:00+00:00,-9.26644794869232,-3.3507501258936623,6.97990265409225
2026-01-10 00:00:00+00:00,-4.49593532679593,1.4177638703838369,2026-01-10 06:00:00+00:00,-9.82242521865663,-0.8941475777732713,5.815874197231576
2026-01-10 01:00:00+00:00,4.935005063453346,-14.724159452157437,2026-01-10 07:00:00+00:00,-6.899935617760097,0.049102513533093806,8.862167035997091
2026-01-10 02:00:00+00:00,-13.95422566282889,14.431146231528302,2026-01-10 08:00:00+00:00,-13.855929218839123,-3.332028110113745,6.985131117743123
2026-01-10 03:00:00+00:00,-10.280613002864314,-8.515155728963109,2026-01-10 09:00:00+00:00,-13.11072673584686,-6.054131857091907,5.847152103391053
2026-01-10 04:00:00+00:00,-14.43619026696652,-1.1676505466429177,2026-01-10 10:00:00+00:00,-15.464199104517574,-5.884124705714024,3.617704312374091
2026-01-10 05:00:00+00:00,-11.857211045320781,-2.890560523214347,2026-01-10 11:00:00+00:00,-13.279349758941283,-4.215832115065015,3.092235371641106
2026-01-10 06:00:00+00:00,1.4177638703838369,-18.063403300700998,2026-01-10 12:00:00+00:00,-11.409535114673243,-0.5073266547361039,7.692212434350184
2026-01-10 07:00:00+00:00,-14.724159452157437,-5.068391843545683,2026-01-10 13:00:00+00:00,-16.208051784893527,-4.105646056430636,5.574265556227992
2026-01-10 08:00:00+00:00,14.431146231528302,1.1251010421187146,2026-01-10 14:00:00+00:00,-8.821600123509853,-0.37914752033933574,11.500769053972693
2026-01-10 09:00:00+00:00,-8.515155728963109,-7.843134501106519,2026-01-10 15:00:00+00:00,-12.779791911152,-2.990432271904962,8.812698445307642
2026-01-10 10:00:00+00:00,-1.1676505466429177,-2.5246764298003654,2026-01-10 16:00:00+00:00,-11.58742935226284,-2.6625430279274047,6.837545961046279
2026-01-10 11:00:00+00:00,-2.890560523214347,-3.577893364319351,2026-01-10 17:00:00+00:00,-12.602892366352952,-2.3582482886716525,6.516808559903398
2026-01-10 12:00:00+00:00,-18.063403300700998,-22.396257906320827,2026-01-10 18:00:00+00:00,-18.263077459762386,-6.736036928103847,16.00427722189334
2026-01-10 13:00:00+00:00,-5.068391843545683,-15.791824317430425,2026-01-10 19:00:00+00:00,-12.88317750812075,-4.122361235853386,5.429453064986641
2026-01-10 14:00:00+00:00,1.1251010421187146,8.530083824762613,2026-01-10 20:00:00+00:00,-11.225905338153137,-0.5488591176915785,8.813161677436238
2026-01-10 15:00:00+00:00,-7.843134501106519,2.7809839351355947,2026-01-10 21:00:00+00:00,-12.113857418156705,-2.6011890366999975,7.238848976867015
2026-01-10 16:00:00+00:00,-2.5246764298003654,-5.060702229977565,2026-01-10 22:00:00+00:00,-12.041751539630953,-2.5602042223742276,5.962722206205578
2026-01-10 17:00:00+00:00,-3.577893364319351,-3.075592093466639,2026-01-10 23:00:00+00:00,-10.628172570902812,-1.998060271841052,6.360530969916892
2026-01-10 18:00:00+00:00,-22.396257906320827,-5.450617374824773,2026-01-11 00:00:00+00:00,-24.525674464575836,-12.626686816643726,7.678373237907969
2026-01-10 19:00:00+00:00,-15.791824317430425,-0.17499069199899964,2026-01-11 01:00:00+00:00,-19.233935006178946,-10.452880233657549,5.2021138522864625
2026-01-10 20:00:00+00:00,8.530083824762613,14.105229508087902,2026-01-11 02:00:00+00:00,-10.460540893622806,-0.8199063266947384,9.691760859726667
2026-01-10 21:00:00+00:00,2.7809839351355947,-2.1978005123735045,2026-01-11 03:00:00+00:00,-10.459420139446685,-0.290283924657635,9.774866631794552
2026-01-10 22:00:00+00:00,-5.060702229977565,0.11290025408783322,2026-01-11 04:00:00+00:00,-10.588581829490806,-0.5282956531808267,6.228164363500358
2026-01-10 23:00:00+00:00,-3.075592093466639,-11.151544199758945,2026-01-11 05:00:00+00:00,-10.638086681209014,-2.457205305989366,6.229508091532317
2026-01-11 00:00:00+00:00,-5.450617374824773,12.905202607482735,2026-01-11 06:00:00+00:00,-13.056183634353486,-1.5729963678089702,7.925568350319949
2026-01-11 01:00:00+00:00,-0.17499069199899964,0.23455464794430725,2026-01-11 07:00:00+00:00,-10.346504222131998,0.9020124399129801,6.4066610113780875
2026-01-11 02:00:00+00:00,14.105229508087902,5.820037499590924,2026-01-11 08:00:00+00:00,-6.172264999025604,1.823359188230441,11.72631904326096
2026-01-11 03:00:00+00:00,-2.1978005123735045,-0.43250164790897827,2026-01-11 09:00:00+00:00,-9.606523195477923,-1.90707723862324,8.798015923470755
2026-01-11 04:00:00+00:00,0.11290025408783322,-0.4087303314470603,2026-01-11 10:00:00+00:00,-13.89232433124592,-1.7888751291504847,8.519024682790445
2026-01-11 05:00:00+00:00,-11.151544199758945,2.1289173714666987,2026-01-11 11:00:00+00:00,-13.318216799387812,-1.2397669702942444,9.026259919688247
2026-01-11 06:00:00+00:00,12.905202607482735,6.897274551400656,2026-01-11 12:00:00+00:00,-9.364421894670091,1.4203165070942436,9.72873445010646
2026-01-11 07:00:00+00:00,0.23455464794430725,0.48582407333519484,2026-01-11 13:00:00+00:00,-12.715757942223766,0.0309614077755698,10.058107572299084
2026-01-11 08:00:00+00:00,5.820037499590924,-4.839834603096449,2026-01-11 14:00:00+00:00,-7.306248794469294,0.5284917285607511,10.19051505980023
2026-01-11 09:00:00+00:00,-0.43250164790897827,3.611249228949731,2026-01-11 15:00:00+00:00,-9.113503262766084,0.6997860434532432,8.920307642606991
2026-01-11 10:00:00+00:00,-0.4087303314470603,-2.949570336365781,2026-01-11 16:00:00+00:00,-9.65362101295255,-0.5173395463321526,8.440578532627915
2026-01-11 11:00:00+00:00,2.1289173714666987,6.751287772441827,2026-01-11 17:00:00+00:00,-9.757379604253943,-0.1500564034348515,8.603833349846512
2026-01-11 12:00:00+00:00,6.897274551400656,0.538716199844913,2026-01-11 18:00:00+00:00,-9.047128118696826,-0.2301050265698974,9.072485438336319
2026-01-11 13:00:00+00:00,0.48582407333519484,-1.4992390949686296,2026-01-11 19:00:00+00:00,-10.963416661600746,0.8479920446500467,9.1056064183621
2026-01-11 14:00:00+00:00,-4.839834603096449,-6.1596137912989235,2026-01-11 20:00:00+00:00,-9.165108544812774,1.066712452463264,6.756906862881452
2026-01-11 15:00:00+00:00,3.611249228949731,-7.001223823452918,2026-01-11 21:00:00+00:00,-7.468089748173787,1.0274429867602723,9.469114231188442
2026-01-11 16:00:00+00:00,-2.949570336365781,1.7980781417215042,2026-01-11 22:00:00+00:00,-11.429620133492282,-0.9023295723847609,6.986284504414398
2026-01-11 17:00:00+00:00,6.751287772441827,-4.707724428483218,2026-01-11 23:00:00+00:00,-8.51226141274014,0.3562977765271125,9.524664428715507
2026-01-11 18:00:00+00:00,0.538716199844913,8.53914927375854,2026-01-12 00:00:00+00:00,-8.665060392558322,1.1543838697582796,8.700556693114859
2026-01-11 19:00:00+00:00,-1.4992390949686296,-3.864976873400039,2026-01-12 01:00:00+00:00,-7.4006732081780715,-0.3674488647587677,8.712260542350366
2026-01-11 20:00:00+00:00,-6.1596137912989235,-5.088481861772465,2026-01-12 02:00:00+00:00,-9.97138965343627,0.5981753271928776,6.421411787851261
2026-01-11 21:00:00+00:00,-7.001223823452918,-1.5327573520984572,2026-01-12 03:00:00+00:00,-9.861675881335767,-0.45062568107114664,6.724918689072952
2026-01-11 22:00:00+00:00,1.7980781417215042,-3.3083635054698135,2026-01-12 04:00:00+00:00,-7.193361834743438,0.3832046293135021,7.563920475063013
2026-01-11 23:00:00+00:00,-4.707724428483218,-1.0833549179878332,2026-01-12 05:00:00+00:00,-8.376021713311331,1.6116171473796364,6.327462917152152
2026-01-12 00:00:00+00:00,8.53914927375854,9.644560579138428,2026-01-12 06:00:00+00:00,-6.702181933462377,2.236903824629306,9.411934956174079
2026-01-12 01:00:00+00:00,-3.864976873400039,9.4786435068972,2026-01-12 07:00:00+00:00,-8.730215108423277,0.5585299426770778,10.488908035529235
2026-01-12 02:00:00+00:00,-5.088481861772465,-1.3051065051961075,2026-01-12 08:00:00+00:00,-8.668055828127056,-0.7316293735351458,6.578432906948274
2026-01-12 03:00:00+00:00,-1.5327573520984572,3.304648698607693,2026-01-12 09:00:00+00:00,-8.388887329012032,0.04275898530115563,7.223617914975634
2026-01-12 04:00:00+00:00,-3.3083635054698135,-4.526893535805598,2026-01-12 10:00:00+00:00,-10.056868240770697,-2.1612612668786397,6.3765190871605455
2026-01-12 05:00:00+00:00,-1.0833549179878332,0.1936775160249482,2026-01-12 11:00:00+00:00,-8.219361286535932,-0.05755235510841783,7.777352936299819
2026-01-12 06:00:00+00:00,9.644560579138428,-15.435619208288287,2026-01-12 12:00:00+00:00,-5.205724653759715,2.9802155825180394,11.112527532815239
2026-01-12 07:00:00+00:00,9.4786435068972,-3.434323803439554,2026-01-12 13:00:00+00:00,-6.1358230154012485,2.214156706347392,11.236887773046337
2026-01-12 08:00:00+00:00,-1.3051065051961075,-9.309249345221815,2026-01-12 14:00:00+00:00,-8.859769794035422,-0.16234597038439524,8.48340932385951
2026-01-12 09:00:00+00:00,3.304648698607693,0.30685050064427344,2026-01-12 15:00:00+00:00,-9.610347804664114,-1.1838831198435456,7.339493598116466
2026-01-12 10:00:00+00:00,-4.526893535805598,2.8513052431211605,2026-01-12 16:00:00+00:00,-8.567479737261007,-1.8164638577639294,6.42432587460922
2026-01-12 11:00:00+00:00,0.1936775160249482,3.561494592903003,2026-01-12 17:00:00+00:00,-12.840487336422758,-0.6871280592991932,7.26581389767092
2026-01-12 12:00:00+00:00,-15.435619208288287,-9.897190827814484,2026-01-12 18:00:00+00:00,-15.265206252381484,-2.7321508647170933,7.606148365660598
2026-01-12 13:00:00+00:00,-3.434323803439554,-2.0248198177519328,2026-01-12 19:00:00+00:00,-9.466375605703318,-3.5205484093167456,6.515969758817928
2026-01-12 14:00:00+00:00,-9.309249345221815,-2.270434909226182,2026-01-12 20:00:00+00:00,-12.308500781800513,-0.8415687102404981,8.342558838596208
2026-01-12 15:00:00+00:00,0.30685050064427344,1.6825827392086268,2026-01-12 21:00:00+00:00,-9.416785203805293,-0.9606052261573048,7.448751899695908
2026-01-12 16:00:00+00:00,2.8513052431211605,-12.738525077669038,2026-01-12 22:00:00+00:00,-6.702331456354523,0.01804801551019608,9.510016763568961
2026-01-12 17:00:00+00:00,3.561494592903003,-2.190573871612145,2026-01-12 23:00:00+00:00,-6.198895908524172,0.8261094701102363,9.611417762775636
2026-01-12 18:00:00+00:00,-9.897190827814484,-6.302156984299145,2026-01-13 00:00:00+00:00,-11.993111124402152,-2.144768183592908,4.0033566095271755
2026-01-12 19:00:00+00:00,-2.0248198177519328,-6.995017491764344,2026-01-13 01:00:00+00:00,-9.272165998958727,-2.731582710832104,6.558481371281623
2026-01-12 20:00:00+00:00,-2.270434909226182,-8.396350314070489,2026-01-13 02:00:00+00:00,-9.33372707038702,-2.5443176584644576,7.354448594002298
2026-01-12 21:00:00+00:00,1.6825827392086268,-0.10446414941966964,2026-01-13 03:00:00+00:00,-9.157752004196016,-0.19082820622157426,8.330670765264344
2026-01-12 22:00:00+00:00,-12.738525077669038,10.940858923884633,2026-01-13 04:00:00+00:00,-13.525914253164812,-2.4167445206128484,3.952814176820297
2026-01-12 23:00:00+00:00,-2.190573871612145,5.727227141489877,2026-01-13 05:00:00+00:00,-8.733621595739448,-4.704782230140422,6.310269898353161
2026-01-13 00:00:00+00:00,-6.302156984299145,14.32822200879258,2026-01-13 06:00:00+00:00,-9.465167000562197,-2.074386639470429,6.037199497635207
2026-01-13 01:00:00+00:00,-6.995017491764344,9.03045081048326,2026-01-13 07:00:00+00:00,-10.94123081192985,-2.689319071361595,7.665478773220466
2026-01-13 02:00:00+00:00,-8.396350314070489,2.6690323290878837,2026-01-13 08:00:00+00:00,-11.119968859375279,-4.223370666931181,4.868738593361039
2026-01-13 03:00:00+00:00,-0.10446414941966964,9.118151810447728,2026-01-13 09:00:00+00:00,-9.50899403607042,-1.4832823919334848,7.199588930337147
2026-01-13 04:00:00+00:00,10.940858923884633,14.077872270501501,2026-01-13 10:00:00+00:00,-7.328753850097346,-0.1236074077394278,9.838806427839355
2026-01-13 05:00:00+00:00,5.727227141489877,12.965010860996884,2026-01-13 11:00:00+00:00,-6.659171666153945,1.8243431161164438,10.76164489835132
2026-01-13 06:00:00+00:00,14.32822200879258,10.365310951065965,2026-01-13 12:00:00+00:00,-9.001024823113891,-0.33828150935262435,12.100610041500156
2026-01-13 07:00:00+00:00,9.03045081048326,-1.4205195216820954,2026-01-13 13:00:00+00:00,-6.784531335216739,2.4039534040256108,11.318215586869181
2026-01-13 08:00:00+00:00,2.6690323290878837,-1.050648494480555,2026-01-13 14:00:00+00:00,-9.813175872407491,-0.053045749444346146,9.1309532569084
2026-01-13 09:00:00+00:00,9.118151810447728,0.6549848292447535,2026-01-13 15:00:00+00:00,-7.375469771054846,1.6278886650882436,10.606321788664905
2026-01-13 10:00:00+00:00,14.077872270501501,6.849314627990211,2026-01-13 16:00:00+00:00,-7.469602370443248,0.8851141396983682,12.165338655847986
2026-01-13 11:00:00+00:00,12.965010860996884,12.670265040171103,2026-01-13 17:00:00+00:00,-7.400453873192713,2.809322757754881,11.481582169345618
2026-01-13 12:00:00+00:00,10.365310951065965,3.8815767940914014,2026-01-13 18:00:00+00:00,-5.5015873124349906,3.5585494765600476,10.724382924505852
2026-01-13 13:00:00+00:00,-1.4205195216820954,16.14493394503924,2026-01-13 19:00:00+00:00,-9.116160796515242,0.6785514760867519,10.363939790384842
2026-01-13 14:00:00+00:00,-1.050648494480555,6.624835600526069,2026-01-13 20:00:00+00:00,-9.775906656722244,-0.7270634525131788,10.580090438907376
2026-01-13 15:00:00+00:00,0.6549848292447535,10.711228226956138,2026-01-13 21:00:00+00:00,-10.114093909032574,1.3277772065669682,10.149632540429801
2026-01-13 16:00:00+00:00,6.849314627990211,10.36716316144215,2026-01-13 22:00:00+00:00,-7.669059418753214,1.500233643116906,9.265841920099621
2026-01-13 17:00:00+00:00,12.670265040171103,7.028765360157507,2026-01-13 23:00:00+00:00,-4.88487578616305,3.1655362916233596,11.110144278178838
2026-01-13 18:00:00+00:00,3.8815767940914014,3.0081588184049934,2026-01-14 00:00:00+00:00,-7.42731205895193,2.440263032545049,11.66216119515293
2026-01-13 19:00:00+00:00,16.14493394503924,13.830171563498084,2026-01-14 01:00:00+00:00,-5.853327202743259,3.9133377086019134,14.128611939539876
2026-01-13 20:00:00+00:00,6.624835600526069,8.514573251261481,2026-01-14 02:00:00+00:00,-8.373969605599012,2.480216803306943,12.14758149840588
2026-01-13 21:00:00+00:00,10.711228226956138,17.323194102196737,2026-01-14 03:00:00+00:00,-8.741094150370174,0.5673588219839125,10.048895358850498
2026-01-13 22:00:00+00:00,10.36716316144215,12.59132222480197,2026-01-14 04:00:00+00:00,-5.348675675325904,4.746522915005248,10.78176067795084
2026-01-13 23:00:00+00:00,7.028765360157507,1.8109315772285584,2026-01-14 05:00:00+00:00,-6.680586706126004,3.362768226087753,11.437989414610154
2026-01-14 00:00:00+00:00,3.0081588184049934,4.139912748559738,2026-01-14 06:00:00+00:00,-8.119611354221597,2.8901489436226475,11.840908017639444
2026-01-14 01:00:00+00:00,13.830171563498084,-3.1646450036948437,2026-01-14 07:00:00+00:00,-6.3344029013124725,2.111590925574049,12.58191887506457
2026-01-14 02:00:00+00:00,8.514573251261481,6.517568458761502,2026-01-14 08:00:00+00:00,-5.1207540426943385,4.1695346873917085,11.261307377959003
2026-01-14 03:00:00+00:00,17.323194102196737,1.1406639281119624,2026-01-14 09:00:00+00:00,-4.145445597882016,4.613609763041087,15.389418791527588
2026-01-14 04:00:00+00:00,12.59132222480197,13.967888448389587,2026-01-14 10:00:00+00:00,-3.8488264249303192,5.354460408766918,11.428899273554167
2026-01-14 05:00:00+00:00,1.8109315772285584,6.093340020578708,2026-01-14 11:00:00+00:00,-8.4102468890583,1.7550488195736982,10.398777923235496
2026-01-14 06:00:00+00:00,4.139912748559738,16.71184778124335,2026-01-14 12:00:00+00:00,-5.460395985028624,1.6674980402098818,10.646895178175319
2026-01-14 07:00:00+00:00,-3.1646450036948437,-1.1937264652495116,2026-01-14 13:00:00+00:00,-7.972514749358756,1.934913889397058,9.653812222704236
2026-01-14 08:00:00+00:00,6.517568458761502,4.62263567332144,2026-01-14 14:00:00+00:00,-7.028312311245935,2.8417911826833158,9.513321857479085
2026-01-14 09:00:00+00:00,1.1406639281119624,-2.696667781423301,2026-01-14 15:00:00+00:00,-7.6884316041088905,1.8553694466246244,9.366529789752368
2026-01-14 10:00:00+00:00,13.967888448389587,2.6228262184080364,2026-01-14 16:00:00+00:00,-5.644529294159664,1.4829361363514533,11.939873935739572
2026-01-14 11:00:00+00:00,6.093340020578708,1.5170976299394567,2026-01-14 17:00:00+00:00,-6.0394715417603475,2.3551083892282136,10.92521295675282
2026-01-14 12:00:00+00:00,16.71184778124335,-3.4704486065528783,2026-01-14 18:00:00+00:00,-3.896130239441675,3.415376051278127,13.927839481526334
2026-01-14 13:00:00+00:00,-1.1937264652495116,9.58721008048613,2026-01-14 19:00:00+00:00,-7.507171703312953,2.1360766497505344,11.114534397694255
2026-01-14 14:00:00+00:00,4.62263567332144,-5.468729994744237,2026-01-14 20:00:00+00:00,-6.32814069757678,2.7204081510089475,8.643901123488043
2026-01-14 15:00:00+00:00,-2.696667781423301,7.906548858791496,2026-01-14 21:00:00+00:00,-9.199755664587105,0.5820520680670924,9.790025792855932
2026-01-14 16:00:00+00:00,2.6228262184080364,0.1277351041917285,2026-01-14 22:00:00+00:00,-6.951449455778322,3.58854919402507,9.837822534143097
2026-01-14 17:00:00+00:00,1.5170976299394567,-4.152207332044355,2026-01-14 23:00:00+00:00,-8.424209352493305,2.9467589968687866,9.899618829014296
2026-01-14 18:00:00+00:00,-3.4704486065528783,3.9350456843489923,2026-01-15 00:00:00+00:00,-9.862451453957114,2.997576021320781,11.493453179895772
2026-01-14 19:00:00+00:00,9.58721008048613,3.734489124465057,2026-01-15 01:00:00+00:00,-6.828900106559264,3.922520614151633,10.996945207890919
2026-01-14 20:00:00+00:00,-5.468729994744237,-1.492934034050819,2026-01-15 02:00:00+00:00,-10.313757858795721,1.1409758043694032,10.03005394898336
2026-01-14 21:00:00+00:00,7.906548858791496,-0.6528249172621514,2026-01-15 03:00:00+00:00,-7.853227584661852,2.265602146162828,9.242027389776833
2026-01-14 22:00:00+00:00,0.1277351041917285,4.786260448961244,2026-01-15 04:00:00+00:00,-8.143219905078146,1.4081159641296244,10.16651691719074
2026-01-14 23:00:00+00:00,-4.152207332044355,7.7312467329004875,2026-01-15 05:00:00+00:00,-9.10419629652387,-0.18473942872729854,7.710385389872609
2026-01-15 00:00:00+00:00,3.9350456843489923,-1.589161505304304,2026-01-15 06:00:00+00:00,-6.146590728114356,-0.01828511650366993,10.30963432937782
2026-01-15 01:00:00+00:00,3.734489124465057,-13.389443720859262,2026-01-15 07:00:00+00:00,-6.251098769899029,0.8491291576678992,11.015012288556134
2026-01-15 02:00:00+00:00,-1.492934034050819,-0.43720796297996856,2026-01-15 08:00:00+00:00,-8.795030320797537,-1.5322458605315121,9.299975445067712
2026-01-15 03:00:00+00:00,-0.6528249172621514,3.608883452095313,2026-01-15 09:00:00+00:00,-7.895532890358035,-0.9437572614736431,8.680630796505277
2026-01-15 04:00:00+00:00,4.786260448961244,-15.891010947797213,2026-01-15 10:00:00+00:00,-7.984209169649807,-1.6516993427951574,8.86657320332218
2026-01-15 05:00:00+00:00,7.7312467329004875,4.260433118172813,2026-01-15 11:00:00+00:00,-6.802934942729525,-0.2880938044356949,9.329167510633246
2026-01-15 06:00:00+00:00,-1.589161505304304,-3.9449604011743133,2026-01-15 12:00:00+00:00,-8.557366636402392,-0.7794275108072432,9.816948856352619
2026-01-15 07:00:00+00:00,-13.389443720859262,-13.910462745192476,2026-01-15 13:00:00+00:00,-13.87053557679015,-2.8657966074418653,4.552558597315539
2026-01-15 08:00:00+00:00,-0.43720796297996856,-7.079158831686527,2026-01-15 14:00:00+00:00,-9.086060664041646,0.03507360316459229,8.923339877616636
2026-01-15 09:00:00+00:00,3.608883452095313,-17.48904043915367,2026-01-15 15:00:00+00:00,-8.297689853822568,0.31691566039937635,9.606169659095862
2026-01-15 10:00:00+00:00,-15.891010947797213,-10.694431423727835,2026-01-15 16:00:00+00:00,-15.781350442792684,-3.1179693785542977,9.860946443978307
2026-01-15 11:00:00+00:00,4.260433118172813,-10.975467054938903,2026-01-15 17:00:00+00:00,-6.410900355203271,0.26460091925662166,8.540206383086186
2026-01-15 12:00:00+00:00,-3.9449604011743133,-7.774677498710858,2026-01-15 18:00:00+00:00,-9.282255430116606,-0.02008446951635179,7.328557426372859
2026-01-15 13:00:00+00:00,-13.910462745192476,-7.922165401756942,2026-01-15 19:00:00+00:00,-16.805244188800483,-4.410903454309574,6.701896611959818
2026-01-15 14:00:00+00:00,-7.079158831686527,7.1189602398114005,2026-01-15 20:00:00+00:00,-11.995525052764293,-4.822765631445522,5.743685806774181
2026-01-15 15:00:00+00:00,-17.48904043915367,-7.578981407387886,2026-01-15 21:00:00+00:00,-20.05581365299008,-5.162091211061334,15.234516444520743
2026-01-15 16:00:00+00:00,-10.694431423727835,-13.783178063242474,2026-01-15 22:00:00+00:00,-15.746070761506576,-9.265668073742857,3.2320234491232256
2026-01-15 17:00:00+00:00,-10.975467054938903,-5.005155853785581,2026-01-15 23:00:00+00:00,-12.553603253961251,-3.794243117753343,6.2629143008061945
2026-01-15 18:00:00+00:00,-7.774677498710858,-7.558155823614854,2026-01-16 00:00:00+00:00,-12.316808291456784,-3.6914404461998664,5.8762242230141535
2026-01-15 19:00:00+00:00,-7.922165401756942,-3.045826587690925,2026-01-16 01:00:00+00:00,-13.633312130160242,-5.488357695595701,4.428733617676777
2026-01-15 20:00:00+00:00,7.1189602398114005,-12.243662609883188,2026-01-16 02:00:00+00:00,-11.615591970879866,-2.3889034835294947,8.564570671985116
2026-01-15 21:00:00+00:00,-7.578981407387886,-4.316024673993724,2026-01-16 03:00:00+00:00,-13.3258742779111,-3.1714067789034956,5.241611024118001
2026-01-15 22:00:00+00:00,-13.783178063242474,-11.478595570499905,2026-01-16 04:00:00+00:00,-16.551148879266414,-5.039854583792497,4.820199979609367
2026-01-15 23:00:00+00:00,-5.005155853785581,-8.51652873349984,2026-01-16 05:00:00+00:00,-11.145063075787364,-5.638788292666227,4.42017081253851
2026-01-16 00:00:00+00:00,-7.558155823614854,-1.6580737538607337,2026-01-16 06:00:00+00:00,-10.456564027867888,-4.126370722377025,6.694241156923578
2026-01-16 01:00:00+00:00,-3.045826587690925,-12.566393296555844,2026-01-16 07:00:00+00:00,-10.066113711371184,-1.1029970176267438,6.054202649225767
2026-01-16 02:00:00+00:00,-12.243662609883188,-4.475325038759692,2026-01-16 08:00:00+00:00,-11.97880243621855,-0.30576763588410394,7.4427358968316
2026-01-16 03:00:00+00:00,-4.316024673993724,-8.51120869572064,2026-01-16 09:00:00+00:00,-10.624057393767139,-2.774489620788332,5.0373469603625605
2026-01-16 04:00:00+00:00,-11.478595570499905,-7.355265237105613,2026-01-16 10:00:00+00:00,-12.97118225237441,-3.1301942285060456,4.092870744618038
2026-01-16 05:00:00+00:00,-8.51652873349984,-1.9411555420401072,2026-01-16 11:00:00+00:00,-11.333961243569187,-4.020206655000083,5.155505627603471
2026-01-16 06:00:00+00:00,-1.6580737538607337,-4.342607897651618,2026-01-16 12:00:00+00:00,-10.17668212857304,-2.505728561741625,6.657368387295945
2026-01-16 07:00:00+00:00,-12.566393296555844,3.4496715841836334,2026-01-16 13:00:00+00:00,-12.751196648223749,-1.6217482893400206,5.572799393800899
2026-01-16 08:00:00+00:00,-4.475325038759692,-1.30568263792874,2026-01-16 14:00:00+00:00,-10.856498601262246,-3.869026231838473,4.831826022274111
2026-01-16 09:00:00+00:00,-8.51120869572064,-4.046420004657492,2026-01-16 15:00:00+00:00,-10.077067851419432,-3.2652402611037505,4.803009397642025
2026-01-16 10:00:00+00:00,-7.355265237105613,-11.641247019467116,2026-01-16 16:00:00+00:00,-10.249812942312767,-3.614396635098083,6.710238415733782
2026-01-16 11:00:00+00:00,-1.9411555420401072,-6.243762305393474,2026-01-16 17:00:00+00:00,-10.808907691640108,-2.7320630411450537,5.4824300857221155
2026-01-16 12:00:00+00:00,-4.342607897651618,-11.30780959749167,2026-01-16 18:00:00+00:00,-8.265734350690392,-1.28822400304706,5.3748440839891956
2026-01-16 13:00:00+00:00,3.4496715841836334,-15.303429647968159,2026-01-16 19:00:00+00:00,-9.150302188576926,-2.1338979183402014,8.462691837108988
2026-01-16 14:00:00+00:00,-1.30568263792874,-2.8363507687689804,2026-01-16 20:00:00+00:00,-7.249089165684814,-0.9102572437270171,7.5258740255142555
2026-01-16 15:00:00+00:00,-4.046420004657492,-2.4566583144736143,2026-01-16 21:00:00+00:00,-8.775454719661095,-1.8296341834936944,5.5040273037657705
2026-01-16 16:00:00+00:00,-11.641247019467116,7.133198645892236,2026-01-16 22:00:00+00:00,-13.456310111171168,-4.733258097682901,2.586694844603011
2026-01-16 17:00:00+00:00,-6.243762305393474,-12.953660355510266,2026-01-16 23:00:00+00:00,-11.16987721380692,-4.214096468934526,5.509167059023763
2026-01-16 18:00:00+00:00,-11.30780959749167,2.5350270456581114,2026-01-17 00:00:00+00:00,-11.547053704353809,-2.354549651621534,3.08737123898311
2026-01-16 19:00:00+00:00,-15.303429647968159,-10.359670607531513,2026-01-17 01:00:00+00:00,-15.359174562772775,-5.911357262609982,2.832676581110789
2026-01-16 20:00:00+00:00,-2.8363507687689804,-5.891129299024911,2026-01-17 02:00:00+00:00,-9.49646834615827,-3.278097712242308,5.600040871281179
2026-01-16 21:00:00+00:00,-2.4566583144736143,0.5266663063885346,2026-01-17 03:00:00+00:00,-8.410514377373808,-1.480968866698121,7.494103953372285
2026-01-16 22:00:00+00:00,7.133198645892236,-2.901249291484831,2026-01-17 04:00:00+00:00,-8.847312971892382,0.009969744625546895,9.317641244678214
2026-01-16 23:00:00+00:00,-12.953660355510266,-6.431597917737619,2026-01-17 05:00:00+00:00,-15.131590423012813,-2.69697960431745,8.399282412746196
2026-01-17 00:00:00+00:00,2.5350270456581114,-9.050027814181405,2026-01-17 06:00:00+00:00,-7.366948706855389,-0.8165343229224371,7.6228415563012595
2026-01-17 01:00:00+00:00,-10.359670607531513,4.333203976907285,2026-01-17 07:00:00+00:00,-11.362346094429865,-1.8260324267452628,6.512538746898972
2026-01-17 02:00:00+00:00,-5.891129299024911,-8.73833646160449,2026-01-17 08:00:00+00:00,-10.250474767705633,-3.74866495197752,7.152084262794325
2026-01-17 03:00:00+00:00,0.5266663063885346,-3.8472032957326263,2026-01-17 09:00:00+00:00,-9.434824865586839,-0.45460545391989926,7.095244662903571
2026-01-17 04:00:00+00:00,-2.901249291484831,-2.7989197340350103,2026-01-17 10:00:00+00:00,-8.181818429973564,-0.14187925637732546,6.924749200017544
2026-01-17 05:00:00+00:00,-6.431597917737619,-10.868602222089407,2026-01-17 11:00:00+00:00,-10.211467626109616,-1.7968256835825596,7.711468589723891
2026-01-17 06:00:00+00:00,-9.050027814181405,-3.4834163131769458,2026-01-17 12:00:00+00:00,-12.219721323265363,-1.5224958596508982,7.83003881841978
2026-01-17 07:00:00+00:00,4.333203976907285,-0.20613167642125063,2026-01-17 13:00:00+00:00,-10.735186398357639,-1.097505844016271,7.203094731501038
2026-01-17 08:00:00+00:00,-8.73833646160449,9.103591683228274,2026-01-17 14:00:00+00:00,-9.760218726291656,-0.923324847179539,6.1195497247649016
2026-01-17 09:00:00+00:00,-3.8472032957326263,-5.284209197968792,2026-01-17 15:00:00+00:00,-9.493436419552946,-2.6043708422769,5.226476784344582
2026-01-17 10:00:00+00:00,-2.7989197340350103,9.919696625653174,2026-01-17 16:00:00+00:00,-8.890423455888229,-1.6018456681119246,6.870105098468297
2026-01-17 11:00:00+00:00,-10.868602222089407,1.699866859228294,2026-01-17 17:00:00+00:00,-12.629733477322155,-2.5443889124204944,6.318675275452971
2026-01-17 12:00:00+00:00,-3.4834163131769458,-3.7903384081339198,2026-01-17 18:00:00+00:00,-10.53131828010068,-3.329439823772402,5.591197514398496
2026-01-17 13:00:00+00:00,-0.20613167642125063,10.471310595390193,2026-01-17 19:00:00+00:00,-7.812541558405383,0.4338739577838967,7.450154189226487
2026-01-17 14:00:00+00:00,9.103591683228274,7.660132973441591,2026-01-17 20:00:00+00:00,-8.35774891403426,1.8085604364260375,10.395275392038245
2026-01-17 15:00:00+00:00,-5.284209197968792,-9.516177200818987,2026-01-17 21:00:00+00:00,-9.976712259218534,-0.9927521062437377,9.442423167985815
2026-01-17 16:00:00+00:00,9.919696625653174,-11.301590599153144,2026-01-17 22:00:00+00:00,-7.98717902850985,2.436698907694433,10.794470463246867
2026-01-17 17:00:00+00:00,1.699866859228294,-8.297930305563028,2026-01-17 23:00:00+00:00,-11.032130182894878,-0.47927712785584875,9.368097005947263
2026-01-17 18:00:00+00:00,-3.7903384081339198,-5.815434068505709,2026-01-18 00:00:00+00:00,-9.325853185158156,-0.0732213557988568,5.849342382439795
2026-01-17 19:00:00+00:00,10.471310595390193,-0.6030290839564856,2026-01-18 01:00:00+00:00,-9.16047956665237,-0.2218739065983133,9.029744159316355
2026-01-17 20:00:00+00:00,7.660132973441591,1.7173238259093893,2026-01-18 02:00:00+00:00,-7.6020212851343505,1.350947218630937,10.04576514994062
2026-01-17 21:00:00+00:00,-9.516177200818987,-5.574156204497527,2026-01-18 03:00:00+00:00,-11.11063769046909,-0.7214452636336457,6.244738785661813
2026-01-17 22:00:00+00:00,-11.301590599153144,4.270799936465508,2026-01-18 04:00:00+00:00,-11.012761496024618,-1.9248765130016228,7.811425805831142
2026-01-17 23:00:00+00:00,-8.297930305563028,3.2983449482504312,2026-01-18 05:00:00+00:00,-10.668323246592164,-2.427309271911075,5.620230601575869
2026-01-18 00:00:00+00:00,-5.815434068505709,2.0341491983266735,2026-01-18 06:00:00+00:00,-10.57694302452305,-0.5406612951634902,6.829551990106138
2026-01-18 01:00:00+00:00,-0.6030290839564856,-1.2931989986153525,2026-01-18 07:00:00+00:00,-6.677927968028859,0.5493792826661517,7.701327271852904
2026-01-18 02:00:00+00:00,1.7173238259093893,1.447675063337428,2026-01-18 08:00:00+00:00,-7.210357365747727,0.2613816696315656,7.241494455712215
2026-01-18 03:00:00+00:00,-5.574156204497527,3.4170586276349724,2026-01-18 09:00:00+00:00,-10.117547362768839,0.27216191817295243,7.129892016021378
2026-01-18 04:00:00+00:00,4.270799936465508,1.3842650341100438,2026-01-18 10:00:00+00:00,-8.59016870457833,0.8687551493663768,8.411166570180697
2026-01-18 05:00:00+00:00,3.2983449482504312,1.0269007572016875,2026-01-18 11:00:00+00:00,-7.627105459959999,0.9624331929131391,9.544623094442743
2026-01-18 06:00:00+00:00,2.0341491983266735,-5.278765871166158,2026-01-18 12:00:00+00:00,-7.945259180387746,0.813722783161346,9.083639081345055
2026-01-18 07:00:00+00:00,-1.2931989986153525,2.041221478599198,2026-01-18 13:00:00+00:00,-7.675418617587124,0.17635908612930407,8.51665029724764
2026-01-18 08:00:00+00:00,1.447675063337428,-1.920516862945476,2026-01-18 14:00:00+00:00,-9.709402039552243,-0.4173326820466803,9.324670573559095
2026-01-18 09:00:00+00:00,3.4170586276349724,3.489395492684011,2026-01-18 15:00:00+00:00,-6.963365648725885,2.09453582798129,9.328056952446397
2026-01-18 10:00:00+00:00,1.3842650341100438,-9.59255545264881,2026-01-18 16:00:00+00:00,-7.491839023303033,0.24419027217169953,8.732271514893148
2026-01-18 11:00:00+00:00,1.0269007572016875,-10.784657623341687,2026-01-18 17:00:00+00:00,-7.54277346242772,0.4644257156074727,8.669451801608549
2026-01-18 12:00:00+00:00,-5.278765871166158,4.7458483691631415,2026-01-18 18:00:00+00:00,-8.356090770091258,0.671975766042217,8.581456960705577
2026-01-18 13:00:00+00:00,2.041221478599198,8.068686265110259,2026-01-18 19:00:00+00:00,-9.102142915414655,-0.18032265531759828,7.765669307698964
2026-01-18 14:00:00+00:00,-1.920516862945476,-4.504656802959417,2026-01-18 20:00:00+00:00,-7.988086281007401,0.059828489295458365,7.707553812593829
2026-01-18 15:00:00+00:00,3.489395492684011,-9.474244732521342,2026-01-18 21:00:00+00:00,-6.143626476483174,0.15943492398129244,8.825502636460214
2026-01-18 16:00:00+00:00,-9.59255545264881,-1.511280761938849,2026-01-18 22:00:00+00:00,-11.332791795427285,0.21224498831812078,8.493614396481064
2026-01-18 17:00:00+00:00,-10.784657623341687,7.56886826237313,2026-01-18 23:00:00+00:00,-12.188683510774732,-3.1573001440871966,4.530716588981525
2026-01-18 18:00:00+00:00,4.7458483691631415,-0.3611984007978464,2026-01-19 00:00:00+00:00,-8.054021887399863,0.008447698222110667,7.661551275023325
2026-01-18 19:00:00+00:00,8.068686265110259,-17.941379966952553,2026-01-19 01:00:00+00:00,-7.800194241564785,1.6245478489586285,9.56761053580231
2026-01-18 20:00:00+00:00,-4.504656802959417,-8.252953115697181,2026-01-19 02:00:00+00:00,-8.122818099815806,0.7676974535787222,7.142379139782351
2026-01-18 21:00:00+00:00,-9.474244732521342,-15.583856385195105,2026-01-19 03:00:00+00:00,-11.530856685926793,0.33782343520890734,7.492782393827149
2026-01-18 22:00:00+00:00,-1.511280761938849,-7.476745353232062,2026-01-19 04:00:00+00:00,-8.889677870270198,-1.7109190094979472,6.6108216100716035
2026-01-18 23:00:00+00:00,7.56886826237313,-11.046660855491552,2026-01-19 05:00:00+00:00,-8.196923359541055,-0.2762675760038311,9.02630157528566
2026-01-19 00:00:00+00:00,-0.3611984007978464,-6.719135812964794,2026-01-19 06:00:00+00:00,-9.849414247093867,-1.4957623777570213,8.411848366745346
2026-01-19 01:00:00+00:00,-17.941379966952553,-0.9413949251957376,2026-01-19 07:00:00+00:00,-21.807448485420345,-6.714302119115848,14.799532296503529
2026-01-19 02:00:00+00:00,-8.252953115697181,2.463021501046825,2026-01-19 08:00:00+00:00,-12.882194990278911,-8.01451537094248,3.457515679086308
2026-01-19 03:00:00+00:00,-15.583856385195105,-13.9075875208583,2026-01-19 09:00:00+00:00,-16.054353253811662,-6.635434014576566,2.6222077441659515
2026-01-19 04:00:00+00:00,-7.476745353232062,-11.509806844633985,2026-01-19 10:00:00+00:00,-12.77043736447106,-6.279503024339547,4.994856006458299
2026-01-19 05:00:00+00:00,-11.046660855491552,-4.807759978202597,2026-01-19 11:00:00+00:00,-11.351360192252958,-3.0987370691381253,2.5866008429771234
2026-01-19 06:00:00+00:00,-6.719135812964794,1.7222024849861128,2026-01-19 12:00:00+00:00,-12.518043856463272,-6.201530894266068,5.257621745523078
2026-01-19 07:00:00+00:00,-0.9413949251957376,-9.386445733907678,2026-01-19 13:00:00+00:00,-10.758585200056297,-1.7621133053521492,6.871205218693861
2026-01-19 08:00:00+00:00,2.463021501046825,-11.730896777368827,2026-01-19 14:00:00+00:00,-9.162624376220265,-1.091459405584816,8.139759338578035
2026-01-19 09:00:00+00:00,-13.9075875208583,-12.10636333315307,2026-01-19 15:00:00+00:00,-15.916835167167683,-4.937232201209506,4.3499248223976394
2026-01-19 10:00:00+00:00,-11.509806844633985,-9.14391301432893,2026-01-19 16:00:00+00:00,-14.87432819594248,-5.8492052932619085,3.7326840373720778
2026-01-19 11:00:00+00:00,-4.807759978202597,-12.504740059844366,2026-01-19 17:00:00+00:00,-13.204843308789716,-3.7925690309779467,4.92203050080372
2026-01-19 12:00:00+00:00,1.7222024849861128,-17.614935821077538,2026-01-19 18:00:00+00:00,-11.751174215533668,-1.1202484758834816,8.081991384469823
2026-01-19 13:00:00+00:00,-9.386445733907678,3.821233887348896,2026-01-19 19:00:00+00:00,-10.32136889850521,-0.6587302053557025,5.488275515799108
2026-01-19 14:00:00+00:00,-11.730896777368827,-21.09741977078805,2026-01-19 20:00:00+00:00,-12.018989747698903,-3.89951692330519,5.032253624660701
2026-01-19 15:00:00+00:00,-12.10636333315307,-2.2842496647523802,2026-01-19 21:00:00+00:00,-13.285352732814175,-5.4400081064732975,2.5679033840893837
2026-01-19 16:00:00+00:00,-9.14391301432893,-4.544411032227913,2026-01-19 22:00:00+00:00,-15.13254272228378,-4.700381571234069,4.9951812376147515
2026-01-19 17:00:00+00:00,-12.504740059844366,3.5193335620764543,2026-01-19 23:00:00+00:00,-15.880601598309166,-3.7710335445239025,4.66841298111931
2026-01-19 18:00:00+00:00,-17.614935821077538,-2.7796502879784413,2026-01-20 00:00:00+00:00,-19.553660847959737,-6.5748766704725305,12.840763013537195
2026-01-19 19:00:00+00:00,3.821233887348896,-5.075259888327466,2026-01-20 01:00:00+00:00,-9.040547341750164,-0.6839399468238714,8.847515479473477
2026-01-19 20:00:00+00:00,-21.09741977078805,2.47977062373117,2026-01-20 02:00:00+00:00,-22.74958211009904,-10.619121685700467,8.221651148805478
2026-01-19 21:00:00+00:00,-2.2842496647523802,-0.3090432241847907,2026-01-20 03:00:00+00:00,-12.428584017279313,-4.339690809428701,5.789663391096758
2026-01-19 22:00:00+00:00,-4.544411032227913,-5.358974047808829,2026-01-20 04:00:00+00:00,-10.187587403841597,-2.0849808820614597,5.4781908106677175
2026-01-19 23:00:00+00:00,3.5193335620764543,-4.292389307778421,2026-01-20 05:00:00+00:00,-11.486277298168185,-2.968083134594667,8.742326530539902
2026-01-20 00:00:00+00:00,-2.7796502879784413,1.5864934034670597,2026-01-20 06:00:00+00:00,-12.118050464971642,-2.5421306677483004,6.729323451875043
2026-01-20 01:00:00+00:00,-5.075259888327466,12.015717056357289,2026-01-20 07:00:00+00:00,-8.423525295995981,-0.6018028538829148,7.959058878565699
2026-01-20 02:00:00+00:00,2.47977062373117,-10.49751161665391,2026-01-20 08:00:00+00:00,-10.845823835040145,-0.5379531914971802,8.237591399206861
2026-01-20 03:00:00+00:00,-0.3090432241847907,4.183625345381969,2026-01-20 09:00:00+00:00,-9.249587053644085,-1.2252772003659496,8.440282613834034
2026-01-20 04:00:00+00:00,-5.358974047808829,1.3289896389956368,2026-01-20 10:00:00+00:00,-10.701502653333911,-1.9527621149847167,6.610798876958484
2026-01-20 05:00:00+00:00,-4.292389307778421,3.284405421490888,2026-01-20 11:00:00+00:00,-10.746824807908041,-1.9030058488419588,5.234278722474578
2026-01-20 06:00:00+00:00,1.5864934034670597,-2.4003918977477667,2026-01-20 12:00:00+00:00,-12.984151814275615,-2.5109677994796886,7.524558960819533
2026-01-20 07:00:00+00:00,12.015717056357289,-9.093459206237497,2026-01-20 13:00:00+00:00,-6.413025258646176,-0.2651768279513149,9.147029312095661
2026-01-20 08:00:00+00:00,-10.49751161665391,-0.700332825624983,2026-01-20 14:00:00+00:00,-10.70034931920549,-1.0937378027825844,6.044918080763402
2026-01-20 09:00:00+00:00,4.183625345381969,-5.727957358185876,2026-01-20 15:00:00+00:00,-8.006510580533531,-1.4464566027869932,9.167176809974666
2026-01-20 10:00:00+00:00,1.3289896389956368,-3.009957888240322,2026-01-20 16:00:00+00:00,-11.039382096017146,-0.0008936743704783812,8.406056473303838
2026-01-20 11:00:00+00:00,3.284405421490888,-11.81354059593076,2026-01-20 17:00:00+00:00,-7.710965016743041,-1.5261541372912628,9.431220838021423
2026-01-20 12:00:00+00:00,-2.4003918977477667,-20.584685824482918,2026-01-20 18:00:00+00:00,-9.452205475929636,-1.1803807630313705,7.75860078277109
2026-01-20 13:00:00+00:00,-9.093459206237497,-12.648916452775438,2026-01-20 19:00:00+00:00,-10.810179948291132,2.817628938331442,12.57514417364144
2026-01-20 14:00:00+00:00,-0.700332825624983,-12.595155206760467,2026-01-20 20:00:00+00:00,-11.666913454482572,-2.6080646672600314,6.466274828653295
2026-01-20 15:00:00+00:00,-5.727957358185876,2.094180231013709,2026-01-20 21:00:00+00:00,-11.322208050081572,-0.669063330496706,4.87781619161092
2026-01-20 16:00:00+00:00,-3.009957888240322,-6.5381589403124,2026-01-20 22:00:00+00:00,-10.630683352842244,-3.059163573727493,5.295155859725183
2026-01-20 17:00:00+00:00,-11.81354059593076,-9.561648034930315,2026-01-20 23:00:00+00:00,-13.010892234393644,-2.3618787581965694,1.915209368271837
2026-01-20 18:00:00+00:00,-20.584685824482918,8.428715156680866,2026-01-21 00:00:00+00:00,-21.648265536112934,-10.666049245875067,7.05890315921236
2026-01-20 19:00:00+00:00,-12.648916452775438,-13.044796736645381,2026-01-21 01:00:00+00:00,-20.646145523105993,-9.660015867585287,3.9025534162806643
2026-01-20 20:00:00+00:00,-12.595155206760467,5.358430375892453,2026-01-21 02:00:00+00:00,-13.509444347565232,-5.056842675293564,4.5682459406740605
2026-01-20 21:00:00+00:00,2.094180231013709,-5.38755837389715,2026-01-21 03:00:00+00:00,-8.846119273301166,-1.8341070591822288,7.54424610383454
2026-01-20 22:00:00+00:00,-6.5381589403124,-7.479809886321576,2026-01-21 04:00:00+00:00,-11.284493843606704,-2.26771267557604,7.402908170084178
2026-01-20 23:00:00+00:00,-9.561648034930315,-21.83097383525734,2026-01-21 05:00:00+00:00,-14.662765874277223,-3.6354327431520064,2.2539734385090284
2026-01-21 00:00:00+00:00,8.428715156680866,-6.403033519069012,2026-01-21 06:00:00+00:00,-10.317135082193591,-0.23606427897850324,9.780478888692155
2026-01-21 01:00:00+00:00,-13.044796736645381,3.9546732173612043,2026-01-21 07:00:00+00:00,-13.031614868097304,-3.760390778630047,5.903582291631196
2026-01-21 02:00:00+00:00,5.358430375892453,-3.7046874896518034,2026-01-21 08:00:00+00:00,-10.742834330905833,-0.9806256998319656,7.984481970826021
2026-01-21 03:00:00+00:00,-5.38755837389715,-11.880330221227808,2026-01-21 09:00:00+00:00,-9.231337196373966,-1.3354623899676348,8.231840986931033
2026-01-21 04:00:00+00:00,-7.479809886321576,-6.512703143162213,2026-01-21 10:00:00+00:00,-10.492627901780226,-1.9416266783709437,8.418553763056034
2026-01-21 05:00:00+00:00,-21.83097383525734,-0.5581490077766205,2026-01-21 11:00:00+00:00,-22.541568667312404,-10.561069743813471,10.764420006747848
2026-01-21 06:00:00+00:00,-6.403033519069012,-9.179558270586696,2026-01-21 12:00:00+00:00,-11.813932292475013,-3.077535287138442,9.906840526965954
2026-01-21 07:00:00+00:00,3.9546732173612043,-8.125007753951863,2026-01-21 13:00:00+00:00,-10.921224834536297,-0.1817952540038288,9.253662580918702
2026-01-21 08:00:00+00:00,-3.7046874896518034,-2.8749184779552905,2026-01-21 14:00:00+00:00,-11.63665329139967,-0.3658387244340573,6.797979213828365
2026-01-21 09:00:00+00:00,-11.880330221227808,-1.8674661964102057,2026-01-21 15:00:00+00:00,-13.179862475538066,-2.646625596660371,5.188104974337666
2026-01-21 10:00:00+00:00,-6.512703143162213,-2.706753370045334,2026-01-21 16:00:00+00:00,-11.711581194749881,-4.8380503172626215,5.694073339333052
2026-01-21 11:00:00+00:00,-0.5581490077766205,-6.07173005463757,2026-01-21 17:00:00+00:00,-12.165179647706017,-2.582875547708051,7.00282949997401
2026-01-21 12:00:00+00:00,-9.179558270586696,-1.680902098586401,2026-01-21 18:00:00+00:00,-11.498658501859103,-1.699465119916507,4.901262069843991
2026-01-21 13:00:00+00:00,-8.125007753951863,-11.632541608346258,2026-01-21 19:00:00+00:00,-11.810652292473955,-3.1251791443630985,7.50111267329102
2026-01-21 14:00:00+00:00,-2.8749184779552905,1.2100359723277165,2026-01-21 20:00:00+00:00,-10.723966440768478,-3.454233524917407,5.301513297394672
2026-01-21 15:00:00+00:00,-1.8674661964102057,-0.1786350883925536,2026-01-21 21:00:00+00:00,-11.515839191918774,-0.909148167868391,7.434040261498396
2026-01-21 16:00:00+00:00,-2.706753370045334,-2.1392616981774637,2026-01-21 22:00:00+00:00,-11.048348443058394,-2.5515289724051606,6.876539367278696
2026-01-21 17:00:00+00:00,-6.07173005463757,-4.068944006396791,2026-01-21 23:00:00+00:00,-14.190138315271236,-2.696387759293666,8.338232846846012
2026-01-21 18:00:00+00:00,-1.680902098586401,6.846276874359347,2026-01-22 00:00:00+00:00,-10.570630423463646,-4.466934263609604,6.971671816070321
2026-01-21 19:00:00+00:00,-11.632541608346258,-13.370697447330215,2026-01-22 01:00:00+00:00,-13.35390528501699,-3.4363083690412317,4.868452117465331
2026-01-21 20:00:00+00:00,1.2100359723277165,-14.754076634568847,2026-01-22 02:00:00+00:00,-9.030594258584912,-1.65010317255694,9.044080401309495
2026-01-21 21:00:00+00:00,-0.1786350883925536,-2.652839918555472,2026-01-22 03:00:00+00:00,-8.201634778540065,-1.2482573244588853,9.140192768798183
2026-01-21 22:00:00+00:00,-2.1392616981774637,-4.120975534247506,2026-01-22 04:00:00+00:00,-8.654322126806232,-2.9883785251880823,8.094201330771904
2026-01-21 23:00:00+00:00,-4.068944006396791,-1.166250825166415,2026-01-22 05:00:00+00:00,-9.623142944962787,-1.0737264809841691,6.64623106637773
2026-01-22 00:00:00+00:00,6.846276874359347,11.015277537245183,2026-01-22 06:00:00+00:00,-9.826373767105249,-1.6068843490751963,8.541520633105797
2026-01-22 01:00:00+00:00,-13.370697447330215,-7.165504485344698,2026-01-22 07:00:00+00:00,-13.797721009152408,-3.2945746539096508,7.184001416556768
2026-01-22 02:00:00+00:00,-14.754076634568847,1.7017923537032686,2026-01-22 08:00:00+00:00,-17.219108453830977,-7.0407407433455615,5.838933201841133
2026-01-22 03:00:00+00:00,-2.652839918555472,13.061019124629425,2026-01-22 09:00:00+00:00,-10.032657033403211,-3.3055683483354574,6.611448411855648
2026-01-22 04:00:00+00:00,-4.120975534247506,-6.155172933040021,2026-01-22 10:00:00+00:00,-7.678932541436304,-1.4546328031463895,6.123945917253227
2026-01-22 05:00:00+00:00,-1.166250825166415,-1.6257971539346272,2026-01-22 11:00:00+00:00,-8.156472412982996,-2.0921113617830733,7.7731828142877415
2026-01-22 06:00:00+00:00,11.015277537245183,-0.7887789461680228,2026-01-22 12:00:00+00:00,-5.8050093694560765,0.6554416632516986,10.221884182985061
2026-01-22 07:00:00+00:00,-7.165504485344698,-4.200322525722555,2026-01-22 13:00:00+00:00,-10.840072284600165,-2.7734845819954783,7.183245841056049
2026-01-22 08:00:00+00:00,1.7017923537032686,-9.378374979123194,2026-01-22 14:00:00+00:00,-10.722347759289775,-1.996474399237905,6.746102487203012
2026-01-22 09:00:00+00:00,13.061019124629425,-13.905977327111074,2026-01-22 15:00:00+00:00,-8.9559313483756,0.5718957648511278,10.580935370234789
2026-01-22 10:00:00+00:00,-6.155172933040021,-7.518194894524655,2026-01-22 16:00:00+00:00,-10.433559023281447,-0.9411344371780839,9.154355668777587
2026-01-22 11:00:00+00:00,-1.6257971539346272,-3.372672407442323,2026-01-22 17:00:00+00:00,-11.527080670013532,-2.906578347100241,9.282628435575187
2026-01-22 12:00:00+00:00,-0.7887789461680228,-6.8742235702501375,2026-01-22 18:00:00+00:00,-7.460798591309861,-1.1470560773568554,8.078089411783408
2026-01-22 13:00:00+00:00,-4.200322525722555,-8.592249877645841,2026-01-22 19:00:00+00:00,-8.441211632236428,-1.1067982643793246,6.126064588683025
2026-01-22 14:00:00+00:00,-9.378374979123194,-17.80984267510277,2026-01-22 20:00:00+00:00,-11.862033759309169,-0.7172160299256287,5.186373063328016
2026-01-22 15:00:00+00:00,-13.905977327111074,-9.001775922419242,2026-01-22 21:00:00+00:00,-14.695194333458774,-2.2556188231250953,6.683771726139
2026-01-22 16:00:00+00:00,-7.518194894524655,-11.374782619997248,2026-01-22 22:00:00+00:00,-12.224648582952103,-7.316799590838989,5.418519452289068
2026-01-22 17:00:00+00:00,-3.372672407442323,-6.017545922007983,2026-01-22 23:00:00+00:00,-10.02177643728557,-4.046084739456152,5.610011424586078
2026-01-22 18:00:00+00:00,-6.8742235702501375,-2.049315725107803,2026-01-23 00:00:00+00:00,-10.17585022637483,-1.64989306084279,5.763058377101633
2026-01-22 19:00:00+00:00,-8.592249877645841,-7.514657476308528,2026-01-23 01:00:00+00:00,-12.798606418593408,-3.7913607337345665,4.55882716378669
2026-01-22 20:00:00+00:00,-17.80984267510277,0.5354580030303424,2026-01-23 02:00:00+00:00,-20.43213723747368,-7.2930317452855284,12.53396661863587
2026-01-22 21:00:00+00:00,-9.001775922419242,-2.1783587768808843,2026-01-23 03:00:00+00:00,-16.537015773347807,-7.060029712113567,4.486893770608608
2026-01-22 22:00:00+00:00,-11.374782619997248,-0.02608156019157093,2026-01-23 04:00:00+00:00,-15.756467119580996,-5.9016729665541305,6.614540182872929
2026-01-22 23:00:00+00:00,-6.017545922007983,2.0482141756428263,2026-01-23 05:00:00+00:00,-10.942375710299329,-3.6883272874274926,6.61119691458598
2026-01-23 00:00:00+00:00,-2.049315725107803,8.892140464507037,2026-01-23 06:00:00+00:00,-9.972464044842766,-1.1915074665807603,7.123732260460729
2026-01-23 01:00:00+00:00,-7.514657476308528,6.553822766797168,2026-01-23 07:00:00+00:00,-8.682588484834543,-0.8377555877722447,8.027000176195251
2026-01-23 02:00:00+00:00,0.5354580030303424,-15.668438848290833,2026-01-23 08:00:00+00:00,-12.181909150245724,-1.909383755369893,7.803354987638817
2026-01-23 03:00:00+00:00,-2.1783587768808843,9.187973042132924,2026-01-23 09:00:00+00:00,-10.87166950831229,-2.236756615298636,7.046994486098296
2026-01-23 04:00:00+00:00,-0.02608156019157093,4.82632303665298,2026-01-23 10:00:00+00:00,-11.063905120493013,1.1187298319709211,8.231827384149808
2026-01-23 05:00:00+00:00,2.0482141756428263,-6.0641644274905815,2026-01-23 11:00:00+00:00,-11.1043116359636,-1.0196053145589081,8.79097017099477
2026-01-23 06:00:00+00:00,8.892140464507037,1.9311981151570734,2026-01-23 12:00:00+00:00,-8.968691861871662,-0.05782902320788352,10.210760877124807
2026-01-23 07:00:00+00:00,6.553822766797168,8.37807037695093,2026-01-23 13:00:00+00:00,-9.036964856593997,-0.6054247785179578,10.139561465610605
2026-01-23 08:00:00+00:00,-15.668438848290833,-1.809662169414139,2026-01-23 14:00:00+00:00,-16.10905683480243,-5.11399275317693,4.195623416257071
2026-01-23 09:00:00+00:00,9.187973042132924,-8.433278918564824,2026-01-23 15:00:00+00:00,-9.278932770718747,-1.115014046341054,9.784851320514925
2026-01-23 10:00:00+00:00,4.82632303665298,-4.503507083590819,2026-01-23 16:00:00+00:00,-8.7002513441817,-0.03092714012846809,9.822299678944253
2026-01-23 11:00:00+00:00,-6.0641644274905815,-0.7109311570019372,2026-01-23 17:00:00+00:00,-11.232739150062532,-0.1840010919520303,7.037844978659628
2026-01-23 12:00:00+00:00,1.9311981151570734,-7.516855750493434,2026-01-23 18:00:00+00:00,-9.950568130119057,-1.4972345093419488,8.079512479213598
2026-01-23 13:00:00+00:00,8.37807037695093,-15.226337835825277,2026-01-23 19:00:00+00:00,-9.672135212954682,-0.1164377089809232,10.498021965400287
2026-01-23 14:00:00+00:00,-1.809662169414139,-1.9305462271290708,2026-01-23 20:00:00+00:00,-12.834308525444131,-1.8874442794182236,7.75767166131525
2026-01-23 15:00:00+00:00,-8.433278918564824,-4.843024935645701,2026-01-23 21:00:00+00:00,-12.51593024140141,-2.0986087488841783,6.125168352829764
2026-01-23 16:00:00+00:00,-4.503507083590819,-8.722161914125337,2026-01-23 22:00:00+00:00,-9.71404049412047,-1.7632108958679638,6.385605794752577
2026-01-23 17:00:00+00:00,-0.7109311570019372,-0.9653621208638441,2026-01-23 23:00:00+00:00,-10.295753670560234,-1.7951163833490436,7.57416146145431
2026-01-23 18:00:00+00:00,-7.516855750493434,-10.687233027670828,2026-01-24 00:00:00+00:00,-11.329197561029744,-0.9846673635275751,5.910831237056186
2026-01-23 19:00:00+00:00,-15.226337835825277,-4.8332520744409635,2026-01-24 01:00:00+00:00,-17.037955465182797,-3.3879769753865396,9.606519839639919
2026-01-23 20:00:00+00:00,-1.9305462271290708,1.4980780236850677,2026-01-24 02:00:00+00:00,-11.355063010139533,-3.20266094882605,6.4943425310763825
2026-01-23 21:00:00+00:00,-4.843024935645701,-0.5753019485954525,2026-01-24 03:00:00+00:00,-11.15836586045992,-1.259534118979376,5.868766252853096
2026-01-23 22:00:00+00:00,-8.722161914125337,-13.541217378332249,2026-01-24 04:00:00+00:00,-10.835877177398437,-1.6815824426175805,4.952026656635123
2026-01-23 23:00:00+00:00,-0.9653621208638441,11.869255472367612,2026-01-24 05:00:00+00:00,-8.65877276358064,-2.503922128093831,7.151143279147574
2026-01-24 00:00:00+00:00,-10.687233027670828,5.37649584692268,2026-01-24 06:00:00+00:00,-11.739034765619026,-2.331318703760477,5.571174285216486
2026-01-24 01:00:00+00:00,-4.8332520744409635,-5.791998366753148,2026-01-24 07:00:00+00:00,-10.742725379171212,-4.40229489659699,3.9050865844074973
2026-01-24 02:00:00+00:00,1.4980780236850677,2.4447817357753365,2026-01-24 08:00:00+00:00,-7.869729526920986,0.543768324525763,7.994901022377911
2026-01-24 03:00:00+00:00,-0.5753019485954525,6.893577019289054,2026-01-24 09:00:00+00:00,-8.666181585019135,0.5628154207133329,8.61458708688008
2026-01-24 04:00:00+00:00,-13.541217378332249,-7.451226954779955,2026-01-24 10:00:00+00:00,-15.344593351633135,-3.3546250716720163,6.182527892048753
2026-01-24 05:00:00+00:00,11.869255472367612,7.367458117304437,2026-01-24 11:00:00+00:00,-7.662055344143795,1.646128546351374,8.804625128329377
2026-01-24 06:00:00+00:00,5.37649584692268,10.56063994473,2026-01-24 12:00:00+00:00,-8.620441117969376,1.9250359018401966,10.354167722725006
2026-01-24 07:00:00+00:00,-5.791998366753148,-9.639982822031712,2026-01-24 13:00:00+00:00,-10.68796209119996,-0.05292073151213206,8.437628216723201
2026-01-24 08:00:00+00:00,2.4447817357753365,-16.699413186174183,2026-01-24 14:00:00+00:00,-7.978909900855262,-0.5744607282989982,7.807114922109542
2026-01-24 09:00:00+00:00,6.893577019289054,-2.504870387847191,2026-01-24 15:00:00+00:00,-10.126495120900962,-1.1125612423995825,8.450683771623124
2026-01-24 10:00:00+00:00,-7.451226954779955,2.1624846467993564,2026-01-24 16:00:00+00:00,-12.348232099738198,-2.3452923994895096,7.34083317809306
2026-01-24 11:00:00+00:00,7.367458117304437,3.8786653253453096,2026-01-24 17:00:00+00:00,-9.971710282484633,-0.37451134755723636,10.187095635115787
2026-01-24 12:00:00+00:00,10.56063994473,-2.7804594497915502,2026-01-24 18:00:00+00:00,-7.80608673351351,0.6346982722717112,9.42766216340171
2026-01-24 13:00:00+00:00,-9.639982822031712,-6.9431484681281574,2026-01-24 19:00:00+00:00,-11.119552569336708,-1.8500991050129914,5.817297184110398
2026-01-24 14:00:00+00:00,-16.699413186174183,-18.97675003389665,2026-01-24 20:00:00+00:00,-18.547329316640404,-6.059818072889904,10.71063066816626
2026-01-24 15:00:00+00:00,-2.504870387847191,-6.338209540670547,2026-01-24 21:00:00+00:00,-10.95654060002346,-2.2596291974806633,6.041222263976694
2026-01-24 16:00:00+00:00,2.1624846467993564,9.65666562922074,2026-01-24 22:00:00+00:00,-11.552413115466976,-2.169520671247814,7.894310552569041
2026-01-24 17:00:00+00:00,3.8786653253453096,7.660344236439798,2026-01-24 23:00:00+00:00,-10.924855220569256,-1.486844930702433,12.12186647788374
2026-01-24 18:00:00+00:00,-2.7804594497915502,9.374706873641614,2026-01-25 00:00:00+00:00,-10.655703722089074,-0.7055306784326576,6.6966855327278605
2026-01-24 19:00:00+00:00,-6.9431484681281574,-0.6760792356352852,2026-01-25 01:00:00+00:00,-13.160445963646929,-2.6046446005047823,7.7173037562378095
2026-01-24 20:00:00+00:00,-18.97675003389665,4.286035940932464,2026-01-25 02:00:00+00:00,-19.700782392450087,-9.175697607326477,10.612906084409865
2026-01-24 21:00:00+00:00,-6.338209540670547,3.9788683475361353,2026-01-25 03:00:00+00:00,-11.849334873577064,-4.077555650089238,5.875588685034852
2026-01-24 22:00:00+00:00,9.65666562922074,2.669558272385686,2026-01-25 04:00:00+00:00,-8.429303622354844,1.1051573131447903,10.72595600542759
2026-01-24 23:00:00+00:00,7.660344236439798,-5.63264801411556,2026-01-25 05:00:00+00:00,-8.080796711421122,0.12372100293366461,10.142089751151975
2026-01-25 00:00:00+00:00,9.374706873641614,3.909060194065006,2026-01-25 06:00:00+00:00,-7.282315100719387,1.2714046070672822,10.875939996359744
2026-01-25 01:00:00+00:00,-0.6760792356352852,16.662185165428056,2026-01-25 07:00:00+00:00,-7.929240516013832,1.7291085444386467,9.70911876768095
2026-01-25 02:00:00+00:00,4.286035940932464,16.394702125168692,2026-01-25 08:00:00+00:00,-8.1640165581242,1.5864198664525322,7.629848672849601
2026-01-25 03:00:00+00:00,3.9788683475361353,11.743101446715087,2026-01-25 09:00:00+00:00,-8.334346859524066,1.1226079203805615,10.284146675390453
2026-01-25 04:00:00+00:00,2.669558272385686,5.451951275761147,2026-01-25 10:00:00+00:00,-7.4729106303698,0.22788719835885374,10.017392138090745
2026-01-25 05:00:00+00:00,-5.63264801411556,-6.703360017761284,2026-01-25 11:00:00+00:00,-10.74869490702233,2.1133312642787017,14.292458984826254
2026-01-25 06:00:00+00:00,3.909060194065006,1.046096194681212,2026-01-25 12:00:00+00:00,-8.07504749122201,1.1421927428594478,9.925904533940582
2026-01-25 07:00:00+00:00,16.662185165428056,8.167823620333081,2026-01-25 13:00:00+00:00,-6.2976872167430145,2.614357706210468,14.10265283862321
2026-01-25 08:00:00+00:00,16.394702125168692,5.561601500252422,2026-01-25 14:00:00+00:00,-3.3542471825966267,4.487669547916315,14.608200517627338
2026-01-25 09:00:00+00:00,11.743101446715087,-8.364470668009716,2026-01-25 15:00:00+00:00,-7.230823658615794,1.8586846275613578,10.560398134979417
2026-01-25 10:00:00+00:00,5.451951275761147,-1.4043390856777194,2026-01-25 16:00:00+00:00,-6.003301138859541,1.6741905507261028,10.615263021842841
2026-01-25 11:00:00+00:00,-6.703360017761284,-9.400296739325853,2026-01-25 17:00:00+00:00,-11.403969223555016,-0.8972995994966055,9.261663025869769
2026-01-25 12:00:00+00:00,1.046096194681212,-5.679382556635915,2026-01-25 18:00:00+00:00,-12.804647367034434,-0.196910045773379,8.424705265335163
2026-01-25 13:00:00+00:00,8.167823620333081,-19.48956225043652,2026-01-25 19:00:00+00:00,-8.420312939486006,1.5875084413831724,10.615137135217804
2026-01-25 14:00:00+00:00,5.561601500252422,3.8136306097591444,2026-01-25 20:00:00+00:00,-6.934977164915624,2.6534096367441418,12.053671915861287
2026-01-25 15:00:00+00:00,-8.364470668009716,-16.172358384398677,2026-01-25 21:00:00+00:00,-11.54385230079835,-0.8255190018462919,12.73823419537483
2026-01-25 16:00:00+00:00,-1.4043390856777194,-11.42560195140696,2026-01-25 22:00:00+00:00,-12.046755342646163,-2.0026761797844586,7.248732211344549
2026-01-25 17:00:00+00:00,-9.400296739325853,-10.435388135858759,2026-01-25 23:00:00+00:00,-11.093879122322267,-1.7694336046342327,5.431260466954697
2026-01-25 18:00:00+00:00,-5.679382556635915,-5.695411637383074,2026-01-26 00:00:00+00:00,-11.045863777364119,-3.2330577799388305,7.067551593848872
2026-01-25 19:00:00+00:00,-19.48956225043652,-5.292437427515395,2026-01-26 01:00:00+00:00,-21.40517854568966,-6.9956469405180535,15.082664341366339
2026-01-25 20:00:00+00:00,3.8136306097591444,-6.245581808013156,2026-01-26 02:00:00+00:00,-12.586342951009708,-2.146855562464748,10.79655261990758
2026-01-25 21:00:00+00:00,-16.172358384398677,-0.5848445155365312,2026-01-26 03:00:00+00:00,-18.81117609779585,-6.7044208892992625,8.312870843538295
2026-01-25 22:00:00+00:00,-11.42560195140696,-9.657596953900338,2026-01-26 04:00:00+00:00,-14.527358329896632,-7.225025194453246,5.560659730140756
2026-01-25 23:00:00+00:00,-10.435388135858759,-5.860062498452834,2026-01-26 05:00:00+00:00,-11.340312449133142,-4.198171428847242,6.933940165156798
2026-01-26 00:00:00+00:00,-5.695411637383074,-11.053641525675673,2026-01-26 06:00:00+00:00,-9.887610071397468,-3.7825426408857714,7.558345194941374
2026-01-26 01:00:00+00:00,-5.292437427515395,-0.9540285731013398,2026-01-26 07:00:00+00:00,-11.401161268082788,-2.6676355795040565,6.713835249264031
2026-01-26 02:00:00+00:00,-6.245581808013156,-4.962613662824467,2026-01-26 08:00:00+00:00,-11.05107878919236,-0.8538284456380554,9.448874647189056
2026-01-26 03:00:00+00:00,-0.5848445155365312,-15.089187956354166,2026-01-26 09:00:00+00:00,-10.556851418334034,-1.45797240397458,7.045496157295291
2026-01-26 04:00:00+00:00,-9.657596953900338,-2.8686387495913124,2026-01-26 10:00:00+00:00,-13.729004152993173,-1.5357249202654355,7.6334118059055385
2026-01-26 05:00:00+00:00,-5.860062498452834,-10.800393870553648,2026-01-26 11:00:00+00:00,-11.317417707501146,-3.9853324505622894,8.123473476426964
2026-01-26 06:00:00+00:00,-11.053641525675673,-8.172341239598424,2026-01-26 12:00:00+00:00,-11.984498243246566,-2.7181965242437993,6.746692125786225
2026-01-26 07:00:00+00:00,-0.9540285731013398,-6.6042154311052315,2026-01-26 13:00:00+00:00,-10.254095486183603,-2.1447695904417685,7.382945113704384
2026-01-26 08:00:00+00:00,-4.962613662824467,5.562108504557628,2026-01-26 14:00:00+00:00,-9.529653565115542,-1.2178194567493574,6.13644518957228
2026-01-26 09:00:00+00:00,-15.089187956354166,-6.465085208473553,2026-01-26 15:00:00+00:00,-17.293484355302223,-4.4134727737245605,6.048047399592157
2026-01-26 10:00:00+00:00,-2.8686387495913124,7.6476895213062335,2026-01-26 16:00:00+00:00,-12.893025875441388,-3.917365853477403,5.37909629425832
2026-01-26 11:00:00+00:00,-10.800393870553648,6.104180992592134,2026-01-26 17:00:00+00:00,-14.235836699198963,-2.2668095147356357,7.227906024888146
2026-01-26 12:00:00+00:00,-8.172341239598424,2.9284853144506684,2026-01-26 18:00:00+00:00,-10.967856590507287,-4.113973468122954,4.4118848460145355
2026-01-26 13:00:00+00:00,-6.6042154311052315,-2.4872958930632905,2026-01-26 19:00:00+00:00,-10.476139989867239,-2.397387619086654,6.225546785872224
2026-01-26 14:00:00+00:00,5.562108504557628,4.287338833703913,2026-01-26 20:00:00+00:00,-7.32674940950586,0.9683135823374442,9.280944375638981
2026-01-26 15:00:00+00:00,-6.465085208473553,8.35712214167117,2026-01-26 21:00:00+00:00,-11.477572524380266,-1.451170677485985,6.680278635915656
2026-01-26 16:00:00+00:00,7.6476895213062335,-5.88212270952404,2026-01-26 22:00:00+00:00,-11.313270614564008,-2.1717123507641123,8.85546412892148
2026-01-26 17:00:00+00:00,6.104180992592134,-11.344833528985632,2026-01-26 23:00:00+00:00,-11.124279754386283,-2.9405663816109975,10.73027168819651
2026-01-26 18:00:00+00:00,2.9284853144506684,17.171278233103493,2026-01-27 00:00:00+00:00,-8.231671397008935,-0.2567574985885108,9.40049640228688
2026-01-26 19:00:00+00:00,-2.4872958930632905,5.258643293570842,2026-01-27 01:00:00+00:00,-9.402206375433927,-1.2323786267510262,7.366249655416338
2026-01-26 20:00:00+00:00,4.287338833703913,5.3924415617156995,2026-01-27 02:00:00+00:00,-7.840016530234799,0.28117373422153147,8.453331640419522
2026-01-26 21:00:00+00:00,8.35712214167117,-2.980846530045156,2026-01-27 03:00:00+00:00,-9.5467380823956,-0.38438589639639353,9.731319953462615
2026-01-26 22:00:00+00:00,-5.88212270952404,-8.2422830901141,2026-01-27 04:00:00+00:00,-9.92811900548433,0.9371499473859739,8.512739040934376
2026-01-26 23:00:00+00:00,-11.344833528985632,16.838866725317203,2026-01-27 05:00:00+00:00,-11.536149756484257,-1.078899390090582,4.451540646032308
2026-01-27 00:00:00+00:00,17.171278233103493,5.542391130424207,2026-01-27 06:00:00+00:00,-3.3943847417999145,4.186706312185503,14.678966466837602
2026-01-27 01:00:00+00:00,5.258643293570842,7.653667107030415,2026-01-27 07:00:00+00:00,-7.32059700860685,2.8498865773100404,10.110329462320133
2026-01-27 02:00:00+00:00,5.3924415617156995,13.509535554900864,2026-01-27 08:00:00+00:00,-8.271001971931058,1.3031383912175398,10.950605387129833
2026-01-27 03:00:00+00:00,-2.980846530045156,-2.8545949659442016,2026-01-27 09:00:00+00:00,-10.089001281833145,-0.9158366314435535,7.9628487051710195
2026-01-27 04:00:00+00:00,-8.2422830901141,9.02307700032523,2026-01-27 10:00:00+00:00,-9.911460636214347,-2.4546019028648454,6.498990942162388
2026-01-27 05:00:00+00:00,16.838866725317203,0.7913572487439069,2026-01-27 11:00:00+00:00,-6.207103852397427,1.950591520582602,14.160650556642777
2026-01-27 06:00:00+00:00,5.542391130424207,-4.9909304365058915,2026-01-27 12:00:00+00:00,-6.852522327636658,3.050188440845592,11.494720103886294
2026-01-27 07:00:00+00:00,7.653667107030415,-16.130530074960348,2026-01-27 13:00:00+00:00,-7.558986919910318,0.6020943463844963,9.099892239472123
2026-01-27 08:00:00+00:00,13.509535554900864,-2.0440589820847066,2026-01-27 14:00:00+00:00,-7.728895489184232,1.5065524494667333,10.924281835556581
2026-01-27 09:00:00+00:00,-2.8545949659442016,-2.215527358755409,2026-01-27 15:00:00+00:00,-10.173054062282944,-1.36680293551149,8.812434675536277
2026-01-27 10:00:00+00:00,9.02307700032523,-11.348896671723452,2026-01-27 16:00:00+00:00,-8.041682256454457,-0.9193386286999647,10.219856949174954
2026-01-27 11:00:00+00:00,0.7913572487439069,-7.71557523876254,2026-01-27 17:00:00+00:00,-10.25941326180859,0.2421097009455988,10.306777632619074
2026-01-27 12:00:00+00:00,-4.9909304365058915,-1.978889249585336,2026-01-27 18:00:00+00:00,-9.815066799117115,0.5766909473203521,6.983483215918394
2026-01-27 13:00:00+00:00,-16.130530074960348,-4.72078477127269,2026-01-27 19:00:00+00:00,-16.120751967540222,-2.991303181384774,13.352724540021377
2026-01-27 14:00:00+00:00,-2.0440589820847066,-0.6695132791545433,2026-01-27 20:00:00+00:00,-10.626915698848752,-1.5897726891087083,8.636202294595359
2026-01-27 15:00:00+00:00,-2.215527358755409,5.194348034960328,2026-01-27 21:00:00+00:00,-11.611698942813888,-1.7515413847441148,8.377495196038476
2026-01-27 16:00:00+00:00,-11.348896671723452,11.472361128106456,2026-01-27 22:00:00+00:00,-11.208915631341712,1.29829785967069,12.471803069815408
2026-01-27 17:00:00+00:00,-7.71557523876254,-9.601771402474313,2026-01-27 23:00:00+00:00,-12.972060753221243,-4.454051401216592,9.043345301086816
2026-01-27 18:00:00+00:00,-1.978889249585336,3.6463128560093594,2026-01-28 00:00:00+00:00,-13.557263077187622,-2.3642275738186536,5.948558675089558
2026-01-27 19:00:00+00:00,-4.72078477127269,0.8710104939702035,2026-01-28 01:00:00+00:00,-11.872416877250496,-1.61513880492548,7.350353434763084
2026-01-27 20:00:00+00:00,-0.6695132791545433,2.6042532918513217,2026-01-28 02:00:00+00:00,-10.45167731265532,0.2129690331852534,8.479693451889288
2026-01-27 21:00:00+00:00,5.194348034960328,2.0128960633059023,2026-01-28 03:00:00+00:00,-7.05560186674154,0.9800531857117889,9.924702097520875
2026-01-27 22:00:00+00:00,11.472361128106456,-11.815457520336636,2026-01-28 04:00:00+00:00,-8.50989766702616,-0.6576661803507982,9.105249262140525
2026-01-27 23:00:00+00:00,-9.601771402474313,3.4323203972341787,2026-01-28 05:00:00+00:00,-10.446938505080706,-1.4807305415577101,7.545126161358507
2026-01-28 00:00:00+00:00,3.6463128560093594,-4.358138490676566,2026-01-28 06:00:00+00:00,-7.296939979328579,0.4603895296629936,9.31504956648774
2026-01-28 01:00:00+00:00,0.8710104939702035,0.24355122261177087,2026-01-28 07:00:00+00:00,-8.786225226587208,1.4438229412695605,9.399744284294961
2026-01-28 02:00:00+00:00,2.6042532918513217,4.8131762504688425,2026-01-28 08:00:00+00:00,-9.396205239249324,1.2169959080274304,9.526712537777454
2026-01-28 03:00:00+00:00,2.0128960633059023,15.17064888494346,2026-01-28 09:00:00+00:00,-9.945456358977582,1.5088604628324598,11.778697660236029
2026-01-28 04:00:00+00:00,-11.815457520336636,7.321481422835063,2026-01-28 10:00:00+00:00,-13.883189758873062,-0.23499448423836533,13.92896456543097
2026-01-28 05:00:00+00:00,3.4323203972341787,2.486004952997334,2026-01-28 11:00:00+00:00,-10.563256342608904,-1.0998536815953486,7.92864201469896
2026-01-28 06:00:00+00:00,-4.358138490676566,-6.307794899527153,2026-01-28 12:00:00+00:00,-8.725349533275123,0.7433557173867902,6.580579029414576
2026-01-28 07:00:00+00:00,0.24355122261177087,-10.141680171056322,2026-01-28 13:00:00+00:00,-12.926118374140291,-1.3058270060945572,9.502877671849458
2026-01-28 08:00:00+00:00,4.8131762504688425,0.4019528145349227,2026-01-28 14:00:00+00:00,-9.14070145349127,-1.05628165119621,8.663770182055277
2026-01-28 09:00:00+00:00,15.17064888494346,-5.327055936135139,2026-01-28 15:00:00+00:00,-7.958921470054229,-0.3377568633937713,12.367105131958393
2026-01-28 10:00:00+00:00,7.321481422835063,5.109960498410615,2026-01-28 16:00:00+00:00,-9.417980231784167,0.7222436781933101,9.725321375658272
2026-01-28 11:00:00+00:00,2.486004952997334,-8.960489733116361,2026-01-28 17:00:00+00:00,-8.605098831089059,0.46789463657728714,9.276957020885174
2026-01-28 12:00:00+00:00,-6.307794899527153,-12.391707948351538,2026-01-28 18:00:00+00:00,-10.982518515656633,-0.47588379338492537,7.8481085977223035
2026-01-28 13:00:00+00:00,-10.141680171056322,-10.466453617388183,2026-01-28 19:00:00+00:00,-9.980437391288163,-1.4278464659493846,4.463754131474204
2026-01-28 14:00:00+00:00,0.4019528145349227,-0.16408377943477603,2026-01-28 20:00:00+00:00,-10.296077329924474,0.05782120202817531,7.7940084015202835
2026-01-28 15:00:00+00:00,-5.327055936135139,-4.392677152873503,2026-01-28 21:00:00+00:00,-10.453817865416124,2.7815854969046594,10.302139979880389
2026-01-28 16:00:00+00:00,5.109960498410615,3.6667211524399335,2026-01-28 22:00:00+00:00,-7.939667438784555,-0.8809049907399089,10.02436929056714
2026-01-28 17:00:00+00:00,-8.960489733116361,15.670154499911604,2026-01-28 23:00:00+00:00,-9.50811542252919,0.8836880147586292,5.550058119725682
2026-01-28 18:00:00+00:00,-12.391707948351538,17.280393515948234,2026-01-29 00:00:00+00:00,-12.862819869538418,-3.0546769849101025,3.8958148419976233
2026-01-28 19:00:00+00:00,-10.466453617388183,2.803380941376332,2026-01-29 01:00:00+00:00,-14.267838254036235,-3.9272865972109408,4.1706888389712145
2026-01-28 20:00:00+00:00,-0.16408377943477603,-4.8315434361789755,2026-01-29 02:00:00+00:00,-11.797292429223411,-0.9712647896994188,7.494319875219992
2026-01-28 21:00:00+00:00,-4.392677152873503,-9.518303401216954,2026-01-29 03:00:00+00:00,-11.181814158572095,-0.3612724347701448,5.647946725732616
2026-01-28 22:00:00+00:00,3.6667211524399335,-6.249238708910809,2026-01-29 04:00:00+00:00,-7.023963757964319,0.5558490703756229,9.393145003525579
2026-01-28 23:00:00+00:00,15.670154499911604,-11.241308477503154,2026-01-29 05:00:00+00:00,-6.9736984935921065,0.8475645025379936,13.049859113594916
2026-01-29 00:00:00+00:00,17.280393515948234,-4.185947510215726,2026-01-29 06:00:00+00:00,-4.441571234272548,3.3041769187786674,14.89338944647119
2026-01-29 01:00:00+00:00,2.803380941376332,0.5352019309068368,2026-01-29 07:00:00+00:00,-6.527755109660957,1.6916622690697236,10.09698975694137
2026-01-29 02:00:00+00:00,-4.8315434361789755,-6.1221680004486245,2026-01-29 08:00:00+00:00,-10.781642668828447,-0.725991536650552,6.5022211810936845
2026-01-29 03:00:00+00:00,-9.518303401216954,15.658460309024846,2026-01-29 09:00:00+00:00,-12.651813160138202,-2.2143147877046623,4.149900663095661
2026-01-29 04:00:00+00:00,-6.249238708910809,-19.59204951402782,2026-01-29 10:00:00+00:00,-11.127888891167427,-1.3128255302829102,6.690062602795582
2026-01-29 05:00:00+00:00,-11.241308477503154,-5.667044094046503,2026-01-29 11:00:00+00:00,-10.801699916018364,0.9328551233882809,12.39424045038848
2026-01-29 06:00:00+00:00,-4.185947510215726,-6.603010227124173,2026-01-29 12:00:00+00:00,-10.020763329341449,-0.014202966817723706,7.999364596657745
2026-01-29 07:00:00+00:00,0.5352019309068368,-4.920148347151709,2026-01-29 13:00:00+00:00,-12.37820062777348,-0.041377222466439934,8.10045123052655
2026-01-29 08:00:00+00:00,-6.1221680004486245,-10.816850456443206,2026-01-29 14:00:00+00:00,-10.61888849149869,-0.30040684754464664,7.470135218363245
2026-01-29 09:00:00+00:00,15.658460309024846,-16.206573108448197,2026-01-29 15:00:00+00:00,-7.97184425915756,0.40625473045913907,12.610735721723927
2026-01-29 10:00:00+00:00,-19.59204951402782,-15.897179995398858,2026-01-29 16:00:00+00:00,-20.270449705773515,-9.399094166746636,12.651464132786074
2026-01-29 11:00:00+00:00,-5.667044094046503,-18.013166327026653,2026-01-29 17:00:00+00:00,-11.08367062089101,-4.687369389325983,5.439520690606592
2026-01-29 12:00:00+00:00,-6.603010227124173,-6.2274520495453345,2026-01-29 18:00:00+00:00,-10.646744140621514,-2.4995585554249677,7.82885949888283
2026-01-29 13:00:00+00:00,-4.920148347151709,-7.135170257290824,2026-01-29 19:00:00+00:00,-11.949102433176575,-2.196944335076887,5.612337935504293
2026-01-29 14:00:00+00:00,-10.816850456443206,-14.973212862976482,2026-01-29 20:00:00+00:00,-11.521382169295936,-2.366874526207786,6.705806277575945
2026-01-29 15:00:00+00:00,-16.206573108448197,-1.1251992883920536,2026-01-29 21:00:00+00:00,-20.957649395859978,-4.8666741135592115,13.703909644420794
2026-01-29 16:00:00+00:00,-15.897179995398858,-0.44427479052089325,2026-01-29 22:00:00+00:00,-21.00954920868653,-11.434273957048237,1.6877854437483855
2026-01-29 17:00:00+00:00,-18.013166327026653,2.147129228076139,2026-01-29 23:00:00+00:00,-19.451952253139776,-11.329314706426366,14.413158921339573
2026-01-29 18:00:00+00:00,-6.2274520495453345,-20.05219703634431,2026-01-30 00:00:00+00:00,-15.96839309538307,-6.043307617990796,5.0494713413398475
2026-01-29 19:00:00+00:00,-7.135170257290824,-19.255349175422154,2026-01-30 01:00:00+00:00,-15.59327318389151,-5.370165236001191,7.061957940854638
2026-01-29 20:00:00+00:00,-14.973212862976482,-15.841684390078825,2026-01-30 02:00:00+00:00,-16.368058859818944,-6.052776948665361,6.733841070548998
2026-01-29 21:00:00+00:00,-1.1251992883920536,8.750964534662842,2026-01-30 03:00:00+00:00,-13.97344369023043,-5.241741222487287,6.619178317850973
2026-01-29 22:00:00+00:00,-0.44427479052089325,-15.815040781106404,2026-01-30 04:00:00+00:00,-12.088984279007182,-2.7870063959148674,8.19865071548492
2026-01-29 23:00:00+00:00,2.147129228076139,-15.097840887428049,2026-01-30 05:00:00+00:00,-10.9415313332786,-1.5427960460091907,9.958638347985051
2026-01-30 00:00:00+00:00,-20.05219703634431,-2.5923379662007306,2026-01-30 06:00:00+00:00,-22.128702190038567,-8.956451610815133,16.34022945705587
2026-01-30 01:00:00+00:00,-19.255349175422154,-10.644418521446042,2026-01-30 07:00:00+00:00,-23.31611132793628,-11.624356264240763,15.342571045933354
2026-01-30 02:00:00+00:00,-15.841684390078825,1.339414380616688,2026-01-30 08:00:00+00:00,-23.253386353209358,-12.348596577912225,0.9000399588355421
2026-01-30 03:00:00+00:00,8.750964534662842,-16.415077171307857,2026-01-30 09:00:00+00:00,-11.667289495094149,-1.6342733248166255,9.160776225801056
2026-01-30 04:00:00+00:00,-15.815040781106404,-2.6785020989539277,2026-01-30 10:00:00+00:00,-16.001760645508707,-5.344949441976274,9.793897144850298
2026-01-30 05:00:00+00:00,-15.097840887428049,-6.984466975508141,2026-01-30 11:00:00+00:00,-17.350552325313483,-7.775300749791594,8.542279673162234
2026-01-30 06:00:00+00:00,-2.5923379662007306,-5.560805005817571,2026-01-30 12:00:00+00:00,-13.595376747199563,-4.793816378507696,5.929497016350657
2026-01-30 07:00:00+00:00,-10.644418521446042,-5.367126747932716,2026-01-30 13:00:00+00:00,-13.920031845580903,-3.2348852924124385,5.179166705962636
2026-01-30 08:00:00+00:00,1.339414380616688,-7.082622161469487,2026-01-30 14:00:00+00:00,-10.843749200332777,-2.2529381700494424,7.757027271689553
2026-01-30 09:00:00+00:00,-16.415077171307857,4.585531453171754,2026-01-30 15:00:00+00:00,-18.518978370948282,-3.8593785517241397,16.031434851818993
2026-01-30 10:00:00+00:00,-2.6785020989539277,-4.870201134146157,2026-01-30 16:00:00+00:00,-13.078252269689099,-4.125238474521012,4.99131038610682
2026-01-30 11:00:00+00:00,-6.984466975508141,5.239500192057989,2026-01-30 17:00:00+00:00,-13.108820379232837,-3.0597558942532754,8.485179324690234
2026-01-30 12:00:00+00:00,-5.560805005817571,1.7191666937499406,2026-01-30 18:00:00+00:00,-12.607747354278176,-2.956901107294562,8.345306450929597
2026-01-30 13:00:00+00:00,-5.367126747932716,-3.2823975921125736,2026-01-30 19:00:00+00:00,-12.050455897208181,-2.6132231250988505,7.254884018385512
2026-01-30 14:00:00+00:00,-7.082622161469487,-15.365699258715892,2026-01-30 20:00:00+00:00,-11.824785578160508,-2.78953524987386,7.173163444685876
2026-01-30 15:00:00+00:00,4.585531453171754,-6.958618169345954,2026-01-30 21:00:00+00:00,-10.073204772750557,-1.0886096797935307,8.541209690673337
2026-01-30 16:00:00+00:00,-4.870201134146157,-1.301496710635064,2026-01-30 22:00:00+00:00,-10.582349525522709,-0.9372496185494832,6.825549058378401
2026-01-30 17:00:00+00:00,5.239500192057989,-2.9047870280773935,2026-01-30 23:00:00+00:00,-8.54754505083307,-0.4476215632184699,9.61568528656956
2026-01-30 18:00:00+00:00,1.7191666937499406,-15.211719241898791,2026-01-31 00:00:00+00:00,-11.674564237471703,-0.6113000268832502,8.542569026447714
2026-01-30 19:00:00+00:00,-3.2823975921125736,1.8690008784716383,2026-01-31 01:00:00+00:00,-10.357720375656626,-1.6524145876268777,7.720818656507452
2026-01-30 20:00:00+00:00,-15.365699258715892,-10.899697479578307,2026-01-31 02:00:00+00:00,-15.985361034746607,-4.500294155155689,5.542756192210582
2026-01-30 21:00:00+00:00,-6.958618169345954,-21.986540283984723,2026-01-31 03:00:00+00:00,-11.85885778317478,-4.030705557288318,9.765926010801408
2026-01-30 22:00:00+00:00,-1.301496710635064,-16.19524291915475,2026-01-31 04:00:00+00:00,-10.32650808614105,-2.604872109318027,8.164780523390542
2026-01-30 23:00:00+00:00,-2.9047870280773935,-2.3567434064819537,2026-01-31 05:00:00+00:00,-9.6989673683968,-1.6287331529010454,6.899816273260873
2026-01-31 00:00:00+00:00,-15.211719241898791,-5.185397296729732,2026-01-31 06:00:00+00:00,-17.223375829635046,-3.8678912291206426,9.925637904022999
2026-01-31 01:00:00+00:00,1.8690008784716383,-0.07765386192737367,2026-01-31 07:00:00+00:00,-11.072482743342402,-0.2297430937180751,9.112369490801154
2026-01-31 02:00:00+00:00,-10.899697479578307,4.31986176123722,2026-01-31 08:00:00+00:00,-11.373217943971285,-3.0599022711195962,5.517610117979618
2026-01-31 03:00:00+00:00,-21.986540283984723,-5.133300123691953,2026-01-31 09:00:00+00:00,-24.08310789119981,-11.30401559558554,9.447011710129047
2026-01-31 04:00:00+00:00,-16.19524291915475,-15.056260057368931,2026-01-31 10:00:00+00:00,-18.553999053812458,-11.458197712507403,4.824494706635711
2026-01-31 05:00:00+00:00,-2.3567434064819537,-10.456751777310203,2026-01-31 11:00:00+00:00,-9.645562683041646,-3.541803107824603,5.67621205109856
2026-01-31 06:00:00+00:00,-5.185397296729732,11.843678599596785,2026-01-31 12:00:00+00:00,-10.722739295112444,-1.4916509890410987,6.831720789434483
2026-01-31 07:00:00+00:00,-0.07765386192737367,-2.908847891198718,2026-01-31 13:00:00+00:00,-11.313368267799598,-0.7262833361010904,6.981682912072643
2026-01-31 08:00:00+00:00,4.31986176123722,-14.136654210457067,2026-01-31 14:00:00+00:00,-9.650196524917082,-1.2324426998167244,7.6995977538547535
2026-01-31 09:00:00+00:00,-5.133300123691953,-5.961911714882362,2026-01-31 15:00:00+00:00,-12.836083325673162,-3.2500826454270846,6.320274499496136
2026-01-31 10:00:00+00:00,-15.056260057368931,-6.058501436356778,2026-01-31 16:00:00+00:00,-17.510021127252706,-5.821811889462138,5.2766192261091085
2026-01-31 11:00:00+00:00,-10.456751777310203,-10.605355126145355,2026-01-31 17:00:00+00:00,-12.817566382518407,-6.563144626975131,4.454878826554948
2026-01-31 12:00:00+00:00,11.843678599596785,-11.869754316569114,2026-01-31 18:00:00+00:00,-8.158587979557382,-0.7163240327686644,8.639003807601272
2026-01-31 13:00:00+00:00,-2.908847891198718,-22.29777827313484,2026-01-31 19:00:00+00:00,-11.931466582091813,-2.4954881299499547,7.3809273210431865
2026-01-31 14:00:00+00:00,-14.136654210457067,-7.966940469925632,2026-01-31 20:00:00+00:00,-16.503919501102892,-3.742815000453433,12.387494612035741
2026-01-31 15:00:00+00:00,-5.961911714882362,-12.349141535441532,2026-01-31 21:00:00+00:00,-14.962898071038207,-6.540973653669844,4.565149788597756
2026-01-31 16:00:00+00:00,-6.058501436356778,-6.988164615959747,2026-01-31 22:00:00+00:00,-13.607152387214837,-3.833407967923931,5.279778651386605
2026-01-31 17:00:00+00:00,-10.605355126145355,-18.382257311593264,2026-01-31 23:00:00+00:00,-13.685287924109367,-4.020521314316614,2.9598240142361103
2026-01-31 18:00:00+00:00,-11.869754316569114,5.585582635232456,2026-02-01 00:00:00+00:00,-16.67366927489477,-3.1124561455138764,9.17722978771198
2026-01-31 19:00:00+00:00,-22.29777827313484,-10.502762925250764,2026-02-01 01:00:00+00:00,-24.285415894878323,-12.651574134207625,10.358455516000554
2026-01-31 20:00:00+00:00,-7.966940469925632,27.368936071541228,2026-02-01 02:00:00+00:00,-15.801893863809532,-8.629194488324321,3.152467768110464
2026-01-31 21:00:00+00:00,-12.349141535441532,1.759313216167513,2026-02-01 03:00:00+00:00,-13.076904510324423,-3.8369558450907366,6.286704076396035
2026-01-31 22:00:00+00:00,-6.988164615959747,14.401292061174686,2026-02-01 04:00:00+00:00,-12.211219637800665,-6.137492678161641,7.568700278384119
2026-01-31 23:00:00+00:00,-18.382257311593264,-11.28355097067768,2026-02-01 05:00:00+00:00,-18.910226060421724,-9.03052841475269,12.001198063076707
2026-02-01 00:00:00+00:00,5.585582635232456,18.588338498473078,2026-02-01 06:00:00+00:00,-9.758028080899942,-1.424365514399513,9.086694732720144
2026-02-01 01:00:00+00:00,-10.502762925250764,14.673960574000944,2026-02-01 07:00:00+00:00,-13.424395329255685,-2.530690412898858,7.579001877885773
2026-02-01 02:00:00+00:00,27.368936071541228,8.024786676390505,2026-02-01 08:00:00+00:00,4.021099256828663,13.186793669017954,24.945797908765982
2026-02-01 03:00:00+00:00,1.759313216167513,-6.779123609872428,2026-02-01 09:00:00+00:00,-9.116657834434722,1.6774981863731908,10.114906913059114
2026-02-01 04:00:00+00:00,14.401292061174686,1.6721525893359512,2026-02-01 10:00:00+00:00,-8.839661833696667,0.46871152057804366,12.44313504973273
2026-02-01 05:00:00+00:00,-11.28355097067768,2.0452512056490235,2026-02-01 11:00:00+00:00,-15.266821700948434,-3.0064864294157196,10.982617140998038
2026-02-01 06:00:00+00:00,18.588338498473078,1.63673091688743,2026-02-01 12:00:00+00:00,-2.5112477169751273,4.361043580345276,15.369716154251556
2026-02-01 07:00:00+00:00,14.673960574000944,15.857627887987391,2026-02-01 13:00:00+00:00,-7.312490929496434,2.4028989079459837,12.575037138383106
2026-02-01 08:00:00+00:00,8.024786676390505,-3.4444737528360747,2026-02-01 14:00:00+00:00,-8.695702517403678,1.9384046867504496,11.555133234295106
2026-02-01 09:00:00+00:00,-6.779123609872428,-3.88270885763653,2026-02-01 15:00:00+00:00,-11.614100948015711,-0.7702943691236337,12.230776375786466
2026-02-01 10:00:00+00:00,1.6721525893359512,0.7173165199425569,2026-02-01 16:00:00+00:00,-10.95889861648462,0.34820683921718354,9.969571206299523
2026-02-01 11:00:00+00:00,2.0452512056490235,-3.6799187470393235,2026-02-01 17:00:00+00:00,-11.699850936351538,-1.2175770873327725,8.661708340936674
2026-02-01 12:00:00+00:00,1.63673091688743,14.733040433769773,2026-02-01 18:00:00+00:00,-10.212677310106496,0.1947321591317468,10.731918387953161
2026-02-01 13:00:00+00:00,15.857627887987391,19.167456357056523,2026-02-01 19:00:00+00:00,-6.077389303645727,1.5710195758830263,14.001754549631167
2026-02-01 14:00:00+00:00,-3.4444737528360747,13.112434894342329,2026-02-01 20:00:00+00:00,-10.367870510472695,0.11357051992715661,10.519166810244412
2026-02-01 15:00:00+00:00,-3.88270885763653,-1.9545511621821277,2026-02-01 21:00:00+00:00,-9.899097144285642,-1.532212671242008,6.625242542335894
2026-02-01 16:00:00+00:00,0.7173165199425569,6.260945577478694,2026-02-01 22:00:00+00:00,-13.097251670419746,-0.6041168518033535,8.18625536537147
2026-02-01 17:00:00+00:00,-3.6799187470393235,13.032345008685553,2026-02-01 23:00:00+00:00,-10.937333967196384,-1.3569937169078532,7.013398704914561
2026-02-01 18:00:00+00:00,14.733040433769773,3.143188171383926,2026-02-02 00:00:00+00:00,-8.822215777132683,0.14648648035873002,11.696191073946865
2026-02-01 19:00:00+00:00,19.167456357056523,0.3569170879202943,2026-02-02 01:00:00+00:00,-3.0934354213869675,5.040890410693914,17.042033470628226
2026-02-01 20:00:00+00:00,13.112434894342329,-8.339949697058202,2026-02-02 02:00:00+00:00,-10.035062535822316,1.984654077700597,11.018109517683133
2026-02-01 21:00:00+00:00,-1.9545511621821277,4.269434247730075,2026-02-02 03:00:00+00:00,-11.195865876829108,-2.620221396340588,9.705405565051445
2026-02-01 22:00:00+00:00,6.260945577478694,3.818939479645067,2026-02-02 04:00:00+00:00,-8.19370328335638,-1.9384814354218562,8.812626865792438
2026-02-01 23:00:00+00:00,13.032345008685553,2.115396961910321,2026-02-02 05:00:00+00:00,-6.23181330733474,2.991410690042727,10.568781398262843
2026-02-02 00:00:00+00:00,3.143188171383926,-7.679846802712831,2026-02-02 06:00:00+00:00,-7.668003454465678,1.0988270583645785,11.361833533300315
2026-02-02 01:00:00+00:00,0.3569170879202943,19.284890140305322,2026-02-02 07:00:00+00:00,-10.406975181693824,2.671533892825956,10.520559270712129
2026-02-02 02:00:00+00:00,-8.339949697058202,-3.6592843226657124,2026-02-02 08:00:00+00:00,-9.173642778326268,1.5289285935656327,13.293200851978217
2026-02-02 03:00:00+00:00,4.269434247730075,2.1947931191945713,2026-02-02 09:00:00+00:00,-8.721311166993814,-0.888836547928169,8.130686269761464
2026-02-02 04:00:00+00:00,3.818939479645067,-3.0668463252059297,2026-02-02 10:00:00+00:00,-7.366365464546506,0.24999740407373983,9.579793216099652
2026-02-02 05:00:00+00:00,2.115396961910321,6.498503446774606,2026-02-02 11:00:00+00:00,-9.186356409808552,-0.34685389551477064,9.59424383345453
2026-02-02 06:00:00+00:00,-7.679846802712831,-16.369723040678963,2026-02-02 12:00:00+00:00,-11.860762495414326,-1.9144486659156943,7.766137073110679
2026-02-02 07:00:00+00:00,19.284890140305322,-3.758929812178735,2026-02-02 13:00:00+00:00,-4.535498236848234,4.730463352870222,16.353083927258396
2026-02-02 08:00:00+00:00,-3.6592843226657124,-11.473895738047801,2026-02-02 14:00:00+00:00,-10.552542389864449,-2.293705566825372,8.247684961753206
2026-02-02 09:00:00+00:00,2.1947931191945713,-6.847404185226225,2026-02-02 15:00:00+00:00,-8.645995175878298,1.0181942096221015,9.305356997763987
2026-02-02 10:00:00+00:00,-3.0668463252059297,8.535845217867433,2026-02-02 16:00:00+00:00,-10.944564430086608,-0.92999253016453,9.15747760455564
2026-02-02 11:00:00+00:00,6.498503446774606,6.435766311501112,2026-02-02 17:00:00+00:00,-10.156104853748563,-2.300896492209498,10.581457982588544
2026-02-02 12:00:00+00:00,-16.369723040678963,2.0342233197734316,2026-02-02 18:00:00+00:00,-19.462928857030054,-5.804276042116522,10.590148875830632
2026-02-02 13:00:00+00:00,-3.758929812178735,-15.013808827513131,2026-02-02 19:00:00+00:00,-10.015031182636296,2.7303951501930745,12.18663245223682
2026-02-02 14:00:00+00:00,-11.473895738047801,-12.926601466514143,2026-02-02 20:00:00+00:00,-12.97817201376723,-1.9958712052062353,8.875004921805917
2026-02-02 15:00:00+00:00,-6.847404185226225,0.8493827002276078,2026-02-02 21:00:00+00:00,-14.022560320587907,-4.127472409044216,9.09486901090419
2026-02-02 16:00:00+00:00,8.535845217867433,0.7230194699747727,2026-02-02 22:00:00+00:00,-9.222240163617759,0.3692773759180863,9.703624815371093
2026-02-02 17:00:00+00:00,6.435766311501112,9.773287389638341,2026-02-02 23:00:00+00:00,-9.049918854622723,-2.307209430681267,12.590255308610075
2026-02-02 18:00:00+00:00,2.0342233197734316,-5.286057847460057,2026-02-03 00:00:00+00:00,-12.725434108811246,0.06826928165286339,9.903201440301867
2026-02-02 19:00:00+00:00,-15.013808827513131,4.6667144613277145,2026-02-03 01:00:00+00:00,-17.875010331383248,-4.72016564939193,9.879838242625368
2026-02-02 20:00:00+00:00,-12.926601466514143,0.3352572719084179,2026-02-03 02:00:00+00:00,-18.49348326602978,-6.499580903054774,7.415872706454643
2026-02-02 21:00:00+00:00,0.8493827002276078,4.990449856512313,2026-02-03 03:00:00+00:00,-11.949070362731,-1.3321791250648518,7.887811303626229
2026-02-02 22:00:00+00:00,0.7230194699747727,-9.016389531817381,2026-02-03 04:00:00+00:00,-10.54400888807296,0.3340186088731155,9.094961259352011
2026-02-02 23:00:00+00:00,9.773287389638341,-14.930897399452192,2026-02-03 05:00:00+00:00,-9.179019731825488,1.2759521336437043,11.906681740440346
2026-02-03 00:00:00+00:00,-5.286057847460057,-20.550683292182015,2026-02-03 06:00:00+00:00,-9.391152362571347,-0.4236555684793908,9.40028136343525
2026-02-03 01:00:00+00:00,4.6667144613277145,3.7998357638358016,2026-02-03 07:00:00+00:00,-7.960757771637997,1.9484356392879874,8.950650619547293
2026-02-03 02:00:00+00:00,0.3352572719084179,-3.7987701788466666,2026-02-03 08:00:00+00:00,-12.514615169708359,-0.31244455560947615,8.12758748459694
2026-02-03 03:00:00+00:00,4.990449856512313,11.941432050681655,2026-02-03 09:00:00+00:00,-9.515806155371465,0.23830685480865466,8.457440226923563
2026-02-03 04:00:00+00:00,-9.016389531817381,-0.9506730398989305,2026-02-03 10:00:00+00:00,-10.174859654773357,0.1356806199784799,8.849853951533731
2026-02-03 05:00:00+00:00,-14.930897399452192,16.424358645270587,2026-02-03 11:00:00+00:00,-14.839443060930414,-2.8353729518606254,7.696254852395537
2026-02-03 06:00:00+00:00,-20.550683292182015,3.3305489634827268,2026-02-03 12:00:00+00:00,-24.114979254880794,-10.895353011571563,11.175277331383512
2026-02-03 07:00:00+00:00,3.7998357638358016,-12.312769703815007,2026-02-03 13:00:00+00:00,-9.785989346641802,-0.8383763245900191,9.030329565727591
2026-02-03 08:00:00+00:00,-3.7987701788466666,3.203955324746488,2026-02-03 14:00:00+00:00,-10.602951611683224,-0.9773109826152186,6.417406210695299
2026-02-03 09:00:00+00:00,11.941432050681655,-6.198356803235328,2026-02-03 15:00:00+00:00,-8.48609697282916,-0.6147146473743934,9.993989954760565
2026-02-03 10:00:00+00:00,-0.9506730398989305,-3.1907185736557153,2026-02-03 16:00:00+00:00,-11.466618621515105,-2.0298615458704474,7.079312095197476
2026-02-03 11:00:00+00:00,16.424358645270587,-2.029159097496347,2026-02-03 17:00:00+00:00,-6.9513074687549015,1.150947738629041,13.622831673667953
2026-02-03 12:00:00+00:00,3.3305489634827268,-13.637843170357655,2026-02-03 18:00:00+00:00,-10.588235173534208,-0.19831376277272783,10.06118343203659
2026-02-03 13:00:00+00:00,-12.312769703815007,-5.309229100074475,2026-02-03 19:00:00+00:00,-15.083175150559155,-1.552946278420622,9.202098182750685
2026-02-03 14:00:00+00:00,3.203955324746488,-10.385919915263386,2026-02-03 20:00:00+00:00,-10.227455124372085,-2.539655586971432,9.464780148908588
2026-02-03 15:00:00+00:00,-6.198356803235328,4.538813810475162,2026-02-03 21:00:00+00:00,-13.065253416727916,-1.142509793162784,8.76935508721842
2026-02-03 16:00:00+00:00,-3.1907185736557153,-7.069736575742169,2026-02-03 22:00:00+00:00,-11.130751222384905,-3.6615318122543266,6.4381683763917845
2026-02-03 17:00:00+00:00,-2.029159097496347,-6.428242168485809,2026-02-03 23:00:00+00:00,-13.388324773770066,-4.258161239053965,7.421230893533997
2026-02-03 18:00:00+00:00,-13.637843170357655,-2.903096314534892,2026-02-04 00:00:00+00:00,-16.43686168431417,-4.057630081849348,6.95297883810834
2026-02-03 19:00:00+00:00,-5.309229100074475,-11.369577677120546,2026-02-04 01:00:00+00:00,-17.26847468252526,-7.018660565726887,7.032214126386997
2026-02-03 20:00:00+00:00,-10.385919915263386,-11.385107263892635,2026-02-04 02:00:00+00:00,-10.877173260680268,-1.2816682419414285,9.154642059729106
2026-02-03 21:00:00+00:00,4.538813810475162,-4.442399582584855,2026-02-04 03:00:00+00:00,-10.940507404872399,-2.268132951171708,8.320008747654047
2026-02-03 22:00:00+00:00,-7.069736575742169,-6.94748580936988,2026-02-04 04:00:00+00:00,-13.897002591079257,-3.2572578437849153,9.849919389154778
2026-02-03 23:00:00+00:00,-6.428242168485809,-5.785619031506428,2026-02-04 05:00:00+00:00,-12.526616669677432,-2.670035207928467,8.834624337743865
2026-02-04 00:00:00+00:00,-2.903096314534892,16.16793367798408,2026-02-04 06:00:00+00:00,-11.030605989156884,-1.8683182186394935,6.673166676783659
2026-02-04 01:00:00+00:00,-11.369577677120546,5.129135006090024,2026-02-04 07:00:00+00:00,-13.986159549379252,-3.1421833315015224,8.783942988466677
2026-02-04 02:00:00+00:00,-11.385107263892635,-0.39906625179497723,2026-02-04 08:00:00+00:00,-15.324747300506953,-5.558781775050055,8.87570554686592
2026-02-04 03:00:00+00:00,-4.442399582584855,-9.050875940515013,2026-02-04 09:00:00+00:00,-11.114142163261524,-2.933066775202116,5.748257539573919
2026-02-04 04:00:00+00:00,-6.94748580936988,4.9125041134256975,2026-02-04 10:00:00+00:00,-10.727088020467374,-2.470945970164146,9.503946849321245
2026-02-04 05:00:00+00:00,-5.785619031506428,-4.970812803772873,2026-02-04 11:00:00+00:00,-10.783782367382466,-1.5418405899817005,7.663789023529127
2026-02-04 06:00:00+00:00,16.16793367798408,-4.548495886105286,2026-02-04 12:00:00+00:00,-7.14467930300416,0.6969033655163255,13.675854568506624
2026-02-04 07:00:00+00:00,5.129135006090024,-8.646264513716417,2026-02-04 13:00:00+00:00,-8.71337576713619,0.810782266261076,10.074572240766663
2026-02-04 08:00:00+00:00,-0.39906625179497723,2.844914672390786,2026-02-04 14:00:00+00:00,-11.343596045578126,-0.9661768537660698,8.077346021703733
2026-02-04 09:00:00+00:00,-9.050875940515013,6.847120648636462,2026-02-04 15:00:00+00:00,-12.289632405330195,-0.8571987289202472,10.176693466419298
2026-02-04 10:00:00+00:00,4.9125041134256975,-1.1550317865438586,2026-02-04 16:00:00+00:00,-9.368158696962997,-3.018340276454878,7.89632554177366
2026-02-04 11:00:00+00:00,-4.970812803772873,-5.945150228674478,2026-02-04 17:00:00+00:00,-10.940859726888366,-1.3460743097862569,6.54551278362241
2026-02-04 12:00:00+00:00,-4.548495886105286,9.658292144445468,2026-02-04 18:00:00+00:00,-9.746441201924942,1.230138935878486,8.896812404371897
2026-02-04 13:00:00+00:00,-8.646264513716417,4.339580926346898,2026-02-04 19:00:00+00:00,-10.570382389761798,-0.679148592299053,5.248741422099835
2026-02-04 14:00:00+00:00,2.844914672390786,6.767871693416083,2026-02-04 20:00:00+00:00,-10.988353023117847,-2.809973924063401,8.27956443456176
2026-02-04 15:00:00+00:00,6.847120648636462,-4.110936661865239,2026-02-04 21:00:00+00:00,-12.756154135657564,-3.3191971321293963,8.766171277160806
2026-02-04 16:00:00+00:00,-1.1550317865438586,-4.721439334769428,2026-02-04 22:00:00+00:00,-11.653651504611114,-2.9489874892847165,8.978016651753498
2026-02-04 17:00:00+00:00,-5.945150228674478,12.902968884640487,2026-02-04 23:00:00+00:00,-13.278691686068136,-2.2238772017796196,6.509914567260097
2026-02-04 18:00:00+00:00,9.658292144445468,6.919578133146587,2026-02-05 00:00:00+00:00,-11.439295652970422,-1.1540167044807692,10.23605037471196
2026-02-04 19:00:00+00:00,4.339580926346898,-0.3519645757066314,2026-02-05 01:00:00+00:00,-10.1736666142161,-0.020547048015808755,9.169174440799122
2026-02-04 20:00:00+00:00,6.767871693416083,17.43059535508351,2026-02-05 02:00:00+00:00,-9.12418602748169,-1.8545740772331047,10.174852812057882
2026-02-04 21:00:00+00:00,-4.110936661865239,-4.269759597317346,2026-02-05 03:00:00+00:00,-9.19797018384703,-1.171522042818662,7.459078877947661
2026-02-04 22:00:00+00:00,-4.721439334769428,9.494824552964687,2026-02-05 04:00:00+00:00,-12.648074597126602,-3.4457848974570866,5.499481295298459
2026-02-04 23:00:00+00:00,12.902968884640487,12.850918477189666,2026-02-05 05:00:00+00:00,-9.646310726089322,-0.4780470992938177,10.180096600054057
2026-02-05 00:00:00+00:00,6.919578133146587,17.94272075914094,2026-02-05 06:00:00+00:00,-7.362042207992269,0.9774937873710874,10.355128037375788
2026-02-05 01:00:00+00:00,-0.3519645757066314,11.927890194405322,2026-02-05 07:00:00+00:00,-10.60653984023321,0.35309025517701387,11.235223894120754
2026-02-05 02:00:00+00:00,17.43059535508351,2.402167563309021,2026-02-05 08:00:00+00:00,-6.3927386045662296,2.7823104494537496,14.297406899943036
2026-02-05 03:00:00+00:00,-4.269759597317346,-7.337713665975798,2026-02-05 09:00:00+00:00,-13.486615989945511,-1.6013329015195579,8.72176410165966
2026-02-05 04:00:00+00:00,9.494824552964687,5.305233121708497,2026-02-05 10:00:00+00:00,-7.983984710949464,0.43657530050581705,9.909507710351212
2026-02-05 05:00:00+00:00,12.850918477189666,6.266312819924735,2026-02-05 11:00:00+00:00,-9.098924819710426,0.38211472329107643,12.349432410243587
2026-02-05 06:00:00+00:00,17.94272075914094,9.102507918603564,2026-02-05 12:00:00+00:00,-5.5655423894796705,3.2888838899562174,15.024562457058455
2026-02-05 07:00:00+00:00,11.927890194405322,27.991635583024532,2026-02-05 13:00:00+00:00,-5.845205411605349,2.155231467906841,9.86007275385229
2026-02-05 08:00:00+00:00,2.402167563309021,0.2845161919218242,2026-02-05 14:00:00+00:00,-9.6043736873741,0.7147556288224872,10.210432136631887
2026-02-05 09:00:00+00:00,-7.337713665975798,-7.504351460800862,2026-02-05 15:00:00+00:00,-10.574370255838286,-1.7881454054604777,7.857708770971568
2026-02-05 10:00:00+00:00,5.305233121708497,-11.592062245604495,2026-02-05 16:00:00+00:00,-6.530694829129741,0.5990943181300459,10.584290204159785
2026-02-05 11:00:00+00:00,6.266312819924735,-10.053286073619105,2026-02-05 17:00:00+00:00,-8.63039329999551,-0.7332705206104642,10.459912171837448
2026-02-05 12:00:00+00:00,9.102507918603564,-1.8389296231990926,2026-02-05 18:00:00+00:00,-6.326568015477578,0.5636762846473466,11.243818429278015
2026-02-05 13:00:00+00:00,27.991635583024532,-12.244347742962347,2026-02-05 19:00:00+00:00,3.8807865865637936,13.356691510567801,24.770249632081054
2026-02-05 14:00:00+00:00,0.2845161919218242,-3.9160474077259977,2026-02-05 20:00:00+00:00,-10.381601183883111,0.7530845401097602,10.448061506702999
2026-02-05 15:00:00+00:00,-7.504351460800862,-17.357581623391738,2026-02-05 21:00:00+00:00,-12.837022861316484,-2.8919660999717207,7.928725475766754
2026-02-05 16:00:00+00:00,-11.592062245604495,-3.6848284899004824,2026-02-05 22:00:00+00:00,-14.307727457036261,-4.086160642696577,6.802550945025999
2026-02-05 17:00:00+00:00,-10.053286073619105,-14.122521401009891,2026-02-05 23:00:00+00:00,-11.467658063072827,-3.0516106235732465,9.713212285561436
2026-02-05 18:00:00+00:00,-1.8389296231990926,16.511990638257146,2026-02-06 00:00:00+00:00,-13.436874355945985,-2.825545738347949,7.807513763896422
2026-02-05 19:00:00+00:00,-12.244347742962347,-9.65448418204673,2026-02-06 01:00:00+00:00,-14.859788812849773,0.8183632168350439,13.849876502804953
2026-02-05 20:00:00+00:00,-3.9160474077259977,0.8256933991379611,2026-02-06 02:00:00+00:00,-15.12619066921982,-4.074333627054278,7.119071915370331
2026-02-05 21:00:00+00:00,-17.357581623391738,-14.54928154861257,2026-02-06 03:00:00+00:00,-22.364452797234364,-7.794719626080736,18.24736102006341
2026-02-05 22:00:00+00:00,-3.6848284899004824,-20.71848696730605,2026-02-06 04:00:00+00:00,-13.550207224922735,-3.6153208343603733,5.9562403385099465
2026-02-05 23:00:00+00:00,-14.122521401009891,-3.3173818008513933,2026-02-06 05:00:00+00:00,-16.803774026660125,-4.9190376024162905,9.576495819560147
2026-02-06 00:00:00+00:00,16.511990638257146,-22.94020657918061,2026-02-06 06:00:00+00:00,-7.549417166812294,1.9381977363162193,13.727199787359964
2026-02-06 01:00:00+00:00,-9.65448418204673,20.45917079781745,2026-02-06 07:00:00+00:00,-10.519280296122792,-3.0718744554653448,9.080597487156282
2026-02-06 02:00:00+00:00,0.8256933991379611,-5.837802566528438,2026-02-06 08:00:00+00:00,-9.282067853837914,0.5505093915289911,9.361146852865803
2026-02-06 03:00:00+00:00,-14.54928154861257,11.325662263610425,2026-02-06 09:00:00+00:00,-17.869033576163535,-5.593149412401145,7.135273687206016
2026-02-06 04:00:00+00:00,-20.71848696730605,-12.630808722571274,2026-02-06 10:00:00+00:00,-25.26306436954519,-10.210729206810914,16.013609248660316
2026-02-06 05:00:00+00:00,-3.3173818008513933,-15.179946128407451,2026-02-06 11:00:00+00:00,-11.012077567383965,-3.0325360587230157,6.917588206218651
2026-02-06 06:00:00+00:00,-22.94020657918061,3.511737647770019,2026-02-06 12:00:00+00:00,-25.957064305923602,-9.875817423132208,17.09994146444039
2026-02-06 07:00:00+00:00,20.45917079781745,7.617193721385362,2026-02-06 13:00:00+00:00,-3.921383922250236,6.209919302232727,17.850996964653774
2026-02-06 08:00:00+00:00,-5.837802566528438,0.5387343948104473,2026-02-06 14:00:00+00:00,-10.907088523441224,-2.2052177688501073,10.20174546040393
2026-02-06 09:00:00+00:00,11.325662263610425,-9.576555282260202,2026-02-06 15:00:00+00:00,-9.841669138967145,-2.038835417460236,9.865565945214382
2026-02-06 10:00:00+00:00,-12.630808722571274,-17.689495927424304,2026-02-06 16:00:00+00:00,-17.35876641631964,-4.174811407863258,10.126273721129348
2026-02-06 11:00:00+00:00,-15.179946128407451,-0.7004886072525807,2026-02-06 17:00:00+00:00,-18.564988818416555,-7.511526142190165,11.457389052655461
2026-02-06 12:00:00+00:00,3.511737647770019,-3.541214257412051,2026-02-06 18:00:00+00:00,-11.002697761212305,-1.2474734269972005,9.8084502995635
2026-02-06 13:00:00+00:00,7.617193721385362,-6.27204254900704,2026-02-06 19:00:00+00:00,-11.322915017762625,-1.355052276822292,10.089584755402457
2026-02-06 14:00:00+00:00,0.5387343948104473,0.4412945579979066,2026-02-06 20:00:00+00:00,-10.878803153993667,0.31959969155862145,9.86559340428803
2026-02-06 15:00:00+00:00,-9.576555282260202,7.985514389883264,2026-02-06 21:00:00+00:00,-11.433206682322341,2.201806839353777,17.27894875330516
2026-02-06 16:00:00+00:00,-17.689495927424304,-1.9260136463650213,2026-02-06 22:00:00+00:00,-21.49086797790408,-8.484536425285,17.217186776193763
2026-02-06 17:00:00+00:00,-0.7004886072525807,-11.26763589968327,2026-02-06 23:00:00+00:00,-13.75241283838352,-3.2491868385910445,7.62149454464644
2026-02-06 18:00:00+00:00,-3.541214257412051,13.285018702680063,2026-02-07 00:00:00+00:00,-11.09397629300075,-2.0758154904314736,8.29197952811492
2026-02-06 19:00:00+00:00,-6.27204254900704,5.896988536591152,2026-02-07 01:00:00+00:00,-13.828721109656406,-0.8261222882115566,10.015619471661026
2026-02-06 20:00:00+00:00,0.4412945579979066,-12.101045578765124,2026-02-07 02:00:00+00:00,-11.872012873853949,-1.7371633785091882,8.760949239063995
2026-02-06 21:00:00+00:00,7.985514389883264,12.39953248538761,2026-02-07 03:00:00+00:00,-12.066471136031517,-1.5316539565534075,9.218027747800477
2026-02-06 22:00:00+00:00,-1.9260136463650213,-13.533567332286722,2026-02-07 04:00:00+00:00,-13.031601045579892,-2.750432097647628,8.35550437502141
2026-02-06 23:00:00+00:00,-11.26763589968327,4.589848053146994,2026-02-07 05:00:00+00:00,-13.128217393700897,-1.876744145632058,13.551309863575227
2026-02-07 00:00:00+00:00,13.285018702680063,11.873667622710471,2026-02-07 06:00:00+00:00,-9.597507498332973,0.3557759807093941,10.05100272145461
2026-02-07 01:00:00+00:00,5.896988536591152,14.42209896788782,2026-02-07 07:00:00+00:00,-6.920505286232368,1.1616142227348938,10.99542200104244
2026-02-07 02:00:00+00:00,-12.101045578765124,10.614462697828841,2026-02-07 08:00:00+00:00,-14.998760262878017,-1.3092517478629944,16.05975935945497
2026-02-07 03:00:00+00:00,12.39953248538761,-18.50110546149253,2026-02-07 09:00:00+00:00,-7.00092180214601,1.3194533411024398,10.596772847739631
2026-02-07 04:00:00+00:00,-13.533567332286722,20.020741193329528,2026-02-07 10:00:00+00:00,-14.624750267136731,-2.6798152605521803,14.195555241375097
2026-02-07 05:00:00+00:00,4.589848053146994,-8.25375529781347,2026-02-07 11:00:00+00:00,-11.101660334858545,-1.242394984702477,8.807108623479884
2026-02-07 06:00:00+00:00,11.873667622710471,-9.437904541735875,2026-02-07 12:00:00+00:00,-6.089555142821897,-0.3044628852207971,10.362731328775203
2026-02-07 07:00:00+00:00,14.42209896788782,4.2654995321367295,2026-02-07 13:00:00+00:00,-6.463265688745114,0.38233627796732605,11.58525383531324
2026-02-07 08:00:00+00:00,10.614462697828841,-0.7177551337367305,2026-02-07 14:00:00+00:00,-9.763956784487323,0.7067673777869903,9.383102878081708
2026-02-07 09:00:00+00:00,-18.50110546149253,5.4853317361747145,2026-02-07 15:00:00+00:00,-21.425409320027732,-5.700018081365682,23.61670786097131
2026-02-07 10:00:00+00:00,20.020741193329528,2.071299147416994,2026-02-07 16:00:00+00:00,-2.9294155284043626,4.969797032482791,16.850718415887645
2026-02-07 11:00:00+00:00,-8.25375529781347,16.616239326872062,2026-02-07 17:00:00+00:00,-12.23196053649606,-2.103409028305335,13.97922051995723
2026-02-07 12:00:00+00:00,-9.437904541735875,5.07233980806987,2026-02-07 18:00:00+00:00,-13.841023691321565,-0.6950672219703442,18.89031687618708
2026-02-07 13:00:00+00:00,4.2654995321367295,-1.8998677537584996,2026-02-07 19:00:00+00:00,-7.854114622082312,0.3475459612869898,10.135538618248988
2026-02-07 14:00:00+00:00,-0.7177551337367305,-4.587851847377422,2026-02-07 20:00:00+00:00,-9.391112372571866,0.0009779543423111825,9.322585776442157
2026-02-07 15:00:00+00:00,5.4853317361747145,2.093972469552341,2026-02-07 21:00:00+00:00,-9.136331039367144,-1.2097362059020584,8.959008182294504
2026-02-07 16:00:00+00:00,2.071299147416994,-0.503474606725618,2026-02-07 22:00:00+00:00,-9.055509449735716,1.3071708527242885,11.31421944497375
2026-02-07 17:00:00+00:00,16.616239326872062,-2.0992424049648406,2026-02-07 23:00:00+00:00,-7.178140442932289,1.4396132555746508,14.204521996348822
2026-02-07 18:00:00+00:00,5.07233980806987,9.724212363106943,2026-02-08 00:00:00+00:00,-8.719241438020383,0.9485110800959404,10.109904257844349
2026-02-07 19:00:00+00:00,-1.8998677537584996,19.84052884260734,2026-02-08 01:00:00+00:00,-10.346782478752672,-1.3685423947222248,9.968605190856755
2026-02-07 20:00:00+00:00,-4.587851847377422,9.092552392564457,2026-02-08 02:00:00+00:00,-10.65364275701533,-1.1031934073284706,8.4295393670129
2026-02-07 21:00:00+00:00,2.093972469552341,0.053274672815462054,2026-02-08 03:00:00+00:00,-8.438585021465562,0.3643670032244737,9.889967864335496
2026-02-07 22:00:00+00:00,-0.503474606725618,-8.306027113178516,2026-02-08 04:00:00+00:00,-10.284371827471793,-0.3574273806700215,10.189395153508892
2026-02-07 23:00:00+00:00,-2.0992424049648406,11.4540076547609,2026-02-08 05:00:00+00:00,-8.938129587433874,-1.9895151112045468,10.071227774893803
2026-02-08 00:00:00+00:00,9.724212363106943,-5.833398336090312,2026-02-08 06:00:00+00:00,-8.727471216304526,0.8624421081625417,10.870831301489716
2026-02-08 01:00:00+00:00,19.84052884260734,-1.4465610268654672,2026-02-08 07:00:00+00:00,-2.9828771425863607,5.250517197165998,17.434752403403582
2026-02-08 02:00:00+00:00,9.092552392564457,1.7725588407202508,2026-02-08 08:00:00+00:00,-5.626969848436261,2.9077102928182326,11.505152863331691
2026-02-08 03:00:00+00:00,0.053274672815462054,-14.315983941699528,2026-02-08 09:00:00+00:00,-10.11422819603905,1.7420750230145414,11.287879595933568
2026-02-08 04:00:00+00:00,-8.306027113178516,-7.6072359601475625,2026-02-08 10:00:00+00:00,-11.00539426702416,-2.04283376392432,8.147045435985419
2026-02-08 05:00:00+00:00,11.4540076547609,-9.131351872539994,2026-02-08 11:00:00+00:00,-8.008339054815735,-1.1339242534651959,8.67339135851843
2026-02-08 06:00:00+00:00,-5.833398336090312,-11.511498178995438,2026-02-08 12:00:00+00:00,-10.996461169051726,0.8300480667270955,10.944806458537741
2026-02-08 07:00:00+00:00,-1.4465610268654672,-19.947957615134015,2026-02-08 13:00:00+00:00,-10.366938598211547,1.668445099019964,11.395480448959177
2026-02-08 08:00:00+00:00,1.7725588407202508,-11.296014401027676,2026-02-08 14:00:00+00:00,-11.725194683479465,-0.5448324214654146,10.035042875840368
2026-02-08 09:00:00+00:00,-14.315983941699528,17.04274655346616,2026-02-08 15:00:00+00:00,-16.681693604100342,-4.25757036089516,11.076262690994351
2026-02-08 10:00:00+00:00,-7.6072359601475625,10.267239679508933,2026-02-08 16:00:00+00:00,-15.003716911110242,-4.581794481723078,7.271278551935081
2026-02-08 11:00:00+00:00,-9.131351872539994,-21.407832647364344,2026-02-08 17:00:00+00:00,-9.925693310816436,0.4008764044667039,14.950289408751946
2026-02-08 12:00:00+00:00,-11.511498178995438,-17.231946368605477,2026-02-08 18:00:00+00:00,-15.558876649642034,-5.8235506662188765,9.657881714758332
2026-02-08 13:00:00+00:00,-19.947957615134015,-6.796362201129114,2026-02-08 19:00:00+00:00,-23.321205714152043,-10.446426071081392,15.216053339132465
2026-02-08 14:00:00+00:00,-11.296014401027676,-0.8724260446424381,2026-02-08 20:00:00+00:00,-18.4580858043884,-7.503932290710679,12.42095457066156
2026-02-08 15:00:00+00:00,17.04274655346616,3.4043077223611107,2026-02-08 21:00:00+00:00,-7.286869034025969,2.3428541297958017,14.974809238352757
2026-02-08 16:00:00+00:00,10.267239679508933,-11.699681094627934,2026-02-08 22:00:00+00:00,-9.046727124551516,1.336542689506004,10.502405832847588
2026-02-08 17:00:00+00:00,-21.407832647364344,-1.6973722356894427,2026-02-08 23:00:00+00:00,-26.11364689721628,-11.080251244427405,15.478153991243758
2026-02-08 18:00:00+00:00,-17.231946368605477,14.319019747697226,2026-02-09 00:00:00+00:00,-24.967734098682175,-13.761114824973767,6.272150439636672
2026-02-08 19:00:00+00:00,-6.796362201129114,-3.453014167682511,2026-02-09 01:00:00+00:00,-14.653123733370109,-6.098917747777432,7.721195035092141
2026-02-08 20:00:00+00:00,-0.8724260446424381,0.23200707432557977,2026-02-09 02:00:00+00:00,-10.189749169159404,-2.230284434703305,6.922185305456968
2026-02-08 21:00:00+00:00,3.4043077223611107,-0.1177996963619421,2026-02-09 03:00:00+00:00,-9.472695468614084,-2.5767243519563863,9.486924384810369
2026-02-08 22:00:00+00:00,-11.699681094627934,-3.960762677479579,2026-02-09 04:00:00+00:00,-12.081619616867062,1.0392819052685969,12.85475376446896
2026-02-08 23:00:00+00:00,-1.6973722356894427,-11.624834959835795,2026-02-09 05:00:00+00:00,-10.867125352107307,-3.5093205361656947,6.27437506075014
2026-02-09 00:00:00+00:00,14.319019747697226,-4.410305162672046,2026-02-09 06:00:00+00:00,-9.699168183421559,-0.834375947695289,11.108122117455157
2026-02-09 01:00:00+00:00,-3.453014167682511,-15.820514014492915,2026-02-09 07:00:00+00:00,-8.817245338735818,-1.9313104623605257,6.196678620011637
2026-02-09 02:00:00+00:00,0.23200707432557977,-2.131538425116375,2026-02-09 08:00:00+00:00,-12.87347987566078,-2.394914366091906,9.396979077707377
2026-02-09 03:00:00+00:00,-0.1177996963619421,-3.673152347971609,2026-02-09 09:00:00+00:00,-10.893505355511035,-1.035126522012472,7.410185360204286
2026-02-09 04:00:00+00:00,-3.960762677479579,-9.592102384585743,2026-02-09 10:00:00+00:00,-11.755543922596075,-1.5278192722433768,6.182181714553355
2026-02-09 05:00:00+00:00,-11.624834959835795,9.75737470610305,2026-02-09 11:00:00+00:00,-15.792043361503115,-2.786239055796184,8.83542536433033
2026-02-09 06:00:00+00:00,-4.410305162672046,2.1554333669548953,2026-02-09 12:00:00+00:00,-9.889369943080489,-1.8746741460852072,5.788474906511697
2026-02-09 07:00:00+00:00,-15.820514014492915,10.328594653010725,2026-02-09 13:00:00+00:00,-17.517600481837725,-5.844664156888353,7.929079900998172
2026-02-09 08:00:00+00:00,-2.131538425116375,-19.235235886752022,2026-02-09 14:00:00+00:00,-12.7191161018667,-4.186809000602576,7.92227337489788
2026-02-09 09:00:00+00:00,-3.673152347971609,-4.340681883965303,2026-02-09 15:00:00+00:00,-11.603043510078383,-3.1452426858108575,5.886213741105967
2026-02-09 10:00:00+00:00,-9.592102384585743,0.0258416565834807,2026-02-09 16:00:00+00:00,-15.44326335665319,-2.392624742474779,8.374571127248853
2026-02-09 11:00:00+00:00,9.75737470610305,-11.20204661592794,2026-02-09 17:00:00+00:00,-12.075768853076877,-0.9641426171816221,10.962226119296892
2026-02-09 12:00:00+00:00,2.1554333669548953,-10.457725188617317,2026-02-09 18:00:00+00:00,-9.919223636236454,-0.48540360498916035,10.197522192420404
2026-02-09 13:00:00+00:00,10.328594653010725,8.773839108293657,2026-02-09 19:00:00+00:00,-10.34096350387156,-1.5803590313440044,10.348827721209728
2026-02-09 14:00:00+00:00,-19.235235886752022,10.552783511759145,2026-02-09 20:00:00+00:00,-23.2708420833973,-9.488266830357906,18.291171013061657
2026-02-09 15:00:00+00:00,-4.340681883965303,10.945647960030058,2026-02-09 21:00:00+00:00,-11.941347967700203,-4.044892603231679,5.9577076349603235
2026-02-09 16:00:00+00:00,0.0258416565834807,-10.460345003089344,2026-02-09 22:00:00+00:00,-12.32672030061041,-1.6060078182649835,7.025667411376431
2026-02-09 17:00:00+00:00,-11.20204661592794,4.626538786869361,2026-02-09 23:00:00+00:00,-13.963858392667996,0.9049807769062106,14.460135823502505
2026-02-09 18:00:00+00:00,-10.457725188617317,5.081044368804299,2026-02-10 00:00:00+00:00,-14.800830943162207,-4.102549197071656,11.184959231020574
2026-02-09 19:00:00+00:00,8.773839108293657,-0.5033898040363027,2026-02-10 01:00:00+00:00,-10.690027832767633,0.12607732180947195,10.412569357930845
2026-02-09 20:00:00+00:00,10.552783511759145,8.066591922153421,2026-02-10 02:00:00+00:00,-10.083287694441953,0.660965775525991,10.22430025802305
2026-02-09 21:00:00+00:00,10.945647960030058,9.379064052712494,2026-02-10 03:00:00+00:00,-11.082817513531566,-1.3511326281668818,10.202688313192233
2026-02-09 22:00:00+00:00,-10.460345003089344,-19.277565214697034,2026-02-10 04:00:00+00:00,-13.117575606473956,-1.6809008575936524,11.386219520962328
2026-02-09 23:00:00+00:00,4.626538786869361,-2.239376306780727,2026-02-10 05:00:00+00:00,-9.111897685167916,-0.8601261779212273,8.467642149823138
2026-02-10 00:00:00+00:00,5.081044368804299,-18.97389731173149,2026-02-10 06:00:00+00:00,-9.189480472160637,-1.58696108642748,9.20485243964062
2026-02-10 01:00:00+00:00,-0.5033898040363027,0.1863531244872263,2026-02-10 07:00:00+00:00,-8.932632534812019,0.06185636849749565,7.780225720915624
2026-02-10 02:00:00+00:00,8.066591922153421,-20.178911475392525,2026-02-10 08:00:00+00:00,-10.43568173362938,0.1962871029952673,9.800129641876197
2026-02-10 03:00:00+00:00,9.379064052712494,-4.888224486974124,2026-02-10 09:00:00+00:00,-8.0717260799853,0.2948021731590682,11.351112841549467
2026-02-10 04:00:00+00:00,-19.277565214697034,3.7885641958190774,2026-02-10 10:00:00+00:00,-22.835488248175498,-9.607076002478259,13.06553752999033
2026-02-10 05:00:00+00:00,-2.239376306780727,-3.027189333728586,2026-02-10 11:00:00+00:00,-10.326507499360572,-4.453297862553269,6.758043144384555
2026-02-10 06:00:00+00:00,-18.97389731173149,17.363787016551058,2026-02-10 12:00:00+00:00,-22.369591972683413,-6.578019872326379,21.035538413504064
2026-02-10 07:00:00+00:00,0.1863531244872263,-18.920855111241863,2026-02-10 13:00:00+00:00,-14.890854156619056,-3.912795989734396,6.016868361016852
2026-02-10 08:00:00+00:00,-20.178911475392525,-11.549355459425925,2026-02-10 14:00:00+00:00,-23.226644141166474,-7.8667947871213855,19.8196008381818
2026-02-10 09:00:00+00:00,-4.888224486974124,-23.957103675753544,2026-02-10 15:00:00+00:00,-11.210493479917496,-4.246826600699509,6.41608035916477
2026-02-10 10:00:00+00:00,3.7885641958190774,-1.2516357041914006,2026-02-10 16:00:00+00:00,-10.927715973270862,-1.924597576696942,10.376105968407472
2026-02-10 11:00:00+00:00,-3.027189333728586,-6.82381711105684,2026-02-10 17:00:00+00:00,-12.46598016339279,-3.566345094284001,6.694384246666489
2026-02-10 12:00:00+00:00,17.363787016551058,8.948716276080404,2026-02-10 18:00:00+00:00,-6.195046437221812,2.0388471208405345,14.604011112264294
2026-02-10 13:00:00+00:00,-18.920855111241863,-13.894364123663294,2026-02-10 19:00:00+00:00,-21.78356852618919,-7.6865649997890575,20.432199322799853
2026-02-10 14:00:00+00:00,-11.549355459425925,-20.029670533201482,2026-02-10 20:00:00+00:00,-18.140398934383832,-9.428782049804859,6.352741958435377
2026-02-10 15:00:00+00:00,-23.957103675753544,-22.15101634329919,2026-02-10 21:00:00+00:00,-26.406469517574735,-14.964178203981735,8.742928559196649
2026-02-10 16:00:00+00:00,-1.2516357041914006,-11.02030764196904,2026-02-10 22:00:00+00:00,-9.390319353961646,-2.6049426796741333,7.763461564127386
2026-02-10 17:00:00+00:00,-6.82381711105684,-9.101106397393366,2026-02-10 23:00:00+00:00,-11.977880399634063,-1.6895622747023307,9.892622160548253
2026-02-10 18:00:00+00:00,8.948716276080404,-6.952318607629238,2026-02-11 00:00:00+00:00,-10.659138152433936,1.1160618686370771,10.833502974659444
2026-02-10 19:00:00+00:00,-13.894364123663294,8.165080928383972,2026-02-11 01:00:00+00:00,-17.921989792152374,-5.4331636477273175,6.869843570170488
2026-02-10 20:00:00+00:00,-20.029670533201482,4.484436856371232,2026-02-11 02:00:00+00:00,-24.111608429358686,-10.217671968911954,13.888229191674597
2026-02-10 21:00:00+00:00,-22.15101634329919,10.67810980575068,2026-02-11 03:00:00+00:00,-27.403123776257736,-16.056827299831692,9.81950907279169
2026-02-10 22:00:00+00:00,-11.02030764196904,8.625438590073031,2026-02-11 04:00:00+00:00,-14.104824318906516,-6.7572237245991875,8.340757674027628
2026-02-10 23:00:00+00:00,-9.101106397393366,-12.26355714669225,2026-02-11 05:00:00+00:00,-12.945533783715302,-4.259303035952741,8.559228192222111
2026-02-11 00:00:00+00:00,-6.952318607629238,3.995852935547717,2026-02-11 06:00:00+00:00,-10.518186037104202,-2.3221605567559855,13.374120463528321
2026-02-11 01:00:00+00:00,8.165080928383972,4.497612361360481,2026-02-11 07:00:00+00:00,-10.944411591743922,-0.6980197811817384,9.82967668333163
2026-02-11 02:00:00+00:00,4.484436856371232,-1.3061512294676447,2026-02-11 08:00:00+00:00,-10.73568163319805,1.0216231385613876,10.515321884349895
2026-02-11 03:00:00+00:00,10.67810980575068,16.218771704430424,2026-02-11 09:00:00+00:00,-9.879814208923541,-0.6654820728968414,9.924180119605548
2026-02-11 04:00:00+00:00,8.625438590073031,4.8136228306994155,2026-02-11 10:00:00+00:00,-10.586663549744163,-1.1394251956065204,9.878836147263641
2026-02-11 05:00:00+00:00,-12.26355714669225,-7.63606366209757,2026-02-11 11:00:00+00:00,-17.030528508914152,-3.5335762032307336,9.450054540886217
2026-02-11 06:00:00+00:00,3.995852935547717,-21.40723155867441,2026-02-11 12:00:00+00:00,-10.946987214449672,-1.8193138306544254,8.608816399460546
2026-02-11 07:00:00+00:00,4.497612361360481,-16.856087256806873,2026-02-11 13:00:00+00:00,-10.656211472943081,-0.7825045328306572,8.935519137001817
2026-02-11 08:00:00+00:00,-1.3061512294676447,-11.64713723577293,2026-02-11 14:00:00+00:00,-9.234015584374502,-1.9247270068016613,8.634157454666266
2026-02-11 09:00:00+00:00,16.218771704430424,-16.633548612912108,2026-02-11 15:00:00+00:00,-6.679283096666165,1.7564610011543813,13.971135055057566
2026-02-11 10:00:00+00:00,4.8136228306994155,-6.8888479772333255,2026-02-11 16:00:00+00:00,-8.222631821815567,-0.3560916665364635,10.052826583454806
2026-02-11 11:00:00+00:00,-7.63606366209757,-7.7503755189667345,2026-02-11 17:00:00+00:00,-14.41974194562846,-3.9664851306624938,8.516799450406438
2026-02-11 12:00:00+00:00,-21.40723155867441,-14.948087718886782,2026-02-11 18:00:00+00:00,-24.05531014800495,-8.727693415293448,17.44545696121252
2026-02-11 13:00:00+00:00,-16.856087256806873,4.270159642798532,2026-02-11 19:00:00+00:00,-22.998882642922606,-9.390070298931274,17.35057241083463
2026-02-11 14:00:00+00:00,-11.64713723577293,-6.867170567508296,2026-02-11 20:00:00+00:00,-16.47472919995299,-7.897327730459976,10.70504868737412
2026-02-11 15:00:00+00:00,-16.633548612912108,13.41295347660143,2026-02-11 21:00:00+00:00,-21.18664659686496,-4.630080922724794,15.988879199846266
2026-02-11 16:00:00+00:00,-6.8888479772333255,16.017470709099868,2026-02-11 22:00:00+00:00,-11.760534170573095,-5.236419051829983,9.18995155564047
2026-02-11 17:00:00+00:00,-7.7503755189667345,8.821953174438235,2026-02-11 23:00:00+00:00,-14.297299828645492,-3.9730928480984793,8.327682422698082
2026-02-11 18:00:00+00:00,-14.948087718886782,-11.098192870200307,2026-02-12 00:00:00+00:00,-19.4443184586881,-6.729906692180553,7.606910469473441
2026-02-11 19:00:00+00:00,4.270159642798532,-13.504270589423939,2026-02-12 01:00:00+00:00,-12.209851892360387,-2.056691494250793,8.265855078066648
2026-02-11 20:00:00+00:00,-6.867170567508296,-5.394959295008661,2026-02-12 02:00:00+00:00,-13.38595973427028,-2.7162418253093534,9.65223136774345
2026-02-11 21:00:00+00:00,13.41295347660143,-4.904917527150943,2026-02-12 03:00:00+00:00,-9.745152098569957,0.4422656970343173,10.814431578119976
2026-02-11 22:00:00+00:00,16.017470709099868,-2.667110998624267,2026-02-12 04:00:00+00:00,-7.729343193678819,0.7762467380835307,14.28797504038745
2026-02-11 23:00:00+00:00,8.821953174438235,-0.404248427381404,2026-02-12 05:00:00+00:00,-9.223783267541982,1.8360827772785315,10.915475906671531
2026-02-12 00:00:00+00:00,-11.098192870200307,-17.49968150086545,2026-02-12 06:00:00+00:00,-13.168532934385755,-2.9905850745138594,8.409415741410562
2026-02-12 01:00:00+00:00,-13.504270589423939,12.035472952822701,2026-02-12 07:00:00+00:00,-13.716372313172537,-5.454007848267377,11.88311404550014
2026-02-12 02:00:00+00:00,-5.394959295008661,-7.065255046478924,2026-02-12 08:00:00+00:00,-10.981148151016281,-3.7512735753246704,8.074281508963951
2026-02-12 03:00:00+00:00,-4.904917527150943,-5.679591307883314,2026-02-12 09:00:00+00:00,-10.262870385468542,-0.6439669050263488,6.422085108872274
2026-02-12 04:00:00+00:00,-2.667110998624267,8.694568104479217,2026-02-12 10:00:00+00:00,-11.161127464511306,-0.698679421208106,6.160096329352685
2026-02-12 05:00:00+00:00,-0.404248427381404,-10.579847420961741,2026-02-12 11:00:00+00:00,-10.808467052488549,-1.5990238936292407,7.788129410104952
2026-02-12 06:00:00+00:00,-17.49968150086545,5.857058010727556,2026-02-12 12:00:00+00:00,-21.37851099618424,-7.926698631589835,17.380471488893278
2026-02-12 07:00:00+00:00,12.035472952822701,15.987384708617824,2026-02-12 13:00:00+00:00,-6.497289171778942,-0.20221227154081767,8.853853830312524
2026-02-12 08:00:00+00:00,-7.065255046478924,2.5160734267171136,2026-02-12 14:00:00+00:00,-11.413961417232226,-2.0310114843535647,10.81168707978582
2026-02-12 09:00:00+00:00,-5.679591307883314,-1.5326632205514557,2026-02-12 15:00:00+00:00,-11.817014748796582,-1.7783082240658934,9.989247351067243
2026-02-12 10:00:00+00:00,8.694568104479217,-7.8031318962157314,2026-02-12 16:00:00+00:00,-10.846987103194088,-0.22298193984853043,10.15373929867054
2026-02-12 11:00:00+00:00,-10.579847420961741,-7.682004579097068,2026-02-12 17:00:00+00:00,-11.371824787961861,-0.8616433427564605,12.792342340386124
2026-02-12 12:00:00+00:00,5.857058010727556,11.433320823552862,2026-02-12 18:00:00+00:00,-10.996904048115017,-1.8857579454290265,10.441264498351817
2026-02-12 13:00:00+00:00,15.987384708617824,4.7372837078629715,2026-02-12 19:00:00+00:00,-6.7871603243277825,1.7498218491385398,14.39805425778713
2026-02-12 14:00:00+00:00,2.5160734267171136,6.363406763734147,2026-02-12 20:00:00+00:00,-8.776105212811215,1.3348805601048748,9.741084727237796
2026-02-12 15:00:00+00:00,-1.5326632205514557,-9.258533164011595,2026-02-12 21:00:00+00:00,-12.86004795774695,-1.848316488950768,8.749798681807315
2026-02-12 16:00:00+00:00,-7.8031318962157314,10.106040769573,2026-02-12 22:00:00+00:00,-12.032988464783099,-1.2786712034253815,8.864963178513822
2026-02-12 17:00:00+00:00,-7.682004579097068,1.6296558315254117,2026-02-12 23:00:00+00:00,-15.728537525866237,-6.219183665142708,4.28131642113309
2026-02-12 18:00:00+00:00,11.433320823552862,5.897849709421976,2026-02-13 00:00:00+00:00,-9.712802359286236,-1.9524348444627826,8.7849031794568
2026-02-12 19:00:00+00:00,4.7372837078629715,-2.172117256984407,2026-02-13 01:00:00+00:00,-9.945782261975463,0.18238435416493548,10.318752860182283
2026-02-12 20:00:00+00:00,6.363406763734147,-4.698652316106333,2026-02-13 02:00:00+00:00,-10.079300058891686,-2.801245744336512,11.097859657433219
2026-02-12 21:00:00+00:00,-9.258533164011595,2.002258870890117,2026-02-13 03:00:00+00:00,-11.716715332162622,-0.8247772809785054,7.7147403526870555
2026-02-12 22:00:00+00:00,10.106040769573,9.53917734412002,2026-02-13 04:00:00+00:00,-10.308792261657995,-1.127128475387316,9.59087158926749
2026-02-12 23:00:00+00:00,1.6296558315254117,-8.48203895349009,2026-02-13 05:00:00+00:00,-8.95661062245602,1.8720165780175353,10.051765250225722
2026-02-13 00:00:00+00:00,5.897849709421976,7.011540301400387,2026-02-13 06:00:00+00:00,-7.427451386618369,-0.7175410808482923,10.915447242886126
2026-02-13 01:00:00+00:00,-2.172117256984407,13.84718512650096,2026-02-13 07:00:00+00:00,-10.111411200921015,0.20599516506203308,9.365945042920412
2026-02-13 02:00:00+00:00,-4.698652316106333,9.220072731634943,2026-02-13 08:00:00+00:00,-8.489266478890086,0.6243358189578982,9.181958184849066
2026-02-13 03:00:00+00:00,2.002258870890117,23.592096533215923,2026-02-13 09:00:00+00:00,-9.525311620494595,1.558935096591894,8.83340215553331
2026-02-13 04:00:00+00:00,9.53917734412002,5.246819795834412,2026-02-13 10:00:00+00:00,-6.88001970494485,2.7266124570344576,11.347336751573192
2026-02-13 05:00:00+00:00,-8.48203895349009,-4.893229620535067,2026-02-13 11:00:00+00:00,-10.565667054115341,-0.9607744864622196,9.269405920559343
2026-02-13 06:00:00+00:00,7.011540301400387,-3.707546022804209,2026-02-13 12:00:00+00:00,-8.536330068230862,-0.11691809066351055,8.963594439809109
2026-02-13 07:00:00+00:00,13.84718512650096,-10.46083488471794,2026-02-13 13:00:00+00:00,-8.73704773000664,0.3468079343036461,12.109336247428473
2026-02-13 08:00:00+00:00,9.220072731634943,-9.945905320609683,2026-02-13 14:00:00+00:00,-7.539051558638441,1.0274440276505956,11.014125241323283
2026-02-13 09:00:00+00:00,23.592096533215923,-2.3073479333834968,2026-02-13 15:00:00+00:00,0.5521118385343406,9.41569290718223,20.58799466722759
2026-02-13 10:00:00+00:00,5.246819795834412,14.148474499844355,2026-02-13 16:00:00+00:00,-7.020451950630033,1.613799827752846,11.372909020620952
2026-02-13 11:00:00+00:00,-4.893229620535067,-5.297352156725665,2026-02-13 17:00:00+00:00,-10.390376940576179,-0.40525929843359254,8.446381638755764
2026-02-13 12:00:00+00:00,-3.707546022804209,-12.787061058867621,2026-02-13 18:00:00+00:00,-9.922473088747203,0.44241385700630165,9.946617799979308
2026-02-13 13:00:00+00:00,-10.46083488471794,-3.1522420259832984,2026-02-13 19:00:00+00:00,-12.163711060397295,1.813282906445055,14.275086748865963
2026-02-13 14:00:00+00:00,-9.945905320609683,3.9769599626193752,2026-02-13 20:00:00+00:00,-12.698492042994191,-2.5982553840572287,13.238941106071906
2026-02-13 15:00:00+00:00,-2.3073479333834968,23.79900034944704,2026-02-13 21:00:00+00:00,-9.548935466397197,0.9908301115186342,10.797947438914312
2026-02-13 16:00:00+00:00,14.148474499844355,5.4786153746189115,2026-02-13 22:00:00+00:00,-9.844636507659814,-0.1556723361868304,11.888443730255602
2026-02-13 17:00:00+00:00,-5.297352156725665,7.757006535555888,2026-02-13 23:00:00+00:00,-12.323068781013365,-0.9281022189845238,12.28044432237709
2026-02-13 18:00:00+00:00,-12.787061058867621,0.6586808911723807,2026-02-14 00:00:00+00:00,-16.022879059467506,-2.6535177359532387,9.325911650075458
2026-02-13 19:00:00+00:00,-3.1522420259832984,15.44048207611226,2026-02-14 01:00:00+00:00,-14.21894014997186,-3.5877458987539463,8.914315855487455
2026-02-13 20:00:00+00:00,3.9769599626193752,-3.7398949845179885,2026-02-14 02:00:00+00:00,-9.361303445329803,-0.2585764365708254,10.185259058903426
2026-02-13 21:00:00+00:00,23.79900034944704,0.24962596778088653,2026-02-14 03:00:00+00:00,0.1947732220874201,8.650866015983542,21.086796105781783
2026-02-13 22:00:00+00:00,5.4786153746189115,-11.820123634933566,2026-02-14 04:00:00+00:00,-6.372649908292802,2.456023290367156,11.347628101206846
2026-02-13 23:00:00+00:00,7.757006535555888,-16.85354982763343,2026-02-14 05:00:00+00:00,-7.404567169394722,1.490488506275371,9.545715189206847
2026-02-14 00:00:00+00:00,0.6586808911723807,9.016654058617846,2026-02-14 06:00:00+00:00,-11.09798065129919,1.1683777242710318,10.027579477022416
2026-02-14 01:00:00+00:00,15.44048207611226,-0.5109812224279864,2026-02-14 07:00:00+00:00,-7.638788254531548,1.7664856946811671,12.998594212486555
2026-02-14 02:00:00+00:00,-3.7398949845179885,-9.14157337081889,2026-02-14 08:00:00+00:00,-8.119376433572352,0.5670926351249772,10.316953506688117
2026-02-14 03:00:00+00:00,0.24962596778088653,3.96619917311547,2026-02-14 09:00:00+00:00,-9.613937572142994,3.9894771593738403,11.721937254106239
2026-02-14 04:00:00+00:00,-11.820123634933566,-2.37156427027152,2026-02-14 10:00:00+00:00,-14.735599197438276,-1.722708086681589,15.880196552158878
2026-02-14 05:00:00+00:00,-16.85354982763343,-17.396332408843307,2026-02-14 11:00:00+00:00,-19.549938091450578,-4.352330654787185,16.53835724930866
2026-02-14 06:00:00+00:00,9.016654058617846,-9.24209745593707,2026-02-14 12:00:00+00:00,-7.83763220660245,1.013691163133501,9.606840723115571
2026-02-14 07:00:00+00:00,-0.5109812224279864,-2.652614684688359,2026-02-14 13:00:00+00:00,-8.369491051024028,2.0623801667326096,11.912024058020211
2026-02-14 08:00:00+00:00,-9.14157337081889,-11.888608548247248,2026-02-14 14:00:00+00:00,-10.672729651359699,-0.4973470775782225,11.858923591871086
2026-02-14 09:00:00+00:00,3.96619917311547,8.520671318716921,2026-02-14 15:00:00+00:00,-9.070278764812171,1.489772599181625,11.675892773276177
2026-02-14 10:00:00+00:00,-2.37156427027152,-0.08255275845137078,2026-02-14 16:00:00+00:00,-10.8239147869471,-0.09801574954459946,7.951456334337877
2026-02-14 11:00:00+00:00,-17.396332408843307,-0.14329447619587654,2026-02-14 17:00:00+00:00,-17.902655579275365,-7.946391481732082,14.672448139659338
2026-02-14 12:00:00+00:00,-9.24209745593707,0.9516355128091902,2026-02-14 18:00:00+00:00,-14.747420383263732,-5.241217145154977,13.206257105895535
2026-02-14 13:00:00+00:00,-2.652614684688359,9.866594488112668,2026-02-14 19:00:00+00:00,-12.770173070751952,-1.4358050655199617,6.642908655838875
2026-02-14 14:00:00+00:00,-11.888608548247248,-6.965362675561693,2026-02-14 20:00:00+00:00,-15.502160339272036,-2.543968049096753,9.854754123059411
2026-02-14 15:00:00+00:00,8.520671318716921,-8.486561009339866,2026-02-14 21:00:00+00:00,-10.379386861959034,-1.1723310532529574,10.504160868417326
2026-02-14 16:00:00+00:00,-0.08255275845137078,-5.675297730798334,2026-02-14 22:00:00+00:00,-11.833308851702963,-0.03514787368047397,9.354807395810209
2026-02-14 17:00:00+00:00,-0.14329447619587654,5.255380090831707,2026-02-14 23:00:00+00:00,-12.203825389022589,-0.5496858896280091,8.259266766313777
2026-02-14 18:00:00+00:00,0.9516355128091902,8.128372250215676,2026-02-15 00:00:00+00:00,-10.904339287428176,-1.9623680556297445,8.026254019335731
2026-02-14 19:00:00+00:00,9.866594488112668,-0.7080409644455443,2026-02-15 01:00:00+00:00,-10.363462738347653,0.0871785688118134,10.932409905587082
2026-02-14 20:00:00+00:00,-6.965362675561693,8.831944987193197,2026-02-15 02:00:00+00:00,-12.683566898741002,-2.3480489671473137,9.025835257849065
2026-02-14 21:00:00+00:00,-8.486561009339866,-7.7949250597431075,2026-02-15 03:00:00+00:00,-10.237766375890118,-2.7449713224710885,9.501408800460045
2026-02-14 22:00:00+00:00,-5.675297730798334,-3.918484365126318,2026-02-15 04:00:00+00:00,-10.016055154619538,-1.218526658826021,7.912112786054214
2026-02-14 23:00:00+00:00,5.255380090831707,-1.1235172278745154,2026-02-15 05:00:00+00:00,-7.67577604758481,0.43940411483067177,9.306399291988575
2026-02-15 00:00:00+00:00,8.128372250215676,-11.149899115601158,2026-02-15 06:00:00+00:00,-9.726527141898984,-0.1054586134522868,9.33591406461438
2026-02-15 01:00:00+00:00,-0.7080409644455443,8.15385262995072,2026-02-15 07:00:00+00:00,-6.361395118748815,1.2657042488540353,8.880698928795761
2026-02-15 02:00:00+00:00,8.831944987193197,-14.644563761878615,2026-02-15 08:00:00+00:00,-8.562422123085817,0.7908424935430869,10.297462497829239
2026-02-15 03:00:00+00:00,-7.7949250597431075,-14.942064158516288,2026-02-15 09:00:00+00:00,-11.784328122653678,-2.8390115339863566,7.0128394207895575
2026-02-15 04:00:00+00:00,-3.918484365126318,0.582398892587932,2026-02-15 10:00:00+00:00,-9.74510303567611,-2.341711577345528,5.671106766553219
2026-02-15 05:00:00+00:00,-1.1235172278745154,7.720987076735852,2026-02-15 11:00:00+00:00,-9.095150455817464,-1.0637236995944583,7.794636605215263
2026-02-15 06:00:00+00:00,-11.149899115601158,10.811236674816982,2026-02-15 12:00:00+00:00,-10.862448117490512,-1.057654805121361,7.996495762675302
2026-02-15 07:00:00+00:00,8.15385262995072,4.419739097860642,2026-02-15 13:00:00+00:00,-10.987905784814863,0.6501852438747466,9.238658943564547
2026-02-15 08:00:00+00:00,-14.644563761878615,9.615326537009139,2026-02-15 14:00:00+00:00,-14.826608244646431,-2.41264203458098,11.070234816607023
2026-02-15 09:00:00+00:00,-14.942064158516288,-1.1063594106808239,2026-02-15 15:00:00+00:00,-19.609940991405377,-8.892668722810125,5.442948910169573
2026-02-15 10:00:00+00:00,0.582398892587932,9.190154471889755,2026-02-15 16:00:00+00:00,-9.778081918952083,-0.008258039270097384,7.813871184399253
2026-02-15 11:00:00+00:00,7.720987076735852,-12.786988733015647,2026-02-15 17:00:00+00:00,-10.67141910118724,-0.2512208493468986,9.020348666995682
2026-02-15 12:00:00+00:00,10.811236674816982,6.404004022204646,2026-02-15 18:00:00+00:00,-5.946690359325405,2.414620958649593,9.467426576527782
2026-02-15 13:00:00+00:00,4.419739097860642,-9.497702096465943,2026-02-15 19:00:00+00:00,-9.789986099776991,0.93003498428076,8.852620167360032
2026-02-15 14:00:00+00:00,9.615326537009139,1.053027447071031,2026-02-15 20:00:00+00:00,-9.234615337927021,-0.4284495015821381,10.68090220427009
2026-02-15 15:00:00+00:00,-1.1063594106808239,-12.858373868320783,2026-02-15 21:00:00+00:00,-11.766945704424286,-1.624020618231093,7.58838282391614
2026-02-15 16:00:00+00:00,9.190154471889755,-22.779329977398177,2026-02-15 22:00:00+00:00,-9.180348261527222,-0.7141477708360568,10.16092202963542
2026-02-15 17:00:00+00:00,-12.786988733015647,-7.547798131106731,2026-02-15 23:00:00+00:00,-13.35248506791106,-0.7285420899925548,12.718199350383099
2026-02-15 18:00:00+00:00,6.404004022204646,-10.755130532436041,2026-02-16 00:00:00+00:00,-10.652873340318394,-2.7962671081141615,8.842193185808252
2026-02-15 19:00:00+00:00,-9.497702096465943,-21.812996358177017,2026-02-16 01:00:00+00:00,-13.049244691659853,-1.8274295360120227,8.894843043801956
2026-02-15 20:00:00+00:00,1.053027447071031,-19.337641794319183,2026-02-16 02:00:00+00:00,-10.76234453029665,-1.3388419657339647,7.232519380190055
2026-02-15 21:00:00+00:00,-12.858373868320783,4.866569518400254,2026-02-16 03:00:00+00:00,-14.635434285330179,-2.2717222841908757,10.348030313484578
2026-02-15 22:00:00+00:00,-22.779329977398177,-14.740444524390384,2026-02-16 04:00:00+00:00,-25.20109297194766,-9.98202364440266,16.24518285152068
2026-02-15 23:00:00+00:00,-7.547798131106731,-15.135913653816502,2026-02-16 05:00:00+00:00,-13.142721053978484,-6.21958603353486,6.969205553688157
2026-02-16 00:00:00+00:00,-10.755130532436041,-4.416295369988887,2026-02-16 06:00:00+00:00,-13.542083068097131,-2.474503266358383,8.672339798407275
2026-02-16 01:00:00+00:00,-21.812996358177017,15.68751188023576,2026-02-16 07:00:00+00:00,-24.201374837270606,-11.439384046475904,12.88136515900355
2026-02-16 02:00:00+00:00,-19.337641794319183,-12.971738882843198,2026-02-16 08:00:00+00:00,-24.872147553754846,-9.933708177116173,20.504296330641708
2026-02-16 03:00:00+00:00,4.866569518400254,5.091165915747098,2026-02-16 09:00:00+00:00,-9.603416672862252,-0.7720910206511622,7.908597236208841
2026-02-16 04:00:00+00:00,-14.740444524390384,-5.058909332076311,2026-02-16 10:00:00+00:00,-19.284659142076507,-6.216842050452012,9.28284420428021
2026-02-16 05:00:00+00:00,-15.135913653816502,-3.5097950117979337,2026-02-16 11:00:00+00:00,-17.303074632830363,-8.651285120163124,7.691311051502424
2026-02-16 06:00:00+00:00,-4.416295369988887,-15.55920433641056,2026-02-16 12:00:00+00:00,-12.059357539259166,-4.554939881975876,4.481098070109024
2026-02-16 07:00:00+00:00,15.68751188023576,-10.915349995288537,2026-02-16 13:00:00+00:00,-7.5261970093502235,0.7941335007610029,12.649111228235443
2026-02-16 08:00:00+00:00,-12.971738882843198,1.0516937195337306,2026-02-16 14:00:00+00:00,-17.529119381742344,-4.660476029542867,9.781506081559417
2026-02-16 09:00:00+00:00,5.091165915747098,-19.99362258080062,2026-02-16 15:00:00+00:00,-9.621244868673179,-0.8838116203901061,9.49355142764427
2026-02-16 10:00:00+00:00,-5.058909332076311,7.2680347017861635,2026-02-16 16:00:00+00:00,-10.586965353255353,-0.8276759475951705,6.778564652826907
2026-02-16 11:00:00+00:00,-3.5097950117979337,-2.3505197681483736,2026-02-16 17:00:00+00:00,-11.245925407858575,-1.7727806137064328,5.989959921349376
2026-02-16 12:00:00+00:00,-15.55920433641056,-15.799852071181064,2026-02-16 18:00:00+00:00,-16.644191042303234,-4.843870673383336,10.643775505066102
2026-02-16 13:00:00+00:00,-10.915349995288537,13.826451800982298,2026-02-16 19:00:00+00:00,-17.22806051941031,-3.8964304549688675,18.641144597251042
2026-02-16 14:00:00+00:00,1.0516937195337306,-11.174839349630261,2026-02-16 20:00:00+00:00,-15.045624824823548,-2.1806309109786346,7.927201068112419
2026-02-16 15:00:00+00:00,-19.99362258080062,-3.026115032538357,2026-02-16 21:00:00+00:00,-23.237457148359564,-7.407369464058,21.239862634254095
2026-02-16 16:00:00+00:00,7.2680347017861635,-3.3321774400718596,2026-02-16 22:00:00+00:00,-13.213836348375889,-3.138164223754405,8.652124182730711
2026-02-16 17:00:00+00:00,-2.3505197681483736,-9.690425449688789,2026-02-16 23:00:00+00:00,-10.437706557039,-3.843736214796079,8.500863043103852
2026-02-16 18:00:00+00:00,-15.799852071181064,12.430015326057031,2026-02-17 00:00:00+00:00,-19.083992236466315,-7.3319615755855985,5.19384627938971
2026-02-16 19:00:00+00:00,13.826451800982298,-2.245543565591035,2026-02-17 01:00:00+00:00,-10.507973908054652,-1.1940749375536281,11.070518974308884
2026-02-16 20:00:00+00:00,-11.174839349630261,-9.440341199198343,2026-02-17 02:00:00+00:00,-12.47997969855184,-1.7480566062136056,11.034686987805166
2026-02-16 21:00:00+00:00,-3.026115032538357,13.029595524258752,2026-02-17 03:00:00+00:00,-15.007530220004929,-4.525917792720428,6.703474392570444
2026-02-16 22:00:00+00:00,-3.3321774400718596,-1.2892936077957273,2026-02-17 04:00:00+00:00,-11.36607882423362,-2.0325091991053768,7.76157886496393
2026-02-16 23:00:00+00:00,-9.690425449688789,5.794703185744154,2026-02-17 05:00:00+00:00,-14.258176230821121,-2.219268143874265,10.98709412360671
2026-02-17 00:00:00+00:00,12.430015326057031,1.2377015143716363,2026-02-17 06:00:00+00:00,-8.313104771522795,0.017626725530131893,9.98328438825533
2026-02-17 01:00:00+00:00,-2.245543565591035,-8.758599781000243,2026-02-17 07:00:00+00:00,-8.316973444262846,-0.1870920853579383,9.164772680623257
2026-02-17 02:00:00+00:00,-9.440341199198343,-2.5914976618235386,2026-02-17 08:00:00+00:00,-12.297870514535061,-1.3865061688698006,6.96558253872
2026-02-17 03:00:00+00:00,13.029595524258752,-13.36750254692376,2026-02-17 09:00:00+00:00,-9.89687440667473,0.2900160208146989,10.387585965464382
2026-02-17 04:00:00+00:00,-1.2892936077957273,-2.9435961861690174,2026-02-17 10:00:00+00:00,-11.214205989258733,-0.8556048438039086,8.385079281833299
2026-02-17 05:00:00+00:00,5.794703185744154,-8.986728805568944,2026-02-17 11:00:00+00:00,-8.52128032074634,-1.1626588978239472,9.547998885143391
2026-02-17 06:00:00+00:00,1.2377015143716363,-2.0909236281596577,2026-02-17 12:00:00+00:00,-11.438910609400834,-1.0434701229177765,11.207699805883054
2026-02-17 07:00:00+00:00,-8.758599781000243,11.804788752334261,2026-02-17 13:00:00+00:00,-13.17348589591691,-1.4370936660925135,9.01666444049414
2026-02-17 08:00:00+00:00,-2.5914976618235386,-2.4313784971941033,2026-02-17 14:00:00+00:00,-10.628442211463112,-2.776234140220525,5.685861468684523
2026-02-17 09:00:00+00:00,-13.36750254692376,-20.4165899416342,2026-02-17 15:00:00+00:00,-16.386821126343506,-1.1758551634794312,13.384721601933798
2026-02-17 10:00:00+00:00,-2.9435961861690174,1.8310571835300493,2026-02-17 16:00:00+00:00,-10.429370388521995,-3.6516554854610073,5.500527230752613
2026-02-17 11:00:00+00:00,-8.986728805568944,8.333555383668312,2026-02-17 17:00:00+00:00,-12.6731792209406,-0.37786934367788483,10.02704506577032
2026-02-17 12:00:00+00:00,-2.0909236281596577,-7.989416522162784,2026-02-17 18:00:00+00:00,-10.785995990092214,-5.03035418482472,4.8121591894780495
2026-02-17 13:00:00+00:00,11.804788752334261,-5.407931260856813,2026-02-17 19:00:00+00:00,-9.90435275920785,-1.0168499835341827,8.889564835931171
2026-02-17 14:00:00+00:00,-2.4313784971941033,-6.230797801114463,2026-02-17 20:00:00+00:00,-11.181506944871442,-3.182179266204077,7.765407939562124
2026-02-17 15:00:00+00:00,-20.4165899416342,-4.7901964791385865,2026-02-17 21:00:00+00:00,-24.908536066045464,-12.730635047142073,11.074034177577062
2026-02-17 16:00:00+00:00,1.8310571835300493,-0.5448586294409807,2026-02-17 22:00:00+00:00,-9.957802958507521,-2.304109134023343,7.36763610457985
2026-02-17 17:00:00+00:00,8.333555383668312,-2.8852161289805167,2026-02-17 23:00:00+00:00,-10.681276083344862,-0.3102657400820963,9.791068049782837
2026-02-17 18:00:00+00:00,-7.989416522162784,0.16878202028003386,2026-02-18 00:00:00+00:00,-13.123040613365788,-3.076418770062272,6.648097126173381
2026-02-17 19:00:00+00:00,-5.407931260856813,-3.7534830681806852,2026-02-18 01:00:00+00:00,-11.107998731715622,-1.0626249135936137,10.216776161928491
2026-02-17 20:00:00+00:00,-6.230797801114463,-12.71221108839704,2026-02-18 02:00:00+00:00,-13.886006221672364,-2.6655026913442987,6.15419312824611
2026-02-17 21:00:00+00:00,-4.7901964791385865,-14.06673347051246,2026-02-18 03:00:00+00:00,-13.981073638947837,-2.5176490018366584,5.741556560815967
2026-02-17 22:00:00+00:00,-0.5448586294409807,14.0736394761376,2026-02-18 04:00:00+00:00,-10.23518972103346,-2.3249818467178196,8.044253302617568
2026-02-17 23:00:00+00:00,-2.8852161289805167,10.368691634221605,2026-02-18 05:00:00+00:00,-9.6577184136578,-1.2283523564206515,6.820440471109187
2026-02-18 00:00:00+00:00,0.16878202028003386,-3.913819221033066,2026-02-18 06:00:00+00:00,-11.604741209171335,-1.0320000918029353,7.426731193201491
2026-02-18 01:00:00+00:00,-3.7534830681806852,-9.132970304497334,2026-02-18 07:00:00+00:00,-10.330469825032386,-2.9851470553493047,3.9631129968793033
2026-02-18 02:00:00+00:00,-12.71221108839704,5.253624849368421,2026-02-18 08:00:00+00:00,-15.589660002853137,-3.91439240639515,6.0824974947478125
2026-02-18 03:00:00+00:00,-14.06673347051246,4.230947143000208,2026-02-18 09:00:00+00:00,-17.792047618307734,-6.370709546812828,7.90180567268165
2026-02-18 04:00:00+00:00,14.0736394761376,-1.9401676190611283,2026-02-18 10:00:00+00:00,-9.412556462416738,-0.394220487794092,11.419631358358881
2026-02-18 05:00:00+00:00,10.368691634221605,-3.9727974496361895,2026-02-18 11:00:00+00:00,-7.704793616422414,1.7745885098099983,10.510616610437513
2026-02-18 06:00:00+00:00,-3.913819221033066,-20.670386968699717,2026-02-18 12:00:00+00:00,-11.849321422143612,-1.022879265710178,7.424065744051582
2026-02-18 07:00:00+00:00,-9.132970304497334,12.35951269085156,2026-02-18 13:00:00+00:00,-13.493538219965004,-1.3892726267496451,9.326458836416133
2026-02-18 08:00:00+00:00,5.253624849368421,-6.572697207873901,2026-02-18 14:00:00+00:00,-8.674045079615757,1.1435524534976533,8.981497860490208
2026-02-18 09:00:00+00:00,4.230947143000208,-7.086552317243644,2026-02-18 15:00:00+00:00,-9.52922609535238,1.273951206442757,10.833636202412865
2026-02-18 10:00:00+00:00,-1.9401676190611283,-2.9547939465057738,2026-02-18 16:00:00+00:00,-9.594881080923926,-0.52365260680779,8.359519146340865
2026-02-18 11:00:00+00:00,-3.9727974496361895,-13.741402469857888,2026-02-18 17:00:00+00:00,-9.595426341952395,-1.1194524198273896,6.688139949867761
2026-02-18 12:00:00+00:00,-20.670386968699717,3.72134163563409,2026-02-18 18:00:00+00:00,-23.962240715810058,-10.465184897483217,12.602636378413287
2026-02-18 13:00:00+00:00,12.35951269085156,-9.790714198860684,2026-02-18 19:00:00+00:00,-8.905248798519388,-0.19206495035870574,9.44428877444847
2026-02-18 14:00:00+00:00,-6.572697207873901,2.936884399309392,2026-02-18 20:00:00+00:00,-11.057879497430658,-1.58092833871736,10.621638374289194
2026-02-18 15:00:00+00:00,-7.086552317243644,-6.960891678655656,2026-02-18 21:00:00+00:00,-11.91456053083126,-3.635186906361595,7.329864575902883
2026-02-18 16:00:00+00:00,-2.9547939465057738,-23.85004397697621,2026-02-18 22:00:00+00:00,-11.69865440218005,-3.7625563612844415,7.665781200466451
2026-02-18 17:00:00+00:00,-13.741402469857888,-18.607476063605688,2026-02-18 23:00:00+00:00,-16.753037099296193,-4.324615254263824,6.1886711277703235
2026-02-18 18:00:00+00:00,3.72134163563409,4.8659657645000465,2026-02-19 00:00:00+00:00,-11.301164519665244,-2.0971700127101895,9.563476515016209
2026-02-18 19:00:00+00:00,-9.790714198860684,-2.0522131119626863,2026-02-19 01:00:00+00:00,-11.646747604980678,0.6998156710314412,9.79921973917116
2026-02-18 20:00:00+00:00,2.936884399309392,6.9279036266767235,2026-02-19 02:00:00+00:00,-12.190094001143695,-3.5934413077894485,7.184589922026082
2026-02-18 21:00:00+00:00,-6.960891678655656,-2.793409313737172,2026-02-19 03:00:00+00:00,-11.155697040987073,-3.0270778669964176,7.596826300689793
2026-02-18 22:00:00+00:00,-23.85004397697621,6.212052388683276,2026-02-19 04:00:00+00:00,-24.690307633725,-11.335628002227857,11.643633376433733
2026-02-18 23:00:00+00:00,-18.607476063605688,9.693309708085351,2026-02-19 05:00:00+00:00,-24.530032646921146,-14.772627349566886,13.351191260934222
2026-02-19 00:00:00+00:00,4.8659657645000465,-5.878467399025311,2026-02-19 06:00:00+00:00,-6.137837414287587,-0.9571678816477238,9.281117913852633
2026-02-19 01:00:00+00:00,-2.0522131119626863,14.716672422840915,2026-02-19 07:00:00+00:00,-9.454217435529177,-1.0984790017241044,8.342482493773554
2026-02-19 02:00:00+00:00,6.9279036266767235,0.9551462121581977,2026-02-19 08:00:00+00:00,-9.798032350521165,-0.42016086198206803,9.501429349025388
2026-02-19 03:00:00+00:00,-2.793409313737172,9.992678178525338,2026-02-19 09:00:00+00:00,-9.226158345583562,-1.0326538376787382,7.130382819992951
2026-02-19 04:00:00+00:00,6.212052388683276,-1.7148085843743388,2026-02-19 10:00:00+00:00,-9.795069366807816,-0.7394154316963615,9.946385672443999
2026-02-19 05:00:00+00:00,9.693309708085351,5.894883217418823,2026-02-19 11:00:00+00:00,-8.047094914927357,0.6619301738169323,10.872791282346338
2026-02-19 06:00:00+00:00,-5.878467399025311,-5.97026723628602,2026-02-19 12:00:00+00:00,-11.69119676479623,0.033728603108477806,12.221874608551886
2026-02-19 07:00:00+00:00,14.716672422840915,0.3318679247410472,2026-02-19 13:00:00+00:00,-7.824691253803849,1.0545463631464553,12.074662864046545
2026-02-19 08:00:00+00:00,0.9551462121581977,-8.829923218431901,2026-02-19 14:00:00+00:00,-11.245222065894302,-0.784227122827108,12.150145188460106
2026-02-19 09:00:00+00:00,9.992678178525338,13.099248645245254,2026-02-19 15:00:00+00:00,-8.25550567631322,0.3437756160175063,9.365968872164682
2026-02-19 10:00:00+00:00,-1.7148085843743388,-18.010905350980266,2026-02-19 16:00:00+00:00,-10.067585202411967,-2.158399963182058,8.263007713792147
2026-02-19 11:00:00+00:00,5.894883217418823,0.49848836216170866,2026-02-19 17:00:00+00:00,-9.647647841145623,-1.5351153312496066,10.280988181756287
2026-02-19 12:00:00+00:00,-5.97026723628602,4.516535995531257,2026-02-19 18:00:00+00:00,-12.997088430201046,-1.1920779282239726,8.74820652287894
2026-02-19 13:00:00+00:00,0.3318679247410472,14.519910668866487,2026-02-19 19:00:00+00:00,-10.56865185789533,-1.0143052272188673,7.719430052953141
2026-02-19 14:00:00+00:00,-8.829923218431901,16.026139899976144,2026-02-19 20:00:00+00:00,-12.6976138220421,-1.1606427338521659,8.072588516810331
2026-02-19 15:00:00+00:00,13.099248645245254,2.4416585934705637,2026-02-19 21:00:00+00:00,-8.430560873521696,0.48956250204429885,10.890092048166373
2026-02-19 16:00:00+00:00,-18.010905350980266,15.986813908126507,2026-02-19 22:00:00+00:00,-21.06282950941114,-8.653577687393947,19.40870716880064
2026-02-19 17:00:00+00:00,0.49848836216170866,-1.2319049450137953,2026-02-19 23:00:00+00:00,-11.473962529001303,-2.3766400845490794,7.523155267081563
2026-02-19 18:00:00+00:00,4.516535995531257,0.7556910126638172,2026-02-20 00:00:00+00:00,-8.784861670331354,0.0016808798254874802,8.277181424314566
2026-02-19 19:00:00+00:00,14.519910668866487,-3.0300286680073896,2026-02-20 01:00:00+00:00,-8.754380473444343,-0.2425012685777208,12.988248844339607
2026-02-19 20:00:00+00:00,16.026139899976144,6.1671848469657675,2026-02-20 02:00:00+00:00,-7.385990878147592,1.6163277763193484,14.787694701949398
2026-02-19 21:00:00+00:00,2.4416585934705637,-12.902241677688053,2026-02-20 03:00:00+00:00,-9.842127667892129,0.5189265010245625,13.23561080936654
2026-02-19 22:00:00+00:00,15.986813908126507,-6.990374809641153,2026-02-20 04:00:00+00:00,-5.495713880951069,2.919099564106828,13.378192742678099
2026-02-19 23:00:00+00:00,-1.2319049450137953,-0.37885140928395344,2026-02-20 05:00:00+00:00,-9.96629702388989,-0.9974330086206672,13.029871225281504
2026-02-20 00:00:00+00:00,0.7556910126638172,6.018185150544753,2026-02-20 06:00:00+00:00,-9.766827845349061,1.1669271513071138,9.943057865536579
2026-02-20 01:00:00+00:00,-3.0300286680073896,18.49228545653503,2026-02-20 07:00:00+00:00,-9.29512389462188,0.10206988283618346,8.104345073054006
2026-02-20 02:00:00+00:00,6.1671848469657675,9.495594884176839,2026-02-20 08:00:00+00:00,-7.842944327475541,-0.6425986077495454,10.742168711123316
2026-02-20 03:00:00+00:00,-12.902241677688053,9.787667892817709,2026-02-20 09:00:00+00:00,-15.159297096010432,-3.396580495112035,11.62128723803778
2026-02-20 04:00:00+00:00,-6.990374809641153,-13.616928281123819,2026-02-20 10:00:00+00:00,-12.540453179194113,-0.7927014355953759,16.30452503514423
2026-02-20 05:00:00+00:00,-0.37885140928395344,-6.155993665943882,2026-02-20 11:00:00+00:00,-11.669000216453634,0.5524474804359797,9.906574393412585
2026-02-20 06:00:00+00:00,6.018185150544753,9.01529345786578,2026-02-20 12:00:00+00:00,-8.785377674160832,0.4881849240146199,10.780472961057427
2026-02-20 07:00:00+00:00,18.49228545653503,-17.45490346893419,2026-02-20 13:00:00+00:00,-4.357384765372053,4.395219805259774,16.390443910785997
2026-02-20 08:00:00+00:00,9.495594884176839,1.7110588061175491,2026-02-20 14:00:00+00:00,-6.37705886133741,3.5730722026702395,12.338453566677725
2026-02-20 09:00:00+00:00,9.787667892817709,9.290343769112752,2026-02-20 15:00:00+00:00,-7.116923057843611,2.5245662916315217,12.199859944324027
2026-02-20 10:00:00+00:00,-13.616928281123819,0.7573613084321806,2026-02-20 16:00:00+00:00,-16.689074237068688,-4.357968307936689,9.923856640714515
2026-02-20 11:00:00+00:00,-6.155993665943882,1.7478428898609621,2026-02-20 17:00:00+00:00,-15.050642347338492,-4.112937174361427,10.691989311409639
2026-02-20 12:00:00+00:00,9.01529345786578,3.4700137290410993,2026-02-20 18:00:00+00:00,-8.692062855510631,-1.1365656243278899,10.423560554966873
2026-02-20 13:00:00+00:00,-17.45490346893419,-4.938278512360839,2026-02-20 19:00:00+00:00,-19.760145706067334,-4.649723251278003,22.947639793868035
2026-02-20 14:00:00+00:00,1.7110588061175491,7.220970309225194,2026-02-20 20:00:00+00:00,-11.766771133786483,-1.8952187747913278,8.506811723065367
2026-02-20 15:00:00+00:00,9.290343769112752,4.400641600241784,2026-02-20 21:00:00+00:00,-8.814574045930812,-0.043451651921493806,10.967981219826724
2026-02-20 16:00:00+00:00,0.7573613084321806,15.320359019144192,2026-02-20 22:00:00+00:00,-12.851835052140427,-1.6984540961493595,11.094955450957128
2026-02-20 17:00:00+00:00,1.7478428898609621,1.9389636707689561,2026-02-20 23:00:00+00:00,-10.67804010279292,0.008871192381530113,8.899498775684517
2026-02-20 18:00:00+00:00,3.4700137290410993,11.977287645574819,2026-02-21 00:00:00+00:00,-10.413635721523281,-1.2709265533793497,11.97194743728786
2026-02-20 19:00:00+00:00,-4.938278512360839,-2.918417587043365,2026-02-21 01:00:00+00:00,-13.000882034520336,-1.392668091983599,7.809319353513697
2026-02-20 20:00:00+00:00,7.220970309225194,5.323467296918238,2026-02-21 02:00:00+00:00,-9.77325241897459,-1.606788685769251,8.881374250644203
2026-02-20 21:00:00+00:00,4.400641600241784,-5.69726159276307,2026-02-21 03:00:00+00:00,-8.986078561075894,0.6782611964937724,11.702827556512066
2026-02-20 22:00:00+00:00,15.320359019144192,21.912977097215958,2026-02-21 04:00:00+00:00,-7.9281467816622,0.46798493495652416,13.41945051753796
2026-02-20 23:00:00+00:00,1.9389636707689561,17.74842110912722,2026-02-21 05:00:00+00:00,-8.792833494487319,1.155882277143617,10.937213775800194
2026-02-21 00:00:00+00:00,11.977287645574819,3.9192734517623506,2026-02-21 06:00:00+00:00,-7.1740270277758675,1.2389591293583013,9.634650904148181
2026-02-21 01:00:00+00:00,-2.918417587043365,-2.274953680014846,2026-02-21 07:00:00+00:00,-10.684837802470076,-0.8651512474413807,8.841012189834473
2026-02-21 02:00:00+00:00,5.323467296918238,9.701722421207037,2026-02-21 08:00:00+00:00,-6.329250143552203,1.0778578785365927,9.85573957298544
2026-02-21 03:00:00+00:00,-5.69726159276307,6.473665838662157,2026-02-21 09:00:00+00:00,-10.233544190387487,1.1991169530648653,12.307789285372841
2026-02-21 04:00:00+00:00,21.912977097215958,-1.1865001020350263,2026-02-21 10:00:00+00:00,-0.7615970980848878,7.5470342021330445,19.49012654424853
2026-02-21 05:00:00+00:00,17.74842110912722,-12.326968676861227,2026-02-21 11:00:00+00:00,-4.055559241057953,5.955818812323434,16.548254859330555
2026-02-21 06:00:00+00:00,3.9192734517623506,7.313211282893306,2026-02-21 12:00:00+00:00,-6.600924035292968,1.9691915941218305,12.16904499128369
2026-02-21 07:00:00+00:00,-2.274953680014846,-8.561865464447038,2026-02-21 13:00:00+00:00,-10.501543448592466,-0.9400636576131471,8.770387297110405
2026-02-21 08:00:00+00:00,9.701722421207037,-0.06987338249331287,2026-02-21 14:00:00+00:00,-6.559959893656881,2.0064019984765906,11.042425924127556
2026-02-21 09:00:00+00:00,6.473665838662157,-3.8880372501814975,2026-02-21 15:00:00+00:00,-8.128455011696913,-0.8611734215478615,10.858480877721059
2026-02-21 10:00:00+00:00,-1.1865001020350263,-21.355445476469725,2026-02-21 16:00:00+00:00,-8.46416831839473,3.552690713691609,13.481397067689889
2026-02-21 11:00:00+00:00,-12.326968676861227,6.804731873542025,2026-02-21 17:00:00+00:00,-14.322635898391228,0.49042971466223406,15.284504079808059
2026-02-21 12:00:00+00:00,7.313211282893306,-18.122716876343148,2026-02-21 18:00:00+00:00,-7.198122726450228,1.239853499615366,8.737693864120502
2026-02-21 13:00:00+00:00,-8.561865464447038,10.695671992984046,2026-02-21 19:00:00+00:00,-12.718762243637041,-1.9639183224419838,11.486588385903776
2026-02-21 14:00:00+00:00,-0.06987338249331287,6.477638689039722,2026-02-21 20:00:00+00:00,-11.09666318924545,1.0117915239382353,10.046180333752947
2026-02-21 15:00:00+00:00,-3.8880372501814975,-3.88305785026688,2026-02-21 21:00:00+00:00,-9.943125009399367,0.6495028084796797,7.715588288861008
2026-02-21 16:00:00+00:00,-21.355445476469725,5.1350520663628885,2026-02-21 22:00:00+00:00,-23.834975525907133,-8.07332267501816,17.59482820148483
2026-02-21 17:00:00+00:00,6.804731873542025,15.915901202125937,2026-02-21 23:00:00+00:00,-9.497690905657947,-2.4547538016938244,8.655129948242548
2026-02-21 18:00:00+00:00,-18.122716876343148,-0.4122371233705735,2026-02-22 00:00:00+00:00,-20.59516639368712,-4.76948654845876,22.81815302324879
2026-02-21 19:00:00+00:00,10.695671992984046,8.550079739357841,2026-02-22 01:00:00+00:00,-8.76646157613336,0.232174650309096,9.489770111144209
2026-02-21 20:00:00+00:00,6.477638689039722,-7.646995488705954,2026-02-22 02:00:00+00:00,-7.173112052747195,1.5694986216633353,10.90821192052051
2026-02-21 21:00:00+00:00,-3.88305785026688,4.880364944712667,2026-02-22 03:00:00+00:00,-12.400471989395802,-0.5095766844427598,9.665431944767453
2026-02-21 22:00:00+00:00,5.1350520663628885,-9.044724156508366,2026-02-22 04:00:00+00:00,-7.620488914856132,-0.2060648847799742,8.956709777833636
2026-02-21 23:00:00+00:00,15.915901202125937,11.70149349894345,2026-02-22 05:00:00+00:00,-6.558101658184054,1.492847922863156,13.413958409140125
2026-02-22 00:00:00+00:00,-0.4122371233705735,14.14767163073094,2026-02-22 06:00:00+00:00,-10.458966354683833,0.32068034160956116,10.740589041019906
2026-02-22 01:00:00+00:00,8.550079739357841,-14.270213372755691,2026-02-22 07:00:00+00:00,-6.571521041618022,0.629179040095833,9.467743709996256
2026-02-22 02:00:00+00:00,-7.646995488705954,-9.374112961744174,2026-02-22 08:00:00+00:00,-11.263964498400336,-0.30858400756481874,15.079134022940153
2026-02-22 03:00:00+00:00,4.880364944712667,10.940982443328195,2026-02-22 09:00:00+00:00,-7.918688174088258,-0.9175899939571632,8.830201555047747
2026-02-22 04:00:00+00:00,-9.044724156508366,17.088988742264277,2026-02-22 10:00:00+00:00,-12.000703019184296,0.5665575521970254,11.965611414440907
2026-02-22 05:00:00+00:00,11.70149349894345,6.65532496126886,2026-02-22 11:00:00+00:00,-5.341819246660137,1.5375902590833324,9.65604838938543
2026-02-22 06:00:00+00:00,14.14767163073094,4.597079176296148,2026-02-22 12:00:00+00:00,-7.686782878256427,1.3647121954181536,11.743508035262202
2026-02-22 07:00:00+00:00,-14.270213372755691,-0.13511313641245692,2026-02-22 13:00:00+00:00,-16.90694540575792,-1.1147665049145452,17.875994853738938
2026-02-22 08:00:00+00:00,-9.374112961744174,-11.7240245982142,2026-02-22 14:00:00+00:00,-16.435732597758683,-6.313680279718316,9.899179486323305
2026-02-22 09:00:00+00:00,10.940982443328195,4.969105626511094,2026-02-22 15:00:00+00:00,-8.231790390775586,-0.049490698831098356,10.107372367215556
2026-02-22 10:00:00+00:00,17.088988742264277,-12.90594478979834,2026-02-22 16:00:00+00:00,-5.2571721494240045,3.9295537640723666,14.915773506749979
2026-02-22 11:00:00+00:00,6.65532496126886,8.909378255577138,2026-02-22 17:00:00+00:00,-7.543004296379202,2.601491792065203,10.351156648742915
2026-02-22 12:00:00+00:00,4.597079176296148,-0.25030227042144304,2026-02-22 18:00:00+00:00,-7.439347285361286,2.3068379012772287,10.042629064259923
2026-02-22 13:00:00+00:00,-0.13511313641245692,-3.0611876760211487,2026-02-22 19:00:00+00:00,-13.047637860100261,1.4083216783254862,9.342622409476999
2026-02-22 14:00:00+00:00,-11.7240245982142,-8.132436758980788,2026-02-22 20:00:00+00:00,-16.15085628025665,-2.5603768351376814,10.207161731785082
2026-02-22 15:00:00+00:00,4.969105626511094,-10.960905527728215,2026-02-22 21:00:00+00:00,-9.712123212137866,-2.472973431386431,11.219411983267808
2026-02-22 16:00:00+00:00,-12.90594478979834,-22.067865359076677,2026-02-22 22:00:00+00:00,-13.254363564162801,0.24164337054552298,15.357306124532492
2026-02-22 17:00:00+00:00,8.909378255577138,-8.090608125712606,2026-02-22 23:00:00+00:00,-8.37288134920274,-0.593492383611915,10.76511613794267
2026-02-22 18:00:00+00:00,-0.25030227042144304,-5.5198047820681495,2026-02-23 00:00:00+00:00,-11.90945253905866,-0.5060537284154675,12.391433892333785
2026-02-22 19:00:00+00:00,-3.0611876760211487,16.12073563256544,2026-02-23 01:00:00+00:00,-11.955221514346256,-1.4909025828123972,8.22336201352506
2026-02-22 20:00:00+00:00,-8.132436758980788,-12.402192806888479,2026-02-23 02:00:00+00:00,-11.107037721790254,-2.926777019825277,5.822446763577645
2026-02-22 21:00:00+00:00,-10.960905527728215,-3.217597000162442,2026-02-23 03:00:00+00:00,-11.72244164566539,-2.1160088194843585,9.09014398748035
2026-02-22 22:00:00+00:00,-22.067865359076677,-21.253753136196707,2026-02-23 04:00:00+00:00,-23.429204840496247,-11.94499810490558,10.497150565281515
2026-02-22 23:00:00+00:00,-8.090608125712606,-23.42219024289882,2026-02-23 05:00:00+00:00,-11.224061484241044,-4.7757014492893095,10.644134241694413
2026-02-23 00:00:00+00:00,-5.5198047820681495,-13.7591479318111,2026-02-23 06:00:00+00:00,-10.513668781858154,-1.9870527348667766,10.21431789291951
2026-02-23 01:00:00+00:00,16.12073563256544,-4.969224310915621,2026-02-23 07:00:00+00:00,-7.798373032137942,1.762849150647769,14.262099068714639
2026-02-23 02:00:00+00:00,-12.402192806888479,-3.580720489191336,2026-02-23 08:00:00+00:00,-15.828466279598254,-4.6096533244420055,7.252499559940649
2026-02-23 03:00:00+00:00,-3.217597000162442,0.967439483252619,2026-02-23 09:00:00+00:00,-13.615760676666168,-4.969056388707258,7.231510545054482
2026-02-23 04:00:00+00:00,-21.253753136196707,3.5033638353176855,2026-02-23 10:00:00+00:00,-24.877976825376425,-12.962142322067745,12.856622192622773
2026-02-23 05:00:00+00:00,-23.42219024289882,-9.330629707919869,2026-02-23 11:00:00+00:00,-26.10771450240247,-17.179817721735404,9.223738773467005
2026-02-23 06:00:00+00:00,-13.7591479318111,22.6171847153811,2026-02-23 12:00:00+00:00,-17.71243193671545,-9.019783328968268,6.944235180520273
2026-02-23 07:00:00+00:00,-4.969224310915621,13.317935923762292,2026-02-23 13:00:00+00:00,-10.278533294689812,-1.3223396416201165,11.02530533139869
2026-02-23 08:00:00+00:00,-3.580720489191336,17.277992937083653,2026-02-23 14:00:00+00:00,-13.093393728566236,-3.2823135885982793,7.343750859340144
2026-02-23 09:00:00+00:00,0.967439483252619,9.754697260815348,2026-02-23 15:00:00+00:00,-13.236569482516813,-2.204623384594446,8.673774916424357
2026-02-23 10:00:00+00:00,3.5033638353176855,4.209572628735003,2026-02-23 16:00:00+00:00,-11.066351407551005,0.25577113298654197,9.63827994198041
2026-02-23 11:00:00+00:00,-9.330629707919869,-15.646608355339708,2026-02-23 17:00:00+00:00,-16.894183906813737,-2.407145922917757,6.303885041695729
2026-02-23 12:00:00+00:00,22.6171847153811,2.8969649321020086,2026-02-23 18:00:00+00:00,-1.0793694212596208,7.413494901481236,20.146258475241417
2026-02-23 13:00:00+00:00,13.317935923762292,-2.7749414187283605,2026-02-23 19:00:00+00:00,-8.53411207095326,1.8200610549411653,11.934630306375318
2026-02-23 14:00:00+00:00,17.277992937083653,-8.723139635344879,2026-02-23 20:00:00+00:00,-5.625522148300533,1.7034956512578123,14.998551949426787
2026-02-23 15:00:00+00:00,9.754697260815348,-19.651094766821586,2026-02-23 21:00:00+00:00,-9.128925826839112,1.7714476285956584,11.587158329776408
2026-02-23 16:00:00+00:00,4.209572628735003,-3.6604483750135586,2026-02-23 22:00:00+00:00,-10.474843243989124,-0.638443148696104,10.886612329905876
2026-02-23 17:00:00+00:00,-15.646608355339708,-2.3570992544730274,2026-02-23 23:00:00+00:00,-18.80407051805051,-7.440204012360148,6.660934271521537
2026-02-23 18:00:00+00:00,2.8969649321020086,-10.235924862103118,2026-02-24 00:00:00+00:00,-11.714557015990252,-3.600096810946769,9.371455554850986
2026-02-23 19:00:00+00:00,-2.7749414187283605,-23.554034407133884,2026-02-24 01:00:00+00:00,-12.28547943917371,-2.781699968719951,7.250713619015674
2026-02-23 20:00:00+00:00,-8.723139635344879,4.496206965818317,2026-02-24 02:00:00+00:00,-11.272426521279035,2.47082344095689,13.266849382652243
2026-02-23 21:00:00+00:00,-19.651094766821586,9.37216781107253,2026-02-24 03:00:00+00:00,-20.337028710660167,-6.791160576757772,18.637845191855618
2026-02-23 22:00:00+00:00,-3.6604483750135586,-5.291298744882766,2026-02-24 04:00:00+00:00,-12.180468440018593,-4.920341544652947,7.638862306145953
2026-02-23 23:00:00+00:00,-2.3570992544730274,3.6821060624081525,2026-02-24 05:00:00+00:00,-11.94661116424879,-4.806354428163512,7.062318739064072
2026-02-24 00:00:00+00:00,-10.235924862103118,-19.499966667089197,2026-02-24 06:00:00+00:00,-10.843709548632498,-0.8619268057794525,11.530114839853706
2026-02-24 01:00:00+00:00,-23.554034407133884,12.469271268997772,2026-02-24 07:00:00+00:00,-26.103047630685467,-10.561473123005435,18.110362059194536
2026-02-24 02:00:00+00:00,4.496206965818317,-13.0816935039757,2026-02-24 08:00:00+00:00,-12.284117646868712,-0.66720545247414,6.805493329904947
2026-02-24 03:00:00+00:00,9.37216781107253,6.294857114692576,2026-02-24 09:00:00+00:00,-10.312316308409912,0.019111468159943357,10.732329102766334
2026-02-24 04:00:00+00:00,-5.291298744882766,4.892072459989905,2026-02-24 10:00:00+00:00,-10.732272949730326,-2.513432585283405,8.96986938692703
2026-02-24 05:00:00+00:00,3.6821060624081525,-2.7279497893495375,2026-02-24 11:00:00+00:00,-9.809604777047651,-0.7903291660034393,9.096912396995073
2026-02-24 06:00:00+00:00,-19.499966667089197,-4.821366912626246,2026-02-24 12:00:00+00:00,-23.599246492644948,-9.7956125244289,15.783186646830877
2026-02-24 07:00:00+00:00,12.469271268997772,-12.159516801446557,2026-02-24 13:00:00+00:00,-8.525024891981243,-0.5873209863211688,9.567097708667049
2026-02-24 08:00:00+00:00,-13.0816935039757,-11.229781031447672,2026-02-24 14:00:00+00:00,-15.925664627971802,-3.2104858186710974,13.622039854192465
2026-02-24 09:00:00+00:00,6.294857114692576,0.3485694940774664,2026-02-24 15:00:00+00:00,-10.169033664648186,-2.3100596662855093,10.096692210302395
2026-02-24 10:00:00+00:00,4.892072459989905,-14.358533607863322,2026-02-24 16:00:00+00:00,-7.307608214757588,-1.0611415687268275,9.168116275930661
2026-02-24 11:00:00+00:00,-2.7279497893495375,-3.857928661270549,2026-02-24 17:00:00+00:00,-10.218915414751613,-0.7797219406872169,8.205798464355604
2026-02-24 12:00:00+00:00,-4.821366912626246,-12.868800371155231,2026-02-24 18:00:00+00:00,-12.791491370702188,-2.3574328639357804,5.732357375167972
2026-02-24 13:00:00+00:00,-12.159516801446557,1.5589997124099142,2026-02-24 19:00:00+00:00,-13.262278673556947,0.1298290247499878,13.152352176379935
2026-02-24 14:00:00+00:00,-11.229781031447672,-5.721225862140855,2026-02-24 20:00:00+00:00,-15.678954790281338,-5.949865405956233,7.439813663474126
2026-02-24 15:00:00+00:00,0.3485694940774664,2.982443733747786,2026-02-24 21:00:00+00:00,-12.102529663491774,-2.206063406772326,8.034758357377736
2026-02-24 16:00:00+00:00,-14.358533607863322,-4.616669738117807,2026-02-24 22:00:00+00:00,-15.009845765682295,-3.358597538015596,11.204870242279696
2026-02-24 17:00:00+00:00,-3.857928661270549,10.875112913764085,2026-02-24 23:00:00+00:00,-10.291430128626832,-2.8134865385088332,5.682667715111473
2026-02-24 18:00:00+00:00,-12.868800371155231,0.9636370300469821,2026-02-25 00:00:00+00:00,-16.603872876422642,-3.5180376412152174,7.644620985483204
2026-02-24 19:00:00+00:00,1.5589997124099142,-16.487414553214563,2026-02-25 01:00:00+00:00,-12.378046532585612,-1.8500162548584562,7.941876909302197
2026-02-24 20:00:00+00:00,-5.721225862140855,-15.790611139188115,2026-02-25 02:00:00+00:00,-13.263711990775295,-1.5597766902499277,7.7008918953707965
2026-02-24 21:00:00+00:00,2.982443733747786,5.338518361011069,2026-02-25 03:00:00+00:00,-9.25751355819011,-1.143149993695265,9.210155645591348
2026-02-24 22:00:00+00:00,-4.616669738117807,7.341336641282226,2026-02-25 04:00:00+00:00,-13.559165863740608,-1.726818136112708,5.8665789811266205
2026-02-24 23:00:00+00:00,10.875112913764085,-6.3917815072400685,2026-02-25 05:00:00+00:00,-10.091291031411036,-2.1025750199437123,9.550521480575775
2026-02-25 00:00:00+00:00,0.9636370300469821,-12.82829660577356,2026-02-25 06:00:00+00:00,-10.954840861752672,-0.45404493218171016,8.87931836644274
2026-02-25 01:00:00+00:00,-16.487414553214563,-21.811128423134818,2026-02-25 07:00:00+00:00,-18.214414269028495,-6.364830207160743,13.833247753157874
2026-02-25 02:00:00+00:00,-15.790611139188115,-8.598870463263353,2026-02-25 08:00:00+00:00,-20.529784799702387,-8.678983999882107,8.803586928681192
2026-02-25 03:00:00+00:00,5.338518361011069,9.249282070147302,2026-02-25 09:00:00+00:00,-8.719063513209088,1.3858603132774219,9.639727915896653
2026-02-25 04:00:00+00:00,7.341336641282226,16.349387075624833,2026-02-25 10:00:00+00:00,-11.233967575939182,-0.01687819367801069,8.910011330978032
2026-02-25 05:00:00+00:00,-6.3917815072400685,-0.38105561834811397,2026-02-25 11:00:00+00:00,-11.376485475717846,0.9763793042050128,12.00302161070281
2026-02-25 06:00:00+00:00,-12.82829660577356,-13.072431451384148,2026-02-25 12:00:00+00:00,-13.988550374228796,-2.048276962846524,7.970758257292388
2026-02-25 07:00:00+00:00,-21.811128423134818,-4.455438404935563,2026-02-25 13:00:00+00:00,-24.389017207628257,-11.72758656622179,10.237566116296833
2026-02-25 08:00:00+00:00,-8.598870463263353,7.664953991231016,2026-02-25 14:00:00+00:00,-14.650365409008986,-7.146804405327972,5.609998074989839
2026-02-25 09:00:00+00:00,9.249282070147302,18.19771630292344,2026-02-25 15:00:00+00:00,-10.201797458654564,0.004379086712297919,11.43722962926663
2026-02-25 10:00:00+00:00,16.349387075624833,9.105698612597024,2026-02-25 16:00:00+00:00,-6.408231008553024,2.2291284072787825,14.119881874198509
2026-02-25 11:00:00+00:00,-0.38105561834811397,27.298951387901838,2026-02-25 17:00:00+00:00,-10.707501917099593,-0.6998481382972211,8.7028838971823
2026-02-25 12:00:00+00:00,-13.072431451384148,1.1172038176265886,2026-02-25 18:00:00+00:00,-15.527733201625452,-3.606752660050759,8.108633274780878
2026-02-25 13:00:00+00:00,-4.455438404935563,8.252312558827413,2026-02-25 19:00:00+00:00,-12.29577651561615,-2.955505859637442,6.408879328551915
2026-02-25 14:00:00+00:00,7.664953991231016,14.428960757539855,2026-02-25 20:00:00+00:00,-11.0937452458083,-2.075961948542579,9.39824512580006
2026-02-25 15:00:00+00:00,18.19771630292344,-8.514574765454697,2026-02-25 21:00:00+00:00,-5.823569614548777,3.2947210014319577,16.370492492771273
2026-02-25 16:00:00+00:00,9.105698612597024,-0.3713086982948255,2026-02-25 22:00:00+00:00,-10.82508166472018,1.3905851296267464,12.123913920530502
2026-02-25 17:00:00+00:00,27.298951387901838,12.161704582265287,2026-02-25 23:00:00+00:00,2.491280229338976,12.257877855313152,25.159848641480092
2026-02-25 18:00:00+00:00,1.1172038176265886,-0.05190639829955046,2026-02-26 00:00:00+00:00,-11.82472562990261,0.5500632743057541,9.91322853795295
2026-02-25 19:00:00+00:00,8.252312558827413,-6.959464102820334,2026-02-26 01:00:00+00:00,-10.759872539974175,0.3250856118327343,9.86729907863102
2026-02-25 20:00:00+00:00,14.428960757539855,10.25314113349829,2026-02-26 02:00:00+00:00,-9.081018549259959,-0.43192701272830014,12.364281354194768
2026-02-25 21:00:00+00:00,-8.514574765454697,9.238483527846952,2026-02-26 03:00:00+00:00,-11.157245195275094,1.12489808531706,16.02515330018728
2026-02-25 22:00:00+00:00,-0.3713086982948255,-1.7129609322097394,2026-02-26 04:00:00+00:00,-11.152210355648382,-0.036426482025603946,9.57124660637011
2026-02-25 23:00:00+00:00,12.161704582265287,-0.025168177844037132,2026-02-26 05:00:00+00:00,-5.58508873753928,2.1663088949036204,11.407979729316784
2026-02-26 00:00:00+00:00,-0.05190639829955046,-6.04572519786295,2026-02-26 06:00:00+00:00,-12.51499974880215,0.10120830311779538,11.67298126916602
2026-02-26 01:00:00+00:00,-6.959464102820334,5.911206237430022,2026-02-26 07:00:00+00:00,-11.314935961164405,-0.8438663050199242,15.536114999350087
2026-02-26 02:00:00+00:00,10.25314113349829,7.780840134143929,2026-02-26 08:00:00+00:00,-8.565368698057963,-0.23285697941369143,10.42656572704011
2026-02-26 03:00:00+00:00,9.238483527846952,1.753773432948691,2026-02-26 09:00:00+00:00,-6.799272527885513,0.40352177596086847,11.646748249545386
2026-02-26 04:00:00+00:00,-1.7129609322097394,-19.20290735833774,2026-02-26 10:00:00+00:00,-10.015378734150556,-0.8010603663742807,12.362039525710726
2026-02-26 05:00:00+00:00,-0.025168177844037132,-4.830346382265205,2026-02-26 11:00:00+00:00,-9.645197023965654,2.8601685538901194,10.993782939064621
2026-02-26 06:00:00+00:00,-6.04572519786295,13.140961263164996,2026-02-26 12:00:00+00:00,-11.90362832737551,0.031888286591359005,11.808537537476003
2026-02-26 07:00:00+00:00,5.911206237430022,-11.99225280044125,2026-02-26 13:00:00+00:00,-8.898456146907954,-1.3687080932805724,10.675016857635272
2026-02-26 08:00:00+00:00,7.780840134143929,-6.49805404378867,2026-02-26 14:00:00+00:00,-7.428968797953937,-0.6695767868485589,9.548917963486137
2026-02-26 09:00:00+00:00,1.753773432948691,16.25403589895491,2026-02-26 15:00:00+00:00,-9.391106313156598,0.7087701848799239,9.772494962950303
2026-02-26 10:00:00+00:00,-19.20290735833774,-5.645977959156667,2026-02-26 16:00:00+00:00,-21.497626109781102,-8.441623596428967,17.668982178047415
2026-02-26 11:00:00+00:00,-4.830346382265205,8.978911926478261,2026-02-26 17:00:00+00:00,-12.167245802218194,-3.355618807535201,6.770776807052631
2026-02-26 12:00:00+00:00,13.140961263164996,-17.042139193090833,2026-02-26 18:00:00+00:00,-9.352554505422152,0.564808959293357,10.346289659365318
2026-02-26 13:00:00+00:00,-11.99225280044125,-7.960614781845621,2026-02-26 19:00:00+00:00,-14.974652861952379,-1.0919277183932277,14.713669850429376
2026-02-26 14:00:00+00:00,-6.49805404378867,-0.5053746641880963,2026-02-26 20:00:00+00:00,-12.720262319154962,-3.0012862488081296,12.27385638144408
2026-02-26 15:00:00+00:00,16.25403589895491,-22.414029232447064,2026-02-26 21:00:00+00:00,-7.3090731270853375,0.9500269755864785,13.4138120345095
2026-02-26 16:00:00+00:00,-5.645977959156667,-7.010930357660428,2026-02-26 22:00:00+00:00,-13.82224098250827,-2.2037589595448814,8.25754867071082
2026-02-26 17:00:00+00:00,8.978911926478261,-14.6586702777185,2026-02-26 23:00:00+00:00,-11.377312148941325,-1.8902517708140625,10.098074427628738
2026-02-26 18:00:00+00:00,-17.042139193090833,4.787630307880875,2026-02-27 00:00:00+00:00,-17.807526181867456,-4.125720024074623,12.879514457076397
2026-02-26 19:00:00+00:00,-7.960614781845621,5.554042820108407,2026-02-27 01:00:00+00:00,-12.659376177588674,-6.781198591006943,6.026473445372925
2026-02-26 20:00:00+00:00,-0.5053746641880963,-9.428431701907769,2026-02-27 02:00:00+00:00,-11.216914302221994,-1.3266616230134882,8.548987633572352
2026-02-26 21:00:00+00:00,-22.414029232447064,-0.9638939041689554,2026-02-27 03:00:00+00:00,-25.34946961598278,-9.864952534686475,18.70394400534971
2026-02-26 22:00:00+00:00,-7.010930357660428,-3.9245950910338223,2026-02-27 04:00:00+00:00,-11.074981782844436,-4.303534369037785,10.045187572662908
2026-02-26 23:00:00+00:00,-14.6586702777185,13.380667454754303,2026-02-27 05:00:00+00:00,-17.004746662486063,-1.9668598959569898,17.445228779561617
2026-02-27 00:00:00+00:00,4.787630307880875,-0.0485309603703854,2026-02-27 06:00:00+00:00,-8.311662004206926,0.023254682406540716,8.275304523869805
2026-02-27 01:00:00+00:00,5.554042820108407,-3.5885459868811864,2026-02-27 07:00:00+00:00,-8.681937263859984,-0.6961838350174654,10.135902186916208
2026-02-27 02:00:00+00:00,-9.428431701907769,-5.651509459605464,2026-02-27 08:00:00+00:00,-10.643034425690221,-0.8110473200340618,10.340818128574035
2026-02-27 03:00:00+00:00,-0.9638939041689554,-19.943795497097128,2026-02-27 09:00:00+00:00,-11.471078993207822,-2.1592152450053064,6.991656641600224
2026-02-27 04:00:00+00:00,-3.9245950910338223,-4.259945466298376,2026-02-27 10:00:00+00:00,-9.347003214110755,-1.4422243340807417,6.634705859324919
2026-02-27 05:00:00+00:00,13.380667454754303,-1.8810416685699494,2026-02-27 11:00:00+00:00,-9.254615605617044,0.6612935448574628,10.87301439416297
2026-02-27 06:00:00+00:00,-0.0485309603703854,-20.316119387571163,2026-02-27 12:00:00+00:00,-10.979716672628449,-0.5126042074674622,9.93249926294872
2026-02-27 07:00:00+00:00,-3.5885459868811864,-9.987536126931928,2026-02-27 13:00:00+00:00,-9.566784273290114,-1.2010392700678558,6.8294263515720885
2026-02-27 08:00:00+00:00,-5.651509459605464,-31.772639085643206,2026-02-27 14:00:00+00:00,-11.26433133596785,-2.091199494384979,8.133621364260241
2026-02-27 09:00:00+00:00,-19.943795497097128,-3.6722977550862623,2026-02-27 15:00:00+00:00,-22.885915828024096,-9.39096311190208,18.076777691459768
2026-02-27 10:00:00+00:00,-4.259945466298376,-0.33292946162610804,2026-02-27 16:00:00+00:00,-11.915699059962403,-3.378120874767209,5.260900417898547
2026-02-27 11:00:00+00:00,-1.8810416685699494,-9.520263095259551,2026-02-27 17:00:00+00:00,-13.029081795701762,-3.15045657065088,6.684511496924202
2026-02-27 12:00:00+00:00,-20.316119387571163,10.949105611688381,2026-02-27 18:00:00+00:00,-23.6993905717055,-8.104589559553425,18.85249884570434
2026-02-27 13:00:00+00:00,-9.987536126931928,-5.68514682463217,2026-02-27 19:00:00+00:00,-15.495085408981083,-7.836792327875903,5.126442582848075
2026-02-27 14:00:00+00:00,-31.772639085643206,-11.65153557796117,2026-02-27 20:00:00+00:00,-34.58231288440392,-18.938755515717943,9.565253322079542
2026-02-27 15:00:00+00:00,-3.6722977550862623,-17.49024652599296,2026-02-27 21:00:00+00:00,-15.849288306151804,-5.306659393421251,4.272124726612833
2026-02-27 16:00:00+00:00,-0.33292946162610804,-20.541176954287366,2026-02-27 22:00:00+00:00,-10.758469124838927,-2.2069710444187134,8.142676321552559
2026-02-27 17:00:00+00:00,-9.520263095259551,-24.201468080278232,2026-02-27 23:00:00+00:00,-12.592706854160417,-1.9477838168690553,6.5086744531298635
2026-02-27 18:00:00+00:00,10.949105611688381,-14.211146897871174,2026-02-28 00:00:00+00:00,-10.426733773504996,-2.1364785429033173,9.671827921033358
2026-02-27 19:00:00+00:00,-5.68514682463217,-13.01237589248494,2026-02-28 01:00:00+00:00,-12.665704147440922,-1.8305880097430025,7.544669507327198
2026-02-27 20:00:00+00:00,-11.65153557796117,8.602228734950756,2026-02-28 02:00:00+00:00,-16.92516999678559,-4.2400509708687455,5.84122054700595
2026-02-27 21:00:00+00:00,-17.49024652599296,-13.559761150085947,2026-02-28 03:00:00+00:00,-20.229915497561553,-6.8846485923138605,18.800872773136042
2026-02-27 22:00:00+00:00,-20.541176954287366,-4.2338992442747525,2026-02-28 04:00:00+00:00,-23.777351141044115,-9.200199098628847,19.316053960037785
2026-02-27 23:00:00+00:00,-24.201468080278232,-3.347682516965378,2026-02-28 05:00:00+00:00,-27.501461766485725,-14.796008355066988,12.899094438536338
2026-02-28 00:00:00+00:00,-14.211146897871174,7.412983017758279,2026-02-28 06:00:00+00:00,-19.357370846263194,-6.774659109947975,16.506643919033813
2026-02-28 01:00:00+00:00,-13.01237589248494,-26.86752851515095,2026-02-28 07:00:00+00:00,-13.973372509983138,-5.838070252032429,10.4623278587758
2026-02-28 02:00:00+00:00,8.602228734950756,-0.7313144336862365,2026-02-28 08:00:00+00:00,-11.234091359327074,-0.9615831941307782,9.307439867607279
2026-02-28 03:00:00+00:00,-13.559761150085947,-6.787796820555414,2026-02-28 09:00:00+00:00,-16.47602912773189,-4.274354005617946,10.609161239720333
2026-02-28 04:00:00+00:00,-4.2338992442747525,9.164971854351833,2026-02-28 10:00:00+00:00,-11.745435104012778,-2.7440838051006082,5.167657491720128
2026-02-28 05:00:00+00:00,-3.347682516965378,-19.02881885606611,2026-02-28 11:00:00+00:00,-11.832489990610378,-1.6301255589163925,6.3916598751705695
2026-02-28 06:00:00+00:00,7.412983017758279,5.638419826476948,2026-02-28 12:00:00+00:00,-10.81129035686514,-1.3906186681248087,8.501177258115106
2026-02-28 07:00:00+00:00,-26.86752851515095,-18.062562844356478,2026-02-28 13:00:00+00:00,-32.05664655482908,-17.9078597926177,9.238730249393498
2026-02-28 08:00:00+00:00,-0.7313144336862365,2.876282781496542,2026-02-28 14:00:00+00:00,-10.524720218408378,-2.582121429053868,9.025366644939988
2026-02-28 09:00:00+00:00,-6.787796820555414,-0.7576666667219456,2026-02-28 15:00:00+00:00,-12.780047117415146,-3.3099110538688548,8.585883786262487
2026-02-28 10:00:00+00:00,9.164971854351833,-7.185684326174169,2026-02-28 16:00:00+00:00,-10.946763031255063,-1.2889294808043843,9.733541946164399
2026-02-28 11:00:00+00:00,-19.02881885606611,0.9141565660542028,2026-02-28 17:00:00+00:00,-20.112504023777138,-8.713283375760684,17.076631539187744
2026-02-28 12:00:00+00:00,5.638419826476948,2.2756423731884468,2026-02-28 18:00:00+00:00,-9.031566857987238,-2.436588312783817,9.680216293847604
2026-02-28 13:00:00+00:00,-18.062562844356478,-10.969431304754806,2026-02-28 19:00:00+00:00,-24.51581171018885,-9.944216228042313,13.996201582384472
2026-02-28 14:00:00+00:00,2.876282781496542,2.3464425014729784,2026-02-28 20:00:00+00:00,-10.70616415338145,-1.4344054363804055,9.498846027039285
2026-02-28 15:00:00+00:00,-0.7576666667219456,11.01012748295993,2026-02-28 21:00:00+00:00,-11.756274020667817,-0.4690133530068447,8.344737757217723
2026-02-28 16:00:00+00:00,-7.185684326174169,16.66383962643181,2026-02-28 22:00:00+00:00,-11.376722591655348,-0.8934554264500152,13.650328824361353
2026-02-28 17:00:00+00:00,0.9141565660542028,-8.086997981537891,2026-02-28 23:00:00+00:00,-12.736359101618028,-2.8475054724025717,7.977064274959239
2026-02-28 18:00:00+00:00,2.2756423731884468,-8.581487848360325,2026-03-01 00:00:00+00:00,-11.965437923051816,-0.6474712426528009,10.417798514494141
2026-02-28 19:00:00+00:00,-10.969431304754806,2.1305503981050578,2026-03-01 01:00:00+00:00,-14.40700795267314,-3.329747459211254,9.123252496424303
2026-02-28 20:00:00+00:00,2.3464425014729784,-6.831881251221361,2026-03-01 02:00:00+00:00,-12.176904429167,-2.019893472002013,9.759767448053399
2026-02-28 21:00:00+00:00,11.01012748295993,19.0872493774652,2026-03-01 03:00:00+00:00,-11.066130876315032,-2.4955007804063865,10.060368902062978
2026-02-28 22:00:00+00:00,16.66383962643181,24.06386657196613,2026-03-01 04:00:00+00:00,-7.168490411272973,2.7563685298924554,14.237581835771383
2026-02-28 23:00:00+00:00,-8.086997981537891,2.294119637289427,2026-03-01 05:00:00+00:00,-12.387433947348619,-1.6030663929891764,15.045402546011026
2026-03-01 00:00:00+00:00,-8.581487848360325,-1.6187680592683051,2026-03-01 06:00:00+00:00,-13.17446259383376,-3.429052232538548,14.231367092874795
2026-03-01 01:00:00+00:00,2.1305503981050578,11.541004742552374,2026-03-01 07:00:00+00:00,-8.340240772987206,0.45012371089495873,8.484556975556588
2026-03-01 02:00:00+00:00,-6.831881251221361,-3.6961188227468966,2026-03-01 08:00:00+00:00,-10.222459757968208,-0.4489462285399366,13.489697330246017
2026-03-01 03:00:00+00:00,19.0872493774652,-0.8890001599137776,2026-03-01 09:00:00+00:00,-3.723912447744155,5.2995790412235895,16.74446432404089
2026-03-01 04:00:00+00:00,24.06386657196613,4.1270814405258704,2026-03-01 10:00:00+00:00,3.4022289591717616,11.09499223996732,22.060233196766394
2026-03-01 05:00:00+00:00,2.294119637289427,4.330917318293714,2026-03-01 11:00:00+00:00,-10.309187696063036,0.3478166066173274,10.56711987270551
2026-03-01 06:00:00+00:00,-1.6187680592683051,-6.205716310203613,2026-03-01 12:00:00+00:00,-10.935172017136566,-1.1670159809044007,9.35485500879593
2026-03-01 07:00:00+00:00,11.541004742552374,5.785354300655854,2026-03-01 13:00:00+00:00,-8.674020237574958,-0.7928562892553863,8.72951693062723
2026-03-01 08:00:00+00:00,-3.6961188227468966,4.483137403585857,2026-03-01 14:00:00+00:00,-10.070920935310902,-0.16297258862734054,8.24315834057672
2026-03-01 09:00:00+00:00,-0.8890001599137776,8.419961372956308,2026-03-01 15:00:00+00:00,-10.560397151679814,-1.0853406874631715,8.586257978072126
2026-03-01 10:00:00+00:00,4.1270814405258704,16.162308081630883,2026-03-01 16:00:00+00:00,-7.4943922808527965,-1.047563628686186,9.870548258331546
2026-03-01 11:00:00+00:00,4.330917318293714,-2.7850204950041757,2026-03-01 17:00:00+00:00,-7.999699036207712,-0.27131969852610904,8.81272790996545
2026-03-01 12:00:00+00:00,-6.205716310203613,3.578207220229501,2026-03-01 18:00:00+00:00,-12.133744397975617,-1.862621186650192,8.60039051975402
2026-03-01 13:00:00+00:00,5.785354300655854,3.2408732888100644,2026-03-01 19:00:00+00:00,-6.728938895788131,-1.3163894113882497,9.640903462951648
2026-03-01 14:00:00+00:00,4.483137403585857,-6.440185795986153,2026-03-01 20:00:00+00:00,-7.404384144842423,1.2385358968140352,9.314831409611486
2026-03-01 15:00:00+00:00,8.419961372956308,-12.652254332516932,2026-03-01 21:00:00+00:00,-9.4263903939164,-0.4745297115931404,9.43569200808893
2026-03-01 16:00:00+00:00,16.162308081630883,-7.962793314169048,2026-03-01 22:00:00+00:00,-6.540439379097322,2.2216120829196484,13.740687436329054
2026-03-01 17:00:00+00:00,-2.7850204950041757,-19.261309381564118,2026-03-01 23:00:00+00:00,-12.573968274705178,-0.8038144645320169,9.005316580174664
2026-03-01 18:00:00+00:00,3.578207220229501,2.604247441677643,2026-03-02 00:00:00+00:00,-10.088190132394011,-2.387801031176603,8.955406505115725
2026-03-01 19:00:00+00:00,3.2408732888100644,-6.5327803905201876,2026-03-02 01:00:00+00:00,-8.793998792390308,0.8333425322668355,9.976369416262063
2026-03-01 20:00:00+00:00,-6.440185795986153,2.9437577772828405,2026-03-02 02:00:00+00:00,-11.936504484770726,-0.7954843387324972,10.902720370737566
2026-03-01 21:00:00+00:00,-12.652254332516932,-7.173424064559342,2026-03-02 03:00:00+00:00,-15.107254426114395,0.049691147946861136,10.520396614101308
2026-03-01 22:00:00+00:00,-7.962793314169048,10.702347611335483,2026-03-02 04:00:00+00:00,-13.53511237819246,-3.1121628736555094,14.148248277729046
2026-03-01 23:00:00+00:00,-19.261309381564118,15.596741539853909,2026-03-02 05:00:00+00:00,-22.87219028106028,-9.094999022072168,15.10537960184552
2026-03-02 00:00:00+00:00,2.604247441677643,0.34874140752982896,2026-03-02 06:00:00+00:00,-7.344786521108425,-0.019165872669258288,9.563632979164101
2026-03-02 01:00:00+00:00,-6.5327803905201876,-14.557572278572906,2026-03-02 07:00:00+00:00,-9.594707078140601,0.7957028373586992,11.415113029804747
2026-03-02 02:00:00+00:00,2.9437577772828405,-4.391973218877965,2026-03-02 08:00:00+00:00,-8.033767190194435,0.8898588281074633,9.774620380965626
2026-03-02 03:00:00+00:00,-7.173424064559342,-2.6320951031699735,2026-03-02 09:00:00+00:00,-13.737494873505813,-2.1695484407993426,8.878762213688582
2026-03-02 04:00:00+00:00,10.702347611335483,7.486147615383132,2026-03-02 10:00:00+00:00,-9.640571765468604,0.8798124981828792,9.76686701758608
2026-03-02 05:00:00+00:00,15.596741539853909,7.363778049178649,2026-03-02 11:00:00+00:00,-7.847342697953863,1.2939237357619788,13.722003099564464
2026-03-02 06:00:00+00:00,0.34874140752982896,9.055189418321063,2026-03-02 12:00:00+00:00,-10.36745495310851,1.2902040843579052,9.732387003405446
2026-03-02 07:00:00+00:00,-14.557572278572906,9.682955083301081,2026-03-02 13:00:00+00:00,-15.747461253789897,-4.3179413065372785,4.532998330460103
2026-03-02 08:00:00+00:00,-4.391973218877965,-16.180138371186814,2026-03-02 14:00:00+00:00,-12.818031916806584,-3.4355996500795554,5.157160343299811
2026-03-02 09:00:00+00:00,-2.6320951031699735,3.649157712226625,2026-03-02 15:00:00+00:00,-10.491705287297535,-0.5616620431586967,6.453176249876959
2026-03-02 10:00:00+00:00,7.486147615383132,3.8945412225110942,2026-03-02 16:00:00+00:00,-9.863196816191255,-1.4054110539395026,10.470456966039244
2026-03-02 11:00:00+00:00,7.363778049178649,1.193581339675731,2026-03-02 17:00:00+00:00,-8.419736575213316,-0.5582384750754947,9.633485902216332
2026-03-02 12:00:00+00:00,9.055189418321063,-6.129118010749224,2026-03-02 18:00:00+00:00,-8.100021520446703,-0.602183630927648,10.672381835891256
2026-03-02 13:00:00+00:00,9.682955083301081,14.625587663630313,2026-03-02 19:00:00+00:00,-7.777503249903521,0.37252960525283285,11.963931396816626
2026-03-02 14:00:00+00:00,-16.180138371186814,-0.0961057898773987,2026-03-02 20:00:00+00:00,-17.78146129564566,-7.168950652172445,7.6457095217797
2026-03-02 15:00:00+00:00,3.649157712226625,9.178418767810115,2026-03-02 21:00:00+00:00,-8.691583748324637,-0.522674699538852,9.538664980438519
2026-03-02 16:00:00+00:00,3.8945412225110942,5.733317690479467,2026-03-02 22:00:00+00:00,-8.965217031512948,1.3666538416190086,11.67973318432496
2026-03-02 17:00:00+00:00,1.193581339675731,15.938641173587342,2026-03-02 23:00:00+00:00,-12.14297473194319,-0.9719611867769293,9.025494523825493
2026-03-02 18:00:00+00:00,-6.129118010749224,18.916475101189434,2026-03-03 00:00:00+00:00,-12.554555147398727,0.071301304323514,11.501503973729733
2026-03-02 19:00:00+00:00,14.625587663630313,2.0342523750738195,2026-03-03 01:00:00+00:00,-8.962028356439784,-0.10963519960752777,12.63604836978878
2026-03-02 20:00:00+00:00,-0.0961057898773987,-0.30726473060127546,2026-03-03 02:00:00+00:00,-14.627314012713336,-0.24716346635423309,9.218964622275681
2026-03-02 21:00:00+00:00,9.178418767810115,-7.675654121648279,2026-03-03 03:00:00+00:00,-9.527491066436465,0.9296760724988449,10.829286955487998
2026-03-02 22:00:00+00:00,5.733317690479467,9.308596960444504,2026-03-03 04:00:00+00:00,-6.933824749104559,0.8562562135889547,12.56591888341295
2026-03-02 23:00:00+00:00,15.938641173587342,4.180386903653854,2026-03-03 05:00:00+00:00,-4.557759926788453,2.9166893729580217,13.356626263293878
2026-03-03 00:00:00+00:00,18.916475101189434,4.024309466341691,2026-03-03 06:00:00+00:00,-3.5257164939188215,4.717676470955396,16.347353288585488
2026-03-03 01:00:00+00:00,2.0342523750738195,-5.943553994134376,2026-03-03 07:00:00+00:00,-6.850692230175287,3.240309933872706,11.516964855634047
2026-03-03 02:00:00+00:00,-0.30726473060127546,-9.275776217547715,2026-03-03 08:00:00+00:00,-10.13106252589227,1.1797852740661785,10.320681523460092
2026-03-03 03:00:00+00:00,-7.675654121648279,-3.739179660513514,2026-03-03 09:00:00+00:00,-10.880871304375864,-0.6114077446038326,9.21905366788982
2026-03-03 04:00:00+00:00,9.308596960444504,2.365350026698465,2026-03-03 10:00:00+00:00,-7.159445634969433,-0.00636134486135731,11.519474479398665
2026-03-03 05:00:00+00:00,4.180386903653854,-7.391235670839436,2026-03-03 11:00:00+00:00,-8.828509422115093,1.5776412977316707,13.932103857485625
2026-03-03 06:00:00+00:00,4.024309466341691,14.567508133573881,2026-03-03 12:00:00+00:00,-7.273814285726356,-0.35477617986085175,10.370861589887117
2026-03-03 07:00:00+00:00,-5.943553994134376,5.19157347119048,2026-03-03 13:00:00+00:00,-10.399217327515217,-0.4112301353958099,9.57847587375555
2026-03-03 08:00:00+00:00,-9.275776217547715,-17.94988488891036,2026-03-03 14:00:00+00:00,-10.280780207936406,-0.8976610896347808,6.509177026502588
2026-03-03 09:00:00+00:00,-3.739179660513514,9.130404252690738,2026-03-03 15:00:00+00:00,-14.605646569852931,-3.4915161980250495,6.134655984164221
2026-03-03 10:00:00+00:00,2.365350026698465,-8.399892478925253,2026-03-03 16:00:00+00:00,-11.98551205224177,-1.2111104427055128,8.44895983833529
2026-03-03 11:00:00+00:00,-7.391235670839436,6.698646496197114,2026-03-03 17:00:00+00:00,-11.832483147604163,-1.8865239565899454,13.296913840336718
2026-03-03 12:00:00+00:00,14.567508133573881,2.2374538772496066,2026-03-03 18:00:00+00:00,-8.649049512369803,-0.23757366542352365,12.017376562393686
2026-03-03 13:00:00+00:00,5.19157347119048,-11.613328866442174,2026-03-03 19:00:00+00:00,-8.241987395123216,0.3833162987798735,11.765217184252744
2026-03-03 14:00:00+00:00,-17.94988488891036,-4.176543387899301,2026-03-03 20:00:00+00:00,-20.737715431939016,-8.49180675414167,13.586126428670191
2026-03-03 15:00:00+00:00,9.130404252690738,2.8450183815120766,2026-03-03 21:00:00+00:00,-9.215731391020338,-0.727741422004101,9.497902143314683
2026-03-03 16:00:00+00:00,-8.399892478925253,-5.423430204567481,2026-03-03 22:00:00+00:00,-12.204430012458548,-2.659514522310266,12.991164593690257
2026-03-03 17:00:00+00:00,6.698646496197114,22.012623564791056,2026-03-03 23:00:00+00:00,-10.435155173438769,-0.3710469580279412,9.996545288031871
2026-03-03 18:00:00+00:00,2.2374538772496066,-7.123712354664136,2026-03-04 00:00:00+00:00,-9.265076340160528,1.838121096617558,10.074440742173909
2026-03-03 19:00:00+00:00,-11.613328866442174,-2.473443320445412,2026-03-04 01:00:00+00:00,-14.300460175873733,-1.6928869456020976,10.969824364151943
2026-03-03 20:00:00+00:00,-4.176543387899301,-12.443675842872537,2026-03-04 02:00:00+00:00,-15.117541068117827,-3.3924672509256064,6.599562713716956
2026-03-03 21:00:00+00:00,2.8450183815120766,1.4926783597069004,2026-03-04 03:00:00+00:00,-9.853598583749173,-0.9325414580219649,9.59744850148645
2026-03-03 22:00:00+00:00,-5.423430204567481,-0.17047457435026558,2026-03-04 04:00:00+00:00,-11.160613011271849,-0.8134905422441081,9.10786477053746
2026-03-03 23:00:00+00:00,22.012623564791056,18.097522720834647,2026-03-04 05:00:00+00:00,-0.9891567414084292,7.786346912827387,19.515045439295275
2026-03-04 00:00:00+00:00,-7.123712354664136,4.168026643736056,2026-03-04 06:00:00+00:00,-11.40006248914317,0.10887004442569204,13.668277245945298
2026-03-04 01:00:00+00:00,-2.473443320445412,19.394592745447525,2026-03-04 07:00:00+00:00,-11.50402319103748,-0.8730379543305586,6.155616624208834
2026-03-04 02:00:00+00:00,-12.443675842872537,0.841640947752964,2026-03-04 08:00:00+00:00,-15.330880388514936,-1.7131522206051208,9.780522773865506
2026-03-04 03:00:00+00:00,1.4926783597069004,4.973067394091757,2026-03-04 09:00:00+00:00,-11.466446615960797,-0.05780449603357951,9.694412256489274
2026-03-04 04:00:00+00:00,-0.17047457435026558,-1.2334357269505603,2026-03-04 10:00:00+00:00,-9.818156538769982,1.311686014246035,8.183642067282104
2026-03-04 05:00:00+00:00,18.097522720834647,11.613521704596508,2026-03-04 11:00:00+00:00,-4.085712799241779,4.456678980423931,17.721575645549603
2026-03-04 06:00:00+00:00,4.168026643736056,10.583165461879318,2026-03-04 12:00:00+00:00,-7.370832550843719,2.0988641073984513,11.220895624756022
2026-03-04 07:00:00+00:00,19.394592745447525,-14.676711484229443,2026-03-04 13:00:00+00:00,-3.6453919492340567,5.023444949825933,16.78623159006213
2026-03-04 08:00:00+00:00,0.841640947752964,-4.298976942136434,2026-03-04 14:00:00+00:00,-10.305214629694772,1.4301921334128314,10.722108652306376
2026-03-04 09:00:00+00:00,4.973067394091757,10.459529308857185,2026-03-04 15:00:00+00:00,-8.466744468746638,0.9072197766234869,9.839597168706177
2026-03-04 10:00:00+00:00,-1.2334357269505603,9.155055791030264,2026-03-04 16:00:00+00:00,-10.007345289339439,0.30932788170149395,10.482046831059257
2026-03-04 11:00:00+00:00,11.613521704596508,20.748127137926176,2026-03-04 17:00:00+00:00,-7.459193064491014,0.8276705157454636,10.153616778457609
2026-03-04 12:00:00+00:00,10.583165461879318,3.3363891093696196,2026-03-04 18:00:00+00:00,-8.708044757203098,0.4643106717098693,10.377213690205538
2026-03-04 13:00:00+00:00,-14.676711484229443,8.116392185959498,2026-03-04 19:00:00+00:00,-16.378607702399044,-1.672742581233754,15.59970271480023
2026-03-04 14:00:00+00:00,-4.298976942136434,20.539992406023444,2026-03-04 20:00:00+00:00,-11.282183425765828,-1.7657325815813936,8.205985372588042
2026-03-04 15:00:00+00:00,10.459529308857185,2.074624678316539,2026-03-04 21:00:00+00:00,-9.045154435310675,-0.1458192672073011,10.241200409512127
2026-03-04 16:00:00+00:00,9.155055791030264,19.042087430607424,2026-03-04 22:00:00+00:00,-9.242499322997272,1.0742222810275823,11.882480530107
2026-03-04 17:00:00+00:00,20.748127137926176,5.862989980665034,2026-03-04 23:00:00+00:00,-3.2502399216609774,6.061051619125186,18.37558948276328
2026-03-04 18:00:00+00:00,3.3363891093696196,-22.46536392302545,2026-03-05 00:00:00+00:00,-9.272831312607506,1.0731286465962282,11.199867455619934
2026-03-04 19:00:00+00:00,8.116392185959498,-14.461282680047205,2026-03-05 01:00:00+00:00,-9.680550678087382,0.7205238307539235,9.947633731538604
2026-03-04 20:00:00+00:00,20.539992406023444,-1.0515988139747634,2026-03-05 02:00:00+00:00,-3.9837128287051513,6.528800710260352,18.441252012483307
2026-03-04 21:00:00+00:00,2.074624678316539,-14.974357540458172,2026-03-05 03:00:00+00:00,-9.867908857357259,2.318659067292926,11.604766756564064
2026-03-04 22:00:00+00:00,19.042087430607424,-24.042795328060862,2026-03-05 04:00:00+00:00,-4.0911296362514555,4.440403476255639,16.493779958322772
2026-03-04 23:00:00+00:00,5.862989980665034,-19.35787093758634,2026-03-05 05:00:00+00:00,-5.902939301297781,1.9061023748881385,11.891470428393994
2026-03-05 00:00:00+00:00,-22.46536392302545,-0.2757925071872336,2026-03-05 06:00:00+00:00,-23.218995427223984,-9.522831208722092,16.840471947673493
2026-03-05 01:00:00+00:00,-14.461282680047205,-11.9542796986849,2026-03-05 07:00:00+00:00,-15.725511194315251,-6.348034767317753,14.542748921931935
2026-03-05 02:00:00+00:00,-1.0515988139747634,10.14626016520026,2026-03-05 08:00:00+00:00,-9.604336885954456,1.949223197030728,12.224922714017024
2026-03-05 03:00:00+00:00,-14.974357540458172,-3.6427319522935875,2026-03-05 09:00:00+00:00,-17.671857858927996,-4.558728758995009,13.111808097737388
2026-03-05 04:00:00+00:00,-24.042795328060862,-9.041928595925341,2026-03-05 10:00:00+00:00,-26.7865323215778,-10.73184911457806,16.333496575928557
2026-03-05 05:00:00+00:00,-19.35787093758634,-3.782417366409163,2026-03-05 11:00:00+00:00,-21.904694520961307,-11.061180855233745,18.26528173977328
2026-03-05 06:00:00+00:00,-0.2757925071872336,-11.540477562732576,2026-03-05 12:00:00+00:00,-12.356132069615397,-1.1714516638053505,8.163936299237255
2026-03-05 07:00:00+00:00,-11.9542796986849,-26.377996707527274,2026-03-05 13:00:00+00:00,-13.076427058387285,-2.867873805885358,8.426598628992593
2026-03-05 08:00:00+00:00,10.14626016520026,-16.19706360284745,2026-03-05 14:00:00+00:00,-9.704935599622399,-0.8749400000717102,9.394182683015696
2026-03-05 09:00:00+00:00,-3.6427319522935875,-6.982736601957029,2026-03-05 15:00:00+00:00,-11.577455347475475,-0.994474232198705,6.988408562534284
2026-03-05 10:00:00+00:00,-9.041928595925341,1.1188611491697031,2026-03-05 16:00:00+00:00,-15.157310545086908,-1.7982073014427389,8.44420689166687
2026-03-05 11:00:00+00:00,-3.782417366409163,-18.157260158293553,2026-03-05 17:00:00+00:00,-11.792364400433367,-1.6132880083367303,7.077875239191943
2026-03-05 12:00:00+00:00,-11.540477562732576,-2.5218814865635153,2026-03-05 18:00:00+00:00,-14.76447423359914,-1.8987210875325307,11.243643519957807
2026-03-05 13:00:00+00:00,-26.377996707527274,-13.372810113807532,2026-03-05 19:00:00+00:00,-29.46397312333758,-16.06354074686253,10.296956235467867
2026-03-05 14:00:00+00:00,-16.19706360284745,2.8515634202719298,2026-03-05 20:00:00+00:00,-22.090989551982563,-9.498293131635677,14.950717561848116
2026-03-05 15:00:00+00:00,-6.982736601957029,-15.653730667359866,2026-03-05 21:00:00+00:00,-11.827399439621255,-5.065954898334574,9.78430639607381
2026-03-05 16:00:00+00:00,1.1188611491697031,-11.342796725406501,2026-03-05 22:00:00+00:00,-12.908478303896278,-3.8697656636604716,7.468169542394851
2026-03-05 17:00:00+00:00,-18.157260158293553,-12.564160030406057,2026-03-05 23:00:00+00:00,-20.00773927995679,-8.75061574268023,15.422372375953628
2026-03-05 18:00:00+00:00,-2.5218814865635153,5.160642360007017,2026-03-06 00:00:00+00:00,-15.131615918849484,-5.023537800281069,4.817166074957995
2026-03-05 19:00:00+00:00,-13.372810113807532,-11.212078095637068,2026-03-06 01:00:00+00:00,-18.194710907667087,-5.279208977109233,6.3782587234344845
2026-03-05 20:00:00+00:00,2.8515634202719298,-0.6033358861223803,2026-03-06 02:00:00+00:00,-11.447388178793062,-2.6885632808016062,7.869613805185215
2026-03-05 21:00:00+00:00,-15.653730667359866,-24.738205328809215,2026-03-06 03:00:00+00:00,-17.278588096580258,-5.398196845237068,7.322636917143342
2026-03-05 22:00:00+00:00,-11.342796725406501,-12.542093690486311,2026-03-06 04:00:00+00:00,-14.126648774030114,-7.168075744683876,7.648592933260591
2026-03-05 23:00:00+00:00,-12.564160030406057,-2.016339490076291,2026-03-06 05:00:00+00:00,-13.728470719303841,-6.067574223130278,5.189836288856537
2026-03-06 00:00:00+00:00,5.160642360007017,-0.8957709965162763,2026-03-06 06:00:00+00:00,-8.222797087714435,0.09243771354769414,8.904744409771325
2026-03-06 01:00:00+00:00,-11.212078095637068,-25.445410142816982,2026-03-06 07:00:00+00:00,-11.830597333184489,-3.062753161803178,7.170232234355179
2026-03-06 02:00:00+00:00,-0.6033358861223803,-6.161393568309137,2026-03-06 08:00:00+00:00,-8.472092472397868,-0.7862770318784162,7.778288827917992
2026-03-06 03:00:00+00:00,-24.738205328809215,-10.198163217172151,2026-03-06 09:00:00+00:00,-27.703740646392383,-14.09119400029536,9.671287135786294
2026-03-06 04:00:00+00:00,-12.542093690486311,-5.190192345967404,2026-03-06 10:00:00+00:00,-16.017561673023692,-9.129011204706766,3.2355674448535225
2026-03-06 05:00:00+00:00,-2.016339490076291,0.4183927707046564,2026-03-06 11:00:00+00:00,-12.15886163779111,-3.9358766041903475,5.744263957914998
2026-03-06 06:00:00+00:00,-0.8957709965162763,-7.572190952309654,2026-03-06 12:00:00+00:00,-9.310002156014171,-1.7512037612782199,8.206344534487853
2026-03-06 07:00:00+00:00,-25.445410142816982,-12.66871604358677,2026-03-06 13:00:00+00:00,-28.532674172136858,-14.473140240908856,10.55189577755936
2026-03-06 08:00:00+00:00,-6.161393568309137,-28.295984503499128,2026-03-06 14:00:00+00:00,-12.40352672688972,-4.3507646678098855,7.8993433307568335
2026-03-06 09:00:00+00:00,-10.198163217172151,2.882720228987168,2026-03-06 15:00:00+00:00,-14.420620042721042,-3.6854687333786122,3.6774186400806723
2026-03-06 10:00:00+00:00,-5.190192345967404,-16.72014536219457,2026-03-06 16:00:00+00:00,-12.084146854929646,-4.821098807261609,6.223234884683578
2026-03-06 11:00:00+00:00,0.4183927707046564,-14.793197468510044,2026-03-06 17:00:00+00:00,-14.128540024301499,-1.9128793672419624,7.158786096955607
2026-03-06 12:00:00+00:00,-7.572190952309654,-10.466245355056358,2026-03-06 18:00:00+00:00,-11.918072594795692,-2.5246056209183463,7.570940594448238
2026-03-06 13:00:00+00:00,-12.66871604358677,8.167788454889191,2026-03-06 19:00:00+00:00,-16.862112105328237,-4.757008816177981,4.257553301033607
2026-03-06 14:00:00+00:00,-28.295984503499128,-2.1341245828310207,2026-03-06 20:00:00+00:00,-32.11791462969593,-16.224348514764174,8.735690312871967
2026-03-06 15:00:00+00:00,2.882720228987168,2.4561019725499733,2026-03-06 21:00:00+00:00,-14.804739656494636,-4.147274496592503,6.752336542804311
2026-03-06 16:00:00+00:00,-16.72014536219457,-22.05415793697263,2026-03-06 22:00:00+00:00,-19.28357626441102,-7.753672310742219,8.92845944937514
2026-03-06 17:00:00+00:00,-14.793197468510044,-6.193782467400766,2026-03-06 23:00:00+00:00,-16.973599668345386,-7.896112759841703,6.154744844130295
2026-03-06 18:00:00+00:00,-10.466245355056358,12.512567607041447,2026-03-07 00:00:00+00:00,-16.810406346229897,-8.030126882651972,4.432175952968695
2026-03-06 19:00:00+00:00,8.167788454889191,-17.28203796700356,2026-03-07 01:00:00+00:00,-12.962267721871214,-1.8948987449324903,9.31674592306651
2026-03-06 20:00:00+00:00,-2.1341245828310207,-16.17991328431323,2026-03-07 02:00:00+00:00,-13.991529018501724,-4.408141414132874,7.30147260602444
2026-03-06 21:00:00+00:00,2.4561019725499733,-15.99084572055709,2026-03-07 03:00:00+00:00,-10.55608265337747,-2.338993339060055,10.369324474424403
2026-03-06 22:00:00+00:00,-22.05415793697263,5.278032570279478,2026-03-07 04:00:00+00:00,-23.958036146635166,-13.646270430473422,8.62186009260057
2026-03-06 23:00:00+00:00,-6.193782467400766,-18.145346929596684,2026-03-07 05:00:00+00:00,-13.216900090844153,-5.089079430633998,5.602937306907068
2026-03-07 00:00:00+00:00,12.512567607041447,-10.049030596226416,2026-03-07 06:00:00+00:00,-8.440445395620877,-0.6347393762907494,9.677874716916417
2026-03-07 01:00:00+00:00,-17.28203796700356,14.174070573691466,2026-03-07 07:00:00+00:00,-19.58240390575555,-4.421701696782547,19.166561630445088
2026-03-07 02:00:00+00:00,-16.17991328431323,3.548765648799801,2026-03-07 08:00:00+00:00,-19.947214177280777,-8.92708627290174,12.865816618620062
2026-03-07 03:00:00+00:00,-15.99084572055709,4.015216736581451,2026-03-07 09:00:00+00:00,-17.082157750507907,-8.013885912114443,10.349893703391505
2026-03-07 04:00:00+00:00,5.278032570279478,-21.149576718029195,2026-03-07 10:00:00+00:00,-9.794261258958242,-1.505128689741695,8.069085413141007
2026-03-07 05:00:00+00:00,-18.145346929596684,-14.319147832804191,2026-03-07 11:00:00+00:00,-21.04867451767285,-8.146258466040802,18.985189805713077
2026-03-07 06:00:00+00:00,-10.049030596226416,-7.592294129867838,2026-03-07 12:00:00+00:00,-12.730978019761864,-3.468552075353281,13.352410046164824
2026-03-07 07:00:00+00:00,14.174070573691466,-18.302006115291647,2026-03-07 13:00:00+00:00,-9.208344735037972,-0.6075254337395215,10.955448229469944
2026-03-07 08:00:00+00:00,3.548765648799801,-12.651596901811502,2026-03-07 14:00:00+00:00,-9.728402157364014,-0.41673179858704934,9.941474740165962
2026-03-07 09:00:00+00:00,4.015216736581451,-17.224800389010753,2026-03-07 15:00:00+00:00,-8.585315067731594,-1.9634560743101934,9.77064536257776
2026-03-07 10:00:00+00:00,-21.149576718029195,-8.114235160139316,2026-03-07 16:00:00+00:00,-22.98596046886768,-8.639016939043643,17.948096211938825
2026-03-07 11:00:00+00:00,-14.319147832804191,-20.274837414335778,2026-03-07 17:00:00+00:00,-21.72985218601861,-12.09840572173184,4.268377052336589
2026-03-07 12:00:00+00:00,-7.592294129867838,7.518825607881752,2026-03-07 18:00:00+00:00,-13.62376801081325,-6.029503050470607,8.07201013602217
2026-03-07 13:00:00+00:00,-18.302006115291647,-5.653807763454921,2026-03-07 19:00:00+00:00,-19.44654325608609,-6.154583321995094,19.65859128827838
2026-03-07 14:00:00+00:00,-12.651596901811502,-22.18515481704486,2026-03-07 20:00:00+00:00,-18.640775193500136,-8.243542995883729,11.91304290007223
2026-03-07 15:00:00+00:00,-17.224800389010753,-6.416121009547027,2026-03-07 21:00:00+00:00,-20.42238520454907,-4.22979710785272,17.16185902314473
2026-03-07 16:00:00+00:00,-8.114235160139316,-28.898115411486458,2026-03-07 22:00:00+00:00,-15.857448170112754,-7.726079673108874,5.793929930227103
2026-03-07 17:00:00+00:00,-20.274837414335778,-4.917250927540806,2026-03-07 23:00:00+00:00,-24.343722958033037,-11.826296446478311,13.498441889662288
2026-03-07 18:00:00+00:00,7.518825607881752,-15.659851697593652,2026-03-08 00:00:00+00:00,-11.31315256167547,-1.6027625319893772,8.654969306879051
2026-03-07 19:00:00+00:00,-5.653807763454921,14.59900809241077,2026-03-08 01:00:00+00:00,-13.403533767000209,-1.3057356158019715,7.6707475810258074
2026-03-07 20:00:00+00:00,-22.18515481704486,-3.861847840882504,2026-03-08 02:00:00+00:00,-24.58503464350015,-12.650170682906607,9.973112310203476
2026-03-07 21:00:00+00:00,-6.416121009547027,-7.070724472226786,2026-03-08 03:00:00+00:00,-14.20031246149463,-6.074572869788804,5.1486086352992775
2026-03-07 22:00:00+00:00,-28.898115411486458,-2.379704404438243,2026-03-08 04:00:00+00:00,-31.245501085537697,-15.996694648449829,12.478276619062534
2026-03-07 23:00:00+00:00,-4.917250927540806,-8.058818847098692,2026-03-08 05:00:00+00:00,-12.737091660896073,-4.930929207606738,4.145742914813814
2026-03-08 00:00:00+00:00,-15.659851697593652,-5.026780961392419,2026-03-08 06:00:00+00:00,-15.89332168914094,-2.499392025971053,13.62957909897667
2026-03-08 01:00:00+00:00,14.59900809241077,7.811363804659521,2026-03-08 07:00:00+00:00,-8.295538011036527,0.45508430907764996,11.961578214699365
2026-03-08 02:00:00+00:00,-3.861847840882504,-13.500388938680885,2026-03-08 08:00:00+00:00,-12.191056842916785,-0.5395176764670588,7.639526281635547
2026-03-08 03:00:00+00:00,-7.070724472226786,-20.32674036600568,2026-03-08 09:00:00+00:00,-11.747534922866706,-2.4323002219812304,9.19386787312813
2026-03-08 04:00:00+00:00,-2.379704404438243,-19.93814373462577,2026-03-08 10:00:00+00:00,-13.38558165946189,-4.814223167074052,6.192821083268244
2026-03-08 05:00:00+00:00,-8.058818847098692,-9.555169995021373,2026-03-08 11:00:00+00:00,-11.76896711120535,-2.7898521255727555,7.936368848426582
2026-03-08 06:00:00+00:00,-5.026780961392419,-18.99186280433618,2026-03-08 12:00:00+00:00,-11.305838038470194,-1.82056226089222,5.879786565403423
2026-03-08 07:00:00+00:00,7.811363804659521,-3.4520081503774946,2026-03-08 13:00:00+00:00,-10.23988202509834,0.40809230150980813,10.744077669982126
2026-03-08 08:00:00+00:00,-13.500388938680885,-21.25022037342994,2026-03-08 14:00:00+00:00,-14.966006845022978,-3.6528506757193817,9.091936042696375
2026-03-08 09:00:00+00:00,-20.32674036600568,-15.516606649139675,2026-03-08 15:00:00+00:00,-23.220604154051223,-10.033412379315088,15.655020378580673
2026-03-08 10:00:00+00:00,-19.93814373462577,-13.48346450794402,2026-03-08 16:00:00+00:00,-24.122523045667123,-12.81018929096215,16.7206438123063
2026-03-08 11:00:00+00:00,-9.555169995021373,-9.601785240809235,2026-03-08 17:00:00+00:00,-14.089775249351845,-7.023667711790612,7.651578067207211
2026-03-08 12:00:00+00:00,-18.99186280433618,4.50104755914893,2026-03-08 18:00:00+00:00,-22.598309820890265,-8.4934649727405,17.244795401286808
2026-03-08 13:00:00+00:00,-3.4520081503774946,-13.783659291748407,2026-03-08 19:00:00+00:00,-10.980163384680786,-2.348713491710048,5.61147342297949
2026-03-08 14:00:00+00:00,-21.25022037342994,5.70638076889729,2026-03-08 20:00:00+00:00,-24.977563105531257,-12.574907292189488,13.381413694577049
2026-03-08 15:00:00+00:00,-15.516606649139675,5.229206165937583,2026-03-08 21:00:00+00:00,-20.29451787838945,-12.607230660950233,3.673649198412029
2026-03-08 16:00:00+00:00,-13.48346450794402,6.352935477540456,2026-03-08 22:00:00+00:00,-19.988110291478744,-8.402413408675471,7.638309620170563
2026-03-08 17:00:00+00:00,-9.601785240809235,8.34727157302595,2026-03-08 23:00:00+00:00,-14.932953897208037,-7.495946235660492,6.17961108810815
2026-03-08 18:00:00+00:00,4.50104755914893,9.419093408258306,2026-03-09 00:00:00+00:00,-10.03335098866424,-1.2085355905953845,7.497715066206114
2026-03-08 19:00:00+00:00,-13.783659291748407,3.6235821082897246,2026-03-09 01:00:00+00:00,-15.04177812906659,-4.269565039912278,10.100326115789272
2026-03-08 20:00:00+00:00,5.70638076889729,-1.3723208317539815,2026-03-09 02:00:00+00:00,-8.698417467868804,-0.6712381634129949,9.324393533709557
2026-03-08 21:00:00+00:00,5.229206165937583,-5.1855102131703745,2026-03-09 03:00:00+00:00,-11.264582098583713,-2.079140707015797,10.905120112339082
2026-03-08 22:00:00+00:00,6.352935477540456,20.85148354677102,2026-03-09 04:00:00+00:00,-10.993968663444779,-2.8759687688473132,9.559478071538598
2026-03-08 23:00:00+00:00,8.34727157302595,-7.161060453997337,2026-03-09 05:00:00+00:00,-11.10392709104659,-1.8730033700967983,9.652268074311504
2026-03-09 00:00:00+00:00,9.419093408258306,11.720206632368502,2026-03-09 06:00:00+00:00,-8.328039284476493,0.06768028389438818,11.538050536426491
2026-03-09 01:00:00+00:00,3.6235821082897246,4.1497044416694,2026-03-09 07:00:00+00:00,-8.082129283561956,0.25556482828602967,9.869980281741551
2026-03-09 02:00:00+00:00,-1.3723208317539815,2.2872274205187892,2026-03-09 08:00:00+00:00,-9.478698557729423,-3.5421072887995737,6.809521750105526
2026-03-09 03:00:00+00:00,-5.1855102131703745,18.927951428269196,2026-03-09 09:00:00+00:00,-8.950504013511697,-2.3599395716234004,7.524684010816788
2026-03-09 04:00:00+00:00,20.85148354677102,19.179751581823723,2026-03-09 10:00:00+00:00,-3.0302024034918915,6.340013170160404,18.127599644749885
2026-03-09 05:00:00+00:00,-7.161060453997337,4.618061841661358,2026-03-09 11:00:00+00:00,-11.011420532003577,-0.4323631169578821,13.8245558488628
2026-03-09 06:00:00+00:00,11.720206632368502,0.8355828054007475,2026-03-09 12:00:00+00:00,-9.868889332736813,0.8763024529056285,11.0359296070162
2026-03-09 07:00:00+00:00,4.1497044416694,13.269334331260652,2026-03-09 13:00:00+00:00,-10.519029587691598,0.7678284493256045,13.232407286125087
2026-03-09 08:00:00+00:00,2.2872274205187892,11.757303522141882,2026-03-09 14:00:00+00:00,-9.289501358436585,1.7893798265363805,10.069933278630643
2026-03-09 09:00:00+00:00,18.927951428269196,4.858719540816736,2026-03-09 15:00:00+00:00,-4.511752524374259,4.153287641766209,16.604544041953428
2026-03-09 10:00:00+00:00,19.179751581823723,-7.530927012711075,2026-03-09 16:00:00+00:00,-2.338172146868441,6.476624939400885,18.238251882739004
2026-03-09 11:00:00+00:00,4.618061841661358,-5.9282475746158525,2026-03-09 17:00:00+00:00,-8.98414122903973,1.3887367458875808,9.604832962383709
2026-03-09 12:00:00+00:00,0.8355828054007475,2.0383985666594384,2026-03-09 18:00:00+00:00,-11.360735888465449,0.34628377794035614,11.613550120231913
2026-03-09 13:00:00+00:00,13.269334331260652,12.236605557216507,2026-03-09 19:00:00+00:00,-6.55797242336423,2.844740554085167,11.14320919981285
2026-03-09 14:00:00+00:00,11.757303522141882,3.9318559004364317,2026-03-09 20:00:00+00:00,-7.465205522700224,0.43809907130672165,10.184198127402976
2026-03-09 15:00:00+00:00,4.858719540816736,2.895564295872788,2026-03-09 21:00:00+00:00,-8.249958899118258,2.14318916512163,10.476782990130936
2026-03-09 16:00:00+00:00,-7.530927012711075,-3.8888223942112887,2026-03-09 22:00:00+00:00,-10.831251777359306,1.7836491179740452,13.569804364181088
2026-03-09 17:00:00+00:00,-5.9282475746158525,15.267504811617982,2026-03-09 23:00:00+00:00,-11.646229918683895,0.2846218091896926,10.573843551055518
2026-03-09 18:00:00+00:00,2.0383985666594384,7.612082771562001,2026-03-10 00:00:00+00:00,-10.65124071269749,-0.09924939370142383,9.61537156790615
2026-03-09 19:00:00+00:00,12.236605557216507,-10.121944102960967,2026-03-10 01:00:00+00:00,-7.083848600881517,1.9445115879028858,10.521166740269601
2026-03-09 20:00:00+00:00,3.9318559004364317,-14.490617400326755,2026-03-10 02:00:00+00:00,-6.80219654402576,5.101361284190945,11.233377593392275
2026-03-09 21:00:00+00:00,2.895564295872788,2.5156054160024865,2026-03-10 03:00:00+00:00,-7.941639958101382,1.5183888688178453,10.462193593685761
2026-03-09 22:00:00+00:00,-3.8888223942112887,12.534307234899345,2026-03-10 04:00:00+00:00,-9.787858842025088,0.06341839611179712,7.724705857314618
2026-03-09 23:00:00+00:00,15.267504811617982,-4.292732452269021,2026-03-10 05:00:00+00:00,-5.512361366093362,1.7033425589998288,12.168112120054966
2026-03-10 00:00:00+00:00,7.612082771562001,13.995617204134447,2026-03-10 06:00:00+00:00,-7.288427857460084,2.29148509405422,10.399313945154189
2026-03-10 01:00:00+00:00,-10.121944102960967,-20.971753172265295,2026-03-10 07:00:00+00:00,-9.656285054546318,2.665077499773309,15.624187026499047
2026-03-10 02:00:00+00:00,-14.490617400326755,-16.178631604839566,2026-03-10 08:00:00+00:00,-14.948740151057224,-4.216828001902174,10.418209088896397
2026-03-10 03:00:00+00:00,2.5156054160024865,3.6995900342606802,2026-03-10 09:00:00+00:00,-8.40883454043759,1.0059827766954204,10.621240950223024
2026-03-10 04:00:00+00:00,12.534307234899345,8.11187281161807,2026-03-10 10:00:00+00:00,-7.586407046462043,0.306094602233868,10.284358629342282
2026-03-10 05:00:00+00:00,-4.292732452269021,20.892038852267092,2026-03-10 11:00:00+00:00,-9.392154004961679,1.9693261867728085,10.234318654041486
2026-03-10 06:00:00+00:00,13.995617204134447,-1.4209476059523496,2026-03-10 12:00:00+00:00,-9.351475578636137,0.08057892566614022,11.746730085071908
2026-03-10 07:00:00+00:00,-20.971753172265295,23.006072862434834,2026-03-10 13:00:00+00:00,-24.039350613794408,-10.677058582068623,15.98773370798483
2026-03-10 08:00:00+00:00,-16.178631604839566,10.45579418369691,2026-03-10 14:00:00+00:00,-22.63467732758503,-11.60063587223187,10.675009421306257
2026-03-10 09:00:00+00:00,3.6995900342606802,18.138711939155172,2026-03-10 15:00:00+00:00,-8.488522366916927,0.45785600375823243,10.147299004188778
2026-03-10 10:00:00+00:00,8.11187281161807,6.784339963488151,2026-03-10 16:00:00+00:00,-9.511366766194353,1.7611166796679543,10.428084752774184
2026-03-10 11:00:00+00:00,20.892038852267092,12.251674249625921,2026-03-10 17:00:00+00:00,-2.181865486729915,5.847248084898631,18.519598164291075
2026-03-10 12:00:00+00:00,-1.4209476059523496,0.7684577468936027,2026-03-10 18:00:00+00:00,-9.422163483718476,0.259269677240209,10.972776171563115
2026-03-10 13:00:00+00:00,23.006072862434834,-5.523745348998688,2026-03-10 19:00:00+00:00,-0.12887895324947252,8.514536874064678,20.65401181923097
2026-03-10 14:00:00+00:00,10.45579418369691,15.86306243759772,2026-03-10 20:00:00+00:00,-8.189833419991903,0.7051997040621849,10.595768702526152
2026-03-10 15:00:00+00:00,18.138711939155172,-6.502460492399109,2026-03-10 21:00:00+00:00,-4.640037015453608,4.187626292208508,15.985208597978783
2026-03-10 16:00:00+00:00,6.784339963488151,-3.620634121963562,2026-03-10 22:00:00+00:00,-7.8109980288656615,1.3750582273627376,11.174462505797651
2026-03-10 17:00:00+00:00,12.251674249625921,-2.0359383929235975,2026-03-10 23:00:00+00:00,-5.128837146450472,2.270768798732762,11.299134117413146
2026-03-10 18:00:00+00:00,0.7684577468936027,-2.898629123633256,2026-03-11 00:00:00+00:00,-11.92590989726938,-0.10545995458302959,9.678590965104796
2026-03-10 19:00:00+00:00,-5.523745348998688,0.49382947016063383,2026-03-11 01:00:00+00:00,-12.289848319005973,1.8857593135408575,13.172210150380455
2026-03-10 20:00:00+00:00,15.86306243759772,-4.89009262440554,2026-03-11 02:00:00+00:00,-6.707065603951062,1.8706052150642503,13.971459156940407
2026-03-10 21:00:00+00:00,-6.502460492399109,-3.6201682353276254,2026-03-11 03:00:00+00:00,-10.444094816330189,1.8842820078072986,16.345059926797802
2026-03-10 22:00:00+00:00,-3.620634121963562,-15.347761118533754,2026-03-11 04:00:00+00:00,-13.011468627531857,-3.266568174030315,7.042393836954583
2026-03-10 23:00:00+00:00,-2.0359383929235975,-12.707561120040012,2026-03-11 05:00:00+00:00,-9.171389693679679,-2.3063453345321094,8.995436709250633
2026-03-11 00:00:00+00:00,-2.898629123633256,-1.1483448437754618,2026-03-11 06:00:00+00:00,-11.172567281562769,-2.8824471510873417,7.9790653435894825
2026-03-11 01:00:00+00:00,0.49382947016063383,-19.768751128301787,2026-03-11 07:00:00+00:00,-9.529012101873695,0.47845349086007183,9.074764012839529
2026-03-11 02:00:00+00:00,-4.89009262440554,-17.296498260694904,2026-03-11 08:00:00+00:00,-8.447708992599507,3.459967409010508,12.462056622119142
2026-03-11 03:00:00+00:00,-3.6201682353276254,2.759036939616877,2026-03-11 09:00:00+00:00,-11.9776915481255,-2.2038885597981253,7.530462971502789
2026-03-11 04:00:00+00:00,-15.347761118533754,-2.543786312561025,2026-03-11 10:00:00+00:00,-16.986166906505204,-4.936393230750937,8.953957628347329
2026-03-11 05:00:00+00:00,-12.707561120040012,-14.314988684249741,2026-03-11 11:00:00+00:00,-14.608764277632847,-4.758382652247164,11.517497490900784
2026-03-11 06:00:00+00:00,-1.1483448437754618,-10.892800379442846,2026-03-11 12:00:00+00:00,-11.515723803883333,-2.3679048432851877,8.15451837890749
2026-03-11 07:00:00+00:00,-19.768751128301787,-18.82426142537419,2026-03-11 13:00:00+00:00,-20.606724220465022,-6.738561515500125,18.80823822968032
2026-03-11 08:00:00+00:00,-17.296498260694904,-21.757981437993124,2026-03-11 14:00:00+00:00,-23.032779133741773,-10.188991695261755,9.881626181113237
2026-03-11 09:00:00+00:00,2.759036939616877,17.371425846270938,2026-03-11 15:00:00+00:00,-8.83497709915542,-1.0497115274179794,7.72640172530148
2026-03-11 10:00:00+00:00,-2.543786312561025,5.721601347081773,2026-03-11 16:00:00+00:00,-11.88749824744514,-1.4357627191418525,7.093288572744724
2026-03-11 11:00:00+00:00,-14.314988684249741,-9.551251057109411,2026-03-11 17:00:00+00:00,-17.647862117342573,-4.96803176209789,9.282490013913893
2026-03-11 12:00:00+00:00,-10.892800379442846,8.646966539389567,2026-03-11 18:00:00+00:00,-14.61128196834424,-6.072445747903211,7.870420927066334
2026-03-11 13:00:00+00:00,-18.82426142537419,0.13235735605299226,2026-03-11 19:00:00+00:00,-20.079944218755188,-9.573695640316188,11.602828627232878
2026-03-11 14:00:00+00:00,-21.757981437993124,12.723579309836808,2026-03-11 20:00:00+00:00,-23.862270713582088,-13.385773334748453,10.4953042990484
2026-03-11 15:00:00+00:00,17.371425846270938,6.454630328951438,2026-03-11 21:00:00+00:00,-6.302627709433622,2.279713225827466,14.801450239470164
2026-03-11 16:00:00+00:00,5.721601347081773,1.0783702433592168,2026-03-11 22:00:00+00:00,-8.958685529728822,0.029757674133963796,10.47152612031924
2026-03-11 17:00:00+00:00,-9.551251057109411,16.224324756990427,2026-03-11 23:00:00+00:00,-13.296270098765161,-2.398667540335664,9.265105048730351
2026-03-11 18:00:00+00:00,8.646966539389567,21.637894775832223,2026-03-12 00:00:00+00:00,-11.542675383123647,-0.17284516346117762,9.53351484642486
2026-03-11 19:00:00+00:00,0.13235735605299226,-19.62813703834776,2026-03-12 01:00:00+00:00,-13.162713452379183,-1.360864235336955,8.694701318041115
2026-03-11 20:00:00+00:00,12.723579309836808,-5.1618154292576435,2026-03-12 02:00:00+00:00,-6.992708763422414,1.5578654272812766,10.730181687418149
2026-03-11 21:00:00+00:00,6.454630328951438,-10.98937398413824,2026-03-12 03:00:00+00:00,-9.39041449161731,0.9257380857506146,10.706062331180382
2026-03-11 22:00:00+00:00,1.0783702433592168,-12.839423771673353,2026-03-12 04:00:00+00:00,-9.302817987021765,-0.30572238450896805,9.737548454280239
2026-03-11 23:00:00+00:00,16.224324756990427,-9.186283444293508,2026-03-12 05:00:00+00:00,-6.8836210711163694,0.7916455147630312,13.206816964264872
2026-03-12 00:00:00+00:00,21.637894775832223,-10.323587388727518,2026-03-12 06:00:00+00:00,-0.7555812627758023,6.6333301812057766,19.159345585729973
2026-03-12 01:00:00+00:00,-19.62813703834776,-0.31783631440518434,2026-03-12 07:00:00+00:00,-22.14514080249914,-8.230085748180317,18.966509466839902
2026-03-12 02:00:00+00:00,-5.1618154292576435,-9.094485166274424,2026-03-12 08:00:00+00:00,-13.21958125094222,-5.048626546962846,11.084023602294451
2026-03-12 03:00:00+00:00,-10.98937398413824,-9.299653509264871,2026-03-12 09:00:00+00:00,-12.554775696477307,-1.766528561546794,9.044519657109067
2026-03-12 04:00:00+00:00,-12.839423771673353,3.1939804596259336,2026-03-12 10:00:00+00:00,-16.712048056538972,-5.221666826973468,13.608669027693317
2026-03-12 05:00:00+00:00,-9.186283444293508,6.589780078760654,2026-03-12 11:00:00+00:00,-11.43092746066492,-3.061505512794529,14.070106829984834
2026-03-12 06:00:00+00:00,-10.323587388727518,8.076057781316592,2026-03-12 12:00:00+00:00,-11.290753828243258,-0.905858856823123,14.18971032037464
2026-03-12 07:00:00+00:00,-0.31783631440518434,11.045700889189547,2026-03-12 13:00:00+00:00,-10.772442231694928,-3.327852171950625,7.082120333989959
2026-03-12 08:00:00+00:00,-9.094485166274424,-2.563775546224889,2026-03-12 14:00:00+00:00,-10.3182723083448,-1.4485242326599002,8.466283841298083
2026-03-12 09:00:00+00:00,-9.299653509264871,6.335549416442987,2026-03-12 15:00:00+00:00,-15.052311296100886,-4.035000400170029,9.279740526776962
2026-03-12 10:00:00+00:00,3.1939804596259336,4.26285102942181,2026-03-12 16:00:00+00:00,-11.074908834225532,-1.8952023907058013,8.815082440503655
2026-03-12 11:00:00+00:00,6.589780078760654,-9.013217681905772,2026-03-12 17:00:00+00:00,-10.766747480156493,-1.2685158243688708,10.00658637421677
2026-03-12 12:00:00+00:00,8.076057781316592,3.3544303960120203,2026-03-12 18:00:00+00:00,-10.533837394035753,-1.0972488262214046,10.065861050676979
2026-03-12 13:00:00+00:00,11.045700889189547,3.959817077632266,2026-03-12 19:00:00+00:00,-6.652395303629536,0.08032637428190981,10.074131900251398
2026-03-12 14:00:00+00:00,-2.563775546224889,-10.453861290686817,2026-03-12 20:00:00+00:00,-12.571507377800271,-1.2505999143415725,8.378787715230093
2026-03-12 15:00:00+00:00,6.335549416442987,-0.5515117539811598,2026-03-12 21:00:00+00:00,-10.270924934802736,-3.5520021597156592,8.976498086291231
2026-03-12 16:00:00+00:00,4.26285102942181,-2.989421543535542,2026-03-12 22:00:00+00:00,-6.995345636677294,1.5035837463793258,9.656439969256976
2026-03-12 17:00:00+00:00,-9.013217681905772,14.943373590314835,2026-03-12 23:00:00+00:00,-10.151843340406195,0.11084255111125074,11.099808146386096
2026-03-12 18:00:00+00:00,3.3544303960120203,23.493391263267327,2026-03-13 00:00:00+00:00,-8.829064837004378,-0.7332062542637008,9.101481083141902
2026-03-12 19:00:00+00:00,3.959817077632266,16.48478030401357,2026-03-13 01:00:00+00:00,-10.142154453451349,-1.8011021359498542,12.547921060320713
2026-03-12 20:00:00+00:00,-10.453861290686817,6.187550704765954,2026-03-13 02:00:00+00:00,-13.402660593381928,-1.0980022330800967,11.623087928184095
2026-03-12 21:00:00+00:00,-0.5515117539811598,2.0441345222455,2026-03-13 03:00:00+00:00,-10.485588591347051,-1.7731937419825625,7.346694498555546
2026-03-12 22:00:00+00:00,-2.989421543535542,2.8654146996398566,2026-03-13 04:00:00+00:00,-10.608117030218658,-2.386602588903575,6.684544689299576
2026-03-12 23:00:00+00:00,14.943373590314835,-0.31608895364243494,2026-03-13 05:00:00+00:00,-7.869876314871249,0.17085834464383431,11.92586579758928
2026-03-13 00:00:00+00:00,23.493391263267327,-5.04890662500479,2026-03-13 06:00:00+00:00,0.8202961430103208,8.705701504581649,21.42993526610292
2026-03-13 01:00:00+00:00,16.48478030401357,-7.465944763600518,2026-03-13 07:00:00+00:00,-6.448383869803624,4.959310493618581,15.878670817950708
2026-03-13 02:00:00+00:00,6.187550704765954,10.035286594689552,2026-03-13 08:00:00+00:00,-8.351694204439235,0.6900413365162663,10.39078091457441
2026-03-13 03:00:00+00:00,2.0441345222455,9.372402340792618,2026-03-13 09:00:00+00:00,-10.529212523959625,1.0150880602331251,9.995968954116321
2026-03-13 04:00:00+00:00,2.8654146996398566,-13.045537325977463,2026-03-13 10:00:00+00:00,-8.679583338109282,-0.7958736547569374,10.082920724961138
2026-03-13 05:00:00+00:00,-0.31608895364243494,10.28164788148267,2026-03-13 11:00:00+00:00,-9.227562533062759,1.9265294464886922,10.172860534306675
2026-03-13 06:00:00+00:00,-5.04890662500479,-1.2062115365374382,2026-03-13 12:00:00+00:00,-9.588064228873995,3.346426249256737,12.431208531584307
2026-03-13 07:00:00+00:00,-7.465944763600518,-2.0747442143864703,2026-03-13 13:00:00+00:00,-11.174111484055237,0.4000229129348396,12.606305826963336
2026-03-13 08:00:00+00:00,10.035286594689552,-4.972152966908894,2026-03-13 14:00:00+00:00,-7.997547539805627,1.0379894830213257,10.084259144430483
2026-03-13 09:00:00+00:00,9.372402340792618,4.0023955101364805,2026-03-13 15:00:00+00:00,-6.811366641173208,1.5571443541850636,12.445297507657147
2026-03-13 10:00:00+00:00,-13.045537325977463,-15.922806078148,2026-03-13 16:00:00+00:00,-13.11243732425745,-1.905891703448546,11.918788482679634
2026-03-13 11:00:00+00:00,10.28164788148267,-8.281754950010267,2026-03-13 17:00:00+00:00,-6.441638538270265,1.2973315817076045,9.621397661802364
2026-03-13 12:00:00+00:00,-1.2062115365374382,2.676889700889973,2026-03-13 18:00:00+00:00,-10.145826749113283,0.9098331058970861,11.153359689118274
2026-03-13 13:00:00+00:00,-2.0747442143864703,-12.15216136679409,2026-03-13 19:00:00+00:00,-11.486915062616369,-1.4861944196486319,9.616884087289982
2026-03-13 14:00:00+00:00,-4.972152966908894,-0.1881641394785305,2026-03-13 20:00:00+00:00,-10.556659575918317,0.2646523115744399,9.047023249398276
2026-03-13 15:00:00+00:00,4.0023955101364805,4.8096268621034,2026-03-13 21:00:00+00:00,-9.713150033370624,-0.2764134283931243,10.081958196197625
2026-03-13 16:00:00+00:00,-15.922806078148,3.044139637529142,2026-03-13 22:00:00+00:00,-18.142233499826734,-6.815319982545731,3.579425298788408
2026-03-13 17:00:00+00:00,-8.281754950010267,-4.217057980095973,2026-03-13 23:00:00+00:00,-14.039708861466082,-5.133165509436928,8.915491106696862
2026-03-13 18:00:00+00:00,2.676889700889973,3.3031276105877083,2026-03-14 00:00:00+00:00,-11.627070237603116,-2.1667452783016197,8.1481102523431
2026-03-13 19:00:00+00:00,-12.15216136679409,6.377959707428715,2026-03-14 01:00:00+00:00,-13.206275725734622,-2.016185257418025,5.989452296581028
2026-03-13 20:00:00+00:00,-0.1881641394785305,-18.586926476382715,2026-03-14 02:00:00+00:00,-11.429285824423802,-1.1628136619506964,8.393726906465378
2026-03-13 21:00:00+00:00,4.8096268621034,-15.834187294663238,2026-03-14 03:00:00+00:00,-9.220736547531674,-1.858139196691333,10.26506585685536
2026-03-13 22:00:00+00:00,3.044139637529142,-10.474795790225144,2026-03-14 04:00:00+00:00,-11.021776986581608,-2.8373390171810584,9.411528519684328
2026-03-13 23:00:00+00:00,-4.217057980095973,-2.3266701520618938,2026-03-14 05:00:00+00:00,-9.845181609700605,-1.3207094993113642,6.915659484838303
2026-03-14 00:00:00+00:00,3.3031276105877083,-17.57791049883828,2026-03-14 06:00:00+00:00,-7.597346282623359,-0.22166427617139073,8.592058617873718
2026-03-14 01:00:00+00:00,6.377959707428715,10.340292905350879,2026-03-14 07:00:00+00:00,-8.92762833547612,-2.3350700295423614,8.969635007307525
2026-03-14 02:00:00+00:00,-18.586926476382715,-1.9650983504693187,2026-03-14 08:00:00+00:00,-20.44591514881893,-7.822225379130037,15.369703840802913
2026-03-14 03:00:00+00:00,-15.834187294663238,-13.460062244021742,2026-03-14 09:00:00+00:00,-19.757713833238586,-6.556777508092001,12.421567774357165
2026-03-14 04:00:00+00:00,-10.474795790225144,-15.335769323545634,2026-03-14 10:00:00+00:00,-13.02994940255423,-5.724895959199876,8.236699998628136
2026-03-14 05:00:00+00:00,-2.3266701520618938,-9.712935667982592,2026-03-14 11:00:00+00:00,-9.76933597707039,-3.377661795450231,5.856039073364814
2026-03-14 06:00:00+00:00,-17.57791049883828,0.20747942270915587,2026-03-14 12:00:00+00:00,-19.66146288441872,-5.161453012679377,20.647981626857828
2026-03-14 07:00:00+00:00,10.340292905350879,-14.688021544406737,2026-03-14 13:00:00+00:00,-10.235591966496102,-0.8501807811670918,10.158689978759835
2026-03-14 08:00:00+00:00,-1.9650983504693187,-18.124451469203606,2026-03-14 14:00:00+00:00,-13.303771980880384,-2.482731849612957,7.416236622610873
2026-03-14 09:00:00+00:00,-13.460062244021742,-7.627739450501991,2026-03-14 15:00:00+00:00,-16.664092524902053,-4.6612941125034375,5.603224394317358
2026-03-14 10:00:00+00:00,-15.335769323545634,-17.026033382654404,2026-03-14 16:00:00+00:00,-19.624140750437597,-9.527788697424356,5.868986578409377
2026-03-14 11:00:00+00:00,-9.712935667982592,6.0476138506171395,2026-03-14 17:00:00+00:00,-13.583331092604467,-7.065240376437169,4.797003516384695
2026-03-14 12:00:00+00:00,0.20747942270915587,-0.592870750644181,2026-03-14 18:00:00+00:00,-15.448240797056192,-2.668761848961022,8.014150185247177
2026-03-14 13:00:00+00:00,-14.688021544406737,-18.10089538345494,2026-03-14 19:00:00+00:00,-16.520070537392378,-1.9182450638353075,11.837334169658675
2026-03-14 14:00:00+00:00,-18.124451469203606,-3.96637324149296,2026-03-14 20:00:00+00:00,-18.33518931262498,-8.663453266624701,13.551319688208324
2026-03-14 15:00:00+00:00,-7.627739450501991,-10.507761127902526,2026-03-14 21:00:00+00:00,-14.097444976996709,-6.6362274609074206,5.158151345598425
2026-03-14 16:00:00+00:00,-17.026033382654404,5.730027610955091,2026-03-14 22:00:00+00:00,-20.17310474909975,-8.099873983669163,5.693302943533986
2026-03-14 17:00:00+00:00,6.0476138506171395,9.121135425926852,2026-03-14 23:00:00+00:00,-12.03439761712,-3.25742555600843,10.339195688130303
2026-03-14 18:00:00+00:00,-0.592870750644181,-8.727101083154665,2026-03-15 00:00:00+00:00,-9.370892178262263,-0.4752552954671911,7.965246745200224
2026-03-14 19:00:00+00:00,-18.10089538345494,-15.519671806192292,2026-03-15 01:00:00+00:00,-20.120849161260836,-9.193515940962907,11.21294666551297
2026-03-14 20:00:00+00:00,-3.96637324149296,-19.397361322148754,2026-03-15 02:00:00+00:00,-13.439024645628571,-3.688032409986238,4.053392869779131
2026-03-14 21:00:00+00:00,-10.507761127902526,-3.5238641192947284,2026-03-15 03:00:00+00:00,-10.729812005631857,-1.6332751767207654,6.410313706474501
2026-03-14 22:00:00+00:00,5.730027610955091,11.548895668695991,2026-03-15 04:00:00+00:00,-10.393166075822105,-2.171170478687741,9.25263524242023
2026-03-14 23:00:00+00:00,9.121135425926852,-0.9211624958904707,2026-03-15 05:00:00+00:00,-8.836191397342631,-0.6098981934462202,10.41634249199432
2026-03-15 00:00:00+00:00,-8.727101083154665,-0.021806710686078645,2026-03-15 06:00:00+00:00,-10.550722688911357,0.002826237772019624,9.19155552354491
2026-03-15 01:00:00+00:00,-15.519671806192292,-7.937145013370284,2026-03-15 07:00:00+00:00,-19.767329697218088,-7.378007803218319,4.763731153621912
2026-03-15 02:00:00+00:00,-19.397361322148754,1.5401372893109055,2026-03-15 08:00:00+00:00,-21.98001616955936,-9.883374792400767,15.434587966707646
2026-03-15 03:00:00+00:00,-3.5238641192947284,14.76366965649234,2026-03-15 09:00:00+00:00,-9.928709035913602,-3.07756457501091,6.292000571206255
2026-03-15 04:00:00+00:00,11.548895668695991,0.8672178572766143,2026-03-15 10:00:00+00:00,-8.601927083058253,-0.31722361411263833,9.246954477450185
2026-03-15 05:00:00+00:00,-0.9211624958904707,-2.345390962492644,2026-03-15 11:00:00+00:00,-9.191359666257513,-0.38025174890113134,11.411997778940112
2026-03-15 06:00:00+00:00,-0.021806710686078645,-7.657212752052445,2026-03-15 12:00:00+00:00,-13.294280066871437,-1.2592310780191305,8.345145555861667
2026-03-15 07:00:00+00:00,-7.937145013370284,10.17960986677835,2026-03-15 13:00:00+00:00,-12.668598008797336,-2.922851123904173,8.04564042757578
2026-03-15 08:00:00+00:00,1.5401372893109055,-4.349704847346203,2026-03-15 14:00:00+00:00,-10.923136795718207,-1.269680547632372,7.899816724509625
2026-03-15 09:00:00+00:00,14.76366965649234,1.1352587444779516,2026-03-15 15:00:00+00:00,-6.603949325184182,1.7531303394985311,12.066621451554706
2026-03-15 10:00:00+00:00,0.8672178572766143,-14.74950381730622,2026-03-15 16:00:00+00:00,-11.286803593081643,1.095720632514703,13.636997277798766
2026-03-15 11:00:00+00:00,-2.345390962492644,-3.144561129424517,2026-03-15 17:00:00+00:00,-10.957070358693347,-1.7253097631470393,8.153395523852721
2026-03-15 12:00:00+00:00,-7.657212752052445,0.2304904016448006,2026-03-15 18:00:00+00:00,-11.839766151100385,-0.7870992022193644,12.18829251583674
2026-03-15 13:00:00+00:00,10.17960986677835,-4.757544264508695,2026-03-15 19:00:00+00:00,-10.574846152437,0.26792865119614895,9.504369624656366
2026-03-15 14:00:00+00:00,-4.349704847346203,-7.857176126213616,2026-03-15 20:00:00+00:00,-9.788454253120378,-0.18437741835377697,8.498781336087237
2026-03-15 15:00:00+00:00,1.1352587444779516,-15.00682566268452,2026-03-15 21:00:00+00:00,-10.067714420753003,-1.5420769689662084,8.290624896503338
2026-03-15 16:00:00+00:00,-14.74950381730622,6.15247130529184,2026-03-15 22:00:00+00:00,-17.604992056176943,-4.953001257279237,9.876865128266044
2026-03-15 17:00:00+00:00,-3.144561129424517,6.249609384259003,2026-03-15 23:00:00+00:00,-12.828812447368868,-4.681507332155563,5.574034575827655
2026-03-15 18:00:00+00:00,0.2304904016448006,11.272677963640731,2026-03-16 00:00:00+00:00,-13.489864500120316,-1.8301620556257436,7.321769474215168
2026-03-15 19:00:00+00:00,-4.757544264508695,10.396493629203363,2026-03-16 01:00:00+00:00,-10.753005225166165,0.7514357240527794,5.832590695145438
2026-03-15 20:00:00+00:00,-7.857176126213616,-13.805478577681995,2026-03-16 02:00:00+00:00,-13.095056336647074,-3.024930612367844,9.065939231742686
2026-03-15 21:00:00+00:00,-15.00682566268452,2.458792934723064,2026-03-16 03:00:00+00:00,-15.190223626416422,-3.8432790738022398,7.255416345025051
2026-03-15 22:00:00+00:00,6.15247130529184,-0.7484974592575355,2026-03-16 04:00:00+00:00,-9.692254826270268,-0.3623030435187884,9.177639161178792
2026-03-15 23:00:00+00:00,6.249609384259003,8.13343942540179,2026-03-16 05:00:00+00:00,-9.358952810331393,-0.5825993667182789,11.26740416584709
2026-03-16 00:00:00+00:00,11.272677963640731,13.35597029060942,2026-03-16 06:00:00+00:00,-6.171802449387929,0.8504849159779138,11.182931853077042
2026-03-16 01:00:00+00:00,10.396493629203363,2.571847149823725,2026-03-16 07:00:00+00:00,-8.640095182425956,1.1068626874636838,12.082412986565899
2026-03-16 02:00:00+00:00,-13.805478577681995,10.370964143966432,2026-03-16 08:00:00+00:00,-16.443796130079537,-3.7272725929442885,10.703272010077669
2026-03-16 03:00:00+00:00,2.458792934723064,7.963150401106844,2026-03-16 09:00:00+00:00,-10.649873111627022,0.9430806788498478,8.08907290931147
2026-03-16 04:00:00+00:00,-0.7484974592575355,2.760535244501483,2026-03-16 10:00:00+00:00,-10.461142881640118,-0.8729827900161033,9.392563890557684
2026-03-16 05:00:00+00:00,8.13343942540179,18.695134269384184,2026-03-16 11:00:00+00:00,-10.096106696210398,0.317336166306565,10.066224967769838
2026-03-16 06:00:00+00:00,13.35597029060942,3.8900446149447987,2026-03-16 12:00:00+00:00,-8.240873156191114,1.5258086740551775,11.773797793432445
2026-03-16 07:00:00+00:00,2.571847149823725,-4.618768315420851,2026-03-16 13:00:00+00:00,-9.129780560084232,0.9582386381970596,10.10796529117087
2026-03-16 08:00:00+00:00,10.370964143966432,-5.777074298096707,2026-03-16 14:00:00+00:00,-9.180728566757193,-0.6252059647271686,9.9253081184897
2026-03-16 09:00:00+00:00,7.963150401106844,4.831241484346549,2026-03-16 15:00:00+00:00,-7.9639159765824985,1.8131965165399615,10.075611504448691
2026-03-16 10:00:00+00:00,2.760535244501483,-10.843105342175363,2026-03-16 16:00:00+00:00,-8.234196805529782,0.26046107123790385,9.799918922159383
2026-03-16 11:00:00+00:00,18.695134269384184,-1.1847768565775851,2026-03-16 17:00:00+00:00,-4.255710448209879,4.03696862081204,16.158950250429996
2026-03-16 12:00:00+00:00,3.8900446149447987,-3.4176150865494748,2026-03-16 18:00:00+00:00,-8.930038725332267,0.7699376536287224,13.491000807709506
2026-03-16 13:00:00+00:00,-4.618768315420851,2.4156992755930418,2026-03-16 19:00:00+00:00,-9.745685656140704,0.557308335811304,8.902840254435665
2026-03-16 14:00:00+00:00,-5.777074298096707,0.7117210595186663,2026-03-16 20:00:00+00:00,-10.668688898248794,-0.32229459285620354,11.492920727151763
2026-03-16 15:00:00+00:00,4.831241484346549,-0.5077917335949422,2026-03-16 21:00:00+00:00,-10.178077808271208,-1.6356266845431708,8.922378773291197
2026-03-16 16:00:00+00:00,-10.843105342175363,-16.009668887697615,2026-03-16 22:00:00+00:00,-13.679715897023504,-1.1400594305482574,11.363453785505829
2026-03-16 17:00:00+00:00,-1.1847768565775851,-5.7819916428236695,2026-03-16 23:00:00+00:00,-9.977454996114627,-0.4644261711909917,10.819964205354413
2026-03-16 18:00:00+00:00,-3.4176150865494748,-16.54454382602033,2026-03-17 00:00:00+00:00,-10.452221013293656,-1.3587764133700997,7.8228706583822945
2026-03-16 19:00:00+00:00,2.4156992755930418,-11.084837323833696,2026-03-17 01:00:00+00:00,-9.476008320302919,0.7875556959349352,8.596925999409175
2026-03-16 20:00:00+00:00,0.7117210595186663,5.60900338240522,2026-03-17 02:00:00+00:00,-12.86744441553586,-0.5967855881768214,9.455651740333
2026-03-16 21:00:00+00:00,-0.5077917335949422,-6.074830901443562,2026-03-17 03:00:00+00:00,-10.367417077916237,0.33094263165655213,10.005694027810751
2026-03-16 22:00:00+00:00,-16.009668887697615,-11.933498413529975,2026-03-17 04:00:00+00:00,-16.02932165078977,-5.789484188390519,6.48451736255052
2026-03-16 23:00:00+00:00,-5.7819916428236695,-7.451444587580625,2026-03-17 05:00:00+00:00,-10.564732149597097,-2.5571774533806653,10.965066952070604
2026-03-17 00:00:00+00:00,-16.54454382602033,-4.65785985546141,2026-03-17 06:00:00+00:00,-16.64527016596524,-5.315595979822072,11.300886995548694
2026-03-17 01:00:00+00:00,-11.084837323833696,-4.237633556938292,2026-03-17 07:00:00+00:00,-16.13378114494911,-7.058995046701425,11.248846777087731
2026-03-17 02:00:00+00:00,5.60900338240522,-6.2495763728076525,2026-03-17 08:00:00+00:00,-9.839582678861618,0.6069260169500614,11.810029598240886
2026-03-17 03:00:00+00:00,-6.074830901443562,12.98746174702714,2026-03-17 09:00:00+00:00,-11.329714370892958,0.10969289316361053,8.658959302985759
2026-03-17 04:00:00+00:00,-11.933498413529975,0.8315757130983314,2026-03-17 10:00:00+00:00,-16.171074361745706,-2.7487268854474696,5.270693793810025
2026-03-17 05:00:00+00:00,-7.451444587580625,-14.100651671791198,2026-03-17 11:00:00+00:00,-12.024550103110585,-5.238839205075989,6.071935812728148
2026-03-17 06:00:00+00:00,-4.65785985546141,-18.075452389956226,2026-03-17 12:00:00+00:00,-12.217136837771184,-3.1932706888176488,5.90818841018109
2026-03-17 07:00:00+00:00,-4.237633556938292,-17.173828812566683,2026-03-17 13:00:00+00:00,-10.4674777649942,-2.613104771221507,5.731892469420442
2026-03-17 08:00:00+00:00,-6.2495763728076525,-20.692028058428846,2026-03-17 14:00:00+00:00,-12.114061179230703,-2.0391256232441624,10.47511994023401
2026-03-17 09:00:00+00:00,12.98746174702714,-21.761714337751314,2026-03-17 15:00:00+00:00,-9.512270532220523,0.09965883780230378,10.130080733244577
2026-03-17 10:00:00+00:00,0.8315757130983314,-0.04314711583575104,2026-03-17 16:00:00+00:00,-13.29176067907799,-2.4009255581260938,8.924688076083003
2026-03-17 11:00:00+00:00,-14.100651671791198,-9.594653917757157,2026-03-17 17:00:00+00:00,-14.798967884755676,-5.156795829931681,3.6559023321409683
2026-03-17 12:00:00+00:00,-18.075452389956226,6.3499816677303755,2026-03-17 18:00:00+00:00,-21.171743171222456,-8.724425549320566,13.765939624279124
2026-03-17 13:00:00+00:00,-17.173828812566683,-4.294528824226873,2026-03-17 19:00:00+00:00,-21.447243684892932,-9.885950238351533,8.484181783202445
2026-03-17 14:00:00+00:00,-20.692028058428846,-7.131522870515994,2026-03-17 20:00:00+00:00,-23.758585791055165,-11.789556886789901,12.363047542854488
2026-03-17 15:00:00+00:00,-21.761714337751314,-9.476684560745241,2026-03-17 21:00:00+00:00,-24.990237543257948,-11.78719079052158,15.999304553035003
2026-03-17 16:00:00+00:00,-0.04314711583575104,-22.69405596320162,2026-03-17 22:00:00+00:00,-13.07214946136011,-1.7391728554937311,7.520975227341364
2026-03-17 17:00:00+00:00,-9.594653917757157,-10.696263123710636,2026-03-17 23:00:00+00:00,-12.002360079056647,-2.3067394441658617,5.956502771707978
2026-03-17 18:00:00+00:00,6.3499816677303755,-9.429300362757687,2026-03-18 00:00:00+00:00,-11.048969706200474,-2.35136651043379,8.956666250514303
2026-03-17 19:00:00+00:00,-4.294528824226873,-0.7036416407579793,2026-03-18 01:00:00+00:00,-12.61005961207032,-1.0020832475908312,6.3639832703096975
2026-03-17 20:00:00+00:00,-7.131522870515994,-5.790103677139058,2026-03-18 02:00:00+00:00,-13.978182193243416,-3.447276613472374,7.191275844953173
2026-03-17 21:00:00+00:00,-9.476684560745241,-8.200344780995295,2026-03-18 03:00:00+00:00,-15.551435566781457,-5.536347062729112,6.270369877385917
2026-03-17 22:00:00+00:00,-22.69405596320162,-13.215324451962829,2026-03-18 04:00:00+00:00,-23.999896183647557,-9.848289484068781,15.108686650519225
2026-03-17 23:00:00+00:00,-10.696263123710636,-23.657878111560393,2026-03-18 05:00:00+00:00,-14.684607263359931,-7.380184325446574,4.861320097352172
2026-03-18 00:00:00+00:00,-9.429300362757687,-7.582642736725376,2026-03-18 06:00:00+00:00,-11.65920366666446,-3.033481324507756,8.155135206948895
2026-03-18 01:00:00+00:00,-0.7036416407579793,-4.8809839449326375,2026-03-18 07:00:00+00:00,-6.887355314865926,-2.156666235101469,7.2249986347286725
2026-03-18 02:00:00+00:00,-5.790103677139058,-2.569344868534884,2026-03-18 08:00:00+00:00,-10.804035148002242,-1.2585059113640709,7.342849881843664
2026-03-18 03:00:00+00:00,-8.200344780995295,-0.174309927913896,2026-03-18 09:00:00+00:00,-9.561456423508748,-3.072107308374127,6.78347807795036
2026-03-18 04:00:00+00:00,-13.215324451962829,7.108860214284363,2026-03-18 10:00:00+00:00,-18.59391337870171,-5.106458481265818,7.426919404300129
2026-03-18 05:00:00+00:00,-23.657878111560393,-11.011256629211985,2026-03-18 11:00:00+00:00,-26.490098958776255,-13.619100423139368,10.642285093906722
2026-03-18 06:00:00+00:00,-7.582642736725376,7.583956114123325,2026-03-18 12:00:00+00:00,-13.330028096905519,-5.54431170331231,6.586075131802479
2026-03-18 07:00:00+00:00,-4.8809839449326375,19.510761910996877,2026-03-18 13:00:00+00:00,-9.87685987005635,-1.4085425839186003,6.526210320102344
2026-03-18 08:00:00+00:00,-2.569344868534884,6.847193901471371,2026-03-18 14:00:00+00:00,-10.098617469831943,-1.2663675918086763,6.2483551622690285
2026-03-18 09:00:00+00:00,-0.174309927913896,-9.734424189495883,2026-03-18 15:00:00+00:00,-10.810038395891242,-1.025736714627027,7.4201959222227645
2026-03-18 10:00:00+00:00,7.108860214284363,-0.8102958988853715,2026-03-18 16:00:00+00:00,-11.098120519748456,-2.152634092928734,8.80429188896065
2026-03-18 11:00:00+00:00,-11.011256629211985,-9.84610538541375,2026-03-18 17:00:00+00:00,-14.313241907303096,-3.2991930576851978,5.915174612366513
2026-03-18 12:00:00+00:00,7.583956114123325,-1.4156697520473216,2026-03-18 18:00:00+00:00,-12.78629953198801,-2.1889421162025258,8.78751433574866
2026-03-18 13:00:00+00:00,19.510761910996877,-14.01264841099703,2026-03-18 19:00:00+00:00,-4.335273311108907,4.683289805569082,16.97645700030589
2026-03-18 14:00:00+00:00,6.847193901471371,2.174796940721535,2026-03-18 20:00:00+00:00,-11.852643185736113,-0.4254543702016953,8.343706748157109
2026-03-18 15:00:00+00:00,-9.734424189495883,3.545815241183803,2026-03-18 21:00:00+00:00,-14.854801495091024,-1.7324277821062957,9.411136202459964
2026-03-18 16:00:00+00:00,-0.8102958988853715,-10.763033704668246,2026-03-18 22:00:00+00:00,-10.935219176145894,-3.816134492318397,6.054205279367362
2026-03-18 17:00:00+00:00,-9.84610538541375,-10.892275656209094,2026-03-18 23:00:00+00:00,-12.148183519749086,-2.3985287214255715,2.895385725834453
2026-03-18 18:00:00+00:00,-1.4156697520473216,-20.222819639412748,2026-03-19 00:00:00+00:00,-9.981342011528762,-3.3752312188767064,6.606941896588625
2026-03-18 19:00:00+00:00,-14.01264841099703,4.922735167038894,2026-03-19 01:00:00+00:00,-15.740544585186736,-1.597449790564852,10.745033311222581
2026-03-18 20:00:00+00:00,2.174796940721535,-14.369132226201842,2026-03-19 02:00:00+00:00,-11.434074691737388,-2.516495079098588,8.323759201454212
2026-03-18 21:00:00+00:00,3.545815241183803,-5.6182117519210095,2026-03-19 03:00:00+00:00,-10.311761633576483,-2.38936449827939,9.961003031079558
2026-03-18 22:00:00+00:00,-10.763033704668246,-24.44715836701583,2026-03-19 04:00:00+00:00,-10.864765670333309,-1.0498531508817042,8.942098800979757
2026-03-18 23:00:00+00:00,-10.892275656209094,-10.82717867643801,2026-03-19 05:00:00+00:00,-14.026732974033266,-5.367740580712428,7.635216568649511
2026-03-19 00:00:00+00:00,-20.222819639412748,-12.293602775956813,2026-03-19 06:00:00+00:00,-20.903102197277452,-9.248070104846471,12.467617166198146
2026-03-19 01:00:00+00:00,4.922735167038894,0.5181486506167232,2026-03-19 07:00:00+00:00,-9.49454616168504,-1.4034300890280171,7.92647083977347
2026-03-19 02:00:00+00:00,-14.369132226201842,-11.532731637355909,2026-03-19 08:00:00+00:00,-14.16769729909874,-3.439145476256641,11.897290137693023
2026-03-19 03:00:00+00:00,-5.6182117519210095,7.260544838549876,2026-03-19 09:00:00+00:00,-11.59590980826739,-2.633094869943236,9.482102512167604
2026-03-19 04:00:00+00:00,-24.44715836701583,-11.22673524601936,2026-03-19 10:00:00+00:00,-27.34919834158243,-13.978663520557372,13.753153774121614
2026-03-19 05:00:00+00:00,-10.82717867643801,1.0582698220495956,2026-03-19 11:00:00+00:00,-15.541971645846772,-7.728443281103887,4.780942422951886
2026-03-19 06:00:00+00:00,-12.293602775956813,-5.618185851661295,2026-03-19 12:00:00+00:00,-15.196240515293436,-6.301787948465848,6.876575047537166
2026-03-19 07:00:00+00:00,0.5181486506167232,-7.864734585592004,2026-03-19 13:00:00+00:00,-12.356236435675825,-2.443533002210699,7.670756244716342
2026-03-19 08:00:00+00:00,-11.532731637355909,-13.524499919910227,2026-03-19 14:00:00+00:00,-15.635889476019532,-4.357588234237515,6.112378476664613
2026-03-19 09:00:00+00:00,7.260544838549876,-13.562057180802611,2026-03-19 15:00:00+00:00,-11.13297758025546,-2.434549399481563,7.897258342221735
2026-03-19 10:00:00+00:00,-11.22673524601936,-22.690637762661225,2026-03-19 16:00:00+00:00,-16.97274090616948,-3.8444927431091953,8.49428827682106
