scope,sample,h,method,model,q,term,n,status,coef_raw,effect_bp_per_sd
core,all,1,linear,M0,0.1,e_origin,2523,estimated,0.46251283801784554,4.457818058737085
core,all,1,linear,M0,0.1,downside,2523,estimated,-140185.46578364083,-2.364759143768618
core,all,1,linear,M0,0.5,e_origin,2523,estimated,0.3755078904068941,3.6192419268360534
core,all,1,linear,M0,0.5,downside,2523,estimated,-74025.40743568556,-1.2487190317925447
core,all,1,linear,M0,0.9,e_origin,2523,estimated,0.3352210952447184,3.2309474012781285
core,all,1,linear,M0,0.9,downside,2523,estimated,21417.873317457867,0.36129360119047993
core,all,1,linear,M1,0.1,e_origin,2523,estimated,0.46637887760592883,4.495079945705259
core,all,1,linear,M1,0.1,downside,2523,estimated,-109978.83688141148,-1.8552098727392097
core,all,1,linear,M1,0.1,btc_vol,2523,estimated,-259.9370752371486,-0.5078021426268461
core,all,1,linear,M1,0.1,btc_ret,2523,estimated,266.9986720492147,1.2191306650428373
core,all,1,linear,M1,0.5,e_origin,2523,estimated,0.38510866334422456,3.7117766533558276
core,all,1,linear,M1,0.5,downside,2523,estimated,-101629.20006802586,-1.714361605115842
core,all,1,linear,M1,0.5,btc_vol,2523,estimated,252.80306690442146,0.49386544385630116
core,all,1,linear,M1,0.5,btc_ret,2523,estimated,118.91476437098223,0.5429713738212364
core,all,1,linear,M1,0.9,e_origin,2523,estimated,0.33006538425257037,3.181255328589024
core,all,1,linear,M1,0.9,downside,2523,estimated,-36503.124474354845,-0.6157635307934186
core,all,1,linear,M1,0.9,btc_vol,2523,estimated,494.3225247984109,0.9656877035041416
core,all,1,linear,M1,0.9,btc_ret,2523,estimated,121.85321665885738,0.5563885090617201
core,all,1,linear,M2,0.1,e_origin,2523,estimated,0.4519237792606506,4.355757978512825
core,all,1,linear,M2,0.1,downside,2523,estimated,-135311.9980468773,-2.2825496413216264
core,all,1,linear,M2,0.1,btc_vol,2523,estimated,-193.9932904940982,-0.37897713697925295
core,all,1,linear,M2,0.1,btc_ret,2523,estimated,280.3360839727659,1.280030023618344
core,all,1,linear,M2,0.1,account_ls,2523,estimated,0.5891670806543479,0.36601520149512473
core,all,1,linear,M2,0.5,e_origin,2523,estimated,0.3782050640432039,3.645237982199662
core,all,1,linear,M2,0.5,downside,2523,estimated,-117708.2959202932,-1.9855964918969393
core,all,1,linear,M2,0.5,btc_vol,2523,estimated,271.68372407178356,0.5307499019700285
core,all,1,linear,M2,0.5,btc_ret,2523,estimated,108.33124378922305,0.4946464350254497
core,all,1,linear,M2,0.5,account_ls,2523,estimated,0.6783909204252183,0.42144477786526685
core,all,1,linear,M2,0.9,e_origin,2523,estimated,0.327915904237513,3.16053808564917
core,all,1,linear,M2,0.9,downside,2523,estimated,-86326.20401902043,-1.4562185827158431
core,all,1,linear,M2,0.9,btc_vol,2523,estimated,580.0446378459856,1.133150819861612
core,all,1,linear,M2,0.9,btc_ret,2523,estimated,98.67079355192321,0.4505362863418573
core,all,1,linear,M2,0.9,account_ls,2523,estimated,1.4817818957372255,0.9205448113932841
core,all,1,pca,M0,0.1,e_origin,2523,estimated,0.4578319037404494,4.391749196867156
core,all,1,pca,M0,0.1,downside,2523,estimated,-139166.69031614493,-2.347573634637976
core,all,1,pca,M0,0.5,e_origin,2523,estimated,0.37701922169193897,3.6165541338240423
core,all,1,pca,M0,0.5,downside,2523,estimated,-74866.0501416218,-1.2628996568266209
core,all,1,pca,M0,0.9,e_origin,2523,estimated,0.3403834867314537,3.265126113463621
core,all,1,pca,M0,0.9,downside,2523,estimated,20294.27725571756,0.3423398954974546
core,all,1,pca,M1,0.1,e_origin,2523,estimated,0.4717350480117214,4.525115006869559
core,all,1,pca,M1,0.1,downside,2523,estimated,-108882.23744034169,-1.8367115673633612
core,all,1,pca,M1,0.1,btc_vol,2523,estimated,-240.80721533831763,-0.470430852533214
core,all,1,pca,M1,0.1,btc_ret,2523,estimated,272.9827477080422,1.2464542846010211
core,all,1,pca,M1,0.5,e_origin,2523,estimated,0.3881453485169787,3.7232814242310726
core,all,1,pca,M1,0.5,downside,2523,estimated,-100173.19242505467,-1.6898005183593365
core,all,1,pca,M1,0.5,btc_vol,2523,estimated,248.96283318927647,0.48636332471089117
core,all,1,pca,M1,0.5,btc_ret,2523,estimated,115.95633571585228,0.5294630253859095
core,all,1,pca,M1,0.9,e_origin,2523,estimated,0.33105330045492654,3.1756263696672846
core,all,1,pca,M1,0.9,downside,2523,estimated,-35180.43091634721,-0.5934512913025584
core,all,1,pca,M1,0.9,btc_vol,2523,estimated,489.2979769430394,0.9558719580420485
core,all,1,pca,M1,0.9,btc_ret,2523,estimated,109.23121609469587,0.4987557582174728
core,all,1,pca,M2,0.1,e_origin,2523,estimated,0.4577698798546747,4.39115423319531
core,all,1,pca,M2,0.1,downside,2523,estimated,-136267.5410184042,-2.2986684947744482
core,all,1,pca,M2,0.1,btc_vol,2523,estimated,-210.58155897876463,-0.4113832809327383
core,all,1,pca,M2,0.1,btc_ret,2523,estimated,278.4363616384753,1.2713557866454592
core,all,1,pca,M2,0.1,account_ls,2523,estimated,0.6606351765067301,0.41041416804096464
core,all,1,pca,M2,0.5,e_origin,2523,estimated,0.38113414236318055,3.6560264803456652
core,all,1,pca,M2,0.5,downside,2523,estimated,-118113.39369819163,-1.9924300011273768
core,all,1,pca,M2,0.5,btc_vol,2523,estimated,266.20063568970204,0.5200383710116488
core,all,1,pca,M2,0.5,btc_ret,2523,estimated,103.75867904121394,0.4737678521493362
core,all,1,pca,M2,0.5,account_ls,2523,estimated,0.720073793354352,0.4473399197274159
core,all,1,pca,M2,0.9,e_origin,2523,estimated,0.3325810914596794,3.190281693735544
core,all,1,pca,M2,0.9,downside,2523,estimated,-84524.26228805367,-1.4258220065727893
core,all,1,pca,M2,0.9,btc_vol,2523,estimated,568.855321455795,1.111291841752065
core,all,1,pca,M2,0.9,btc_ret,2523,estimated,101.57339955116583,0.4637897454510536
core,all,1,pca,M2,0.9,account_ls,2523,estimated,1.5057952080960146,0.9354628841270933
core,all,1,ml,M0,0.1,e_origin,2523,estimated,0.47455887125015955,4.598850644393504
core,all,1,ml,M0,0.1,downside,2523,estimated,-120163.92426778108,-2.0270199701153
core,all,1,ml,M0,0.5,e_origin,2523,estimated,0.379105194686903,3.673829053676558
core,all,1,ml,M0,0.5,downside,2523,estimated,-59761.28971642071,-1.0081006294791157
core,all,1,ml,M0,0.9,e_origin,2523,estimated,0.36725063945778597,3.5589490414015685
core,all,1,ml,M0,0.9,downside,2523,estimated,27000.000576188875,0.45545733209491895
core,all,1,ml,M1,0.1,e_origin,2523,estimated,0.4765758386295257,4.618396652895849
core,all,1,ml,M1,0.1,downside,2523,estimated,-100339.44215324159,-1.6926049500647304
core,all,1,ml,M1,0.1,btc_vol,2523,estimated,-185.91987157551372,-0.36320524518028185
core,all,1,ml,M1,0.1,btc_ret,2523,estimated,209.38336865288667,0.9560560114982568
core,all,1,ml,M1,0.5,e_origin,2523,estimated,0.3819302778199288,3.7012063427209174
core,all,1,ml,M1,0.5,downside,2523,estimated,-103885.48199088148,-1.7524223504161247
core,all,1,ml,M1,0.5,btc_vol,2523,estimated,398.481657730269,0.7784570146767948
core,all,1,ml,M1,0.5,btc_ret,2523,estimated,105.04811161817798,0.479655472424812
core,all,1,ml,M1,0.9,e_origin,2523,estimated,0.36366707508597307,3.5242214695049094
core,all,1,ml,M1,0.9,downside,2523,estimated,5010.003761736595,0.08451269994114001
core,all,1,ml,M1,0.9,btc_vol,2523,estimated,292.1975180883997,0.5708247875766306
core,all,1,ml,M1,0.9,btc_ret,2523,estimated,95.15479722988606,0.43448205318228855
core,all,1,ml,M2,0.1,e_origin,2523,estimated,0.45606832569595296,4.419662639514074
core,all,1,ml,M2,0.1,downside,2523,estimated,-162678.28112018234,-2.7441857158376366
core,all,1,ml,M2,0.1,btc_vol,2523,estimated,-2.6062497513772107,-0.005091459949538172
core,all,1,ml,M2,0.1,btc_ret,2523,estimated,207.89780231883708,0.9492728336685884
core,all,1,ml,M2,0.1,account_ls,2523,estimated,1.7153076126788709,1.065620741714713
core,all,1,ml,M2,0.5,e_origin,2523,estimated,0.38901899320404487,3.7699015990676896
core,all,1,ml,M2,0.5,downside,2523,estimated,-107629.1909744392,-1.8155741900236653
core,all,1,ml,M2,0.5,btc_vol,2523,estimated,233.89784473702744,0.45693299659120534
core,all,1,ml,M2,0.5,btc_ret,2523,estimated,108.83146039002054,0.4969304516181738
core,all,1,ml,M2,0.5,account_ls,2523,estimated,1.3731773723903833,0.8530751448057895
core,all,1,ml,M2,0.9,e_origin,2523,estimated,0.3350185500196157,3.246594612345411
core,all,1,ml,M2,0.9,downside,2523,estimated,-87854.16268518669,-1.4819933961525926
core,all,1,ml,M2,0.9,btc_vol,2523,estimated,590.1157307813039,1.1528252836389818
core,all,1,ml,M2,0.9,btc_ret,2523,estimated,69.95885256794783,0.31943597997024903
core,all,1,ml,M2,0.9,account_ls,2523,estimated,1.965549634314473,1.221081538794171
core,all,1,joint_linear,M0,0.1,e_origin,2523,estimated,0.46246241844646824,4.468498692237436
core,all,1,joint_linear,M0,0.1,downside,2523,estimated,-139919.33913897307,-2.360269909361466
core,all,1,joint_linear,M0,0.5,e_origin,2523,estimated,0.3788351640802194,3.6604583804942528
core,all,1,joint_linear,M0,0.5,downside,2523,estimated,-71664.13220128394,-1.2088871763980376
core,all,1,joint_linear,M0,0.9,e_origin,2523,estimated,0.342036963160784,3.304899299093521
core,all,1,joint_linear,M0,0.9,downside,2523,estimated,21372.28369940983,0.3605245595103217
core,all,1,joint_linear,M1,0.1,e_origin,2523,estimated,0.46607377233173836,4.503393052232666
core,all,1,joint_linear,M1,0.1,downside,2523,estimated,-110231.04467068792,-1.8594643129016557
core,all,1,joint_linear,M1,0.1,btc_vol,2523,estimated,-254.03435413644385,-0.4962708348304037
core,all,1,joint_linear,M1,0.1,btc_ret,2523,estimated,267.2837947965485,1.220432551235409
core,all,1,joint_linear,M1,0.5,e_origin,2523,estimated,0.38585054355280063,3.7282438107224767
core,all,1,joint_linear,M1,0.5,downside,2523,estimated,-100884.35332783002,-1.7017969420836352
core,all,1,joint_linear,M1,0.5,btc_vol,2523,estimated,240.4790093130564,0.4697896830397947
core,all,1,joint_linear,M1,0.5,btc_ret,2523,estimated,119.88513216212826,0.5474021266840744
core,all,1,joint_linear,M1,0.9,e_origin,2523,estimated,0.33200713421992206,3.2079870404581854
core,all,1,joint_linear,M1,0.9,downside,2523,estimated,-33310.62271426569,-0.5619098899293938
core,all,1,joint_linear,M1,0.9,btc_vol,2523,estimated,479.32964507284345,0.9363982439615051
core,all,1,joint_linear,M1,0.9,btc_ret,2523,estimated,120.71053131887416,0.5511709447653267
core,all,1,joint_linear,M2,0.1,e_origin,2523,estimated,0.453811506231075,4.38491008399765
core,all,1,joint_linear,M2,0.1,downside,2523,estimated,-135584.2031038943,-2.2871414111885144
core,all,1,joint_linear,M2,0.1,btc_vol,2523,estimated,-182.7881397235515,-0.3570872254899076
core,all,1,joint_linear,M2,0.1,btc_ret,2523,estimated,280.7511068930294,1.2819250411662049
core,all,1,joint_linear,M2,0.1,account_ls,2523,estimated,0.5812603135171391,0.3611031874639159
core,all,1,joint_linear,M2,0.5,e_origin,2523,estimated,0.3830985807567366,3.701653234570132
core,all,1,joint_linear,M2,0.5,downside,2523,estimated,-119849.28663482389,-2.0217124140477005
core,all,1,joint_linear,M2,0.5,btc_vol,2523,estimated,278.36258111727966,0.543797436320052
core,all,1,joint_linear,M2,0.5,btc_ret,2523,estimated,106.86185422051993,0.48793712119871335
core,all,1,joint_linear,M2,0.5,account_ls,2523,estimated,0.7194286120071791,0.4469391061237025
core,all,1,joint_linear,M2,0.9,e_origin,2523,estimated,0.3299645121872682,3.188250401290162
core,all,1,joint_linear,M2,0.9,downside,2523,estimated,-86476.74531072471,-1.4587580321094193
core,all,1,joint_linear,M2,0.9,btc_vol,2523,estimated,569.3035608755862,1.1121675034389258
core,all,1,joint_linear,M2,0.9,btc_ret,2523,estimated,96.17465292326925,0.439138770536646
core,all,1,joint_linear,M2,0.9,account_ls,2523,estimated,1.475310837531745,0.9165247197236425
core,matched,1,linear,M0,0.1,e_origin,724,estimated,0.4581893482116411,4.62964529578071
core,matched,1,linear,M0,0.1,downside,724,estimated,-202980.42629695972,-3.1921104524620403
core,matched,1,linear,M0,0.5,e_origin,724,estimated,0.4476555441324899,4.5232094375660585
core,matched,1,linear,M0,0.5,downside,724,estimated,-89222.03064096993,-1.4031233542797739
core,matched,1,linear,M0,0.9,e_origin,724,estimated,0.43283295779176234,4.3734387862152655
core,matched,1,linear,M0,0.9,downside,724,estimated,12054.664451241353,0.18957404463933017
core,matched,1,linear,M1,0.1,e_origin,724,estimated,0.4801316943941261,4.851355556350126
core,matched,1,linear,M1,0.1,downside,724,estimated,-212410.3186822612,-3.3404068108738363
core,matched,1,linear,M1,0.1,btc_vol,724,estimated,137.84924128236474,0.2667167356504248
core,matched,1,linear,M1,0.1,btc_ret,724,estimated,249.10392825477214,1.1058882369934415
core,matched,1,linear,M1,0.5,e_origin,724,estimated,0.4457935788310194,4.50439573329182
core,matched,1,linear,M1,0.5,downside,724,estimated,-169156.81231792632,-2.660193588889413
core,matched,1,linear,M1,0.5,btc_vol,724,estimated,775.4574394354279,1.500388939090331
core,matched,1,linear,M1,0.5,btc_ret,724,estimated,-53.7600125305854,-0.2386657083038411
core,matched,1,linear,M1,0.9,e_origin,724,estimated,0.4208201882369832,4.252059137658067
core,matched,1,linear,M1,0.9,downside,724,estimated,-50209.744003259766,-0.7896083951157283
core,matched,1,linear,M1,0.9,btc_vol,724,estimated,676.3423129434364,1.3086166613062757
core,matched,1,linear,M1,0.9,btc_ret,724,estimated,-75.41779516518854,-0.33481468203849996
core,matched,1,linear,M2,0.1,e_origin,724,estimated,0.42872163713477046,4.331897103909948
core,matched,1,linear,M2,0.1,downside,724,estimated,-220799.58096817666,-3.4723380138960334
core,matched,1,linear,M2,0.1,btc_vol,724,estimated,-72.54550571120333,-0.14036421448100317
core,matched,1,linear,M2,0.1,btc_ret,724,estimated,132.60191148807857,0.5886815801938374
core,matched,1,linear,M2,0.1,account_ls,724,estimated,0.9580597609717837,0.605352475256669
core,matched,1,linear,M2,0.5,e_origin,724,estimated,0.4483870452109013,4.530600684306612
core,matched,1,linear,M2,0.5,downside,724,estimated,-175829.12334942466,-2.7651236758652065
core,matched,1,linear,M2,0.5,btc_vol,724,estimated,790.0484341700612,1.5286202332876087
core,matched,1,linear,M2,0.5,btc_ret,724,estimated,-54.30880850017837,-0.24110206894871042
core,matched,1,linear,M2,0.5,account_ls,724,estimated,0.19191688140575353,0.12126316534228714
core,matched,1,linear,M2,0.9,e_origin,724,estimated,0.3961249460465958,4.002533014274504
core,matched,1,linear,M2,0.9,downside,724,estimated,-106009.13395607396,-1.6671206713427855
core,matched,1,linear,M2,0.9,btc_vol,724,estimated,749.7643859912635,1.4506768965736625
core,matched,1,linear,M2,0.9,btc_ret,724,estimated,-37.42275851025675,-0.1661370365464974
core,matched,1,linear,M2,0.9,account_ls,724,estimated,1.204098993115338,0.7608129843560981
core,matched,1,pca,M0,0.1,e_origin,724,estimated,0.46143661507279005,4.641324032625687
core,matched,1,pca,M0,0.1,downside,724,estimated,-205645.31851123663,-3.2340190761016068
core,matched,1,pca,M0,0.5,e_origin,724,estimated,0.4416643445621223,4.44244619913113
core,matched,1,pca,M0,0.5,downside,724,estimated,-85427.52832323039,-1.343450258054095
core,matched,1,pca,M0,0.9,e_origin,724,estimated,0.4365958485686379,4.391465129369002
core,matched,1,pca,M0,0.9,downside,724,estimated,11434.545431826704,0.17982192991695775
core,matched,1,pca,M1,0.1,e_origin,724,estimated,0.4809018531256086,4.837113604203303
core,matched,1,pca,M1,0.1,downside,724,estimated,-211513.5785535506,-3.3263044977088643
core,matched,1,pca,M1,0.1,btc_vol,724,estimated,139.66045011756478,0.2702211416494121
core,matched,1,pca,M1,0.1,btc_ret,724,estimated,240.8854073524715,1.0694023989136685
core,matched,1,pca,M1,0.5,e_origin,724,estimated,0.45142889231699,4.54066213753307
core,matched,1,pca,M1,0.5,downside,724,estimated,-173734.6069346891,-2.7321848952039165
core,matched,1,pca,M1,0.5,btc_vol,724,estimated,777.9736454579631,1.505257404453734
core,matched,1,pca,M1,0.5,btc_ret,724,estimated,-44.808465343431926,-0.1989256254937455
core,matched,1,pca,M1,0.9,e_origin,724,estimated,0.42285234834834373,4.253227209400762
core,matched,1,pca,M1,0.9,downside,724,estimated,-48365.26283902879,-0.7606017184074174
core,matched,1,pca,M1,0.9,btc_vol,724,estimated,653.6371987023601,1.2646858141241335
core,matched,1,pca,M1,0.9,btc_ret,724,estimated,-77.99526361214245,-0.34625726368174425
core,matched,1,pca,M2,0.1,e_origin,724,estimated,0.4367777838420336,4.393295111059251
core,matched,1,pca,M2,0.1,downside,724,estimated,-214256.77128277483,-3.3694444907802343
core,matched,1,pca,M2,0.1,btc_vol,724,estimated,-71.45764678869116,-0.13825937750140527
core,matched,1,pca,M2,0.1,btc_ret,724,estimated,150.2000776636563,0.6668080276672904
core,matched,1,pca,M2,0.1,account_ls,724,estimated,0.8946257920234825,0.5652715620584581
core,matched,1,pca,M2,0.5,e_origin,724,estimated,0.4491721958005057,4.517963332466096
core,matched,1,pca,M2,0.5,downside,724,estimated,-179798.66889333475,-2.8275495365918046
core,matched,1,pca,M2,0.5,btc_vol,724,estimated,795.4146953472767,1.53900310990354
core,matched,1,pca,M2,0.5,btc_ret,724,estimated,-44.15807089937238,-0.19603822195045129
core,matched,1,pca,M2,0.5,account_ls,724,estimated,0.15011306532635452,0.09484931876431356
core,matched,1,pca,M2,0.9,e_origin,724,estimated,0.3919228344865679,3.9421251179868757
core,matched,1,pca,M2,0.9,downside,724,estimated,-111108.97345454383,-1.7473217590335166
core,matched,1,pca,M2,0.9,btc_vol,724,estimated,739.94539504348,1.4316786838260895
core,matched,1,pca,M2,0.9,btc_ret,724,estimated,-34.3176952781668,-0.15235221618036845
core,matched,1,pca,M2,0.9,account_ls,724,estimated,1.238420533800876,0.7824991363635039
core,matched,1,ml,M0,0.1,e_origin,724,estimated,0.42059890297093316,4.234726663458671
core,matched,1,ml,M0,0.1,downside,724,estimated,-153220.39713009118,-2.4095743620806194
core,matched,1,ml,M0,0.5,e_origin,724,estimated,0.453753679299407,4.568539743681802
core,matched,1,ml,M0,0.5,downside,724,estimated,-66789.5095516067,-1.0503450773257657
core,matched,1,ml,M0,0.9,e_origin,724,estimated,0.4976512246980238,5.010514519761417
core,matched,1,ml,M0,0.9,downside,724,estimated,15883.997157309575,0.24979489046173453
core,matched,1,ml,M1,0.1,e_origin,724,estimated,0.4303313232069047,4.332715838375996
core,matched,1,ml,M1,0.1,downside,724,estimated,-128227.29319002331,-2.0165278512321207
core,matched,1,ml,M1,0.1,btc_vol,724,estimated,-119.55833643310213,-0.23132669368788
core,matched,1,ml,M1,0.1,btc_ret,724,estimated,112.80339066386857,0.5007867346859401
core,matched,1,ml,M1,0.5,e_origin,724,estimated,0.42586486980601973,4.287746131669151
core,matched,1,ml,M1,0.5,downside,724,estimated,-121013.75707133346,-1.9030863511635634
core,matched,1,ml,M1,0.5,btc_vol,724,estimated,538.360008057114,1.041642468380415
core,matched,1,ml,M1,0.5,btc_ret,724,estimated,-60.349926764799584,-0.2679214036494383
core,matched,1,ml,M1,0.9,e_origin,724,estimated,0.4777409759854623,4.810051654776235
core,matched,1,ml,M1,0.9,downside,724,estimated,-27715.613222049215,-0.43586123192521625
core,matched,1,ml,M1,0.9,btc_vol,724,estimated,571.6549673419029,1.1060630104990519
core,matched,1,ml,M1,0.9,btc_ret,724,estimated,-84.9591777630718,-0.37717331866690845
core,matched,1,ml,M2,0.1,e_origin,724,estimated,0.4718351195256822,4.750589569535088
core,matched,1,ml,M2,0.1,downside,724,estimated,-209495.64895820594,-3.2945701365630837
core,matched,1,ml,M2,0.1,btc_vol,724,estimated,9.432477517348673,0.01825036967283701
core,matched,1,ml,M2,0.1,btc_ret,724,estimated,91.48461367080131,0.4061427647216976
core,matched,1,ml,M2,0.1,account_ls,724,estimated,1.7356039691010658,1.0966457433667052
core,matched,1,ml,M2,0.5,e_origin,724,estimated,0.4504255194666364,4.535030747142502
core,matched,1,ml,M2,0.5,downside,724,estimated,-147117.55962536955,-2.3135999287626072
core,matched,1,ml,M2,0.5,btc_vol,724,estimated,615.4342388525133,1.1907690580466452
core,matched,1,ml,M2,0.5,btc_ret,724,estimated,-58.43814700251778,-0.25943412379945036
core,matched,1,ml,M2,0.5,account_ls,724,estimated,0.5509257318281984,0.3481038125497622
core,matched,1,ml,M2,0.9,e_origin,724,estimated,0.47588960380583617,4.791411437035129
core,matched,1,ml,M2,0.9,downside,724,estimated,-69512.58855042432,-1.0931687578824745
core,matched,1,ml,M2,0.9,btc_vol,724,estimated,776.3633862518058,1.502141804577942
core,matched,1,ml,M2,0.9,btc_ret,724,estimated,-93.28690059912694,-0.4141439549385129
core,matched,1,ml,M2,0.9,account_ls,724,estimated,1.4695712835678927,0.928552320339174
core,matched,1,joint_linear,M0,0.1,e_origin,724,estimated,0.4637383686342077,4.697645834296179
core,matched,1,joint_linear,M0,0.1,downside,724,estimated,-198936.6706498541,-3.1285175489303287
core,matched,1,joint_linear,M0,0.5,e_origin,724,estimated,0.45133260835624306,4.571976120438566
core,matched,1,joint_linear,M0,0.5,downside,724,estimated,-90089.1233273457,-1.416759425884945
core,matched,1,joint_linear,M0,0.9,e_origin,724,estimated,0.4348740729865497,4.40525200324773
core,matched,1,joint_linear,M0,0.9,downside,724,estimated,16668.469963061085,0.26213166543356403
core,matched,1,joint_linear,M1,0.1,e_origin,724,estimated,0.47968151228116174,4.859149059831041
core,matched,1,joint_linear,M1,0.1,downside,724,estimated,-186049.46434258285,-2.925850785898255
core,matched,1,joint_linear,M1,0.1,btc_vol,724,estimated,19.45819348974453,0.03764856303132189
core,matched,1,joint_linear,M1,0.1,btc_ret,724,estimated,255.23180019341817,1.1330927116166594
core,matched,1,joint_linear,M1,0.5,e_origin,724,estimated,0.4519742307917798,4.578475722725879
core,matched,1,joint_linear,M1,0.5,downside,724,estimated,-171847.74281825274,-2.7025116957810305
core,matched,1,joint_linear,M1,0.5,btc_vol,724,estimated,793.8021955820811,1.535883174896215
core,matched,1,joint_linear,M1,0.5,btc_ret,724,estimated,-60.51564372946364,-0.26865709835797297
core,matched,1,joint_linear,M1,0.9,e_origin,724,estimated,0.41668256834974765,4.220972996469966
core,matched,1,joint_linear,M1,0.9,downside,724,estimated,-48888.407787005155,-0.7688287996440336
core,matched,1,joint_linear,M1,0.9,btc_vol,724,estimated,655.9990241783566,1.269255577260105
core,matched,1,joint_linear,M1,0.9,btc_ret,724,estimated,-77.39518542454024,-0.3435932374112837
core,matched,1,joint_linear,M2,0.1,e_origin,724,estimated,0.42939884824723035,4.349788258110034
core,matched,1,joint_linear,M2,0.1,downside,724,estimated,-221784.61580727197,-3.487828867192968
core,matched,1,joint_linear,M2,0.1,btc_vol,724,estimated,-71.31328234287518,-0.13798005486332743
core,matched,1,joint_linear,M2,0.1,btc_ret,724,estimated,128.82316412204844,0.5719059625151443
core,matched,1,joint_linear,M2,0.1,account_ls,724,estimated,0.9726960810195864,0.6146004709773109
core,matched,1,joint_linear,M2,0.5,e_origin,724,estimated,0.4545867717899804,4.604940628731545
core,matched,1,joint_linear,M2,0.5,downside,724,estimated,-174330.79535023865,-2.7415606725024046
core,matched,1,joint_linear,M2,0.5,btc_vol,724,estimated,768.3708330018516,1.4866774632982291
core,matched,1,joint_linear,M2,0.5,btc_ret,724,estimated,-52.38191450209806,-0.23254768997388006
core,matched,1,joint_linear,M2,0.5,account_ls,724,estimated,0.26640348404100966,0.16832771299949764
core,matched,1,joint_linear,M2,0.9,e_origin,724,estimated,0.39553699319582714,4.006769407217325
core,matched,1,joint_linear,M2,0.9,downside,724,estimated,-112087.17394366101,-1.7627051339868542
core,matched,1,joint_linear,M2,0.9,btc_vol,724,estimated,732.5279807094846,1.4173271464528983
core,matched,1,joint_linear,M2,0.9,btc_ret,724,estimated,-24.048090006956635,-0.10676066028815583
core,matched,1,joint_linear,M2,0.9,account_ls,724,estimated,1.3549195353762473,0.8561093242050728
core,all,6,linear,M0,0.1,e_origin,1726,estimated,0.2768708718227307,2.6885277925573616
core,all,6,linear,M0,0.1,downside,1726,estimated,-76991.8156414267,-1.256176645807689
core,all,6,linear,M0,0.5,e_origin,1726,estimated,0.2401007441803889,2.3314750283878896
core,all,6,linear,M0,0.5,downside,1726,estimated,-48464.9136930495,-0.7907397976667058
core,all,6,linear,M0,0.9,e_origin,1726,estimated,0.23128380991765202,2.2458590419373667
core,all,6,linear,M0,0.9,downside,1726,estimated,34229.84086498247,0.5584843833864399
core,all,6,linear,M1,0.1,e_origin,1726,estimated,0.32191476409471803,3.1259221470481235
core,all,6,linear,M1,0.1,downside,1726,estimated,-24802.477345392406,-0.40467019175856506
core,all,6,linear,M1,0.1,btc_vol,1726,estimated,-412.442172240262,-0.8002958985274703
core,all,6,linear,M1,0.1,btc_ret,1726,estimated,276.7161722481335,1.3148622726084958
core,all,6,linear,M1,0.5,e_origin,1726,estimated,0.2379960748167209,2.3110378403185416
core,all,6,linear,M1,0.5,downside,1726,estimated,-51983.75181118707,-0.8481521632221414
core,all,6,linear,M1,0.5,btc_vol,1726,estimated,-4.989331550581735,-0.009681215562016385
core,all,6,linear,M1,0.5,btc_ret,1726,estimated,18.466468186202214,0.08774645200205175
core,all,6,linear,M1,0.9,e_origin,1726,estimated,0.23241317098768713,2.2568255932565164
core,all,6,linear,M1,0.9,downside,1726,estimated,49142.20178928001,0.8017902383126402
core,all,6,linear,M1,0.9,btc_vol,1726,estimated,-21.359275807117747,-0.04144518183265618
core,all,6,linear,M1,0.9,btc_ret,1726,estimated,148.83229326667808,0.707201049263858
core,all,6,linear,M2,0.1,e_origin,1726,estimated,0.3283474968718088,3.188386575824785
core,all,6,linear,M2,0.1,downside,1726,estimated,-63828.747896714274,-1.0414117626790564
core,all,6,linear,M2,0.1,btc_vol,1726,estimated,-378.3134748000165,-0.7340731443528496
core,all,6,linear,M2,0.1,btc_ret,1726,estimated,210.80386157171932,1.001669119115633
core,all,6,linear,M2,0.1,account_ls,1726,estimated,1.5158690957393826,0.9603415947538199
core,all,6,linear,M2,0.5,e_origin,1726,estimated,0.2233490922327112,2.1688097341440997
core,all,6,linear,M2,0.5,downside,1726,estimated,-73640.14464304537,-1.2014917316058196
core,all,6,linear,M2,0.5,btc_vol,1726,estimated,-39.34722271241341,-0.07634869340385418
core,all,6,linear,M2,0.5,btc_ret,1726,estimated,-60.07229279035272,-0.28544335077133864
core,all,6,linear,M2,0.5,account_ls,1726,estimated,1.5763941409574351,0.9986857490153068
core,all,6,linear,M2,0.9,e_origin,1726,estimated,0.21626776705788678,2.1000472116898017
core,all,6,linear,M2,0.9,downside,1726,estimated,40193.35619243007,0.6557834095081864
core,all,6,linear,M2,0.9,btc_vol,1726,estimated,-145.06105114029504,-0.28147403945888017
core,all,6,linear,M2,0.9,btc_ret,1726,estimated,127.1730727407153,0.6042837109228276
core,all,6,linear,M2,0.9,account_ls,1726,estimated,1.6821562440416058,1.0656887290390071
core,all,6,pca,M0,0.1,e_origin,1726,estimated,0.2766456375053097,2.6735006121630938
core,all,6,pca,M0,0.1,downside,1726,estimated,-76786.05940453753,-1.252819585354495
core,all,6,pca,M0,0.5,e_origin,1726,estimated,0.24155993493597513,2.334432741282651
core,all,6,pca,M0,0.5,downside,1726,estimated,-48472.178009420175,-0.7908583201940235
core,all,6,pca,M0,0.9,e_origin,1726,estimated,0.22236085811477072,2.1488930591921602
core,all,6,pca,M0,0.9,downside,1726,estimated,33302.064279285114,0.5433470435306289
core,all,6,pca,M1,0.1,e_origin,1726,estimated,0.32114061816269757,3.103499650277072
core,all,6,pca,M1,0.1,downside,1726,estimated,-26034.829371192907,-0.4247768981834935
core,all,6,pca,M1,0.1,btc_vol,1726,estimated,-408.9028045614666,-0.793428168631337
core,all,6,pca,M1,0.1,btc_ret,1726,estimated,251.23079115748084,1.193764304871718
core,all,6,pca,M1,0.5,e_origin,1726,estimated,0.24180459473433133,2.3367971310723306
core,all,6,pca,M1,0.5,downside,1726,estimated,-52821.609469227515,-0.8618224113358282
core,all,6,pca,M1,0.5,btc_vol,1726,estimated,9.653811149607625,0.01873209382596583
core,all,6,pca,M1,0.5,btc_ret,1726,estimated,19.18156125796298,0.09114433400447705
core,all,6,pca,M1,0.9,e_origin,1726,estimated,0.23191209977352412,2.2411961609213704
core,all,6,pca,M1,0.9,downside,1726,estimated,48514.01479744728,0.791540917371625
core,all,6,pca,M1,0.9,btc_vol,1726,estimated,-34.762747954490116,-0.06745305519658704
core,all,6,pca,M1,0.9,btc_ret,1726,estimated,150.26056456355724,0.7139877145608614
core,all,6,pca,M2,0.1,e_origin,1726,estimated,0.3262484781343441,3.152861956815444
core,all,6,pca,M2,0.1,downside,1726,estimated,-58050.289727338684,-0.9471320767062974
core,all,6,pca,M2,0.1,btc_vol,1726,estimated,-353.0273683582602,-0.6850084059795918
core,all,6,pca,M2,0.1,btc_ret,1726,estimated,223.63485818612622,1.0626377037530448
core,all,6,pca,M2,0.1,account_ls,1726,estimated,1.564426303536166,0.991103819871689
core,all,6,pca,M2,0.5,e_origin,1726,estimated,0.22770792918758026,2.2005670993662494
core,all,6,pca,M2,0.5,downside,1726,estimated,-67017.23242766513,-1.0934341727226564
core,all,6,pca,M2,0.5,btc_vol,1726,estimated,-70.30021997268184,-0.1364093720196543
core,all,6,pca,M2,0.5,btc_ret,1726,estimated,-53.6312788432069,-0.2548378167049997
core,all,6,pca,M2,0.5,account_ls,1726,estimated,1.4814274771966796,0.9385219541462191
core,all,6,pca,M2,0.9,e_origin,1726,estimated,0.22304948834546445,2.1555479747003736
core,all,6,pca,M2,0.9,downside,1726,estimated,38130.96133314549,0.6221339594324417
core,all,6,pca,M2,0.9,btc_vol,1726,estimated,-145.541603259449,-0.2824064947601862
core,all,6,pca,M2,0.9,btc_ret,1726,estimated,127.3994403282453,0.605359333638213
core,all,6,pca,M2,0.9,account_ls,1726,estimated,1.73513226867217,1.0992503869159485
core,all,6,ml,M0,0.1,e_origin,1726,estimated,0.28973315666233623,2.81701638969647
core,all,6,ml,M0,0.1,downside,1726,estimated,-71901.77130461298,-1.1731289248419987
core,all,6,ml,M0,0.5,e_origin,1726,estimated,0.25764898843352685,2.505068565734892
core,all,6,ml,M0,0.5,downside,1726,estimated,-36789.1988454412,-0.600242142916193
core,all,6,ml,M0,0.9,e_origin,1726,estimated,0.2287841583729212,2.224421710182582
core,all,6,ml,M0,0.9,downside,1726,estimated,53745.234454655394,0.8768920148581366
core,all,6,ml,M1,0.1,e_origin,1726,estimated,0.2955427015529334,2.8735014097819085
core,all,6,ml,M1,0.1,downside,1726,estimated,-24164.096837714245,-0.39425455630168826
core,all,6,ml,M1,0.1,btc_vol,1726,estimated,-421.238670525125,-0.8173644767975868
core,all,6,ml,M1,0.1,btc_ret,1726,estimated,247.80588427795982,1.1774902981647974
core,all,6,ml,M1,0.5,e_origin,1726,estimated,0.2547790894967326,2.4771651237027332
core,all,6,ml,M1,0.5,downside,1726,estimated,-36983.94540419805,-0.6034195725809397
core,all,6,ml,M1,0.5,btc_vol,1726,estimated,29.926697014268967,0.058069262769380216
core,all,6,ml,M1,0.5,btc_ret,1726,estimated,-8.048516907868239,-0.03824384800725689
core,all,6,ml,M1,0.9,e_origin,1726,estimated,0.23677662038138417,2.3021307881881277
core,all,6,ml,M1,0.9,downside,1726,estimated,60626.35313087088,0.9891623971848786
core,all,6,ml,M1,0.9,btc_vol,1726,estimated,72.10395377738602,0.139909306951379
core,all,6,ml,M1,0.9,btc_ret,1726,estimated,139.3003897249251,0.6619086463971556
core,all,6,ml,M2,0.1,e_origin,1726,estimated,0.32418795620362245,3.1520133784071063
core,all,6,ml,M2,0.1,downside,1726,estimated,-91286.10415188031,-1.4893982063810367
core,all,6,ml,M2,0.1,btc_vol,1726,estimated,-428.402455669327,-0.8312649657744928
core,all,6,ml,M2,0.1,btc_ret,1726,estimated,200.50281290631852,0.9527219970576776
core,all,6,ml,M2,0.1,account_ls,1726,estimated,2.6578993075771917,1.683846756232435
core,all,6,ml,M2,0.5,e_origin,1726,estimated,0.23618743610370557,2.296402269623349
core,all,6,ml,M2,0.5,downside,1726,estimated,-75805.79860159449,-1.2368259278832563
core,all,6,ml,M2,0.5,btc_vol,1726,estimated,4.771123887365216,0.009257809058867344
core,all,6,ml,M2,0.5,btc_ret,1726,estimated,-11.305080036693727,-0.05371794177515159
core,all,6,ml,M2,0.5,account_ls,1726,estimated,2.407503882323635,1.525214891064835
core,all,6,ml,M2,0.9,e_origin,1726,estimated,0.21346049869076458,2.075432892430272
core,all,6,ml,M2,0.9,downside,1726,estimated,11563.95006747922,0.18867413227020327
core,all,6,ml,M2,0.9,btc_vol,1726,estimated,18.818834539665804,0.03651575205163135
core,all,6,ml,M2,0.9,btc_ret,1726,estimated,125.88466825867637,0.5981616457340478
core,all,6,ml,M2,0.9,account_ls,1726,estimated,2.4472264448986167,1.5503801439208935
core,all,6,joint_linear,M0,0.1,e_origin,1726,estimated,0.28103262864609385,2.735969120336533
core,all,6,joint_linear,M0,0.1,downside,1726,estimated,-78852.97882660283,-1.2865428569143842
core,all,6,joint_linear,M0,0.5,e_origin,1726,estimated,0.24810715115679194,2.415425950253219
core,all,6,joint_linear,M0,0.5,downside,1726,estimated,-48221.73245896458,-0.7867721215648864
core,all,6,joint_linear,M0,0.9,e_origin,1726,estimated,0.2508998950389872,2.4426144694636243
core,all,6,joint_linear,M0,0.9,downside,1726,estimated,36038.59351614737,0.5879954790724797
core,all,6,joint_linear,M1,0.1,e_origin,1726,estimated,0.3233213937198267,3.1476677758851808
core,all,6,joint_linear,M1,0.1,downside,1726,estimated,-26121.34682451878,-0.4261884924343536
core,all,6,joint_linear,M1,0.1,btc_vol,1726,estimated,-373.3070438531321,-0.7243587494080025
core,all,6,joint_linear,M1,0.1,btc_ret,1726,estimated,288.49596754471924,1.3708359017921299
core,all,6,joint_linear,M1,0.5,e_origin,1726,estimated,0.24946070812973187,2.428603388397754
core,all,6,joint_linear,M1,0.5,downside,1726,estimated,-50015.91078390834,-0.8160454266744235
core,all,6,joint_linear,M1,0.5,btc_vol,1726,estimated,-20.28485563793164,-0.03936039489143636
core,all,6,joint_linear,M1,0.5,btc_ret,1726,estimated,14.12105209154901,0.06709849480017996
core,all,6,joint_linear,M1,0.9,e_origin,1726,estimated,0.23099745564148455,2.248855972903039
core,all,6,joint_linear,M1,0.9,downside,1726,estimated,54313.16076700637,0.8861581396296001
core,all,6,joint_linear,M1,0.9,btc_vol,1726,estimated,-85.34740034810665,-0.16560666936062676
core,all,6,joint_linear,M1,0.9,btc_ret,1726,estimated,155.1517727532059,0.7372290924094815
core,all,6,joint_linear,M2,0.1,e_origin,1726,estimated,0.3290422153587279,3.203362345666604
core,all,6,joint_linear,M2,0.1,downside,1726,estimated,-59182.43405638198,-0.9656038227481271
core,all,6,joint_linear,M2,0.1,btc_vol,1726,estimated,-383.00826467690143,-0.7431828361734295
core,all,6,joint_linear,M2,0.1,btc_ret,1726,estimated,216.35909471802492,1.028065720442828
core,all,6,joint_linear,M2,0.1,account_ls,1726,estimated,1.4471369918891352,0.9167980602838224
core,all,6,joint_linear,M2,0.5,e_origin,1726,estimated,0.23617214519370522,2.2992337204635644
core,all,6,joint_linear,M2,0.5,downside,1726,estimated,-65817.24244843744,-1.073855476278745
core,all,6,joint_linear,M2,0.5,btc_vol,1726,estimated,-48.55904476461181,-0.09422315897146527
core,all,6,joint_linear,M2,0.5,btc_ret,1726,estimated,-36.85288831038403,-0.1751125425099019
core,all,6,joint_linear,M2,0.5,account_ls,1726,estimated,1.5084879536486056,0.9556654536632174
core,all,6,joint_linear,M2,0.9,e_origin,1726,estimated,0.23420009647163587,2.280035008793058
core,all,6,joint_linear,M2,0.9,downside,1726,estimated,34566.394421869605,0.5639754958469395
core,all,6,joint_linear,M2,0.9,btc_vol,1726,estimated,-114.2544884652708,-0.22169750006516042
core,all,6,joint_linear,M2,0.9,btc_ret,1726,estimated,138.2708505566078,0.6570166221992374
core,all,6,joint_linear,M2,0.9,account_ls,1726,estimated,1.8265241340056853,1.1571494561354478
core,matched,6,linear,M0,0.1,e_origin,724,estimated,0.23093532679600942,2.333421004883069
core,matched,6,linear,M0,0.1,downside,724,estimated,-54458.194225594016,-0.856420366146065
core,matched,6,linear,M0,0.5,e_origin,724,estimated,0.1843204062364383,1.8624136614689542
core,matched,6,linear,M0,0.5,downside,724,estimated,-49754.298580226816,-0.782445970039024
core,matched,6,linear,M0,0.9,e_origin,724,estimated,0.25605816289021266,2.587267630506661
core,matched,6,linear,M0,0.9,downside,724,estimated,84115.04720177347,1.3228099195599172
core,matched,6,linear,M1,0.1,e_origin,724,estimated,0.23117755694232706,2.3358685512124913
core,matched,6,linear,M1,0.1,downside,724,estimated,-16432.517683520542,-0.25842103307583264
core,matched,6,linear,M1,0.1,btc_vol,724,estimated,-493.9195824605156,-0.955657191016711
core,matched,6,linear,M1,0.1,btc_ret,724,estimated,290.1251173287315,1.2880003810379081
core,matched,6,linear,M1,0.5,e_origin,724,estimated,0.16258367897813789,1.642781019440411
core,matched,6,linear,M1,0.5,downside,724,estimated,-69754.55230097577,-1.0969739278259165
core,matched,6,linear,M1,0.5,btc_vol,724,estimated,170.45846266427657,0.32981048210979125
core,matched,6,linear,M1,0.5,btc_ret,724,estimated,-59.77844019192008,-0.26538430885942454
core,matched,6,linear,M1,0.9,e_origin,724,estimated,0.25648745824358277,2.5916053245647785
core,matched,6,linear,M1,0.9,downside,724,estimated,36717.465039753304,0.5774261394536326
core,matched,6,linear,M1,0.9,btc_vol,724,estimated,310.93883036446533,0.6016180361261159
core,matched,6,linear,M1,0.9,btc_ret,724,estimated,74.79297145961321,0.33204079890052035
core,matched,6,linear,M2,0.1,e_origin,724,estimated,0.24303766668237173,2.4557056916430855
core,matched,6,linear,M2,0.1,downside,724,estimated,-29878.6470271715,-0.46987753066063287
core,matched,6,linear,M2,0.1,btc_vol,724,estimated,-453.4082251965954,-0.8772740467521135
core,matched,6,linear,M2,0.1,btc_ret,724,estimated,215.72016298706362,0.957682170654936
core,matched,6,linear,M2,0.1,account_ls,724,estimated,1.7220837945017144,1.0881029869614909
core,matched,6,linear,M2,0.5,e_origin,724,estimated,0.1657208838728328,1.6744800232241386
core,matched,6,linear,M2,0.5,downside,724,estimated,-86818.45802692388,-1.3653242945156412
core,matched,6,linear,M2,0.5,btc_vol,724,estimated,131.3710803976688,0.2541825068936256
core,matched,6,linear,M2,0.5,btc_ret,724,estimated,-68.21021788729436,-0.3028168930646857
core,matched,6,linear,M2,0.5,account_ls,724,estimated,1.204688872004385,0.7611857008192382
core,matched,6,linear,M2,0.9,e_origin,724,estimated,0.2253554712478115,2.2770409251394472
core,matched,6,linear,M2,0.9,downside,724,estimated,-107649.18818287466,-1.692912489477584
core,matched,6,linear,M2,0.9,btc_vol,724,estimated,392.7436072238503,0.759897493028269
core,matched,6,linear,M2,0.9,btc_ret,724,estimated,84.47632453355706,0.3750297085261301
core,matched,6,linear,M2,0.9,account_ls,724,estimated,2.769875394386222,1.7501527508508155
core,matched,6,pca,M0,0.1,e_origin,724,estimated,0.2336243518804267,2.3498922356176175
core,matched,6,pca,M0,0.1,downside,724,estimated,-53679.76555868773,-0.8441786425007892
core,matched,6,pca,M0,0.5,e_origin,724,estimated,0.18462306552268573,1.8570166367319938
core,matched,6,pca,M0,0.5,downside,724,estimated,-50353.58257491786,-0.7918704290292117
core,matched,6,pca,M0,0.9,e_origin,724,estimated,0.2575029471713911,2.590073215126174
core,matched,6,pca,M0,0.9,downside,724,estimated,80423.71652439516,1.264759321018389
core,matched,6,pca,M1,0.1,e_origin,724,estimated,0.23308997998687933,2.3445172978019655
core,matched,6,pca,M1,0.1,downside,724,estimated,-15911.335700146981,-0.2502248218099853
core,matched,6,pca,M1,0.1,btc_vol,724,estimated,-492.8237323053436,-0.9535368922509688
core,matched,6,pca,M1,0.1,btc_ret,724,estimated,282.3543095032249,1.2535021496114847
core,matched,6,pca,M1,0.5,e_origin,724,estimated,0.16970063132214172,1.7069205017095597
core,matched,6,pca,M1,0.5,downside,724,estimated,-72690.45220222203,-1.1431444721149489
core,matched,6,pca,M1,0.5,btc_vol,724,estimated,185.8505700426009,0.3595918040564119
core,matched,6,pca,M1,0.5,btc_ret,724,estimated,-58.55304070922797,-0.2599441904196179
core,matched,6,pca,M1,0.9,e_origin,724,estimated,0.2543760212870634,2.558621276157525
core,matched,6,pca,M1,0.9,downside,724,estimated,39138.63095716815,0.6155018749968116
core,matched,6,pca,M1,0.9,btc_vol,724,estimated,264.3605016552126,0.5114962503998011
core,matched,6,pca,M1,0.9,btc_ret,724,estimated,49.304969570186,0.2188876998247165
core,matched,6,pca,M2,0.1,e_origin,724,estimated,0.23549774731847142,2.368735636824166
core,matched,6,pca,M2,0.1,downside,724,estimated,-39214.52311391082,-0.6166953701097038
core,matched,6,pca,M2,0.1,btc_vol,724,estimated,-396.0002378671914,-0.7661985643024438
core,matched,6,pca,M2,0.1,btc_ret,724,estimated,223.41549668148167,0.9918453372979461
core,matched,6,pca,M2,0.1,account_ls,724,estimated,1.73315734092503,1.0950998351856813
core,matched,6,pca,M2,0.5,e_origin,724,estimated,0.1657011704364779,1.666692237805427
core,matched,6,pca,M2,0.5,downside,724,estimated,-85922.02463778602,-1.351226805198043
core,matched,6,pca,M2,0.5,btc_vol,724,estimated,105.49674042878846,0.20411970328723425
core,matched,6,pca,M2,0.5,btc_ret,724,estimated,-66.26927667811964,-0.29420015198412414
core,matched,6,pca,M2,0.5,account_ls,724,estimated,1.2363888341792026,0.7812154018355967
core,matched,6,pca,M2,0.9,e_origin,724,estimated,0.23156371579649263,2.329165489047343
core,matched,6,pca,M2,0.9,downside,724,estimated,-103401.7522282208,-1.626116469022006
core,matched,6,pca,M2,0.9,btc_vol,724,estimated,342.4487438524128,0.6625847936356315
core,matched,6,pca,M2,0.9,btc_ret,724,estimated,85.66198438755326,0.3802934042646763
core,matched,6,pca,M2,0.9,account_ls,724,estimated,2.6784652473063746,1.6923950189717165
core,matched,6,ml,M0,0.1,e_origin,724,estimated,0.24451313789176815,2.4618378632998366
core,matched,6,ml,M0,0.1,downside,724,estimated,-16648.936117118352,-0.2618244722970231
core,matched,6,ml,M0,0.5,e_origin,724,estimated,0.19956943794548748,2.0093300627025683
core,matched,6,ml,M0,0.5,downside,724,estimated,-27222.268038583006,-0.428102787697149
core,matched,6,ml,M0,0.9,e_origin,724,estimated,0.2781207225518049,2.800209965197919
core,matched,6,ml,M0,0.9,downside,724,estimated,105888.09313892704,1.665217159439505
core,matched,6,ml,M1,0.1,e_origin,724,estimated,0.256811418144469,2.5856609520737956
core,matched,6,ml,M1,0.1,downside,724,estimated,-7223.746622225934,-0.1136020724727887
core,matched,6,ml,M1,0.1,btc_vol,724,estimated,-370.6980763506457,-0.7172428365681902
core,matched,6,ml,M1,0.1,btc_ret,724,estimated,303.055821359575,1.3454057924416505
core,matched,6,ml,M1,0.5,e_origin,724,estimated,0.17297183999403196,1.7415367887938955
core,matched,6,ml,M1,0.5,downside,724,estimated,-46566.18801633938,-0.7323091108341808
core,matched,6,ml,M1,0.5,btc_vol,724,estimated,207.23528934594833,0.4009678934155568
core,matched,6,ml,M1,0.5,btc_ret,724,estimated,-86.33192983543992,-0.38326760381036723
core,matched,6,ml,M1,0.9,e_origin,724,estimated,0.2504989211347992,2.5221046774115687
core,matched,6,ml,M1,0.9,downside,724,estimated,46624.03797579406,0.7332188707731989
core,matched,6,ml,M1,0.9,btc_vol,724,estimated,534.2454917406346,1.033681522418704
core,matched,6,ml,M1,0.9,btc_ret,724,estimated,34.417439175674296,0.15279502574880127
core,matched,6,ml,M2,0.1,e_origin,724,estimated,0.21235901143538602,2.1380996517085586
core,matched,6,ml,M2,0.1,downside,724,estimated,-43007.05773206977,-0.6763375219014139
core,matched,6,ml,M2,0.1,btc_vol,724,estimated,-364.19837409313476,-0.7046669286219722
core,matched,6,ml,M2,0.1,btc_ret,724,estimated,206.00063887024436,0.9145326809408629
core,matched,6,ml,M2,0.1,account_ls,724,estimated,2.6797752116870694,1.6932227232681034
core,matched,6,ml,M2,0.5,e_origin,724,estimated,0.19853890071271435,1.9989542783947978
core,matched,6,ml,M2,0.5,downside,724,estimated,-105782.14343782332,-1.663550973420989
core,matched,6,ml,M2,0.5,btc_vol,724,estimated,330.6475663591792,0.6397513597440428
core,matched,6,ml,M2,0.5,btc_ret,724,estimated,-69.69933048981673,-0.3094277567400425
core,matched,6,ml,M2,0.5,account_ls,724,estimated,2.033274748318925,1.2847297756491334
core,matched,6,ml,M2,0.9,e_origin,724,estimated,0.23662550485447836,2.3824226063920055
core,matched,6,ml,M2,0.9,downside,724,estimated,-122207.7232631365,-1.9218629003622774
core,matched,6,ml,M2,0.9,btc_vol,724,estimated,636.6983389361361,1.2319117680687524
core,matched,6,ml,M2,0.9,btc_ret,724,estimated,71.90969159887696,0.3192405781079876
core,matched,6,ml,M2,0.9,account_ls,724,estimated,3.509812538051308,2.2176839004710334
core,matched,6,joint_linear,M0,0.1,e_origin,724,estimated,0.23023228835828122,2.332241245235139
core,matched,6,joint_linear,M0,0.1,downside,724,estimated,-54515.545993326064,-0.8573222914232186
core,matched,6,joint_linear,M0,0.5,e_origin,724,estimated,0.19378513711857867,1.9630334768604571
core,matched,6,joint_linear,M0,0.5,downside,724,estimated,-52426.970357873,-0.8244769366354937
core,matched,6,joint_linear,M0,0.9,e_origin,724,estimated,0.2573836515506291,2.607283158570121
core,matched,6,joint_linear,M0,0.9,downside,724,estimated,84585.79107152064,1.3302129310446502
core,matched,6,joint_linear,M1,0.1,e_origin,724,estimated,0.23884256964369666,2.4194629520170836
core,matched,6,joint_linear,M1,0.1,downside,724,estimated,-11436.242335992334,-0.17984861576850883
core,matched,6,joint_linear,M1,0.1,btc_vol,724,estimated,-512.7549293806454,-0.99210064328853
core,matched,6,joint_linear,M1,0.1,btc_ret,724,estimated,300.6908888016131,1.3349067564952641
core,matched,6,joint_linear,M1,0.5,e_origin,724,estimated,0.16631458625044726,1.6847582087786612
core,matched,6,joint_linear,M1,0.5,downside,724,estimated,-65227.393479743296,-1.0257789300773656
core,matched,6,joint_linear,M1,0.5,btc_vol,724,estimated,126.9282023167335,0.2455862322415758
core,matched,6,joint_linear,M1,0.5,btc_ret,724,estimated,-62.11124633447191,-0.2757407207004919
core,matched,6,joint_linear,M1,0.9,e_origin,724,estimated,0.2604281368072265,2.6381236377078565
core,matched,6,joint_linear,M1,0.9,downside,724,estimated,29452.038574366095,0.46316860149858397
core,matched,6,joint_linear,M1,0.9,btc_vol,724,estimated,282.149163152962,0.5459145299792411
core,matched,6,joint_linear,M1,0.9,btc_ret,724,estimated,62.31837347449108,0.276660254444155
core,matched,6,joint_linear,M2,0.1,e_origin,724,estimated,0.2596670384002391,2.6304137499717957
core,matched,6,joint_linear,M2,0.1,downside,724,estimated,-17878.372039426198,-0.2811588255143607
core,matched,6,joint_linear,M2,0.1,btc_vol,724,estimated,-471.41727971422046,-0.9121187523769531
core,matched,6,joint_linear,M2,0.1,btc_ret,724,estimated,225.91556754037046,1.0029443150373396
core,matched,6,joint_linear,M2,0.1,account_ls,724,estimated,1.4982911339054854,0.946699030178264
core,matched,6,joint_linear,M2,0.5,e_origin,724,estimated,0.17820464435506234,1.8052038861315796
core,matched,6,joint_linear,M2,0.5,downside,724,estimated,-87698.99569027229,-1.379171804495982
core,matched,6,joint_linear,M2,0.5,btc_vol,724,estimated,139.66309822791936,0.2702262653290409
core,matched,6,joint_linear,M2,0.5,btc_ret,724,estimated,-71.88588887625912,-0.31913490674770073
core,matched,6,joint_linear,M2,0.5,account_ls,724,estimated,1.2168880931458463,0.7688938094519361
core,matched,6,joint_linear,M2,0.9,e_origin,724,estimated,0.23277490975760548,2.35799786929863
core,matched,6,joint_linear,M2,0.9,downside,724,estimated,-109311.82666536447,-1.7190594720977543
core,matched,6,joint_linear,M2,0.9,btc_vol,724,estimated,389.96373957966006,0.75451888363803
core,matched,6,joint_linear,M2,0.9,btc_ret,724,estimated,66.47881778394,0.2951304024451138
core,matched,6,joint_linear,M2,0.9,account_ls,724,estimated,2.8198618528926773,1.7817368206749198
core,all,12,linear,M0,0.1,e_origin,1340,estimated,0.311913541947887,2.975296736170149
core,all,12,linear,M0,0.1,downside,1340,estimated,-86361.38649293552,-1.2385358404183295
core,all,12,linear,M0,0.5,e_origin,1340,estimated,0.24125709815594396,2.3013154614530644
core,all,12,linear,M0,0.5,downside,1340,estimated,-35912.56892936538,-0.5150334605171165
core,all,12,linear,M0,0.9,e_origin,1340,estimated,0.14252764553191652,1.3595499442469778
core,all,12,linear,M0,0.9,downside,1340,estimated,31199.732776309298,0.4474451930909482
core,all,12,linear,M1,0.1,e_origin,1340,estimated,0.3225571922583801,3.076824928347959
core,all,12,linear,M1,0.1,downside,1340,estimated,18891.515423593362,0.2709291719610131
core,all,12,linear,M1,0.1,btc_vol,1340,estimated,-739.6645343617304,-1.3800686820174717
core,all,12,linear,M1,0.1,btc_ret,1340,estimated,-107.54091814496972,-0.4479730539917127
core,all,12,linear,M1,0.5,e_origin,1340,estimated,0.2405328926986597,2.294407373654381
core,all,12,linear,M1,0.5,downside,1340,estimated,-6152.51047787788,-0.08823509029726374
core,all,12,linear,M1,0.5,btc_vol,1340,estimated,-186.98104125323647,-0.34886988246270534
core,all,12,linear,M1,0.5,btc_ret,1340,estimated,7.576431442415314,0.031560425465610394
core,all,12,linear,M1,0.9,e_origin,1340,estimated,0.13577989380386332,1.2951841473418937
core,all,12,linear,M1,0.9,downside,1340,estimated,-36035.86775410259,-0.5168017277916465
core,all,12,linear,M1,0.9,btc_vol,1340,estimated,580.0342153668141,1.0822298730559954
core,all,12,linear,M1,0.9,btc_ret,1340,estimated,-127.90284332856902,-0.5327928041574259
core,all,12,linear,M2,0.1,e_origin,1340,estimated,0.31860011671175625,3.0390789751420684
core,all,12,linear,M2,0.1,downside,1340,estimated,35369.89943799747,0.5072508664452193
core,all,12,linear,M2,0.1,btc_vol,1340,estimated,-790.7387270212721,-1.4753630897851546
core,all,12,linear,M2,0.1,btc_ret,1340,estimated,-85.77944182042201,-0.3573233257149416
core,all,12,linear,M2,0.1,account_ls,1340,estimated,-0.4172551284680084,-0.2533971555619553
core,all,12,linear,M2,0.5,e_origin,1340,estimated,0.255854585859123,2.4405587185695157
core,all,12,linear,M2,0.5,downside,1340,estimated,-60414.369257455415,-0.8664214950711411
core,all,12,linear,M2,0.5,btc_vol,1340,estimated,-53.707031970045726,-0.10020676858588354
core,all,12,linear,M2,0.5,btc_ret,1340,estimated,-44.901203037358975,-0.18704070412931037
core,all,12,linear,M2,0.5,account_ls,1340,estimated,1.1661710011655266,0.7082103836066785
core,all,12,linear,M2,0.9,e_origin,1340,estimated,0.1444502498395989,1.3778893798670888
core,all,12,linear,M2,0.9,downside,1340,estimated,-45340.46240940707,-0.6502418499242631
core,all,12,linear,M2,0.9,btc_vol,1340,estimated,503.7225637561764,0.9398473258763503
core,all,12,linear,M2,0.9,btc_ret,1340,estimated,-129.05351929659844,-0.5375860664472096
core,all,12,linear,M2,0.9,account_ls,1340,estimated,1.2767924117744034,0.7753902668005879
core,all,12,pca,M0,0.1,e_origin,1340,estimated,0.3132514090489059,2.9740950738257435
core,all,12,pca,M0,0.1,downside,1340,estimated,-83293.34795122113,-1.194536133512178
core,all,12,pca,M0,0.5,e_origin,1340,estimated,0.23733564768987025,2.2533299460034804
core,all,12,pca,M0,0.5,downside,1340,estimated,-38417.4204066723,-0.5509563243750654
core,all,12,pca,M0,0.9,e_origin,1340,estimated,0.14254014592412254,1.3533153676865037
core,all,12,pca,M0,0.9,downside,1340,estimated,29503.78940211272,0.4231231350791274
core,all,12,pca,M1,0.1,e_origin,1340,estimated,0.3265286718417254,3.100153060239619
core,all,12,pca,M1,0.1,downside,1340,estimated,17945.28860523399,0.2573590351754144
core,all,12,pca,M1,0.1,btc_vol,1340,estimated,-718.0939740111298,-1.339822254873145
core,all,12,pca,M1,0.1,btc_ret,1340,estimated,-108.49452996741937,-0.45194542476736016
core,all,12,pca,M1,0.5,e_origin,1340,estimated,0.24549477492678368,2.3307949451097834
core,all,12,pca,M1,0.5,downside,1340,estimated,-7946.825844172952,-0.11396793202684366
core,all,12,pca,M1,0.5,btc_vol,1340,estimated,-206.16630612736444,-0.3846658169424372
core,all,12,pca,M1,0.5,btc_ret,1340,estimated,-4.401006714042203,-0.018332858342066678
core,all,12,pca,M1,0.9,e_origin,1340,estimated,0.1374419986984635,1.304912155086417
core,all,12,pca,M1,0.9,downside,1340,estimated,-37512.465613081986,-0.537978082693968
core,all,12,pca,M1,0.9,btc_vol,1340,estimated,583.8038564856138,1.0892632826745734
core,all,12,pca,M1,0.9,btc_ret,1340,estimated,-133.76998845598183,-0.557233016927384
core,all,12,pca,M2,0.1,e_origin,1340,estimated,0.31396239288201455,2.980845349976259
core,all,12,pca,M2,0.1,downside,1340,estimated,34714.990334733826,0.49785860875289284
core,all,12,pca,M2,0.1,btc_vol,1340,estimated,-766.1702091651281,-1.4295230630139513
core,all,12,pca,M2,0.1,btc_ret,1340,estimated,-83.0906638649796,-0.3461229371281396
core,all,12,pca,M2,0.1,account_ls,1340,estimated,-0.5128372804737902,-0.31144376491025133
core,all,12,pca,M2,0.5,e_origin,1340,estimated,0.2561696690101858,2.4321453269115816
core,all,12,pca,M2,0.5,downside,1340,estimated,-57992.89914095571,-0.8316944295667891
core,all,12,pca,M2,0.5,btc_vol,1340,estimated,-79.52826503813608,-0.14838411579247301
core,all,12,pca,M2,0.5,btc_ret,1340,estimated,-40.518763006546216,-0.16878518726741945
core,all,12,pca,M2,0.5,account_ls,1340,estimated,1.15734541787717,0.7028506467242206
core,all,12,pca,M2,0.9,e_origin,1340,estimated,0.1432016302627959,1.3595956820162445
core,all,12,pca,M2,0.9,downside,1340,estimated,-45926.86520556101,-0.6586516370924855
core,all,12,pca,M2,0.9,btc_vol,1340,estimated,495.1597180636009,0.9238707383555373
core,all,12,pca,M2,0.9,btc_ret,1340,estimated,-146.81976043394002,-0.6115932205382628
core,all,12,pca,M2,0.9,account_ls,1340,estimated,1.220354568090079,0.7411158191546926
core,all,12,ml,M0,0.1,e_origin,1340,estimated,0.3160660140985504,3.0115233963051216
core,all,12,ml,M0,0.1,downside,1340,estimated,-98368.35821872845,-1.410731603145003
core,all,12,ml,M0,0.5,e_origin,1340,estimated,0.22679340359531783,2.1609208538378635
core,all,12,ml,M0,0.5,downside,1340,estimated,-5643.8980135368365,-0.08094091877511708
core,all,12,ml,M0,0.9,e_origin,1340,estimated,0.13754265943450436,1.3105266570922247
core,all,12,ml,M0,0.9,downside,1340,estimated,36853.86451548335,0.5285328769482093
core,all,12,ml,M1,0.1,e_origin,1340,estimated,0.33115797825614357,3.155321847038324
core,all,12,ml,M1,0.1,downside,1340,estimated,41317.837554455335,0.5925521200839154
core,all,12,ml,M1,0.1,btc_vol,1340,estimated,-913.2312728380672,-1.7039101113186716
core,all,12,ml,M1,0.1,btc_ret,1340,estimated,-50.302222413254974,-0.20953922084484503
core,all,12,ml,M1,0.5,e_origin,1340,estimated,0.2333524582442646,2.223416489723562
core,all,12,ml,M1,0.5,downside,1340,estimated,32167.84016335218,0.4613291260026139
core,all,12,ml,M1,0.5,btc_vol,1340,estimated,-297.45593859452896,-0.554994333327956
core,all,12,ml,M1,0.5,btc_ret,1340,estimated,-32.741242205741614,-0.13638710283853472
core,all,12,ml,M1,0.9,e_origin,1340,estimated,0.1366526597831655,1.3020466097187204
core,all,12,ml,M1,0.9,downside,1340,estimated,-6502.785516462312,-0.09325849493338802
core,all,12,ml,M1,0.9,btc_vol,1340,estimated,432.67404113947947,0.8072847432299833
core,all,12,ml,M1,0.9,btc_ret,1340,estimated,-110.35898284706825,-0.4597120001781636
core,all,12,ml,M2,0.1,e_origin,1340,estimated,0.32914746182471727,3.136165351237392
core,all,12,ml,M2,0.1,downside,1340,estimated,4942.868668942739,0.0708872361777935
core,all,12,ml,M2,0.1,btc_vol,1340,estimated,-874.5314150779755,-1.6317037809998596
core,all,12,ml,M2,0.1,btc_ret,1340,estimated,-58.699520061429546,-0.2445190511979686
core,all,12,ml,M2,0.1,account_ls,1340,estimated,0.44199911259960944,0.26842406540303737
core,all,12,ml,M2,0.5,e_origin,1340,estimated,0.23106926584865503,2.2016618972937025
core,all,12,ml,M2,0.5,downside,1340,estimated,-46094.265757296635,-0.6610523811223111
core,all,12,ml,M2,0.5,btc_vol,1340,estimated,-138.51010164763653,-0.25843263337197786
core,all,12,ml,M2,0.5,btc_ret,1340,estimated,8.381275850075841,0.03491308986077394
core,all,12,ml,M2,0.5,account_ls,1340,estimated,2.039193700726022,1.2383931272481636
core,all,12,ml,M2,0.9,e_origin,1340,estimated,0.16689210536729018,1.5901724878762251
core,all,12,ml,M2,0.9,downside,1340,estimated,-90525.06172970284,-1.2982484182035465
core,all,12,ml,M2,0.9,btc_vol,1340,estimated,579.1045337051052,1.0804952697514343
core,all,12,ml,M2,0.9,btc_ret,1340,estimated,-127.75686855454624,-0.5321847308170385
core,all,12,ml,M2,0.9,account_ls,1340,estimated,2.575092059964428,1.5638417811686451
core,all,12,joint_linear,M0,0.1,e_origin,1340,estimated,0.3112609404352686,2.9767919949552937
core,all,12,joint_linear,M0,0.1,downside,1340,estimated,-85425.16181453379,-1.2251091474717137
core,all,12,joint_linear,M0,0.5,e_origin,1340,estimated,0.2417339173916531,2.3118595902022827
core,all,12,joint_linear,M0,0.5,downside,1340,estimated,-31715.458394178826,-0.45484137658790436
core,all,12,joint_linear,M0,0.9,e_origin,1340,estimated,0.15000953619749186,1.4346393283243208
core,all,12,joint_linear,M0,0.9,downside,1340,estimated,31661.80123252146,0.45407186233498986
core,all,12,joint_linear,M1,0.1,e_origin,1340,estimated,0.3207225181671203,3.0672792524069905
core,all,12,joint_linear,M1,0.1,downside,1340,estimated,16628.58045057187,0.23847570887479377
core,all,12,joint_linear,M1,0.1,btc_vol,1340,estimated,-743.9501236833984,-1.3880647496022533
core,all,12,joint_linear,M1,0.1,btc_ret,1340,estimated,-107.48674533816377,-0.44774739144273346
core,all,12,joint_linear,M1,0.5,e_origin,1340,estimated,0.24761381775807115,2.368092923936388
core,all,12,joint_linear,M1,0.5,downside,1340,estimated,-1758.3116689928515,-0.025216501368369747
core,all,12,joint_linear,M1,0.5,btc_vol,1340,estimated,-223.35740101359568,-0.41674102206573144
core,all,12,joint_linear,M1,0.5,btc_ret,1340,estimated,-1.8695604481936776,-0.0077878515270851075
core,all,12,joint_linear,M1,0.9,e_origin,1340,estimated,0.13999027437844058,1.3388185731193623
core,all,12,joint_linear,M1,0.9,downside,1340,estimated,-36126.76513717028,-0.5181053157874087
core,all,12,joint_linear,M1,0.9,btc_vol,1340,estimated,588.541341166177,1.0981024982046577
core,all,12,joint_linear,M1,0.9,btc_ret,1340,estimated,-142.0240305467469,-0.5916161011241515
core,all,12,joint_linear,M2,0.1,e_origin,1340,estimated,0.33109510332179143,3.166479069808553
core,all,12,joint_linear,M2,0.1,downside,1340,estimated,42485.52592740583,0.6092983067660533
core,all,12,joint_linear,M2,0.1,btc_vol,1340,estimated,-860.6314968430628,-1.6057692648138702
core,all,12,joint_linear,M2,0.1,btc_ret,1340,estimated,-51.75000569358918,-0.21557011502723575
core,all,12,joint_linear,M2,0.1,account_ls,1340,estimated,-0.49727769224174256,-0.3019944972303253
core,all,12,joint_linear,M2,0.5,e_origin,1340,estimated,0.25761397102680844,2.463730931574208
core,all,12,joint_linear,M2,0.5,downside,1340,estimated,-58636.33103927585,-0.8409220890486465
core,all,12,joint_linear,M2,0.5,btc_vol,1340,estimated,-70.58602782625847,-0.13169965824452162
core,all,12,joint_linear,M2,0.5,btc_ret,1340,estimated,-41.17194282806797,-0.17150607680881627
core,all,12,joint_linear,M2,0.5,account_ls,1340,estimated,1.1548508259226264,0.7013356922936065
core,all,12,joint_linear,M2,0.9,e_origin,1340,estimated,0.1493807846407162,1.4286261658683823
core,all,12,joint_linear,M2,0.9,downside,1340,estimated,-43016.546436972116,-0.6169138391214636
core,all,12,joint_linear,M2,0.9,btc_vol,1340,estimated,532.5705188853683,0.9936719417184465
core,all,12,joint_linear,M2,0.9,btc_ret,1340,estimated,-134.3127073302762,-0.559493769725206
core,all,12,joint_linear,M2,0.9,account_ls,1340,estimated,1.091701248746093,0.6629852392021698
core,matched,12,linear,M0,0.1,e_origin,724,estimated,0.2868083570572698,2.8979743117630337
core,matched,12,linear,M0,0.1,downside,724,estimated,-5141.907137259992,-0.08086265172398366
core,matched,12,linear,M0,0.5,e_origin,724,estimated,0.19759408270353698,1.9965337889958674
core,matched,12,linear,M0,0.5,downside,724,estimated,-33672.12326586319,-0.5295344905636455
core,matched,12,linear,M0,0.9,e_origin,724,estimated,0.15011719909837717,1.516816982616884
core,matched,12,linear,M0,0.9,downside,724,estimated,4443.427118809802,0.06987821638503726
core,matched,12,linear,M1,0.1,e_origin,724,estimated,0.2878560936468072,2.908560871210349
core,matched,12,linear,M1,0.1,downside,724,estimated,43455.245458671256,0.6833858110042101
core,matched,12,linear,M1,0.1,btc_vol,724,estimated,-622.9149056130192,-1.205242978978599
core,matched,12,linear,M1,0.1,btc_ret,724,estimated,-212.44977419795308,-0.9431633932209103
core,matched,12,linear,M1,0.5,e_origin,724,estimated,0.20556001025365742,2.0770232616405044
core,matched,12,linear,M1,0.5,downside,724,estimated,-15440.805206573676,-0.24282516592129347
core,matched,12,linear,M1,0.5,btc_vol,724,estimated,-187.50461502104454,-0.36279212255773613
core,matched,12,linear,M1,0.5,btc_ret,724,estimated,-51.11107170249676,-0.22690582750710472
core,matched,12,linear,M1,0.9,e_origin,724,estimated,0.13794676095574276,1.3938442161949736
core,matched,12,linear,M1,0.9,downside,724,estimated,14011.179284793488,0.22034258505731996
core,matched,12,linear,M1,0.9,btc_vol,724,estimated,-383.1702893303907,-0.7413746192414113
core,matched,12,linear,M1,0.9,btc_ret,724,estimated,-198.6052673919157,-0.8817011861371523
core,matched,12,linear,M2,0.1,e_origin,724,estimated,0.29447363818239103,2.975425987233591
core,matched,12,linear,M2,0.1,downside,724,estimated,50035.98786037232,0.786875871541859
core,matched,12,linear,M2,0.1,btc_vol,724,estimated,-685.1960081112535,-1.3257471775981071
core,matched,12,linear,M2,0.1,btc_ret,724,estimated,-211.9178552687478,-0.9408019576106269
core,matched,12,linear,M2,0.1,account_ls,724,estimated,-0.19513142501039696,-0.12329428282280588
core,matched,12,linear,M2,0.5,e_origin,724,estimated,0.19498277312403275,1.9701485463930763
core,matched,12,linear,M2,0.5,downside,724,estimated,-61279.35552304458,-0.9636913019340622
core,matched,12,linear,M2,0.5,btc_vol,724,estimated,-176.0055512051883,-0.34054323141064025
core,matched,12,linear,M2,0.5,btc_ret,724,estimated,-42.69755427364697,-0.18955430912081833
core,matched,12,linear,M2,0.5,account_ls,724,estimated,1.7453344598619616,1.102793978484727
core,matched,12,linear,M2,0.9,e_origin,724,estimated,0.1725371015694312,1.7433525762794266
core,matched,12,linear,M2,0.9,downside,724,estimated,9875.062463577393,0.1552971913783644
core,matched,12,linear,M2,0.9,btc_vol,724,estimated,-558.4841003131714,-1.0805794414426695
core,matched,12,linear,M2,0.9,btc_ret,724,estimated,-220.62789920114787,-0.979469895109733
core,matched,12,linear,M2,0.9,account_ls,724,estimated,1.8534001444534483,1.171075553729478
core,matched,12,pca,M0,0.1,e_origin,724,estimated,0.2923050137273926,2.9401270743456642
core,matched,12,pca,M0,0.1,downside,724,estimated,-3657.363594922483,-0.05751642546422748
core,matched,12,pca,M0,0.5,e_origin,724,estimated,0.1953042305678427,1.9644522983183814
core,matched,12,pca,M0,0.5,downside,724,estimated,-34668.6959672591,-0.5452067905720717
core,matched,12,pca,M0,0.9,e_origin,724,estimated,0.14378927642142314,1.446293168961751
core,matched,12,pca,M0,0.9,downside,724,estimated,451.9975873391576,0.0071082037285807
core,matched,12,pca,M1,0.1,e_origin,724,estimated,0.29051044628581946,2.9220765583643367
core,matched,12,pca,M1,0.1,downside,724,estimated,42115.65122221551,0.6623190862846929
core,matched,12,pca,M1,0.1,btc_vol,724,estimated,-598.5369270589384,-1.158075400824273
core,matched,12,pca,M1,0.1,btc_ret,724,estimated,-223.0531829382486,-0.9902368580196397
core,matched,12,pca,M1,0.5,e_origin,724,estimated,0.21028074237559416,2.115092368715166
core,matched,12,pca,M1,0.5,downside,724,estimated,-16932.88202438679,-0.26628986196567694
core,matched,12,pca,M1,0.5,btc_vol,724,estimated,-183.16306965919358,-0.3543919108785205
core,matched,12,pca,M1,0.5,btc_ret,724,estimated,-60.52071091904042,-0.2686795939700929
core,matched,12,pca,M1,0.9,e_origin,724,estimated,0.15003001874582456,1.5090651865813312
core,matched,12,pca,M1,0.9,downside,724,estimated,23897.316581407445,0.37581394145711144
core,matched,12,pca,M1,0.9,btc_vol,724,estimated,-459.46533741997786,-0.8889936121603819
core,matched,12,pca,M1,0.9,btc_ret,724,estimated,-173.6636960215516,-0.7709739463707531
core,matched,12,pca,M2,0.1,e_origin,724,estimated,0.295696934037894,2.974244438983921
core,matched,12,pca,M2,0.1,downside,724,estimated,49528.31460338368,0.7788921011870859
core,matched,12,pca,M2,0.1,btc_vol,724,estimated,-654.84510316351,-1.267022920457534
core,matched,12,pca,M2,0.1,btc_ret,724,estimated,-212.99187871568523,-0.9455700473976675
core,matched,12,pca,M2,0.1,account_ls,724,estimated,-0.21393504678937533,-0.13517539864813696
core,matched,12,pca,M2,0.5,e_origin,724,estimated,0.19851819958531972,1.9967797538207526
core,matched,12,pca,M2,0.5,downside,724,estimated,-52217.88989161377,-0.8211888957444212
core,matched,12,pca,M2,0.5,btc_vol,724,estimated,-219.21743266118256,-0.42415146788724073
core,matched,12,pca,M2,0.5,btc_ret,724,estimated,-41.63481351663004,-0.18483630844378157
core,matched,12,pca,M2,0.5,account_ls,724,estimated,1.7999342043727138,1.137292964700827
core,matched,12,pca,M2,0.9,e_origin,724,estimated,0.17799936256588522,1.7903926396018084
core,matched,12,pca,M2,0.9,downside,724,estimated,12471.058266362761,0.19612233638271737
core,matched,12,pca,M2,0.9,btc_vol,724,estimated,-579.2873686653666,-1.1208305140937824
core,matched,12,pca,M2,0.9,btc_ret,724,estimated,-224.87495077634043,-0.998324533058703
core,matched,12,pca,M2,0.9,account_ls,724,estimated,1.7313204576494736,1.0939391958572038
core,matched,12,ml,M0,0.1,e_origin,724,estimated,0.2578573691368972,2.596191927131077
core,matched,12,ml,M0,0.1,downside,724,estimated,-8917.486059653394,-0.14023815488030877
core,matched,12,ml,M0,0.5,e_origin,724,estimated,0.2091124508989872,2.1054122234463626
core,matched,12,ml,M0,0.5,downside,724,estimated,-13629.018261839128,-0.2143326449948654
core,matched,12,ml,M0,0.9,e_origin,724,estimated,0.10034847266361606,1.0103410870173761
core,matched,12,ml,M0,0.9,downside,724,estimated,7001.987622761601,0.11011464645328672
core,matched,12,ml,M1,0.1,e_origin,724,estimated,0.24044055042346532,2.4208337270087785
core,matched,12,ml,M1,0.1,downside,724,estimated,61186.911044940476,0.9622375017316881
core,matched,12,ml,M1,0.1,btc_vol,724,estimated,-793.6072546331884,-1.5355059946299356
core,matched,12,ml,M1,0.1,btc_ret,724,estimated,-272.6388325380915,-1.2103706270867451
core,matched,12,ml,M1,0.5,e_origin,724,estimated,0.23065008859644545,2.322260170459772
core,matched,12,ml,M1,0.5,downside,724,estimated,16451.704115287714,0.25872276270812655
core,matched,12,ml,M1,0.5,btc_vol,724,estimated,-240.42208518642678,-0.4651791561757087
core,matched,12,ml,M1,0.5,btc_ret,724,estimated,-40.7229466529188,-0.1807881071755503
core,matched,12,ml,M1,0.9,e_origin,724,estimated,0.11958476632928614,1.2040183532126325
core,matched,12,ml,M1,0.9,downside,724,estimated,46077.26034308742,0.7246201372481159
core,matched,12,ml,M1,0.9,btc_vol,724,estimated,-684.1891780814946,-1.3237991188609388
core,matched,12,ml,M1,0.9,btc_ret,724,estimated,-129.58718420293266,-0.5752978031263951
core,matched,12,ml,M2,0.1,e_origin,724,estimated,0.22185692289948591,2.2337277159761757
core,matched,12,ml,M2,0.1,downside,724,estimated,25992.289979990564,0.40875990873704743
core,matched,12,ml,M2,0.1,btc_vol,724,estimated,-682.5268973883622,-1.3205828655389575
core,matched,12,ml,M2,0.1,btc_ret,724,estimated,-329.40618290052316,-1.4623873072367737
core,matched,12,ml,M2,0.1,account_ls,724,estimated,0.8569630335638592,0.5414742531772238
core,matched,12,ml,M2,0.5,e_origin,724,estimated,0.1876588423094753,1.8894103088439118
core,matched,12,ml,M2,0.5,downside,724,estimated,-60179.94177451979,-0.9464017032162424
core,matched,12,ml,M2,0.5,btc_vol,724,estimated,-216.78202229880804,-0.41943932949765605
core,matched,12,ml,M2,0.5,btc_ret,724,estimated,-31.055843291381546,-0.1378713375837444
core,matched,12,ml,M2,0.5,account_ls,724,estimated,2.597825485911798,1.6414425824402008
core,matched,12,ml,M2,0.9,e_origin,724,estimated,0.21722904118719213,2.187132696483846
core,matched,12,ml,M2,0.9,downside,724,estimated,-7363.50237693203,-0.11579989919691028
core,matched,12,ml,M2,0.9,btc_vol,724,estimated,-624.7491410080922,-1.2087919377718233
core,matched,12,ml,M2,0.9,btc_ret,724,estimated,-212.4414128407785,-0.9431262732661609
core,matched,12,ml,M2,0.9,account_ls,724,estimated,3.487925333899898,2.2038544153499124
core,matched,12,joint_linear,M0,0.1,e_origin,724,estimated,0.2823314101157627,2.860002670314834
core,matched,12,joint_linear,M0,0.1,downside,724,estimated,-5964.112234166519,-0.09379281219208295
core,matched,12,joint_linear,M0,0.5,e_origin,724,estimated,0.21210008311257128,2.148562938240661
core,matched,12,joint_linear,M0,0.5,downside,724,estimated,-34991.05483276752,-0.5502762700426085
core,matched,12,joint_linear,M0,0.9,e_origin,724,estimated,0.15752396610340053,1.595709678599293
core,matched,12,joint_linear,M0,0.9,downside,724,estimated,7156.973586937074,0.11255198647298716
core,matched,12,joint_linear,M1,0.1,e_origin,724,estimated,0.28877651154834955,2.9252912164956872
core,matched,12,joint_linear,M1,0.1,downside,724,estimated,44559.75124765918,0.7007554881605439
core,matched,12,joint_linear,M1,0.1,btc_vol,724,estimated,-633.0729745516563,-1.2248972546396133
core,matched,12,joint_linear,M1,0.1,btc_ret,724,estimated,-212.67960551403525,-0.9441837213655874
core,matched,12,joint_linear,M1,0.5,e_origin,724,estimated,0.21802939584944567,2.20862657144973
core,matched,12,joint_linear,M1,0.5,downside,724,estimated,-14252.543515711033,-0.22413832683606258
core,matched,12,joint_linear,M1,0.5,btc_vol,724,estimated,-205.2354142593009,-0.3970984477090939
core,matched,12,joint_linear,M1,0.5,btc_ret,724,estimated,-54.97333275146875,-0.24405220128041455
core,matched,12,joint_linear,M1,0.9,e_origin,724,estimated,0.1515707845455058,1.5354042554603415
core,matched,12,joint_linear,M1,0.9,downside,724,estimated,24395.943547454615,0.38365544804587975
core,matched,12,joint_linear,M1,0.9,btc_vol,724,estimated,-444.52493440259525,-0.8600862675494991
core,matched,12,joint_linear,M1,0.9,btc_ret,724,estimated,-174.1713704323829,-0.7732277492838356
core,matched,12,joint_linear,M2,0.1,e_origin,724,estimated,0.29239640730552013,2.9619605744233946
core,matched,12,joint_linear,M2,0.1,downside,724,estimated,49040.80161969713,0.7712253752897814
core,matched,12,joint_linear,M2,0.1,btc_vol,724,estimated,-672.3376194668351,-1.3008682053741047
core,matched,12,joint_linear,M2,0.1,btc_ret,724,estimated,-209.5890568201937,-0.9304633377878574
core,matched,12,joint_linear,M2,0.1,account_ls,724,estimated,-0.13537646497684938,-0.08553796068223254
core,matched,12,joint_linear,M2,0.5,e_origin,724,estimated,0.19830302804157157,2.0087994796536033
core,matched,12,joint_linear,M2,0.5,downside,724,estimated,-56906.889784931795,-0.8949290382996251
core,matched,12,joint_linear,M2,0.5,btc_vol,724,estimated,-181.86828939225205,-0.3518867134398502
core,matched,12,joint_linear,M2,0.5,btc_ret,724,estimated,-35.285960615993254,-0.15665079651546293
core,matched,12,joint_linear,M2,0.5,account_ls,724,estimated,1.8312570231696002,1.157084366723054
core,matched,12,joint_linear,M2,0.9,e_origin,724,estimated,0.17884757774357055,1.8117167683051008
core,matched,12,joint_linear,M2,0.9,downside,724,estimated,18296.40143916745,0.287732838785957
core,matched,12,joint_linear,M2,0.9,btc_vol,724,estimated,-565.0872604646397,-1.09335552424293
core,matched,12,joint_linear,M2,0.9,btc_ret,724,estimated,-224.2515199482609,-0.995556833551985
core,matched,12,joint_linear,M2,0.9,account_ls,724,estimated,1.787438667528571,1.1293976282443723
full_macro,all,1,linear,M0,0.1,e_origin,1053,estimated,0.5094691107335501,4.7765195185182945
full_macro,all,1,linear,M0,0.1,downside,1053,estimated,-79892.47172872056,-1.3820539782682155
full_macro,all,1,linear,M0,0.1,dxy_ret,1053,estimated,40.25669513357276,0.0400284448134958
full_macro,all,1,linear,M0,0.1,fx_ret,1053,estimated,158.52542776339521,0.20127172785486955
full_macro,all,1,linear,M0,0.5,e_origin,1053,estimated,0.32105495512011234,3.0100456089285026
full_macro,all,1,linear,M0,0.5,downside,1053,estimated,-78529.2628199496,-1.358471927859575
full_macro,all,1,linear,M0,0.5,dxy_ret,1053,estimated,-349.01982845469996,-0.34704093060196606
full_macro,all,1,linear,M0,0.5,fx_ret,1053,estimated,-433.45023850581026,-0.5503298724629869
full_macro,all,1,linear,M0,0.9,e_origin,1053,estimated,0.29056100982450195,2.724150111375386
full_macro,all,1,linear,M0,0.9,downside,1053,estimated,18507.23160017917,0.3201552349839718
full_macro,all,1,linear,M0,0.9,dxy_ret,1053,estimated,-239.41186618338054,-0.23805443147828959
full_macro,all,1,linear,M0,0.9,fx_ret,1053,estimated,-368.1005835925219,-0.4673587167014747
full_macro,all,1,linear,M1,0.1,e_origin,1053,estimated,0.4806160665198031,4.506008262875729
full_macro,all,1,linear,M1,0.1,downside,1053,estimated,-75712.37905287737,-1.3097428632510781
full_macro,all,1,linear,M1,0.1,dxy_ret,1053,estimated,51.45845306101809,0.05116669020411017
full_macro,all,1,linear,M1,0.1,fx_ret,1053,estimated,214.11134374613,0.2718463575031739
full_macro,all,1,linear,M1,0.1,btc_vol,1053,estimated,-465.06284289594873,-0.9040613913343551
full_macro,all,1,linear,M1,0.1,btc_ret,1053,estimated,313.23998608792897,1.3001863530729352
full_macro,all,1,linear,M1,0.1,vixy_ret,1053,estimated,-18.171371791180842,-0.3674970440061595
full_macro,all,1,linear,M1,0.5,e_origin,1053,estimated,0.3235123405764634,3.033084787064118
full_macro,all,1,linear,M1,0.5,downside,1053,estimated,-92624.06668533104,-1.6022969007707315
full_macro,all,1,linear,M1,0.5,dxy_ret,1053,estimated,-464.84808933291487,-0.46221246003385413
full_macro,all,1,linear,M1,0.5,fx_ret,1053,estimated,-284.50945264817966,-0.36122728027588363
full_macro,all,1,linear,M1,0.5,btc_vol,1053,estimated,250.5444813285814,0.4870472793969041
full_macro,all,1,linear,M1,0.5,btc_ret,1053,estimated,151.99502585897628,0.6308960130694643
full_macro,all,1,linear,M1,0.5,vixy_ret,1053,estimated,-2.8855937267512553,-0.05835812380980908
full_macro,all,1,linear,M1,0.9,e_origin,1053,estimated,0.26836657652648943,2.5160665561275137
full_macro,all,1,linear,M1,0.9,downside,1053,estimated,-28788.759504658694,-0.4980146281857642
full_macro,all,1,linear,M1,0.9,dxy_ret,1053,estimated,-194.47962251923343,-0.1933769478972563
full_macro,all,1,linear,M1,0.9,fx_ret,1053,estimated,-358.0014323022083,-0.45453633445814784
full_macro,all,1,linear,M1,0.9,btc_vol,1053,estimated,583.5629819503247,1.1344203680259908
full_macro,all,1,linear,M1,0.9,btc_ret,1053,estimated,234.23799275827184,0.9722674469472476
full_macro,all,1,linear,M1,0.9,vixy_ret,1053,estimated,-7.684415268185007,-0.1554092849139969
full_macro,all,1,linear,M2,0.1,e_origin,1053,estimated,0.49402429120085983,4.63171685942937
full_macro,all,1,linear,M2,0.1,downside,1053,estimated,-90216.15624774597,-1.560642635636991
full_macro,all,1,linear,M2,0.1,dxy_ret,1053,estimated,127.18218644785274,0.1264610796935976
full_macro,all,1,linear,M2,0.1,fx_ret,1053,estimated,203.00642673623045,0.2577470053310833
full_macro,all,1,linear,M2,0.1,btc_vol,1053,estimated,-319.6536506819669,-0.6213924173798198
full_macro,all,1,linear,M2,0.1,btc_ret,1053,estimated,282.3810925601827,1.1720982608188264
full_macro,all,1,linear,M2,0.1,vixy_ret,1053,estimated,-12.481109419919294,-0.25241742178011467
full_macro,all,1,linear,M2,0.1,account_ls,1053,estimated,1.1672607991179518,0.695638386178239
full_macro,all,1,linear,M2,0.5,e_origin,1053,estimated,0.320622927067039,3.0059951368104167
full_macro,all,1,linear,M2,0.5,downside,1053,estimated,-105352.51635366215,-1.8224854131631931
full_macro,all,1,linear,M2,0.5,dxy_ret,1053,estimated,-388.6693970882595,-0.38646569124516533
full_macro,all,1,linear,M2,0.5,fx_ret,1053,estimated,-298.40269523884336,-0.37886682858799003
full_macro,all,1,linear,M2,0.5,btc_vol,1053,estimated,203.92113867918997,0.3964135840412471
full_macro,all,1,linear,M2,0.5,btc_ret,1053,estimated,140.0354930176263,0.5812547728700539
full_macro,all,1,linear,M2,0.5,vixy_ret,1053,estimated,-3.008910095179965,-0.060852068757714435
full_macro,all,1,linear,M2,0.5,account_ls,1053,estimated,0.8921801188571054,0.5317018600565127
full_macro,all,1,linear,M2,0.9,e_origin,1053,estimated,0.2872351062880767,2.6929681558382375
full_macro,all,1,linear,M2,0.9,downside,1053,estimated,-26046.704659517945,-0.4505800235809093
full_macro,all,1,linear,M2,0.9,dxy_ret,1053,estimated,-136.58332231255017,-0.13580891231859576
full_macro,all,1,linear,M2,0.9,fx_ret,1053,estimated,-307.6505317314298,-0.39060833943608114
full_macro,all,1,linear,M2,0.9,btc_vol,1053,estimated,511.95675928796146,0.9952210699586163
full_macro,all,1,linear,M2,0.9,btc_ret,1053,estimated,240.39720289710363,0.9978328961998523
full_macro,all,1,linear,M2,0.9,vixy_ret,1053,estimated,-8.108873581428108,-0.1639935116423491
full_macro,all,1,linear,M2,0.9,account_ls,1053,estimated,0.935019774196836,0.5572324944507127
full_macro,all,1,pca,M0,0.1,e_origin,1053,estimated,0.5092667383366342,4.752569499514144
full_macro,all,1,pca,M0,0.1,downside,1053,estimated,-79758.44015543541,-1.379735375963592
full_macro,all,1,pca,M0,0.1,dxy_ret,1053,estimated,47.589069576362064,0.04731924562963896
full_macro,all,1,pca,M0,0.1,fx_ret,1053,estimated,227.4370567738703,0.2887653421975066
full_macro,all,1,pca,M0,0.5,e_origin,1053,estimated,0.3268360051267413,3.050092834222434
full_macro,all,1,pca,M0,0.5,downside,1053,estimated,-77444.64315689496,-1.3397091722732597
full_macro,all,1,pca,M0,0.5,dxy_ret,1053,estimated,-327.2533022005494,-0.32539781777179355
full_macro,all,1,pca,M0,0.5,fx_ret,1053,estimated,-398.34747574673173,-0.5057616677738038
full_macro,all,1,pca,M0,0.9,e_origin,1053,estimated,0.2947375873079701,2.750544581755737
full_macro,all,1,pca,M0,0.9,downside,1053,estimated,19269.669555090724,0.33334459295434726
full_macro,all,1,pca,M0,0.9,dxy_ret,1053,estimated,-249.9159850734625,-0.24849899335578438
full_macro,all,1,pca,M0,0.9,fx_ret,1053,estimated,-361.23316082691906,-0.4586394969179725
full_macro,all,1,pca,M1,0.1,e_origin,1053,estimated,0.4979254703119172,4.646730730863881
full_macro,all,1,pca,M1,0.1,downside,1053,estimated,-76994.26805134473,-1.3319181665267832
full_macro,all,1,pca,M1,0.1,dxy_ret,1053,estimated,25.6433948905074,0.025498000116490373
full_macro,all,1,pca,M1,0.1,fx_ret,1053,estimated,54.23794062943016,0.0688631734340348
full_macro,all,1,pca,M1,0.1,btc_vol,1053,estimated,-362.2878185190571,-0.7042713351045063
full_macro,all,1,pca,M1,0.1,btc_ret,1053,estimated,277.12832345684313,1.1502952375544588
full_macro,all,1,pca,M1,0.1,vixy_ret,1053,estimated,-3.537130896452159,-0.07153478359514398
full_macro,all,1,pca,M1,0.5,e_origin,1053,estimated,0.32785498892565723,3.059602175710245
full_macro,all,1,pca,M1,0.5,downside,1053,estimated,-93270.32993240294,-1.6134765610353066
full_macro,all,1,pca,M1,0.5,dxy_ret,1053,estimated,-453.7741805404107,-0.4512013388899139
full_macro,all,1,pca,M1,0.5,fx_ret,1053,estimated,-305.833754278703,-0.38830166887731216
full_macro,all,1,pca,M1,0.5,btc_vol,1053,estimated,250.2642780493309,0.4865025767392628
full_macro,all,1,pca,M1,0.5,btc_ret,1053,estimated,154.200271627029,0.6400494755268056
full_macro,all,1,pca,M1,0.5,vixy_ret,1053,estimated,-1.654592392937571,-0.03346240561401894
full_macro,all,1,pca,M1,0.9,e_origin,1053,estimated,0.28618119609666315,2.6706947882475496
full_macro,all,1,pca,M1,0.9,downside,1053,estimated,-30814.817552698736,-0.5330632569852842
full_macro,all,1,pca,M1,0.9,dxy_ret,1053,estimated,-43.972751294939506,-0.04372343141101878
full_macro,all,1,pca,M1,0.9,fx_ret,1053,estimated,-367.1928776153009,-0.4662062482741879
full_macro,all,1,pca,M1,0.9,btc_vol,1053,estimated,598.5966091171664,1.163645067657171
full_macro,all,1,pca,M1,0.9,btc_ret,1053,estimated,225.46444813733365,0.9358505030995417
full_macro,all,1,pca,M1,0.9,vixy_ret,1053,estimated,-10.524077429515216,-0.21283849071404942
full_macro,all,1,pca,M2,0.1,e_origin,1053,estimated,0.4968031108253124,4.636256668723184
full_macro,all,1,pca,M2,0.1,downside,1053,estimated,-90186.30179030728,-1.5601261855788142
full_macro,all,1,pca,M2,0.1,dxy_ret,1053,estimated,103.49005875397636,0.10290328333793684
full_macro,all,1,pca,M2,0.1,fx_ret,1053,estimated,223.70885339579064,0.2840318306953618
full_macro,all,1,pca,M2,0.1,btc_vol,1053,estimated,-302.1792261706365,-0.5874229167460848
full_macro,all,1,pca,M2,0.1,btc_ret,1053,estimated,277.4649644091966,1.1516925558777096
full_macro,all,1,pca,M2,0.1,vixy_ret,1053,estimated,-11.146082060730153,-0.22541788570725352
full_macro,all,1,pca,M2,0.1,account_ls,1053,estimated,1.1746842402472628,0.700062445146882
full_macro,all,1,pca,M2,0.5,e_origin,1053,estimated,0.3196972247084063,2.983472441556064
full_macro,all,1,pca,M2,0.5,downside,1053,estimated,-101157.23283507593,-1.7499115128774068
full_macro,all,1,pca,M2,0.5,dxy_ret,1053,estimated,-448.21202751962505,-0.4456707225663931
full_macro,all,1,pca,M2,0.5,fx_ret,1053,estimated,-262.39804720280114,-0.33315354572060907
full_macro,all,1,pca,M2,0.5,btc_vol,1053,estimated,209.2846145064474,0.4068399414526119
full_macro,all,1,pca,M2,0.5,btc_ret,1053,estimated,137.77343444504186,0.5718654936702383
full_macro,all,1,pca,M2,0.5,vixy_ret,1053,estimated,-2.069526036581066,-0.04185400583275952
full_macro,all,1,pca,M2,0.5,account_ls,1053,estimated,0.9156714007093627,0.545701676900624
full_macro,all,1,pca,M2,0.9,e_origin,1053,estimated,0.29126155921351327,2.7181056575975884
full_macro,all,1,pca,M2,0.9,downside,1053,estimated,-22632.91161805342,-0.391525069442542
full_macro,all,1,pca,M2,0.9,dxy_ret,1053,estimated,-158.79092224938947,-0.15789059800000735
full_macro,all,1,pca,M2,0.9,fx_ret,1053,estimated,-279.397164704565,-0.35473646651672636
full_macro,all,1,pca,M2,0.9,btc_vol,1053,estimated,467.7565258581827,0.9092977906809178
full_macro,all,1,pca,M2,0.9,btc_ret,1053,estimated,267.2425428326469,1.1092616606552288
full_macro,all,1,pca,M2,0.9,vixy_ret,1053,estimated,-10.250103109470036,-0.20729764581212148
full_macro,all,1,pca,M2,0.9,account_ls,1053,estimated,0.8933957459713312,0.5324263227340681
full_macro,all,1,ml,M0,0.1,e_origin,1053,estimated,0.5285598288941195,5.018701989046144
full_macro,all,1,ml,M0,0.1,downside,1053,estimated,-71829.45938195364,-1.2425725221366113
full_macro,all,1,ml,M0,0.1,dxy_ret,1053,estimated,121.87620966210423,0.1211851871185785
full_macro,all,1,ml,M0,0.1,fx_ret,1053,estimated,-76.1787483011183,-0.0967203086136552
full_macro,all,1,ml,M0,0.5,e_origin,1053,estimated,0.33007091203743405,3.13403980441423
full_macro,all,1,ml,M0,0.5,downside,1053,estimated,-61255.49593185136,-1.059654307991247
full_macro,all,1,ml,M0,0.5,dxy_ret,1053,estimated,-228.81858227880406,-0.22752121014054486
full_macro,all,1,ml,M0,0.5,fx_ret,1053,estimated,-335.2882833119359,-0.4256985965204818
full_macro,all,1,ml,M0,0.9,e_origin,1053,estimated,0.34041327431337454,3.232241051062688
full_macro,all,1,ml,M0,0.9,downside,1053,estimated,42112.7412668341,0.7285052063633305
full_macro,all,1,ml,M0,0.9,dxy_ret,1053,estimated,-111.96856516846282,-0.11133371770387436
full_macro,all,1,ml,M0,0.9,fx_ret,1053,estimated,-340.6103971345082,-0.4324558155989769
full_macro,all,1,ml,M1,0.1,e_origin,1053,estimated,0.522064504109907,4.957028555629474
full_macro,all,1,ml,M1,0.1,downside,1053,estimated,-46855.96338335405,-0.8105578560573514
full_macro,all,1,ml,M1,0.1,dxy_ret,1053,estimated,76.34400464072633,0.07591114388458665
full_macro,all,1,ml,M1,0.1,fx_ret,1053,estimated,58.77842942301574,0.07462800269634486
full_macro,all,1,ml,M1,0.1,btc_vol,1053,estimated,-522.5333081740963,-1.0157814085183972
full_macro,all,1,ml,M1,0.1,btc_ret,1053,estimated,164.4097902218451,0.6824268134720898
full_macro,all,1,ml,M1,0.1,vixy_ret,1053,estimated,2.175954299620342,0.04400640646134752
full_macro,all,1,ml,M1,0.5,e_origin,1053,estimated,0.333446848333991,3.1660944882555504
full_macro,all,1,ml,M1,0.5,downside,1053,estimated,-61602.7883783823,-1.0656620944192396
full_macro,all,1,ml,M1,0.5,dxy_ret,1053,estimated,-485.7964435515532,-0.483042039759464
full_macro,all,1,ml,M1,0.5,fx_ret,1053,estimated,-265.5383688661237,-0.33714065350586847
full_macro,all,1,ml,M1,0.5,btc_vol,1053,estimated,111.6745584153498,0.21709035284123823
full_macro,all,1,ml,M1,0.5,btc_ret,1053,estimated,165.7211503123634,0.6878699643129207
full_macro,all,1,ml,M1,0.5,vixy_ret,1053,estimated,-1.7441554358077511,-0.0352737247530045
full_macro,all,1,ml,M1,0.9,e_origin,1053,estimated,0.3348229276554174,3.1791604301792438
full_macro,all,1,ml,M1,0.9,downside,1053,estimated,-4126.582498243598,-0.07138544639994317
full_macro,all,1,ml,M1,0.9,dxy_ret,1053,estimated,-353.67517128080783,-0.35166987822880086
full_macro,all,1,ml,M1,0.9,fx_ret,1053,estimated,-282.8695123576136,-0.35914513092913214
full_macro,all,1,ml,M1,0.9,btc_vol,1053,estimated,574.6407822915186,1.117076010461162
full_macro,all,1,ml,M1,0.9,btc_ret,1053,estimated,196.2992043279848,0.8147923570481759
full_macro,all,1,ml,M1,0.9,vixy_ret,1053,estimated,-13.191593869475835,-0.2667862288258817
full_macro,all,1,ml,M2,0.1,e_origin,1053,estimated,0.5195604448263361,4.933252387596727
full_macro,all,1,ml,M2,0.1,downside,1053,estimated,-64785.74701868828,-1.1207238612705044
full_macro,all,1,ml,M2,0.1,dxy_ret,1053,estimated,225.3586215884313,0.22408086698540222
full_macro,all,1,ml,M2,0.1,fx_ret,1053,estimated,154.61422284534817,0.19630586854159432
full_macro,all,1,ml,M2,0.1,btc_vol,1053,estimated,-502.26289149751153,-0.9763766240177776
full_macro,all,1,ml,M2,0.1,btc_ret,1053,estimated,234.13578952207664,0.9718432250763412
full_macro,all,1,ml,M2,0.1,vixy_ret,1053,estimated,-11.264547018336668,-0.22781371593069535
full_macro,all,1,ml,M2,0.1,account_ls,1053,estimated,1.3841106229815452,0.8248717688374491
full_macro,all,1,ml,M2,0.5,e_origin,1053,estimated,0.3488977990301587,3.3128020372453246
full_macro,all,1,ml,M2,0.5,downside,1053,estimated,-105417.68737554643,-1.8236128018659585
full_macro,all,1,ml,M2,0.5,dxy_ret,1053,estimated,-346.6851785176991,-0.3447195178319413
full_macro,all,1,ml,M2,0.5,fx_ret,1053,estimated,-214.78648231468932,-0.27270354683962666
full_macro,all,1,ml,M2,0.5,btc_vol,1053,estimated,220.58742084893,0.42881209206420956
full_macro,all,1,ml,M2,0.5,btc_ret,1053,estimated,136.82713518613187,0.567937625463743
full_macro,all,1,ml,M2,0.5,vixy_ret,1053,estimated,-3.208022100812379,-0.0648789014226849
full_macro,all,1,ml,M2,0.5,account_ls,1053,estimated,1.9972124231691135,1.190254678267577
full_macro,all,1,ml,M2,0.9,e_origin,1053,estimated,0.32840817568468683,3.118252039653046
full_macro,all,1,ml,M2,0.9,downside,1053,estimated,-8297.693449053073,-0.14354118721791062
full_macro,all,1,ml,M2,0.9,dxy_ret,1053,estimated,-315.38281374173886,-0.3135946334665208
full_macro,all,1,ml,M2,0.9,fx_ret,1053,estimated,-443.93545148658404,-0.5636424177331152
full_macro,all,1,ml,M2,0.9,btc_vol,1053,estimated,254.4704517021075,0.49467919042236
full_macro,all,1,ml,M2,0.9,btc_ret,1053,estimated,191.9203683458715,0.7966168269781092
full_macro,all,1,ml,M2,0.9,vixy_ret,1053,estimated,-8.16545670836294,-0.1651378463754741
full_macro,all,1,ml,M2,0.9,account_ls,1053,estimated,1.990797454763463,1.186431626664659
full_macro,all,1,joint_linear,M0,0.1,e_origin,1053,estimated,0.5092292070583087,4.785570872847311
full_macro,all,1,joint_linear,M0,0.1,downside,1053,estimated,-79885.22017530064,-1.3819285341802336
full_macro,all,1,joint_linear,M0,0.1,dxy_ret,1053,estimated,36.82577796054337,0.036616980502662454
full_macro,all,1,joint_linear,M0,0.1,fx_ret,1053,estimated,168.29422387421678,0.21367467481440452
full_macro,all,1,joint_linear,M0,0.5,e_origin,1053,estimated,0.3295438516734441,3.0969462003261916
full_macro,all,1,joint_linear,M0,0.5,downside,1053,estimated,-78363.30753255528,-1.3556010795781903
full_macro,all,1,joint_linear,M0,0.5,dxy_ret,1053,estimated,-337.0166376620108,-0.3351057963680999
full_macro,all,1,joint_linear,M0,0.5,fx_ret,1053,estimated,-432.7148078498758,-0.5493961333087971
full_macro,all,1,joint_linear,M0,0.9,e_origin,1053,estimated,0.2898309730860712,2.723737451867873
full_macro,all,1,joint_linear,M0,0.9,downside,1053,estimated,14281.78309670729,0.24705951284859767
full_macro,all,1,joint_linear,M0,0.9,dxy_ret,1053,estimated,-165.06969136975871,-0.16413376730134877
full_macro,all,1,joint_linear,M0,0.9,fx_ret,1053,estimated,-356.1992324034686,-0.4522481722833036
full_macro,all,1,joint_linear,M1,0.1,e_origin,1053,estimated,0.4917816046838956,4.621603966458824
full_macro,all,1,joint_linear,M1,0.1,downside,1053,estimated,-78869.25571458403,-1.3643534398774777
full_macro,all,1,joint_linear,M1,0.1,dxy_ret,1053,estimated,2.595702728518607,0.002580985425554636
full_macro,all,1,joint_linear,M1,0.1,fx_ret,1053,estimated,70.99692148809939,0.09014120486471179
full_macro,all,1,joint_linear,M1,0.1,btc_vol,1053,estimated,-379.7198766339773,-0.7381584773562088
full_macro,all,1,joint_linear,M1,0.1,btc_ret,1053,estimated,298.5406238626812,1.239172718119005
full_macro,all,1,joint_linear,M1,0.1,vixy_ret,1053,estimated,-7.486240111446808,-0.15140139904089556
full_macro,all,1,joint_linear,M1,0.5,e_origin,1053,estimated,0.3216747285977228,3.02299473473064
full_macro,all,1,joint_linear,M1,0.5,downside,1053,estimated,-87344.67048974827,-1.5109690152130708
full_macro,all,1,joint_linear,M1,0.5,dxy_ret,1053,estimated,-473.73559088906546,-0.4710495705912368
full_macro,all,1,joint_linear,M1,0.5,fx_ret,1053,estimated,-331.0552537673647,-0.4203241327356044
full_macro,all,1,joint_linear,M1,0.5,btc_vol,1053,estimated,193.74350870541417,0.37662872602661396
full_macro,all,1,joint_linear,M1,0.5,btc_ret,1053,estimated,147.45275088936566,0.6120420857623206
full_macro,all,1,joint_linear,M1,0.5,vixy_ret,1053,estimated,-1.432537566514383,-0.02897157832505071
full_macro,all,1,joint_linear,M1,0.9,e_origin,1053,estimated,0.27659150388425574,2.59931721574243
full_macro,all,1,joint_linear,M1,0.9,downside,1053,estimated,-25759.068124883943,-0.4456042203746193
full_macro,all,1,joint_linear,M1,0.9,dxy_ret,1053,estimated,-154.9806961533256,-0.1541019753992902
full_macro,all,1,joint_linear,M1,0.9,fx_ret,1053,estimated,-357.4646049480284,-0.45385475188392005
full_macro,all,1,joint_linear,M1,0.9,btc_vol,1053,estimated,535.5150743813724,1.0410173821047737
full_macro,all,1,joint_linear,M1,0.9,btc_ret,1053,estimated,239.19337374140517,0.9928360812682137
full_macro,all,1,joint_linear,M1,0.9,vixy_ret,1053,estimated,-7.674995079428772,-0.15521877142048196
full_macro,all,1,joint_linear,M2,0.1,e_origin,1053,estimated,0.4928622172933208,4.631759213166629
full_macro,all,1,joint_linear,M2,0.1,downside,1053,estimated,-92489.70187046965,-1.5999725337446493
full_macro,all,1,joint_linear,M2,0.1,dxy_ret,1053,estimated,50.895278246911474,0.05060670851927441
full_macro,all,1,joint_linear,M2,0.1,fx_ret,1053,estimated,225.05652403845914,0.2857429000339289
full_macro,all,1,joint_linear,M2,0.1,btc_vol,1053,estimated,-302.7971571026167,-0.5886241468736862
full_macro,all,1,joint_linear,M2,0.1,btc_ret,1053,estimated,292.0471842529729,1.2122199600420844
full_macro,all,1,joint_linear,M2,0.1,vixy_ret,1053,estimated,-13.257809795157343,-0.26812537686785265
full_macro,all,1,joint_linear,M2,0.1,account_ls,1053,estimated,1.2034614138051785,0.7172124313262573
full_macro,all,1,joint_linear,M2,0.5,e_origin,1053,estimated,0.3273172554489953,3.0760213714090363
full_macro,all,1,joint_linear,M2,0.5,downside,1053,estimated,-102539.52346374767,-1.7738236565517884
full_macro,all,1,joint_linear,M2,0.5,dxy_ret,1053,estimated,-434.6380792441663,-0.43217373684407745
full_macro,all,1,joint_linear,M2,0.5,fx_ret,1053,estimated,-254.81600781777706,-0.32352701331367467
full_macro,all,1,joint_linear,M2,0.5,btc_vol,1053,estimated,183.84592682486218,0.3573882689949187
full_macro,all,1,joint_linear,M2,0.5,btc_ret,1053,estimated,143.8073457340128,0.5969108565294058
full_macro,all,1,joint_linear,M2,0.5,vixy_ret,1053,estimated,-2.0290193293617387,-0.041034799922683406
full_macro,all,1,joint_linear,M2,0.5,account_ls,1053,estimated,0.8458854123908656,0.5041121603774813
full_macro,all,1,joint_linear,M2,0.9,e_origin,1053,estimated,0.28741286406310773,2.701012847804976
full_macro,all,1,joint_linear,M2,0.9,downside,1053,estimated,-24219.92945432673,-0.418978773987468
full_macro,all,1,joint_linear,M2,0.9,dxy_ret,1053,estimated,-126.17869979951357,-0.12546328268639553
full_macro,all,1,joint_linear,M2,0.9,fx_ret,1053,estimated,-310.0091321310903,-0.3936029352208495
full_macro,all,1,joint_linear,M2,0.9,btc_vol,1053,estimated,490.05179474489006,0.9526387974239567
full_macro,all,1,joint_linear,M2,0.9,btc_ret,1053,estimated,241.26930391593066,1.0014527847630628
full_macro,all,1,joint_linear,M2,0.9,vixy_ret,1053,estimated,-7.113485109549409,-0.14386281786441618
full_macro,all,1,joint_linear,M2,0.9,account_ls,1053,estimated,0.9036010634417496,0.5385082631032838
full_macro,matched,1,linear,M0,,,0,insufficient,,
full_macro,matched,1,linear,M1,,,0,insufficient,,
full_macro,matched,1,linear,M2,,,0,insufficient,,
full_macro,matched,1,pca,M0,,,0,insufficient,,
full_macro,matched,1,pca,M1,,,0,insufficient,,
full_macro,matched,1,pca,M2,,,0,insufficient,,
full_macro,matched,1,ml,M0,,,0,insufficient,,
full_macro,matched,1,ml,M1,,,0,insufficient,,
full_macro,matched,1,ml,M2,,,0,insufficient,,
full_macro,matched,1,joint_linear,M0,,,0,insufficient,,
full_macro,matched,1,joint_linear,M1,,,0,insufficient,,
full_macro,matched,1,joint_linear,M2,,,0,insufficient,,
full_macro,all,6,linear,M0,0.1,e_origin,238,estimated,0.42313066569144087,3.8602764134626506
full_macro,all,6,linear,M0,0.1,downside,238,estimated,-190968.20099906804,-2.8208701720203244
full_macro,all,6,linear,M0,0.1,dxy_ret,238,estimated,981.8346518829387,0.671020555936159
full_macro,all,6,linear,M0,0.1,fx_ret,238,estimated,-284.35053609673594,-0.2537134900560889
full_macro,all,6,linear,M0,0.5,e_origin,238,estimated,0.29306152905680544,2.6736386654052176
full_macro,all,6,linear,M0,0.5,downside,238,estimated,-81540.32607083657,-1.2044658347656354
full_macro,all,6,linear,M0,0.5,dxy_ret,238,estimated,1240.9519582353312,0.8481104952938837
full_macro,all,6,linear,M0,0.5,fx_ret,238,estimated,-669.0807752553338,-0.5969913788441527
full_macro,all,6,linear,M0,0.9,e_origin,238,estimated,0.03892740595285753,0.3551398166605186
full_macro,all,6,linear,M0,0.9,downside,238,estimated,-29261.883142150236,-0.43223936184662914
full_macro,all,6,linear,M0,0.9,dxy_ret,238,estimated,332.0934411426288,0.2269644130719147
full_macro,all,6,linear,M0,0.9,fx_ret,238,estimated,1038.21420824248,0.9263529227509775
full_macro,all,6,linear,M1,0.1,e_origin,238,estimated,0.4724496568444199,4.310220021242788
full_macro,all,6,linear,M1,0.1,downside,238,estimated,61069.19851863539,0.9020783545593911
full_macro,all,6,linear,M1,0.1,dxy_ret,238,estimated,1039.4693354516353,0.7104101388311028
full_macro,all,6,linear,M1,0.1,fx_ret,238,estimated,-532.9753940256393,-0.4755505271362009
full_macro,all,6,linear,M1,0.1,btc_vol,238,estimated,-1519.2340207277518,-2.7662852136845606
full_macro,all,6,linear,M1,0.1,btc_ret,238,estimated,8.439645017481944,0.03393977306107618
full_macro,all,6,linear,M1,0.1,vixy_ret,238,estimated,-32.06553413051807,-0.4817408502543358
full_macro,all,6,linear,M1,0.5,e_origin,238,estimated,0.2633063066861697,2.4021778793924566
full_macro,all,6,linear,M1,0.5,downside,238,estimated,-80727.17512767189,-1.1924544463306852
full_macro,all,6,linear,M1,0.5,dxy_ret,238,estimated,1950.6469525846835,1.3331411761118082
full_macro,all,6,linear,M1,0.5,fx_ret,238,estimated,-931.602419365763,-0.8312279076610366
full_macro,all,6,linear,M1,0.5,btc_vol,238,estimated,-199.59796929023494,-0.36343637885659674
full_macro,all,6,linear,M1,0.5,btc_ret,238,estimated,-77.23428525545349,-0.31059530450329415
full_macro,all,6,linear,M1,0.5,vixy_ret,238,estimated,-128.71229578427653,-1.9337264290349476
full_macro,all,6,linear,M1,0.9,e_origin,238,estimated,0.04341528091411437,0.3960832869977474
full_macro,all,6,linear,M1,0.9,downside,238,estimated,-303661.4450901472,-4.48550862586575
full_macro,all,6,linear,M1,0.9,dxy_ret,238,estimated,1937.7320543015753,1.3243146774654522
full_macro,all,6,linear,M1,0.9,fx_ret,238,estimated,433.3518960628296,0.38666085698927605
full_macro,all,6,linear,M1,0.9,btc_vol,238,estimated,1374.137855948178,2.5020880131770284
full_macro,all,6,linear,M1,0.9,btc_ret,238,estimated,-243.86100838434612,-0.980679550604998
full_macro,all,6,linear,M1,0.9,vixy_ret,238,estimated,-129.45033124446292,-1.9448144037014807
full_macro,all,6,linear,M2,0.1,e_origin,238,estimated,0.45425276401721437,4.144207387617236
full_macro,all,6,linear,M2,0.1,downside,238,estimated,-57230.811537287365,-0.845379955099637
full_macro,all,6,linear,M2,0.1,dxy_ret,238,estimated,789.2932229066054,0.5394309278203999
full_macro,all,6,linear,M2,0.1,fx_ret,238,estimated,-128.0762954914722,-0.11427685127184588
full_macro,all,6,linear,M2,0.1,btc_vol,238,estimated,-1115.9921754395577,-2.0320454988411134
full_macro,all,6,linear,M2,0.1,btc_ret,238,estimated,-108.8355522347673,-0.43767882845468364
full_macro,all,6,linear,M2,0.1,vixy_ret,238,estimated,-54.66061437785761,-0.8212010671218487
full_macro,all,6,linear,M2,0.1,account_ls,238,estimated,1.7738762507564132,1.0500468681557957
full_macro,all,6,linear,M2,0.5,e_origin,238,estimated,0.257415055746667,2.348431226427966
full_macro,all,6,linear,M2,0.5,downside,238,estimated,-80756.2176089311,-1.1928834448166998
full_macro,all,6,linear,M2,0.5,dxy_ret,238,estimated,764.3530970340495,0.5223859629721684
full_macro,all,6,linear,M2,0.5,fx_ret,238,estimated,-712.2762550915887,-0.635532807653611
full_macro,all,6,linear,M2,0.5,btc_vol,238,estimated,-253.956569359828,-0.46241480453526607
full_macro,all,6,linear,M2,0.5,btc_ret,238,estimated,47.227480539697574,0.18992386154198299
full_macro,all,6,linear,M2,0.5,vixy_ret,238,estimated,-109.69433603234465,-1.648007561427537
full_macro,all,6,linear,M2,0.5,account_ls,238,estimated,1.792336153489125,1.0609742161276055
full_macro,all,6,linear,M2,0.9,e_origin,238,estimated,0.04265529314247248,0.3891498191419135
full_macro,all,6,linear,M2,0.9,downside,238,estimated,-301649.8231447596,-4.455794127255831
full_macro,all,6,linear,M2,0.9,dxy_ret,238,estimated,2013.8889522289146,1.3763629972997264
full_macro,all,6,linear,M2,0.9,fx_ret,238,estimated,421.495006142417,0.37608147506085465
full_macro,all,6,linear,M2,0.9,btc_vol,238,estimated,1354.5023680718011,2.4663348908569502
full_macro,all,6,linear,M2,0.9,btc_ret,238,estimated,-248.37281216448665,-0.9988236308449704
full_macro,all,6,linear,M2,0.9,vixy_ret,238,estimated,-129.72341809853938,-1.9489171606597961
full_macro,all,6,linear,M2,0.9,account_ls,238,estimated,-0.024806431845385838,-0.014684178819272364
full_macro,all,6,pca,M0,0.1,e_origin,238,estimated,0.4239685201606472,3.8516336899210324
full_macro,all,6,pca,M0,0.1,downside,238,estimated,-183969.16984139037,-2.717484591999962
full_macro,all,6,pca,M0,0.1,dxy_ret,238,estimated,1019.2317111927666,0.6965790300441294
full_macro,all,6,pca,M0,0.1,fx_ret,238,estimated,-282.1120564903801,-0.2517161930537906
full_macro,all,6,pca,M0,0.5,e_origin,238,estimated,0.2958697177472869,2.687892422463523
full_macro,all,6,pca,M0,0.5,downside,238,estimated,-83383.61893130638,-1.2316938749377406
full_macro,all,6,pca,M0,0.5,dxy_ret,238,estimated,1284.4144836383227,0.8778143236344035
full_macro,all,6,pca,M0,0.5,fx_ret,238,estimated,-641.2703516271969,-0.572177359727155
full_macro,all,6,pca,M0,0.9,e_origin,238,estimated,0.0429117753643455,0.3898413014839158
full_macro,all,6,pca,M0,0.9,downside,238,estimated,-45673.689284625965,-0.6746649288996259
full_macro,all,6,pca,M0,0.9,dxy_ret,238,estimated,210.51219028935395,0.14387148252345708
full_macro,all,6,pca,M0,0.9,fx_ret,238,estimated,1119.9432862599788,0.9992761881948369
full_macro,all,6,pca,M1,0.1,e_origin,238,estimated,0.4779715262329745,4.342235674866453
full_macro,all,6,pca,M1,0.1,downside,238,estimated,53912.0920701837,0.7963577791296094
full_macro,all,6,pca,M1,0.1,dxy_ret,238,estimated,1018.9741151739464,0.6964029798065214
full_macro,all,6,pca,M1,0.1,fx_ret,238,estimated,-529.0134707092728,-0.472015477033155
full_macro,all,6,pca,M1,0.1,btc_vol,238,estimated,-1462.880195478503,-2.6636737980667844
full_macro,all,6,pca,M1,0.1,btc_ret,238,estimated,18.632069263487995,0.07492829392126603
full_macro,all,6,pca,M1,0.1,vixy_ret,238,estimated,-29.237424003206574,-0.4392523586608878
full_macro,all,6,pca,M1,0.5,e_origin,238,estimated,0.2616602408800895,2.377109033247868
full_macro,all,6,pca,M1,0.5,downside,238,estimated,-68350.71837422017,-1.009636691812058
full_macro,all,6,pca,M1,0.5,dxy_ret,238,estimated,1908.8004988154453,1.3045418283312626
full_macro,all,6,pca,M1,0.5,fx_ret,238,estimated,-875.5364095780982,-0.781202670459064
full_macro,all,6,pca,M1,0.5,btc_vol,238,estimated,-316.6250990553958,-0.5765242996459388
full_macro,all,6,pca,M1,0.5,btc_ret,238,estimated,-56.98080599000778,-0.2291465600901634
full_macro,all,6,pca,M1,0.5,vixy_ret,238,estimated,-130.7716902957947,-1.9646660185315612
full_macro,all,6,pca,M1,0.9,e_origin,238,estimated,0.04079861360380729,0.37064382657219885
full_macro,all,6,pca,M1,0.9,downside,238,estimated,-301668.2836316058,-4.456066814731719
full_macro,all,6,pca,M1,0.9,dxy_ret,238,estimated,1997.0315338564635,1.364842040867564
full_macro,all,6,pca,M1,0.9,fx_ret,238,estimated,414.2379681630882,0.3696063389191077
full_macro,all,6,pca,M1,0.9,btc_vol,238,estimated,1373.602485521839,2.501113188183631
full_macro,all,6,pca,M1,0.9,btc_ret,238,estimated,-250.0907287028638,-1.0057321794070977
full_macro,all,6,pca,M1,0.9,vixy_ret,238,estimated,-128.92679681984856,-1.936949014095789
full_macro,all,6,pca,M2,0.1,e_origin,238,estimated,0.454303692954649,4.127220126099552
full_macro,all,6,pca,M2,0.1,downside,238,estimated,-57141.86221172416,-0.8440660478732512
full_macro,all,6,pca,M2,0.1,dxy_ret,238,estimated,796.123764064796,0.544099161434404
full_macro,all,6,pca,M2,0.1,fx_ret,238,estimated,-105.68015501696556,-0.09429375912940509
full_macro,all,6,pca,M2,0.1,btc_vol,238,estimated,-1124.822032707804,-2.0481232743956617
full_macro,all,6,pca,M2,0.1,btc_ret,238,estimated,-113.78930348006463,-0.4576001868433541
full_macro,all,6,pca,M2,0.1,vixy_ret,238,estimated,-53.170190866204734,-0.7988094897097836
full_macro,all,6,pca,M2,0.1,account_ls,238,estimated,1.78279729571663,1.0553276848515254
full_macro,all,6,pca,M2,0.5,e_origin,238,estimated,0.2553825759307251,2.320078228687552
full_macro,all,6,pca,M2,0.5,downside,238,estimated,-92644.31861046414,-1.368487494819523
full_macro,all,6,pca,M2,0.5,dxy_ret,238,estimated,845.1364687224,0.5775961787419591
full_macro,all,6,pca,M2,0.5,fx_ret,238,estimated,-731.9776854577837,-0.6531115283619265
full_macro,all,6,pca,M2,0.5,btc_vol,238,estimated,-208.1607728600527,-0.37902789180305213
full_macro,all,6,pca,M2,0.5,btc_ret,238,estimated,18.88368284628624,0.07594015021161563
full_macro,all,6,pca,M2,0.5,vixy_ret,238,estimated,-113.62864526317728,-1.7071151835338825
full_macro,all,6,pca,M2,0.5,account_ls,238,estimated,1.8360517079166858,1.0868516588166208
full_macro,all,6,pca,M2,0.9,e_origin,238,estimated,0.04064437965086394,0.3692426548789297
full_macro,all,6,pca,M2,0.9,downside,238,estimated,-301289.8438302315,-4.450476724119685
full_macro,all,6,pca,M2,0.9,dxy_ret,238,estimated,2011.4136941672352,1.374671318321552
full_macro,all,6,pca,M2,0.9,fx_ret,238,estimated,411.80453860500506,0.36743509664025764
full_macro,all,6,pca,M2,0.9,btc_vol,238,estimated,1369.9799143504524,2.494517058206153
full_macro,all,6,pca,M2,0.9,btc_ret,238,estimated,-250.9667733117935,-1.0092551658783135
full_macro,all,6,pca,M2,0.9,vixy_ret,238,estimated,-128.97775425656093,-1.9377145799768585
full_macro,all,6,pca,M2,0.9,account_ls,238,estimated,-0.004637980067711496,-0.0027454544490309084
full_macro,all,6,ml,M0,0.1,e_origin,238,estimated,0.4030273832546182,3.708048250560499
full_macro,all,6,ml,M0,0.1,downside,238,estimated,-195324.52699413858,-2.8852192625746795
full_macro,all,6,ml,M0,0.1,dxy_ret,238,estimated,1062.107858665524,0.725882106950607
full_macro,all,6,ml,M0,0.1,fx_ret,238,estimated,-897.3475354044793,-0.8006637797343462
full_macro,all,6,ml,M0,0.5,e_origin,238,estimated,0.30935522382422564,2.8462187537725505
full_macro,all,6,ml,M0,0.5,downside,238,estimated,-64722.89132774286,-0.9560485601172615
full_macro,all,6,ml,M0,0.5,dxy_ret,238,estimated,1520.6934188396735,1.0392957117181858
full_macro,all,6,ml,M0,0.5,fx_ret,238,estimated,-587.5124536477043,-0.524211549281782
full_macro,all,6,ml,M0,0.9,e_origin,238,estimated,0.03213919612288289,0.29569626012877404
full_macro,all,6,ml,M0,0.9,downside,238,estimated,-37000.59313191247,-0.5465510434031965
full_macro,all,6,ml,M0,0.9,dxy_ret,238,estimated,925.5706425319823,0.6325677403205442
full_macro,all,6,ml,M0,0.9,fx_ret,238,estimated,573.0238139982825,0.5112839726994426
full_macro,all,6,ml,M1,0.1,e_origin,238,estimated,0.4327253416750859,3.9812839346397193
full_macro,all,6,ml,M1,0.1,downside,238,estimated,68903.8188733538,1.0178067677303164
full_macro,all,6,ml,M1,0.1,dxy_ret,238,estimated,1012.1856374810897,0.691763493853683
full_macro,all,6,ml,M1,0.1,fx_ret,238,estimated,-764.6923001187878,-0.6823013416656712
full_macro,all,6,ml,M1,0.1,btc_vol,238,estimated,-1445.2236979738477,-2.631524104664586
full_macro,all,6,ml,M1,0.1,btc_ret,238,estimated,49.34742055452612,0.1984491351592189
full_macro,all,6,ml,M1,0.1,vixy_ret,238,estimated,-4.438358293407025,-0.06668027076350273
full_macro,all,6,ml,M1,0.5,e_origin,238,estimated,0.28933552198789414,2.662027744785815
full_macro,all,6,ml,M1,0.5,downside,238,estimated,-12348.131073226312,-0.18239934419674095
full_macro,all,6,ml,M1,0.5,dxy_ret,238,estimated,1585.1348435317038,1.0833372624408424
full_macro,all,6,ml,M1,0.5,fx_ret,238,estimated,-566.1444586925489,-0.5051458262133752
full_macro,all,6,ml,M1,0.5,btc_vol,238,estimated,-591.8913062383834,-1.077740589149888
full_macro,all,6,ml,M1,0.5,btc_ret,238,estimated,-53.68661982386068,-0.21589909166366233
full_macro,all,6,ml,M1,0.5,vixy_ret,238,estimated,-95.44605191012396,-1.4339465549972332
full_macro,all,6,ml,M1,0.9,e_origin,238,estimated,0.07729974034786281,0.7111952658179315
full_macro,all,6,ml,M1,0.9,downside,238,estimated,-331197.413498776,-4.892253788333788
full_macro,all,6,ml,M1,0.9,dxy_ret,238,estimated,2658.6104163955742,1.8169884676672834
full_macro,all,6,ml,M1,0.9,fx_ret,238,estimated,12.483283938901897,0.011138285789700246
full_macro,all,6,ml,M1,0.9,btc_vol,238,estimated,1922.0555938596362,3.499759679306452
full_macro,all,6,ml,M1,0.9,btc_ret,238,estimated,-244.54510559766285,-0.9834306265239011
full_macro,all,6,ml,M1,0.9,vixy_ret,238,estimated,-104.51736836202524,-1.570230693682637
full_macro,all,6,ml,M2,0.1,e_origin,238,estimated,0.4223380250814048,3.885715562058733
full_macro,all,6,ml,M2,0.1,downside,238,estimated,-96660.33001195273,-1.4278096579528918
full_macro,all,6,ml,M2,0.1,dxy_ret,238,estimated,1362.9129272751338,0.9314629386922233
full_macro,all,6,ml,M2,0.1,fx_ret,238,estimated,166.29732974412573,0.14837980084566016
full_macro,all,6,ml,M2,0.1,btc_vol,238,estimated,-1161.1793356140668,-2.114324180949128
full_macro,all,6,ml,M2,0.1,btc_ret,238,estimated,-240.39515811047977,-0.9667417402450798
full_macro,all,6,ml,M2,0.1,vixy_ret,238,estimated,-66.79574443240044,-1.0035148201573405
full_macro,all,6,ml,M2,0.1,account_ls,238,estimated,2.8029095762289202,1.6591836217368816
full_macro,all,6,ml,M2,0.5,e_origin,238,estimated,0.2732632759134828,2.5141552517121926
full_macro,all,6,ml,M2,0.5,downside,238,estimated,-91785.86936845748,-1.355806986502948
full_macro,all,6,ml,M2,0.5,dxy_ret,238,estimated,975.698307981857,0.6668267613007561
full_macro,all,6,ml,M2,0.5,fx_ret,238,estimated,-301.8021374006918,-0.26928478714127435
full_macro,all,6,ml,M2,0.5,btc_vol,238,estimated,-134.419308932821,-0.2447563322446122
full_macro,all,6,ml,M2,0.5,btc_ret,238,estimated,-89.5617822582982,-0.360169954837637
full_macro,all,6,ml,M2,0.5,vixy_ret,238,estimated,-94.35487029853114,-1.4175530417873496
full_macro,all,6,ml,M2,0.5,account_ls,238,estimated,2.452915513459414,1.4520044741906364
full_macro,all,6,ml,M2,0.9,e_origin,238,estimated,0.005488217382377412,0.050494273364456534
full_macro,all,6,ml,M2,0.9,downside,238,estimated,-326522.2172013483,-4.823194532841204
full_macro,all,6,ml,M2,0.9,dxy_ret,238,estimated,1878.4154711966785,1.2837756248918353
full_macro,all,6,ml,M2,0.9,fx_ret,238,estimated,206.92581801494376,0.18463081586532357
full_macro,all,6,ml,M2,0.9,btc_vol,238,estimated,1785.425640191306,3.2509781121335046
full_macro,all,6,ml,M2,0.9,btc_ret,238,estimated,-231.04093947921407,-0.9291240375038842
full_macro,all,6,ml,M2,0.9,vixy_ret,238,estimated,-99.65250426246924,-1.4971427557692185
full_macro,all,6,ml,M2,0.9,account_ls,238,estimated,1.2511559109939723,0.7406223209503006
full_macro,all,6,joint_linear,M0,0.1,e_origin,238,estimated,0.4264445310206242,3.899866734421944
full_macro,all,6,joint_linear,M0,0.1,downside,238,estimated,-197706.50240441397,-2.920404405180513
full_macro,all,6,joint_linear,M0,0.1,dxy_ret,238,estimated,978.9519678788932,0.6690504276469676
full_macro,all,6,joint_linear,M0,0.1,fx_ret,238,estimated,-297.9094324359977,-0.26581149753222927
full_macro,all,6,joint_linear,M0,0.5,e_origin,238,estimated,0.29878459607414176,2.732407200060655
full_macro,all,6,joint_linear,M0,0.5,downside,238,estimated,-84958.23940007777,-1.2549532442430604
full_macro,all,6,joint_linear,M0,0.5,dxy_ret,238,estimated,1414.182594135055,0.9665024438604599
full_macro,all,6,joint_linear,M0,0.5,fx_ret,238,estimated,-649.2833008601577,-0.5793269622685939
full_macro,all,6,joint_linear,M0,0.9,e_origin,238,estimated,0.03821004274106098,0.34943366315441765
full_macro,all,6,joint_linear,M0,0.9,downside,238,estimated,-31891.513549318177,-0.4710827186998149
full_macro,all,6,joint_linear,M0,0.9,dxy_ret,238,estimated,315.0051441841113,0.21528566604142824
full_macro,all,6,joint_linear,M0,0.9,fx_ret,238,estimated,1084.0642334020442,0.9672628857215944
full_macro,all,6,joint_linear,M1,0.1,e_origin,238,estimated,0.48070459775698515,4.396079052507493
full_macro,all,6,joint_linear,M1,0.1,downside,238,estimated,47517.99158393297,0.7019078799097211
full_macro,all,6,joint_linear,M1,0.1,dxy_ret,238,estimated,993.5899870590176,0.679054568109126
full_macro,all,6,joint_linear,M1,0.1,fx_ret,238,estimated,-498.5182627961489,-0.44480594285808106
full_macro,all,6,joint_linear,M1,0.1,btc_vol,238,estimated,-1382.28244848179,-2.5169180298761176
full_macro,all,6,joint_linear,M1,0.1,btc_ret,238,estimated,21.657202210603067,0.087093773096278
full_macro,all,6,joint_linear,M1,0.1,vixy_ret,238,estimated,-27.1147906605723,-0.4073626921081131
full_macro,all,6,joint_linear,M1,0.5,e_origin,238,estimated,0.26326336045318727,2.4075628766214954
full_macro,all,6,joint_linear,M1,0.5,downside,238,estimated,-71838.68805534775,-1.0611589325983766
full_macro,all,6,joint_linear,M1,0.5,dxy_ret,238,estimated,1940.7688698528773,1.3263901447099644
full_macro,all,6,joint_linear,M1,0.5,fx_ret,238,estimated,-906.9152998588095,-0.8092006755850256
full_macro,all,6,joint_linear,M1,0.5,btc_vol,238,estimated,-293.70664428726036,-0.534793413106667
full_macro,all,6,joint_linear,M1,0.5,btc_ret,238,estimated,-82.80315327773677,-0.3329903361061483
full_macro,all,6,joint_linear,M1,0.5,vixy_ret,238,estimated,-128.6862244268916,-1.933334742502524
full_macro,all,6,joint_linear,M1,0.9,e_origin,238,estimated,0.03262117430495533,0.29832304849870966
full_macro,all,6,joint_linear,M1,0.9,downside,238,estimated,-315865.5091315054,-4.665779896431162
full_macro,all,6,joint_linear,M1,0.9,dxy_ret,238,estimated,2046.7406088738774,1.3988149823290295
full_macro,all,6,joint_linear,M1,0.9,fx_ret,238,estimated,261.22552601659953,0.23308005958835928
full_macro,all,6,joint_linear,M1,0.9,btc_vol,238,estimated,1570.4266440570802,2.859498895733234
full_macro,all,6,joint_linear,M1,0.9,btc_ret,238,estimated,-271.3464751074875,-1.091211510317624
full_macro,all,6,joint_linear,M1,0.9,vixy_ret,238,estimated,-134.72044373888914,-2.0239906451970056
full_macro,all,6,joint_linear,M2,0.1,e_origin,238,estimated,0.45439078621192625,4.15543730232531
full_macro,all,6,joint_linear,M2,0.1,downside,238,estimated,-65205.61627402679,-0.9631790896773588
full_macro,all,6,joint_linear,M2,0.1,dxy_ret,238,estimated,796.1177476146894,0.5440950495794317
full_macro,all,6,joint_linear,M2,0.1,fx_ret,238,estimated,-130.17998579816242,-0.11615388170419211
full_macro,all,6,joint_linear,M2,0.1,btc_vol,238,estimated,-1055.2726048875497,-1.9214847505247772
full_macro,all,6,joint_linear,M2,0.1,btc_ret,238,estimated,-99.5198245772096,-0.4002159159813065
full_macro,all,6,joint_linear,M2,0.1,vixy_ret,238,estimated,-53.550230310273385,-0.804519063240373
full_macro,all,6,joint_linear,M2,0.1,account_ls,238,estimated,1.7999462617306887,1.0654790232256053
full_macro,all,6,joint_linear,M2,0.5,e_origin,238,estimated,0.26019958451551767,2.3795444193735067
full_macro,all,6,joint_linear,M2,0.5,downside,238,estimated,-74115.58265291959,-1.0947918831185313
full_macro,all,6,joint_linear,M2,0.5,dxy_ret,238,estimated,736.3739433378059,0.5032640189341666
full_macro,all,6,joint_linear,M2,0.5,fx_ret,238,estimated,-699.8706132699101,-0.6244637985138037
full_macro,all,6,joint_linear,M2,0.5,btc_vol,238,estimated,-304.68486593868823,-0.5547830209041208
full_macro,all,6,joint_linear,M2,0.5,btc_ret,238,estimated,57.780149023069434,0.2323610935313056
full_macro,all,6,joint_linear,M2,0.5,vixy_ret,238,estimated,-105.76046737991848,-1.5889065584099382
full_macro,all,6,joint_linear,M2,0.5,account_ls,238,estimated,1.7652999053336629,1.0449700965109072
full_macro,all,6,joint_linear,M2,0.9,e_origin,238,estimated,0.03489347656419949,0.3191034204973121
full_macro,all,6,joint_linear,M2,0.9,downside,238,estimated,-312308.84997091733,-4.613243014973109
full_macro,all,6,joint_linear,M2,0.9,dxy_ret,238,estimated,2165.722394714878,1.480131346472617
full_macro,all,6,joint_linear,M2,0.9,fx_ret,238,estimated,308.308972977659,0.27509055064049226
full_macro,all,6,joint_linear,M2,0.9,btc_vol,238,estimated,1511.928328315632,2.7529827016162134
full_macro,all,6,joint_linear,M2,0.9,btc_ret,238,estimated,-270.32956799690976,-1.0871220496251766
full_macro,all,6,joint_linear,M2,0.9,vixy_ret,238,estimated,-135.3820831843839,-2.0339308740962676
full_macro,all,6,joint_linear,M2,0.9,account_ls,238,estimated,-0.05434388294533106,-0.03216888667731871
full_macro,matched,6,linear,M0,,,0,insufficient,,
full_macro,matched,6,linear,M1,,,0,insufficient,,
full_macro,matched,6,linear,M2,,,0,insufficient,,
full_macro,matched,6,pca,M0,,,0,insufficient,,
full_macro,matched,6,pca,M1,,,0,insufficient,,
full_macro,matched,6,pca,M2,,,0,insufficient,,
full_macro,matched,6,ml,M0,,,0,insufficient,,
full_macro,matched,6,ml,M1,,,0,insufficient,,
full_macro,matched,6,ml,M2,,,0,insufficient,,
full_macro,matched,6,joint_linear,M0,,,0,insufficient,,
full_macro,matched,6,joint_linear,M1,,,0,insufficient,,
full_macro,matched,6,joint_linear,M2,,,0,insufficient,,
full_macro,all,12,linear,M0,0.1,e_origin,593,estimated,0.3879506184283625,3.4276637819614257
full_macro,all,12,linear,M0,0.1,downside,593,estimated,-214487.50870504687,-2.6686459880998705
full_macro,all,12,linear,M0,0.1,dxy_ret,593,estimated,1163.3905616546758,1.121760753828775
full_macro,all,12,linear,M0,0.1,fx_ret,593,estimated,-907.8315544224611,-1.1850136971367582
full_macro,all,12,linear,M0,0.5,e_origin,593,estimated,0.31255251719432764,2.7614982223457893
full_macro,all,12,linear,M0,0.5,downside,593,estimated,-47023.65792185831,-0.5850666867109502
full_macro,all,12,linear,M0,0.5,dxy_ret,593,estimated,192.52174866775394,0.1856327092827809
full_macro,all,12,linear,M0,0.5,fx_ret,593,estimated,-341.1528666051858,-0.4453147919074053
full_macro,all,12,linear,M0,0.9,e_origin,593,estimated,0.06032001659508466,0.5329460152631843
full_macro,all,12,linear,M0,0.9,downside,593,estimated,68404.5823829249,0.8510873917365066
full_macro,all,12,linear,M0,0.9,dxy_ret,593,estimated,-68.15039170292964,-0.06571175432407926
full_macro,all,12,linear,M0,0.9,fx_ret,593,estimated,-852.3587210102469,-1.1126037141479217
full_macro,all,12,linear,M1,0.1,e_origin,593,estimated,0.4252370339332031,3.757100802845328
full_macro,all,12,linear,M1,0.1,downside,593,estimated,-153400.13098483798,-1.9085989976676438
full_macro,all,12,linear,M1,0.1,dxy_ret,593,estimated,1155.5843679527866,1.1142338905206266
full_macro,all,12,linear,M1,0.1,fx_ret,593,estimated,-768.1506616959957,-1.0026849707306207
full_macro,all,12,linear,M1,0.1,btc_vol,593,estimated,-599.4912635851562,-1.0618556128641188
full_macro,all,12,linear,M1,0.1,btc_ret,593,estimated,-45.923311544578134,-0.171824714422428
full_macro,all,12,linear,M1,0.1,vixy_ret,593,estimated,20.825236585404983,0.49106461647753036
full_macro,all,12,linear,M1,0.5,e_origin,593,estimated,0.2965547067435048,2.6201526157963957
full_macro,all,12,linear,M1,0.5,downside,593,estimated,-26237.071525254596,-0.32644071483736026
full_macro,all,12,linear,M1,0.5,dxy_ret,593,estimated,241.2006966720399,0.23256976998165224
full_macro,all,12,linear,M1,0.5,fx_ret,593,estimated,-366.62881167254324,-0.478569137061257
full_macro,all,12,linear,M1,0.5,btc_vol,593,estimated,-33.914823563221226,-0.060072010965656425
full_macro,all,12,linear,M1,0.5,btc_ret,593,estimated,8.764259389863646,0.03279198115592337
full_macro,all,12,linear,M1,0.5,vixy_ret,593,estimated,-11.784772569104264,-0.27788807095607676
full_macro,all,12,linear,M1,0.9,e_origin,593,estimated,0.10060393205604293,0.8888668759657684
full_macro,all,12,linear,M1,0.9,downside,593,estimated,-99100.93368277507,-1.233010307622013
full_macro,all,12,linear,M1,0.9,dxy_ret,593,estimated,253.13676347394585,0.24407872641878633
full_macro,all,12,linear,M1,0.9,fx_ret,593,estimated,-952.7724649465273,-1.243676115592455
full_macro,all,12,linear,M1,0.9,btc_vol,593,estimated,1199.15769645972,2.124021496293394
full_macro,all,12,linear,M1,0.9,btc_ret,593,estimated,90.54489908276643,0.3387789535212802
full_macro,all,12,linear,M1,0.9,vixy_ret,593,estimated,-9.221779941071647,-0.21745202324261934
full_macro,all,12,linear,M2,0.1,e_origin,593,estimated,0.4204547910763933,3.7148482071329236
full_macro,all,12,linear,M2,0.1,downside,593,estimated,-163818.3340139948,-2.0382219108378554
full_macro,all,12,linear,M2,0.1,dxy_ret,593,estimated,1113.3207121107216,1.0734825624631559
full_macro,all,12,linear,M2,0.1,fx_ret,593,estimated,-739.4094524872992,-0.9651684001524522
full_macro,all,12,linear,M2,0.1,btc_vol,593,estimated,-528.61113478647,-0.9363083911159481
full_macro,all,12,linear,M2,0.1,btc_ret,593,estimated,-40.60007066630307,-0.15190750216251647
full_macro,all,12,linear,M2,0.1,vixy_ret,593,estimated,18.558781540096767,0.4376210038192303
full_macro,all,12,linear,M2,0.1,account_ls,593,estimated,0.07409268389068854,0.0426145715980278
full_macro,all,12,linear,M2,0.5,e_origin,593,estimated,0.3052641249821157,2.6971030214417815
full_macro,all,12,linear,M2,0.5,downside,593,estimated,-44726.635145470944,-0.5564872106669174
full_macro,all,12,linear,M2,0.5,dxy_ret,593,estimated,360.6475454852019,0.3477424313246761
full_macro,all,12,linear,M2,0.5,fx_ret,593,estimated,-278.5382174491594,-0.363582430292692
full_macro,all,12,linear,M2,0.5,btc_vol,593,estimated,-22.147318453609646,-0.03922868578469937
full_macro,all,12,linear,M2,0.5,btc_ret,593,estimated,-42.00219098233877,-0.15715361605948266
full_macro,all,12,linear,M2,0.5,vixy_ret,593,estimated,-11.767172217742365,-0.27747304999072275
full_macro,all,12,linear,M2,0.5,account_ls,593,estimated,1.0394182926444837,0.597823738137859
full_macro,all,12,linear,M2,0.9,e_origin,593,estimated,0.08779059837162262,0.7756571072220078
full_macro,all,12,linear,M2,0.9,downside,593,estimated,-98871.84293424504,-1.2301599686411253
full_macro,all,12,linear,M2,0.9,dxy_ret,593,estimated,343.90519583479147,0.33159917609833367
full_macro,all,12,linear,M2,0.9,fx_ret,593,estimated,-883.3146019748419,-1.1530111474115927
full_macro,all,12,linear,M2,0.9,btc_vol,593,estimated,1306.420416523093,2.314011790178947
full_macro,all,12,linear,M2,0.9,btc_ret,593,estimated,41.72023221859419,0.15609865110966006
full_macro,all,12,linear,M2,0.9,vixy_ret,593,estimated,-10.793497536266713,-0.2545135420844444
full_macro,all,12,linear,M2,0.9,account_ls,593,estimated,-1.079944198014958,-0.6211323025641777
full_macro,all,12,pca,M0,0.1,e_origin,593,estimated,0.3988745791215708,3.5072441045747853
full_macro,all,12,pca,M0,0.1,downside,593,estimated,-212053.4833514982,-2.6383619308421893
full_macro,all,12,pca,M0,0.1,dxy_ret,593,estimated,1063.3065745456665,1.0252580895249568
full_macro,all,12,pca,M0,0.1,fx_ret,593,estimated,-885.8231547786323,-1.1562856198817344
full_macro,all,12,pca,M0,0.5,e_origin,593,estimated,0.31416311771972705,2.7623889818296017
full_macro,all,12,pca,M0,0.5,downside,593,estimated,-36351.46607866862,-0.45228365371052925
full_macro,all,12,pca,M0,0.5,dxy_ret,593,estimated,198.03738259021833,0.19095097631247657
full_macro,all,12,pca,M0,0.5,fx_ret,593,estimated,-358.75438881923776,-0.4682904692921574
full_macro,all,12,pca,M0,0.9,e_origin,593,estimated,0.10487116684443078,0.9221163766942041
full_macro,all,12,pca,M0,0.9,downside,593,estimated,40940.50424785135,0.5093803041092595
full_macro,all,12,pca,M0,0.9,dxy_ret,593,estimated,5.009674338120861,0.004830412285599394
full_macro,all,12,pca,M0,0.9,fx_ret,593,estimated,-765.9097106685983,-0.9997598050992409
full_macro,all,12,pca,M1,0.1,e_origin,593,estimated,0.42184862911995713,3.7092514663688005
full_macro,all,12,pca,M1,0.1,downside,593,estimated,-149199.73050951178,-1.8563377636938432
full_macro,all,12,pca,M1,0.1,dxy_ret,593,estimated,1100.6353185597145,1.0612510925669645
full_macro,all,12,pca,M1,0.1,fx_ret,593,estimated,-757.7327536454837,-0.9890862324236868
full_macro,all,12,pca,M1,0.1,btc_vol,593,estimated,-618.9102844658552,-1.096251771025257
full_macro,all,12,pca,M1,0.1,btc_ret,593,estimated,-42.723214725210575,-0.15985136791020618
full_macro,all,12,pca,M1,0.1,vixy_ret,593,estimated,21.040867690567882,0.4961492552773438
full_macro,all,12,pca,M1,0.5,e_origin,593,estimated,0.29569017147364074,2.5999591474731574
full_macro,all,12,pca,M1,0.5,downside,593,estimated,-30746.69284131927,-0.3825492635618225
full_macro,all,12,pca,M1,0.5,dxy_ret,593,estimated,193.9577696067838,0.18701734483353602
full_macro,all,12,pca,M1,0.5,fx_ret,593,estimated,-379.1541577295985,-0.49491876334014406
full_macro,all,12,pca,M1,0.5,btc_vol,593,estimated,9.726694265355546,0.017228516123010868
full_macro,all,12,pca,M1,0.5,btc_ret,593,estimated,20.82645579082991,0.07792338353511359
full_macro,all,12,pca,M1,0.5,vixy_ret,593,estimated,-9.06583665180863,-0.21377483901375652
full_macro,all,12,pca,M1,0.9,e_origin,593,estimated,0.10330062961127412,0.9083068793225377
full_macro,all,12,pca,M1,0.9,downside,593,estimated,-102524.06386790055,-1.2756007721690223
full_macro,all,12,pca,M1,0.9,dxy_ret,593,estimated,291.7383607444531,0.2812990359866854
full_macro,all,12,pca,M1,0.9,fx_ret,593,estimated,-947.1977134621786,-1.236399262485835
full_macro,all,12,pca,M1,0.9,btc_vol,593,estimated,1208.1188277012184,2.139894000338727
full_macro,all,12,pca,M1,0.9,btc_ret,593,estimated,86.31042029759969,0.32293540732398934
full_macro,all,12,pca,M1,0.9,vixy_ret,593,estimated,-9.84337798220405,-0.2321094703462836
full_macro,all,12,pca,M2,0.1,e_origin,593,estimated,0.4192297643428571,3.6862241827790805
full_macro,all,12,pca,M2,0.1,downside,593,estimated,-154456.4652489181,-1.9217418711755196
full_macro,all,12,pca,M2,0.1,dxy_ret,593,estimated,1072.3939425368487,1.0340202826388578
full_macro,all,12,pca,M2,0.1,fx_ret,593,estimated,-733.3502448986545,-0.9572591751961697
full_macro,all,12,pca,M2,0.1,btc_vol,593,estimated,-584.0124745206989,-1.0344386344245338
full_macro,all,12,pca,M2,0.1,btc_ret,593,estimated,-40.94318890006543,-0.1531912987909917
full_macro,all,12,pca,M2,0.1,vixy_ret,593,estimated,20.53870357440485,0.48430809188402135
full_macro,all,12,pca,M2,0.1,account_ls,593,estimated,0.06905498634393248,0.039717128672189544
full_macro,all,12,pca,M2,0.5,e_origin,593,estimated,0.313316422222163,2.7549441158300154
full_macro,all,12,pca,M2,0.5,downside,593,estimated,-48124.927185475724,-0.5987686398918777
full_macro,all,12,pca,M2,0.5,dxy_ret,593,estimated,223.36793995112978,0.21537512591161465
full_macro,all,12,pca,M2,0.5,fx_ret,593,estimated,-273.875974859404,-0.3574966963244018
full_macro,all,12,pca,M2,0.5,btc_vol,593,estimated,-88.22390844979483,-0.1562675856458376
full_macro,all,12,pca,M2,0.5,btc_ret,593,estimated,-24.978967030483723,-0.09346024344115139
full_macro,all,12,pca,M2,0.5,vixy_ret,593,estimated,-12.429997850650738,-0.2931026546716002
full_macro,all,12,pca,M2,0.5,account_ls,593,estimated,1.0510252305018433,0.6044994942096198
full_macro,all,12,pca,M2,0.9,e_origin,593,estimated,0.08905786322255375,0.7830723793960569
full_macro,all,12,pca,M2,0.9,downside,593,estimated,-99710.29910199397,-1.2405920105897206
full_macro,all,12,pca,M2,0.9,dxy_ret,593,estimated,343.62036405311454,0.3313245365020885
full_macro,all,12,pca,M2,0.9,fx_ret,593,estimated,-871.4296243858166,-1.1374974090263719
full_macro,all,12,pca,M2,0.9,btc_vol,593,estimated,1285.69401031067,2.277299911110776
full_macro,all,12,pca,M2,0.9,btc_ret,593,estimated,42.406172375359795,0.15866513570284357
full_macro,all,12,pca,M2,0.9,vixy_ret,593,estimated,-11.577131225005067,-0.2729918328467622
full_macro,all,12,pca,M2,0.9,account_ls,593,estimated,-1.0275472825039182,-0.5909961003062699
full_macro,all,12,ml,M0,0.1,e_origin,593,estimated,0.5026422240616121,4.455926504018835
full_macro,all,12,ml,M0,0.1,downside,593,estimated,-194059.39420020118,-2.4144801108097003
full_macro,all,12,ml,M0,0.1,dxy_ret,593,estimated,733.0405736703464,0.7068100546887572
full_macro,all,12,ml,M0,0.1,fx_ret,593,estimated,-772.3408195429421,-1.008154481475877
full_macro,all,12,ml,M0,0.5,e_origin,593,estimated,0.2857134083660511,2.5328511771342748
full_macro,all,12,ml,M0,0.5,downside,593,estimated,-11858.716484015047,-0.147545730565595
full_macro,all,12,ml,M0,0.5,dxy_ret,593,estimated,144.7641050591145,0.1395839857833246
full_macro,all,12,ml,M0,0.5,fx_ret,593,estimated,-392.58946848572805,-0.5124561877596234
full_macro,all,12,ml,M0,0.9,e_origin,593,estimated,0.12982220230270725,1.1508746467344546
full_macro,all,12,ml,M0,0.9,downside,593,estimated,104973.21620410428,1.3060730388092368
full_macro,all,12,ml,M0,0.9,dxy_ret,593,estimated,93.7369010374971,0.09038269712266014
full_macro,all,12,ml,M0,0.9,fx_ret,593,estimated,-874.807738416241,-1.1419069400423867
full_macro,all,12,ml,M1,0.1,e_origin,593,estimated,0.48351057938946274,4.286324352669029
full_macro,all,12,ml,M1,0.1,downside,593,estimated,-103874.93884646792,-1.2924083108165794
full_macro,all,12,ml,M1,0.1,dxy_ret,593,estimated,967.6847954791649,0.9330579612932767
full_macro,all,12,ml,M1,0.1,fx_ret,593,estimated,-1031.0910272418157,-1.3459071612174527
full_macro,all,12,ml,M1,0.1,btc_vol,593,estimated,-864.9980347365182,-1.5321374540280233
full_macro,all,12,ml,M1,0.1,btc_ret,593,estimated,-18.058125533759082,-0.0675655164769763
full_macro,all,12,ml,M1,0.1,vixy_ret,593,estimated,12.933523163238569,0.3049759154385853
full_macro,all,12,ml,M1,0.5,e_origin,593,estimated,0.27672820791222297,2.4531973181277396
full_macro,all,12,ml,M1,0.5,downside,593,estimated,9094.164221972464,0.11314926921670727
full_macro,all,12,ml,M1,0.5,dxy_ret,593,estimated,396.0938614875371,0.38192036560555864
full_macro,all,12,ml,M1,0.5,fx_ret,593,estimated,-484.93594905494047,-0.632998202215717
full_macro,all,12,ml,M1,0.5,btc_vol,593,estimated,-210.1622566024906,-0.3722522501011297
full_macro,all,12,ml,M1,0.5,btc_ret,593,estimated,33.08756133386011,0.12379901592258553
full_macro,all,12,ml,M1,0.5,vixy_ret,593,estimated,0.5782728661346683,0.013635827956297903
full_macro,all,12,ml,M1,0.9,e_origin,593,estimated,0.15949393924290903,1.4139147828848815
full_macro,all,12,ml,M1,0.9,downside,593,estimated,-76910.60287671613,-0.9569189975139164
full_macro,all,12,ml,M1,0.9,dxy_ret,593,estimated,124.34172380986804,0.11989238217210899
full_macro,all,12,ml,M1,0.9,fx_ret,593,estimated,-797.5754055412606,-1.041093775008813
full_macro,all,12,ml,M1,0.9,btc_vol,593,estimated,1178.297490546143,2.087072623006458
full_macro,all,12,ml,M1,0.9,btc_ret,593,estimated,-103.82969413489958,-0.3884847791514173
full_macro,all,12,ml,M1,0.9,vixy_ret,593,estimated,-24.479109878925595,-0.5772239203673928
full_macro,all,12,ml,M2,0.1,e_origin,593,estimated,0.4852019179941589,4.301318080125981
full_macro,all,12,ml,M2,0.1,downside,593,estimated,-123850.8783618113,-1.5409482428993115
full_macro,all,12,ml,M2,0.1,dxy_ret,593,estimated,1208.8380303340612,1.1655819677922843
full_macro,all,12,ml,M2,0.1,fx_ret,593,estimated,-978.8243620466708,-1.277682264364963
full_macro,all,12,ml,M2,0.1,btc_vol,593,estimated,-775.8297332410531,-1.3741971016260903
full_macro,all,12,ml,M2,0.1,btc_ret,593,estimated,66.63376864515885,0.24931408217873402
full_macro,all,12,ml,M2,0.1,vixy_ret,593,estimated,1.0071971467381908,0.023749976551377276
full_macro,all,12,ml,M2,0.1,account_ls,593,estimated,1.000371877422065,0.5753661057541144
full_macro,all,12,ml,M2,0.5,e_origin,593,estimated,0.30193685312211677,2.6766721177844524
full_macro,all,12,ml,M2,0.5,downside,593,estimated,-53082.78965354119,-0.6604541891568849
full_macro,all,12,ml,M2,0.5,dxy_ret,593,estimated,311.2175571845224,0.3000812049356173
full_macro,all,12,ml,M2,0.5,fx_ret,593,estimated,-439.7837530018925,-0.5740599878322069
full_macro,all,12,ml,M2,0.5,btc_vol,593,estimated,-31.434701732659573,-0.055679067404445316
full_macro,all,12,ml,M2,0.5,btc_ret,593,estimated,39.298168528812084,0.14703636035116888
full_macro,all,12,ml,M2,0.5,vixy_ret,593,estimated,10.20114423704443,0.24054569377170776
full_macro,all,12,ml,M2,0.5,account_ls,593,estimated,1.4750151394836324,0.8483582314609561
full_macro,all,12,ml,M2,0.9,e_origin,593,estimated,0.15104808027704747,1.3390421895896263
full_macro,all,12,ml,M2,0.9,downside,593,estimated,-79962.68409864877,-0.9948928840000799
full_macro,all,12,ml,M2,0.9,dxy_ret,593,estimated,147.5751776389193,0.1422944692616367
full_macro,all,12,ml,M2,0.9,fx_ret,593,estimated,-791.9091682955952,-1.0336975034046478
full_macro,all,12,ml,M2,0.9,btc_vol,593,estimated,1169.41909834634,2.0713466714151205
full_macro,all,12,ml,M2,0.9,btc_ret,593,estimated,-98.79757876848275,-0.3696568297572198
full_macro,all,12,ml,M2,0.9,vixy_ret,593,estimated,-26.214464156621126,-0.6181440356964272
full_macro,all,12,ml,M2,0.9,account_ls,593,estimated,0.2487864616221118,0.14309008561569808
full_macro,all,12,joint_linear,M0,0.1,e_origin,593,estimated,0.38954835451519215,3.4511628259267706
full_macro,all,12,joint_linear,M0,0.1,downside,593,estimated,-216217.70730671356,-2.690173057833816
full_macro,all,12,joint_linear,M0,0.1,dxy_ret,593,estimated,1137.300602584216,1.096604376324203
full_macro,all,12,joint_linear,M0,0.1,fx_ret,593,estimated,-928.6810658829284,-1.2122290506226607
full_macro,all,12,joint_linear,M0,0.5,e_origin,593,estimated,0.31730652550861055,2.8111439120880535
full_macro,all,12,joint_linear,M0,0.5,downside,593,estimated,-45472.90586320748,-0.5657722845108338
full_macro,all,12,joint_linear,M0,0.5,dxy_ret,593,estimated,265.15413814293487,0.2556660812693832
full_macro,all,12,joint_linear,M0,0.5,fx_ret,593,estimated,-319.33503965380686,-0.41683547363168016
full_macro,all,12,joint_linear,M0,0.9,e_origin,593,estimated,0.09842546708784837,0.8719901116276277
full_macro,all,12,joint_linear,M0,0.9,downside,593,estimated,49606.51048453522,0.6172024468344908
full_macro,all,12,joint_linear,M0,0.9,dxy_ret,593,estimated,158.14519714090187,0.15248625990816272
full_macro,all,12,joint_linear,M0,0.9,fx_ret,593,estimated,-807.5718610510007,-1.0541423814866924
full_macro,all,12,joint_linear,M1,0.1,e_origin,593,estimated,0.4249586485750479,3.764876615493667
full_macro,all,12,joint_linear,M1,0.1,downside,593,estimated,-154792.96264138867,-1.9259285598169433
full_macro,all,12,joint_linear,M1,0.1,dxy_ret,593,estimated,1160.3017290540433,1.1187824494650123
full_macro,all,12,joint_linear,M1,0.1,fx_ret,593,estimated,-765.5908214798546,-0.9993435516051987
full_macro,all,12,joint_linear,M1,0.1,btc_vol,593,estimated,-588.5100669575324,-1.0424050453858313
full_macro,all,12,joint_linear,M1,0.1,btc_ret,593,estimated,-45.4234573420666,-0.16995448114197254
full_macro,all,12,joint_linear,M1,0.1,vixy_ret,593,estimated,20.17131817634052,0.4756450465034785
full_macro,all,12,joint_linear,M1,0.5,e_origin,593,estimated,0.29919435424502755,2.6506810287587417
full_macro,all,12,joint_linear,M1,0.5,downside,593,estimated,-26754.53510274587,-0.33287897834462526
full_macro,all,12,joint_linear,M1,0.5,dxy_ret,593,estimated,330.0487281438391,0.3182385368128479
full_macro,all,12,joint_linear,M1,0.5,fx_ret,593,estimated,-346.73319680560604,-0.45259892704219995
full_macro,all,12,joint_linear,M1,0.5,btc_vol,593,estimated,-61.28541257991273,-0.10855247321786815
full_macro,all,12,joint_linear,M1,0.5,btc_ret,593,estimated,19.536789529482412,0.07309802295890233
full_macro,all,12,joint_linear,M1,0.5,vixy_ret,593,estimated,-9.363233000442436,-0.22078752399741852
full_macro,all,12,joint_linear,M1,0.9,e_origin,593,estimated,0.11481563218744148,1.0171970617966652
full_macro,all,12,joint_linear,M1,0.9,downside,593,estimated,-97100.26676589719,-1.208118080687752
full_macro,all,12,joint_linear,M1,0.9,dxy_ret,593,estimated,353.9954948390069,0.3413284121695183
full_macro,all,12,joint_linear,M1,0.9,fx_ret,593,estimated,-965.3867273710198,-1.2601418064791423
full_macro,all,12,joint_linear,M1,0.9,btc_vol,593,estimated,1224.9008497223497,2.1696193447445444
full_macro,all,12,joint_linear,M1,0.9,btc_ret,593,estimated,49.113282038178994,0.18376017270371678
full_macro,all,12,joint_linear,M1,0.9,vixy_ret,593,estimated,-18.617388081034992,-0.4390029616390552
full_macro,all,12,joint_linear,M2,0.1,e_origin,593,estimated,0.42646551053676635,3.778226501138949
full_macro,all,12,joint_linear,M2,0.1,downside,593,estimated,-151412.69952147594,-1.8838714457773469
full_macro,all,12,joint_linear,M2,0.1,dxy_ret,593,estimated,1172.4260570709098,1.1304729305331442
full_macro,all,12,joint_linear,M2,0.1,fx_ret,593,estimated,-772.5912676283666,-1.008481397201822
full_macro,all,12,joint_linear,M2,0.1,btc_vol,593,estimated,-611.7117899496675,-1.0835013570150958
full_macro,all,12,joint_linear,M2,0.1,btc_ret,593,estimated,-47.36252750223952,-0.17720962379851515
full_macro,all,12,joint_linear,M2,0.1,vixy_ret,593,estimated,21.057037019485325,0.4965305323529237
full_macro,all,12,joint_linear,M2,0.1,account_ls,593,estimated,-0.016599381474262098,-0.009547171099396717
full_macro,all,12,joint_linear,M2,0.5,e_origin,593,estimated,0.3204006385895955,2.838555882695909
full_macro,all,12,joint_linear,M2,0.5,downside,593,estimated,-48178.013796814106,-0.599429141630302
full_macro,all,12,joint_linear,M2,0.5,dxy_ret,593,estimated,255.91996908557147,0.2467623400975127
full_macro,all,12,joint_linear,M2,0.5,fx_ret,593,estimated,-323.4623670020971,-0.42222297026193617
full_macro,all,12,joint_linear,M2,0.5,btc_vol,593,estimated,2.275969976204967,0.0040313373033836804
full_macro,all,12,joint_linear,M2,0.5,btc_ret,593,estimated,-48.22885986610668,-0.18045105622160781
full_macro,all,12,joint_linear,M2,0.5,vixy_ret,593,estimated,-10.006810457739494,-0.23596325157895554
full_macro,all,12,joint_linear,M2,0.5,account_ls,593,estimated,0.9890455880140088,0.5688517652609061
full_macro,all,12,joint_linear,M2,0.9,e_origin,593,estimated,0.10958574217998251,0.9708633993174818
full_macro,all,12,joint_linear,M2,0.9,downside,593,estimated,-95145.63504739854,-1.1837986220615748
full_macro,all,12,joint_linear,M2,0.9,dxy_ret,593,estimated,386.2966023365645,0.3724736834913255
full_macro,all,12,joint_linear,M2,0.9,fx_ret,593,estimated,-976.0838802456245,-1.2741050495664976
full_macro,all,12,joint_linear,M2,0.9,btc_vol,593,estimated,1243.5513204307647,2.202654199807908
full_macro,all,12,joint_linear,M2,0.9,btc_ret,593,estimated,34.99811674254353,0.13094746899454202
full_macro,all,12,joint_linear,M2,0.9,vixy_ret,593,estimated,-13.983329752772939,-0.3297306339816906
full_macro,all,12,joint_linear,M2,0.9,account_ls,593,estimated,-0.48499550569518146,-0.278946241610859
full_macro,matched,12,linear,M0,,,0,insufficient,,
full_macro,matched,12,linear,M1,,,0,insufficient,,
full_macro,matched,12,linear,M2,,,0,insufficient,,
full_macro,matched,12,pca,M0,,,0,insufficient,,
full_macro,matched,12,pca,M1,,,0,insufficient,,
full_macro,matched,12,pca,M2,,,0,insufficient,,
full_macro,matched,12,ml,M0,,,0,insufficient,,
full_macro,matched,12,ml,M1,,,0,insufficient,,
full_macro,matched,12,ml,M2,,,0,insufficient,,
full_macro,matched,12,joint_linear,M0,,,0,insufficient,,
full_macro,matched,12,joint_linear,M1,,,0,insufficient,,
full_macro,matched,12,joint_linear,M2,,,0,insufficient,,
