datetime_utc,BTC_BINANCE_CLOSE,ETH_BINANCE_CLOSE,XRP_BINANCE_CLOSE,SOL_BINANCE_CLOSE,DOGE_BINANCE_CLOSE,USDT_BINANCE_CLOSE,BTC_UPBIT_CLOSE,ETH_UPBIT_CLOSE,XRP_UPBIT_CLOSE,SOL_UPBIT_CLOSE,DOGE_UPBIT_CLOSE,USDT_UPBIT_CLOSE,USDKRW,BTC_KP,ETH_KP,XRP_KP,SOL_KP,DOGE_KP,USDT_KP,MKT_KP_EQ,RESIDUAL_RAW,BTC_KP_pct,ETH_KP_pct,XRP_KP_pct,SOL_KP_pct,DOGE_KP_pct,USDT_KP_pct,MKT_KP_EQ_pct,RESIDUAL_RAW_pct,VIX,SPY,DXY,XAUUSD,VIX_ret,SPY_ret,DXY_ret,XAUUSD_ret,USDKRW_ret,BTC_RET,BTC_VOL_24,BTC_RET_POS,BTC_RET_NEG,BTC_RET_ABS,BTC_DOWNSIDE_24,BTC_BIG_UP,BTC_BIG_DOWN,BTC_VOL_RATIO,BTC_VOL_RATIO_LOG,ETH_VOL_RATIO,ETH_VOL_RATIO_LOG,XRP_VOL_RATIO,XRP_VOL_RATIO_LOG,SOL_VOL_RATIO,SOL_VOL_RATIO_LOG,DOGE_VOL_RATIO,DOGE_VOL_RATIO_LOG,USDT_VOL_RATIO,USDT_VOL_RATIO_LOG
2025-06-02 09:00:00+00:00,104585.36,2481.52,2.1531,153.54,0.18968,0.9994,147099000.0,3492000.0,3028.0,216000.0,267.0,1405.5,1378.41,0.0203764097804222,0.0208878617108922,0.0202656254075597,0.0205958539671236,0.021201173629562,0.0202652376896352,0.0206653848991119,-0.0004001472094766,2.037640978042221,2.0887861710892297,2.026562540755972,2.05958539671236,2.1201173629562087,2.0265237689635285,2.0665384899111983,-0.0400147209476696,19.45,588.59,98.66,3371.97,,,,,,-0.0070797931261985525,,0.0,-0.0070797931261985525,0.0070797931261985525,,0,1,17.682336263465764,2.8725661900783077,14.116219894729756,2.6473244833857814,2.2260843118300633,0.8002441280705179,15.109089588141147,2.715296522195492,2.5513789372633098,0.9366339727235925,8.954278535251051,2.1921314666893226
2025-06-02 10:00:00+00:00,104370.85,2482.1,2.1462,154.01,0.19009,0.9994,146961000.0,3493000.0,3021.0,216700.0,267.5,1406.5,1376.84,0.0226791538593866,0.0221057616378599,0.0223440178564171,0.0219426296178033,0.0220709414924273,0.0221553750936829,0.0222285008927789,-7.312579909597369e-05,2.267915385938668,2.2105761637859933,2.234401785641716,2.1942629617803355,2.2070941492427387,2.2155375093682927,2.22285008927789,-0.0073125799095973,18.97,588.55,98.723,3376.09,-0.0249882861175327,-6.796133002939797e-05,0.0006383528686795,0.0012210918432646,-0.001139642624027104,-0.002053158174669889,,0.0,-0.002053158174669889,0.002053158174669889,,0,0,13.330278655372387,2.5900380383511474,15.805640103979623,2.7603668449410916,2.2541824780798763,0.8127873697851956,14.617913731227063,2.682247744496598,4.512164326866588,1.5067769334941337,18.139295388985374,2.8980806009880067
2025-06-02 11:00:00+00:00,104047.64,2480.94,2.143,153.45,0.18928,0.9994,146546000.0,3492000.0,3018.0,216000.0,266.5,1406.0,1376.93,0.0228922130807236,0.0222240901640342,0.0227870065477584,0.0222920797942416,0.0225407485979918,0.0217252194838359,0.0225472276369499,-0.0008220081531139,2.2892213080723645,2.222409016403426,2.278700654775845,2.229207979424164,2.254074859799182,2.172521948383599,2.254722763694996,-0.0822008153113972,18.94,589.39,98.825,3374.7,-0.0015826961889904,0.0014262188946583,0.0010326605084776,-0.0004118036613913,6.536493609310412e-05,-0.0031015507222633687,,0.0,-0.0031015507222633687,0.0031015507222633687,,0,0,12.860195501047711,2.5541369209526845,12.636920682229766,2.536622742127089,1.3364959825799543,0.2900512506663587,32.684553999752985,3.486902611560946,1.8445533385686002,0.612237155266522,19.635227995408457,2.9773252996462074
2025-06-02 12:00:00+00:00,104200.32,2497.69,2.1522,154.21,0.19044,0.9994,146594000.0,3511000.0,3026.0,216950.0,267.8,1406.0,1378.8,0.0203422445891376,0.0195088959616729,0.0197295906278371,0.0203421851909733,0.0198848137978244,0.0203395028023487,0.0199615460334891,0.0003779567688596,2.034224458913769,1.9508895961672927,1.972959062783719,2.0342185190973305,1.988481379782448,2.0339502802348752,1.996154603348912,0.0377956768859634,18.92,589.84,98.881,3371.83,-0.0010565241341997,0.0007632099282472,0.0005664977441011,-0.0008508077998996,0.0013571723550800385,0.001466329152579604,,0.001466329152579604,0.0,0.001466329152579604,,0,0,9.763010326652756,2.278600787976536,10.55666783104667,2.3567576821805067,2.0914838720858606,0.7378738006993882,24.94535792167762,3.2166877496437216,2.394748791978084,0.8732783368347963,35.15549989834218,3.55978107538624
2025-06-03 09:00:00+00:00,105198.11,2614.49,2.199,159.89,0.19481,0.9994,147280000.0,3657000.0,3076.0,223900.0,272.6,1398.5,1378.93,0.0152982040735494,0.0143685018974917,0.014422519187929,0.0155248868259312,0.0147811348656512,0.0148010441155514,0.0148790493701105,-7.800525455903262e-05,1.5298204073549426,1.4368501897491726,1.4422519187929028,1.5524886825931228,1.4781134865651246,1.4801044115551498,1.487904937011053,-0.0078005254559032,18.32,593.835,99.156,3345.94,-0.0322262043777481,0.0067501893160795,0.0027772605801965,-0.0077079531399348,9.428044086678966e-05,0.0009812974150715803,0.0032136951744097266,0.0009812974150715803,0.0,0.0009812974150715803,4.800511220439667e-06,0,0,12.730428937973395,2.54399510705062,16.23085241696694,2.7869139012173685,1.9076212845844351,0.6458570651614183,15.210237319735322,2.72196870902491,2.8194231322662433,1.0365323009979976,10.874272045118028,2.386399636354323
2025-06-03 10:00:00+00:00,105280.99,2611.46,2.2018,161.23,0.19532,0.9993,147320000.0,3654000.0,3080.0,225650.0,273.3,1398.0,1377.81,0.0155993577369679,0.0155371902308221,0.015274589296393,0.0157811548645576,0.0155553153895433,0.0153644446620724,0.0155495215036568,-0.0001850768415843,1.5599357736967967,1.5537190230822118,1.5274589296393026,1.5781154864557667,1.5555315389543356,1.536444466207243,1.554952150365683,-0.0185076841584396,17.98,594.96,99.21,3346.48,-0.0187333302025098,0.0018926733975703,0.0005444481547636,0.0001613766025361,-0.0008125540033683265,0.0007875366654808147,0.003177542673116312,0.0007875366654808147,0.0,0.0007875366654808147,4.62486711668076e-06,0,0,12.711694403845181,2.5425223889710304,16.16926408227134,2.783112161252871,2.5380700208277003,0.9314039578902323,17.189089185626024,2.84427483286162,3.255578925274983,1.1803701170731484,14.172263647604433,2.651286790245682
2025-06-03 11:00:00+00:00,105287.24,2601.78,2.2149,160.56,0.19503,0.9993,147193000.0,3640000.0,3095.0,224400.0,272.8,1397.5,1378.62,0.0140674460216074,0.0148135049470712,0.0135891560838936,0.013773462377262,0.0146082062182668,0.0144049377309762,0.0141703551296202,0.000234582601356,1.4067446021607477,1.4813504947071232,1.358915608389366,1.377346237726207,1.460820621826686,1.4404937730976286,1.417035512962026,0.0234582601356026,17.98,596.055,99.234,3350.43,0.0,0.0018387682917886,0.0002418818418998,0.0011796486612656,0.000587716737458166,5.936318125243645e-05,0.003092110868535696,5.936318125243645e-05,0.0,5.936318125243645e-05,4.2240497465652416e-06,0,0,7.874220886474532,2.0635942447664486,9.148548951159107,2.2135952821387916,2.318932989953764,0.8411071617600617,10.590445538306993,2.359952230334278,1.714364136764889,0.5390422461325355,17.80396322446967,2.879421085574619
2025-06-03 12:00:00+00:00,105307.94,2609.76,2.2249,161.15,0.19549,0.9993,147281000.0,3647000.0,3108.0,225100.0,273.3,1396.5,1377.36,0.0154022945697367,0.014583339498172,0.0141986955901098,0.014139547151506,0.0150036841848326,0.0146063736164365,0.0146655121988714,-5.913858243489223e-05,1.540229456973674,1.4583339498172032,1.4198695590109889,1.4139547151506004,1.5003684184832666,1.4606373616436574,1.4665512198871469,-0.0059138582434892,17.84,596.745,99.211,3348.69,-0.0078169018916112,0.001156941778948,-0.0002318022636291,-0.0005194712258109,-0.0009143753494500473,0.00019658569646985313,0.003085597387458484,0.00019658569646985313,0.0,0.00019658569646985313,4.2240497465652416e-06,0,0,15.756526832710946,2.757254681507701,8.31928807616165,2.1185766834029542,1.128933535377354,0.1212734130868159,16.481299443761724,2.802226371115671,3.01852328848136,1.104767734474328,43.445696917921246,3.771511811546355
2025-06-04 09:00:00+00:00,105825.31,2643.43,2.2592,157.54,0.19632,0.9993,146946000.0,3674000.0,3137.0,218750.0,272.6,1389.0,1366.64,0.0160476868467958,0.016991234283384,0.0160280816921349,0.0160219551331988,0.0160315132393782,0.0170732461268225,0.0162240942389783,0.0008491518878442,1.6047686846795806,1.6991234283384005,1.6028081692134988,1.6021955133198815,1.6031513239378237,1.7073246126822594,1.622409423897837,0.0849151887844224,17.82,597.58,98.876,3354.74,-0.0011217051091998,0.0013982795906448,-0.0033823554233824,0.0018050465635273,-0.007813450829415203,0.0036862459097655176,0.0033327987308206584,0.0036862459097655176,0.0,0.0036862459097655176,4.387021248042062e-06,0,0,22.999814934626905,3.1354861695762084,6.93313589444405,1.9363122208708146,1.2525417806087231,0.22517491119196034,11.694243222724896,2.459096688470389,2.597862215171458,0.9546888818810569,8.807122773619183,2.175560800184788
2025-06-04 10:00:00+00:00,105705.13,2638.45,2.2555,156.64,0.19546,0.9993,146911000.0,3669000.0,3133.0,217650.0,271.8,1390.0,1366.46,0.0170945495985475,0.0176581617264774,0.0165310300736698,0.0168551061840982,0.0176410906093864,0.0179395529888206,0.0171559876384359,0.0007835653503847,1.7094549598547504,1.7658161726477497,1.653103007366985,1.6855106184098243,1.7641090609386456,1.7939552988820662,1.715598763843591,0.0783565350384752,17.61,596.97,98.791,3377.65,-0.0118544995345488,-0.0010213051827427,-0.0008600323295162,0.0068059302666192,-0.00013171856153082473,-0.0011362904831173637,0.0033423716892726366,0.0,-0.0011362904831173637,0.0011362904831173637,4.440819417293024e-06,0,0,13.958840096396242,2.6361130062315574,18.069533070272062,2.894227264218925,1.8067387803936823,0.5915234413339056,18.27311886140692,2.9054310652573307,5.8180384881808545,1.760963175413943,10.054587856661819,2.3080290334896514
2025-06-04 11:00:00+00:00,105084.36,2624.4,2.253,155.92,0.19381,0.9993,146320000.0,3651000.0,3134.0,217000.0,269.8,1391.0,1364.31,0.0205929088508094,0.0196913646774026,0.0195880530475853,0.0201049274099163,0.0203582996035422,0.0202771965810169,0.0200671107178512,0.0002100858631656,2.0592908850809444,1.9691364677402623,1.9588053047585368,2.010492740991632,2.0358299603542296,2.02771965810169,2.006711071785121,0.0210085863165686,17.86,595.91,98.737,3371.97,0.0140966529402386,-0.0017772119224046,-0.0005467579416107,-0.0016830581101761,-0.0015746477691251926,-0.005889969131112949,0.0035640112726108156,0.0,-0.005889969131112949,0.005889969131112949,5.886308432520667e-06,0,0,51.59457444870789,3.9434165206163825,17.28872903078808,2.850054788074147,1.6923328434582823,0.5261079578298705,12.47748241659819,2.523925613151914,2.697031144149111,0.9921515917917385,17.270736883512257,2.8490135596624597
2025-06-04 12:00:00+00:00,105039.19,2616.73,2.2382,155.67,0.19261,0.9993,146110000.0,3642000.0,3114.0,216650.0,267.8,1390.5,1363.77,0.0199701075723148,0.0205631789477134,0.0201841788622756,0.0204991217256718,0.0195079313599817,0.0203142992016804,0.0201449036935915,0.0001693955080889,1.997010757231488,2.0563178947713423,2.018417886227564,2.049912172567181,1.9507931359981745,2.031429920168049,2.01449036935915,0.0169395508088986,17.53,597.318,98.747,3375.08,-0.0186498765152101,0.0023599859431593,0.00010127402735,0.0009218844443896,-0.000395882823855942,-0.00042993753623221664,0.003564189028642073,0.0,-0.00042993753623221664,0.00042993753623221664,5.8940103610648925e-06,0,0,11.070675523925827,2.4042997677969176,25.14307059553014,3.2245823355417507,1.8496675834251513,0.615005938309962,11.076522350939527,2.4048277648087804,2.5153338228301014,0.9224055274791192,9.596770710975225,2.261426657610496
2025-06-05 09:00:00+00:00,104900.0,2609.69,2.2062,153.01,0.18964,0.9994,145020000.0,3611000.0,3050.0,211450.0,262.2,1383.5,1354.16,0.0208981842795703,0.0218063230691876,0.0209041703591263,0.0205114766262166,0.021016497670238,0.0222799361663432,0.0210273304008678,0.0012526057654754,2.089818427957036,2.1806323069187616,2.0904170359126395,2.0511476626216663,2.101649767023805,2.227993616634328,2.1027330400867816,0.1252605765475457,18.08,596.15,98.523,3377.63,0.030892656030887,-0.0019573216422976,-0.0022710001142822,0.0007552523716274,-0.007071587603448393,0.002143764286335781,0.0024950193278529117,0.002143764286335781,0.0,0.002143764286335781,4.236207221221497e-06,0,0,8.226969499885797,2.107417720860825,12.701712498278527,2.5417368267582643,0.9953962967937942,-0.004614332884280007,16.16714105567584,2.7829808524948634,1.8702040595236138,0.6260475476529426,12.707636437834386,2.5422031070772197
2025-06-05 10:00:00+00:00,104659.24,2596.69,2.1999,151.93,0.18854,0.9994,144748000.0,3592000.0,3043.0,210000.0,260.6,1384.5,1355.4,0.0203931012191695,0.0205839665191678,0.0205435243770015,0.0197841921037993,0.0197728077666898,0.0220829266041253,0.0202155183971656,0.0018674082069597,2.03931012191696,2.058396651916783,2.0543524377001576,1.9784192103799336,1.977280776668988,2.2082926604125364,2.0215518397165644,0.1867408206959721,17.23,598.68,98.69,3367.92,-0.0481543044241918,0.0042349184088052,0.0016936007252761,-0.0028789369900437,0.0009152778211714008,-0.0022977760935738445,0.002521733087050428,0.0,-0.0022977760935738445,0.0022977760935738445,4.402399675978846e-06,0,0,6.927899095209553,1.935556606374845,12.869047291722284,2.5548249933608083,1.7329560477919903,0.5498286484914752,11.454356202622025,2.4383701120233026,2.6978636432688297,0.9924602165783676,12.364104180465874,2.514797450347754
2025-06-05 11:00:00+00:00,104827.8,2608.01,2.2051,152.37,0.18939,0.9993,144837000.0,3598000.0,3046.0,210550.0,261.6,1382.0,1355.68,0.019168190228292,0.0176412849139493,0.0189301676938811,0.0192919378443123,0.0188811006697713,0.0201287012085138,0.0187825362700412,0.0013461649384725,1.916819022829208,1.764128491394934,1.893016769388112,1.929193784431238,1.888110066977133,2.0128701208513844,1.8782536270041248,0.1346164938472595,17.2,597.9,98.764,3344.55,-0.0017426667204309,-0.0013037157740871,0.0007495417004923,-0.0069631877464999,0.00020655974814065559,0.001609264576721614,0.002265325221952751,0.001609264576721614,0.0,0.001609264576721614,2.956910660751203e-06,0,0,7.920895329628494,2.0695042461073054,18.361748158015867,2.910269596237835,1.6640130679660263,0.5092321957131473,6.662249781213517,1.8964572324960536,4.184915793126246,1.4314865826222192,25.832612219814788,3.251637733229901
2025-06-05 12:00:00+00:00,105649.59,2631.66,2.2219,153.93,0.19178,0.9994,146040000.0,3637000.0,3071.0,213000.0,265.2,1382.5,1355.54,0.0197452024223645,0.019532757324046,0.0196308569350314,0.0208078393165185,0.020135516371434,0.0205010534538259,0.0199704344738789,0.0005306189799469,1.974520242236455,1.9532757324046024,1.963085693503141,2.080783931651853,2.013551637143407,2.050105345382592,1.997043447387892,0.0530618979946995,17.42,596.46,98.757,3354.6,0.0127095876049496,-0.0024113344347496,-7.087853952647549e-05,0.0030003828961646,-0.00010327454070413467,0.007808859430850745,0.0027793691794195797,0.007808859430850745,0.0,0.007808859430850745,2.9492087322069776e-06,1,0,10.487663827178423,2.350199692856385,13.854868836830576,2.628636711422825,1.4865059548730277,0.39642836941706494,12.352172184080331,2.5138319329586056,2.8632789301965715,1.0519674472162046,51.35037191966273,3.938672179185003
2025-06-06 09:00:00+00:00,103643.98,2468.53,2.1425,147.5,0.17572,0.9995,144403000.0,3440000.0,2987.0,205500.0,245.0,1393.5,1360.29,0.0242373966739009,0.0244447180428555,0.0249032884770015,0.0242083224775973,0.0249752634980051,0.0249263749268719,0.024553797833872,0.0003725770929999,2.42373966739009,2.444471804285553,2.490328847700152,2.42083224775973,2.497526349800516,2.4926374926872,2.455379783387208,0.0372577092999915,17.31,599.145,99.047,3342.52,-0.0063346022362389,0.0044914574859582,0.0029321976075271,-0.0036075247572071,0.0034980133833517613,0.0012911154995673968,0.005975103090954265,0.0012911154995673968,0.0,0.0012911154995673968,2.452893339921784e-05,0,0,13.786946602055387,2.623722246117176,13.925768035788954,2.633740939465711,1.3016527254909485,0.2636347843159528,14.929527209082071,2.7033409438750065,4.130108547483693,1.4183036893112606,65.36316473375216,4.1799588694185825
2025-06-06 10:00:00+00:00,103676.25,2481.8,2.1507,148.55,0.17637,0.9994,144129000.0,3453000.0,2991.0,206500.0,245.4,1391.0,1361.45,0.021104986131625,0.0219463617497568,0.0214917928641482,0.0210469293564947,0.021993531942867,0.0223181909439469,0.0215167204089783,0.0008014705349685,2.110498613162504,2.194636174975684,2.1491792864148263,2.104692935649477,2.1993531942867017,2.2318190943946936,2.1516720408978385,0.080147053496855,17.03,598.49,99.217,3325.95,-0.016307874513521,-0.0010938225173884,0.0017148856238327,-0.0049696659363327,0.0008523959454143082,0.00031130585047733916,0.005964734183230588,0.00031130585047733916,0.0,0.00031130585047733916,2.430894277520953e-05,0,0,13.303317809678676,2.5880134634922287,17.400262918805733,2.856485316382516,1.5133794440557764,0.4143451925613377,24.757902120116846,3.2091447156369375,4.959889841150563,1.6013835310447517,24.47549777346759,3.19767252624725
2025-06-06 11:00:00+00:00,103927.99,2476.15,2.1502,149.1,0.17762,0.9994,144602000.0,3448000.0,2995.0,207700.0,247.3,1391.5,1360.76,0.022492749770866,0.023313663117771,0.0236145127049858,0.0237108788912276,0.0231768751441117,0.0232042397195275,0.0232617359257924,-5.749620626489469e-05,2.2492749770866016,2.331366311777105,2.3614512704985824,2.3710878891227694,2.317687514411171,2.3204239719527564,2.326173592579246,-0.0057496206264894,16.84,598.59,99.2,3332.16,-0.0112194858604164,0.0001670732118705,-0.0001713562854144,0.0018653947744162,-0.0005069410624285453,0.0024251925045977174,0.0059789520805809205,0.0024251925045977174,0.0,0.0024251925045977174,2.430894277520953e-05,0,0,13.121756446336823,2.5742716500384097,8.541509464343255,2.1449377444466555,1.4642625153259339,0.38135171321155403,10.002950046875855,2.3028800541763044,4.779683903455048,1.5643744153324473,44.40784360950095,3.793416111707658
2025-06-06 12:00:00+00:00,103753.27,2475.48,2.1539,150.6,0.17759,0.9993,144221000.0,3441000.0,2994.0,209350.0,247.0,1389.5,1361.36,0.0210657845015327,0.0210623553347817,0.0210647276653399,0.0211158265997732,0.0216578120838761,0.0213854757976821,0.0211933012370607,0.0001921745606213,2.1065784501532736,2.106235533478173,2.1064727665339955,2.111582659977329,2.1657812083876182,2.138547579768213,2.119330123706078,0.0192174560621351,17.02,598.23,99.223,3323.06,0.0106321143310474,-0.0006015942428394,0.0002318279645301,-0.0027346971764252,0.0004408328873939382,-0.001682578786555311,0.00572364090300364,0.0,-0.001682578786555311,0.001682578786555311,2.4426904082416444e-05,0,0,16.782096476431676,2.820312632235529,13.55975507525333,2.607106220052172,2.2748846429626957,0.8219293447272774,13.87741145409806,2.6302624430248436,4.641400352292751,1.5350161207687787,48.49489850436737,3.8814586069340957
2025-06-09 09:00:00+00:00,106612.52,2509.29,2.2524,153.42,0.1844,0.9994,146792000.0,3452000.0,3099.0,211150.0,253.6,1376.0,1357.36,0.0143763891904691,0.01350264012611,0.0136336294035817,0.0139442121949564,0.0131955779414603,0.0143411443223571,0.0137304897713155,0.0006106545510415,1.437638919046913,1.3502640126110022,1.3633629403581704,1.3944212194956451,1.3195577941460312,1.4341144322357111,1.3730489771315524,0.0610654551041589,17.25,599.75,99.114,3319.66,0.0134230203321408,0.0025376063300939,-0.0010991394542987,-0.0010236771373506,-0.002942563328496739,0.006456534321619856,0.002355531736258371,0.006456534321619856,0.0,0.006456534321619856,1.6956422986929986e-06,0,0,10.927727694587352,2.3913033843799187,12.915476397947051,2.558426313048832,1.875231852665949,0.6287323065329279,17.43913114370929,2.8587165974983493,3.587129958461993,1.2773524282986333,40.231963971104065,3.6946618033409284
2025-06-09 10:00:00+00:00,107179.7,2534.86,2.2598,155.35,0.18597,0.9995,147379000.0,3486000.0,3111.0,213400.0,255.7,1376.0,1356.59,0.0136183330919155,0.0137358216128649,0.014802189176037,0.0125921263991706,0.0135361084781997,0.0148153415343517,0.0136569157516375,0.0011584257827141,1.361833309191551,1.373582161286491,1.480218917603704,1.2592126399170622,1.3536108478199749,1.4815341534351711,1.3656915751637566,0.1158425782714144,17.25,599.215,98.983,3321.03,0.0,-0.000892436452287,-0.0013225845832671,0.0004126077318584,-0.0005674386194742809,0.005305911792644835,0.002530709621336653,0.005305911792644835,0.0,0.005305911792644835,1.6956422986929986e-06,0,0,10.274312877966741,2.329646884955602,10.145878802007688,2.3170675936767084,1.6783382303371432,0.5178041552760003,13.653922610036203,2.614026851046541,5.430742936967394,1.6920759453910397,55.05967430637892,4.008417584447764
2025-06-09 11:00:00+00:00,107759.21,2541.79,2.2689,155.62,0.18638,0.9994,148202000.0,3496000.0,3121.0,213950.0,256.3,1375.0,1355.05,0.0149492924400329,0.0150242933427617,0.0151333434485629,0.0145922936387443,0.0148315914690777,0.0153319031011243,0.0149061628678359,0.0004257402332883,1.4949292440032955,1.5024293342761783,1.5133343448562986,1.459229363874437,1.4831591469077754,1.5331903101124311,1.490616286783597,0.042574023328834,17.09,599.8,98.953,3328.64,-0.0093186463498695,0.0009758010473914,-0.0003031282862115,0.0022888363850395,-0.0011358441132065522,0.005392335935956893,0.0026636944553924203,0.005392335935956893,0.0,0.005392335935956893,1.6956422986929986e-06,0,0,13.61401969479229,2.611100121681999,14.773016660657843,2.692802318116392,2.0665593314249016,0.7258850656268886,15.210732628286882,2.722001272651412,5.145632600188989,1.6381483160890646,31.370252938087166,3.4458600852267325
2025-06-09 12:00:00+00:00,107750.39,2545.41,2.2675,155.7,0.1856,0.9994,148505000.0,3508000.0,3128.0,214500.0,255.9,1377.5,1354.44,0.0175656879873402,0.017517922584183,0.0184968204697804,0.0171357355262722,0.0179642890967026,0.0176360681888592,0.0177360911328557,-0.0001000229439965,1.7565687987340262,1.7517922584183054,1.8496820469780408,1.713573552627223,1.7964289096702668,1.763606818885921,1.7736091132855725,-0.0100022943996514,16.96,600.825,98.949,3338.07,-0.0076358667637421,0.0017074444543814,-4.042404827142576e-05,0.0028289834983485,-0.0004502692464685154,-8.18525022090455e-05,0.002668231851643932,0.0,-8.18525022090455e-05,8.18525022090455e-05,1.695921458364577e-06,0,0,6.899329246679417,1.931424196251783,9.160676023912954,2.214919977700047,1.4461110141047622,0.36887789402946647,13.073298173058813,2.570571842631314,1.844083699934344,0.6119825145242144,15.082182699260686,2.7135140934360784
2025-06-10 09:00:00+00:00,109508.78,2692.48,2.292,158.95,0.19212,0.9995,150500000.0,3698000.0,3151.0,218500.0,264.1,1374.5,1364.88,0.0069156462142765,0.0062825713803935,0.007254740279541,0.0071552921359709,0.0071666884925523,0.0075520146803369,0.0069549877005468,0.00059702697979,0.6915646214276538,0.6282571380393565,0.7254740279541094,0.7155292135970992,0.7166688492552309,0.7552014680336949,0.69549877005469,0.0597026979790049,17.06,601.19,98.954,3343.6,0.0058789116997757,0.0006073135713258,5.052980501574211e-05,0.0016552751819993,0.007678427911119279,0.003898876912133531,0.0037567541817792264,0.003898876912133531,0.0,0.003898876912133531,2.9882553887363408e-06,0,0,11.113591477721473,2.408168816734027,18.528724179728588,2.9193221863202274,1.7874414016041695,0.5807852127293279,11.070353508541672,2.404270680134939,4.686387585983898,1.5446620481427693,27.775442470826356,3.324152265941607
2025-06-10 10:00:00+00:00,109303.61,2695.11,2.2824,158.14,0.19106,0.9995,150215000.0,3703000.0,3139.0,217450.0,262.6,1375.0,1367.35,0.0050764598849994,0.0048414038996253,0.0058190622059646,0.0056294484448746,0.0051832738682195,0.006097812500063,0.0053099296607367,0.0007878828393262,0.5076459884999496,0.4841403899625396,0.581906220596462,0.5629448444874674,0.5183273868219596,0.6097812500063027,0.5309929660736756,0.078788283932627,17.13,601.1346,99.084,3328.3,0.0040947702724958,-9.215481416458005e-05,0.0013128795349679,-0.0045864077158803,0.0018080473992858614,-0.001875305691125817,0.0036940568227816868,0.0,-0.001875305691125817,0.001875305691125817,3.1347875318683776e-06,0,0,8.469318758889733,2.136450075546158,9.005817920299162,2.19787080407553,1.4731858961960909,0.38742733195897305,14.236148343379167,2.655784387892838,2.334306905010132,0.8477150183690547,45.64276745743886,3.8208451598216038
2025-06-10 11:00:00+00:00,109541.28,2773.64,2.3046,160.85,0.19481,0.9997,150193000.0,3800000.0,3159.0,220450.0,266.9,1371.0,1368.01,0.0022651015603749,0.0014845014252373,0.0019932509959541,0.0018432256596059,0.0014933165906363,0.0024864024583357,0.0018158792463617,0.000670523211974,0.226510156037496,0.1484501425237372,0.1993250995954154,0.1843225659605929,0.149331659063634,0.2486402458335757,0.1815879246361751,0.0670523211974005,16.94,601.8901,99.094,3326.77,-0.0111536231121203,0.0012560009770696,0.0001009193755958,-0.0004597998298905,0.0004825690313587927,0.0021720415170687346,0.0035773048713950185,0.0021720415170687346,0.0,0.0021720415170687346,3.1347875318683776e-06,0,0,9.640799908707308,2.2660040832616346,10.118508401534308,2.31436626184344,1.1674273079869322,0.15480244565627127,9.128704686418335,2.21142381010783,3.156559785828094,1.1494827591904768,39.8312874042605,3.684652719148233
2025-06-10 12:00:00+00:00,109697.76,2765.18,2.3153,161.53,0.19692,0.9997,150327000.0,3786000.0,3171.0,221350.0,269.7,1370.0,1367.15,0.0023584693641496,0.0014771293002602,0.001781029877939,0.0023287014192736,0.0017859871780752,0.002385344210219,0.0019462634279395,0.0004390807822795,0.2358469364149629,0.1477129300260227,0.1781029877939044,0.232870141927366,0.178598717807521,0.2385344210219075,0.1946263427939554,0.0439080782279521,16.88,601.92,99.094,3321.61,-0.0035482000560973,4.9675609144372856e-05,0.0,-0.0015522581549447,-0.0006288480588638734,0.0014274832308309726,0.0035765332843979343,0.0014274832308309726,0.0,0.0014274832308309726,3.1345083721967993e-06,0,0,10.631065305670058,2.3637804042346473,11.218712879217593,2.417583176866819,1.5927906846742799,0.46548762535438887,8.253212277344304,2.110602491513774,2.7916993952828055,1.0266505126576917,14.225185296867071,2.655014006069353
2025-06-11 09:00:00+00:00,109269.83,2759.29,2.3082,164.96,0.19928,0.9999,150400000.0,3795000.0,3177.0,227100.0,274.3,1376.0,1371.47,0.0036013959161189,0.0028318554420545,0.0035926360894691,0.0038115169732602,0.003634960195918,0.0034033655576688,0.0034944729233641,-9.110736569533078e-05,0.3601395916118965,0.2831855442054554,0.3592636089469136,0.3811516973260209,0.3634960195918024,0.3403365557668847,0.3494472923364178,-0.009110736569533,16.5,604.76,98.757,3329.24,-0.0227691082612762,0.0047071389993353,-0.0034066072540062,0.0022944445739501,0.0031548762392503704,-0.002798227152041477,0.002908521567513498,0.0,-0.002798227152041477,0.002798227152041477,4.114669175083647e-06,0,0,22.18717433119647,3.0995143890973296,8.895969926438884,2.1855983569313437,1.1957324561078326,0.17875893159761314,20.544619070364693,3.0225990609303204,3.207166484779882,1.1653878322977578,25.819770264383745,3.2511404877950145
2025-06-11 10:00:00+00:00,109373.12,2771.75,2.325,164.52,0.20078,0.9998,150541000.0,3816000.0,3198.0,226500.0,276.4,1376.5,1370.6,0.0042306402065186,0.0044852926940766,0.003563308746346,0.0044741807827883,0.0044003637528218,0.0045055851970043,0.0042307572365102,0.000274827960494,0.4230640206518643,0.4485292694076603,0.3563308746346028,0.4474180782788384,0.4400363752821823,0.4505585197004391,0.4230757236510296,0.0274827960494094,16.47,604.2,98.64,3337.82,-0.0018198367169861,-0.0009264161594293,-0.0011854284887933,0.0025738495638751,-0.0006345571259620542,0.0009448281564417016,0.002890211014024166,0.0009448281564417016,0.0,0.0009448281564417016,3.968137031951611e-06,0,0,16.30525877151083,2.791487679799848,9.936413209027583,2.296206111386347,1.3657021956708417,0.31166872542654195,10.2892468587479,2.3310993555976354,2.8468774390293716,1.0462227582050057,19.321139007113388,2.961199781866138
2025-06-11 11:00:00+00:00,109252.09,2772.25,2.3146,164.5,0.19912,0.9998,150430000.0,3820000.0,3186.0,226600.0,274.3,1377.0,1368.58,0.0060846261151539,0.0068407435360222,0.0057722144994252,0.0065232567947761,0.0065624732103195,0.0063536330291382,0.0063566628311394,-3.029802001152868e-06,0.6084626115153924,0.6840743536022265,0.5772214499425221,0.6523256794776167,0.6562473210319553,0.6353633029138273,0.6356662831139426,-0.0003029802001152,16.64,603.225,98.615,3333.32,0.010268891203514,-0.0016150074943288,-0.0002534790006221,-0.0013490949620376,-0.0014748942137261523,-0.001107191731126278,0.002861742640890098,0.0,-0.001107191731126278,0.001107191731126278,4.019215095679711e-06,0,0,13.163797737007203,2.5774704661048946,9.288568940202548,2.2287844979246523,1.4049987451021442,0.34003640961957654,9.829572495581752,2.285395443445489,4.237720391189989,1.4440254810744615,35.09710096774551,3.558118533549264
2025-06-11 12:00:00+00:00,109714.87,2805.08,2.3239,167.21,0.20124,0.9999,150885000.0,3857000.0,3197.0,229800.0,276.8,1375.5,1369.09,0.0044968426806673,0.0043206417701329,0.0048314095134052,0.0038198494768293,0.0046615439061654,0.004782420261908,0.00442605746944,0.0003563627924679,0.4496842680667301,0.4320641770132916,0.4831409513405216,0.381984947682934,0.4661543906165466,0.4782420261908005,0.4426057469440048,0.0356362792467956,16.4,604.35,98.57,3330.29,-0.0145281005629098,0.0018632388472239,-0.000456424178119,-0.0009094170303569,0.00037257960667247403,0.00422694537151358,0.0029816806433199984,0.00422694537151358,0.0,0.00422694537151358,4.019215095679711e-06,0,0,10.697753828773124,2.3700337968864713,13.53613695703933,2.605362920797265,1.5290534818376635,0.4246489046462929,10.13959414060633,2.3164479717807622,4.325621982171901,1.4645559409508435,28.51182368217618,3.350318867282752
2025-06-12 09:00:00+00:00,107507.35,2752.6,2.245,159.61,0.18943,0.9997,147459000.0,3772000.0,3078.0,218750.0,259.8,1370.5,1355.04,0.012234212660817,0.0112917469061786,0.0118127661185916,0.0114300407337346,0.0121346009428626,0.0117127711226345,0.0117806734724369,-6.790234980233976e-05,1.2234212660817034,1.1291746906178624,1.181276611859161,1.143004073373466,1.2134600942862672,1.171277112263458,1.178067347243692,-0.0067902349802339,17.7,602.52,97.921,3392.36,0.0762833047496305,-0.0030326404708516,-0.006605924547177,0.0184664570859389,-0.010315311371380531,-0.0020843811797313094,0.0021332294421000228,0.0,-0.0020843811797313094,0.0020843811797313094,3.5425674847410297e-06,0,0,5.357677810641914,1.6785306369220656,7.620302861191259,2.0308161144718784,1.2613903390467134,0.23221455630474452,12.998268490443406,2.564816155547741,2.0230685701220863,0.7046154528766669,7.862351521821781,2.0620857375012562
2025-06-12 10:00:00+00:00,107323.16,2750.3,2.2391,159.1,0.18856,0.9998,147142000.0,3769000.0,3072.0,218100.0,258.8,1371.0,1356.21,0.0109187717494687,0.0104600001509442,0.0116278550651085,0.0107844303104247,0.0120168887505662,0.0111076122805244,0.0111615892053025,-5.3976924778043056e-05,1.091877174946876,1.0460000150944282,1.162785506510855,1.0784430310424753,1.201688875056628,1.110761228052448,1.1161589205302525,-0.0053976924778043,17.59,602.41,97.996,3383.88,-0.0062340808303167,-0.0001825832211093,0.0007656303808616,-0.0025028642512054,0.000863070592993509,-0.001714747548026807,0.0021142819286795174,0.0,-0.001714747548026807,0.001714747548026807,3.6650824494686943e-06,0,0,7.276611200174564,1.9846652593508889,7.698932010721755,2.041081619333651,1.051585134277975,0.05029867748418332,8.347213558381094,2.121927777587563,2.8706274206989066,1.0545306193630237,9.213168394887148,2.220633807924278
2025-06-12 11:00:00+00:00,106900.95,2729.8,2.2255,157.72,0.18714,0.9998,146877000.0,3745000.0,3056.0,216600.0,257.1,1373.0,1356.86,0.0125982883994524,0.0110810083211918,0.0120237662787012,0.0121308073444279,0.0125125425729626,0.0120975302765107,0.0120692825833472,2.8247693163497428e-05,1.2598288399452429,1.1081008321191854,1.2023766278701276,1.2130807344427952,1.2512542572962635,1.2097530276510726,1.206928258334723,0.0028247693163497,18.02,602.98,97.969,3386.31,0.024151693430725,0.0009457520677722,-0.0002755594128629,0.000717852853274,0.00047916199171904594,-0.0039417649738329175,0.002209877435973282,0.0,-0.0039417649738329175,0.0039417649738329175,4.261400681946262e-06,0,0,6.339960274833047,1.8468725026303003,9.87302782630957,2.2898065770502947,1.4025385613714632,0.33828385277575207,8.0233326490014,2.082353877834146,5.406918042853682,1.6876792526844135,12.366820398620836,2.515017112023337
2025-06-12 12:00:00+00:00,106988.54,2736.9,2.2339,158.65,0.18797,0.9997,146804000.0,3755000.0,3066.0,217700.0,258.1,1371.0,1356.55,0.0114975200225877,0.0113819674169388,0.0117486106511168,0.0115388024739673,0.0121937641542293,0.0109553082651048,0.011672132943768,-0.0007168246786632,1.1497520022587748,1.1381967416938863,1.1748610651116875,1.1538802473967325,1.2193764154229347,1.0955308265104824,1.1672132943768032,-0.0716824678663208,17.71,602.97,98.0,3384.27,-0.0173528003854492,-1.6584435507560613e-05,0.0003163765724032,-0.000602607180399,-0.0002284947732551501,0.0008190211206375864,0.0019611808562687697,0.0008190211206375864,0.0,0.0008190211206375864,4.261400681946262e-06,0,0,6.032713413543134,1.7971968951881192,8.548143299414768,2.1457141014032795,0.9745413865563389,-0.025788291406989457,9.93022758592387,2.2955833968200103,4.814772729782087,1.5716888436754863,9.434904356338931,2.244416041656142
2025-06-13 09:00:00+00:00,104830.36,2521.16,2.1326,144.8,0.17431,0.9994,146116000.0,3515000.0,2976.0,201800.0,243.1,1393.5,1369.63,0.0176710902149908,0.0179387830803494,0.0188734885666566,0.01753496114993,0.0182616693929766,0.0180388878464816,0.0180559984809807,-1.7110634499051258e-05,1.7671090214990803,1.7938783080349463,1.8873488566656604,1.7534961149930028,1.8261669392976687,1.8038887846481664,1.805599848098072,-0.0017110634499051,20.52,596.85,98.19,3437.28,0.1472705685078263,-0.0102016187047224,0.0019368985106265,0.0155422351494145,0.009595918368445311,0.0008675868504379736,0.005547272073707472,0.0008675868504379736,0.0,0.0008675868504379736,2.2858289194957305e-05,0,0,13.645226622356681,2.6133897624765186,11.84411668541141,2.4718312620492595,1.60325878306779,0.4720382973214225,16.403765578171345,2.7975109168992547,6.928668981736584,1.935667728627274,35.89152800053141,3.580501278801348
2025-06-13 10:00:00+00:00,104874.01,2532.8,2.1464,144.99,0.17504,0.9995,146030000.0,3529000.0,2989.0,202000.0,243.8,1392.0,1368.73,0.0173172878353817,0.0179653008564975,0.0174134370555776,0.0178775441483258,0.0176035428884948,0.017509916619119,0.0176354225568555,-0.0001255059377364,1.7317287835381778,1.79653008564975,1.741343705557763,1.7877544148325877,1.760354288849486,1.7509916619119048,1.763542255685553,-0.012550593773648,19.59,600.58,98.043,3428.1,-0.0463807883461195,0.0062300294204238,-0.0014982192342483,-0.0026742891059612,-0.0006573277672812239,0.00041630034348294487,0.005553232352937496,0.00041630034348294487,0.0,0.00041630034348294487,2.2735774230229642e-05,0,0,15.85915088081383,2.7637466763632452,13.174090813315358,2.5782520835692186,1.5741250978611059,0.45369962451244505,18.21989154119021,2.9025139390802974,4.121812100411671,1.4162928968614938,6.118299873627086,1.8112842595041574
2025-06-13 11:00:00+00:00,105039.48,2545.4,2.1544,145.45,0.1757,0.9995,146195000.0,3540000.0,2997.0,202500.0,244.5,1392.5,1365.14,0.0195364671524769,0.0187556495108931,0.019021179216504,0.0198448563656294,0.0193654503853821,0.0205521765526974,0.0193047205261771,0.0012474560265203,1.953646715247692,1.8755649510893144,1.902117921650404,1.9844856365629493,1.9365450385382177,2.055217655269748,1.930472052617716,0.1247456026520321,19.02,600.901,98.034,3426.5,-0.0295281748392048,0.0005343405474373,-9.180067020864158e-05,-0.0004668397948996,-0.002626315123624323,0.0015765545537185233,0.005538709219888892,0.0015765545537185233,0.0,0.0015765545537185233,2.2088377934023974e-05,0,0,16.10838336498547,2.779339842369861,17.79638944043047,2.8789955962978837,1.8366363532258971,0.6079358297648108,14.264728584776071,2.6577899578301305,7.472166786636519,2.011185022229416,26.886587116995283,3.2916275420693615
2025-06-13 12:00:00+00:00,104852.29,2542.09,2.1504,145.14,0.17466,0.9994,145901000.0,3536000.0,2990.0,201900.0,242.9,1389.5,1363.23,0.0207307861646772,0.0203571198803613,0.0199592057798303,0.0204225922022849,0.0201520911279577,0.0198823386518138,0.0203243590310223,-0.0004420203792084,2.073078616467728,2.0357119880361374,1.995920577983035,2.042259220228493,2.0152091127957794,1.988233865181388,2.0324359031022343,-0.0442020379208464,19.51,599.49,98.161,3430.43,0.0254360975177756,-0.0023509017476017,0.0012946305230849,0.0011462857081312,-0.0014001035871329393,-0.001783681652968383,0.005532498266819044,0.0,-0.001783681652968383,0.001783681652968383,2.222094127732131e-05,0,0,17.936416724071734,2.8868331000068075,12.05923352328638,2.489830633996264,1.65245267700276,0.5022606551189828,14.240481006282147,2.6560886839443976,3.773818961792768,1.3280874759475354,30.5818251132948,3.4204058819539127
2025-06-16 09:00:00+00:00,106945.86,2621.54,2.199,156.48,0.17711,0.9999,147132000.0,3605000.0,3026.0,215350.0,243.8,1376.5,1355.66,0.0148278551995704,0.0143737416494658,0.0150628006876154,0.0151617755771629,0.0154062593838397,0.0154741334599948,0.0149664864995308,0.0005076469604639,1.4827855199570417,1.437374164946581,1.5062800687615452,1.5161775577162917,1.540625938383977,1.547413345999482,1.496648649953087,0.0507646960463948,18.78,604.1,97.739,3387.99,-0.038134680854903,0.0076604533833881,-0.0043083272358579,-0.0124487925602814,-0.005568463277832336,-0.0021869389649484816,0.0024551022604679135,0.0,-0.0021869389649484816,0.0021869389649484816,1.918967733934875e-06,0,0,5.5130237309956,1.707113244150359,8.6667341425771,2.1594920350050373,1.0241489041951097,0.02386193029872523,8.906909639467049,2.1868273395085285,2.982183792103304,1.0926558482807192,4.375135468566599,1.4759374835739896
2025-06-16 10:00:00+00:00,106834.32,2617.32,2.2098,156.09,0.17678,0.9998,147075000.0,3605000.0,3045.0,215000.0,243.5,1377.5,1356.58,0.0148051370383472,0.0153202201448021,0.0157548805861149,0.0153551344701818,0.0153608780788168,0.0156242574054035,0.0153192500636526,0.0003050073417508,1.4805137038347294,1.5320220144802166,1.575488058611496,1.5355134470181886,1.5360878078816809,1.562425740540352,1.5319250063652623,0.0305007341750896,18.99,603.36,97.895,3397.23,0.0111200510440774,-0.001225713634648,0.0015948151452676,0.0027235684949715,0.0006784060667817116,-0.0010435018823660158,0.002470056364493087,0.0,-0.0010435018823660158,0.0010435018823660158,1.9643384080391007e-06,0,0,7.630309488902988,2.0321284065842287,12.585957117323424,2.53258167792616,1.6739146098253839,0.5151649611039908,16.528864232954955,2.8051082000322194,2.6273701022882214,0.9659833847878806,3.915750545391349,1.3650070212580776
2025-06-16 11:00:00+00:00,106883.99,2617.01,2.2456,156.48,0.1767,0.9998,147241000.0,3603000.0,3092.0,215550.0,243.1,1377.0,1357.57,0.0147378695797177,0.0141370463034762,0.0142496193329613,0.0146749937670571,0.0134123139617714,0.0145152405334665,0.0142423685889967,0.0002728719444697,1.4737869579717788,1.413704630347623,1.4249619332961316,1.4674993767057165,1.341231396177145,1.4515240533466534,1.424236858899679,0.0272871944469742,19.05,603.05,97.925,3404.69,0.0031545767485154,-0.0005139214807954,0.0003064038426581,0.0021934991858501,0.0007295101920714586,0.0004648174589654275,0.0024301083549064656,0.0004648174589654275,0.0,0.0004648174589654275,1.879965650126579e-06,0,0,11.14934832227966,2.411381049765751,11.409926827965505,2.43448375087932,0.9895246720711324,-0.01053058037352139,15.202418623538843,2.7214545351636517,3.697064024807602,1.307538997848251,21.66443236273381,3.0756718541901393
2025-06-16 12:00:00+00:00,106690.47,2615.51,2.248,155.29,0.17684,0.9998,147071000.0,3602000.0,3098.0,214000.0,243.8,1377.5,1359.06,0.014291501406316,0.0133248502660634,0.0140198953714762,0.0139852859192639,0.0144124356905372,0.0137709557422205,0.0140067937307314,-0.0002358379885108,1.4291501406316076,1.3324850266063448,1.40198953714763,1.3985285919263957,1.4412435690537295,1.3770955742220536,1.4006793730731415,-0.0235837988510878,19.34,603.4,97.975,3399.5,0.0151083884524383,0.0005802146957085,0.0005104645338001,-0.0015255308880348,0.001096947430757389,-0.001812202198344437,0.002433504339693115,0.0,-0.001812202198344437,0.001812202198344437,2.016802183780096e-06,0,0,9.619448916216163,2.263786977820139,7.777743998811573,2.051266321693768,0.8244974995637208,-0.19298116965691736,8.805842165857698,2.1754153836954986,2.7609437520730213,1.0155725604380803,34.35536607979149,3.5367582242199354
2025-06-17 09:00:00+00:00,106160.57,2566.61,2.2137,151.53,0.17238,0.9996,146277000.0,3533000.0,3050.0,208600.0,237.3,1377.0,1367.58,0.0075348156084225,0.006539944486501,0.0074612094914821,0.0066139390317987,0.0066027695080672,0.0072909960720128,0.0069505356252543,0.0003404604467585,0.7534815608422507,0.6539944486501081,0.7461209491482101,0.6613939031798743,0.6602769508067263,0.729099607201289,0.6950535625254339,0.034046044675855,19.55,601.14,98.346,3390.5,0.0107997964062267,-0.0037524742257337,0.0037795288495834,-0.0026509588426186,0.0062494702121700385,-0.0038310828063039537,0.0034718409744570584,0.0,-0.0038310828063039537,0.0038310828063039537,7.293330263650248e-06,0,0,14.785840677612866,2.6936700118579227,12.562862179215916,2.530745015590054,1.7578555890646044,0.564094650874453,14.363525840127204,2.664692065524304,3.534842096792773,1.2626686298339722,14.80923521827007,2.695250987396716
2025-06-17 10:00:00+00:00,105956.01,2556.79,2.2143,151.22,0.17174,0.9998,146040000.0,3523000.0,3051.0,208200.0,236.6,1378.0,1369.68,0.0062991697425902,0.0060011330824629,0.0059737152540535,0.0051997622189823,0.0058290334694803,0.0062756666747167,0.0058605627535138,0.0004151039212028,0.629916974259026,0.6001133082462973,0.5973715254053547,0.5199762218982329,0.5829033469480382,0.6275666674716796,0.5860562753513898,0.0415103921202896,19.75,600.44,98.469,3385.11,0.0101782049157557,-0.0011651327072508,0.0012499048955936,-0.0015910009982764,0.001534381397460649,-0.001928751287758601,0.0034846837466016582,0.0,-0.001928751287758601,0.001928751287758601,7.402962986630625e-06,0,0,12.538277399836206,2.528786157334753,17.34618574830034,2.85337264062764,1.0771784312212287,0.07434505875189977,10.217673135316037,2.324118881291056,2.757887559796039,1.0144650097931383,46.40199116350406,3.8373423713180257
2025-06-17 11:00:00+00:00,105641.47,2552.19,2.1939,150.53,0.17137,0.9997,145810000.0,3521000.0,3028.0,207500.0,236.6,1378.0,1370.58,0.0070440875885238,0.0065807769191479,0.0070120155576225,0.0057514080880813,0.0073387797731376,0.0057154810789716,0.0067454135853026,-0.0010299325063309,0.7044087588523817,0.6580776919147935,0.7012015557622542,0.5751408088081389,0.7338779773137682,0.5715481078971685,0.6745413585302673,-0.1029932506330988,19.84,601.14,98.446,3379.35,0.0045466105095961,0.0011651327072508,-0.0002336033324485,-0.0017030188343589,0.0006568719992712246,-0.0029730054599763633,0.0035204665253978223,0.0,-0.0029730054599763633,0.0029730054599763633,7.77124471434101e-06,0,0,8.922563191971735,2.1885832586739085,16.91982595880738,2.8284860680026793,1.2240853661187165,0.2021939252192082,13.023354127765401,2.5667442171034103,3.8915334261780337,1.3588032769160792,13.907745231887986,2.6324458958794748
2025-06-17 12:00:00+00:00,105507.0,2547.75,2.2065,149.67,0.1712,0.9997,145532000.0,3513000.0,3043.0,206450.0,236.1,1379.0,1374.39,0.0036152151394159,0.0032550464333915,0.0034322014289998,0.0036219288611747,0.0034188149264247,0.0036553119181921,0.0034686413578813,0.0001866705603107,0.3615215139415983,0.3255046433391584,0.3432201428999804,0.3621928861174739,0.3418814926424707,0.3655311918192128,0.3468641357881363,0.0186670560310764,20.53,598.81,98.617,3383.12,0.0341871291741155,-0.0038835000263972,0.0017354860417198,0.0011149773353711,0.002775988405476326,-0.0012737010898487,0.0035133634694892936,0.0,-0.0012737010898487,0.0012737010898487,7.702004616782566e-06,0,0,10.140642097559299,2.316551319388906,11.935920751773018,2.4795524040101595,1.2216015547928005,0.20016274767262215,12.3180004622132,2.5110616447882474,2.360938990671844,0.8590594173086177,22.609773342633186,3.1183822615882906
2025-06-18 09:00:00+00:00,104697.03,2527.08,2.147,147.43,0.16969,0.9998,145346000.0,3505000.0,2983.0,204650.0,235.8,1387.5,1375.84,0.0090223607799875,0.0080941628465138,0.0098416465384429,0.0089228356647474,0.0099959201990076,0.00867655796539,0.0091753852057399,-0.0004988272403498,0.9022360779987526,0.8094162846513875,0.9841646538442994,0.8922835664747497,0.9995920199007636,0.8676557965390019,0.9175385205739904,-0.0498827240349886,20.15,600.742,98.701,3392.17,-0.0186829426381507,0.0032212053676072,0.0008514175602263,0.0026714739538284,0.0010544573612767394,-0.0024123427195359426,0.0031218991585628356,0.0,-0.0024123427195359426,0.0024123427195359426,6.325188585658582e-06,0,0,13.099151941064733,2.572547490788252,16.930512171805113,2.8291174480090766,1.0258204770898596,0.025492757842284053,11.006191693176097,2.398457995637998,5.798060201163804,1.7575234135369369,56.399158726636884,4.032454242198384
2025-06-18 10:00:00+00:00,104266.19,2494.79,2.1294,145.69,0.16678,0.9997,144711000.0,3463000.0,2956.0,202300.0,231.5,1388.0,1372.03,0.0115664872077685,0.0117073135169785,0.0117741340258901,0.0120513114097109,0.0116805914135629,0.0119432701598998,0.0117559675147822,0.0001873026451176,1.156648720776854,1.1707313516978513,1.1774134025890115,1.205131140971094,1.1680591413562924,1.194327015989982,1.1755967514782206,0.0187302645117615,19.97,600.14,98.508,3387.38,-0.0089731409649678,-0.001002596508945,-0.0019573149462397,-0.0014130733742057,-0.0027730587265981654,-0.0041236023306261416,0.003194479359066049,0.0,-0.0041236023306261416,0.0041236023306261416,6.878689196121702e-06,0,0,8.407190701875065,2.1290873755969786,9.875906828753404,2.290098137330838,0.6571619264190914,-0.41982482751745664,8.546547893354111,2.1455274462543446,2.429456571396986,0.8876675991728663,14.729288185640883,2.6898379051820354
2025-06-18 11:00:00+00:00,104840.59,2513.86,2.1419,146.52,0.16871,0.9998,145398000.0,3487000.0,2975.0,203300.0,234.3,1388.0,1372.43,0.0105057140331694,0.010696256217054,0.0120397635342113,0.0109979288735215,0.0119085383094621,0.0115471503326991,0.0112296401934837,0.0003175101392154,1.0505714033169469,1.0696256217054056,1.2039763534211323,1.099792887352158,1.1908538309462149,1.1547150332699152,1.1229640193483714,0.0317510139215437,19.99,599.455,98.607,3392.96,0.0010010010845848,-0.0011420522333835,0.0010044898493184,0.0016459355311777,0.00029149632556624283,0.005493857681072356,0.003390576222293701,0.005493857681072356,0.0,0.005493857681072356,6.510407468411317e-06,0,0,11.257378657043644,2.4210237942808357,7.155193013703045,1.9678383887036925,1.0913863466400393,0.08744876574125819,9.705620333796906,2.2727051335681345,3.47715408446064,1.2462141673905756,53.14837624053085,3.973087553813865
2025-06-18 12:00:00+00:00,104514.0,2493.97,2.1315,145.17,0.16738,0.9997,145012000.0,3462000.0,2961.0,201600.0,232.5,1387.0,1373.52,0.010170043018693,0.0106501641701177,0.0113886667659406,0.0110640376546247,0.0113102432161726,0.0101172351822034,0.0109166309651097,-0.0007993957829063,1.0170043018693065,1.065016417011777,1.1388666765940636,1.1064037654624714,1.1310243216172688,1.011723518220342,1.0916630965109777,-0.0799395782906353,20.45,598.825,98.678,3391.1,0.022750733976502,-0.0010515072571477,0.0007197709209041,-0.0005483442206006,0.0007938965074023585,-0.003119972339035826,0.00343389247784494,0.0,-0.003119972339035826,0.003119972339035826,6.848403840497437e-06,0,0,18.531195129786443,2.9194555352377405,8.522399841374657,2.142697972702096,1.0847265190940445,0.08132789908641529,9.639741802319023,2.265894324271954,3.201899271113201,1.1637441559639037,40.91456873783997,3.7114862034823908
2025-06-20 09:00:00+00:00,105940.58,2553.34,2.1699,147.75,0.17012,0.9998,146097000.0,3523000.0,2994.0,203650.0,234.7,1380.0,1365.53,0.0098984508665471,0.0104218951942613,0.0104406984559348,0.0093822864164243,0.0103142295244076,0.0107987779184948,0.010091512091515,0.0007072658269797,0.989845086654717,1.04218951942614,1.0440698455934871,0.9382286416424356,1.0314229524407637,1.0798777918494815,1.009151209151509,0.0707265826979729,19.69,596.14,98.795,3370.86,-0.0378719898377766,-0.0044938630312794,0.0011849722614289,-0.0059864478482509,-0.005834156122165091,-0.00018027349331006803,0.002887369262930475,0.0,-0.00018027349331006803,0.00018027349331006803,1.7215237101008647e-06,0,0,9.074604120116154,2.2054797560717017,15.13879136403344,2.717260414177584,1.256440734308278,0.2282829096055951,13.912004745370878,2.632752118151038,3.4445617228835688,1.2367966751483879,33.75290767722825,3.5190665670069032
2025-06-20 10:00:00+00:00,105958.87,2552.84,2.1719,148.56,0.17066,0.9998,146156000.0,3522000.0,2997.0,204850.0,235.5,1380.5,1371.96,0.0053976854161195,0.0055977801323818,0.0057857265147915,0.0050614788133804,0.0058141026545814,0.0064259564645079,0.0055313547062509,0.0008946017582569,0.5397685416119513,0.559778013238188,0.5785726514791589,0.5061478813380482,0.5814102654581488,0.6425956464507943,0.553135470625099,0.0894601758256952,20.27,595.115,98.727,3369.59,0.0290310678128742,-0.0017208746287797,-0.0006885309250259,-0.0003768294446295,0.004697742695086937,0.00017262904689374636,0.0028775267314526017,0.00017262904689374636,0.0,0.00017262904689374636,1.69682215039175e-06,0,0,16.802707563453854,2.8215400379149127,12.268605820510867,2.5070436272067647,1.7803134908679592,0.5767894672621032,11.0657809857665,2.403857552645008,1.9013493018212961,0.6425637929822303,31.001881807715627,3.4340479061174625
2025-06-20 11:00:00+00:00,105977.82,2549.65,2.1725,148.17,0.17079,0.9998,146070000.0,3517000.0,2997.0,204450.0,235.7,1379.5,1372.63,0.0041360543043578,0.0049357921470434,0.0050171465331514,0.0052483003349503,0.0054110579024857,0.0052060316261759,0.0049496702443977,0.0002563613817781,0.4136054304357817,0.4935792147043427,0.501714653315144,0.5248300334950384,0.541105790248575,0.5206031626175944,0.4949670244397764,0.025636138177818,20.39,594.965,98.679,3370.22,0.0059026241224553,-0.0002520838948543,-0.0004863074166534,0.0001869488907946,0.000488233224859691,0.00017882698885784976,0.0028548194772746146,0.00017882698885784976,0.0,0.00017882698885784976,1.6257199025348926e-06,0,0,11.46597345607935,2.4393838194721167,12.168327818118781,2.498836495596619,1.8196612762325555,0.5986503718075896,9.160137979448573,2.214861241831167,2.6252477641796297,0.96517527794362,48.98692336141252,3.89155339231919
2025-06-20 12:00:00+00:00,105982.89,2551.92,2.1722,147.48,0.17131,0.9998,146207000.0,3518000.0,2997.0,203600.0,236.5,1379.5,1370.48,0.0066064432645551,0.0059029399364989,0.0067328303082958,0.0073304047052218,0.0073391845136021,0.0067829922297575,0.0067823605456347,6.316841227428996e-07,0.6606443264555173,0.590293993649893,0.6732830308295856,0.7330404705221838,0.7339184513602159,0.6782992229757534,0.6782360545634791,6.316841227428996e-05,20.28,593.36,98.624,3371.59,-0.0054094058633813,-0.0027012828577444,-0.0005575181464516,0.0004064190532986,-0.0015675641445351829,4.783905470873151e-05,0.0028524465354177204,4.783905470873151e-05,0.0,4.783905470873151e-05,1.6236001331244683e-06,0,0,9.448599690724317,2.245866549650047,9.960615030371104,2.2986388197273113,1.826621204806257,0.6024679241023196,8.737033564076944,2.1675707229106096,5.380742059238259,1.6828262938887741,16.210256440601682,2.7856441555238507
2025-06-23 09:00:00+00:00,101567.66,2252.01,2.0077,134.33,0.15281,0.9996,142137000.0,3153000.0,2814.0,188150.0,213.8,1400.5,1385.79,0.0098439658895446,0.010313678756298,0.0114114153462647,0.0107268078888542,0.0096212947404357,0.0110192916456806,0.0103834325242794,0.0006358591214011,0.9843965889544616,1.0313678756298073,1.1411415346264775,1.0726807888854273,0.9621294740435716,1.101929164568061,1.038343252427949,0.0635859121401117,20.19,597.5974,98.755,3380.79,-0.0044477463982364,0.0071159856445621,0.0013273957131705,0.0027249668095805,0.011109330696549513,-0.0030839198263059586,0.0069095348521333285,0.0,-0.0030839198263059586,0.0030839198263059586,2.5499729778673823e-05,0,0,10.19124724025572,2.321529238199482,12.138893617659633,2.496414646194889,1.3712094270588235,0.3156931438806446,8.385062711504274,2.1264518742578513,4.870357334177292,1.5831673089771088,16.04966365122924,2.7756878930467335
2025-06-23 10:00:00+00:00,101463.21,2247.01,1.9945,133.83,0.15195,0.9996,141800000.0,3140000.0,2787.0,187000.0,212.4,1398.0,1380.14,0.0126153111578166,0.0125150793266155,0.0124644546235246,0.0124299533688512,0.0128162599239005,0.0133460545810626,0.0125682116801417,0.0007778429009209,1.2615311157816669,1.2515079326615552,1.2464454623524637,1.242995336885122,1.2816259923900564,1.334605458106264,1.2568211680141728,0.0777842900920911,20.22,596.43,98.589,3386.57,0.0014847812675791,-0.0019553996365093,-0.0016823418918443,0.0017081997722829,-0.004085430837769799,-0.0010289076652689744,0.006878143512142223,0.0,-0.0010289076652689744,0.0010289076652689744,2.554384023632588e-05,0,0,8.98522586561592,2.195581657995907,8.205214022679655,2.1047698086235136,0.8113282509088082,-0.20908255840899126,7.010139894791169,1.9473576573083082,2.6805048809778524,0.9860051652044662,15.752012024072291,2.756968104672763
2025-06-23 11:00:00+00:00,101289.01,2253.37,2.0013,134.09,0.15217,0.9997,141603000.0,3147000.0,2798.0,187450.0,212.6,1398.5,1382.86,0.0109552069755711,0.0099177847394202,0.0110143041909875,0.0109061517149595,0.0103131483091201,0.0116133780012226,0.0106213191860117,0.0009920588152108,1.0955206975571177,0.9917784739420288,1.101430419098759,1.0906151714959569,1.0313148309120113,1.161337800122264,1.0621319186011746,0.0992058815210894,20.98,594.24,98.681,3387.5,0.0368973893758259,-0.0036786052720136,0.0009327318565404,0.0002745764380485,0.001968875047894336,-0.0017183539875809117,0.006856478602987143,0.0,-0.0017183539875809117,0.0017183539875809117,2.566687108743568e-05,0,0,14.617111426570604,2.682192857958801,6.702442990201985,1.9024720853405142,1.2108156806389054,0.19129424872486586,6.984252812530525,1.9436580166980797,3.5735656676828653,1.273563883802007,17.785532475356415,2.878385344528084
2025-06-23 12:00:00+00:00,101684.7,2266.5,2.0201,135.53,0.154,0.9997,142164000.0,3168000.0,2823.0,189500.0,215.4,1397.5,1381.34,0.012123327915412,0.0118796491426136,0.0116666219079744,0.0122159768573606,0.0125684470885509,0.0120023859533089,0.0120908045823823,-8.841862907340604e-05,1.212332791541204,1.1879649142613635,1.1666621907974406,1.2215976857360644,1.2568447088550982,1.2002385953308936,1.2090804582382342,-0.0088418629073406,20.85,597.88,98.534,3390.05,-0.0062156547233405,0.0061067867532722,-0.0014907590926034,0.0007524843403068,-0.0010997758144881686,0.003898933524569159,0.0069163790377972005,0.003898933524569159,0.0,0.003898933524569159,2.566687108743568e-05,0,0,10.466782995150863,2.348206718370724,10.279290095898817,2.330131200823306,0.8815990375636216,-0.12601793227688965,17.56095863414025,2.8656781786383125,3.111149215767992,1.1349921806894054,20.975717006793456,3.0433654356447453
2025-06-24 09:00:00+00:00,105198.98,2415.84,2.1842,143.99,0.16361,0.9994,145013000.0,3330000.0,3007.0,198400.0,225.4,1378.0,1362.18,0.0119543200435645,0.0119092507706632,0.0106633704104348,0.0115208441138179,0.0113688365775304,0.0122210694459079,0.0114833243832022,0.0007377450627057,1.195432004356456,1.190925077066329,1.0663370410434858,1.152084411381793,1.1368836577530406,1.222106944590795,1.148332438320221,0.0737745062705741,18.15,604.625,97.77,3301.68,-0.138683387533951,0.0112183662255338,-0.0077838847653337,-0.0264132407074129,-0.013967684946799785,0.0019240166595100305,0.0063991035274269335,0.0019240166595100305,0.0,0.0019240166595100305,8.769162413476651e-06,0,0,10.124352889494027,2.3149436988013963,13.760411970984643,2.621795771808803,1.217504815074593,0.19680353085351668,12.109941685219116,2.4940267421297166,3.156614890401643,1.1495002161994705,80.01311187419157,4.382190519671396
2025-06-24 10:00:00+00:00,105281.99,2413.96,2.184,144.06,0.16378,0.9994,145197000.0,3326000.0,3010.0,198600.0,225.7,1378.5,1358.69,0.0150400515816244,0.0140790168255162,0.0143631941098616,0.014648119311853,0.0142623705098712,0.0151893342542703,0.0144785504677453,0.000710783786525,1.504005158162447,1.4079016825516266,1.4363194109861643,1.4648119311853058,1.4262370509871225,1.518933425427038,1.4478550467745332,0.0710783786525049,17.85,605.78,97.846,3304.58,-0.0166670524852112,0.0019084527089043,0.000777032592671,0.000877955208022,-0.0025653573408446206,0.0007887649349367365,0.006379044953445868,0.0007887649349367365,0.0,0.0007887649349367365,8.725051955824598e-06,0,0,9.628858866270457,2.2647647209973867,14.70918120629294,2.6884718706775264,2.1393117698620143,0.7604841744402497,8.02200885005412,2.0821888705701546,2.4524839731188197,0.8971013775201547,87.46812272342987,4.471274415253697
2025-06-24 11:00:00+00:00,105170.0,2409.44,2.1838,144.57,0.1636,0.9993,144974000.0,3320000.0,3011.0,199200.0,225.4,1378.0,1359.18,0.0141945500665661,0.0137829721418076,0.0144272770467033,0.0137577274942342,0.0136630992561277,0.0145567737113443,0.0139651252010878,0.0005916485102565,1.4194550066566114,1.378297214180768,1.4427277046703324,1.3757727494234206,1.3663099256127742,1.455677371134434,1.3965125201087814,0.0591648510256526,17.7,606.5,97.907,3313.33,-0.0084388686458649,0.001187844532053,0.0006232344022771,0.0026443409169143,0.0003605764847538495,-0.0010642808421135186,0.0063659053595635975,0.0,-0.0010642808421135186,0.0010642808421135186,8.649216676001876e-06,0,0,14.17310679863106,2.651346281514528,15.190119715320272,2.720645197769533,1.3649887143799793,0.3111461607492491,10.887151384030776,2.387583321829537,4.058455806921345,1.400802558142029,48.32301575477247,3.8779079638224725
2025-06-24 12:00:00+00:00,105205.47,2414.29,2.1794,144.43,0.16294,0.9993,144820000.0,3324000.0,3000.0,198750.0,224.5,1377.5,1358.18,0.0135213259709638,0.0137112088972577,0.0135075242318871,0.0131935004022853,0.0144515322016567,0.0149353734025043,0.0136770183408101,0.0012583550616942,1.352132597096389,1.3711208897257745,1.350752423188717,1.3193500402285396,1.4451532201656736,1.4935373402504393,1.3677018340810188,0.1258355061694204,17.6,606.35,97.822,3318.69,-0.005665737535677,-0.0002473512813043,-0.0008685478937051,0.0016164007849877,-0.0007360085120424742,0.000337206617635033,0.006350668741151649,0.000337206617635033,0.0,0.000337206617635033,8.649216676001876e-06,0,0,12.977868213813457,2.5632454615637736,8.482929555065525,2.1380558565432715,1.1945857074932633,0.17779943698303907,12.592889249089692,2.5331323093443383,2.7680139146533236,1.0181300647129192,28.6917074161459,3.3566081408103363
2025-06-25 09:00:00+00:00,106628.06,2420.56,2.1841,145.5,0.16514,0.9994,146624000.0,3331000.0,3001.0,200100.0,226.8,1375.0,1364.91,0.007464008193643,0.0082187383682474,0.0066754115798206,0.0075812558767704,0.0062056562605188,0.0079972271411143,0.0072290140558,0.0007682130853142,0.7464008193643012,0.8218738368247491,0.6675411579820656,0.7581255876770499,0.6205656260518833,0.7997227141114394,0.7229014055800098,0.0768213085314295,17.25,607.73,98.02,3314.49,-0.0200867585667374,0.0022733272837411,0.0020220388625791,-0.0012663611001908,0.00494292417992348,-7.221102954346748e-05,0.0027626782758784513,0.0,-7.221102954346748e-05,7.221102954346748e-05,1.756439855307879e-06,0,0,7.576418176164267,2.0250405518478156,12.665154619682845,2.5388544918025544,1.4707753613267405,0.3857897184191205,12.989508303606407,2.5641419780497405,5.335682052831314,1.6744167215365702,10.442801323669642,2.3459128724835003
2025-06-25 10:00:00+00:00,107126.49,2426.49,2.1905,145.89,0.16525,0.9994,147199000.0,3339000.0,3010.0,200600.0,227.2,1376.0,1363.72,0.0075875075853406,0.0090500387022094,0.0076228982082675,0.0082777755692171,0.0081882905231231,0.0096105473685172,0.0081453021176316,0.0014652452508856,0.7587507585340658,0.905003870220944,0.7622898208267559,0.8277775569217161,0.8188290523123198,0.9610547368517296,0.8145302117631602,0.1465245250885694,17.46,607.17,97.967,3323.48,0.012100406934087,-0.0009218866403175,-0.0005408522125653,0.0027086610805771,-0.0008722326408818759,0.004663581695568908,0.0028869218630329834,0.004663581695568908,0.0,0.004663581695568908,1.756439855307879e-06,0,0,9.094631635697462,2.2076843093024157,11.205911092816471,2.4164414152205316,1.3590352956771854,0.3067751066324704,11.685241076120242,2.4583265990249186,4.484575855274471,1.500643921423269,25.937986479228204,3.2557085536406944
2025-06-25 11:00:00+00:00,107198.02,2428.95,2.1952,146.26,0.16561,0.9996,147417000.0,3343000.0,3017.0,201150.0,227.6,1374.5,1362.38,0.0093982456751786,0.0102283273129422,0.0087950827947851,0.0094764885142091,0.0087590432489206,0.0092999163287799,0.0093314375092071,-3.152118042724049e-05,0.9398245675178662,1.022832731294221,0.8795082794785136,0.9476488514209124,0.8759043248920628,0.9299916328779912,0.9331437509207152,-0.003152118042724,17.28,606.95,97.871,3325.92,-0.0103627870355462,-0.0003624024024118,-0.0009804022476691,0.0007339008360194,-0.0009830894742828278,0.0006674925108267615,0.002861823390629539,0.0006674925108267615,0.0,0.0006674925108267615,1.7092442840208014e-06,0,0,11.099480689637662,2.406898322506522,9.875910599026149,2.290098519095479,1.2261086657529134,0.20384546796869912,11.723563671896294,2.4616008054976355,3.727459087759994,1.3157267918111415,23.61028106654378,3.1616822555815727
2025-06-25 12:00:00+00:00,107240.0,2428.89,2.188,146.44,0.16505,0.9994,147543000.0,3344000.0,3011.0,201350.0,227.1,1376.0,1361.0,0.0108894851817329,0.0115801453909898,0.0111260808068052,0.0102614668063254,0.0109821328606809,0.011628284832766,0.0109678622093068,0.0006604226234591,1.088948518173294,1.1580145390989838,1.1126080806805216,1.0261466806325448,1.0982132860680949,1.1628284832766012,1.0967862209306878,0.0660422623459134,17.33,607.02,97.873,3334.94,0.0028893403516048,0.0001153241020412,2.043485368741216e-05,0.0027083606362054,-0.001013446612748936,0.0003915350508858495,0.0028614663221882366,0.0003915350508858495,0.0,0.0003915350508858495,1.7092442840208014e-06,0,0,9.788085334979893,2.281165863868932,11.423221148781302,2.435648226520751,2.263910301430359,0.8170935400465043,13.299395305721179,2.5877185684588606,4.710792222112118,1.5498560939080925,29.039584731431443,3.3686598899725135
2025-06-26 09:00:00+00:00,107325.12,2463.39,2.1761,143.83,0.16245,0.9995,147216000.0,3379000.0,2987.0,197500.0,223.0,1373.5,1354.09,0.0129921964491959,0.0129954317634535,0.0136985909653049,0.0140750291994433,0.0137657547068603,0.0148417708917232,0.0135054006168516,0.0013363702748716,1.2992196449195914,1.2995431763453524,1.3698590965304902,1.4075029199443367,1.3765754706860367,1.4841770891723227,1.3505400616851615,0.1336370274871611,16.44,609.95,97.23,3320.18,-0.0527217140994804,0.0048152471488931,-0.0065914140532887,-0.0044356898750628,-0.005090081668909896,-0.003979488248091911,0.0026972163208922742,0.0,-0.003979488248091911,0.003979488248091911,2.946825064562247e-06,0,0,14.99876140916203,2.707967624970364,9.622551682851185,2.2641094772032924,0.9174392468878831,-0.08616891717179585,9.069925043835845,2.2049639999072124,3.696925575836563,1.3075015487906967,6.969910071111294,1.9416023224096126
2025-06-26 10:00:00+00:00,107389.01,2451.13,2.1749,143.53,0.16222,0.9996,147452000.0,3366000.0,2988.0,197250.0,222.9,1373.0,1354.72,0.0135409180256755,0.0136738050485896,0.0141256268850822,0.0144363075778206,0.0142759526906093,0.0138991228946994,0.0140105220455554,-0.000111399150856,1.3540918025675586,1.3673805048589616,1.4125626885082232,1.4436307577820662,1.4275952690609328,1.3899122894699412,1.4010522045555485,-0.0111399150856072,16.37,610.05,97.319,3318.7,-0.0042669982449905,0.0001639344265962,0.0009149366607745,-0.0004458583449373,0.0004651489114113616,0.0005951168829518849,0.002531961926110492,0.0005951168829518849,0.0,0.0005951168829518849,2.946825064562247e-06,0,0,11.210488468745286,2.41684981050987,8.694114517995711,2.16264630455205,2.109011586036563,0.7462193950977464,5.045221437835822,1.6184415453766785,4.206848231076186,1.4367137286251566,20.966444320091036,3.042923270216921
2025-06-26 11:00:00+00:00,107325.41,2450.36,2.1707,143.65,0.16159,0.9995,147423000.0,3367000.0,2984.0,197500.0,222.2,1374.0,1355.8,0.0131343935118111,0.0134856233172331,0.0139192837206634,0.014065108730628,0.0142241421295552,0.0139307742084642,0.0137657102819781,0.000165063926486,1.3134393511811115,1.348562331723313,1.3919283720663422,1.406510873062805,1.422414212955525,1.3930774208464225,1.3765710281978194,0.016506392648603,16.38,610.89,97.106,3324.96,0.0006106870418798,0.0013759892091904,-0.0021910771270619,0.0018845039790189,0.0007968951028978211,-0.0005924148164808685,0.002532788131405365,0.0,-0.0005924148164808685,0.0005924148164808685,2.961448202678333e-06,0,0,12.424042661834896,2.519633519664935,8.99285341186528,2.196430196551032,1.69419656949878,0.5272086281630569,13.650048426448285,2.6137430693498245,3.156589622516184,1.149492211426171,7.06140843940579,1.954644527275079
2025-06-26 12:00:00+00:00,107122.48,2440.02,2.1568,143.01,0.16039,0.9995,147032000.0,3346000.0,2960.0,196300.0,220.1,1373.5,1353.36,0.0141866977172111,0.0132560702577093,0.014071319405672,0.0142395848300214,0.0139800698527139,0.0153891747552561,0.0139467484126655,0.0014424263425905,1.418669771721115,1.3256070257709365,1.4071319405672078,1.4239584830021412,1.398006985271394,1.538917475525614,1.3946748412665588,0.1442426342590553,16.37,611.23,97.104,3331.4,-0.0006106870418798,0.0005564101868422,-2.059626177874918e-05,0.0019349921006028,-0.001801296829828658,-0.0018925815551025238,0.00256212043611868,0.0,-0.0018925815551025238,0.0018925815551025238,3.1106925752914284e-06,0,0,10.290563067323347,2.331227268205378,8.45519915463997,2.134781536731915,1.1385823086027762,0.12978389956306477,12.926034079587728,2.5592434233518286,3.1885282882025203,1.1595594586806803,15.91167920565517,2.767053380818981
2025-06-27 09:00:00+00:00,107083.8,2460.88,2.098,142.1,0.16165,0.9996,147008000.0,3373000.0,2880.0,195050.0,222.0,1371.5,1360.88,0.0087820904991897,0.0071776338198801,0.0087119650443197,0.0086303803669529,0.0091539720400344,0.0082070568513101,0.0084912083540753,-0.0002841515027652,0.8782090499189765,0.7177633819880125,0.8711965044319703,0.8630380366952961,0.915397204003443,0.8207056851310179,0.8491208354075398,-0.0284151502765218,16.4,614.9,97.249,3274.17,0.0018309434471093,0.0059863325420481,0.0014921305758379,-0.0173282342082643,0.005541160134290735,0.0007966094586997485,0.0024401249432690775,0.0007966094586997485,0.0,0.0007966094586997485,3.4058491629919797e-06,0,0,42.953212177460976,3.7601114343988224,18.293072863866794,2.906522456156905,2.7305612495053917,1.0045071739663942,17.56433213910517,2.865870262740737,4.806312181152431,1.5699300917491015,19.66801085217262,2.9789935013175204
2025-06-27 10:00:00+00:00,106995.32,2446.19,2.0911,141.89,0.16075,0.9997,146930000.0,3359000.0,2873.0,194950.0,221.1,1373.0,1361.26,0.0087989312823519,0.008738819592766,0.0092987625955718,0.0093234596540725,0.0104077712833474,0.0089270408350219,0.0093135488816219,-0.0003865080466,0.8798931282351985,0.8738819592766012,0.929876259557183,0.9323459654072552,1.040777128334747,0.8927040835021938,0.9313548881621968,-0.0386508046600031,16.55,615.35,97.276,3272.54,0.0091047669929191,0.0007315586589218,0.0002775992820813,-0.0004979600543428,0.00027919210802451744,-0.0008266103208764974,0.0024399307531300417,0.0,-0.0008266103208764974,0.0008266103208764974,3.434319355599461e-06,0,0,14.367195776729147,2.6649475367700903,11.03556485200521,2.4011232257122406,1.2917534077897201,0.2560005263002915,16.11779832389945,2.77992414734727,3.936724340025099,1.3703489917365814,7.919049712114981,2.069271212783389
2025-06-27 11:00:00+00:00,106983.6,2447.25,2.0909,142.15,0.16053,0.9996,146984000.0,3360000.0,2873.0,195000.0,220.3,1372.0,1360.85,0.0095843193266966,0.00890594835746,0.0096994175617617,0.0080393594395797,0.0084352865184487,0.0085968472703406,0.0089328662407893,-0.0003360189704487,0.9584319326696678,0.8905948357460058,0.9699417561761736,0.8039359439579785,0.8435286518448715,0.8596847270340602,0.8932866240789394,-0.0336018970448792,16.4,616.3,97.196,3274.73,-0.0091047669929191,0.0015426463498515,-0.0008227405951775,0.0006689811422706,-0.00030123691041250567,-0.00010954350093683729,0.002438140293324133,0.0,-0.00010954350093683729,0.00010954350093683729,3.4201962082582706e-06,0,0,12.000965066482896,2.484987068761216,11.260437405494974,2.4212954679157606,1.8350244642709488,0.6070578134454279,10.9616321388635,2.394401188212234,5.152254152531033,1.639434318433741,24.769423450369114,3.209609967104784
2025-06-27 12:00:00+00:00,106692.9,2429.97,2.0819,141.34,0.1596,0.9996,146659000.0,3343000.0,2866.0,194250.0,219.2,1374.0,1361.07,0.009933406626174,0.0107761900697986,0.011430065652896,0.009753759717149,0.0090837238054617,0.0099038403079718,0.0101954291742959,-0.000291588866324,0.9933406626174036,1.0776190069798686,1.143006565289606,0.9753759717149092,0.908372380546174,0.9903840307971868,1.0195429174295922,-0.0291588866324054,16.41,615.39,97.315,3277.78,0.0006095702718464,-0.0014776448060418,0.001223581338297,0.0009309410348929,0.00016165059992889752,-0.0027209372986707336,0.002469791347407346,0.0,-0.0027209372986707336,0.0027209372986707336,3.579430993282575e-06,0,0,15.180882643542938,2.720036915438051,12.577073971420521,2.5318756305314247,2.7341065424857747,1.005804706995934,10.226799911444028,2.325011716896396,3.3274889069242586,1.202217937524776,22.139410079648297,3.097359281923171
2025-06-30 09:00:00+00:00,107478.77,2451.76,2.1732,149.89,0.16475,0.9997,146692000.0,3349000.0,2969.0,204550.0,224.7,1365.5,1356.25,0.0063382749914238,0.0071576156558423,0.0073276384884657,0.0062063946740669,0.0056292525331635,0.0071224132216622,0.0065318352685924,0.0005905779530698,0.6338274991423809,0.7157615655842386,0.7327638488465738,0.6206394674066917,0.5629252533163598,0.7122413221662294,0.653183526859249,0.0590577953069803,17.28,616.73,97.144,3285.3,0.0516588582739103,0.0021751136712468,-0.0017587259430209,0.0022916079922588,-0.0035476168100982974,-0.0003174076639655965,0.002403352193702867,0.0,-0.0003174076639655965,0.0003174076639655965,3.025900885306371e-06,0,0,8.56231515448671,2.147370615558151,11.190678938540644,2.415081194168751,1.090209331558708,0.08636972510389701,10.981208201236294,2.3961854665702758,4.154894981875431,1.4242871528677572,9.107892765274128,2.2091413744468653
2025-06-30 10:00:00+00:00,107649.49,2456.2,2.177,150.31,0.16471,0.9997,146903000.0,3353000.0,2975.0,205250.0,224.9,1365.0,1353.95,0.0078967890759729,0.0082476067523049,0.0093131101817249,0.0085389244025484,0.0084790058425618,0.0084638449624181,0.0084950872510226,-3.1242288604493504e-05,0.789678907597291,0.8247606752304959,0.9313110181724982,0.8538924402548442,0.8479005842561893,0.8463844962418143,0.8495087251022637,-0.0031242288604493,17.36,616.22,97.079,3287.72,0.0046189458562944,-0.0008272842030692,-0.0006693337290295,0.0007363434492351,-0.0016972921202524915,0.001587146531445427,0.0023701770899471676,0.001587146531445427,0.0,0.001587146531445427,3.025900885306371e-06,0,0,11.484637968564801,2.4410103135340684,11.656126390601438,2.455831912228198,1.1197026560032026,0.11306316434800684,7.7420873915193,2.046671340068924,2.7079851010213187,0.9962048531963847,9.07336492993328,2.205343190907701
2025-06-30 11:00:00+00:00,107654.2,2458.52,2.1781,150.38,0.16477,0.9997,146939000.0,3360000.0,2975.0,205250.0,225.0,1365.5,1353.55,0.0083975892295335,0.0096973782317477,0.0091015002471424,0.0083673660799339,0.0088580720461735,0.0091313752221044,0.0088843811669062,0.0002469940551982,0.8397589229533597,0.9697378231747766,0.9101500247142402,0.8367366079933936,0.8858072046173504,0.91313752221045,0.8884381166906241,0.0246994055198257,17.11,616.22,97.015,3289.86,-0.014505621328102,0.0,-0.000659474299252,0.0006506952634577,-0.0002954755330817349,4.375215307028668e-05,0.002272353621916294,4.375215307028668e-05,0.0,4.375215307028668e-05,3.025900885306371e-06,0,0,10.03124816983792,2.3057050378842088,12.854756362878687,2.5537138878255825,1.5084120934123484,0.41105750374751043,23.31697313307917,3.1491815560201557,4.354969843616202,1.4713176857377135,24.930433820970062,3.2160892989472405
2025-06-30 12:00:00+00:00,107570.58,2460.03,2.1734,149.92,0.16405,0.9998,146978000.0,3362000.0,2974.0,204800.0,224.1,1367.0,1353.5,0.0094866106909465,0.0097155524220535,0.0109811109363442,0.0092810488953301,0.0092699940225184,0.0101761763508962,0.0097468633934385,0.0004293129574576,0.9486610690946584,0.9715552422053576,1.098111093634424,0.9281048895330102,0.9269994022518492,1.017617635089629,0.97468633934386,0.0429312957457694,17.11,616.515,96.924,3298.08,0.0,0.0004786105783178,-0.0009384394750764,0.0024954702883608,-3.694058108028031e-05,-0.0007770481094926396,0.0022202599668113554,0.0,-0.0007770481094926396,0.0007770481094926396,2.758156689130237e-06,0,0,17.69044142720295,2.8730244613483737,13.509064124523396,2.6033608767764407,1.9131282850132356,0.6487397478089036,9.653544207423128,2.2673251233024363,2.7005208465292156,0.9934446605282217,66.3713700159745,4.195265789041738
2025-07-01 09:00:00+00:00,106556.39,2456.86,2.2052,149.23,0.16132,0.9997,145509000.0,3353000.0,3010.0,204100.0,220.4,1365.5,1354.38,0.0082537022658419,0.0076567346036071,0.0078084138767791,0.0098255011935399,0.0087483674707511,0.0085129527399101,0.0084585438821038,5.4408857806276245e-05,0.8253702265841989,0.7656734603607163,0.7808413876779108,0.9825501193539976,0.8748367470751139,0.8512952739910151,0.8458543882103875,0.0054408857806276,16.84,617.03,96.705,3351.28,-0.0159060790899214,0.0008349918809962,-0.0022620588174664,0.0160018814428504,0.0006499549691856288,-0.0014416705804034535,0.0028893870432028603,0.0,-0.0014416705804034535,0.0014416705804034535,4.379317198435335e-06,0,0,11.26108462545893,2.4213529436017507,9.5603233539196,2.257621550123061,1.2554141396367233,0.22746550989085634,6.785907302398438,1.9148480061447235,6.446537514139064,1.8635431671551759,11.267952367046428,2.4219626227285165
2025-07-01 10:00:00+00:00,106490.42,2455.94,2.2034,148.96,0.16154,0.9997,145415000.0,3354000.0,3011.0,203500.0,220.7,1366.0,1356.84,0.0063986128757298,0.0065066937819497,0.0071375123041701,0.0068531003562932,0.0069168682900215,0.0070530961475878,0.0067625575216329,0.0002905386259549,0.6398612875729848,0.650669378194979,0.7137512304170146,0.6853100356293274,0.6916868290021583,0.7053096147587867,0.6762557521632928,0.0290538625954938,17.2,617.2898,96.888,3345.86,0.0211523750052267,0.0004209606033001,0.0018905647880567,-0.0016186017265003,0.00181468171161292,-0.0006193005387746808,0.0028597178957787076,0.0,-0.0006193005387746808,0.0006193005387746808,4.3952977466572766e-06,0,0,16.57671240423086,2.8079988432080105,35.87421648746754,3.5800188337706964,1.4805355190372884,0.3924038595160927,8.256442591672911,2.1109938157898367,3.5180515251083815,1.2579072923446624,22.403139231799447,3.1092010933184633
2025-07-01 11:00:00+00:00,106605.8,2449.06,2.202,148.84,0.16083,0.9997,145647000.0,3346000.0,3011.0,203450.0,219.8,1366.0,1358.3,0.0058309831521441,0.0058444196201614,0.0066946026926455,0.0063344313103965,0.0061550827661203,0.0059706419619327,0.0061719039082936,-0.0002012619463608,0.5830983152144142,0.5844419620161467,0.6694602692645546,0.6334431310396571,0.6155082766120312,0.5970641961932754,0.6171903908293608,-0.0201261946360853,16.8,617.3,96.929,3340.48,-0.0235304974101939,1.6523706903193158e-05,0.0004230795091402,-0.0016092514472934,0.00107545109329088,0.0010828912054385853,0.0028753590696331114,0.0010828912054385853,0.0,0.0010828912054385853,4.3952977466572766e-06,0,0,16.943852078405175,2.8299050587929204,23.568959594185337,3.1599305748700734,1.3102742708621595,0.27023648236918457,7.307483270620548,1.9888989286568934,5.468455661701066,1.6989962478149627,21.806724488362164,3.082218384999091
2025-07-01 12:00:00+00:00,106421.08,2437.35,2.1959,148.35,0.16004,0.9997,145618000.0,3336000.0,3006.0,203100.0,219.1,1367.0,1357.98,0.0076136126935621,0.0078937924592652,0.0080522509578393,0.008158924445428,0.0081391050048942,0.0069443018799393,0.0079715371121978,-0.0010272352322584,0.76136126935622,0.7893792459265248,0.8052250957839346,0.8158924445428095,0.8139105004894231,0.694430187993933,0.7971537112197825,-0.1027235232258495,16.78,618.07,96.839,3341.72,-0.0011911853701529,0.0012465902518501,-0.0009289460227908,0.0003711352591171,-0.00023561635875513076,-0.001734241672194159,0.002887317565996722,0.0,-0.001734241672194159,0.001734241672194159,4.495455680536806e-06,0,0,14.248334295910965,2.656640008367294,15.128893449643977,2.7166063889488155,1.9097303411258892,0.6469620494347266,11.014571014474292,2.399219033919357,3.228076415584732,1.1718864228613155,24.136682690830096,3.1837327866253737
2025-07-02 09:00:00+00:00,107636.16,2448.61,2.1852,148.64,0.16103,0.9998,147097000.0,3347000.0,2991.0,203200.0,220.1,1367.5,1360.01,0.0048552785467577,0.0050646350759264,0.0064289469784197,0.0051847826832844,0.0050117699549354,0.0057084541370593,0.0053090826478647,0.0003993714891945,0.4855278546757713,0.5064635075926471,0.6428946978419781,0.5184782683284483,0.5011769954935463,0.5708454137059338,0.5309082647864782,0.0399371489194555,17.02,618.65,97.098,3337.66,0.0142014221061677,0.0009379650082843,0.0026709720577038,-0.0012156818447284,0.0014937511745518606,-0.0008620708201778626,0.0032005809594925186,0.0,-0.0008620708201778626,0.0008620708201778626,4.932998212580962e-06,0,0,9.694973133061229,2.2716075174748114,17.30800802830372,2.851169286211833,2.081836581128215,0.7332504758192901,8.619636790964043,2.154042948168851,2.7387678911829116,1.0075081445152065,37.54997922255261,3.6256728248824968
2025-07-02 10:00:00+00:00,107848.95,2453.45,2.1872,149.47,0.16172,0.9996,147166000.0,3352000.0,2990.0,204100.0,220.9,1367.0,1359.86,0.0034537615752396,0.0046912014498035,0.0052833550973034,0.004141163764737,0.004471881533512,0.0056528016174628,0.0044082726841191,0.0012445289333436,0.3453761575239689,0.4691201449803506,0.5283355097303488,0.4141163764737054,0.4471881533512079,0.5652801617462844,0.4408272684119164,0.124452893334368,16.76,618.7601,96.953,3343.38,-0.0153940280912912,0.0001779523220157,-0.0014944527674352,0.0017123086817587,-0.00011029938942108686,0.0019749862917848304,0.003207751681509255,0.0019749862917848304,0.0,0.0019749862917848304,4.917017664359019e-06,0,0,11.321502583342532,2.4267038010106483,15.018732549385389,2.709298258580062,1.4966560771313815,0.40323333764769154,12.155862340047964,2.4978115505455385,2.2432247594899484,0.8079144553729819,27.974892585572388,3.331307414532794
2025-07-02 11:00:00+00:00,107479.99,2445.7,2.1767,148.62,0.16116,0.9997,146797000.0,3340000.0,2978.0,202950.0,220.2,1366.5,1357.02,0.0064757477308241,0.0063685005425173,0.0081841552725963,0.0062955455834567,0.0068709421797858,0.0072880819898797,0.0068389782618361,0.0004491037280436,0.6475747730824155,0.6368500542517364,0.8184155272596305,0.6295545583456796,0.6870942179785899,0.7288081989879736,0.6838978261836104,0.0449103728043631,16.76,619.14,96.872,3341.08,0.0,0.0006137813736772,-0.0008358055433026,-0.0006881633193298,-0.0020906341350457325,-0.0034269463369618336,0.0033044792714366543,0.0,-0.0034269463369618336,0.0034269463369618336,5.406349380876358e-06,0,0,12.405187719834863,2.5181147496237752,16.54658342545258,2.806179640961802,1.0634812100675437,0.0615476874884805,6.243157032638754,1.8314859891572677,1.8081582594401138,0.5923087910153753,32.45037961109233,3.479712141420421
2025-07-02 12:00:00+00:00,107379.92,2438.5,2.1753,147.69,0.1605,0.9998,146944000.0,3340000.0,2980.0,202050.0,219.7,1367.5,1356.41,0.0088760184391125,0.0097938560716357,0.0099645293238426,0.0085949315224915,0.0091693160806261,0.0083776695180233,0.0092797302875417,-0.0009020607695183,0.8876018439112565,0.9793856071635744,0.996452932384262,0.8594931522491578,0.91693160806261,0.8377669518023323,0.927973028754172,-0.0902060769518398,16.74,619.465,96.827,3348.66,-0.0011940299926078,0.0005247839423523,-0.0004646384422182,0.0022661578010207,-0.00044961543896526734,-0.0009314907302702125,0.0032865822188913154,0.0,-0.0009314907302702125,0.0009314907302702125,5.317186081001547e-06,0,0,8.236063310373822,2.1085224761653594,10.625310689261191,2.3632389557251905,0.930628799932794,-0.07189479234704849,4.858726966906219,1.580776462634077,1.8707739728463286,0.6263522344606129,9.373886547937126,2.237927796582931
2025-07-03 09:00:00+00:00,109942.2,2599.35,2.2921,155.68,0.1748,0.9997,149248000.0,3528000.0,3107.0,211250.0,237.3,1357.5,1364.05,-0.0047921179281816,-0.0049760694100602,-0.0062494038835764,-0.0052049747719039,-0.0047641307765935,-0.0045032277323679,-0.0051973393540631,0.0006941116216951,-0.4792117928181683,-0.4976069410060235,-0.6249403883576421,-0.5204974771903959,-0.4764130776593545,-0.4503227732367998,-0.5197339354063168,0.069411162169517,16.43,624.99,97.088,3332.6,-0.0186921330121521,0.0088794473103694,0.0026919027162204,-0.0048074856932487,0.005616711942246333,0.005148931602761309,0.003144008912697275,0.005148931602761309,0.0,0.005148931602761309,2.8297569885483702e-06,0,0,10.93431147398475,2.3919056868042867,12.413632463762587,2.518795260960829,2.0897136821150717,0.7370270623888416,11.489109012162878,2.44139954422058,3.891406989492298,1.3587707861917528,6.634461493381329,1.8922775029804242
2025-07-03 10:00:00+00:00,109839.37,2598.21,2.2997,154.85,0.17405,0.9996,149100000.0,3526000.0,3121.0,210250.0,236.0,1358.0,1363.85,-0.0047022961809062,-0.0049579138843441,-0.0049246330921424,-0.004461209375551,-0.0058054746564281,-0.0038908843590228,-0.0049703054378744,0.0010794210788515,-0.4702296180906229,-0.4957913884344189,-0.4924633092142416,-0.4461209375551056,-0.5805474656428111,-0.389088435902285,-0.49703054378744,0.107942107885155,16.41,625.39,97.059,3324.55,-0.0012180269471775,0.0006398055209535,-0.0002987427074918,-0.0024184535194926,-0.00014663294135353055,-0.0009357473195166222,0.0031561816113956655,0.0,-0.0009357473195166222,0.0009357473195166222,2.8662412821309757e-06,0,0,7.942789152654038,2.07226449224693,11.457342145311522,2.4386307598950627,1.535921426092313,0.42913047852920755,7.089897589798857,1.958670896123617,4.6521646344948655,1.537332624076393,22.548516813128852,3.1156692905318226
2025-07-03 11:00:00+00:00,109599.19,2597.59,2.296,154.53,0.17367,0.9997,148801000.0,3523000.0,3113.0,209550.0,235.5,1357.5,1364.91,-0.005294567672444,-0.0063395051344685,-0.0066478837917534,-0.0064931977618841,-0.0065132221149311,-0.0051304685205153,-0.0062576752950962,0.0011272067745809,-0.5294567672444073,-0.633950513446857,-0.6647883791753406,-0.6493197761884173,-0.6513222114931105,-0.5130468520515352,-0.6257675295096266,0.1127206774580913,16.46,625.735,97.195,3328.17,0.0030422901469244,0.0005515036606968,0.0014002287955001,0.0010882767822106,0.0007769096976772971,-0.0021890418521710586,0.003094256135326107,0.0,-0.0021890418521710586,0.0021890418521710586,2.5765722418868245e-06,0,0,6.633611770217006,1.892149417590993,12.799422901290482,2.5494000840724933,1.5113909593329267,0.41303039193575647,6.846450047873515,1.9237302767544087,5.51991562341565,1.708362574559071,8.511254672474093,2.141389366791137
2025-07-03 12:00:00+00:00,109167.99,2589.07,2.2825,153.13,0.17197,0.9997,148515000.0,3520000.0,3103.0,208400.0,234.0,1360.5,1364.54,-0.0030147472279383,-0.0036484519303959,-0.0037124154080643,-0.0026418037302997,-0.0028123410809408,-0.0026615031572951,-0.0031659518755278,0.0005044487182326,-0.3014747227938374,-0.3648451930395979,-0.3712415408064329,-0.2641803730299763,-0.2812341080940861,-0.2661503157295186,-0.3165951875527861,0.0504448718232675,16.4,625.34,97.105,3333.95,-0.0036518604187709,-0.0006314569680077,-0.0009264025366606,0.0017351838304424,-0.0002711168933418051,-0.003942095504527288,0.0032262850371913665,0.0,-0.003942095504527288,0.003942095504527288,3.1879239913132797e-06,0,0,9.632646035342393,2.265157958092835,16.2559776220049,2.788460694796016,1.506513389476112,0.40979796735231505,11.204339730495844,2.4163011791887627,6.921319082559274,1.9346063703310574,6.84771846099793,1.9239155254063762
2025-07-07 09:00:00+00:00,108849.06,2572.27,2.2808,152.17,0.17125,0.9999,148372000.0,3508000.0,3107.0,207400.0,233.4,1363.0,1367.3,-0.0030727798716346,-0.0025773682289684,-0.0036997595001123,-0.0031819403328835,-0.0032036070875469,-0.0030451885969698,-0.0031470910042292,0.0001019024072593,-0.3072779871634679,-0.2577368228968479,-0.3699759500112365,-0.3181940332883548,-0.3203607087546967,-0.3045188596969894,-0.3147091004229208,0.0101902407259313,17.69,623.04,97.322,3316.89,0.0757181733415413,-0.003684779638208,0.0022322011871205,-0.0051301902967502,0.002020616828998456,-0.001493064012201728,0.0022962594650757936,0.0,-0.001493064012201728,0.001493064012201728,1.9272473584999028e-06,0,0,14.602258356256863,2.6811761986876754,14.279414735914784,2.658818971191618,1.3243754704727004,0.2809410052816662,8.084993795952041,2.090009725675905,1.7202997170752556,0.5424985297583979,27.661368653219842,3.320036806329149
2025-07-07 10:00:00+00:00,108664.14,2558.66,2.2851,152.26,0.17126,0.9999,148183000.0,3489000.0,3115.0,207450.0,233.4,1362.5,1367.24,-0.0026045559734567,-0.0026590893543574,-0.0029703239247698,-0.0034872537233914,-0.0032180698896886,-0.0033671750194825,-0.0029878585731328,-0.0003793164463497,-0.2604555973456768,-0.2659089354357435,-0.2970323924769813,-0.3487253723391426,-0.3218069889688646,-0.3367175019482582,-0.2987858573132818,-0.0379316446349764,17.73,622.04,97.314,3318.05,0.0022586119144225,-0.0016063228306979,-8.220473092812597e-05,0.0003496640547826,-4.38830662634615e-05,-0.0017003110114810482,0.00232560327943705,0.0,-0.0017003110114810482,0.0017003110114810482,2.0477080891567234e-06,0,0,31.28154340782597,3.4430282561422656,8.528772303270811,2.1434454242132035,1.0180844612308104,0.017922882496918945,5.403948943738825,1.6871299721885589,3.79690998728529,1.3341875746966867,49.3084875620047,3.8980962277316635
2025-07-07 11:00:00+00:00,108642.01,2562.99,2.2829,152.78,0.17094,1.0,148200000.0,3495000.0,3112.0,208050.0,233.0,1363.0,1369.79,-0.004144284322787,-0.0044885098250514,-0.004826715466221,-0.0058607445415798,-0.0049194671801057,-0.0049569642061921,-0.004847944267149,-0.0001090199390431,-0.4144284322787017,-0.4488509825051445,-0.4826715466221043,-0.586074454157981,-0.4919467180105719,-0.4956964206192182,-0.4847944267149007,-0.0109019939043175,17.65,620.58,97.394,3320.89,-0.004522336706811,-0.0023498747353691,0.0008217433747121,0.000855558319019,0.0018633341525688962,-0.00020367578254543162,0.002324609101924273,0.0,-0.00020367578254543162,0.00020367578254543162,2.049436581839869e-06,0,0,16.651570814886924,2.8125045552128616,7.651854222574369,2.0349480005045297,1.5026066446876452,0.40720136306988935,7.522599682397065,2.017911780666844,2.4418538504102165,0.8927575255806663,17.24167393152577,2.847329356318214
2025-07-07 12:00:00+00:00,108346.85,2548.92,2.2756,151.69,0.16952,1.0,147892000.0,3478000.0,3105.0,206900.0,231.1,1364.0,1378.35,-0.0096952045946305,-0.0100486274987128,-0.0100661637343677,-0.0104356779806845,-0.0109471671515379,-0.0104109986578154,-0.0102385681919867,-0.0001724304658287,-0.969520459463058,-1.0048627498712823,-1.006616373436775,-1.0435677980684566,-1.0947167151537984,-1.0410998657815471,-1.023856819198674,-0.0172430465828732,18.05,620.165,97.63,3327.62,0.0224099013995844,-0.0006689529524219,0.0024202161292601,0.0020245144547175,0.006229688213662321,-0.002720510002625076,0.002383574435632149,0.0,-0.002720510002625076,0.002720510002625076,2.3578188599391647e-06,0,0,16.837310933408602,2.8235973127741714,10.09956166276402,2.3124920231790838,1.0922781278841056,0.08826554075779348,7.738276824030816,2.0461790302611718,2.519778469325306,0.9241709886612149,50.78401043203014,3.927581549763601
2025-07-08 09:00:00+00:00,108469.99,2552.01,2.2822,150.21,0.16875,1.0,148155000.0,3489000.0,3122.0,205250.0,230.8,1366.0,1372.04,-0.0045030360237905,-0.0035584587886963,-0.002960360787678,-0.0040958391515244,-0.0031604736715374,-0.0044022040173755,-0.0036556336846453,-0.0007465703327302,-0.4503036023790541,-0.3558458788696317,-0.2960360787678029,-0.4095839151524449,-0.3160473671537489,-0.4402204017375566,-0.3655633684645365,-0.07465703327302,17.0,620.02,97.749,3315.19,-0.0599323407226739,-0.0002338360819722,0.001218145396538,-0.0037423965181595,-0.004588448235208098,0.0019160043576214036,0.0020351087235364602,0.0019160043576214036,0.0,0.0019160043576214036,2.7594048373327788e-06,0,0,8.093102685957824,2.0910121786769627,17.225239786300914,2.8463757376330703,2.0338372619516454,0.7099242855521569,14.185805336213805,2.6522418404394315,2.513678493136438,0.921747215409296,35.94918508363165,3.582106415860942
2025-07-08 10:00:00+00:00,108832.77,2565.97,2.2931,151.13,0.16962,0.9999,148440000.0,3500000.0,3131.0,206300.0,231.5,1365.0,1372.76,-0.0064341710326586,-0.0063765013566888,-0.0053610613111464,-0.0056164537204825,-0.0057872680775695,-0.0055534007026973,-0.0059150910997092,0.0003616903970118,-0.6434171032658642,-0.637650135668888,-0.5361061311146442,-0.5616453720482584,-0.5787268077569574,-0.5553400702697386,-0.5915091099709224,0.0361690397011837,16.82,620.0,97.672,3296.74,-0.0106446895114142,-3.225754423574756e-05,-0.0007880422675636,-0.0055808358184457,0.0005246284002584645,0.0033389390639868566,0.0021256479452798796,0.0033389390639868566,0.0,0.0033389390639868566,2.6389441066759577e-06,0,0,7.326498635778139,1.9914977258921636,9.9217682151839,2.2947311529109604,1.9895882810373227,0.6879277233798009,19.340474136567483,2.9622000055761126,2.5252363430336704,0.9263346595484576,22.294643042901615,3.104346427316669
2025-07-08 11:00:00+00:00,108756.37,2575.15,2.2934,151.31,0.17095,1.0,148256000.0,3512000.0,3127.0,206350.0,233.1,1365.5,1372.72,-0.0069397149176203,-0.006495097143263,-0.0067327598652776,-0.006529717395638,-0.0066753631507088,-0.0052596305145987,-0.0066745304945015,0.0014148999799028,-0.6939714917620354,-0.6495097143263018,-0.673275986527766,-0.6529717395638013,-0.6675363150708824,-0.5259630514598768,-0.6674530494501574,0.1414899979902806,16.71,621.9,97.61,3298.39,-0.0065613119374994,0.0030598300707058,-0.0006349791796802,0.0005003692222658,-2.9138802688954968e-05,-0.0007022409587147393,0.0021308137616454946,0.0,-0.0007022409587147393,0.0007022409587147393,2.657763212496837e-06,0,0,10.167684466274391,2.319214501371266,7.406168838877006,2.002313279811496,1.5237734271296692,0.42118977634957333,20.593759044440613,3.024988070886447,4.763943821247913,1.5610758590742186,9.565198535351923,2.2581313591171517
2025-07-08 12:00:00+00:00,108949.19,2583.07,2.2986,152.41,0.17175,0.9999,148488000.0,3521000.0,3136.0,207800.0,234.3,1364.5,1371.88,-0.0065380749538057,-0.0063950995162944,-0.0055189159041959,-0.0061611827460161,-0.0056038868283004,-0.0052800072554709,-0.0060434319897225,0.0007634247342516,-0.6538074953805761,-0.6395099516294467,-0.5518915904195953,-0.616118274601618,-0.5603886828300486,-0.5280007255470953,-0.604343198972257,0.0763424734251616,16.81,620.85,97.571,3300.71,0.0059666048132216,-0.0016898012469921,-0.0003996290675738,0.0007031262128425,-0.0006121110735461954,0.0017713837939581367,0.0020739642994855685,0.0017713837939581367,0.0,0.0017713837939581367,2.3493809343975413e-06,0,0,9.977945439154986,2.3003772013095425,10.432941594707899,2.344968261339989,2.2006379058216163,0.7887472755264517,11.317151337808626,2.426319392502736,2.573170970906526,0.9451389791707433,23.890038662393597,3.173461579686915
2025-07-09 09:00:00+00:00,108763.37,2611.16,2.3372,152.87,0.17169,0.9999,148401000.0,3567000.0,3189.0,208550.0,234.4,1365.0,1375.33,-0.0079187184512472,-0.0067405429255679,-0.0079085078828354,-0.008070029747925,-0.0073281866442141,-0.0074116658173927,-0.0075931971303579,0.0001815313129652,-0.7918718451247253,-0.6740542925567916,-0.790850788283548,-0.8070029747925034,-0.7328186644214196,-0.7411665817392721,-0.7593197130357976,0.0181531312965254,16.09,623.335,97.507,3300.26,-0.0437759864162323,0.0039945881108884,-0.0006561478208322,-0.0001363435981982,0.0025116404014591254,0.0010046108902521667,0.002299529470525725,0.0010046108902521667,0.0,0.0010046108902521667,2.6116045038940704e-06,0,0,15.836232113575905,2.7623004864726566,9.685809637763922,2.2706618904494733,1.2398729128914197,0.21500888476083335,11.143104834280662,2.4108209061047194,3.758809541675705,1.3241022960134161,26.848200388716442,3.2901987940798127
2025-07-09 10:00:00+00:00,108900.0,2618.08,2.3574,153.16,0.17251,0.9999,148457000.0,3572000.0,3214.0,208850.0,235.1,1365.0,1374.17,-0.0079527962560828,-0.0071398633749115,-0.0078618943559382,-0.0076870504968442,-0.0082598610849129,-0.0065737764240486,-0.0077802931137379,0.0012065166896892,-0.7952796256082806,-0.713986337491157,-0.7861894355938204,-0.7687050496844261,-0.8259861084912945,-0.6573776424048661,-0.7780293113737957,0.1206516689689296,16.46,622.13,97.619,3312.39,0.022735234244632,-0.0019350208572559,0.0011479763055657,0.0036687299661686,-0.0008437898300233115,0.0012554249981988619,0.0022100157324185417,0.0012554249981988619,0.0,0.0012554249981988619,2.6116045038940704e-06,0,0,6.363654359156427,1.8506027971144285,10.336954052794995,2.3357252466499907,1.148140592611945,0.13814375783085878,14.94986806603854,2.7047024747836104,4.365247840339639,1.4736749666807618,9.030721045123782,2.2006322141993926
2025-07-09 11:00:00+00:00,109058.27,2626.43,2.3815,153.73,0.17329,0.9998,148610000.0,3578000.0,3244.0,209550.0,236.3,1364.5,1375.32,-0.0092007448052423,-0.0094628981504671,-0.0095638093980902,-0.0088821920509847,-0.00851428518268,-0.0076687937418795,-0.0091247859174929,0.0014559921756133,-0.9200744805242356,-0.9462898150467192,-0.9563809398090206,-0.8882192050984727,-0.8514285182680048,-0.7668793741879565,-0.9124785917492906,0.1455992175613341,16.14,621.82,97.633,3309.64,-0.0196325324071211,-0.0004984123259248,0.0001434044211992,-0.0008305610690637,0.0008365188213526054,0.0014522966053842623,0.002222881279963869,0.0014522966053842623,0.0,0.0014522966053842623,2.5910569053900454e-06,0,0,11.263135290802337,2.421535028962016,8.960728632239855,2.192851544242985,1.3882949558088595,0.32807634369385397,6.31067551991973,1.8422427262778864,2.473152990617794,0.9054938510082051,10.018087095724077,2.304392168820979
2025-07-09 12:00:00+00:00,109330.77,2660.01,2.3841,154.06,0.17374,0.9998,148734000.0,3618000.0,3243.0,209600.0,236.3,1362.0,1375.23,-0.0107808540727109,-0.0109688833054875,-0.0108841910170166,-0.0107044693329614,-0.0110175913218173,-0.009422093401905,-0.0108711978099987,0.0014491044080937,-1.07808540727109,-1.096888330548751,-1.0884191017016651,-1.070446933296143,-1.1017591321817344,-0.942209340190503,-1.0871197809998767,0.1449104408093737,16.02,622.32,97.571,3311.91,-0.0074627212015894,0.0008037681079597,-0.0006352329059327,0.0006856400960266,-6.544145718567762e-05,0.0024955477749433186,0.002251071705322981,0.0024955477749433186,0.0,0.0024955477749433186,2.5910569053900454e-06,0,0,6.099626707420059,1.8082275738018359,9.275957796707068,2.22742586965321,1.2218490787413567,0.20036534963724206,8.584510397631014,2.1499594627442526,3.017704699517128,1.1044965091425885,10.238097421508918,2.3261158036678786
2025-07-10 09:00:00+00:00,111041.36,2778.23,2.4441,158.06,0.18129,0.9998,151199000.0,3782000.0,3329.0,215300.0,246.8,1361.0,1374.46,-0.0093230892429784,-0.0095758475156537,-0.009024953527423,-0.0089628223961086,-0.009534846043794,-0.0095948558336437,-0.0092843117451915,-0.0003105440884521,-0.9323089242978422,-0.9575847515653768,-0.9024953527423052,-0.8962822396108683,-0.9534846043794064,-0.9594855833643724,-0.9284311745191598,-0.0310544088452125,15.99,623.75,97.901,3312.83,-0.0018744147943503,0.0022952171672097,0.003376445869593,0.0002777467510934,-0.0005600631490292329,-0.0017273226000753539,0.004958061439855431,0.0,-0.0017273226000753539,0.0017273226000753539,4.784728321629553e-06,0,0,5.906110638334193,1.7759875163555778,5.916013321621068,1.7776627966413305,1.2454703158998555,0.21951322235688497,3.6576848242243005,1.2968303855743712,2.903720539854754,1.0659928594994885,13.780041226595397,2.623221257351385
2025-07-10 10:00:00+00:00,111088.51,2784.93,2.442,157.93,0.18129,0.9997,151108000.0,3791000.0,3322.0,214950.0,246.7,1360.0,1373.72,-0.0098064465934368,-0.0090738720251106,-0.0097251547911071,-0.0092260190922326,-0.0094028382045393,-0.0096903863693249,-0.0094468661412853,-0.0002435202280396,-0.980644659343688,-0.9073872025110674,-0.9725154791107138,-0.922601909223264,-0.9402838204539354,-0.9690386369324956,-0.9446866141285336,-0.0243520228039617,15.87,625.51,97.738,3314.96,-0.0075329923075453,0.002817669923675,-0.0016663348076448,0.0006427482081736,-0.000538538245591802,0.00042452643319101924,0.0049581079728490685,0.00042452643319101924,0.0,0.00042452643319101924,4.784728321629553e-06,0,0,8.094279124539435,2.091157531223465,8.279274489577944,2.1137553425264843,1.0109292512818564,0.010869958639996494,3.9827556621474365,1.3819739571376581,2.4175565030111184,0.882757320569023,11.281954415348418,2.423204494833502
2025-07-10 11:00:00+00:00,111019.99,2778.69,2.4525,157.65,0.18064,0.9996,151096000.0,3782000.0,3335.0,214550.0,245.8,1360.5,1373.56,-0.0091585906755521,-0.0090909580804308,-0.0099908987439174,-0.0091979220966245,-0.0093498288607897,-0.0091117841469561,-0.0093576396914629,0.0002458555445068,-0.9158590675552136,-0.9090958080430812,-0.9990898743917452,-0.9197922096624512,-0.9349828860789722,-0.9111784146956126,-0.9357639691462926,0.02458555445068,15.88,625.57,97.699,3319.75,0.0006299212806721,9.591712767509364e-05,-0.0003991055994276,0.0014439216882813,-0.00011647884466192693,-0.0006169957671477988,0.004964786439941511,0.0,-0.0006169957671477988,0.0006169957671477988,4.8005901456578155e-06,0,0,11.675476001401545,2.4574905737218375,9.124208949143428,2.2109312052058865,1.7332712665653243,0.5500105285273847,5.2793971815315555,1.6638119210357827,1.5418123407311939,0.4329585691173573,18.178848557316723,2.9002587510623954
2025-07-10 12:00:00+00:00,110869.0,2778.74,2.4439,157.47,0.18014,0.9997,150724000.0,3777000.0,3323.0,213900.0,245.1,1359.5,1373.51,-0.0102159407483582,-0.0103827739933965,-0.0100458417920107,-0.0110345230939868,-0.0093931491749634,-0.0099031150907401,-0.0102144457605432,0.000311330669803,-1.02159407483583,-1.03827739933966,-1.0045841792010737,-1.1034523093986892,-0.9393149174963478,-0.9903115090740156,-1.02144457605432,0.0311330669803044,15.76,626.09,97.712,3315.13,-0.0075853713892568,0.0008308966171597,0.000133052898958,-0.0013926403331154,-3.640242149316464e-05,-0.001360951017039369,0.004968000185037138,0.0,-0.001360951017039369,0.001360951017039369,4.877764631940336e-06,0,0,5.972186524034795,1.7871131122827701,9.531877690993841,2.254641727743539,1.2949986681486836,0.2585096666943572,4.722761449979204,1.5523936814823986,1.9707070728222578,0.6783923985677894,11.122378002805137,2.408959115133085
2025-07-11 09:00:00+00:00,118470.34,3014.99,2.6132,164.81,0.19887,0.9997,160240000.0,4077000.0,3535.0,223000.0,268.8,1354.0,1376.55,-0.0174168536398696,-0.0176577014837643,-0.0172913521755748,-0.0170547848989579,-0.0180983272499536,-0.0160863594518404,-0.017503803889624,0.0014174444377836,-1.7416853639869667,-1.7657701483764332,-1.729135217557487,-1.705478489895795,-1.809832724995364,-1.6086359451840448,-1.7503803889624092,0.1417444437783643,16.56,624.02,97.908,3352.44,0.0495150645273807,-0.0033117115963907,0.0020038857538846,0.0111916003666348,0.0022108617544862597,0.004276698092576581,0.006363088993052972,0.004276698092576581,0.0,0.004276698092576581,1.8934467545767883e-06,0,0,8.769678222242593,2.1713001149746636,13.973571613868415,2.637167803718494,1.3611786391145166,0.30835097083452695,4.2138979186318535,1.4383880907487288,2.746833244439197,1.0104487006615812,5.39818931708992,1.6860635856906927
2025-07-11 10:00:00+00:00,117983.78,3002.99,2.6472,164.79,0.19939,0.9996,159843000.0,4067000.0,3586.0,223400.0,269.9,1355.0,1375.75,-0.0152368374718495,-0.0155792373672382,-0.0153451835689283,-0.0145994653937444,-0.0160795441542825,-0.0146885575963986,-0.0153680535912086,0.0006794959948099,-1.5236837471849562,-1.5579237367238208,-1.5345183568928331,-1.459946539374446,-1.6079544154282588,-1.4688557596398644,-1.536805359120863,0.0679495994809986,16.61,623.35,97.825,3361.26,0.0030147746680899,-0.0010742603468631,-0.0008480941381874,0.0026274647583672,-0.0005813319932634897,-0.004115476497045023,0.00649964441242787,0.0,-0.004115476497045023,0.004115476497045023,2.599161204482204e-06,0,0,12.66964431882355,2.5392089212336786,18.273563351103814,2.9054553897469972,1.2784487805620048,0.24564745281284883,4.478486233562242,1.4992850950336116,3.253128833253797,1.1796172511501999,6.564918517944843,1.8817400960927912
2025-07-11 11:00:00+00:00,117821.91,2984.0,2.6287,163.87,0.19901,0.9997,159923000.0,4051000.0,3568.0,222550.0,269.8,1357.5,1375.69,-0.0133473447247924,-0.0131688632311385,-0.0133497274419963,-0.0127945039431515,-0.0145230623882557,-0.0129263335405044,-0.0134367003458669,0.0005103668053624,-1.3347344724792487,-1.3168863231138528,-1.3349727441996362,-1.2794503943151514,-1.4523062388255736,-1.292633354050443,-1.3436700345866923,0.0510366805362493,16.49,623.9348,97.838,3358.95,-0.0072507870536959,0.0009377169397906,0.0001328815363059,-0.000687478543373,-4.361352601556234e-05,-0.0013729102586577113,0.0065172596806933715,0.0,-0.0013729102586577113,0.0013729102586577113,2.6618361545509244e-06,0,0,9.636794860305141,2.2655885699667677,14.53166550228417,2.6763300960844147,1.2980795105222809,0.2608858725863088,4.830145997813848,1.5748766944982977,3.4608123184602952,1.2415033356359741,28.099751491905327,3.3357607325961576
2025-07-11 12:00:00+00:00,117878.11,2986.39,2.6952,165.25,0.20058,0.9997,159731000.0,4048000.0,3645.0,224000.0,271.6,1354.5,1377.16,-0.0160531344004368,-0.015740577314647,-0.0179759256256638,-0.0157120912167727,-0.016764074068729,-0.0161589997229208,-0.0164491605252499,0.000290160802329,-1.6053134400436877,-1.5740577314647064,-1.7975925625663858,-1.571209121677275,-1.676407406872904,-1.6158999722920897,-1.6449160525249915,0.029016080232902,16.2,624.43,97.831,3353.79,-0.0177428943331694,0.0007933578806031,-7.154940233711216e-05,-0.0015373755027958,0.0010679841907279553,0.0004768773550800631,0.006480891440001629,0.0004768773550800631,0.0,0.0004768773550800631,2.5846616682684034e-06,0,0,9.90679224453738,2.2932206071984207,12.84806659736896,2.5531933406723666,1.1473150666641792,0.13742448801615315,3.8803578282098883,1.3559273731482673,3.203711026906321,1.1643098337860442,4.8675746691274195,1.582595798491172
2025-07-14 09:00:00+00:00,121973.74,3044.71,2.9831,167.38,0.20754,0.9997,165489000.0,4132000.0,4053.0,227300.0,281.5,1358.0,1381.07,-0.0176028369432221,-0.0173503863656532,-0.0162310748511916,-0.0167132642342977,-0.0178882764342491,-0.0164093621201842,-0.0171571677657228,0.0007478056455385,-1.7602836943222178,-1.7350386365653223,-1.6231074851191685,-1.671326423429775,-1.7888276434249173,-1.640936212018429,-1.7157167765722805,0.0747805645538512,17.24,622.67,97.904,3355.25,0.0622210229972086,-0.0028225501859715,0.0007459064897394,0.0004352336617596,0.0028351534274362322,-0.00494178638624021,0.003522050863593256,0.0,-0.00494178638624021,0.00494178638624021,2.0914322753304537e-06,0,0,5.463429845980387,1.698076769455766,14.663207017333304,2.685341432243046,1.4763036453833027,0.3895414268248577,5.452772568037052,1.6961242073970861,3.049438716218938,1.1149575462149872,35.030427642374676,3.5562170450245367
2025-07-14 10:00:00+00:00,121905.48,3066.78,3.0095,167.58,0.20674,0.9999,165370000.0,4157000.0,4075.0,227400.0,280.4,1356.0,1382.73,-0.0189387730322437,-0.0196977110931572,-0.0207448145971771,-0.0186342683193063,-0.0191194750126497,-0.0192332461425179,-0.0194270084109068,0.0001937622683888,-1.8938773032243783,-1.969771109315721,-2.074481459717714,-1.8634268319306369,-1.9119475012649767,-1.923324614251798,-1.9427008410906847,0.0193762268388873,17.2,624.15,97.949,3343.28,-0.0023228814161395,0.0023740406716532,0.0004595283277959,-0.0035739222608484,0.0012012448075937598,-0.0005597853050591794,0.003535358235052931,0.0,-0.0005597853050591794,0.0005597853050591794,2.104488924820462e-06,0,0,6.434992715117124,1.861750708975518,11.00783716735412,2.3986074888717455,1.1087870016191492,0.10326662645833498,5.691819398846902,1.739029950779556,2.3496502750546955,0.8542664979557413,20.824366162828085,3.0361237512309156
2025-07-14 11:00:00+00:00,121467.24,3051.72,2.9772,166.53,0.20565,0.9998,164587000.0,4136000.0,4037.0,225750.0,278.9,1356.5,1382.71,-0.0200469656782341,-0.0198224698419121,-0.0193373489168455,-0.0195980346470042,-0.0191813919445353,-0.0187592812152553,-0.0195972422057063,0.0008379609904509,-2.0046965678234163,-1.982246984191216,-1.9337348916845576,-1.959803464700427,-1.9181391944535384,-1.8759281215255383,-1.9597242205706311,0.0837960990450924,17.12,623.88,98.109,3345.12,-0.0046620131058112,-0.000432681913435,0.001632170434461,0.0005502063412521,-1.4464244388889824e-05,-0.0036013935634660044,0.003668728361655406,0.0,-0.0036013935634660044,0.0036013935634660044,2.644907074777727e-06,0,0,4.448753759689458,1.4926240029533346,9.497006073217733,2.2509765987486317,1.133216044339541,0.12505964730987623,5.43587968601166,1.693021363227859,2.169631731303428,0.774557444073392,23.631059954948064,3.162561946517307
2025-07-14 12:00:00+00:00,121918.0,3050.94,2.9614,166.93,0.20575,0.9997,165682000.0,4149000.0,4028.0,226900.0,279.6,1359.5,1382.96,-0.0173522145201775,-0.0166680529916986,-0.0164809623198756,-0.0171426641134636,-0.0173752377575883,-0.0166686148610823,-0.0170038263405607,0.0003352114794783,-1.7352214520177545,-1.66680529916986,-1.6480962319875614,-1.7142664113463657,-1.737523775758831,-1.6668614861082398,-1.7003826340560746,0.0335211479478347,16.97,624.73,98.105,3347.95,-0.0088002914674611,0.0013615142138938,-4.077181037587252e-05,0.0008456508504028,0.00018078801930965227,0.003704090809941718,0.0036857092961662514,0.003704090809941718,0.0,0.003704090809941718,2.644907074777727e-06,0,0,8.823854131582817,2.177458750942264,16.303898371091346,2.791404243088232,1.5210593084356907,0.41940700557131244,6.5725302082261265,1.8828988737659398,2.3457387819213813,0.8526003978772715,29.43803767505237,3.382287636579766
2025-07-15 09:00:00+00:00,116779.99,2972.88,2.88,159.09,0.19096,1.0,159460000.0,4062000.0,3929.0,217300.0,260.9,1365.5,1383.13,-0.0127654978803604,-0.0121305875391826,-0.0136602408225466,-0.0124619382187218,-0.0122007959997205,-0.0127464518881089,-0.0126438120921064,-0.0001026397960025,-1.276549788036041,-1.2130587539182611,-1.3660240822546688,-1.246193821872188,-1.220079599972057,-1.2746451888108967,-1.2643812092106432,-0.0102639796002534,16.82,625.4,98.496,3347.49,-0.0088784247013329,0.0010718886262219,0.0039776045443487,-0.0001374069518131,0.00012291718650736527,2.1579272186045273e-05,0.0037462638619664497,2.1579272186045273e-05,0.0,2.1579272186045273e-05,1.4987551923632447e-05,0,0,9.628466092931488,2.264723928899849,12.059180450046158,2.4898262329406817,1.3895025114298019,0.3289457776329742,4.665941093095407,1.5402895488078885,2.602986649873411,0.9566594972529878,33.80855128807297,3.520713767179257
2025-07-15 10:00:00+00:00,117016.48,2974.31,2.9146,159.55,0.19218,1.0,159867000.0,4061000.0,3978.0,218000.0,262.6,1365.5,1385.45,-0.0139000463432965,-0.0145016505586101,-0.0148667869709629,-0.013791303016818,-0.0137303347415392,-0.0143996535421704,-0.0141580243262454,-0.000241629215925,-1.3900046343296557,-1.450165055861019,-1.4866786970962995,-1.379130301681808,-1.3730334741539283,-1.4399653542170432,-1.4158024326245422,-0.024162921592501,17.12,625.12,98.574,3348.24,0.0176787161687941,-0.0004478137169803,0.0007915969358407,0.0002240233710537,0.0016759497959508707,0.0020230423552316523,0.003820200834602116,0.0020230423552316523,0.0,0.0020230423552316523,1.4974495274142439e-05,0,0,12.536017984881958,2.52860593971143,9.806847848663947,2.283080901725127,1.2059467906179855,0.18726497678271956,5.5310857268907405,1.7103841302398763,4.989386032555445,1.6073128626253916,43.84193572346716,3.7805907959411558
2025-07-15 11:00:00+00:00,117113.98,2981.11,2.9049,159.86,0.192,1.0001,160166000.0,4075000.0,3969.0,218550.0,262.7,1367.0,1385.66,-0.0130278252068547,-0.0135094452984368,-0.0139629538562879,-0.0133699882913044,-0.0125794446930223,-0.0135651504202812,-0.0132899314691812,-0.0002752189511,-1.3027825206854748,-1.3509445298436895,-1.3962953856287983,-1.3369988291304424,-1.25794446930223,-1.356515042028128,-1.328993146918127,-0.0275218951100008,17.08,624.26,98.631,3328.92,-0.0023391823531722,-0.0013766830521166,0.00057807866522,-0.0057869075823049,0.00015156381406811192,0.0008328690392183091,0.003831731510007272,0.0008328690392183091,0.0,0.0008328690392183091,1.4434077124185174e-05,0,0,7.230123176951361,1.9782560729482799,11.685246749222992,2.458327084517801,1.117736997475855,0.11130610329833797,12.07517074154098,2.4911513395248757,1.8642032324128128,0.6228337405844168,25.750374639236874,3.2484491761004857
2025-07-15 12:00:00+00:00,117204.18,3000.29,2.8965,159.92,0.19274,1.0001,160504000.0,4106000.0,3963.0,219000.0,263.8,1369.0,1387.45,-0.0129812152989041,-0.0136333741681389,-0.0138722089984758,-0.0129844553975426,-0.0135261089293116,-0.013396436852765,-0.0133994725584746,3.035705709608996e-06,-1.298121529890417,-1.3633374168138923,-1.3872208998475857,-1.2984455397542671,-1.3526108929311609,-1.3396436852765037,-1.3399472558474643,0.0003035705709608,17.1,623.85,98.696,3329.42,0.0011702751481905,-0.0006569933976132,0.0006588049516889,0.000150187584575,0.0012909695241818397,0.0007698934171855853,0.003702404856480452,0.0007698934171855853,0.0,0.0007698934171855853,1.4434077124185174e-05,0,0,8.996636363847768,2.196850770128762,11.03496456362666,2.401068828432738,0.9610909049551634,-0.03968628035950628,6.473190053119327,1.8676690400344556,1.8694462391572302,0.6256422582187813,8.725710440525669,2.1662738906218006
2025-07-16 09:00:00+00:00,119193.37,3162.24,2.952,167.28,0.20149,0.9998,162600000.0,4318000.0,4030.0,228300.0,274.9,1366.5,1394.0,-0.0213989699020948,-0.0204535469762711,-0.0206770790806902,-0.0209629710441758,-0.0212799863399312,-0.019531309418268,-0.0209545106686326,0.0014232012503645,-2.139896990209489,-2.045354697627111,-2.0677079080690275,-2.096297104417588,-2.1279986339931223,-1.9531309418268084,-2.0954510668632675,0.1423201250364592,17.22,622.4909,98.845,3326.73,0.0069930354909701,-0.0021809450989138,0.0015085478787364,-0.000808275097901,0.004709782385229566,0.004147914909365724,0.005300567940052409,0.004147914909365724,0.0,0.004147914909365724,1.5728338341742826e-05,0,0,6.437803551501172,1.862187418509407,8.447140999640135,2.1338280408802413,0.8869976218201341,-0.11991297782594432,7.11310616435618,1.9619390210380245,1.9651390755410236,0.6755630191734514,83.4328657620722,4.424042305623738
2025-07-16 10:00:00+00:00,118736.25,3144.08,2.9441,166.02,0.20093,0.9998,162163000.0,4297000.0,4024.0,226800.0,274.7,1367.0,1393.6,-0.0199904589834736,-0.0193057520585548,-0.0192297650624372,-0.0197327283130648,-0.0189847976141709,-0.0188910342344013,-0.0194487004063403,0.0005576661719389,-1.9990458983473625,-1.9305752058554893,-1.9229765062437232,-1.973272831306483,-1.8984797614170927,-1.8891034234401305,-1.94487004063403,0.0557666171938996,17.19,621.41,97.951,3337.96,-0.0017436796048264,-0.0017379202347385,-0.0090856130190104,0.0033700023941634,-0.0002869852222309177,-0.003842485542037366,0.005378885543097582,0.0,-0.003842485542037366,0.003842485542037366,1.6343533972608083e-05,0,0,9.368462881864371,2.237349036033784,17.51124477111503,2.8628432329266733,1.32193186580559,0.27909420137635915,5.383864076380715,1.6834063461806386,2.9641821668166077,1.0866011653349437,115.22413279283853,4.746879212371598
2025-07-16 11:00:00+00:00,118769.06,3150.5,2.9513,166.66,0.20078,0.9998,162385000.0,4308000.0,4035.0,227950.0,274.6,1368.5,1391.58,-0.0174958080332869,-0.017374495406236,-0.0175238808790202,-0.0171210349470332,-0.0171847093221987,-0.0163887417532947,-0.017339985717555,0.0009512439642602,-1.7495808033286986,-1.7374495406236037,-1.7523880879020235,-1.712103494703321,-1.7184709322198732,-1.6388741753294744,-1.7339985717555038,0.0951243964260294,17.93,621.65,98.353,3344.26,0.0421474682222835,0.0003861438755681,0.0040956940454863,0.0018856014518036,-0.0014505348696909337,0.00027628856136807656,0.005379073310624916,0.00027628856136807656,0.0,0.00027628856136807656,1.6343533972608083e-05,0,0,6.56557264642927,1.8818397311295585,11.281408943595702,2.423156144616901,1.3959801067565063,0.3335967540642236,9.363483727641286,2.2368174143668904,4.643689921214705,1.5355092918421696,14.287804811072402,2.659406363001665
2025-07-16 12:00:00+00:00,118613.43,3164.93,2.9644,166.62,0.20134,0.9997,162320000.0,4331000.0,4052.0,227700.0,275.4,1368.0,1388.05,-0.0140995637377682,-0.0141315594403151,-0.0152465258628949,-0.0154658383054794,-0.0145632346560349,-0.0141489693044579,-0.0147013444004985,0.0005523750960405,-1.4099563737768217,-1.413155944031519,-1.5246525862894988,-1.546583830547943,-1.456323465603493,-1.414896930445797,-1.470134440049855,0.055237509604058,17.48,623.08,98.217,3349.46,-0.0254179173896522,0.0022976880594587,-0.0013837312072038,0.0015536954178099,-0.002539907755857662,-0.001311217371574358,0.005392715351733438,0.0,-0.001311217371574358,0.001311217371574358,1.6415171097421348e-05,0,0,10.249482484918868,2.3272272150335827,9.832761996009454,2.2857198708889386,1.0308988838146915,0.03043112439063293,5.526972644645149,1.7096402234350687,1.7990501877049154,0.5872588521361956,26.246803567124605,3.267544212751758
2025-07-17 09:00:00+00:00,118769.34,3466.02,3.2631,177.18,0.21606,0.9996,162016000.0,4727000.0,4453.0,241550.0,294.4,1364.0,1393.35,-0.0209759947160181,-0.0211991992551366,-0.0205955116461228,-0.0215646780401155,-0.0220802617593511,-0.0206726103797819,-0.0212831290833488,0.0006105187035669,-2.0975994716018187,-2.119919925513669,-2.059551164612284,-2.1564678040115526,-2.2080261759351183,-2.0672610379781964,-2.1283129083348884,0.061051870356692,16.93,625.4688,98.666,3319.32,-0.0319701740823452,0.0038265271085844,0.0045610924091947,-0.0090391961410141,0.0038110350289493056,0.003698102069977338,0.0030793294686806538,0.003698102069977338,0.0,0.003698102069977338,5.349356545257819e-06,0,0,5.857780970197912,1.7677708578461466,7.674305479031103,2.037877798047221,0.8878274393395067,-0.11897787994165253,3.876981910024033,1.3550569927052556,1.430132750305855,0.35776727234487377,18.65585246461037,2.926159901936253
2025-07-17 10:00:00+00:00,118340.01,3458.19,3.2738,176.34,0.21503,0.9995,161375000.0,4712000.0,4457.0,240400.0,293.3,1364.5,1391.86,-0.0202639249146048,-0.0210491740792013,-0.0218737016865707,-0.0205369142516785,-0.0200194548825105,-0.0191667327923442,-0.0207486339629132,0.0015819011705689,-2.0263924914604825,-2.104917407920137,-2.187370168657077,-2.0536914251678584,-2.001945488251056,-1.9166732792344263,-2.074863396291322,0.1581901170568955,16.87,626.66,98.658,3334.32,-0.0035502995871672,0.0019026802344361,-8.108491622316194e-05,0.0045088178536225,-0.001069937377893737,-0.0036213710610546457,0.003068107146087642,0.0,-0.0036213710610546457,0.0036213710610546457,5.28059126280273e-06,0,0,4.512449684321759,1.5068401733080277,9.667523305007713,2.2687721551514612,1.0032550267611011,0.0032497406293873618,3.5360393888540247,1.263007284095149,1.3213557006833636,0.27865825551964957,18.739928496227762,2.930656461233507
2025-07-17 11:00:00+00:00,117995.0,3433.29,3.2623,176.17,0.21579,0.9996,160937000.0,4679000.0,4448.0,240150.0,293.9,1364.0,1391.32,-0.0196858558573133,-0.0204749915317183,-0.0200275774286191,-0.02023119325677,-0.0210934307905668,-0.0192437265853068,-0.0203026097729975,0.0010588831876907,-1.9685855857313304,-2.047499153171839,-2.002757742861916,-2.023119325677003,-2.1093430790566803,-1.924372658530682,-2.0302609772997537,0.1058883187690717,16.78,626.84,98.608,3336.85,-0.0053491955188165,0.0002871958535894,-0.0005069297402569,0.0007584876779613,-0.0003880453343123591,-0.002919671064272933,0.0031182336107408747,0.0,-0.002919671064272933,0.002919671064272933,5.635777892950757e-06,0,0,3.8370478886784873,1.3447032919475483,6.772232914269668,1.9128308573991177,1.24399470450773,0.21832773748134376,3.629574886292171,1.2891155302044277,2.149686862179031,0.7653221860341107,8.10594916729791,2.0925982571894037
2025-07-17 12:00:00+00:00,117867.08,3425.61,3.2593,176.77,0.21684,0.9996,160502000.0,4661000.0,4431.0,240400.0,295.0,1361.5,1391.83,-0.0216331463910508,-0.0224139581783934,-0.0232324565810916,-0.0228984365139788,-0.0225457839985516,-0.021400014421897,-0.0225447563326132,0.0011447419107161,-2.163314639105085,-2.2413958178393423,-2.323245658109163,-2.2898436513978826,-2.254578399855167,-2.1400014421897096,-2.254475633261328,0.1144741910716184,16.72,627.02,98.712,3339.0,-0.003582093382505,0.0002871133958119,0.0010541253763456,0.0006441127569765,0.0003664912101095652,-0.0010847018099919836,0.00311529421362709,0.0,-0.0010847018099919836,0.0010847018099919836,5.613164852162487e-06,0,0,5.9227218853345605,1.7787961211585652,7.742273581330229,2.0466953888251194,1.1492528619001694,0.13911204593400758,4.254481124073649,1.4479728096008764,1.4836091455877163,0.39447773107083417,8.845424305871502,2.179900297729847
2025-07-18 09:00:00+00:00,118875.01,3620.91,3.4501,179.96,0.24057,0.9995,161714000.0,4921000.0,4699.0,244800.0,327.4,1360.5,1387.01,-0.0192067668861818,-0.020158019484161,-0.0180391579364923,-0.0192556006102019,-0.0187998303154264,-0.0186223673260124,-0.0190918750464927,0.0004695077204803,-1.920676688618184,-2.015801948416107,-1.803915793649236,-1.9255600610201928,-1.8799830315426425,-1.8622367326012408,-1.9091875046492723,0.0469507720480311,16.4,627.3799,98.252,3356.65,-0.0193242728264024,0.0005738202145515,-0.0046709128199511,0.0052720918452209,-0.003469076905366464,0.001961965291926049,0.004154007294998907,0.001961965291926049,0.0,0.001961965291926049,8.48000368291716e-06,0,0,8.426179006477053,2.1313434078691467,9.128400532383251,2.2113904911307563,1.0558671009901386,0.05436232602902993,3.501887438722245,1.2533020913488784,1.8313131645265859,0.60503328576263,11.244170487268935,2.4198498154399135
2025-07-18 10:00:00+00:00,119250.72,3617.61,3.471,179.4,0.24144,0.9995,162138000.0,4922000.0,4719.0,244200.0,328.5,1360.0,1388.81,-0.0210038885107058,-0.0203362713100837,-0.0210679921675731,-0.0198774394064512,-0.0203220878930017,-0.020254505533453,-0.0205215358575631,0.00026703032411,-2.1003888510705893,-2.033627131008376,-2.106799216757316,-1.9877439406451256,-2.032208789300172,-2.0254505533453093,-2.052153585756316,0.0267030324110063,16.5,627.63,98.243,3354.81,0.0060790460763819,0.0003985625982876,-9.160538442465338e-05,-0.0005483158794366,0.0012969142468159944,0.0031555624985450947,0.0041247411317922094,0.0031555624985450947,0.0,0.0031555624985450947,7.93357333450699e-06,0,0,14.154132272827301,2.650006614871146,7.770735665342046,2.050364840121868,1.3616285187337336,0.30868142363359063,4.249460961544767,1.446792142314692,1.8256871463269806,0.6019564347044705,29.976819318605212,3.4004243936040233
2025-07-18 11:00:00+00:00,119171.34,3610.24,3.49,178.46,0.23998,0.9995,162393000.0,4918000.0,4763.0,243400.0,326.7,1362.5,1390.45,-0.0199683401665763,-0.0202910528105497,-0.0184785882330152,-0.019100961540186,-0.0209188054558505,-0.0196112116254467,-0.0197515496412356,0.0001403380157888,-1.9968340166576333,-2.029105281054977,-1.8478588233015287,-1.910096154018604,-2.0918805455850564,-1.9611211625446767,-1.97515496412356,0.0140338015788832,16.42,626.93,98.4,3353.77,-0.0048602768822525,-0.0011159292064819,0.0015968026663504,-0.0003100507136633,0.0011801703981273448,-0.0006658780058614866,0.004073123345472165,0.0,-0.0006658780058614866,0.0006658780058614866,7.596861434304382e-06,0,0,7.70073382034127,2.0413156256617757,7.059551222575074,1.954381483277237,1.2302793183560545,0.207241231698081,4.056442676322769,1.4003064014386442,2.024473628265659,0.7053097301101798,9.95939782676102,2.298516610608238
2025-07-18 12:00:00+00:00,119442.44,3637.57,3.5005,180.14,0.24707,0.9994,162804000.0,4957000.0,4781.0,245800.0,336.8,1363.5,1391.59,-0.0205210542217409,-0.0207439571480149,-0.0185292471083967,-0.0194710495009763,-0.0204180629833276,-0.0195973015365926,-0.0199366741924913,0.0003393726558986,-2.0521054221741,-2.074395714801492,-1.852924710839676,-1.9471049500976327,-2.04180629833276,-1.959730153659267,-1.9936674192491324,0.0339372655898652,16.63,626.96,98.469,3353.74,0.0127081891805538,4.785108742488831e-05,0.0007009737726644,-8.94519724781162e-06,0.0008195425398671574,0.0022722922091737985,0.004077081897461322,0.0022722922091737985,0.0,0.0022722922091737985,7.547837350279387e-06,0,0,6.368159338618888,1.8513104699970842,12.605582621911608,2.5341397810640953,1.254191679210212,0.2264912847643295,3.840486294423299,1.3455989977543066,1.3271846638190274,0.2830599045372711,10.128264017675232,2.3153299331579493
2025-07-21 09:00:00+00:00,118690.05,3772.13,3.5457,191.59,0.26901,0.9997,161408000.0,5128000.0,4822.0,260550.0,366.4,1361.0,1385.22,-0.0182701636592413,-0.0186077780527696,-0.0182374415811422,-0.0182532172079455,-0.0167401919851595,-0.0171897442090368,-0.0180217584972516,0.0008320142882148,-1.827016365924139,-1.8607778052769697,-1.8237441581142264,-1.82532172079456,-1.6740191985159525,-1.718974420903685,-1.8021758497251688,0.0832014288214843,16.7,631.26,97.948,3388.61,0.0042004262178734,0.0068350793036424,-0.0053050522296924,0.0103436667923624,-0.004588006506699216,-0.002749438349072264,0.002853257615082993,0.0,-0.002749438349072264,0.002749438349072264,2.7043852595497323e-06,0,0,7.579892443107118,2.0254990099899026,10.607311922286389,2.3615435673018847,1.1069898797373687,0.10164451162271339,3.3872157123268454,1.2200082601237834,1.6282006667317424,0.48747551964773284,10.188583620921534,2.321267840608158
2025-07-21 10:00:00+00:00,118578.14,3810.85,3.5521,191.22,0.27124,0.9995,161228000.0,5177000.0,4827.0,260200.0,368.4,1360.0,1383.61,-0.0172973194336136,-0.0181557116409833,-0.0178486387231868,-0.0165318806222612,-0.0183601201450898,-0.0165723432397243,-0.017638734113027,0.0010663908733026,-1.7297319433613678,-1.81557116409834,-1.7848638723186872,-1.6531880622261297,-1.8360120145089809,-1.657234323972434,-1.763873411302701,0.106639087330267,16.41,631.288,97.721,3400.61,-0.0175178143207102,4.435474929209704e-05,-0.0023202459443103,0.0035350194857031,-0.0011629462129869594,-0.0009433207906948127,0.002862565128472331,0.0,-0.0009433207906948127,0.0009433207906948127,2.7396040467530344e-06,0,0,12.458042203735962,2.5223663745077025,8.877145584211746,2.183480062110735,1.2197565802565196,0.19865131445762602,5.139529039300425,1.6369614486738526,1.589011957295997,0.46311241257094626,23.918414511681725,3.174648643929169
2025-07-21 11:00:00+00:00,118070.17,3808.69,3.5329,191.4,0.27105,0.9996,160624000.0,5174000.0,4805.0,260200.0,368.6,1360.0,1381.4,-0.0151937488178733,-0.0165974115879097,-0.0154390750564623,-0.0158848738101171,-0.0155663109698898,-0.0150975693592916,-0.0157362840484504,0.0006387146891588,-1.5193748817873387,-1.6597411587909727,-1.543907505646236,-1.5884873810117162,-1.5566310969889807,-1.509756935929163,-1.573628404845049,0.063871468915886,16.38,630.755,97.801,3398.11,-0.0018298266770759,-0.0008446622368483,0.0008183222805033,-0.0007354325851576,-0.0015985479044280382,-0.004293043801297358,0.00300868728012645,0.0,-0.004293043801297358,0.004293043801297358,3.5072450600474707e-06,0,0,8.396904074377051,2.1278630753392287,8.329366388352287,2.119787389462497,1.2979263813369721,0.2607678996757183,5.647159130750112,1.7311526099908636,1.4966122656569607,0.40320406431205524,27.681613212033767,3.3207684098327768
2025-07-21 12:00:00+00:00,118172.82,3810.72,3.5378,191.55,0.27237,0.9996,160750000.0,5182000.0,4813.0,260650.0,370.0,1360.0,1382.04,-0.0157333517642499,-0.0160574167711685,-0.0156218364349913,-0.0154110439611243,-0.0170716974692646,-0.0155536614808002,-0.0159790692801597,0.0004254077993594,-1.5733351764249948,-1.6057416771168564,-1.5621836434991376,-1.541104396112436,-1.7071697469264624,-1.5553661480800285,-1.5979069280159777,0.0425407799359491,16.34,631.39,97.878,3395.73,-0.0024449889930666,0.0010062236170602,0.0007870032448478,-0.0007006347212641,0.000463190813944081,0.0008690205492243308,0.0029924949756541174,0.0008690205492243308,0.0,0.0008690205492243308,3.5072450600474707e-06,0,0,6.633845555240031,1.892184659463993,8.322139176764088,2.1189193343771766,1.1895683665983015,0.17359052418137902,2.739952057908572,1.0079404231332427,1.3480994293043942,0.2986957703815035,16.5937299744451,2.809024911628383
2025-07-22 09:00:00+00:00,118399.09,3660.58,3.4727,197.26,0.2659,0.9995,161332000.0,4989000.0,4735.0,268800.0,362.6,1364.5,1385.2,-0.0163067974819229,-0.0160996422149393,-0.0156711063759474,-0.0162658394008895,-0.0155424827899125,-0.0144509158997634,-0.0159771736527223,0.0015262577529589,-1.6306797481922986,-1.6099642214939314,-1.5671106375947486,-1.6265839400889548,-1.5542482789912548,-1.445091589976344,-1.5977173652722376,0.1526257752958937,17.2,627.06,97.734,3412.46,0.0512932943875505,-0.0068815083432882,-0.0014723025786969,0.0049146788426241,0.0022838650594501075,0.0009218845899177097,0.00376493496356008,0.0009218845899177097,0.0,0.0009218845899177097,7.55931878584595e-06,0,0,7.501023524580658,2.015039481175177,10.091732218805788,2.3117164964202175,1.4424098827139207,0.36631524445998265,5.1563321199910925,1.6402254972753347,2.344344086951906,0.8520056557161715,7.181794960961617,1.9715493463795983
2025-07-22 10:00:00+00:00,118955.99,3698.4,3.4979,199.11,0.26811,0.9995,161900000.0,5042000.0,4767.0,271250.0,365.5,1363.0,1382.22,-0.0153466555744896,-0.0136937430511965,-0.0140370631199312,-0.0144027074639953,-0.0137268823308619,-0.0134118729866011,-0.0142414103080949,0.0008295373214937,-1.5346655574489665,-1.3693743051196527,-1.4037063119931248,-1.44027074639953,-1.3726882330861945,-1.341187298660118,-1.4241410308094935,0.0829537321493757,16.89,627.65,97.499,3426.4,-0.0181876529996984,0.0009404564297499,-0.0024073810625759,0.0040767084883661,-0.002153631289649738,0.004692556164501482,0.0038840723796009953,0.004692556164501482,0.0,0.004692556164501482,7.522241531089406e-06,0,0,5.681508599565024,1.7372167959829876,8.062014385790954,2.0871634490881914,1.086513619980966,0.08297405628323733,3.707727275797027,1.3104190947821075,3.113594057417207,1.135777704418701,12.538521741756018,2.5288056448234424
2025-07-22 11:00:00+00:00,119154.99,3705.3,3.5198,199.91,0.26709,0.9994,161956000.0,5043000.0,4787.0,271800.0,363.4,1360.5,1381.76,-0.0163237380560862,-0.0150073826749453,-0.0157332274000472,-0.0160289592104311,-0.0153209940405341,-0.0147950511854124,-0.0156828602764088,0.0008878090909963,-1.6323738056086223,-1.500738267494539,-1.5733227400047234,-1.6028959210431126,-1.5320994040534108,-1.4795051185412469,-1.5682860276408817,0.0887809090996349,16.87,627.18,97.32,3426.67,-0.0011848342618319,-0.0007491054915469,-0.0018376036256251,7.879680205746808e-05,-0.00033285335222910106,0.0016714898769620845,0.003777959171557184,0.0016714898769620845,0.0,0.0016714898769620845,6.7543154860953364e-06,0,0,8.40958008496908,2.1293715422946615,12.740763475802437,2.544806575805459,1.3809415996261816,0.3227655850653271,3.4763139229088758,1.245972514864106,1.9829199016074364,0.6845704561890479,14.039170111227618,2.6418512879637444
2025-07-22 12:00:00+00:00,119293.7,3701.55,3.5123,203.09,0.26474,0.9994,162151000.0,5032000.0,4776.0,276200.0,360.1,1361.0,1380.68,-0.0155150335203452,-0.0153905982263153,-0.0151282495498,-0.0149866858510647,-0.0148314868081782,-0.0136620431568846,-0.0151704107911407,0.001508367634256,-1.5515033520345225,-1.5390598226315388,-1.5128249549800077,-1.4986685851064774,-1.4831486808178251,-1.3662043156884685,-1.5170410791140745,0.1508367634256057,16.71,629.09,97.402,3432.38,-0.0095295539505744,0.003040749952925,0.0008422264032539,0.0016649539860615,-0.0007819174751491076,0.0011634370115132242,0.0037800898311479507,0.0011634370115132242,0.0,0.0011634370115132242,6.7543154860953364e-06,0,0,6.5044567333173315,1.8724875932297327,11.597193594718727,2.45076313735241,1.8504501260196093,0.6154289208567755,3.7623419481995577,1.325041622069629,1.6965214262949515,0.5285799348676408,15.080934123174458,2.7134313051689185
2025-07-23 09:00:00+00:00,118040.0,3658.78,3.4491,197.66,0.25711,0.9995,161057000.0,4992000.0,4706.0,269400.0,350.6,1363.5,1377.18,-0.0092600003083618,-0.0092876583764985,-0.0092697359265407,-0.0103352693600033,-0.009847162600604,-0.00943806107733,-0.0095999653144017,0.0001619042370716,-0.9260000308361828,-0.9287658376498586,-0.926973592654079,-1.0335269360003396,-0.9847162600604032,-0.9438061077330028,-0.9599965314401724,0.0161904237071696,16.12,630.74,97.497,3413.57,-0.03594660552882,0.0026194025279986,0.0009748639810736,-0.0054952336300164,-0.002538201271313767,-0.003241183569123507,0.0038624212795715747,0.0,-0.003241183569123507,0.003241183569123507,7.559986577425819e-06,0,0,7.437125265047941,2.006484385071036,11.102022054831227,2.407127258829789,1.4182032771651643,0.34939077267705404,3.308406013920955,1.1964665066071924,1.3959003498607443,0.33353961917107683,7.254468432939409,1.981617614587667
2025-07-23 10:00:00+00:00,118372.12,3665.79,3.4506,197.94,0.2566,0.9994,161261000.0,4999000.0,4708.0,269750.0,350.1,1362.0,1376.11,-0.0100191995454278,-0.0090256722431606,-0.0085092077418567,-0.0096818546182166,-0.0085237673335092,-0.0096593363798179,-0.0091519402964342,-0.0005073960833837,-1.0019199545427848,-0.9025672243160644,-0.8509207741856706,-0.968185461821669,-0.8523767333509236,-0.9659336379817972,-0.9151940296434226,-0.0507396083383748,15.94,630.86,97.418,3413.46,-0.0112290637164136,0.0001902346232753,-0.0008106097973561,-3.2224847410944335e-05,-0.0007772519813515899,0.0028096716740808603,0.0037784900760399172,0.0028096716740808603,0.0,0.0028096716740808603,7.559986577425819e-06,0,0,7.517578319261719,2.0172440540852357,6.874531938700281,1.9278235595913793,1.1869563109448034,0.17139230866945837,3.159313405702027,1.1503547273142503,1.050856722410943,0.04960575758834004,14.308243852114536,2.6608358643123826
2025-07-23 11:00:00+00:00,118538.46,3671.99,3.4504,197.42,0.25588,0.9995,161160000.0,4989000.0,4695.0,268400.0,348.2,1360.0,1375.58,-0.0116469083995214,-0.0122974812196651,-0.0108086759546828,-0.0116619602456002,-0.0107488315875468,-0.0108315472963512,-0.0114327714814032,0.000601224185052,-1.1646908399521427,-1.2297481219665118,-1.0808675954682825,-1.166196024560029,-1.0748831587546803,-1.0831547296351274,-1.1432771481403292,0.0601224185052018,15.57,631.67,97.371,3398.0,-0.0234856875161617,0.0012831380024787,-0.0004825734606379,-0.0045394163799752,-0.00038521781636280394,0.0014042431311747094,0.0037731095002787687,0.0014042431311747094,0.0,0.0014042431311747094,7.559986577425819e-06,0,0,9.277328239487332,2.2275736001177844,6.858448932955816,1.9254813131049762,1.3679624527578997,0.31332237200928725,2.883493060272582,1.0590024273676708,0.9972357077260294,-0.0027681199854280056,11.094706821903415,2.4064681316914367
2025-07-23 12:00:00+00:00,117980.7,3640.25,3.3459,194.17,0.24967,0.9995,160279000.0,4944000.0,4568.0,264000.0,339.7,1361.0,1376.8,-0.0132780297902426,-0.0135470084156971,-0.0083868418039586,-0.0124685422602266,-0.0117693298209999,-0.0109813768011256,-0.011889950418225,0.0009085736170993,-1.3278029790242618,-1.3547008415697115,-0.8386841803958656,-1.2468542260226645,-1.1769329820999983,-1.0981376801125653,-1.1889950418225004,0.090857361709935,15.53,632.115,97.328,3387.36,-0.0025723486853115,0.0007042337397447,-0.000441707463306,-0.0031361663112488,0.0008865055551190437,-0.004716413113648343,0.003869303635949972,0.0,-0.004716413113648343,0.004716413113648343,8.486842938200572e-06,0,0,5.7474183797549605,1.7487507765547925,4.747951113161234,1.5577131803930735,0.8782015814521662,-0.12987912006797675,2.1655992502394725,0.7726971131041304,1.0549133668439739,0.053458646820696294,7.442223460290693,2.0071696563871892
2025-07-24 09:00:00+00:00,118507.08,3636.11,3.1155,185.21,0.23591,0.9994,160593000.0,4929000.0,4220.0,250900.0,319.7,1357.5,1369.06,-0.0101717785254992,-0.0098538040873441,-0.0106220809087331,-0.0105046724872491,-0.0101399339322002,-0.0078484588013703,-0.0102584539882051,0.0024099951868348,-1.017177852549922,-0.9853804087344152,-1.0622080908733178,-1.0504672487249178,-1.0139933932200251,-0.7848458801370306,-1.0258453988205196,0.2409995186834889,15.18,634.8,97.281,3367.0,-0.0227948651931115,0.0042386490331614,-0.0004830198080645,-0.0060287167595554,-0.00563759295788735,-0.0022605988427901735,0.003929436784933794,0.0,-0.0022605988427901735,0.0022605988427901735,7.130926275206552e-06,0,0,6.665746993363138,1.8969820243742381,6.687636866179804,1.9002605779835116,0.8982011870048663,-0.107361196792002,4.712537182773544,1.5502264429867243,1.6013023194667475,0.4708172478350641,9.27300343226335,2.2271073219531816
2025-07-24 10:00:00+00:00,118373.99,3620.98,3.1037,184.89,0.23483,0.9994,160502000.0,4908000.0,4205.0,250650.0,318.3,1356.5,1369.53,-0.0099602953962484,-0.0102924622083616,-0.0107302853471372,-0.0101195742499052,-0.0102819051735272,-0.0089195646439435,-0.0102769044750359,0.0013573398310924,-0.9960295396248432,-1.0292462208361663,-1.073028534713727,-1.0119574249905283,-1.0281905173527228,-0.8919564643943501,-1.0276904475035975,0.1357339831092475,14.97,635.535,97.293,3373.81,-0.0139305735359469,0.0011571752049919,0.0001233463876495,0.0020205293775799,0.0003432423288005637,-0.0011236863629839888,0.0038962028406484646,0.0,-0.0011236863629839888,0.0011236863629839888,7.18353756863806e-06,0,0,9.310571124504095,2.23115043468177,9.786502368928659,2.2810041270212773,1.020339567002785,0.02013548072059177,3.780373864936995,1.3298229108086017,2.1922510928287497,0.7849289121736114,15.132047091641239,2.716814818822591
2025-07-24 11:00:00+00:00,118600.0,3655.12,3.1685,186.4,0.2387,0.9994,161198000.0,4974000.0,4310.0,253750.0,324.9,1360.0,1371.49,-0.0089802382182856,-0.0077719600176715,-0.008184449268061,-0.0074154806165044,-0.007559115837868,-0.0077824191981447,-0.0079822487916781,0.0001998295935334,-0.8980238218285641,-0.7771960017671553,-0.8184449268061056,-0.7415480616504433,-0.7559115837868058,-0.7782419198144708,-0.7982248791678147,0.0199829593533439,15.18,634.55,97.424,3372.6,0.0139305735359469,-0.0015510776010732,0.0013455427082842,-0.0003587093025689,0.001430124795921195,0.001907467300751975,0.003905427884220708,0.001907467300751975,0.0,0.001907467300751975,7.18353756863806e-06,0,0,7.392788414299791,2.000504986430498,7.398588641389702,2.0012892578834363,0.9563374763387695,-0.04464441950109307,2.256689185041487,0.8138987768066517,1.565363557366709,0.4481181020401331,10.217460953374879,2.3240981149050617
2025-07-24 12:00:00+00:00,118531.42,3642.65,3.1614,186.01,0.23708,0.9995,160777000.0,4945000.0,4289.0,252450.0,321.5,1358.0,1371.81,-0.0112272953391963,-0.0104109365213612,-0.0110311038732884,-0.0106610262533446,-0.0114649003311191,-0.0095717776734133,-0.0109590524636619,0.0013872747902486,-1.1227295339196308,-1.041093652136127,-1.1031103873288428,-1.066102625334464,-1.1464900331119132,-0.9571777673413328,-1.0959052463661956,0.1387274790248627,15.08,635.36,97.339,3366.98,-0.006609409387674,0.001275681126768,-0.0008728557826351,-0.0016677600985914,0.00023329566686225434,-0.0005784134545478992,0.0037763682433035128,0.0,-0.0005784134545478992,0.0005784134545478992,6.2706212963800585e-06,0,0,13.570356079758126,2.6078877137204994,7.809274531425897,2.0553120698348892,0.6229490899389865,-0.47329048112767064,4.377408972795459,1.4764569906259615,1.778625771653079,0.5758410277317254,14.739351028030226,2.6905208578428295
2025-07-25 09:00:00+00:00,116033.44,3726.08,3.1351,180.81,0.23179,0.9998,158824000.0,5089000.0,4292.0,247450.0,317.2,1368.5,1381.85,-0.009459906513223,-0.0116304139098695,-0.0092880251739912,-0.0096148745255588,-0.0096753701657925,-0.009462854325035,-0.009933718057687,0.000470863732652,-0.9459906513223038,-1.163041390986952,-0.92880251739913,-0.961487452555887,-0.9675370165792564,-0.946285432503502,-0.9933718057687058,0.0470863732652038,15.21,635.495,97.706,3344.2,0.0085837436913918,0.0002124553950029,0.0037632385666892,-0.0067886981089237,0.007292145355658697,0.007186541991458739,0.0041617175972328965,0.007186541991458739,0.0,0.007186541991458739,1.0522763205007056e-05,1,0,11.35162546238044,2.4293609462180066,8.828607812500683,2.177997336556875,0.8043508721244491,-0.21771969688650977,6.838754561381392,1.9226056333861923,2.594184707001904,0.9532722888341678,50.581606871096575,3.9235880096398588
2025-07-25 10:00:00+00:00,116308.48,3718.89,3.1286,180.74,0.23184,0.9998,159126000.0,5089000.0,4281.0,247350.0,317.2,1368.5,1382.65,-0.0104961055196186,-0.010292502598617,-0.010347037866159,-0.0102047193158871,-0.0104618268242312,-0.0100359781933605,-0.0103604384249026,0.000324460231542,-1.049610551961866,-1.0292502598617026,-1.0347037866159092,-1.020471931588718,-1.0461826824231246,-1.003597819336055,-1.036043842490264,0.0324460231542089,15.03,635.985,97.7,3331.55,-0.0119049025063184,0.0007707553783893,-6.141060153552758e-05,-0.0037898408840604,0.0005787665200447378,0.0023675463168491007,0.004213484439196141,0.0023675463168491007,0.0,0.0023675463168491007,1.047015191157555e-05,0,0,9.580874626398845,2.259768884934318,10.163987193178228,2.31885080543924,1.1036276519579193,0.09860261918873903,7.62045629036466,2.0308362485310654,3.0917170746370712,1.1287266241572937,34.775014555137965,3.548899156361194
2025-07-25 11:00:00+00:00,116543.58,3721.37,3.1346,181.12,0.23109,0.9998,159451000.0,5088000.0,4288.0,247850.0,316.4,1367.5,1383.12,-0.0108115624875944,-0.0114824386094655,-0.0109624369918026,-0.0106210810934543,-0.0100905710561229,-0.0110955269890232,-0.0107936180476879,-0.0003019089413352,-1.0811562487594406,-1.1482438609465515,-1.096243699180266,-1.0621081093454388,-1.0090571056122988,-1.1095526989023274,-1.0793618047687992,-0.0301908941335282,15.07,636.765,97.799,3327.62,0.0026578088735207,0.0012256925517988,0.0010127929908838,-0.0011803274150565,0.0003398691897906758,0.0020193085677426836,0.004216592960160817,0.0020193085677426836,0.0,0.0020193085677426836,1.047015191157555e-05,0,0,17.13077699450681,2.8408766700059416,8.923049686407097,2.1886377812547577,1.0995036347948026,0.0948588368687903,5.468826748241345,1.6990641049894442,2.9544441255027922,1.0833105199655302,29.111479138093042,3.3711325684932003
2025-07-25 12:00:00+00:00,116105.96,3704.45,3.1231,180.77,0.23134,0.9999,158845000.0,5067000.0,4272.0,247150.0,316.0,1367.5,1383.77,-0.0113214217257873,-0.0115305394672946,-0.0114891448919172,-0.0119695122343017,-0.0128743421106594,-0.0116589001955761,-0.011836992085992,0.0001780918904159,-1.1321421725787315,-1.1530539467294654,-1.1489144891917211,-1.196951223430176,-1.287434211065941,-1.1658900195576138,-1.183699208599207,0.0178091890415931,15.07,637.045,97.736,3329.94,0.0,0.0004396260109587,-0.0006443859378624,0.0006969520646933,0.0004698415997435035,-0.00376205786728967,0.0042614949999868175,0.0,-0.00376205786728967,0.00376205786728967,1.1045923464593635e-05,0,0,20.678992044877866,3.0291183078758626,8.870742108263903,2.1827584577895154,1.009890003717891,0.009841417712338426,5.265172276452958,1.6611138661243023,2.130749483388628,0.7564737879650619,10.786033782789936,2.37825212900636
2025-07-28 09:00:00+00:00,118930.87,3894.24,3.2533,193.16,0.24225,0.9998,162194000.0,5317000.0,4444.0,263500.0,330.7,1364.0,1388.27,-0.017649999336223,-0.0165098647705969,-0.0160432751305933,-0.0173712108124077,-0.0166763820794458,-0.0172856471933311,-0.0168501464258533,-0.0004355007674777,-1.764999933622302,-1.6509864770596905,-1.6043275130593335,-1.7371210812407778,-1.6676382079445884,-1.7285647193331144,-1.6850146425853385,-0.043550076747776,15.35,637.73,98.251,3302.03,0.018409461394802,0.0010746995602053,0.0052554627128635,-0.0084168549525589,0.003246709248726276,-0.0011897314432420814,0.002135977203782249,0.0,-0.0011897314432420814,0.0011897314432420814,1.5269449460084372e-06,0,0,9.65067601971186,2.267027966753389,10.20639418115226,2.3230144043878433,1.6551991267079924,0.5039213198439292,7.1325607717806925,1.964670324473102,3.091374585078017,1.128615841533243,9.141044443740734,2.212774650681603
2025-07-28 10:00:00+00:00,118764.53,3887.8,3.2389,192.3,0.24131,0.9998,162250000.0,5309000.0,4426.0,262450.0,329.6,1366.5,1388.02,-0.0157572438413203,-0.016185801623287,-0.0154945012144783,-0.0167327619316209,-0.0159522799576877,-0.0153071607967218,-0.0160245177136789,0.000717356916957,-1.575724384132038,-1.6185801623287088,-1.5494501214478371,-1.6732761931620987,-1.5952279957687776,-1.5307160796721897,-1.602451771367892,0.0717356916957023,15.22,637.07,98.416,3307.87,-0.0085051215996663,-0.0010354566347183,0.0016779636513897,0.0017670468598911,-0.00018009646015038072,-0.0013996066154717823,0.002132802282789865,0.0,-0.0013996066154717823,0.0013996066154717823,1.608565724261453e-06,0,0,9.01237795193569,2.1985989604317933,6.68573305738781,1.899975861593292,1.1780293998667513,0.16384304236002709,5.332435970194744,1.6738081638266267,2.8974658814186363,1.063836520983369,17.371797609166315,2.8548480641998224
2025-07-28 11:00:00+00:00,118827.49,3879.79,3.2448,192.0,0.24157,0.9999,162294000.0,5301000.0,4437.0,262350.0,330.2,1366.5,1388.49,-0.0163450440328226,-0.0159734220429035,-0.0151757383537121,-0.0159048678780546,-0.0155553268515475,-0.0157389223787232,-0.0157908798318081,5.195745308490471e-05,-1.6345044032822664,-1.597342204290353,-1.517573835371211,-1.5904867878054674,-1.555532685154759,-1.5738922378723208,-1.5790879831808111,0.0051957453084904,15.14,637.4,98.52,3314.76,-0.0052701044242366,0.0005178623386585,0.0010561807863247,0.0020807451075643,0.000338554519514922,0.0005299841423429541,0.0021193461551569435,0.0005299841423429541,0.0,0.0005299841423429541,1.570969844364089e-06,0,0,17.307492962774297,2.8511395269701802,5.48065463181198,1.7012245521851928,1.0051864585814838,0.005173055229154696,5.4738842640517955,1.6999884675472934,1.8584000666674487,0.619715938347635,8.219876112737456,2.106555137511381
2025-07-28 12:00:00+00:00,118845.24,3871.02,3.23,192.9,0.24132,0.9998,162380000.0,5292000.0,4419.0,263700.0,329.6,1366.5,1389.25,-0.0165091141613664,-0.0159571391764257,-0.0152157962149656,-0.0159945661406417,-0.0168642677021327,-0.0161789781026207,-0.0161081766791064,-7.080142351423291e-05,-1.6509114161366467,-1.5957139176425716,-1.5215796214965605,-1.5994566140641764,-1.6864267702132785,-1.61789781026207,-1.6108176679106467,-0.0070801423514232,15.24,636.31,98.596,3312.29,0.0065833022491972,-0.0017115360106823,0.0007711195820325,-0.000745429750605,0.0005472074556758244,0.00014936505364460118,0.0021194502441577766,0.00014936505364460118,0.0,0.00014936505364460118,1.570969844364089e-06,0,0,13.803893382492719,2.624950681538349,9.14791140988854,2.2135255920175068,1.714460062656965,0.5390981987778285,7.3460801221003695,1.9941668542397613,2.9617483471991117,1.0857797518038248,51.24227964958428,3.9365649656873036
2025-07-29 09:00:00+00:00,118784.79,3872.62,3.1605,184.61,0.229,0.9999,163419000.0,5326000.0,4350.0,254050.0,315.2,1377.0,1392.45,-0.0119882605051636,-0.0123190699669087,-0.011551941334994,-0.0117100763338916,-0.0115126475106474,-0.0109966506722847,-0.0118163991303211,0.0008197484580363,-1.198826050516366,-1.231906996690879,-1.1551941334994045,-1.171007633389165,-1.15126475106474,-1.0996650672284725,-1.181639913032111,0.0819748458036385,14.82,637.75,99.003,3317.64,-0.0279459303905591,0.002260491049367,0.0041194598713962,0.0016138937096599,0.0023007523540208297,-0.0011695834453977483,0.0022000400114452643,0.0,-0.0011695834453977483,0.0011695834453977483,2.194075299309642e-06,0,0,3.410270100057893,1.2267914963867406,3.822717630647472,1.3409615913135338,1.3630299900321006,0.3097101554305883,4.696896637673085,1.546902000771869,2.241715704815069,0.8072415123344565,4.198243148886657,1.4346661398942289
2025-07-29 10:00:00+00:00,118317.75,3829.59,3.1182,182.37,0.22571,1.0,162960000.0,5271000.0,4300.0,251250.0,310.9,1378.5,1387.81,-0.0075672185197382,-0.0082305570463363,-0.0063476228480521,-0.0072893986773057,-0.0074785330496068,-0.0067084110937375,-0.0073826660282078,0.0006742549344703,-0.7567218519738295,-0.8230557046336351,-0.6347622848052126,-0.7289398677305714,-0.7478533049606884,-0.6708411093737543,-0.7382666028207874,0.0674254934470331,15.03,635.24,98.981,3328.93,0.0140705838969421,-0.003943476779475,-0.00022224018194,0.0033972442503138,-0.0033378204253349253,-0.003939566434381092,0.002325252535685307,0.0,-0.003939566434381092,0.003939566434381092,2.7591288415108823e-06,0,0,14.078540130130122,2.644651661414723,7.460316333937802,2.009597817329755,1.0819775495960395,0.0787904312220021,5.421742998214618,1.690417350140197,2.1111166595100292,0.7472170300157286,7.121573506608009,1.9631286991264996
2025-07-29 11:00:00+00:00,118592.38,3825.9,3.1376,182.93,0.22764,0.9999,163311000.0,5272000.0,4324.0,251900.0,313.8,1377.5,1390.77,-0.009844648173211,-0.0091989158178681,-0.0090932315010437,-0.0098798041210195,-0.008827946855242,-0.0094424212656458,-0.0093689092936769,-7.351197196896544e-05,-0.9844648173211068,-0.9198915817868136,-0.9093231501043796,-0.987980412101952,-0.8827946855242019,-0.9442421265645872,-0.9368909293676908,-0.0073511971968965,15.2,635.66,98.951,3320.78,0.0112472240873473,0.0006609489578872,-0.0003031344121184,-0.0024512359428641,0.0021305854931066293,0.0023184329265646397,0.0023763241707969508,0.0023184329265646397,0.0,0.0023184329265646397,2.7591288415108823e-06,0,0,12.321115085423344,2.5113144641900407,7.277351052404162,1.9847669295651433,0.9752550189277884,-0.02505628430993253,4.0400636874882325,1.396260456078565,1.6770462460192386,0.5170340590972409,13.496166347353011,2.6024056708459082
2025-07-29 12:00:00+00:00,118906.85,3852.81,3.1625,183.92,0.2299,0.9999,163572000.0,5300000.0,4350.0,252950.0,316.3,1376.5,1389.89,-0.0102587764933193,-0.0102674649451086,-0.0103576030144508,-0.0104783624638437,-0.0101262891395571,-0.0095348093975951,-0.0102976992112559,0.0007628898136608,-1.02587764933193,-1.0267464945108662,-1.0357603014450878,-1.0478362463843705,-1.0126289139557154,-0.95348093975951,-1.029769921125594,0.0762889813660839,15.1,636.1893,98.886,3323.21,-0.0066006840313517,0.0008323313627762,-0.0006571066316087,0.000731488189583,-0.0006329432792062661,0.002648178554325753,0.0024407934240207978,0.002648178554325753,0.0,0.002648178554325753,2.7591288415108823e-06,0,0,12.059850076494312,2.4898817597536347,10.53186538096648,2.3544054596464186,1.9192143790478677,0.6519159247244662,5.344676145010363,1.6761009523720012,2.0862031305443884,0.7353457298550935,17.18200320585242,2.843862510797876
2025-07-30 09:00:00+00:00,118164.08,3786.51,3.0982,179.12,0.22028,0.9999,163428000.0,5243000.0,4291.0,248000.0,305.3,1384.0,1391.91,-0.0063582456167954,-0.0052141604154879,-0.0049660246541889,-0.0052900887114066,-0.0042723168799291,-0.005583397028986,-0.0052201672555616,-0.0003632297734244,-0.6358245616795433,-0.5214160415487945,-0.4966024654188938,-0.5290088711406682,-0.4272316879929128,-0.5583397028986026,-0.5220167255561625,-0.03632297734244,15.9,636.37,99.459,3303.14,0.0516243654053072,0.0002839946259705,0.005777827462766,-0.006057652062628,0.001452297329098684,-0.001764207897430481,0.0024009909358963504,0.0,-0.001764207897430481,0.001764207897430481,3.851205768987208e-06,0,0,5.499532782037591,1.7046631399096404,10.868484932654066,2.385867310798136,1.0608591648660748,0.05907911271210326,8.048096634582409,2.085435620564423,1.4033313216569472,0.33884892552654045,10.127276622002762,2.315232439273109
2025-07-30 10:00:00+00:00,118020.18,3773.99,3.0899,178.02,0.21909,0.9999,163340000.0,5226000.0,4284.0,246650.0,303.9,1385.0,1390.79,-0.0048816855346547,-0.0043490764124775,-0.0031186332892544,-0.0037903054598158,-0.0026523117859273,-0.0040635078973927,-0.0037584024964259,-0.0003051054009667,-0.4881685534654734,-0.4349076412477504,-0.3118633289254435,-0.3790305459815846,-0.2652311785927397,-0.4063507897392737,-0.3758402496425983,-0.0305105400966754,16.22,635.32,99.429,3302.23,0.0199259394610806,-0.0016513462221254,-0.0003016773282196,-0.0002755333935144,-0.0008049736302719879,-0.0012185402855013905,0.002278763773007043,0.0,-0.0012185402855013905,0.0012185402855013905,3.2663997996741937e-06,0,0,13.184042103039472,2.579007166657122,9.757605467836049,2.2780470289136328,1.031993984261404,0.031492837838315316,9.616238491746952,2.263453179039682,2.2495714302523813,0.8107397226301916,12.811800958537123,2.5503666960765243
2025-07-30 11:00:00+00:00,117579.99,3758.18,3.0518,177.3,0.21608,1.0,162699000.0,5205000.0,4225.0,245350.0,299.4,1385.0,1391.69,-0.0057194174614249,-0.0048222669122715,-0.0052174969602307,-0.0056602068298908,-0.0043774643104305,-0.0048071050305743,-0.0051593704948497,0.0003522654642753,-0.5719417461424903,-0.48222669122715,-0.5217496960230772,-0.5660206829890879,-0.4377464310430512,-0.4807105030574354,-0.5159370494849713,0.0352265464275358,16.01,636.61,99.51,3290.44,-0.0130315216786431,0.0020284142088078,0.0008143200124264,-0.0035767033899549,0.0006469049419131068,-0.0037367588674577235,0.0023333445202813295,0.0,-0.0037367588674577235,0.0037367588674577235,3.848206751071024e-06,0,0,7.148841355143913,1.9669502953430624,7.489166779922627,2.0134575470049203,0.8214952788307982,-0.196629088531921,6.507623378493085,1.8729743171372182,1.5006604829229164,0.4059053331435138,8.73239418343244,2.1670395800683107
2025-07-30 12:00:00+00:00,117739.02,3774.24,3.0777,177.51,0.21701,1.0,163050000.0,5226000.0,4261.0,245900.0,300.8,1385.0,1390.27,-0.0039039106395973,-0.0040426501146321,-0.004167953018866,-0.0035934968987811,-0.002991333256558,-0.0037906305969344,-0.0037398687856869,-5.0761811247434976e-05,-0.3903910639597385,-0.4042650114632118,-0.4167953018866077,-0.359349689878119,-0.2991333256558093,-0.3790630596934408,-0.3739868785686973,-0.0050761811247434,16.08,636.2,99.442,3298.38,0.0043627367421965,-0.0006442438607185,-0.0006835819961397,0.0024101444093123,-0.0010208630773433924,0.0013516122153536259,0.002275016057753307,0.0013516122153536259,0.0,0.0013516122153536259,3.848206751071024e-06,0,0,11.93480617056001,2.47945901923663,8.660649904437554,2.158789766460277,1.2697788453076029,0.2388427477537272,6.634306632643787,1.8922541608380221,2.8655560886529914,1.0527624285933457,20.164677436306004,3.003932431981472
2025-07-31 09:00:00+00:00,118605.58,3863.08,3.1695,182.52,0.22525,0.9999,163460000.0,5325000.0,4373.0,251600.0,310.0,1380.0,1396.81,-0.0133365570041414,-0.0131558418230087,-0.012240112493315,-0.0131234235244858,-0.0147202463809622,-0.0119357580477086,-0.0133152362451826,0.001379478197474,-1.3336557004141492,-1.3155841823008774,-1.2240112493315023,-1.312342352448581,-1.4720246380962254,-1.1935758047708631,-1.3315236245182671,0.1379478197474037,15.25,638.81,99.957,3301.36,-0.0529967606973995,0.0040940912551947,0.0051655338806488,0.0009030659397257,0.004693092414774114,9.814522398166048e-05,0.003833239103743641,9.814522398166048e-05,0.0,9.814522398166048e-05,7.820655217847245e-06,0,0,14.363901088409946,2.664718190264518,9.993413244593501,2.3019262004313585,1.174893551221909,0.16117754878741583,4.92075789722139,1.593462562791324,2.787735650953291,1.0252296716716427,21.80223038116532,3.082012275624253
2025-07-31 10:00:00+00:00,118505.02,3855.48,3.1713,181.39,0.22337,1.0001,163454000.0,5319000.0,4372.0,250400.0,309.0,1379.0,1395.61,-0.0116864892955189,-0.0114754418288233,-0.0121778660703985,-0.0108619442282967,-0.0087811268392806,-0.0120004057088862,-0.0109965736524636,-0.0010038320564226,-1.1686489295518965,-1.1475441828823318,-1.2177866070398502,-1.0861944228296785,-0.8781126839280673,-1.2000405708886277,-1.0996573652463648,-0.1003832056422626,16.02,636.2,99.892,3296.28,0.0492584385867926,-0.0040940912551947,-0.000650491143733,-0.0015399448905686,-0.0008594696169410554,-0.0008482118136345917,0.0038282100724690523,0.0,-0.0008482118136345917,0.0008482118136345917,7.788764503405557e-06,0,0,14.698933321755641,2.6877749280059833,10.756866065388257,2.375544254446284,1.2658884807466757,0.2357742319641962,6.389798631611873,1.8547027548431116,2.1001488406993647,0.7420082187412622,35.56177409929986,3.5712712997077443
2025-07-31 11:00:00+00:00,118371.25,3838.46,3.1515,180.74,0.22224,1.0001,163378000.0,5298000.0,4349.0,249500.0,307.0,1381.0,1396.41,-0.0115962343934866,-0.0115789530548026,-0.0117674691854456,-0.0114393441801601,-0.0107565193310755,-0.0111343274477989,-0.0114277040289941,0.0002933765811951,-1.159623439348667,-1.157895305480261,-1.176746918544569,-1.1439344180160127,-1.0756519331075576,-1.1134327447798964,-1.1427704028994137,0.0293376581195169,15.44,638.0801,99.966,3295.63,-0.0368763970435832,0.0029508447385229,0.0007405258071395,-0.0001972114310131,0.0005730618132346876,-0.0011294505289232148,0.0037486675853790194,0.0,-0.0011294505289232148,0.0011294505289232148,7.260109989395598e-06,0,0,15.127715648214867,2.716528534789686,10.72884346475717,2.372935765629,1.3481315016579274,0.2987195608908152,6.733873012879273,1.9071504629547902,2.752957190693474,1.0126756759827105,29.325580423756225,3.3784601871401256
2025-07-31 12:00:00+00:00,118626.18,3835.0,3.1346,179.34,0.22123,1.0001,163600000.0,5296000.0,4331.0,247700.0,306.0,1382.0,1393.78,-0.0105165707641692,-0.0091945659186166,-0.0086846612192348,-0.0090434494769137,-0.0076081732371218,-0.0085509809162004,-0.0090094841232112,0.0004585032070108,-1.051657076416923,-0.9194565918616672,-0.8684661219234835,-0.9043449476913712,-0.7608173237121818,-0.8550980916200435,-0.9009484123211252,0.0458503207010818,15.68,634.83,99.989,3294.92,0.0154244703256316,-0.0051065775387773,0.0002300517626609,-0.0002154600155517,-0.0018851768366277,0.0021513321753978687,0.003762142363594876,0.0021513321753978687,0.0,0.0021513321753978687,7.260109989395598e-06,0,0,7.911337000483627,2.068296794105988,9.239429658433224,2.22348015847072,0.9497465448523313,-0.05156012487592198,4.26074280944101,1.4494435134942567,3.418427758532077,1.2291807256435399,44.81059918950222,3.802444700489552
2025-08-01 09:00:00+00:00,114938.67,3618.31,2.9223,167.34,0.20432,1.0001,160391000.0,5045000.0,4081.0,233600.0,285.0,1396.0,1388.29,0.0051563769840294,0.0043271490159713,0.0059157342338655,0.0055250130059021,0.0047402134397063,0.0054530494050983,0.0051328973358949,0.0003201520692034,0.5156376984029487,0.432714901597131,0.5915734233865599,0.5525013005902135,0.474021343970632,0.5453049405098387,0.513289733589497,0.0320152069203416,20.52,623.3503,98.847,3345.72,0.2690140053803072,-0.0182486064533673,-0.0114869797952197,0.0153000286059299,-0.003946706679733403,0.0028113584148670157,0.0031587830646950424,0.0028113584148670157,0.0,0.0028113584148670157,8.868638699344683e-06,0,0,12.13861473151838,2.4963916713378933,9.500749622731007,2.2513707031493455,1.1337656119277544,0.12554449252021124,12.022474642180132,2.486777784970545,6.848397065544343,1.924014619860662,54.57735384348075,3.999619031940745
2025-08-01 10:00:00+00:00,114762.58,3615.11,2.9527,168.6,0.20581,1.0001,159902000.0,5030000.0,4113.0,234800.0,286.0,1393.0,1388.53,0.0034559796106019,0.0020541735434775,0.0031921337104252,0.0029637921784184,0.0007930784750376,0.0031189199575143,0.0024918315035921,0.0006270884539221,0.3455979610601956,0.2054173543477588,0.319213371042526,0.2963792178418467,0.0793078475037623,0.3118919957514343,0.2491831503592179,0.0627088453922164,20.18,621.51,99.072,3346.09,-0.0167080053771058,-0.0029566391355153,0.0022736583847793,0.0001105829365677,0.00017285960242041654,-0.0015332091966850925,0.00315753735764031,0.0,-0.0015332091966850925,0.0015332091966850925,8.936608164345119e-06,0,0,10.24402295545374,2.3266944092029584,5.226551984235451,1.6537517842217409,1.3201573548815395,0.277750937737132,6.533561595265278,1.8769522150088502,4.555508291751741,1.5163371143329427,40.40740184859378,3.699012982259559
2025-08-01 11:00:00+00:00,115305.65,3642.72,2.9707,169.2,0.20755,1.0001,160360000.0,5066000.0,4133.0,235400.0,289.0,1394.0,1388.66,0.001496724682944,0.0014827410219477,0.0018684101659898,0.0018672353799651,0.0027188496082126,0.0037450592215559,0.0018867921718118,0.0018582670497441,0.1496724682944039,0.1482741021947786,0.186841016598982,0.1867235379965137,0.271884960821267,0.3745059221555991,0.188679217181189,0.18582670497441,19.38,624.23,99.01,3348.7,-0.0404504084628429,0.0043668892745989,-0.0006260033927842,0.0007797108295335,9.361981002076192e-05,0.00472095611493728,0.003391430963120449,0.00472095611493728,0.0,0.00472095611493728,8.883455726958247e-06,0,0,8.014502321288912,2.0812526907199054,4.861304716587817,1.5813068620866646,1.403517420685872,0.3389815290590288,5.864551771866672,1.7689260549508017,3.4078381047778343,1.2260781033720984,16.587510168892,2.808650012703624
2025-08-01 12:00:00+00:00,115732.48,3663.28,2.9938,169.02,0.20753,1.0001,160776000.0,5091000.0,4160.0,235100.0,289.0,1390.0,1389.47,-0.0001915900563809,0.0001929931220889,4.921251790679371e-05,0.0010720992504997,0.0022308858427737,0.0002814122641079,0.0006707201353776,-0.0003893078712697,-0.0191590056380919,0.019299312208898,0.0049212517906793,0.107209925049978,0.2230885842773755,0.0281412264107938,0.0670720135377678,-0.0389307871269739,21.37,620.51,99.131,3347.41,0.0977464628684363,-0.0059771696502508,0.0012213526230446,-0.0003852983346916,0.0005831260761395285,0.0036948921426791514,0.0034693778089633903,0.0036948921426791514,0.0,0.0036948921426791514,8.883455726958247e-06,0,0,15.095370219413278,2.7143880888211642,9.177760384930409,2.2167832080844825,1.6133848906850914,0.4783343885860291,6.310819173882669,1.8422654896615314,5.117431083245461,1.6326525715833828,10.25602024246542,2.3278648738956935
2025-08-04 09:00:00+00:00,114325.92,3547.19,2.991,162.47,0.20125,0.9999,159704000.0,4947000.0,4173.0,226900.0,280.0,1396.0,1381.6,0.0110875535966759,0.0094275052329317,0.0098332054646859,0.0108320206921457,0.0070239923466175,0.010523750695857,0.0096408554666113,0.0008828952292457,1.1087553596675903,0.9427505232931788,0.9833205464685912,1.0832020692145727,0.7023992346617547,1.0523750695857093,0.9640855466611374,0.0882895229245717,17.97,629.43,98.627,3383.59,-0.1732843685355889,0.0142729273864645,-0.0050971499630749,0.0107503635251315,-0.005680131616832007,-0.0019253548219815286,0.001815262841941954,0.0,-0.0019253548219815286,0.0019253548219815286,8.160493485162086e-07,0,0,10.90529657145387,2.3892485951988633,8.297546885866147,2.115959915197552,1.6120244871901792,0.4774908345336884,8.392583888210018,2.1273484454384235,2.605865794005948,0.9577649785300143,144.52124534848338,4.973426523378234
2025-08-04 10:00:00+00:00,114251.83,3554.9,2.9856,162.38,0.20137,0.9999,159707000.0,4964000.0,4171.0,226900.0,281.0,1397.0,1384.96,0.0093076300095384,0.0082475003001505,0.0087216389749045,0.0089385786153699,0.0075678919181791,0.0087942712940425,0.0085566479636285,0.0002376233304139,0.9307630009538492,0.8247500300150534,0.8721638974904522,0.8938578615369952,0.7567891918179193,0.8794271294042533,0.8556647963628539,0.0237623330413994,18.15,628.98,98.805,3373.73,0.0099668599153921,-0.0007151882441833,0.0018031529663735,-0.0029183188002921,0.0024290105054838307,-0.0006482695939968863,0.0017768845148454,0.0,-0.0006482695939968863,0.0006482695939968863,8.335599096204123e-07,0,0,10.764948805682337,2.376295375178668,8.707236735789891,2.1641544886108783,1.3269684967441275,0.28289701486037544,12.377756552390734,2.515901035357618,6.792063549040954,1.9157548054200677,27.645055100440057,3.319446872930976
2025-08-04 11:00:00+00:00,114493.09,3555.7,2.9925,162.38,0.20104,0.9998,159907000.0,4963000.0,4180.0,226900.0,281.0,1397.0,1385.92,0.0077435729488208,0.0071194918546886,0.0078687058599318,0.0082397063604988,0.0085227103063147,0.008196328713907,0.007898837466051,0.000297491247856,0.7743572948820887,0.7119491854688631,0.7868705859931824,0.8239706360498866,0.8522710306314796,0.8196328713907075,0.7898837466051001,0.0297491247856074,18.12,629.7301,98.786,3374.38,-0.0016542600960263,0.001191855199691,-0.000192316452253,0.0001926465342183,0.0006929206883095063,0.002109424676715932,0.0018187657637919337,0.002109424676715932,0.0,0.002109424676715932,8.289668833594243e-07,0,0,12.98880871590178,2.564088118694319,8.571238598555075,2.1484122494192652,1.7933944757406424,0.5841101792035552,5.868482689263954,1.7695961147818504,3.1815487874766317,1.1573681183135494,116.156471286864,4.754938172574981
2025-08-04 12:00:00+00:00,114444.36,3570.17,3.0036,163.69,0.20176,0.9999,159741000.0,4981000.0,4190.0,228200.0,282.0,1396.0,1384.97,0.0078169025602905,0.0073659779579722,0.007236745529592,0.0065911904330866,0.0091917066120013,0.0080648779117209,0.0076405046185885,0.0004243732931323,0.7816902560290551,0.7365977957972225,0.7236745529592081,0.6591190433086647,0.9191706612001304,0.8064877911720947,0.7640504618588562,0.0424373293132385,17.85,630.315,98.763,3371.04,-0.0150127923891849,0.0009283795350025,-0.0002328536221796,-0.0009903016485139,-0.0006857002892379782,-0.0004257058051102547,0.0018087929161588938,0.0,-0.0004257058051102547,0.0004257058051102547,8.365179430471148e-07,0,0,10.560015406473749,2.357074737223429,6.104917775676882,1.8090946391143738,1.6493451332375555,0.5003783201842894,7.646151054278949,2.034202391066381,1.911453111048367,0.6478637439284692,30.062403347476323,3.403275332808049
2025-08-05 09:00:00+00:00,114694.76,3660.56,3.0606,168.88,0.2067,0.9999,159995000.0,5110000.0,4269.0,235700.0,288.0,1396.0,1390.09,0.0035058640151681,0.004223664428131,0.0034059263839163,0.00401093551161,0.0023262216652166,0.0043519584785129,0.0034945224008084,0.0008574360777045,0.3505864015168169,0.4223664428131046,0.3405926383916347,0.4010935511610025,0.2326221665216676,0.4351958478512996,0.3494522400808453,0.0857436077704543,17.94,629.85,98.952,3375.46,0.0050293484050016,-0.0007379986289173,0.0019118433863747,0.0013103092366097,0.003690014493077598,0.0036132234037058453,0.0022297614261926457,0.0036132234037058453,0.0,0.0036132234037058453,1.8426712939725938e-06,0,0,15.999725003207269,2.772571534792532,6.960589127510399,1.9402641155214042,1.0632019588435788,0.06128507081886836,6.9310361645477485,1.9360093207187647,3.4159367109749272,1.228451748522528,29.363766779102544,3.3797614918080083
2025-08-05 10:00:00+00:00,114841.27,3682.55,3.074,171.03,0.208,1.0,160060000.0,5131000.0,4278.0,238200.0,290.0,1394.0,1388.38,0.0038676913397988,0.0035638606368966,0.0023711725061292,0.0031389937336887,0.0042140978916211,0.0040478831443839,0.0034311632216269,0.000616719922757,0.3867691339798806,0.3563860636896621,0.2371172506129282,0.3138993733688755,0.4214097891621193,0.4047883144383979,0.3431163221626931,0.0616719922757047,18.34,627.925,98.72,3385.42,0.0220516101976686,-0.003060963213648,-0.0023473239156306,0.0029463641435079,-0.0012308934168094865,0.0012765753585313178,0.0022350039337555214,0.0012765753585313178,0.0,0.0012765753585313178,1.8251607328683902e-06,0,0,10.803727992518228,2.379891259060142,5.877084531795336,1.7710608110212587,0.6532976475515159,-0.4257224380120887,4.437495147991665,1.4900900613906074,2.565898877793384,0.9423088569186179,17.649711098928304,2.8707194149126694
2025-08-05 11:00:00+00:00,114827.07,3673.79,3.0627,170.89,0.20744,1.0,160000000.0,5112000.0,4264.0,237900.0,289.0,1393.0,1386.82,0.0047444206279665,0.0033591632972613,0.0039050555249267,0.0038242802044665,0.0045816542961809,0.0044562380121428,0.0040829147901604,0.0003733232219824,0.4744420627966539,0.335916329726138,0.3905055524926704,0.3824280204466568,0.4581654296180959,0.4456238012142899,0.408291479016043,0.0373323221982468,18.07,629.0193,98.696,3389.69,-0.0148313622241813,0.0017412072698448,-0.000243141387914,0.0012604963064415,-0.0011242434161928827,-0.0001236565738054196,0.002198873384045928,0.0,-0.0001236565738054196,0.0001236565738054196,1.8257978557119444e-06,0,0,8.81533744721559,2.1764930961398896,9.4440240679541,2.2453821677115586,0.8801601542378041,-0.127651394616634,3.4707676913967,1.2443758062032813,2.0639504092341294,0.7246218207968225,39.07758340891323,3.6655489882337617
2025-08-05 12:00:00+00:00,113937.35,3628.43,3.0264,167.23,0.20327,0.9999,159287000.0,5069000.0,4230.0,233600.0,284.0,1397.0,1385.76,0.0088490685789519,0.0081276374204075,0.008616382278622,0.008023431546092,0.0082240008126681,0.0082118938137896,0.0083681041273483,-0.0001562103135587,0.8849068578951957,0.8127637420407563,0.8616382278622048,0.8023431546092086,0.8224000812668164,0.8211893813789617,0.8368104127348364,-0.0156210313558747,17.69,629.708,98.714,3382.12,-0.0212535964324431,0.0010942800219293,0.0001823615829978,-0.0022357399729884,-0.0007646308143645086,-0.0077785215556467335,0.0027271763548980922,0.0,-0.0077785215556467335,0.0077785215556467335,4.339305029010124e-06,0,1,9.11536014864458,2.2099609189951064,7.044467800038139,1.952242599564292,1.1276021425956595,0.12009338039406013,5.276688782196194,1.6632987764092424,2.63964606428658,0.9706448416123868,54.32562320499486,3.99499599786675
2025-08-06 09:00:00+00:00,114093.15,3627.05,2.9439,163.97,0.20093,0.9999,159639000.0,5077000.0,4123.0,229400.0,281.0,1399.0,1386.75,0.0089769695685737,0.009381745554301,0.0099319384135272,0.0088598587338926,0.0084708772317609,0.0089344971994944,0.0091242779004111,-0.0001897807009166,0.8976969568573745,0.9381745554301046,0.993193841352724,0.8859858733892612,0.8470877231760987,0.8934497199494462,0.9124277900411126,-0.0189780700916663,17.29,628.755,98.385,3371.77,-0.022871208476495,-0.0015145462078267,-0.0033384269383534,-0.0030649027751419,0.000714154352609242,0.0012710853255537558,0.003671373787626294,0.0012710853255537558,0.0,0.0012710853255537558,9.069048018845943e-06,0,0,17.749330020688074,2.8763477698957045,13.173882244161554,2.578236251675558,1.7021836072232932,0.531911901667326,9.333869664055623,2.233649683862061,3.36334107348641,1.2129348470286776,16.711705417689682,2.8161093971057096
2025-08-06 10:00:00+00:00,114067.2,3616.3,2.9362,163.64,0.20053,0.9999,159520000.0,5059000.0,4107.0,228800.0,280.0,1400.0,1387.52,0.0078945759790876,0.0082331582309822,0.008091183825468,0.0076908090029323,0.0063276965487952,0.0090953744820976,0.0076474847174531,0.0014478897646445,0.7894575979087604,0.8233158230982252,0.8091183825468029,0.7690809002932397,0.6327696548795281,0.9095374482097628,0.7647484717453112,0.1447889764644516,16.95,631.915,98.339,3379.18,-0.01986046586874,0.0050132177622748,-0.0004676602838324,0.0021952474765178,0.0005551009957729391,-0.0002274716015460143,0.0036575433957394335,0.0,-0.0002274716015460143,0.0002274716015460143,9.071203990908856e-06,0,0,17.246831872646144,2.8476284670531418,12.71397342222341,2.542701658078133,2.840254291418078,1.0438935873964346,9.537811811169622,2.255264089252534,3.214182333843208,1.1675729968334918,62.57734354900932,4.136403288458474
2025-08-06 11:00:00+00:00,114226.69,3619.64,2.9464,164.2,0.20048,0.9999,159681000.0,5061000.0,4119.0,229500.0,281.0,1399.0,1385.44,0.0090157125527068,0.0092139294289457,0.0090492497012566,0.0088388880691188,0.0116902019746671,0.009888493180072,0.009561596345339,0.0003268968347329,0.9015712552706834,0.9213929428945722,0.9049249701256644,0.8838888069118811,1.1690201974667191,0.9888493180072012,0.956159634533904,0.032689683473297,16.98,632.39,98.316,3377.6,0.0017683470567422,0.0007514010026836,-0.0002339121822974,-0.0004676783997101,-0.0015002022316261687,0.001397234292578986,0.0036735429399340235,0.001397234292578986,0.0,0.001397234292578986,9.070566868065303e-06,0,0,11.01249874166246,2.3990308769978155,6.015566444422364,1.7943505169665332,1.8014518386578313,0.5885929168257981,10.272377385515334,2.32945848551683,2.956964505017089,1.0841632370840877,35.46217191690404,3.568466548542059
2025-08-06 12:00:00+00:00,113914.31,3584.01,2.9397,163.29,0.1994,0.9999,159199000.0,5014000.0,4105.0,228100.0,279.0,1398.0,1385.4,0.0087577126196092,0.009810619516249,0.0079406621182587,0.0083017314065778,0.0099592845231233,0.0091957658303725,0.0089540020367636,0.0002417637936088,0.8757712619609226,0.9810619516249064,0.7940662118258723,0.8301731406577861,0.9959284523123336,0.9195765830372516,0.8954002036763642,0.0241763793608873,16.94,632.2973,98.279,3376.18,-0.0023584916592929,-0.0001465975030603,-0.0003764083566411,-0.0004205052639925,-2.887211098556719e-05,-0.0027384836151238545,0.0033526132493413648,0.0,-0.0027384836151238545,0.0027384836151238545,6.861979156342009e-06,0,0,9.309781145097228,2.231065583504316,9.910138800950985,2.293558354394264,1.476068982279715,0.3893824610480563,7.916745014557858,2.068980138339299,2.845241913562463,1.0456480950925138,47.42470056873179,3.8591432020158383
2025-08-07 09:00:00+00:00,115062.19,3732.41,3.007,169.64,0.20621,0.9997,159954000.0,5186000.0,4183.0,235900.0,287.0,1391.0,1384.99,0.0037275196851582,0.0032208057891569,0.0044025318502634,0.0040446801397882,0.004906225654188,0.0046407737439029,0.0040603526237109,0.0005804211201919,0.3727519685158276,0.3220805789156955,0.4402531850263402,0.4044680139788204,0.4906225654188079,0.4640773743902926,0.4060352623710984,0.0580421120191942,16.6,633.77,98.382,3384.77,-0.0202749938614106,0.0023264176623385,0.0010474879047492,0.0025410643835961,-0.00029598720973833537,0.0009864749401256034,0.002320766321694134,0.0009864749401256034,0.0,0.0009864749401256034,1.1824365484060914e-06,0,0,10.494158218391416,2.350818742184541,7.717608751243177,2.0435045688068043,1.29316482249004,0.25709256458920254,6.1940691376301,1.8235922435213443,5.258057117874817,1.6597615892906836,44.4569675968156,3.794521701010141
2025-08-07 10:00:00+00:00,116347.22,3821.48,3.07,173.11,0.21282,0.9998,161338000.0,5290000.0,4254.0,240000.0,294.0,1387.0,1386.52,0.0001255443118755,-0.0016152411417951,-0.0006146666164232,-8.531438750103426e-05,-0.0036572772656934,0.0005462997223972,-0.0011693910199074,0.0017156907423047,0.0125544311875502,-0.161524114179512,-0.0614666616423287,-0.0085314387501034,-0.3657277265693426,0.0546299722397281,-0.1169391019907473,0.1715690742304754,17.05,631.93,98.317,3388.53,0.0267475083670278,-0.0029074840739475,-0.0006609083154058,0.0011102417983046,0.0011040913837039312,0.011106231236112762,0.0031885220908370667,0.011106231236112762,0.0,0.011106231236112762,1.1802805763431788e-06,1,0,7.171477717595739,1.9701117306700868,7.543069478035552,2.020629191757822,0.9197420101197104,-0.08366207204807576,7.86960201058184,2.063007490703549,4.1137508050880065,1.4143352169819887,11.417648145512223,2.435160241294982
2025-08-07 11:00:00+00:00,116519.53,3827.0,3.0793,172.82,0.21426,0.9998,161290000.0,5292000.0,4260.0,239200.0,297.0,1385.0,1386.19,-0.0014128889524466,-0.0024409527184288,-0.0019901317126265,-0.001508406056533,-1.7068395533725855e-05,-0.0006585998953375,-0.0014738895671137,0.0008152896717761,-0.1412888952446622,-0.2440952718428812,-0.1990131712626519,-0.1508406056533018,-0.0017068395533725,-0.0658599895337563,-0.1473889567113739,0.0815289671776176,16.9,632.21,98.234,3390.34,-0.008836581800498,0.000442988916701,-0.0008445645652637,0.0005340123185764,-0.0002380342708461214,0.0014799024029681362,0.0031892121315641384,0.0014799024029681362,0.0,0.0014799024029681362,1.1802805763431788e-06,0,0,7.646596434760276,2.0342606383475546,4.976212388197104,1.6046690370415009,1.0196392419384985,0.019448880361088768,6.554793366462808,1.8801965936772773,3.4271748086850264,1.231736250837248,6.508238133022648,1.873068779502153
2025-08-07 12:00:00+00:00,116390.0,3849.68,3.0773,172.44,0.21414,0.9999,161036000.0,5333000.0,4258.0,238800.0,296.0,1385.0,1385.91,-0.0016742389702918,-0.0004329661811947,-0.0016086909403529,-0.0007796278870194,-0.0026240671016413,-0.0005566639598639,-0.0014239182161,0.000867254256236,-0.1674238970291841,-0.0432966181194705,-0.1608690940352986,-0.0779627887019462,-0.2624067101641314,-0.0556663959863978,-0.1423918216100062,0.0867254256236083,17.23,630.05,98.286,3388.84,0.0193384286108107,-0.0034224361198997,0.0005292082354326,-0.0004425314048255,-0.00020201291508392671,-0.0011122774869214425,0.0031268064327683353,0.0,-0.0011122774869214425,0.0011122774869214425,9.193584387436147e-07,0,0,7.64636162317456,2.0342299298888187,5.869573570378469,1.769781985609784,1.072956221654639,0.07041766286714267,7.999434233659129,2.079370818386394,2.423501382723104,0.8852133468511415,12.83220408415374,2.551957955311413
2025-08-08 09:00:00+00:00,116685.17,3900.03,3.3278,176.06,0.22283,0.9998,160766000.0,5367000.0,4580.0,242500.0,306.0,1378.0,1390.12,-0.0088799740475008,-0.0100543403184917,-0.0099526425848606,-0.0091708984289802,-0.0121398316868865,-0.0085203758445124,-0.010039537413344,0.0015191615688315,-0.8879974047500849,-1.0054340318491728,-0.9952642584860616,-0.9170898428980224,-1.2139831686886593,-0.8520375844512484,-1.0039537413344002,0.1519161568831518,15.85,636.44,98.209,3400.24,-0.0834825502165488,0.0100909667239541,-0.0007837349952053,0.0033583374225987,0.003033110757147739,0.000553265299416239,0.003376716601826858,0.000553265299416239,0.0,0.000553265299416239,2.0655819274871964e-06,0,0,8.810036420495814,2.175891573934528,8.774937315220683,2.1718996257618195,1.5453046724588702,0.43522108991104624,4.888889057168355,1.5869650910028412,1.1178339498915557,0.11139283945482235,24.36333010898062,3.1930791374797005
2025-08-08 10:00:00+00:00,116544.39,3897.41,3.3093,176.65,0.2226,0.9997,160632000.0,5365000.0,4562.0,243300.0,307.0,1378.0,1390.19,-0.0085597791388293,-0.009807868364304,-0.0083806759341038,-0.0092722971255824,-0.0079374504497879,-0.0084711269270985,-0.0087916142025215,0.000320487275423,-0.8559779138829327,-0.9807868364304028,-0.8380675934103854,-0.9272297125582418,-0.7937450449787997,-0.8471126927098505,-0.8791614202521525,0.032048727542302,15.86,635.995,98.141,3390.73,0.0006307158834122,-0.0006994463656573,-0.0006926407203318,-0.0028007799229445,5.03540972154326e-05,-0.001207222764536553,0.0025402410988838086,0.0,-0.001207222764536553,0.001207222764536553,2.126306377621166e-06,0,0,7.9682018542529915,2.0754588530754994,8.054354893296244,2.086212925686951,1.3837039210084714,0.3247639044020373,6.214637361220232,1.8269073743013748,2.114359850829755,0.7487520956816489,98.34676355684577,4.588499636889904
2025-08-08 11:00:00+00:00,116891.51,3917.97,3.3364,177.65,0.22362,0.9996,160904000.0,5394000.0,4595.0,244600.0,307.0,1377.0,1389.9,-0.009623522582549,-0.0094730848498285,-0.0091136443701235,-0.0093786449049105,-0.0122565068310444,-0.0088847971737801,-0.0099690807076912,0.0010842835339111,-0.962352258254906,-0.947308484982856,-0.911364437012352,-0.9378644904910582,-1.22565068310444,-0.8884797173780101,-0.9969080707691224,0.1084283533911123,15.64,636.895,98.214,3395.33,-0.0139684810895364,0.0014141051465204,0.00074355125526,0.0013557206109453,-0.00020862634019103155,0.0029740091892325182,0.0025940211634282334,0.0029740091892325182,0.0,0.0029740091892325182,2.126306377621166e-06,0,0,7.03117391380816,1.9503536781988606,8.922019600554634,2.188522333582682,1.0671716579934536,0.06501183847410846,5.183936668212949,1.6455647421954387,2.3262297010517505,0.8442488028972404,107.89592995620957,4.681167151035596
2025-08-08 12:00:00+00:00,116500.48,3892.37,3.3208,176.45,0.22173,0.9995,160691000.0,5364000.0,4578.0,243100.0,305.0,1379.0,1388.77,-0.0068073148235786,-0.0076969500974282,-0.0073349266892861,-0.0079513515339626,-0.0095214929453569,-0.0065382713318539,-0.0078624072179225,0.0013241358860686,-0.6807314823578658,-0.7696950097428212,-0.7334926689286148,-0.7951351533962647,-0.952149294535698,-0.6538271331853918,-0.7862407217922529,0.1324135886068611,15.76,636.3905,98.132,3397.57,0.0076433493125676,-0.000792438186723,-0.0008352602524865,0.0006595121615777,-0.0008133388004285536,-0.0033508464954525863,0.0026795729298217156,0.0,-0.0033508464954525863,0.0033508464954525863,2.542598503795108e-06,0,0,12.000096917203471,2.4849147261890088,10.007876491506018,2.3033724321118427,1.580995216462156,0.4580545325821226,8.431716278392846,2.132000343034701,0.9949952387772698,-0.005017326983465696,112.91240935994703,4.726612379729682
2025-08-11 09:00:00+00:00,121439.75,4266.1,3.2804,183.14,0.23423,1.0,165869000.0,5822000.0,4483.0,250000.0,320.0,1366.0,1391.73,-0.0185924992177981,-0.0194128883626687,-0.0180554892492944,-0.0191517764078225,-0.0183594932506537,-0.0184877813943796,-0.0187144292976475,0.0002266479032678,-1.8592499217798155,-1.9412888362668743,-1.8055489249294447,-1.9151776407822507,-1.835949325065378,-1.848778139437968,-1.871442929764753,0.0226647903267852,15.79,637.25,98.592,3358.87,0.0019017438378177,0.0013496746224284,0.0046766112764711,-0.0114558623291838,0.0021291142730959223,-0.0019692430086717394,0.00409469806662729,0.0,-0.0019692430086717394,0.0019692430086717394,2.6452969909498557e-06,0,0,9.77974985217739,2.2803139062326423,6.698212199694428,1.901840654923393,0.9141175082076709,-0.08979615101309654,4.099070736740384,1.4107602984458492,2.8643558622918683,1.0523434949730903,13.472872932687238,2.600678251473186
2025-08-11 10:00:00+00:00,121184.84,4236.58,3.2559,181.9,0.23254,1.0,165539000.0,5787000.0,4456.0,248900.0,319.0,1367.0,1392.67,-0.0191472519947145,-0.0191787865884427,-0.0172888038899868,-0.0174741686202147,-0.0149805761981849,-0.0184322201239346,-0.0176139174583087,-0.0008183026656258,-1.9147251994714565,-1.9178786588442744,-1.728880388998688,-1.747416862021478,-1.4980576198184936,-1.843222012393464,-1.761391745830878,-0.0818302665625859,15.82,637.0701,98.579,3346.82,0.0018981340719572,-0.0002823466430372,-0.0001318652339215,-0.0035939666075854,0.000675190371865142,-0.0021012717119308633,0.004087326552185536,0.0,-0.0021012717119308633,0.0021012717119308633,2.60670638414482e-06,0,0,7.878601960750849,2.064150471981312,7.0332290944861615,1.9506459310149122,0.8926332557586976,-0.11357947030118995,4.407179216132533,1.4832348512759173,2.9724465778896443,1.0893853773067979,31.15135788126139,3.4388578359771564
2025-08-11 11:00:00+00:00,120561.54,4185.1,3.215,179.08,0.2283,1.0001,165499000.0,5751000.0,4418.0,246100.0,314.0,1373.0,1392.87,-0.0144560356162289,-0.0134321846219223,-0.0134158142723336,-0.0133708479804864,-0.0125544611985963,-0.0143640729367225,-0.0134458687379135,-0.000918204198809,-1.445603561622899,-1.3432184621922303,-1.3415814272333626,-1.3370847980486489,-1.2554461198596378,-1.4364072936722594,-1.3445868737913558,-0.0918204198809035,15.58,638.55,98.518,3349.71,-0.0152869218969056,0.0023202843290839,-0.0006189845806652,0.0008631336466553,0.00014359872796188,-0.005156655344208616,0.004265991424304647,0.0,-0.005156655344208616,0.005156655344208616,3.7146686482679563e-06,0,0,10.555830736434139,2.3566783836919556,6.0731355457223435,1.8038750360673759,1.0208262843853924,0.020612382087034878,4.046012934086301,1.3977319354992925,2.907404423330574,1.0672607324131311,17.23979883928642,2.8472205969126243
2025-08-11 12:00:00+00:00,119643.7,4184.1,3.2072,178.79,0.22776,1.0001,164371000.0,5749000.0,4407.0,245700.0,313.0,1374.0,1391.52,-0.0127073374428017,-0.0125825446985212,-0.0125217140357961,-0.0124195607894322,-0.0124083015112986,-0.0126892795370341,-0.01252789169557,-0.0001613878414641,-1.2707337442801725,-1.258254469852127,-1.252171403579616,-1.2419560789432291,-1.240830151129868,-1.2689279537034135,-1.2527891695570026,-0.016138784146411,15.81,637.18,98.562,3344.35,0.0146546107787783,-0.0021477907184932,0.0004465191874469,-0.0016014201084235,-0.0009696918217523276,-0.0076421685640717385,0.004593755617610586,0.0,-0.0076421685640717385,0.0076421685640717385,6.148116163338219e-06,0,1,10.44105918147853,2.3457460314729772,6.51276674771036,1.8737643655819964,1.2533514810447872,0.22582114818587676,5.58393179235826,1.7198931505499144,4.445018443553035,1.4917840182380324,10.662995495191968,2.366779382564976
2025-08-12 09:00:00+00:00,118408.38,4288.01,3.1281,174.55,0.22209,0.9999,163200000.0,5903000.0,4310.0,240300.0,306.0,1380.0,1387.39,-0.0065656897058641,-0.0077561087625898,-0.0068883374710502,-0.0077174414671855,-0.0068979863033065,-0.0052270711181571,-0.0071651127419992,0.0019380416238421,-0.6565689705864131,-0.7756108762589808,-0.6888337471050221,-0.771744146718556,-0.6897986303306514,-0.5227071118157123,-0.7165112741999247,0.1938041623842123,15.25,639.33,98.257,3345.82,-0.03606314816796,0.0033685627735664,-0.0030992967563419,0.0004394507235723,-0.002972390642912437,-0.0034256396750880214,0.0027940590696402443,0.0,-0.0034256396750880214,0.0034256396750880214,7.302199137380836e-06,0,0,11.300565451648309,2.4248527644352142,5.5691406418739975,1.7172407587102632,0.7599399859254907,-0.27451581470724234,9.706598377777672,2.2728058993792066,2.4348120988630813,0.8898695867657007,12.723050940623459,2.5434153829742456
2025-08-12 10:00:00+00:00,118449.99,4277.39,3.1285,174.78,0.22094,1.0,163355000.0,5895000.0,4312.0,241000.0,304.0,1380.0,1387.2,-0.0058353344365135,-0.0065045567394036,-0.0064184629938804,-0.0060003592586918,-0.0081176694022782,-0.0051903114186852,-0.0065752765661535,0.0013849651474683,-0.5835334436513517,-0.6504556739403644,-0.6418462993880492,-0.6000359258691801,-0.8117669402278205,-0.5190311418685201,-0.6575276566153532,0.1384965147468331,14.85,640.53,97.989,3337.47,-0.026579637804712,0.0018752056500543,-0.0027312675580928,-0.0024987706188674,-0.00013695717226536175,0.0003513492086266723,0.002798910383874438,0.0003513492086266723,0.0,0.0003513492086266723,7.118226520407467e-06,0,0,8.922437925650044,2.1885692192999833,4.970241925143605,1.6034685160151148,0.6101132660351002,-0.4941106570267992,4.289453584365121,1.4561593552158678,3.0395805254197454,1.111719520838022,10.085737094179713,2.3111222569039036
2025-08-12 11:00:00+00:00,118522.22,4290.94,3.1501,175.23,0.22148,1.0,163420000.0,5910000.0,4341.0,241600.0,306.0,1380.0,1385.46,-0.0047975488714043,-0.0058748811965224,-0.0053473283755034,-0.004836411833586,-0.0027755454940953,-0.0039409293664198,-0.0047263431542223,0.0007854137878024,-0.4797548871404378,-0.5874881196522463,-0.5347328375503446,-0.4836411833586074,-0.277554549409531,-0.3940929366419876,-0.4726343154222334,0.0785413787802458,14.94,641.38,98.01,3349.91,0.0060423144559629,0.0013261463356588,0.000214286808406,0.0037204448825214,-0.001255112583886664,0.0006096073648205191,0.0026665664490251695,0.0006096073648205191,0.0,0.0006096073648205191,6.01026425628433e-06,0,0,5.912524443281364,1.7770728879797153,7.072866197547512,1.9562658005198363,0.554558503406885,-0.5895829711622214,5.369921928770585,1.6808133700111016,2.943700946177418,1.0796676149248257,6.987769728395887,1.9441614392955364
2025-08-12 12:00:00+00:00,119264.66,4407.27,3.1852,177.96,0.22655,0.9999,164497000.0,6080000.0,4395.0,245700.0,313.0,1379.0,1383.7,-0.0032086362479897,-0.0030072938712264,-0.002804680471347,-0.0022061599478876,-0.0015223912511541,-0.0032970197359406,-0.002549832357921,-0.0007471873780196,-0.3208636247989727,-0.3007293871226446,-0.2804680471347076,-0.2206159947887642,-0.1522391251154164,-0.3297019735940654,-0.2549832357921011,-0.0747187378019642,14.87,641.54,98.03,3349.56,-0.0046964192326077,0.000249430986857,0.0002040399925462,-0.0001044858773369,-0.001271143767051619,0.006244603677240335,0.002603030935807101,0.006244603677240335,0.0,0.006244603677240335,3.5768167412140684e-06,0,0,5.441745653630275,1.694099901604405,3.882177011473015,1.356396081716796,0.6304913205056211,-0.4612558897216841,3.572797653276214,1.2733489452731035,2.921684212325332,1.0721602350465536,19.39227252186621,2.964874663102215
2025-08-13 09:00:00+00:00,120116.02,4706.82,3.2887,202.17,0.2496,0.9999,163870000.0,6418000.0,4483.0,275900.0,340.0,1365.0,1377.49,-0.0096012913951692,-0.0101174513044859,-0.0104083416252067,-0.0092900274549218,-0.0111147905396865,-0.0089681132702487,-0.010106380463894,0.0011382671936453,-0.9601291395169298,-1.0117451304485936,-1.0408341625206765,-0.92900274549218,-1.111479053968656,-0.8968113270248712,-1.0106380463894071,0.1138267193645358,14.58,644.2444,97.678,3365.28,-0.0196950338915513,0.0042066212469391,-0.0035971997012769,0.004682175217523,-0.004498068202750893,0.0005956849618211635,0.002834288384791649,0.0005956849618211635,0.0,0.0005956849618211635,2.3608464037757447e-06,0,0,9.971775586066933,2.299758661002441,8.611436706823353,2.15309116942323,1.3775040465258823,0.3202731996274652,4.6543081927630245,1.5377932837367934,1.6513120146938691,0.501570132360457,13.530258989026766,2.604928583834436
2025-08-13 10:00:00+00:00,120496.0,4694.58,3.2923,201.51,0.24681,0.9999,164210000.0,6394000.0,4484.0,274600.0,336.0,1363.0,1378.02,-0.0110565689547146,-0.011628151760023,-0.0116501944924517,-0.0111090347281804,-0.0120817584836028,-0.0108007767439056,-0.0115051416837945,0.0007043649398888,-1.105656895471463,-1.1628151760023075,-1.1650194492451749,-1.1109034728180478,-1.2081758483602822,-1.0800776743905671,-1.150514168379455,0.0704364939888879,14.71,643.69,97.733,3363.51,0.0088768080328338,-0.0008609134661545,0.0005629161250118,-0.000526097572024,0.0003846837837908623,0.0031584483259265994,0.002881258246945657,0.0031584483259265994,0.0,0.0031584483259265994,2.3608464037757447e-06,0,0,13.970824032847885,2.6369711574167365,6.824066415997374,1.9204555428497196,1.2554248599500564,0.22747404911884736,4.377453735462133,1.4764672164097723,2.9307721902178914,1.075265934456241,14.494576835839856,2.6737745681454608
2025-08-13 11:00:00+00:00,120570.41,4690.33,3.2846,201.0,0.24663,0.9999,164455000.0,6394000.0,4474.0,274200.0,335.0,1365.0,1379.35,-0.011146704737573,-0.0116864423411476,-0.0124956622591785,-0.0109985830444687,-0.0152535476442621,-0.0103044813489214,-0.012316188005326,0.0020117066564045,-1.1146704737573063,-1.1686442341147685,-1.249566225917853,-1.0998583044468768,-1.5253547644262122,-1.030448134892148,-1.2316188005326034,0.2011706656404554,14.56,643.26,97.741,3358.2,-0.0102494918448061,-0.000668246654496,8.185231800084125e-05,-0.0015799554293742,0.0009646874399473759,0.0006173402786657789,0.0028812465477614396,0.0006173402786657789,0.0,0.0006173402786657789,2.3608464037757447e-06,0,0,8.711149853220888,2.164603797446324,8.303147095520972,2.1166346110715373,1.0315414402708079,0.031054227487873835,4.864519608759485,1.581967966416995,2.3768365126295286,0.8657704071441623,18.84801952522875,2.9364078433997065
2025-08-13 12:00:00+00:00,120273.72,4685.91,3.271,201.14,0.24566,0.9999,164201000.0,6401000.0,4467.0,274800.0,335.0,1367.0,1379.05,-0.0100231445191485,-0.009455772260235,-0.0097259564560298,-0.0093088805721385,-0.0111501615619763,-0.0086387631548042,-0.0099327830739056,0.0012940199191013,-1.002314451914854,-0.9455772260235084,-0.9725956456029804,-0.9308880572138524,-1.1150161561976346,-0.8638763154804274,-0.993278307390566,0.1294019919101385,14.71,643.6587,97.78,3358.01,0.0102494918448061,0.0006196195808731,0.0003989341351289,-5.65795292448712e-05,-0.000217517402250067,-0.002463752386885787,0.0026969003601990645,0.0,-0.002463752386885787,0.002463752386885787,2.6137662297709703e-06,0,0,11.14408096249083,2.410908501570535,5.967640711556634,1.7863516586020582,1.8511468770521873,0.6158053805525384,5.3645749507517655,1.6798171466163674,2.963562976773444,1.0863922528292886,35.64776400251805,3.5736864240662887
2025-08-14 09:00:00+00:00,121649.84,4760.0,3.2421,205.4,0.24244,0.9993,167027000.0,6531000.0,4454.0,282000.0,334.0,1373.0,1389.82,-0.0120918195687327,-0.0127794796956354,-0.0115260022916503,-0.0121520293262776,-0.0087490091734069,-0.0114102738187182,-0.0114596680111406,4.939419242233623e-05,-1.2091819568732731,-1.277947969563542,-1.152600229165035,-1.215202932627768,-0.874900917340693,-1.1410273818718286,-1.1459668011140622,0.0049394192422336,14.89,644.24,98.069,3344.34,0.0121623120825713,0.0009027108102133,0.002951255403536,-0.0040791719188995,0.007779386042400027,9.914191285176344e-05,0.004528682889399904,9.914191285176344e-05,0.0,9.914191285176344e-05,6.646280909648837e-06,0,0,12.25411160603416,2.505861521984704,9.71895489916856,2.2740780920299164,1.3200783312386053,0.27769107668504994,4.602883922517091,1.5266830467280998,2.1693491794996276,0.7744272052869082,44.039586277776955,3.7850889175727724
2025-08-14 10:00:00+00:00,120933.0,4707.54,3.2117,202.71,0.23839,0.9995,166503000.0,6475000.0,4422.0,278900.0,328.0,1376.0,1390.2,-0.0096243542166746,-0.0106078285988211,-0.0096094624035187,-0.0103171228529871,-0.0102887066898793,-0.0097192172550094,-0.0100894949523762,0.0003702776973667,-0.9624354216674624,-1.0607828598821143,-0.9609462403518788,-1.0317122852987135,-1.0288706689879357,-0.971921725500946,-1.008949495237621,0.0370277697366749,14.95,643.31,98.176,3340.99,0.004021453140778,-0.0014446043442717,0.0010904737507004,-0.0010021944407814,0.0002733793299096732,-0.00591008075051036,0.004675662668818936,0.0,-0.00591008075051036,0.00591008075051036,8.101658179546882e-06,0,0,11.49210413434251,2.4416602025398335,11.176854884348252,2.4138451119021944,1.6211073898901696,0.4831094897202766,4.4051238636982974,1.4827683778800556,2.8619952517409684,1.0515190220626411,19.086381576855413,2.9489750742952365
2025-08-14 11:00:00+00:00,120949.67,4718.17,3.2181,203.62,0.23797,0.9995,166592000.0,6493000.0,4434.0,280300.0,328.0,1376.0,1390.66,-0.009559270768359,-0.0104201240221538,-0.0092246560716119,-0.0101219330178421,-0.0088698898728319,-0.0100467805415515,-0.0096391747505597,-0.0004076057909917,-0.9559270768359052,-1.0420124022153865,-0.9224656071611936,-1.0121933017842144,-0.8869889872831993,-1.0046780541551503,-0.96391747505598,-0.0407605790991704,15.28,643.11,98.272,3341.93,0.0218334839016787,-0.0003109404418637,0.0009773579536762,0.0002813141579416,0.0003308329108229202,0.00013783542265599635,0.004674606966369625,0.00013783542265599635,0.0,0.00013783542265599635,8.101658179546882e-06,0,0,12.427999835583837,2.519951978301306,6.2574278380971675,1.8337692121913234,1.2170262091965667,0.19641034967864512,5.711523609403244,1.7424858198440485,3.2860176707431163,1.189676397185254,25.78030300350703,3.249610750875137
2025-08-14 12:00:00+00:00,118866.37,4567.33,3.1011,194.41,0.22618,0.9994,163900000.0,6285000.0,4279.0,267700.0,313.0,1379.0,1390.2,-0.0081576015991859,-0.0101586178433631,-0.0074572273793854,-0.0095045457377316,-0.0045651215978086,-0.0074608712861151,-0.0079686228314949,0.0005077515453798,-0.8157601599185993,-1.0158617843363138,-0.7457227379385478,-0.9504545737731628,-0.4565121597808641,-0.7460871286115167,-0.7968622831494975,0.0507751545379808,14.91,645.01,98.254,3334.47,-0.0245126549617271,0.002950037850403,-0.0001831818695778,-0.0022347382135983,-0.0003308329108229202,-0.017374587687939425,0.005871965934700742,0.0,-0.017374587687939425,0.017374587687939425,2.0426917408797334e-05,0,1,7.181169154743443,1.971462204726451,5.245421162657456,1.6573555365573387,0.9048195194504997,-0.10001978119177148,2.912783112861158,1.0691090203001954,2.28820110639965,0.8277659658086041,9.894270431541326,2.2919558453146696
2025-08-15 09:00:00+00:00,118707.99,4624.28,3.1037,194.2,0.23005,0.9993,164549000.0,6414000.0,4301.0,269400.0,318.0,1387.0,1387.31,-0.0008244939549065,-0.0002041813759759,-0.0011133944047647,-5.791052887860193e-05,-0.0036053990305716,0.0004768797933225,-0.0011610758590195,0.001637955652342,-0.082449395490658,-0.0204181375975998,-0.1113394404764767,-0.0057910528878601,-0.3605399030571665,0.0476879793322559,-0.1161075859019522,0.1637955652342082,14.79,644.17,97.754,3335.23,-0.0080808520539386,-0.0013031541272354,-0.0051018436444767,0.0002278963081661,-0.002081001359451662,-0.0014372018484340998,0.004238566707910103,0.0,-0.0014372018484340998,0.0014372018484340998,1.6251586086708232e-05,0,0,6.498616724910999,1.871589342701846,7.532808528658816,2.0192679508461326,1.0945324935516618,0.09032732557268242,4.589884254837846,1.5238548069435778,2.3450915571321413,0.852324444689215,21.394211995625923,3.0631204179507607
2025-08-15 10:00:00+00:00,118879.83,4636.21,3.1066,194.69,0.23044,0.9992,164794000.0,6427000.0,4308.0,270100.0,319.0,1387.0,1386.78,-0.0004013743716274,-0.0003737988871501,-3.963352661429109e-05,0.0003992774632701,-0.0017823448473929,0.0009594084070383,-0.0004395748339029,0.0013989832409412,-0.040137437162746,-0.0373798887150167,-0.0039633526614291,0.0399277463270175,-0.1782344847392925,0.0959408407038342,-0.0439574833902933,0.1398983240941276,14.72,643.49,97.756,3342.04,-0.0047441634219782,-0.0010561795244274,2.045931154537328e-05,0.0020397564756695,-0.00038210729028165247,0.0014465390520790322,0.004134275165190883,0.0014465390520790322,0.0,0.0014465390520790322,1.4796208816810188e-05,0,0,10.440994313882431,2.3457398187127128,12.209632869954339,2.502225219689755,1.5088691406778498,0.4113604567926779,4.344272056337633,1.468858208740936,2.960352720150818,1.0853084234498307,76.8674886735872,4.3420830130418535
2025-08-15 11:00:00+00:00,119006.01,4634.16,3.1111,194.32,0.22974,0.9993,164948000.0,6424000.0,4315.0,269400.0,319.0,1388.0,1388.18,-0.0015360790178654,-0.0014065227677746,-0.0008721929606722,-0.0013017094316046,0.000249362479624,0.000570733331713,-0.0009734283396585,0.0015441616713716,-0.1536079017865455,-0.1406522767774642,-0.0872192960672202,-0.130170943160468,0.0249362479624037,0.0570733331713091,-0.0973428339658588,0.154416167137168,14.82,643.33,97.84,3342.51,0.0067705065672107,-0.0002486750296464,0.0008589133230136,0.0001406227796252,0.001009023639102935,0.0010608450829483473,0.004146812868342621,0.0010608450829483473,0.0,0.0010608450829483473,1.4796208816810188e-05,0,0,9.388872600188748,2.2395252221342647,10.809333473519015,2.3804099714262987,1.0384761916628866,0.03775443837348212,3.3228605270009046,1.2008260164786388,3.506766672547885,1.254694437022221,57.2092724201877,4.046715990496153
2025-08-15 12:00:00+00:00,118648.66,4628.37,3.1132,193.44,0.22968,0.9992,164621000.0,6423000.0,4320.0,268500.0,319.0,1387.0,1388.88,-0.0010179754375406,-0.000816789199346,-0.0008930018349599,-0.0006139513238293,6.4000409603082176e-06,-0.0005540519046192,-0.0006670635509431,0.0001130116463239,-0.1017975437540674,-0.0816789199346024,-0.0893001834959994,-0.0613951323829353,0.0006400040960308,-0.0554051904619212,-0.0667063550943147,0.0113011646323935,14.86,644.165,97.868,3338.36,0.0026954194216721,0.0012970925977509,0.0002861405787299,-0.0012423533263703,0.000504130277938053,-0.003007306940945753,0.0022211686030454486,0.0,-0.003007306940945753,0.003007306940945753,2.5948587214420313e-06,0,0,9.82177693462663,2.2846020565697707,10.95097644652067,2.3934286254850514,1.5096090789322396,0.4118507291851729,3.986340049172544,1.382873529033057,2.948617681910928,1.0813364781296115,53.69505794187004,3.983320966402065
2025-08-18 09:00:00+00:00,115038.46,4292.72,2.9672,181.2,0.22258,0.9994,160542000.0,5985000.0,4139.0,253000.0,311.0,1395.0,1386.79,0.006317229442958,0.0053583553001217,0.0058608495823757,0.0068195189019979,0.0075429061450049,0.0065240609620065,0.0063797718744917,0.0001442890875148,0.6317229442958094,0.5358355300121742,0.586084958237576,0.6819518901997945,0.7542906145004968,0.6524060962006528,0.6379771874491702,0.0144289087514825,15.45,642.92,98.039,3336.81,0.0389359640541413,-0.0019346047670589,0.001745726731845,-0.0004644076563913,-0.0015059429939343616,-0.0008425804137637272,0.002787188810941093,0.0,-0.0008425804137637272,0.0008425804137637272,8.129401906631944e-06,0,0,12.531002800985164,2.5282057977075953,6.690386816372949,1.900671692554263,1.0154647522966387,0.01534639173294129,3.4133338201039494,1.2276894735518207,3.040636651378579,1.1120669182874043,37.49808581610402,3.624289886769637
2025-08-18 10:00:00+00:00,115058.58,4264.29,2.9696,180.77,0.22161,0.9994,160520000.0,5952000.0,4141.0,252400.0,310.0,1396.0,1387.43,0.0055393261564902,0.0060165137563068,0.0050697338691458,0.0063566289198175,0.0082338152812282,0.0067809567774352,0.0062432035965977,0.0005377531808375,0.5539326156490221,0.6016513756306852,0.5069733869145887,0.6356628919817586,0.8233815281228241,0.6780956777435287,0.6243203596597757,0.053775318083753,15.24,642.75,98.117,3334.39,-0.0136854530852543,-0.0002644535549407,0.0007952854270181,-0.0007255066872975,0.00046139095771291494,0.00017488273687682465,0.002782010106249406,0.00017488273687682465,0.0,0.00017488273687682465,8.129401906631944e-06,0,0,11.26289155531695,2.4215133886179765,8.222632454227659,2.106890407705074,2.109438579729509,0.7464218361259086,4.269350136999502,1.4514616229178794,7.057630879015824,1.9541094256445912,131.69819786646949,4.880512925029717
2025-08-18 11:00:00+00:00,114947.27,4274.37,2.9644,181.36,0.22178,0.9994,160099000.0,5955000.0,4131.0,252700.0,308.0,1393.0,1387.49,0.0038298281314201,0.0041065290718882,0.0043579663508599,0.0042315767331018,0.0009179450971821,0.0045739441589263,0.0034887690768904,0.0010851750820358,0.3829828131420187,0.4106529071888243,0.4357966350859943,0.4231576733101816,0.0917945097182126,0.4573944158926313,0.3488769076890463,0.1085175082035849,15.2,643.1235,98.114,3335.69,-0.0026281224062696,0.0005809280780786,-3.0576208653876336e-05,0.0003898004271203,4.324448993830998e-05,-0.0009678885010071525,0.002780654781803977,0.0,-0.0009678885010071525,0.0009678885010071525,8.146775960775738e-06,0,0,7.923031498291999,2.069773897526382,4.276223483995892,1.4530702565294802,1.9636289943285083,0.674794288996447,5.629295557932122,1.72798431139805,2.8118264261926265,1.0338342459382437,47.717361027616214,3.8652952945189942
2025-08-18 12:00:00+00:00,115519.99,4343.3,2.9904,183.2,0.22433,0.9994,160857000.0,6044000.0,4165.0,255000.0,313.0,1391.0,1388.0,0.0032134730503332,0.0025710539888161,0.0034511975304643,0.0028252142506577,0.0052348003680764,0.0027630411099686,0.0034591478376695,-0.0006961067277009,0.321347305033326,0.2571053988816185,0.34511975304643,0.2825214250657737,0.5234800368076442,0.2763041109968611,0.3459147837669585,-0.0696106727700973,15.19,643.165,98.145,3334.37,-0.0006581112445491,6.452673722012747e-05,0.000315909081956,-0.0003957985437121,0.00036750267933971514,0.0049700871085338605,0.0030525377108164614,0.0049700871085338605,0.0,0.0049700871085338605,8.08375528372532e-06,0,0,7.335505993476096,1.9927263926480214,5.374414991865462,1.681649729367658,1.3991952163307546,0.33589722585617265,4.15658215637553,1.4246931395522437,7.445811580249469,2.007651670302186,54.84122157936305,4.00444212978087
2025-08-19 09:00:00+00:00,115322.7,4280.78,3.0173,181.33,0.21873,0.9995,160524000.0,5951000.0,4197.0,252400.0,305.0,1392.0,1390.14,0.0013055685122995,1.9575378986891323e-05,0.0006033130165943,0.00129292861838,0.0030739375119706,0.001838914191439,0.0012590646076462,0.0005798495837927,0.130556851229957,0.0019575378986891,0.0603313016594331,0.129292861838004,0.3073937511970603,0.1838914191439,0.1259064607646287,0.0579849583792713,14.87,643.05,98.127,3334.46,-0.0212915561356177,-0.0001788192492018,-0.0001834189293479,2.699124134508679e-05,0.0015405994105872622,0.0011819053441346483,0.0036707921999215706,0.0011819053441346483,0.0,0.0011819053441346483,6.890441687086661e-06,0,0,12.65221471264629,2.5378322759480185,8.06697122045533,2.0877780983837444,1.4659824172532578,0.3825256097044434,7.564891595952384,2.023518017455214,4.889468524171456,1.5870836113164948,37.9569111628187,3.6364515995884403
2025-08-19 10:00:00+00:00,115400.0,4286.01,3.0128,181.4,0.21994,0.9996,160471000.0,5953000.0,4187.0,252000.0,305.0,1391.0,1390.04,0.0003764339387613,-0.0007931450562107,-0.0002178918488352,-0.0006077890979127,-0.0023727096462855,0.001091064033452,-0.0007230203420965,0.0018140843755486,0.03764339387613,-0.0793145056210753,-0.0217891848835249,-0.0607789097912703,-0.2372709646285553,0.1091064033452049,-0.0723020342096592,0.1814084375548641,15.23,641.57,98.137,3325.63,0.0239214064350066,-0.0023041843577233,0.0001019035585603,-0.0026516173726491,-7.193778823211261e-05,0.0006700684665386092,0.0036726060544232685,0.0006700684665386092,0.0,0.0006700684665386092,6.890441687086661e-06,0,0,9.898382726431842,2.2923713828292076,6.837225991185681,1.9223820925298418,1.4744370132526512,0.3882762310007619,4.2444421146109415,1.445610389362507,5.474959802475036,1.7001849336619197,77.72242503072395,4.35314382616765
2025-08-19 11:00:00+00:00,115508.71,4308.93,3.0156,182.66,0.2203,0.9997,160550000.0,5987000.0,4192.0,253800.0,306.0,1391.0,1392.32,-0.0017104738579537,-0.0020684398640299,-0.0015910218674735,-0.0020492639190865,-0.0023737505937505,-0.000648252393438,-0.0019585900204588,0.0013103376270208,-0.1710473857953753,-0.2068439864029936,-0.1591021867473507,-0.2049263919086552,-0.2373750593750556,-0.064825239343802,-0.1958590020458861,0.1310337627020841,15.49,640.325,98.234,3322.72,0.0169274875217069,-0.0019424373937884,0.0009879259960925,-0.0008754052316248,0.0016388968432101692,0.000941584299974707,0.0036686165378648113,0.000941584299974707,0.0,0.000941584299974707,6.851408014154083e-06,0,0,13.021895055654227,2.5666321757785275,6.325340955890033,1.8445639392302744,1.1725272660350488,0.1591614756820271,4.59016578582286,1.5239161423358372,7.3615890962500155,1.996275819252193,33.59558392859335,3.5143946276347613
2025-08-19 12:00:00+00:00,115599.99,4305.68,3.0136,182.03,0.22025,0.9997,160510000.0,5979000.0,4188.0,252900.0,305.0,1390.0,1392.28,-0.002718612778608,-0.002621001643749,-0.0018530564639845,-0.0021178003811384,-0.005379656857286,-0.0013380030327654,-0.0029380256249532,0.0016000225921877,-0.2718612778608076,-0.262100164374901,-0.1853056463984592,-0.2117800381138401,-0.537965685728603,-0.1338003032765433,-0.2938025624953222,0.1600022592187789,15.68,639.68,98.209,3317.48,0.0121913604934844,-0.0010078086485494,-0.0002545267597726,-0.0015782660424985,-2.872944049592263e-05,0.0007899313591099855,0.003529026458540003,0.0007899313591099855,0.0,0.0007899313591099855,6.851408014154083e-06,0,0,11.634607530179883,2.453984064357209,7.060379659024355,1.9544988261250427,0.967009792506857,-0.033546656892571226,4.221169424977725,1.4401122045823034,8.276214106234628,2.1133856302874934,146.6322893279524,4.987928019824567
2025-08-20 09:00:00+00:00,113699.98,4222.74,2.8869,180.93,0.21431,1.0001,159187000.0,5905000.0,4039.0,253200.0,300.0,1399.0,1398.73,0.0009521578834179,-0.0002494077548514,0.000249223522984,0.0005049195069906,0.0007945431309244,9.302294838953172e-05,0.0004502872578931,-0.0003572643095035,0.0952157883417958,-0.0249407754851493,0.0249223522984065,0.0504919506990608,0.0794543130924418,0.0093022948389531,0.0450287257893111,-0.0357264309503579,16.93,633.94,98.214,3344.73,0.0767011812227824,-0.0090137385771686,5.0910534928227946e-05,0.0081805142635378,0.0046219909513052215,-0.0027229389906491264,0.0033385997959608175,0.0,-0.0027229389906491264,0.0027229389906491264,8.291419659737102e-06,0,0,14.108911895637078,2.6468066470610294,5.394833129539068,1.6854416676551054,1.7805888656720625,0.576944133005266,9.882871856529174,2.290803143260121,3.7665138693747693,1.3261498705746608,81.16594601723934,4.396495775177411
2025-08-20 10:00:00+00:00,113792.2,4226.62,2.9037,181.0,0.21515,1.0,159114000.0,5906000.0,4059.0,252900.0,301.0,1399.0,1397.62,0.0004762718014459,-0.0002046049958207,0.0001800782464309,-0.0002736301278075,0.0010045196750814,0.0009873928535655,0.0002365269198659,0.0007508659336995,0.0476271801445937,-0.0204604995820756,0.0180078246430959,-0.0273630127807567,0.1004519675081416,0.0987392853565527,0.0236526919865998,0.0750865933699529,16.65,636.34,98.153,3347.02,-0.0166769797185915,0.0037786989572579,-0.0006212856738878,0.000684424878214,-0.000793892079532732,0.0008107531876611063,0.0033410318615372595,0.0008107531876611063,0.0,0.0008107531876611063,8.291419659737102e-06,0,0,8.751079447165237,2.169177058150952,4.13851604510234,1.4203372803691043,1.9150868189966153,0.6497629578956114,4.746650527352747,1.55743921717358,3.167049433770797,1.1528003764560906,38.84062243557911,3.659466668927545
2025-08-20 11:00:00+00:00,113666.68,4195.3,2.8892,180.29,0.21404,1.0,158900000.0,5870000.0,4038.0,252000.0,300.0,1400.0,1397.92,1.935024478361136e-05,0.0009047742648924,-0.0002155216434296,-0.0001229880466829,0.0026376160500902,0.0014879249170194,0.0006446461739307,0.0008432787430886,0.0019350244783611,0.0904774264892438,-0.0215521643429639,-0.0122988046682981,0.2637616050090274,0.1487924917019434,0.064464617393074,0.0843278743088693,16.39,637.43,98.182,3340.81,-0.0157388236707141,0.0017114553899961,0.0002954134536476,-0.0018571051551177,0.00021462758619250621,-0.0011036721251880266,0.003326463498717271,0.0,-0.0011036721251880266,0.0011036721251880266,8.342173499733646e-06,0,0,7.4136735464173755,2.0033260717139676,6.4754740444421355,1.8680218164026254,0.677886764652546,-0.3887750187769023,3.648352138593211,1.29427559677307,1.989380977865875,0.6878235239461554,22.844959768912812,3.128730513968064
2025-08-20 12:00:00+00:00,113659.01,4204.64,2.8931,181.88,0.21442,0.9999,158910000.0,5879000.0,4042.0,254200.0,300.0,1399.0,1396.66,0.0010520596238112,0.0011149511379315,0.0003274089923392,0.00069079630363,0.001763647643592,0.0017756032186782,0.0009897727402608,0.0007858304784173,0.1052059623811274,0.1114951137931585,0.0327408992339295,0.0690796303630003,0.1763647643592047,0.1775603218678201,0.0989772740260841,0.0785830478417359,16.3,636.57,98.127,3345.21,-0.0055062849430216,-0.0013500786980022,-0.0005603411095682,0.001316179321984,-0.0009017455827926568,-6.748027469072326e-05,0.003314687849792399,0.0,-6.748027469072326e-05,6.748027469072326e-05,8.342363232544993e-06,0,0,18.230937956624647,2.9031200386354947,6.343002731354383,1.8473522732609031,0.9889720070748642,-0.011089252032127616,5.5214544400761305,1.7086413111038283,2.6064545769263345,0.9579908982283406,38.07749546041671,3.639623437287942
2025-08-21 09:00:00+00:00,113376.85,4277.0,2.8932,184.93,0.21813,1.0,158282000.0,5961000.0,4034.0,257800.0,304.0,1395.0,1400.69,-0.0032984938865124,-0.0049661769207896,-0.0045592636688649,-0.0047469543709683,-0.0050158646014617,-0.0040622835888026,-0.0045173506897194,0.0004550671009167,-0.3298493886512488,-0.49661769207896,-0.4559263668864943,-0.4746954370968392,-0.501586460146175,-0.4062283588802673,-0.4517350689719435,0.0455067100916761,16.31,637.83,98.523,3339.82,0.0006133088202053,0.0019774017742664,0.0040274653981757,-0.0016125585578485,0.002881300365025652,-0.0018646027503468332,0.0037314758008180847,0.0,-0.0018646027503468332,0.0018646027503468332,7.256889178484215e-06,0,0,6.820944853440114,1.919998003819509,7.538267583497498,2.0199923921583265,0.7743380769885405,-0.255746708783397,3.350901072619642,1.2092292865705594,3.8609083953342527,1.350902491368488,36.63253145730497,3.600936683256351
2025-08-21 10:00:00+00:00,113329.74,4291.52,2.9005,184.33,0.21837,1.0001,158234000.0,5980000.0,4044.0,256900.0,305.0,1394.0,1401.98,-0.0041037521660959,-0.0060873343982873,-0.005519071595296,-0.0059087229940062,-0.0037575410744413,-0.0057913708194081,-0.0050752844456253,-0.0007160863737827,-0.4103752166095931,-0.6087334398287347,-0.5519071595296077,-0.5908722994006244,-0.3757541074441373,-0.579137081940817,-0.5075284445625394,-0.0716086373782775,16.64,636.69,98.535,3344.58,0.0200310187601404,-0.001788909242725,0.000121791553906,0.0014242118378895,0.000920550825531663,-0.0004156032753890315,0.003726589873633233,0.0,-0.0004156032753890315,0.0004156032753890315,7.264086098588969e-06,0,0,8.044661100735183,2.0850086541046124,9.281234206515718,2.227994534346653,1.2012677012258237,0.1833774168656578,6.165749246754868,1.819009661552189,1.5652995396960354,0.4480772048444287,54.42807323441566,3.9968800728560314
2025-08-21 11:00:00+00:00,113148.66,4278.52,2.9021,184.03,0.21759,1.0001,158095000.0,5972000.0,4054.0,257100.0,303.0,1396.0,1402.12,-0.0034856989191843,-0.0045004949691551,-0.0037090462254258,-0.0036125096160305,-0.0068416183267637,-0.0044643725511338,-0.0044298736113119,-3.4498939821903454e-05,-0.3485698919184377,-0.4500494969155166,-0.3709046225425894,-0.3612509616030546,-0.6841618326763776,-0.4464372551133855,-0.4429873611311951,-0.0034498939821903,16.65,635.22,98.635,3343.71,0.0006007810333898,-0.0023114853323162,0.0010143531832866,-0.0002601561848862,9.98537856116144e-05,-0.001599093234379012,0.0037333544228414753,0.0,-0.001599093234379012,0.001599093234379012,7.319878057435622e-06,0,0,8.561134767622624,2.147232747678568,7.477191543128201,2.011857259334189,1.2966073982278286,0.2597511596100015,3.9341354748938193,1.3696911563067766,2.0686082033364617,0.726876015600257,56.2054836970748,4.029014326820592
2025-08-21 12:00:00+00:00,113095.29,4249.57,2.8904,183.75,0.21618,1.0001,158065000.0,5932000.0,4037.0,256500.0,302.0,1397.0,1399.29,-0.0011886549722043,-0.0024184131105733,-0.0018562990459058,-0.0024095310143439,-0.0016479823202251,-0.0017363706103786,-0.0019041760926505,0.0001678054822718,-0.1188654972204328,-0.2418413110573336,-0.1856299045905896,-0.2409531014343935,-0.1647982320225116,-0.1736370610378679,-0.1904176092650522,0.0167805482271843,16.96,634.395,98.588,3340.15,0.0184474139373045,-0.0012996067565635,-0.0004766178477133,-0.0010652528139871,-0.002020411837387215,-0.00047179163014021697,0.003733688192563202,0.0,-0.00047179163014021697,0.00047179163014021697,7.3289627972188726e-06,0,0,8.437932849205799,2.1327373555294282,6.836832844317179,1.9223245899443493,0.9144894222774942,-0.08938937789116287,3.9890314000113145,1.383548444542154,2.58699832484218,0.9504982556745677,40.24097686626741,3.6948858014975077
2025-08-22 09:00:00+00:00,113049.67,4328.6,2.8593,182.94,0.21723,1.0001,157998000.0,6051000.0,3998.0,255700.0,304.0,1396.0,1391.07,0.0046928369085046,0.0049182032105972,0.005157415179841,0.0047848277890245,0.0060157887672038,0.0034436900792944,0.0051138143710342,-0.0016701242917398,0.4692836908504638,0.4918203210597216,0.515741517984103,0.4784827789024559,0.6015788767203878,0.3443690079294459,0.5113814371034264,-0.1670124291739805,14.82,644.2495,97.957,3335.51,-0.1348800104958161,0.0154142846091582,-0.0064209434778934,-0.0013901249456118,-0.00589172994024878,0.0006134583825776474,0.002196965648259844,0.0006134583825776474,0.0,0.0006134583825776474,2.6210977968127068e-06,0,0,11.780385388661193,2.4664358931943435,7.6833801647325926,2.0390595759489343,0.5831989652363863,-0.5392268725752944,6.0624625796553415,1.802116083816567,4.440698591157365,1.4908117044181965,87.83147004783865,4.47541986521169
2025-08-22 10:00:00+00:00,112534.54,4296.43,2.8325,181.18,0.21418,1.0002,157651000.0,6018000.0,3963.0,253700.0,300.0,1401.0,1381.01,0.0144112722375238,0.0142560797019313,0.0131116990223836,0.0139426433580951,0.0142511694801135,0.0142720588763254,0.0139945727600094,0.0002774861163159,1.441127223752381,1.4256079701931323,1.3111699022383627,1.394264335809514,1.4251169480113512,1.4272058876325433,1.3994572760009485,0.027748611631595,14.58,645.98,97.68,3374.25,-0.0163268932874287,0.0026824701150793,-0.0028317770677768,0.0115474861930486,-0.007258119652833628,-0.004567082912336318,0.0023772540204979055,0.0,-0.004567082912336318,0.004567082912336318,3.4829944737143856e-06,0,0,7.96933677203883,2.0756012737860456,7.138802663518384,1.9655450681041509,0.5806933321422577,-0.5435324891183816,2.6221718924600546,0.9640029409577774,2.456799350256827,0.898859425677177,16.876366446454423,2.8259142080850337
2025-08-22 11:00:00+00:00,112320.0,4274.56,2.8056,179.63,0.21198,1.0002,157300000.0,5979000.0,3928.0,251500.0,298.0,1401.0,1382.63,0.01289785623266,0.0116520364507912,0.0126042605755289,0.0126354888719011,0.0167528545884005,0.013083656530521,0.0133084993438564,-0.0002248428133353,1.2897856232660043,1.165203645079127,1.2604260575528992,1.2635488871901135,1.675285458840059,1.3083656530521015,1.3308499343856406,-0.0224842813335391,14.56,644.8,97.728,3368.13,-0.0013726838119723,-0.0018283523585989,0.0004912797937182,-0.0018153831972593,0.0011723670127441466,-0.0019082564675194646,0.002385460415773574,0.0,-0.0019082564675194646,0.0019082564675194646,3.528175455947433e-06,0,0,4.701454478986851,1.5478719244562489,6.425622199348756,1.8602934664581232,0.7220424860816631,-0.3256712968321562,4.031165101221206,1.3940554411779957,2.670794519732468,0.9823760010796228,14.310722046589774,2.661009049778986
2025-08-22 12:00:00+00:00,112341.5,4244.92,2.8078,178.45,0.21069,1.0002,157599000.0,5953000.0,3939.0,250400.0,295.0,1404.0,1383.58,0.0139323124732415,0.0135894863161816,0.0139476559662086,0.0141763917062875,0.0119843988286199,0.0145559029103992,0.0135260490581078,0.0010298538522913,1.393231247324156,1.358948631618162,1.3947655966208616,1.4176391706287594,1.1984398828619902,1.455590291039921,1.352604905810786,0.1029853852291351,14.36,646.16,97.598,3370.57,-0.0138314791484619,0.0021069599416225,-0.0013311081903593,0.0007241753176838,0.000686860388292132,0.00019139906094878256,0.002387300178649928,0.00019139906094878256,0.0,0.00019139906094878256,3.518900983352834e-06,0,0,5.653453048320047,1.7322665174714473,4.137851960796068,1.4201768031387,0.7191079495504361,-0.3297437940739448,4.3118220465902155,1.4613605634114513,2.171665404955954,0.7754943409212487,8.712270881794995,2.164732478098959
2025-08-25 09:00:00+00:00,111800.01,4613.31,2.9572,199.47,0.22111,1.0001,156500000.0,6464000.0,4139.0,279400.0,310.0,1399.0,1388.87,0.007884815652893,0.0088511928200858,0.0077507539697021,0.0085262742367702,0.0094660375436823,0.0071929798963195,0.0084958148446267,-0.0013028349483072,0.7884815652893007,0.885119282008584,0.7750753969702151,0.8526274236770215,0.946603754368236,0.7192979896319507,0.8495814844626715,-0.1302834948307208,14.65,644.13,97.89,3370.99,0.0199937718429983,-0.0031465820473153,0.0029873978675309,0.0001246002410546,0.0038161239479643783,0.0034559646637344343,0.004545399706859277,0.0034559646637344343,0.0,0.0034559646637344343,1.8428776845543213e-05,0,0,8.630725012766513,2.1553285123159376,5.720613507653056,1.7440760562228326,1.3806363939351145,0.32254454789525894,5.590760507943421,1.7211153258459606,1.9922176591327394,0.689248419826144,13.48416476843216,2.6015160168486364
2025-08-25 10:00:00+00:00,110984.03,4544.21,2.9309,195.87,0.21844,1.0001,155521000.0,6366000.0,4105.0,274500.0,307.0,1401.0,1388.58,0.0091544594876087,0.0088749423128327,0.0086517696481278,0.0092610655730678,0.0121276791405395,0.008843504881677,0.0096139832324353,-0.0007704783507582,0.9154459487608736,0.8874942312832701,0.865176964812786,0.9261065573067828,1.2127679140539582,0.8843504881677067,0.961398323243534,-0.0770478350758274,14.38,644.91,97.996,3374.41,-0.0186019831701758,0.0012102030894283,0.0010822622376931,0.001014024459053,-0.0002088246420663964,-0.007325333078810559,0.004714877781843802,0.0,-0.007325333078810559,0.007325333078810559,2.0656484167718847e-05,0,1,11.55267695639344,2.4469171812293418,7.05214121109944,1.9533312885976821,1.297994314780551,0.26082023828813894,3.239879309278528,1.1755360788877547,2.7791810345277708,1.0221562924053438,14.535301478237006,2.67658027533251
2025-08-25 11:00:00+00:00,111214.97,4600.08,2.9429,197.55,0.21967,1.0001,156000000.0,6450000.0,4125.0,277200.0,309.0,1402.0,1389.13,0.0097606880835898,0.0093724329863285,0.0090334355537855,0.0101207705968666,0.0126161249861476,0.0091638752446481,0.0101806904413436,-0.0010168151966955,0.9760688083589876,0.9372432986328504,0.9033435553785552,1.0120770596866668,1.2616124986147614,0.9163875244648124,1.0180690441343645,-0.101681519669552,14.32,644.91,98.121,3374.1,-0.0041811907604007,0.0,0.0012747494294425,-9.187213183814436e-05,0.0003960096678117253,0.0020786779702497427,0.004765684490289216,0.0020786779702497427,0.0,0.0020786779702497427,2.0645026143931004e-05,0,0,5.999423419658015,1.7916633678868048,7.692094375223069,2.040193096921036,1.158345038820702,0.14699229575430708,3.419578754629038,1.2295173723272235,2.521422908668372,0.9248233884675671,10.369946249254502,2.3389118389352834
2025-08-25 12:00:00+00:00,111586.31,4647.49,2.9626,198.0,0.2209,1.0,156399000.0,6522000.0,4153.0,277800.0,309.0,1401.0,1389.51,0.0086985091128493,0.0099518146447041,0.008851481190959,0.0097302668065024,0.0067023604228435,0.0082691020575598,0.0087868864355717,-0.0005177843780118,0.8698509112849306,0.9951814644704182,0.8851481190959021,0.9730266806502464,0.6702360422843556,0.8269102057559818,0.8786886435571706,-0.0517784378011887,14.26,644.65,98.206,3373.99,-0.0041987465463497,-0.0004032383193068,0.000865902349763,-3.260181770237125e-05,0.0002735151026174165,0.003333377113831304,0.004856862262456933,0.003333377113831304,0.0,0.003333377113831304,2.0634948502992744e-05,0,0,9.164616686873496,2.2153500568353137,8.250842587179775,2.1103153269108614,0.99828357910004,-0.0017178956380687598,4.168540903476391,1.427566071337215,2.3714924134444977,0.8635194672768288,12.817327906857377,2.55079799816525
2025-08-26 09:00:00+00:00,110152.89,4419.93,2.9097,188.02,0.2107,0.9998,155438000.0,6237000.0,4105.0,265500.0,298.0,1411.0,1394.32,0.0120427238329201,0.0120405077170315,0.0118182082251694,0.0127401320142579,0.0143533587200337,0.0121652536371064,0.0125989861018825,-0.0004337324647761,1.2042723832920157,1.204050771703158,1.1818208225169435,1.2740132014257943,1.4353358720033738,1.216525363710641,1.259898610188257,-0.0433732464776159,15.03,643.0693,98.162,3375.61,0.0525897887787332,-0.0024550393768816,-0.0004481381970213,0.0004800284553478,0.0034556742233720072,0.00046191933614103675,0.005243866016314349,0.00046191933614103675,0.0,0.00046191933614103675,2.036171900068495e-05,0,0,10.45033034482448,2.3466335898560993,11.509871769294438,2.4432050818632556,2.085352125037235,0.7349377259012587,8.910935041438169,2.1872791788989483,2.796298431350735,1.0282965537797604,30.580756791959523,3.4203709481331974
2025-08-26 10:00:00+00:00,110216.53,4441.22,2.9078,188.62,0.21137,0.9997,155602000.0,6276000.0,4103.0,266300.0,298.0,1411.0,1394.08,0.0126998468850803,0.0136614988729586,0.0121602746080273,0.0127347897259251,0.0113121384861141,0.012440768842612,0.0125137097156211,-7.294087300908567e-05,1.26998468850803,1.3661498872958644,1.2160274608027375,1.2734789725925122,1.131213848611412,1.2440768842612029,1.2513709715621113,-0.0072940873009085,14.93,642.43,98.159,3379.48,-0.0066755922137842,-0.0009946330623513,-3.056219151531536e-05,0.001145802771953,-0.00017214173044965975,0.0005775756161554568,0.005048902465000358,0.0005775756161554568,0.0,0.0005775756161554568,1.812586463753844e-05,0,0,7.391539747597039,2.000336068818274,7.717594610209752,2.0435027364974925,1.6222376897670385,0.483806486120516,6.464078593553458,1.8662604798010445,1.943583208041605,0.6645332838959097,28.35394817755978,3.3447662859996092
2025-08-26 11:00:00+00:00,109876.52,4427.24,2.9011,187.97,0.2105,0.9998,155140000.0,6255000.0,4100.0,265500.0,297.0,1412.0,1393.65,0.0131299916485883,0.0137725537881969,0.0140688411243419,0.0134965271167264,0.0123964882113329,0.0133695378978209,0.0133728803778373,-3.342480016410229e-06,1.3129991648588302,1.3772553788196973,1.4068841124341924,1.3496527116726442,1.239648821133299,1.3369537897820916,1.3372880377837326,-0.000334248001641,14.84,643.33,98.115,3387.0,-0.0060463738118645,0.001399950452634,-0.0004483528204151,0.002222722330087,-0.00030849472754557183,-0.003089695658124114,0.005053737686761538,0.0,-0.003089695658124114,0.003089695658124114,1.8523623773364733e-05,0,0,8.019103236489237,2.081826599727462,6.134098252547986,1.8138630832598956,1.3264423400135579,0.2825004258887943,5.900968315252427,1.775116458674483,3.5113584582578152,1.2560029877475383,18.76622513956339,2.9320587190016574
2025-08-26 12:00:00+00:00,110216.81,4497.24,2.9179,190.54,0.21336,1.0,155500000.0,6343000.0,4115.0,268400.0,300.0,1411.0,1393.55,0.0124183325414872,0.0121062132911307,0.0119915352896406,0.0108199272242042,0.0089872919664957,0.0125219762477126,0.0112646600625917,0.0012573161851209,1.2418332541487276,1.2106213291130707,1.1991535289640698,1.0819927224204218,0.8987291966495725,1.2521976247712674,1.1264660062591725,0.1257316185120949,14.9,643.53,98.182,3383.17,0.0040349752121788,0.000310834125873,0.0006826390887466,-0.0011314340433337,-7.175660163838415e-05,0.0030922361086744843,0.005046009516290979,0.0030922361086744843,0.0,0.0030922361086744843,1.8523623773364733e-05,0,0,6.9578937224099064,1.9398768024552817,5.871765241743759,1.7701553112459512,1.3050993803168345,0.2662791913746162,3.8729374932097245,1.3540132612879254,2.576981793312641,0.9466188665745061,17.779842873078625,2.8780653927620428
2025-08-27 09:00:00+00:00,110810.78,4588.31,3.0108,203.91,0.22016,0.9998,155045000.0,6415000.0,4210.0,285200.0,308.0,1399.0,1397.82,0.0009779330729891,0.0002133761198115,0.0003430021707186,0.0005982672468596,0.0008316937370582,0.0010443805147974,0.0005928544694874,0.00045152604531,0.0977933072989101,0.0213376119811536,0.0343002170718698,0.0598267246859629,0.083169373705827,0.1044380514797493,0.0592854469487447,0.0451526045310046,14.91,646.12,98.593,3377.92,0.0006709158252338,0.0040165990494358,0.0041773660035628,-0.0015530043395877,0.003059431985471761,0.0004943881807868422,0.002989974235370138,0.0004943881807868422,0.0,0.0004943881807868422,3.7586691140900105e-06,0,0,7.5238061339803695,2.0180721447565295,7.254930984821401,1.9816813735164593,0.9937916596815126,-0.0062276922001968035,4.785570222685911,1.5656051866002645,3.1303255095572267,1.1411369958084343,10.243269022811642,2.3266208091739022
2025-08-27 10:00:00+00:00,110975.12,4581.37,2.9985,204.09,0.21995,0.9999,155434000.0,6410000.0,4200.0,285400.0,308.0,1399.0,1396.18,0.0031802827234819,0.002123506495312,0.0032376557285502,0.0015919619896538,0.0029639832605179,0.002120008875216,0.0026194780395031,-0.0004994691642871,0.318028272348192,0.212350649531201,0.3237655728550281,0.1591961989653834,0.2963983260517944,0.2120008875216017,0.2619478039503198,-0.049946916428718,14.83,646.305,98.43,3386.73,-0.0053799726268062,0.0002862835387178,-0.0016546295324753,0.0026047186420576,-0.0011739443008913497,0.0014819700447823436,0.00299998935162748,0.0014819700447823436,0.0,0.0014819700447823436,3.7586691140900105e-06,0,0,10.087242639627293,2.311271520470342,10.053079673865108,2.3078790227738635,1.3754214423328703,0.318760187670743,6.634620125439744,1.892301413008711,7.087356927141181,1.9583124822033704,9.898675736885194,2.2924009842423585
2025-08-27 11:00:00+00:00,111322.07,4608.87,2.9984,205.01,0.22037,0.9998,155744000.0,6447000.0,4201.0,287300.0,309.0,1400.0,1394.81,0.0030324855544558,0.0028781272704134,0.0044956490901009,0.0047211117641901,0.0052890576973021,0.0039217212460493,0.0040832862752925,-0.0001615650292431,0.3032485554455899,0.2878127270413477,0.4495649090100917,0.47211117641901,0.5289057697302146,0.3921721246049392,0.4083286275292507,-0.0161565029243115,14.91,645.94,98.345,3388.28,0.0053799726268062,-0.0005649083721843,-0.0008639309392641,0.0004575639082577,-0.000981730575912998,0.0031214994819883657,0.0029638277450238634,0.0031214994819883657,0.0,0.0031214994819883657,3.360909978263718e-06,0,0,5.948033655321479,1.7830606868403875,5.4356686466895665,1.6929825390759239,1.4469110152448665,0.36943094972857954,3.0006918131982885,1.0988428664824317,2.269878619707197,0.8197263585690331,12.73555366280258,2.5443975831677763
2025-08-27 12:00:00+00:00,111344.42,4614.66,3.0021,204.64,0.21971,0.9999,155734000.0,6455000.0,4203.0,286100.0,308.0,1400.0,1393.67,0.0035870059567615,0.0036830421805451,0.0045563053016806,0.0031534685031522,0.0058678814934547,0.0046424289834752,0.0041695406871188,0.0004728882963563,0.3587005956761535,0.3683042180545159,0.4556305301680607,0.3153468503152234,0.5867881493454741,0.4642428983475222,0.4169540687118856,0.0472888296356365,15.0,646.45,98.21,3395.65,0.0060180723255629,0.0007892354884715,-0.0013736615321731,0.0021727827083921,-0.0008176498045617819,0.0002007486629462818,0.002914116543132366,0.0002007486629462818,0.0,0.0002007486629462818,3.360909978263718e-06,0,0,7.035868946518986,1.9510212005675318,7.68484698906081,2.039250466455431,1.34230315003569,0.29438690725360767,4.924156959171468,1.5941530841690548,2.1897735726081917,0.7837981469800307,12.103746901070425,2.493515065913037
2025-08-28 09:00:00+00:00,112856.89,4586.5,2.9998,211.6,0.22294,0.9999,157040000.0,6382000.0,4175.0,294600.0,311.0,1393.0,1385.45,0.0043644942390108,0.004348753778391,0.0045540803565931,0.0049078114765654,0.0068888583742927,0.0055500479493255,0.0050127996449706,0.0005372483043549,0.4364494239010863,0.4348753778391057,0.4554080356593104,0.4907811476565493,0.6888858374292761,0.5550047949325565,0.5012799644970656,0.0537248304354909,14.43,646.03,97.86,3407.29,-0.0387408283164307,-0.0006499133677637,-0.0035701573087054,0.0034220532179123,-0.005915558860908554,-0.00240369647602634,0.0031408486276929526,0.0,-0.00240369647602634,0.00240369647602634,3.6704803407221258e-06,0,0,9.754077316601489,2.2776853839123286,11.673544401001598,2.457325119208452,1.506710369265948,0.4099287109053254,6.171704718736767,1.8199750912852806,2.9644360525080002,1.0866868128440783,12.10124731373964,2.4933085310700633
2025-08-28 10:00:00+00:00,113127.53,4610.0,3.0073,213.94,0.22395,0.9998,157395000.0,6414000.0,4183.0,297500.0,311.0,1391.0,1385.18,0.004422458104911,0.0044349545995086,0.0041645789841811,0.0038960981481606,0.0025432329764667,0.0044025005061654,0.0038922645626456,0.0005102359435197,0.4422458104911042,0.44349545995086,0.41645789841811,0.3896098148160609,0.2543232976466747,0.4402500506165419,0.389226456264562,0.0510235943519799,14.19,646.27,97.974,3412.31,-0.016771881613828,0.0003714307865969,0.0011642514872507,0.0014722273760092,-0.0001949015212101557,0.0023952105139741775,0.0031554439866157942,0.0023952105139741775,0.0,0.0023952105139741775,3.6704803407221258e-06,0,0,9.094394244984079,2.2076582066716366,7.455912186742608,2.009007299784778,1.6853339228982511,0.5219637179973414,4.559165651770033,1.5171396356819773,2.5194689933823975,0.9240481624076572,22.980192457664185,3.134632647392684
2025-08-28 11:00:00+00:00,112909.18,4594.8,3.0075,213.14,0.2239,0.9998,157065000.0,6390000.0,4180.0,296300.0,312.0,1391.0,1384.98,0.0043999058473029,0.0041318526610574,0.0035225682802577,0.0037445219550213,0.0061367180752869,0.0045475426729124,0.0043871133637853,0.0001604293091271,0.4399905847302987,0.4131852661057422,0.3522568280257765,0.3744521955021396,0.6136718075286929,0.4547542672912463,0.43871133637853,0.0160429309127163,14.19,648.16,97.856,3411.21,0.0,0.0029202063349851,-0.0012051270416311,-0.000322414240605,-0.0001443959918177029,-0.0019319876662287072,0.0031624250413400893,0.0,-0.0019319876662287072,0.0019319876662287072,3.826004354991287e-06,0,0,9.475183616001816,2.2486761297782727,8.753437243424285,2.1694464510527935,1.8945899462336246,0.6390024279074915,4.998906446858128,1.6092191778850686,2.7197937020698055,1.0005560326042642,16.91895253109797,2.828434445116241
2025-08-28 12:00:00+00:00,113239.44,4599.87,3.0195,213.13,0.22434,0.9999,157348000.0,6387000.0,4190.0,296100.0,311.0,1389.0,1384.37,0.0037171268663176,0.0029959487576056,0.0023671138622285,0.0035560723030678,0.0013859509990661,0.00344482608796,0.0028044425576571,0.0006403835303028,0.3717126866317644,0.2995948757605671,0.2367113862228542,0.355607230306787,0.1385950999066132,0.344482608796004,0.2804442557657172,0.0640383530302868,14.26,648.13,97.766,3415.44,0.0049209238141987,-4.6285939110823904e-05,-0.0009201419712496,0.0012392609966394,-0.0004405365951329898,0.0029207362377814405,0.003196430351740683,0.0029207362377814405,0.0,0.0029207362377814405,3.826004354991287e-06,0,0,9.643980381463486,2.266333926043057,7.241548955355003,1.9798351276246546,1.8033174982666091,0.5896280231535438,3.7819908117989467,1.3302505407777214,4.075896742977873,1.40509078210973,9.37100131358817,2.2376199543175566
2025-08-29 09:00:00+00:00,109772.71,4337.61,2.8757,207.71,0.21411,0.9998,153410000.0,6065000.0,4016.0,290400.0,299.0,1397.0,1392.1,0.0038962929560166,0.0044073226052705,0.0031819126740786,0.0043122796843972,0.0031452091507604,0.0037206062001136,0.0037886034141047,-6.799721399111105e-05,0.3896292956016678,0.4407322605270547,0.3181912674078635,0.4312279684397291,0.3145209150760442,0.3720606200113607,0.3788603414104718,-0.0067997213991111,15.8,644.625,97.866,3429.21,0.102551525046771,-0.0054225411441466,0.001022327724601,0.004023585888877,0.0055682359056925534,0.0013189566048907864,0.003452632649677206,0.0013189566048907864,0.0,0.0013189566048907864,1.092338768440311e-05,0,0,3.831948634093981,1.3433734555547812,4.0525862563644335,1.3993552591302172,0.561730899059263,-0.5767323710595287,4.281189620889287,1.4542309197790004,1.9969778811650618,0.6916349783408221,8.674446314172172,2.1603814983403344
2025-08-29 10:00:00+00:00,110008.01,4346.46,2.8765,207.57,0.21504,0.9999,153966000.0,6091000.0,4025.0,290700.0,301.0,1400.0,1390.36,0.0066378445619157,0.0079190357544631,0.0064083734536886,0.0072868900798359,0.0067461544731819,0.0070341594992666,0.006999659664617,3.4499834649581555e-05,0.663784456191574,0.7919035754463177,0.6408373453688609,0.7286890079835961,0.6746154473181942,0.7034159499266668,0.6999659664617086,0.0034499834649581,15.31,644.4391,97.776,3441.34,-0.0315037303633287,-0.0002884263106679,-0.0009200479073889,0.0035310164697577,-0.0012506919968755525,0.0021412259446709214,0.003441651051787992,0.0021412259446709214,0.0,0.0021412259446709214,1.092338768440311e-05,0,0,4.801521035682659,1.5689327501510981,9.000338273970169,2.197262162626569,0.9789588226793676,-0.021265697929285426,3.476743415007736,1.246096055366804,2.9414504423820507,1.0789028074435971,15.74326664995597,2.756412759572845
2025-08-29 11:00:00+00:00,110098.81,4346.48,2.8763,207.62,0.2148,0.9999,153650000.0,6064000.0,4009.0,289900.0,300.0,1396.0,1390.23,0.0038371954374711,0.0035403775205016,0.0025711864623658,0.0043668561312757,0.004616534453103,0.004250817462863,0.0037864300009434,0.0004643874619195,0.3837195437471186,0.3540377520501625,0.2571186462365871,0.4366856131275742,0.461653445310306,0.4250817462863043,0.3786430000943497,0.0464387461919546,15.45,644.21,97.763,3445.51,0.0091027936741623,-0.0003555661543757,-0.0001329658024138,0.0012110037272829,-9.350533526664151e-05,0.0008250539910648058,0.003460899882517035,0.0008250539910648058,0.0,0.0008250539910648058,1.0767863670133948e-05,0,0,8.406969241974101,2.1290610335255677,7.146688825098887,1.9666491480565815,0.726333246136331,-0.3197463527565781,4.771409753745034,1.5626418070936734,2.518416087783265,0.923630167317456,11.916802770273286,2.4779494016883588
2025-08-29 12:00:00+00:00,110728.0,4407.38,2.887,211.9,0.21901,0.9998,154695000.0,6162000.0,4032.0,296500.0,305.0,1398.0,1389.81,0.0052252499382781,0.005971704378765,0.0048894977077043,0.0067886451042147,0.0020293950211618,0.0060941106562668,0.0049808984300248,0.001113212226242,0.5225249938278109,0.5971704378765041,0.4889497707704304,0.678864510421473,0.2029395021161839,0.609411065626686,0.4980898430024805,0.1113212226242055,15.61,643.99,97.771,3449.18,0.0103027311835859,-0.0003415618725961,8.182720145288869e-05,0.00106458748591,-0.00030215392814181286,0.005698508280216785,0.0036412219887042257,0.005698508280216785,0.0,0.005698508280216785,1.0767863670133948e-05,0,0,7.707949519755856,2.0422522014590423,4.455719107062486,1.4941884636233644,0.6263212409536458,-0.4678918750432005,2.5943233652449416,0.9533257370474653,2.7380645212495742,1.0072512916907135,7.435704644271475,2.0062933493650608
2025-09-02 09:00:00+00:00,110450.56,4400.16,2.8099,204.39,0.21343,0.9999,153601000.0,6117000.0,3905.0,284000.0,296.0,1391.0,1394.26,-0.0025701689339738,-0.0029286353717996,-0.0032496292967955,-0.0034136640241485,-0.0052991738857073,-0.0022383817140338,-0.0034922543024849,0.001253872588451,-0.2570168933973882,-0.2928635371799659,-0.3249629296795508,-0.3413664024148555,-0.5299173885707331,-0.2238381714033899,-0.3492254302484987,0.1253872588451088,18.13,639.35,98.112,3491.16,0.1496562902394189,-0.0072311627763053,0.0034816736977507,0.0120975375792209,0.003196761424568706,0.0008202506716834534,0.004145450985679245,0.0008202506716834534,0.0,0.0008202506716834534,8.42952450074744e-06,0,0,11.23392950620479,2.4189386190509223,9.14596638108214,2.213312949423525,0.9964947019009504,-0.0035114560509473705,6.198313628392209,1.824277259632971,5.554064936017028,1.7145300805730166,7.779135628511869,2.0514452302843527
2025-09-02 10:00:00+00:00,110246.0,4391.5,2.8119,203.71,0.21331,0.9999,153310000.0,6101000.0,3912.0,283200.0,297.0,1391.0,1392.29,-0.0012013684928403,-0.002165687260505,-0.0007612429205073,-0.0014928102057888,3.575919113196768e-05,-0.0008266137719935,-0.0011170699377019,0.0002904561657083,-0.120136849284036,-0.2165687260505033,-0.0761242920507387,-0.1492810205788841,0.0035759191131967,-0.0826613771993556,-0.1117069937701931,0.0290456165708374,18.69,636.5,98.215,3511.55,0.0304205967007122,-0.0044676172597162,0.0010492699368906,0.0058234762323721,-0.001413935029483504,-0.0018537675311289803,0.0037039993302299622,0.0,-0.0018537675311289803,0.0018537675311289803,5.3923068045678735e-06,0,0,10.570070955089497,2.3580265127346856,9.012451950998324,2.1986071712235766,1.0667638172252414,0.06462959563882667,7.436375396451621,2.0063835522390048,3.1339100168809813,1.1422814316138428,19.361963345053702,2.963310489157657
2025-09-02 11:00:00+00:00,109733.34,4347.98,2.7987,201.98,0.21151,0.9997,152635000.0,6043000.0,3891.0,280700.0,294.0,1391.0,1394.86,-0.0027939320389972,-0.0035983542178475,-0.0032774987011984,-0.0036695019068898,-0.0034804921642812,-0.0024680432247191,-0.0033639558058428,0.0008959125811237,-0.2793932038997249,-0.3598354217847599,-0.3277498701198422,-0.366950190688986,-0.3480492164281257,-0.2468043224719163,-0.3363955805842877,0.0895912581123714,19.05,635.62,98.294,3520.75,0.0190784801052381,-0.0013835174989296,0.0008040344641306,0.002616499651225,0.0018441782669604834,-0.004660991601495468,0.0038453691682523083,0.0,-0.004660991601495468,0.004660991601495468,6.297508584118342e-06,0,0,17.87895807039389,2.8836244945795,6.24780741219373,1.832230588149663,1.080252924519505,0.07719520308799041,5.638668808333639,1.7296480107600385,3.1463737320578624,1.1462505935301397,15.487948628116737,2.7400622136457615
2025-09-02 12:00:00+00:00,108795.99,4277.07,2.769,197.99,0.20696,0.9997,151677000.0,5972000.0,3863.0,276400.0,289.0,1395.0,1395.56,-0.0010164687523047,0.0005180496832661,-0.0003378718252731,0.0003368558359588,0.0006055651030791,-0.0001013029983115,2.1226008945274263e-05,-0.0001225290072568,-0.1016468752304766,0.0518049683266186,-0.0337871825273117,0.0336855835958882,0.0605565103079186,-0.0101302998311569,0.0021226008945274,-0.0122529007256844,18.55,637.6304,98.281,3527.99,-0.0265973125192657,0.0031579046363585,-0.0001322650389816,0.0020542685773854,0.0005017165979914751,-0.008578763763171793,0.004209634238119335,0.0,-0.008578763763171793,0.008578763763171793,9.36397473846457e-06,0,1,8.10504604359234,2.0924868360588986,6.022732076406279,1.7955409896596288,1.240025786982668,0.21513217535447723,3.8091148131491117,1.3373968296384369,2.572190038931924,0.9447576912554306,11.078498353831733,2.405006144501923
2025-09-03 09:00:00+00:00,111312.28,4351.68,2.8468,209.61,0.21643,0.9999,154940000.0,6050000.0,3961.0,291700.0,301.0,1392.0,1390.22,0.001237117172502,3.428719209996878e-05,0.0008393062173237,0.0010157231389298,0.000381159845413,0.0013805109417157,0.0007015187132537,0.000678992228462,0.1237117172502078,0.0034287192099968,0.0839306217323754,0.1015723138929836,0.0381159845413092,0.1380510941715762,0.0701518713253745,0.0678992228462016,17.31,642.415,98.067,3553.87,-0.0691854198653261,0.0074757071627891,-0.0021798040696721,0.0073088468869464,-0.003833760412152998,0.002629309442033545,0.005402319948057929,0.002629309442033545,0.0,0.002629309442033545,6.434016464911594e-06,0,0,11.65226655810142,2.455500715431937,3.151700296220807,1.1479420837886003,2.5326160079092186,0.9292527637556172,6.127801473526022,1.812836035295692,3.2288478731627372,1.172125377988301,10.988712845096073,2.396868641000975
2025-09-03 10:00:00+00:00,111449.99,4371.72,2.8477,209.92,0.21652,0.9998,154959000.0,6072000.0,3959.0,292000.0,301.0,1390.0,1388.88,0.0010875196636801,3.384936708461517e-05,0.0009826327171948,0.0015308000410227,0.0009301081511032,0.0010066064822893,0.0009129819880171,9.36244942721931e-05,0.1087519663680147,0.0033849367084615,0.0982632717194897,0.1530800041022795,0.0930108151103281,0.100660648228934,0.0912981988017147,0.0093624494272193,16.56,642.45,98.036,3558.49,-0.0442942202310043,5.448043181033313e-05,-0.0003161603877366,0.0012991470200596,-0.0009643410484283521,0.0012363854753552062,0.005384960679047733,0.0012363854753552062,0.0,0.0012363854753552062,6.290830879100425e-06,0,0,9.958301178323033,2.298406492623343,7.363627359774978,1.9965526591267126,1.6913377954886595,0.5255198107526383,5.015909896153564,1.6126148398825084,8.393577231464779,2.127466798080083,10.236132586579075,2.3259238711815193
2025-09-03 11:00:00+00:00,111437.77,4371.51,2.857,210.38,0.21642,0.9998,154997000.0,6076000.0,3971.0,292400.0,301.0,1391.0,1389.35,0.0011040405223274,0.0004021665280646,0.0004099010147182,0.0003713656314132,0.0010538436365272,0.001387883291561,0.0006682634666101,0.0007196198249508,0.1104040522327487,0.0402166528064684,0.0409901014718272,0.0371365631413267,0.1053843636527274,0.1387883291561031,0.0668263466610197,0.0719619824950834,16.94,642.44,98.082,3563.96,0.0226875402667947,-1.556553479353795e-05,0.0004691053431455,0.0015359886206098,0.000338344920674416,-0.00010965160233311622,0.005276089961751381,0.0,-0.00010965160233311622,0.00010965160233311622,5.38613007762888e-06,0,0,12.078839136208355,2.4914550898929635,10.4874936147919,2.3501834629532725,2.2238102573899097,0.7992220568269225,6.322997113149302,1.8441933225129215,5.471240647589347,1.6995054001478442,20.62054509513973,3.026287913503217
2025-09-03 12:00:00+00:00,111112.0,4353.96,2.8454,209.14,0.21549,0.9997,154595000.0,6050000.0,3955.0,290800.0,299.0,1391.0,1389.52,0.0013125894186811,1.413256336291191e-05,0.0003186329737727,0.0006737245758194,-0.0014282741719462,0.0013655256689852,0.000178161071938,0.0011873645970472,0.1312589418681176,0.0014132563362911,0.031863297377277,0.0673724575819489,-0.1428274171946242,0.136552566898529,0.0178161071938021,0.1187364597047269,16.68,642.255,98.053,3572.8,-0.0154672922933079,-0.0002880061046059,-0.0002957146884678,0.0024773159027322,0.0001223518913890942,-0.0029276168892877763,0.004963521394174263,0.0,-0.0029276168892877763,0.0029276168892877763,2.6767864503844468e-06,0,0,8.490086501230268,2.1388991888732685,8.473053656382254,2.136890969827251,1.1370147567165092,0.12840619332666545,7.133953370294287,1.9648655506515713,1.4912664800079054,0.39962574550582763,9.892728534598199,2.2917999958148147
2025-09-04 09:00:00+00:00,110815.04,4395.71,2.8428,208.06,0.21559,0.9997,154586000.0,6124000.0,3964.0,290100.0,301.0,1394.0,1392.79,0.0015803884403582,0.0002775213304895,0.0011558723389191,0.0010908563717473,0.0024258168586728,0.0011691105605649,0.0013060910680374,-0.0001369805074725,0.1580388440358238,0.0277521330489527,0.1155872338919117,0.1090856371747328,0.2425816858672824,0.1169110560564901,0.1306091068037407,-0.0136980507472506,16.16,644.86,98.354,3543.4,-0.031671343837651,0.0040478178824301,0.0030650662720645,-0.0082628839195564,0.002350565900712809,0.0015720506826504277,0.002762376650472758,0.0015720506826504277,0.0,0.0015720506826504277,3.3147972568771126e-06,0,0,8.844361046388348,2.1797800860412075,8.24607958799815,2.109737885947826,1.566569517732975,0.4488882081675308,4.836632755204748,1.576218766874272,2.070144076663855,0.7276182071082232,8.670712513455632,2.1599509688985092
2025-09-04 10:00:00+00:00,110628.86,4408.17,2.8419,207.54,0.2156,0.9996,154300000.0,6141000.0,3964.0,289400.0,300.0,1394.0,1395.09,-0.0002411362488765,-0.0014299479728939,-0.0001781395522704,-0.0004730953561176,-0.0025979132672709,-0.0003814641856427,-0.0009840464794859,0.0006025822938431,-0.0241136248876561,-0.1429947972893974,-0.0178139552270417,-0.0473095356117614,-0.259791326727099,-0.0381464185642776,-0.0984046479485911,0.0602582293843134,15.73,646.255,98.373,3546.14,-0.0269693360227631,0.0021609237640953,0.0001931610816923,0.0007729697939282,0.001649999656952339,-0.0016815097988089889,0.002761238722508003,0.0,-0.0016815097988089889,0.0016815097988089889,3.4326087236892226e-06,0,0,9.711132986892888,2.2732729579776074,7.660663549531432,2.0360986052659484,1.0642431292755343,0.062263869774380046,5.911244007594692,1.7768563012464758,6.112062095327025,1.810264211388368,7.057339883540048,1.954068193469093
2025-09-04 11:00:00+00:00,110810.0,4407.03,2.8413,207.22,0.21559,0.9997,154671000.0,6149000.0,3965.0,289200.0,301.0,1395.0,1394.82,0.0007181405084357,0.0003231512949599,0.0004789011154375,0.0005722484428201,0.0009669014371682,0.0004291776628355,0.0006118685597643,-0.0001826908969287,0.0718140508435771,0.0323151294959966,0.0478901115437579,0.0572248442820111,0.0966901437168266,0.0429177662835567,0.0611868559764339,-0.0182690896928772,15.71,645.9407,98.406,3553.41,-0.0012722648026564,-0.0004864588331283,0.0003354016466126,0.002048017843693,-0.00019355463139891782,0.001636027573507448,0.00278954151243467,0.001636027573507448,0.0,0.001636027573507448,3.4321077456102963e-06,0,0,14.580954311802135,2.6797161779228977,12.298781819095188,2.5095002183757242,1.0954871806635769,0.09119917817166033,5.413975021600631,1.6889835775133155,4.64785510811364,1.5364058461105479,29.84487956009833,3.396013286098928
2025-09-04 12:00:00+00:00,110933.94,4416.62,2.8463,208.37,0.21668,0.9996,154780000.0,6160000.0,3972.0,290900.0,302.0,1397.0,1395.07,0.0001252794492736,-0.0002424839470144,0.0003052943342911,0.0007198856865944,-0.0009387457429586,0.0017841567874328,-6.1540439627583154e-06,0.0017903108313955,0.0125279449273651,-0.0242483947014426,0.0305294334291161,0.0719885686594423,-0.0938745742958602,0.1784156787432822,-0.0006154043962758,0.179031083139558,15.71,646.8787,98.392,3552.61,0.0,0.0014510923406518,-0.0001422778689175,-0.000225161202298,0.0001792185359779097,0.0011178660657567008,0.002741601747974272,0.0011178660657567008,0.0,0.0011178660657567008,3.0749852185085037e-06,0,0,10.474070478509447,2.3489027247356926,9.742269482623223,2.2764740969421506,1.1035333370410807,0.09851715653570543,4.789218100879652,1.5663671623739244,2.7525001016870667,1.0125096265582274,10.009129116783313,2.3034975882219464
2025-09-05 09:00:00+00:00,112303.87,4397.4,2.8449,205.88,0.21652,0.9999,156922000.0,6140000.0,3974.0,287800.0,303.0,1397.0,1384.07,0.0095574941472453,0.0088215334306225,0.0092593980303101,0.009993490434033,0.0110824095551647,0.0094429573442074,0.0097428651194751,-0.0002999077752677,0.9557494147245382,0.882153343062253,0.9259398030310172,0.999349043403308,1.1082409555164707,0.9442957344207414,0.9742865119475176,-0.029990777526776,15.34,646.505,97.624,3594.6,-0.0238336563284198,-0.0005778641100846,-0.0078361351105717,0.0117501747162744,-0.007916159274730106,-0.002797766991768924,0.0041366038331673806,0.0,-0.002797766991768924,0.002797766991768924,5.617162675020501e-06,0,0,11.223947698438884,2.4180496829923395,9.90176253874089,2.2927127755105854,1.3831612808050895,0.3243716625176235,5.701413303127082,1.7407140920235318,3.0588869901134443,1.1180511210778568,3.2790926274441645,1.1875667461503694
2025-09-05 10:00:00+00:00,112256.36,4409.99,2.8391,206.05,0.2163,0.9998,156930000.0,6155000.0,3966.0,287800.0,302.0,1397.0,1387.82,0.0073070583230485,0.0056742047369857,0.0065581701151333,0.0064333717975288,0.0060447097062321,0.0068160538767119,0.0064035029357857,0.0004125509409261,0.7307058323048565,0.5674204736985766,0.6558170115133377,0.6433371797528897,0.6044709706232165,0.6816053876711914,0.6403502935785754,0.0412550940926159,16.49,646.2207,97.537,3590.17,0.0722903406323975,-0.0004398458305319,-0.0008915716332973,-0.0012331641963179,0.0027057367267939725,-0.0004231381550408031,0.004114927179868488,0.0,-0.0004231381550408031,0.0004231381550408031,5.506811453968863e-06,0,0,7.359281277683015,1.9959622754837494,7.49559486646157,2.014315496845556,1.5657774246053562,0.4483824575855654,4.054915905087418,1.3999299487795591,4.453735374259181,1.4937431540165316,8.332409877053875,2.1201527153061477
2025-09-05 11:00:00+00:00,112354.0,4417.39,2.8439,206.67,0.21677,0.9999,156864000.0,6162000.0,3970.0,288400.0,303.0,1397.0,1385.48,0.0077074878261464,0.0068289378222872,0.0075716159342107,0.0072042638842817,0.0088885424675662,0.0084156494293652,0.0076401695868984,0.0007754798424667,0.7707487826146497,0.6828937822287218,0.757161593421074,0.7204263884281747,0.8888542467566207,0.8415649429365235,0.7640169586898482,0.0775479842466753,15.7,645.75,97.487,3591.97,-0.0490934242172453,-0.000728654327573,-0.0005127574154517,0.0005012433725006,-0.0016875206831619138,0.0008694167637717243,0.004109576200180817,0.0008694167637717243,0.0,0.0008694167637717243,5.506811453968863e-06,0,0,7.192561094179986,1.9730473105583404,8.76662020223961,2.170951350376804,1.0265463873288143,0.026200146254960175,5.0634900195046,1.6220559727217252,4.537831083629376,1.5124491630181922,12.244886133316314,2.505108391325886
2025-09-05 12:00:00+00:00,113214.78,4471.12,2.8757,209.04,0.22032,0.9997,157647000.0,6216000.0,4002.0,291000.0,307.0,1392.0,1386.36,0.004399676678684,0.0028100099370806,0.0038237981194337,0.004124521179599,0.0050980563972975,0.0043695182474936,0.004051212462419,0.0003183057850746,0.4399676678684017,0.2810009937080693,0.3823798119433785,0.412452117959905,0.5098056397297546,0.4369518247493653,0.4051212462419018,0.0318305785074635,15.82,645.665,97.643,3595.44,0.0076142499852456,-0.0001316385517009,0.0015989343846225,0.000965577383118,0.0006349573060244751,0.007632121593367458,0.004354697093468464,0.007632121593367458,0.0,0.007632121593367458,5.506811453968863e-06,1,0,13.993130878213671,2.63856655765023,6.726619282961942,1.9060726820742588,1.2522217789721812,0.22491939674465145,4.332135145425486,1.4660605256570876,4.445568671154162,1.4919077958006908,11.095908234700627,2.40657641285402
2025-09-08 09:00:00+00:00,112094.99,4318.93,2.9332,210.87,0.23376,1.0,156083000.0,6016000.0,4086.0,293600.0,326.0,1394.0,1386.67,0.0041446561822684,0.0045198948564864,0.0045777758575464,0.0040795763446552,0.0057135040748079,0.0052860449854688,0.0046070814631529,0.0006789635223158,0.4144656182268447,0.4519894856486406,0.4577775857546484,0.4079576344655278,0.5713504074807974,0.5286044985468807,0.4607081463152918,0.0678963522315889,15.31,648.7735,97.572,3633.53,-0.0327687526699156,0.004802863906538,-0.0007274031517106,0.0105382516473664,0.00022358214753648298,0.003670943392737769,0.0018173616466871099,0.003670943392737769,0.0,0.003670943392737769,1.116432800060174e-06,0,0,14.706253234620945,2.688272793442237,6.602976567437639,1.8875205424309804,1.0804121963958948,0.0773426316507386,9.392516447842697,2.2399132496321617,3.588165785474432,1.277641148668246,14.742371149884738,2.6907257388092023
2025-09-08 10:00:00+00:00,112048.0,4328.69,2.9509,215.22,0.23407,1.0,155956000.0,6019000.0,4107.0,299300.0,326.0,1392.0,1387.32,0.0032780980273512,0.0022849547878269,0.0032139516156697,0.0024147363842961,0.0039109648930599,0.003373410604619,0.0030205411416408,0.0003528694629782,0.3278098027351239,0.2284954787826976,0.321395161566973,0.2414736384296123,0.3910964893059976,0.3373410604619042,0.3020541141640809,0.0352869462978233,15.03,649.765,97.552,3640.93,-0.018458005904709,0.0015271017265714,-0.0002049978482405,0.0020345159785151,0.00046863904476612817,-0.00041928592715123614,0.0018192217712698138,0.0,-0.00041928592715123614,0.00041928592715123614,1.123757828756302e-06,0,0,15.269237462562833,2.725840181019853,7.213036116144449,1.9758899605995934,0.8406307668679508,-0.17360275600080163,6.573992043461533,1.8831212649372997,4.1739541126047515,1.428863814968501,7.477152279858179,2.011852008248553
2025-09-08 11:00:00+00:00,112052.43,4312.41,2.9362,214.28,0.23337,1.0,156000000.0,6007000.0,4091.0,298100.0,324.0,1393.0,1386.39,0.0041946470303821,0.004736478646435,0.0049823349137958,0.0034481143195628,0.0014160941536085,0.0047677781865131,0.0037555338127568,0.0010122443737563,0.4194647030382192,0.4736478646435005,0.4982334913795849,0.3448114319562823,0.1416094153608549,0.4767778186513194,0.3755533812756884,0.101224437375631,15.2,648.62,97.572,3639.33,0.0112472240873473,-0.0017637300135424,0.0002049978482405,-0.0004395447486089,-0.000670582025409594,3.953584560711931e-05,0.0018188723140642096,3.953584560711931e-05,0.0,3.953584560711931e-05,1.123757828756302e-06,0,0,10.664235953992781,2.3668957088500044,7.183284014726048,1.9717566621586882,0.8532073455501233,-0.15875268301023093,5.1890961237827105,1.6465595247433589,3.1350545410607484,1.1426465714010932,7.577583712500175,2.0251943773978938
2025-09-08 12:00:00+00:00,112034.51,4320.46,2.9638,214.47,0.23508,0.9999,155955000.0,6008000.0,4123.0,298400.0,327.0,1393.0,1386.59,0.0039207256624824,0.0028866992934286,0.0032666532563927,0.0034233505934355,0.0031918767625642,0.0047233240766146,0.0033378611136607,0.0013854629629539,0.3920725662482471,0.2886699293428663,0.3266653256392748,0.342335059343557,0.3191876762564272,0.4723324076614688,0.3337861113660745,0.1385462962953942,15.34,648.51,97.577,3640.73,0.0091683680868794,-0.0001696052057447,5.124289646474267e-05,0.0003846122194754,0.0001442491473770957,-0.00015993792443325106,0.0017780388344710862,0.0,-0.00015993792443325106,0.00015993792443325106,1.0202050378032627e-06,0,0,8.25076087706733,2.1103054236172056,6.961200250249113,1.9403519092270154,0.51286988810422,-0.6677330954072218,5.863389919133928,1.7687279208251117,2.2875818033364586,0.8274952785495319,9.458749018367874,2.246940135246266
2025-09-09 09:00:00+00:00,112966.54,4357.2,3.0076,218.98,0.24079,0.9999,156683000.0,6039000.0,4175.0,303700.0,334.0,1387.0,1386.57,0.0002999605939264,-0.0004241955406476,0.0011395169010299,0.0002269247133042,0.0003828102600733,0.0004101587885121,0.0003250033855372,8.5155402974868e-05,0.0299960593926451,-0.0424195540647653,0.113951690102998,0.022692471330421,0.0382810260073362,0.0410158788512138,0.032500338553727,0.0085155402974868,15.31,648.74,97.546,3666.28,-0.0019575862695178,0.0003545962650379,-0.0003177482947762,0.0069933130322379,-1.4423978422328787e-05,-0.00023145768479437834,0.002776380869420485,0.0,-0.00023145768479437834,0.00023145768479437834,1.8756503477470075e-06,0,0,11.956379591857885,2.481264992985774,7.680248196319057,2.038651863866434,0.7995711761542637,-0.22367972483671672,6.416350213638048,1.8588494534944333,2.660932205999049,0.9786765147822654,7.330473839477077,1.9920401576669544
2025-09-09 10:00:00+00:00,112732.62,4348.73,3.0038,217.75,0.2409,0.9998,156430000.0,6030000.0,4165.0,302000.0,335.0,1387.0,1388.09,-0.0003388386481441,-0.0010649717073816,-0.0010899851857255,-0.0008489392857669,0.0018215777839947,-0.0005853687505145,-0.0003042314086046,-0.0002811373419098,-0.0338838648144101,-0.1064971707381623,-0.1089985185725561,-0.0848939285766903,0.1821577783994721,-0.0585368750514514,-0.0304231408604693,-0.028113734190982,15.45,648.75,97.657,3645.73,0.0091027936741623,1.5414376989042466e-05,0.0011372777258946,-0.0056209042672712,0.0010956298444142476,-0.0020728485099983374,0.0028158317980812777,0.0,-0.0020728485099983374,0.0020728485099983374,2.04735452510931e-06,0,0,16.450296746506957,2.8003435163500097,8.183161301370497,2.102078543115665,0.9151126483607022,-0.08870810832187855,5.326114927495458,1.6726220657348667,2.864689807875984,1.052460074802863,8.52079729482504,2.1425099156677807
2025-09-09 11:00:00+00:00,112433.59,4347.34,3.0043,217.25,0.24161,0.9999,156175000.0,6030000.0,4168.0,301500.0,335.0,1388.0,1388.16,0.0006355097829822,-0.0007959653374725,-0.0005872480273281,-0.0002578439471133,-0.001172765096691,-1.5262014906092247e-05,-0.0004356625251245,0.0004204005102184,0.0635509782982213,-0.0795965337472504,-0.0587248027328124,-0.0257843947113367,-0.1172765096691064,-0.0015262014906092,-0.0435662525124569,0.0420400510218477,15.32,648.8546,97.666,3645.63,-0.0084498390313094,0.0001612201439895,9.215504581039367e-05,-2.742972504599095e-05,5.0427735265756723e-05,-0.0026560839283948923,0.0028778291261886877,0.0,-0.0026560839283948923,0.0026560839283948923,2.3413037682208783e-06,0,0,9.006729919868128,2.197972066770607,9.11872302588219,2.210329775190787,1.8362737681814087,0.6077383922922449,4.011717731014847,1.3892195114468222,2.902564799796925,1.0655947598521287,13.466620963589834,2.6002141025004017
2025-09-09 12:00:00+00:00,112671.76,4345.19,3.0079,217.64,0.24578,0.9997,156424000.0,6033000.0,4178.0,302500.0,341.0,1389.0,1387.82,0.0003573492864048,0.0004408397372148,0.0008566983589084,0.00150591793257,-0.000288478632897,0.0011505995356129,0.0005744653364402,0.0005761341991726,0.0357349286404851,0.044083973721487,0.0856698358908447,0.1505917932570044,-0.0288478632897049,0.1150599535612917,0.0574465336440233,0.0576134199172684,15.16,649.565,97.717,3645.0,-0.0104987840982193,0.0010942534614937,0.0005220515721253,-0.0001728245711465,-0.00024495853839034964,0.0021160766625296645,0.002904838424903132,0.0021160766625296645,0.0,0.0021160766625296645,2.3402379290678773e-06,0,0,8.542605731553389,2.1450660820513914,6.607356074865187,1.8881835851728368,1.1924001672458728,0.17596822308164273,4.200360820427188,1.435170431224823,2.2244093335706596,0.7994914123171907,2.1905388256075065,0.7841475526559418
2025-09-10 09:00:00+00:00,112274.29,4325.08,2.9685,220.45,0.24173,0.9999,156285000.0,6017000.0,4134.0,307000.0,336.0,1393.0,1387.73,0.0030717578795336,0.002491939982963,0.0035255681109898,0.003513675653106,0.0016217541017287,0.0038979584871645,0.0028449391456642,0.0010530193415003,0.3071757879533621,0.2491939982963043,0.3525568110989807,0.3513675653106007,0.1621754101728711,0.3897958487164565,0.2844939145664238,0.1053019341500327,14.72,653.895,97.66,3651.29,-0.0294532669134954,0.0066438800232972,-0.0005834873257057,0.0017241643515308,-6.485201133621388e-05,-0.0008528146581703311,0.0034006723730033435,0.0,-0.0008528146581703311,0.0008528146581703311,7.665925821605095e-06,0,0,18.71815544396162,2.9294939322182456,13.150726809549687,2.5764770277845943,1.1102091644801706,0.1045484340409436,10.89973562961687,2.3887385347773713,2.5090449430320354,0.9199021799508512,11.91997267750575,2.478215369479019
2025-09-10 10:00:00+00:00,112270.01,4326.93,2.9645,220.09,0.24026,0.9999,156425000.0,6025000.0,4130.0,306400.0,334.0,1393.0,1386.47,0.0049210083036439,0.0043074978448129,0.0048196515201996,0.0041023272384081,0.0026619106693788,0.0048102836205565,0.0041624791152887,0.0006478045052678,0.4921008303643948,0.4307497844812991,0.4819651520199697,0.4102327238408199,0.2661910669378819,0.4810283620556577,0.4162479115288731,0.0647804505267845,14.88,652.85,97.679,3647.81,0.0108109161042158,-0.0015993942548311,0.0001945336062938,-0.0009535422897837,-0.0009083700429952657,-3.812165350325358e-05,0.0033787035560287355,0.0,-3.812165350325358e-05,3.812165350325358e-05,7.486957168066075e-06,0,0,20.210760772077684,3.006215174055759,9.819092139910307,2.284328667981633,1.1893693536929406,0.1734232117678361,7.358072711983537,1.9957980386646794,3.6983689877116634,1.3078919083310845,12.822335411616464,2.551188604294555
2025-09-10 11:00:00+00:00,112299.99,4331.31,2.971,220.25,0.24015,0.9999,156308000.0,6025000.0,4133.0,306600.0,334.0,1393.0,1387.28,0.0033151344773256,0.0027061020966534,0.0027637556914426,0.003441614916549,0.0025354782597901,0.004223598647276,0.0029524170883521,0.0012711815589238,0.3315134477325676,0.2706102096653451,0.2763755691442604,0.344161491654904,0.2535478259790169,0.4223598647276061,0.2952417088352188,0.1271181558923873,14.83,652.65,97.74,3644.11,-0.0033658732551051,-0.0003063960192486,0.000624299602201,-0.0010148219721397,0.0005840468845601521,0.00026699915552441666,0.00333767565228029,0.00026699915552441666,0.0,0.00026699915552441666,7.193007924954506e-06,0,0,17.087806213753712,2.838365122226221,8.704616156015696,2.1638534775915153,1.3299636429870367,0.28515160576005205,6.312653424407957,1.842556099162826,4.3977731161260305,1.4810983028359779,9.81207058713617,2.2836133203304327
2025-09-10 12:00:00+00:00,113413.51,4370.99,2.9992,223.43,0.24252,0.9998,157575000.0,6070000.0,4170.0,310900.0,337.0,1391.0,1388.11,0.0009183271386528,0.0004260580709072,0.0016286645420584,0.0024329964523388,0.0010561968674052,0.0022824240522223,0.0012924486142725,0.0009899754379498,0.0918327138652808,0.0426058070907231,0.1628664542058455,0.2432996452338853,0.1056196867405212,0.2282424052222342,0.1292448614272512,0.098997543794983,14.9,652.275,97.796,3642.99,0.0047090568015724,-0.0005747456908604,0.0005727845668426,-0.0003073925179624,0.0005981141567446002,0.009866747302815781,0.0038862166400834637,0.009866747302815781,0.0,0.009866747302815781,7.193007924954506e-06,1,0,12.69167460866668,2.540946235877859,6.214570246919329,1.8268965748517205,1.0585447224281843,0.05689506145903944,3.601139835279569,1.2812504162592329,2.228198380758611,0.8011933579390232,15.802844354248545,2.7601899462516237
2025-09-11 09:00:00+00:00,113895.29,4416.29,3.0273,224.49,0.24974,0.9996,158577000.0,6144000.0,4210.0,312100.0,348.0,1392.0,1389.49,0.0020260385410513,0.0012400135776546,0.000855106592059,0.0005558676123991,0.0028493815390113,0.0022073011026517,0.0015052815724351,0.0007020195302166,0.2026038541051322,0.1240013577654686,0.0855106592059007,0.0555867612399119,0.2849381539011375,0.220730110265177,0.1505281572435102,0.0702019530216668,15.08,655.95,97.584,3630.51,0.0120081496283965,0.005618314383101,-0.0021701308547505,-0.0034316387563571,0.0009936636762297724,-0.0013520826498449878,0.002634500850709215,0.0,-0.0013520826498449878,0.0013520826498449878,6.142732388772231e-07,0,0,8.239576337172439,2.1089489272078694,5.788236573298568,1.755827680998671,1.0175463139676055,0.017394154711607126,4.698435866839983,1.547229659038339,2.0257594890287702,0.7059446865529694,14.831394509025328,2.6967461847044274
2025-09-11 10:00:00+00:00,114062.32,4427.82,3.016,225.75,0.251,0.9996,158902000.0,6170000.0,4202.0,314300.0,350.0,1393.0,1388.63,0.003230250756854,0.0034798654280858,0.0033169917620654,0.0026054903145573,0.0041712412643915,0.003548405960686,0.0033607679051908,0.0001876380554952,0.3230250756854014,0.3479865428085871,0.3316991762065457,0.2605490314557368,0.4171241264391501,0.3548405960686063,0.3360767905190842,0.018763805549522,14.88,657.45,97.528,3629.96,-0.0133513331748638,0.0022841490058889,-0.0005740292912559,-0.0001515053436094,-0.0006191237437338515,0.001465448158471716,0.002636610760988863,0.001465448158471716,0.0,0.001465448158471716,6.142126863578138e-07,0,0,8.222197821244283,2.1068375481770407,6.367102083308785,1.851144434094482,0.9269103539499093,-0.07589842364821904,4.137593572906974,1.4201143562557799,3.460304955491104,1.2413567226109328,18.225872735572466,2.902842163473702
2025-09-11 11:00:00+00:00,113999.99,4429.8,3.0077,225.03,0.25086,0.9995,158939000.0,6169000.0,4192.0,313500.0,349.0,1394.0,1389.39,0.0034633016535132,0.0023201995237793,0.0031424050838291,0.0027044820551633,0.001312966893838,0.0038199128209768,0.0025886710420246,0.0012312417789521,0.3463301653513273,0.2320199523779376,0.3142405083829125,0.2704482055163382,0.1312966893838085,0.3819912820976823,0.2588671042024648,0.1231241778952174,14.88,657.38,97.531,3633.18,0.0,-0.000106477643599,3.07599239235401e-05,0.0008866689093043,0.0005471523019702218,-0.0005466050181794913,0.002647092064269675,0.0,-0.0005466050181794913,0.0005466050181794913,6.266617299369389e-07,0,0,10.310444507669025,2.333157411325377,5.079032601018566,1.6251208105853883,1.0565977229011918,0.05505405062668724,4.905904185196004,1.5904394155183919,3.4082408574099397,1.226196280592406,20.487505572514507,3.019815216065738
2025-09-11 12:00:00+00:00,113975.99,4426.06,2.9983,226.71,0.24799,0.9997,158612000.0,6154000.0,4172.0,315700.0,345.0,1392.0,1388.86,0.0019918705924011,0.0011098277522254,0.0018685525703259,0.0026409422678437,0.0016741272933185,0.0025616155102712,0.0018570640952229,0.0007045514150482,0.1991870592401134,0.1109827752225456,0.1868552570325921,0.2640942267843726,0.1674127293318505,0.2561615510271231,0.1857064095222949,0.0704551415048282,14.91,657.115,97.54,3636.41,0.002014099371701,-0.0004031966703408,9.22740951381229e-05,0.000888633392682,-0.00038153514365468766,-0.00021054849803725517,0.0017722594862420425,0.0,-0.00021054849803725517,0.00021054849803725517,6.285088411880115e-07,0,0,8.76587661403492,2.170866526382489,4.695854765709203,1.546680154813553,1.024457997694704,0.024163689998601787,3.3298430327093715,1.202925165556841,2.074906674742912,0.7299161766436976,5.2916682399813535,1.6661335534299124
2025-09-12 09:00:00+00:00,115048.01,4515.12,3.0485,238.46,0.2602,0.9996,160070000.0,6284000.0,4245.0,332200.0,361.0,1392.0,1391.65,-0.000228367381001,8.486589034140124e-05,0.0006022411569137,0.0010460690350717,-0.0030580159755395,0.0006517607222531,-0.0003106414548427,0.0009624021770958,-0.0228367381001071,0.0084865890341401,0.0602241156913763,0.1046069035071761,-0.3058015975539563,0.0651760722253147,-0.0310641454842741,0.0962402177095889,14.7,657.96,97.659,3650.52,-0.0141846349919565,0.0012850979849687,0.0012192686923837,0.0038726919662579,0.00200682675937891,8.692023811818217e-08,0.0024665250370322486,8.692023811818217e-08,0.0,8.692023811818217e-08,1.8382141447296114e-06,0,0,11.567142166942267,2.448168506973644,7.874649398238395,2.0636486628619974,1.4365880798934887,0.3622709131812116,4.243749947815035,1.4454473000279702,2.735455925579798,1.006298122375785,16.632532956354787,2.8113605940751882
2025-09-12 10:00:00+00:00,114980.85,4516.69,3.0435,239.06,0.26028,0.9997,160127000.0,6288000.0,4239.0,333100.0,363.0,1392.0,1392.49,0.000108152006095,-0.0002298546133613,0.0002257374285472,0.0006348687287243,0.0015525521361821,-5.190319672299104e-05,0.0004582911372374,-0.0005101943339604,0.0108152006095041,-0.0229854613361335,0.0225737428547256,0.0634868728724313,0.1552552136182106,-0.0051903196722991,0.0458291137237476,-0.0510194333960467,14.6,657.64,97.726,3648.11,-0.0068259650703996,-0.0004864700612809,0.0006858254484853,-0.0006603979342951,0.0006034179498790593,-0.0005839267464811115,0.002464216558006681,0.0,-0.0005839267464811115,0.0005839267464811115,1.8524212466152786e-06,0,0,9.376429486630041,2.2381990388066693,7.86927403534442,2.062965813618539,1.0261410813336305,0.02580524346859964,3.8081328600991218,1.3371390060523987,4.5210077236759805,1.508734916710916,12.665811190324863,2.5389063311715776
2025-09-12 11:00:00+00:00,114913.45,4520.76,3.0389,239.18,0.25989,0.9997,160146000.0,6296000.0,4236.0,333500.0,362.0,1393.0,1394.26,-0.0004570412581803,-0.0011287812110859,-0.0002399598747488,6.265220091439261e-05,-0.0009775831749815,-0.0006038863571915,-0.0005481426636164,-5.574369357508324e-05,-0.0457041258180357,-0.1128781211085949,-0.0239959874748896,0.0062652200914392,-0.0977583174981533,-0.0603886357191552,-0.0548142663616468,-0.0055743693575083,14.55,658.06,97.714,3644.38,-0.0034305350967893,0.0006384434358386,-0.0001227998364212,-0.0010229702955442,0.0012702971116986816,-0.0005863564423389533,0.0024648476000098192,0.0,-0.0005863564423389533,0.0005863564423389533,1.85429778126417e-06,0,0,9.024804730849464,2.1999768675138993,4.518464941513299,1.508172321452557,1.7645849527766415,0.5679155084979705,3.606259993794692,1.2826712225133283,2.9289722759884627,1.074651602450326,18.578562576222286,2.922008366357542
2025-09-12 12:00:00+00:00,115083.97,4526.63,3.0415,239.34,0.26262,0.9996,160385000.0,6307000.0,4240.0,333800.0,366.0,1394.0,1393.66,-1.8240962893600887e-05,-0.0002509542568263,0.0002791132598323,0.0007237577184056,-8.167146412052517e-06,0.0006442196297888,0.0001451017224211,0.0004991179073676,-0.00182409628936,-0.0250954256826307,0.0279113259832319,0.0723757718405604,-0.0008167146412052,0.0644219629788889,0.0145101722421192,0.0499117907367696,14.49,658.1,97.608,3649.26,-0.0041322372849106,6.078288355837458e-05,-0.0010853873133216,0.0013381523431927,-0.0004304284263989544,0.0014827995135195948,0.0024728489333938055,0.0014827995135195948,0.0,0.0014827995135195948,1.8524506700130975e-06,0,0,12.926344221965707,2.5592674166861653,8.282757146867421,2.1141759017208224,1.1865218902857848,0.17102624618475185,4.667357633011858,1.5405930942035513,2.3835581394363095,0.8685943878285662,10.863184758001793,2.385379527315982
2025-09-15 09:00:00+00:00,114868.59,4526.22,2.9775,235.59,0.26343,0.9995,159881000.0,6304000.0,4144.0,327900.0,367.0,1392.0,1387.27,0.003308683695911,0.003967260175733,0.003244949063258,0.0032832688220201,0.0042453690376131,0.0039115299646694,0.003609906158907,0.0003016238057623,0.3308683695911085,0.3967260175733011,0.3244949063258007,0.3283268822020124,0.4245369037613189,0.391152996466948,0.3609906158907083,0.0301623805762396,15.19,660.69,97.439,3657.44,0.0471785602750904,0.0039278479968363,-0.001732916089888,0.0022390418157041,-0.0045955930182470794,0.0011438733690738445,0.00318460349771668,0.0011438733690738445,0.0,0.0011438733690738445,7.1520762688162335e-06,0,0,10.540017949692311,2.355179246118627,7.65241173262447,2.035020857321313,0.9213106772559535,-0.08195797359765031,5.101143289435211,1.6294646890060152,1.7264117637398586,0.5460451295276295,6.661156516714062,1.8962931206349483
2025-09-15 10:00:00+00:00,114769.04,4529.79,2.9795,236.18,0.26419,0.9996,159960000.0,6313000.0,4150.0,329300.0,369.0,1393.0,1386.5,0.0052330817921844,0.0051661311808499,0.0045807064707765,0.0056080436672696,0.0073725611943682,0.0050900995089704,0.0055921048610897,-0.0005020053521193,0.5233081792184402,0.5166131180849964,0.4580706470776574,0.5608043667269635,0.7372561194368243,0.5090099508970436,0.5592104861089764,-0.0502005352119328,15.29,660.365,97.345,3663.55,0.0065617033332894,-0.0004920310003093,-0.0009651717522709,0.0016691735458209,-0.0005552010583276257,-0.0008670182342171984,0.0031854931171741534,0.0,-0.0008670182342171984,0.0008670182342171984,7.181490177291872e-06,0,0,10.919685052689722,2.39056712857206,14.29996792233578,2.6602572940700435,1.519799989014072,0.41857874002501216,7.191803633319199,1.9729419933092527,2.356086759698877,0.8570020901108399,12.967414819612591,2.5624396584624525
2025-09-15 11:00:00+00:00,115070.0,4530.65,2.9994,236.45,0.26528,0.9995,160377000.0,6316000.0,4182.0,329400.0,371.0,1394.0,1385.19,0.0061682864575771,0.0064037820816023,0.0065614506104969,0.0057150029830028,0.0096249005865085,0.0068635701054273,0.0068946845438375,-3.111443841019579e-05,0.6168286457577166,0.6403782081602305,0.6561450610496955,0.571500298300287,0.9624900586508556,0.6863570105427375,0.689468454383757,-0.0031114438410195,15.41,660.62,97.384,3680.66,0.0078176293910536,0.0003860755469098,0.0004005566764213,0.0046594612506059,-0.0009452717277502742,0.002618877732970759,0.003227194002003414,0.002618877732970759,0.0,0.002618877732970759,7.014063576287479e-06,0,0,12.417112550424164,2.5190755656139814,5.6823247246114885,1.7373604315018456,1.217143768892821,0.19650694087597642,9.629362165040284,2.264816989456568,1.850770613117026,0.6156020999891785,10.560610214175766,2.357131062041913
2025-09-15 12:00:00+00:00,114721.04,4514.38,2.9894,234.8,0.26238,0.9996,159885000.0,6290000.0,4162.0,327200.0,367.0,1394.0,1385.92,0.0056028228338378,0.0053432588324702,0.0045692579261471,0.005488343808768,0.0092463198842189,0.0062325553634059,0.0060500006570884,0.0001825547063174,0.5602822833837839,0.5343258832470221,0.4569257926147152,0.5488343808768059,0.924631988421898,0.6232555363405945,0.605000065708845,0.0182554706317494,15.69,659.72,97.356,3679.45,0.0180069174129164,-0.0013632854255583,-0.000287562906367,-0.0003287994366658,0.00052686469817953,-0.0030371964742421653,0.0032763218977297486,0.0,-0.0030371964742421653,0.0030371964742421653,7.397345103769227e-06,0,0,14.419385935897822,2.6685735467543577,9.85968466119353,2.288454186479747,1.5968697996304004,0.4680453378130994,7.289643428569299,1.986454632419556,2.46298173450757,0.901372703157825,17.354949989782604,2.8538777677067517
2025-09-16 09:00:00+00:00,115477.27,4511.29,3.0295,235.31,0.26586,0.9997,160691000.0,6278000.0,4212.0,327600.0,371.0,1392.0,1381.79,0.0070545590193666,0.0071137379257866,0.0061792580897346,0.0075380673570069,0.0099011432160971,0.0076912738676608,0.0075573531215983,0.0001339207460624,0.7054559019366691,0.7113737925786623,0.6179258089734629,0.7538067357006906,0.990114321609714,0.7691273867660886,0.7557353121598398,0.0133920746062487,16.15,659.91,96.77,3695.5,0.0288964829237245,0.0002879595057896,-0.0060373343080772,0.0043525787534424,-0.002984418935082722,-0.0015704175355040206,0.0018756005977523572,0.0,-0.0015704175355040206,0.0015704175355040206,1.226747012253155e-06,0,0,10.774664310027845,2.3771974809827214,6.261838992606316,1.8344739107573576,1.0123189659452931,0.01224370494572133,5.27565117590424,1.663102117412391,3.1926301317769528,1.1608450698093897,9.380070496509092,2.2385872786091974
2025-09-16 10:00:00+00:00,115372.46,4498.75,3.022,235.25,0.26369,0.9997,160672000.0,6270000.0,4207.0,327600.0,368.0,1393.0,1380.76,0.0086020571077833,0.0093864812932955,0.008230554848998,0.0085468185689232,0.0107318730256527,0.0091674334479723,0.0090995569689305,6.787647904174e-05,0.860205710778339,0.9386481293295555,0.823055484899804,0.8546818568923253,1.0731873025652705,0.9167433447972329,0.9099556968930588,0.006787647904174,16.15,659.6013,96.821,3686.39,0.0,-0.0004679005107899,0.0005268840098953,-0.0024682038407153,-0.0007456878954057444,-0.0009080366453240174,0.001876652774716825,0.0,-0.0009080366453240174,0.0009080366453240174,1.229780759369246e-06,0,0,14.727948608813994,2.6897469545720267,9.028543678961864,2.20039107856007,1.5840273853648452,0.45997058198321816,5.392320390947849,1.6849757915309,2.840277107573732,1.0439016205025127,9.321008974161636,2.2322708818681325
2025-09-16 11:00:00+00:00,115287.83,4501.26,3.0289,235.37,0.26459,0.9996,160551000.0,6266000.0,4215.0,327900.0,368.0,1393.0,1381.62,0.0079545248778003,0.0075524884824236,0.0072192847271175,0.0083277000595545,0.0066668817541764,0.0086401636985478,0.0075441759802144,0.0010959877183333,0.7954524877800351,0.7552488482423625,0.7219284727117525,0.8327700059554521,0.6666881754176401,0.8640163698547809,0.7544175980214485,0.1095987718333324,16.19,659.88,96.668,3686.42,0.0024737180208784,0.0004224387327722,-0.0015814855820117,8.138009796709866e-06,0.0006226515018097345,-0.0007338064458135563,0.0018139398241685837,0.0,-0.0007338064458135563,0.0007338064458135563,1.2522170885324762e-06,0,0,12.868081374523927,2.5547499331463346,9.267211285450992,2.2264825021127446,1.211913884059134,0.19220083236626587,9.135906538034943,2.2122124227863424,2.940794276753465,1.0786797070244076,9.429883694590771,2.2438837630158366
2025-09-16 12:00:00+00:00,115439.36,4500.04,3.0377,235.26,0.2662,0.9997,160800000.0,6269000.0,4232.0,327700.0,370.0,1393.0,1379.29,0.0098957546227196,0.0100114754774605,0.0100553894780706,0.0098869522807312,0.0077158405178887,0.0102429695043262,0.0095130824753741,0.000729887028952,0.9895754622719632,1.0011475477460507,1.0055389478070609,0.988695228073122,0.7715840517888761,1.0242969504326238,0.9513082475374144,0.0729887028952092,16.03,660.2793,96.608,3689.84,-0.0099318010680824,0.0006049270147574,-0.000620873796306,0.0009272992668556,-0.001687849696766719,0.0013134994777690423,0.0017030028988688432,0.0013134994777690423,0.0,0.0013134994777690423,8.678603209012663e-07,0,0,13.014297668947666,2.56604857379013,9.787790090633033,2.281135699767408,1.17058807290232,0.15750624894755963,5.0792591405630585,1.6251654124830877,4.511123791171071,1.5065463001182473,24.10425900216844,3.1823885469647797
2025-09-17 09:00:00+00:00,116550.01,4494.85,3.0146,235.2,0.2666,0.9996,162381000.0,6263000.0,4200.0,327300.0,371.0,1392.0,1376.97,0.0118087203723378,0.0119119625680137,0.011801030015472,0.0106114386319682,0.0106232521223184,0.0113197984045576,0.011351280742022,-3.1482337464394314e-05,1.1808720372337822,1.1911962568013743,1.1801030015472058,1.0611438631968229,1.0623252122318405,1.1319798404557655,1.1351280742022052,-0.0031482337464394,16.39,659.17,96.692,3679.24,0.0222094261342769,-0.0016814594715555,0.0008691154194258,-0.0028768875655842,-0.001683441001865127,-0.0026561858444420494,0.0023878429686443464,0.0,-0.0026561858444420494,0.0026561858444420494,1.3224103175184634e-06,0,0,11.73880385385726,2.462899922825642,7.803225163224194,2.0545371306998685,1.9785754962344826,0.6823771394345042,4.079981212471878,1.4060923836191639,2.5636297106502584,0.941424110005906,14.351818497119183,2.6638766587146763
2025-09-17 10:00:00+00:00,116359.14,4484.02,3.0128,234.16,0.26505,0.9996,161973000.0,6248000.0,4195.0,326400.0,370.0,1393.0,1376.28,0.0114288203401129,0.0124339060087681,0.0117072534965798,0.0128162060601977,0.0143016143838321,0.0125537121582728,0.0125375600578981,1.615210037466709e-05,1.1428820340112944,1.2433906008768147,1.170725349657986,1.2816206060197732,1.430161438383215,1.2553712158272834,1.2537560057898167,0.0016152100374667,16.47,658.945,96.737,3684.42,0.0048691514338101,-0.0003413966189373,0.0004652870129282,0.0014069092963122,-0.0005012258345198362,-0.0016390085381239317,0.002409619100758074,0.0,-0.0016390085381239317,0.0016390085381239317,1.3999860858014572e-06,0,0,6.87788805193294,1.928311635624771,6.108594271767202,1.8096966766261204,2.6777826294903995,0.9849890750016363,10.785961809759685,2.378245456185578,3.438003036256337,1.2348907901063808,26.845507243922327,3.2900984789808887
2025-09-17 11:00:00+00:00,116258.13,4491.64,3.0088,234.17,0.26539,0.9996,162095000.0,6261000.0,4196.0,326500.0,370.0,1394.0,1375.71,0.0134898216810577,0.0132389329008624,0.0137135811050714,0.0135029928775973,0.0134218773941621,0.0137004333247934,0.0134734411917502,0.0002269921330432,1.3489821681057723,1.323893290086242,1.3713581105071482,1.3502992877597375,1.3421877394162118,1.3700433324793426,1.3473441191750224,0.0226992133043201,16.56,658.91,96.701,3684.43,0.0054496047675649,-5.311661754614505e-05,-0.0003722122893705,2.7141277136877302e-06,-0.00041424569722359195,-0.0008684652377599633,0.0024124193295605636,0.0,-0.0008684652377599633,0.0008684652377599633,1.4089760845214551e-06,0,0,7.866652232968529,2.0626325885696355,5.880115993118646,1.7715764884368246,1.3442836112474497,0.29586124011271164,5.3499956779810045,1.677095753053571,3.2997428293912034,1.1938445349481823,28.576155796271653,3.352572656676415
2025-09-17 12:00:00+00:00,116204.94,4502.06,3.0242,234.78,0.26676,0.9997,161980000.0,6280000.0,4214.0,327400.0,372.0,1393.0,1376.5,0.0126528471945661,0.0133795812234374,0.0122966659574503,0.0130744467071011,0.0130853039068001,0.0122906105395004,0.012897768997871,-0.0006071584583706,1.2652847194566164,1.337958122343741,1.229666595745038,1.3074446707101115,1.3085303906800183,1.2290610539500424,1.289776899787105,-0.0607158458370626,16.6,658.672,96.734,3684.76,0.0024125464053841,-0.0003612678415283,0.0003411998895765,8.956208218791062e-05,0.000574084115454454,-0.00045762108302405125,0.0024087257201496747,0.0,-0.00045762108302405125,0.00045762108302405125,1.4177017951726262e-06,0,0,7.067774201781995,1.9555456073967794,5.755299759244407,1.750121127567058,1.281333994918915,0.24790171876569933,4.52118080930728,1.5087732007238381,2.667472735415135,0.9811314831162824,7.643374526684905,2.033839197635707
2025-09-18 09:00:00+00:00,117298.81,4597.0,3.123,247.09,0.28126,0.9996,162766000.0,6386000.0,4333.0,342900.0,391.0,1388.0,1389.47,-0.0013325150116126,-0.0002181781943392,-0.0014552550982123,-0.0012353989939611,0.0005057999497781,-0.0006582206389001,-0.0007471094696694,8.888883076925143e-05,-0.1332515011612689,-0.0218178194339224,-0.1455255098212315,-0.1235398993961189,0.0505799949778174,-0.0658220638900197,-0.0747109469669449,0.0088888830769251,15.21,664.49,97.412,3642.02,-0.087449589091296,0.0087941423581963,0.0069844627880204,-0.01166692184084,0.009378333866638222,0.0005902910010888718,0.002471887991557307,0.0005902910010888718,0.0,0.0005902910010888718,1.9220558008708684e-06,0,0,5.573847569263836,1.7180855819444991,6.461165129986083,1.8658096622104388,0.904283730663201,-0.10061210648103296,3.786771045905657,1.3315136891848638,1.7950313451330397,0.5850224842574351,2.814018833790351,1.0346136515590505
2025-09-18 10:00:00+00:00,117190.47,4574.28,3.1121,246.05,0.27878,0.9995,162701000.0,6359000.0,4322.0,341800.0,388.0,1389.0,1389.7,-0.0009738213942589,0.0003339822412884,-0.000667155254568,-0.0003968143892324,0.0014956201370064,-3.707689636867073e-06,-4.163773195291487e-05,3.79300423160478e-05,-0.0973821394258944,0.0333982241288444,-0.0667155254568063,-0.0396814389232447,0.1495620137006437,-0.0003707689636867,-0.0041637731952914,0.0037930042316047,15.71,663.39,97.354,3638.52,0.0323443459963281,-0.001656776593693,-0.0005955865162761,-0.0009614672179871,0.00016551704323575223,-0.0009240508368577594,0.002452150426568424,0.0,-0.0009240508368577594,0.0009240508368577594,1.8457025075814676e-06,0,0,1.2981074523098173,0.2609073978369456,4.896587022177447,1.5885384363433528,0.6784116932021775,-0.3880009582111004,5.13365804718312,1.6358184746956645,2.0273934251442185,0.7067509409620966,3.7350554225207913,1.3177626571683405
2025-09-18 11:00:00+00:00,117063.4,4576.12,3.1368,245.97,0.27957,0.9996,162541000.0,6353000.0,4350.0,341200.0,388.0,1388.0,1388.61,-8.86336184592329e-05,-0.0002275561396771,-0.0013296888837007,-0.0010434636804524,-0.0005504640904379,-3.9303930644662977e-05,-0.0006479612825455,0.0006086573519008,-0.0088633618459232,-0.0227556139677176,-0.1329688883700774,-0.1043463680452494,-0.0550464090437907,-0.0039303930644662,-0.0647961282545517,0.0608657351900854,15.56,663.48,97.429,3641.44,-0.0095939335172841,0.0001356576004249,0.0007700877767202,0.0008022022529221,-0.0007846497013828113,-0.001084891468075,0.002457014469314098,0.0,-0.001084891468075,0.001084891468075,1.86331740876082e-06,0,0,4.440142666990387,1.4906865081329472,4.417252762219798,1.4855179558400928,0.7714725859860296,-0.2594541412048948,6.333321170593311,1.8458247700638517,2.0300491846304216,0.7080600216421624,34.108086036324075,3.5295344833441975
2025-09-18 12:00:00+00:00,117124.69,4571.04,3.1163,246.04,0.28109,0.9995,162606000.0,6349000.0,4322.0,341300.0,390.0,1388.0,1388.16,0.0001118800335453,0.0005776075913432,-0.0009068603377232,-0.0007111446605143,-0.0005071641924269,0.0003849319772841,-0.0002871363131551,0.0006720682904393,0.0111880033545341,0.0577607591343287,-0.0906860337723247,-0.0711144660514362,-0.0507164192426912,0.0384931977284175,-0.0287136313155178,0.0672068290439353,15.44,663.32,97.321,3646.46,-0.0077419741536157,-0.0002411817919441,-0.001109114362733,0.0013776261457856,-0.0003241175926982365,0.0005234254346522249,0.0024522331931372656,0.0005234254346522249,0.0,0.0005234254346522249,1.8545916981096488e-06,0,0,4.028055046017521,1.3932836406064149,4.559482624587991,1.5172091575690991,0.7394273369571575,-0.30187926135190535,4.534906420829526,1.511804448476475,1.6374955528096145,0.4931679726821252,11.269965818050409,2.4221412950435726
2025-09-19 09:00:00+00:00,116488.0,4522.64,3.0297,242.87,0.27355,0.9995,162536000.0,6305000.0,4227.0,338600.0,381.0,1395.0,1397.44,-0.0015295680449328,-0.0023920505124258,-0.0016117741435585,-0.0023460860084074,-0.0033215082444199,-0.0012466732564818,-0.0022401973907489,0.000993524134267,-0.1529568044932872,-0.2392050512425858,-0.1611774143558508,-0.2346086008407466,-0.3321508244419902,-0.1246673256481867,-0.2240197390748921,0.0993524134267054,15.75,661.875,97.551,3663.95,0.0198788206750122,-0.0021808119902271,0.0023605249271119,0.0047849664713108,0.006662862098741229,-0.0036664384441618125,0.001731544831823853,0.0,-0.0036664384441618125,0.0036664384441618125,1.7845994814029507e-06,0,0,7.634869288562906,2.0327258184929926,11.229400363607464,2.4185353713859548,1.3485078750101944,0.29899870341018014,4.884131733050623,1.5859915282537977,2.6719333313859126,0.9828023045344967,5.733395946915633,1.746308016065321
2025-09-19 10:00:00+00:00,116532.68,4527.73,3.0311,242.32,0.27365,0.9995,162342000.0,6314000.0,4225.0,337700.0,381.0,1394.0,1396.74,-0.0026040809480206,-0.0015910028769613,-0.0020451847419551,-0.0022396773531129,-0.0031864049193237,-0.0014624420619893,-0.0023332701678747,0.0008708281058854,-0.260408094802067,-0.1591002876961345,-0.2045184741955141,-0.2239677353112923,-0.318640491932376,-0.146244206198931,-0.2333270167874768,0.0870828105885457,15.99,660.7,97.657,3667.38,0.0151231615742206,-0.0017768373198308,0.001086021171452,0.0009357102327314,-0.0005010414609261105,0.0003834852816293477,0.0017312654568527243,0.0003834852816293477,0.0,0.0003834852816293477,1.7490215668572204e-06,0,0,4.566099398958562,1.5186593172439706,6.98748431431762,1.9441205936583217,1.0532785804836524,0.05190775702618072,4.8759817289165195,1.5843214644660897,2.586873933911421,0.9504501714063205,9.923365273166322,2.2948921050140854
2025-09-19 11:00:00+00:00,116394.72,4513.8,3.0304,240.91,0.27123,0.9995,162274000.0,6296000.0,4227.0,336300.0,378.0,1395.0,1397.55,-0.0024186827661153,-0.0019436718979608,-0.001920958600163,-0.0011398544676806,-0.0027897786949527,-0.0013252843014832,-0.0020425892853745,0.0007173049838912,-0.2418682766115343,-0.1943671897960852,-0.1920958600163058,-0.1139854467680612,-0.2789778694952782,-0.1325284301483265,-0.2042589285374529,0.0717304983891264,15.81,662.46,97.663,3670.91,-0.0113208756244822,0.0026602996432609,6.143764081389946e-05,0.000962077070346,0.0005797537282727916,-0.0011845752464694215,0.0017335123736305364,0.0,-0.0011845752464694215,0.0011845752464694215,1.7584477759008106e-06,0,0,4.751948717252329,1.558554790178107,3.715559067159381,1.31252915598852,0.9692190527415705,-0.031264632018407006,5.468739223443061,1.6990481005514342,2.081430900401041,0.7330555900809811,15.414073968449735,2.7352809861278438
2025-09-19 12:00:00+00:00,116162.45,4518.59,3.0331,240.84,0.27076,0.9994,162116000.0,6307000.0,4234.0,336200.0,378.0,1395.0,1396.8,-0.000861049265152,-0.0007235148344421,-0.0006217388498181,-0.0006103114091134,-0.0005223936289299,-0.000689073237757,-0.0006678015974911,-2.1271640265863013e-05,-0.0861049265152069,-0.0723514834442107,-0.0621738849818198,-0.0610311409113495,-0.0522393628929918,-0.068907323775702,-0.0667801597491157,-0.0021271640265863,15.83,662.46,97.615,3668.19,0.0012642226715402,0.0,-0.0004916068473326,-0.0007412353352691,-0.0005367974792056529,-0.001997530991905805,0.001761476812718045,0.0,-0.001997530991905805,0.001997530991905805,1.924703195218485e-06,0,0,6.429805107163211,1.860944227862212,11.636656668090875,2.4541601732182348,1.050989002563764,0.04973162805678005,4.762390433515205,1.560749734102129,3.627645049566138,1.2885836910735822,10.757154505951918,2.3755710686405647
2025-09-22 09:00:00+00:00,112336.62,4150.99,2.8007,220.48,0.23761,0.9992,159341000.0,5904000.0,3977.0,312700.0,337.0,1418.0,1391.46,0.0193784764802977,0.02217189430552,0.0205123699722322,0.0192669791220951,0.0192822474164315,0.0198894026753175,0.0201223934593153,-0.0002329907839977,1.937847648029778,2.2171894305520023,2.051236997223227,1.9266979122095185,1.9282247416431584,1.988940267531758,2.012239345931537,-0.0232990783997789,15.91,664.07,97.531,3722.46,0.0050409684567744,0.0024273869276045,-0.0008608939479968,0.0146863876531675,-0.003830350490164669,-0.0025999534839371563,0.002825758941674094,0.0,-0.0025999534839371563,0.0025999534839371563,7.996025628086338e-06,0,0,11.072941523462138,2.4045044316997815,5.3239433421461575,1.6722142585051942,1.13325796868386,0.1250966425227778,8.552118607687799,2.146179042626547,4.079777282414417,1.4060423992825855,9.211290685796136,2.2204299800572787
2025-09-22 10:00:00+00:00,112792.16,4182.78,2.8161,222.41,0.23976,0.9992,159720000.0,5928000.0,3989.0,315300.0,340.0,1416.0,1392.34,0.0170331009040833,0.0178830259586459,0.0173506425723615,0.0181795279809739,0.0184902763822663,0.0178072216309037,0.0177873147596662,1.990687123751972e-05,1.7033100904083387,1.7883025958645993,1.735064257236152,1.8179527980974,1.8490276382266304,1.7807221630903758,1.7787314759666235,0.0019906871237519,15.89,664.93,97.483,3725.89,-0.0012578618010707,0.0012942063506988,-0.0004922723596187,0.0009210094161673,0.0006322293478788765,0.004046933685897258,0.003022846804336239,0.004046933685897258,0.0,0.004046933685897258,7.91497750508351e-06,0,0,5.806853723122976,1.759038896322857,7.094908276131643,1.9593773825695446,1.3562604108220755,0.30473121445934637,7.080455997812207,1.9573383121022714,2.59251629007216,0.9526289446397634,5.060073318675904,1.6213809730512954
2025-09-22 11:00:00+00:00,112876.97,4181.62,2.8162,221.49,0.23917,0.9991,159902000.0,5927000.0,3991.0,313900.0,339.0,1418.0,1392.28,0.0174708323716006,0.0180375061566946,0.0178684404790741,0.017912876030782,0.0180436751643826,0.019390747274006,0.0178666660405068,0.0015240812334992,1.747083237160063,1.803750615669464,1.78684404790741,1.7912876030782066,1.804367516438265,1.9390747274006024,1.7866666040506816,0.1524081233499209,15.82,665.855,97.396,3736.19,-0.0044150182091167,0.0013901571613237,-0.0008928617837709,0.0027606261367907,-4.309385123235643e-05,0.000751631417134746,0.0030240729095741387,0.000751631417134746,0.0,0.000751631417134746,7.91497750508351e-06,0,0,4.1455163959150525,1.4220273636778944,4.9302770750948754,1.5953951883201365,0.8275944894464953,-0.18923199160742712,5.658283898357876,1.7331206480712469,3.2499317111182644,1.1786339841572808,8.168807672042139,2.1003229584471423
2025-09-22 12:00:00+00:00,112738.65,4192.43,2.8454,222.9,0.24026,0.9992,159751000.0,5948000.0,4036.0,316300.0,341.0,1417.0,1390.85,0.0188035757203448,0.0200579500597946,0.0198294181666727,0.0202552273444271,0.020452070980695,0.0196171460661358,0.0198796484543868,-0.000262502388251,1.8803575720344856,2.0057950059794605,1.982941816667272,2.02552273444272,2.0452070980695014,1.9617146066135849,1.987964845438688,-0.0262502388251029,15.93,666.49,97.39,3737.32,0.0069291615824491,0.0009532066365398,-6.160607027094755e-05,0.0003024014174357,-0.0010276200722501017,-0.001226156392272415,0.0030028107775086064,0.0,-0.001226156392272415,0.001226156392272415,7.977621650846448e-06,0,0,2.645634326808285,0.9729108576573204,4.200704274043777,1.43525219552802,0.7148989249178366,-0.33561411003220376,3.985273784959886,1.3826060137616947,1.9861245104044927,0.6861852577184614,3.1528669796578193,1.1483121911724308
2025-09-23 09:00:00+00:00,112934.47,4192.55,2.8579,218.67,0.24055,0.9994,160869000.0,5976000.0,4072.0,311300.0,342.0,1424.0,1394.89,0.0211884244433744,0.0218623011430578,0.021458625453014,0.02058681864822,0.0192501499135919,0.0214819182500187,0.0208692639202516,0.000612654329767,2.118842444337443,2.186230114305787,2.1458625453014024,2.058681864822009,1.9250149913591967,2.148191825001877,2.086926392025168,0.0612654329767092,16.16,666.6101,97.345,3782.65,0.0143349291709924,0.0001801815187398,-0.0004621665422339,0.0120560451841136,0.002900488080237018,-0.0017638036192391127,0.0025647130053368552,0.0,-0.0017638036192391127,0.0017638036192391127,2.1083142099133874e-06,0,0,6.672201099884927,1.8979498054722619,7.647559467397679,2.0343865730699195,1.2802079006819518,0.24702248715020947,3.3046786640315844,1.195339241354866,2.718165374068396,0.9999571579061367,15.94036239550432,2.7688544080788104
2025-09-23 10:00:00+00:00,112969.32,4193.06,2.8642,219.08,0.2409,0.9993,160663000.0,5971000.0,4074.0,311900.0,344.0,1423.0,1393.68,0.0204513152536875,0.0217694805677812,0.0205977734049764,0.0215263526628153,0.0246099637504908,0.0217530550473787,0.0217909771279503,-3.792208057151747e-05,2.04513152536876,2.1769480567781274,2.0597773404976483,2.152635266281533,2.460996375049085,2.175305504737879,2.1790977127950306,-0.0037922080571517,16.1,666.16,97.39,3774.14,-0.0037197811025322,-0.0006754353464444,0.0004621665422339,-0.0022522800282747,-0.0008678283679026677,0.0003085384293601834,0.002432364106109369,0.0003085384293601834,0.0,0.0003085384293601834,2.1083142099133874e-06,0,0,14.220406927871938,2.6546780405529855,8.51520758734981,2.1418536928368432,2.488060883804762,0.9115036455601448,6.425332895755078,1.8602484420079424,3.1084926658203154,1.1341379353293666,15.389976531884056,2.7337164229558018
2025-09-23 11:00:00+00:00,112975.99,4192.08,2.8584,219.34,0.24085,0.9992,160754000.0,5970000.0,4071.0,312300.0,343.0,1423.0,1394.35,0.0204784347930973,0.0213461782372588,0.0214245646571082,0.021133076531171,0.0213525284679871,0.0213642998165162,0.0211469565373245,0.0002173432791916,2.04784347930973,2.1346178237258817,2.142456465710829,2.1133076531171024,2.135252846798718,2.136429981651622,2.1146956537324524,0.0217343279191695,16.32,665.23,97.294,3779.57,0.0135720775455436,-0.0013970364074502,-0.0009862136362608,0.0014377043691933,0.0004806261144238988,5.9040836049462087e-05,0.0024279730272638114,5.9040836049462087e-05,0.0,5.9040836049462087e-05,2.1083142099133874e-06,0,0,9.129442007196342,2.2115045763313446,5.967301658200143,1.786294841678092,1.3692845696243956,0.3142883914868871,5.120416377068482,1.6332357593910158,2.9768391019850404,1.0908620335408121,38.8621272878009,3.6600201848030425
2025-09-23 12:00:00+00:00,112941.02,4195.79,2.865,219.89,0.24079,0.9992,160665000.0,5968000.0,4075.0,312700.0,342.0,1422.0,1394.31,0.0202585209413286,0.0201304915784341,0.0201021070891176,0.0199128412623352,0.0186578051634536,0.0206758258985784,0.0198123532069338,0.0008634726916445,2.025852094132863,2.013049157843416,2.010210708911764,1.991284126233528,1.865780516345361,2.067582589857841,1.9812353206933864,0.0863472691644551,16.41,663.61,97.259,3779.2,0.0054995555660384,-0.002438217998498,-0.000359799133168,-9.78995260592086e-05,-2.8687613408351353e-05,-0.0003095827116279537,0.0024144188416149134,0.0,-0.0003095827116279537,0.0003095827116279537,2.0496634581229043e-06,0,0,11.246248863018186,2.4200346386504368,14.580746125504612,2.679701899859931,1.5480760556341542,0.4370129055072317,10.196356672541247,2.3220304675165075,4.9592112993981114,1.6012467158749304,21.660617048396446,3.075495729089345
2025-09-24 09:00:00+00:00,112735.06,4183.0,2.8733,210.98,0.2418,0.9997,160074000.0,5941000.0,4079.0,299800.0,343.0,1419.0,1403.05,0.0120189599818445,0.0122750662313038,0.011811437495901,0.0127848411337692,0.0110314734687215,0.0116715924224541,0.011984355662308,-0.0003127632398538,1.2018959981844546,1.227506623130381,1.1811437495901078,1.278484113376921,1.1031473468721575,1.1671592422454191,1.1984355662308044,-0.0312763239853852,16.65,663.17,97.838,3760.89,0.0145193113244532,-0.0006632599468341,0.005935526429103,-0.0048567155009706,0.0062487691532719936,0.0009962821734781357,0.0026147646411424494,0.0009962821734781357,0.0,0.0009962821734781357,4.022518454990718e-06,0,0,9.860906222654426,2.2885780733824928,11.379917230394813,2.4318501554199607,1.779186914646364,0.5761564704193627,5.252520149537184,1.6587079899099904,2.744803512500924,1.0097094922541303,35.34133209032989,3.565053159738888
2025-09-24 10:00:00+00:00,112941.98,4178.43,2.8726,210.9,0.24204,0.9996,160499000.0,5939000.0,4082.0,300200.0,344.0,1422.0,1403.04,0.0128540779153476,0.0130482754853176,0.012809558765809,0.0145280415550685,0.0129808740353289,0.0139190811459717,0.0132441655513743,0.0006749155945973,1.285407791534765,1.3048275485317615,1.2809558765809026,1.4528041555068594,1.2980874035328993,1.3919081145971737,1.3244165551374376,0.0674915594597359,16.7,662.665,97.838,3753.15,0.0029985029962569,-0.0007617841200779,0.0,-0.0020601441401719,-7.127355146074876e-06,0.001833771463720879,0.00264284169874472,0.001833771463720879,0.0,0.001833771463720879,4.022518454990718e-06,0,0,10.17468183044564,2.3199024611046783,12.692022334344308,2.5409736334376727,1.4019736890501318,0.33788102171028955,4.106547110571109,1.4125825563278749,2.4130752089709824,0.8809019544004334,3.1503719641240875,1.1475205297151094
2025-09-24 11:00:00+00:00,113029.46,4182.08,2.8804,212.35,0.2431,0.9997,160450000.0,5940000.0,4085.0,301500.0,345.0,1420.0,1404.9,0.0104216803123702,0.0109942747578035,0.0094709977573779,0.0106240724318797,0.0101566419160721,0.0110514113733015,0.0103335334351007,0.0007178779382008,1.042168031237023,1.0994274757803568,0.947099775737792,1.0624072431879794,1.0156641916072129,1.1051411373301567,1.0333533435100728,0.0717877938200838,17.17,660.92,97.863,3741.14,0.0277549554866745,-0.0026367796719126,0.0002554917975485,-0.0032051095650906,0.0013248148265603277,0.000774257174890991,0.002647683007361954,0.000774257174890991,0.0,0.000774257174890991,4.022518454990718e-06,0,0,8.555045467824211,2.14652122209616,9.741649988382184,2.27641050663198,0.9257653029511571,-0.07713452899702734,4.22321540222826,1.4405967815722054,2.3128405713388775,0.8384764536531663,3.150963564647345,1.1477082996004915
2025-09-24 12:00:00+00:00,113070.69,4180.18,2.8767,211.95,0.24286,0.9997,160454000.0,5936000.0,4083.0,301000.0,344.0,1419.0,1404.66,0.0102510033729814,0.0109453846247533,0.0104471219308412,0.0110249177100452,0.0083962838491034,0.0105120297782554,0.0102129422975449,0.0002990874807105,1.025100337298146,1.0945384624753365,1.0447121930841297,1.1024917710045212,0.8396283849103403,1.0512029778255494,1.021294229754495,0.0299087480710547,16.7,661.38,97.846,3735.95,-0.0277549554866745,0.0006957574204884,-0.0001737273200799,-0.0013882408352774,-0.0001708452573234709,0.00036470564444002207,0.00264761433596598,0.00036470564444002207,0.0,0.00036470564444002207,4.018525061018263e-06,0,0,7.08263665789684,1.957646247685957,11.60543014027812,2.451473104121637,1.0904016591175574,0.08654612296685414,6.6967967026292525,1.901629307983534,3.975678885892589,1.3801955224273268,8.498936000531165,2.1399409792529522
2025-09-25 09:00:00+00:00,111571.58,4025.17,2.8276,202.25,0.23217,0.9997,159891000.0,5765000.0,4054.0,290100.0,334.0,1434.0,1410.28,0.0161670031464939,0.0155697057472423,0.0166241551592469,0.0170770425867792,0.0200818455277747,0.0171244923694087,0.0171039504335074,2.054193590126513e-05,1.6167003146493997,1.5569705747242368,1.6624155159246978,1.7077042586779223,2.00818455277747,1.7124492369408717,1.710395043350745,0.0020541935901265,16.93,658.52,98.294,3734.4,0.0136784767223345,-0.0043336684234578,0.0045681735401199,-0.0004149738692955,0.003992985617507827,-0.00139391731768157,0.0028883850487661095,0.0,-0.00139391731768157,0.00139391731768157,4.512129184284881e-06,0,0,16.410054222180367,2.797894209312285,15.836941415679268,2.7623452752970428,1.789159349326751,0.5817458722909266,5.94926741594054,1.783268088605896,3.6451943832394074,1.2934096927737861,14.649244173995775,2.6843887419134336
2025-09-25 10:00:00+00:00,111648.19,4013.75,2.8177,202.0,0.23165,0.9996,159945000.0,5749000.0,4037.0,289600.0,333.0,1433.0,1409.81,0.0161513410820743,0.0159712146142856,0.0162566738632434,0.0169195610306591,0.0196505133167943,0.0168557673528693,0.0169898607814114,-0.000134093428542,1.6151341082074389,1.5971214614285634,1.6256673863243476,1.691956103065917,1.965051331679435,1.685576735286931,1.6989860781411403,-0.0134093428542092,16.67,657.5283,98.402,3731.75,-0.0154764993823413,-0.0015070878290792,0.001098141404535,-0.0007098705788877,-0.00033332269846120255,0.0006864087621618609,0.002858590034525211,0.0006864087621618609,0.0,0.0006864087621618609,4.512129184284881e-06,0,0,9.415674822429065,2.2423758347852907,4.14823371609237,1.422682633064565,0.8553401940996268,-0.15625600134593004,4.021991843295828,1.3917772633264813,1.9913669748591623,0.6888213249532251,9.644359067455909,2.2663731918381735
2025-09-25 11:00:00+00:00,111348.0,4002.51,2.8154,201.35,0.23128,0.9995,159505000.0,5730000.0,4032.0,288200.0,332.0,1432.0,1408.9,0.0167442184247639,0.0161130456044467,0.0164833002558608,0.0159262299374176,0.0188724891882283,0.01690422186038,0.0168278566821435,7.6365178236594e-05,1.6744218424763924,1.6113045604446707,1.6483300255860869,1.5926229937417655,1.887248918822837,1.6904221860380098,1.6827856682143505,0.0076365178236594,16.56,658.055,98.364,3736.27,-0.0066205478055891,0.0008007095075477,-0.0003862455960117,0.0012104950313283,-0.0006456854600980222,-0.002692334620887138,0.0028799567529514676,0.0,-0.002692334620887138,0.002692334620887138,4.814156922236027e-06,0,0,5.085809443403905,1.6264541994092936,8.281375025170703,2.1140090204516353,1.108831984095734,0.10330719472265866,3.565906791186919,1.2714183809016169,2.3307301813280494,0.8461816010277835,11.119211894180868,2.4086744134853775
2025-09-25 12:00:00+00:00,111111.0,3978.51,2.8278,198.59,0.22959,0.9996,159557000.0,5710000.0,4059.0,285400.0,330.0,1437.0,1409.07,0.0191221415646036,0.0185517180274412,0.0186800303753671,0.019915106447691,0.0200663076298481,0.0202296763198455,0.0192670608089902,0.0009626155108552,1.912214156460368,1.8551718027441264,1.868003037536714,1.991510644769101,2.006630762984818,2.022967631984552,1.9267060808990253,0.0962615510855257,16.57,657.24,98.558,3733.84,0.000603682481358,-0.0012392658746591,0.0019703239126345,-0.0006505928522368,0.00012065422996432318,-0.002130730513624002,0.00288772660623118,0.0,-0.002130730513624002,0.002130730513624002,5.003324110639711e-06,0,0,4.936313256069462,1.5966187481366587,8.700205625655954,2.163346660514101,1.2945698677414217,0.25817849151576044,6.770845121973656,1.9126259125118246,4.530077090186657,1.510738957051392,14.07319389169388,2.6442718454860583
2025-09-26 09:00:00+00:00,109568.72,3915.12,2.7488,194.63,0.22543,0.9991,158476000.0,5665000.0,3980.0,281800.0,327.0,1447.0,1410.35,0.0255338737546124,0.0259541048455609,0.0266278159059667,0.0266071939542835,0.0285114686443788,0.0269106768715661,0.0266468914209605,0.0002637854506056,2.553387375461247,2.595410484556093,2.6627815905966745,2.660719395428357,2.851146864437881,2.691067687156612,2.6646891420960506,0.0263785450605614,16.62,658.69,98.267,3762.22,0.0030129579888305,0.0022037655298339,-0.0029569435999521,0.0075720139908384,0.0009079882301614717,1.3872668617409545e-05,0.00498746464082141,1.3872668617409545e-05,0.0,1.3872668617409545e-05,1.8977474685414377e-05,0,0,10.72156284459653,2.3722569327588694,11.941788049080605,2.480043849606939,2.519370538640608,0.9240090840678227,7.798961947351868,2.053990641166291,3.7086516838515147,1.3106683830302686,10.978861424256024,2.395971735281694
2025-09-26 10:00:00+00:00,108895.0,3888.44,2.7098,192.11,0.22291,0.9993,158220000.0,5652000.0,3945.0,279900.0,324.0,1454.0,1409.27,0.0310013501272852,0.0314128651896259,0.0330362516071851,0.033852826747748,0.0313860460567343,0.0324625607293644,0.0321378679457157,0.0003246927836487,3.100135012728522,3.141286518962594,3.303625160718515,3.385282674774804,3.138604605673434,3.2462560729364487,3.2137867945715737,0.0324692783648751,16.62,659.89,98.194,3778.86,0.0,0.001820140349908,-0.0007431500741583,0.0044131681421717,-0.0007660607123058938,-0.006167817116741858,0.005096405716375158,0.0,-0.006167817116741858,0.006167817116741858,2.0562556684813288e-05,0,0,9.936623918133812,2.296227316912698,9.96758642775746,2.2993384711921347,1.1856459639213879,0.17028774329790655,3.611021264870435,1.2839906311925298,6.370894013491098,1.8517398072231135,10.68567019325722,2.368903609617147
2025-09-26 11:00:00+00:00,109133.5,3906.0,2.7277,193.47,0.22452,0.9992,158307000.0,5671000.0,3959.0,281000.0,326.0,1451.0,1410.32,0.0285475416467857,0.0294606327718922,0.0291323574803807,0.0298524902623378,0.0295439758377979,0.0296682521580258,0.0293073995998389,0.0003608525581868,2.8547541646785746,2.946063277189226,2.913235748038079,2.9852490262337827,2.9543975837798,2.966825215802582,2.9307399599838924,0.0360852558186897,16.32,660.43,98.215,3780.53,-0.0182154398913412,0.0008179835647563,0.000213839488822,0.0004418345996626,0.0007447891704375209,0.002187788249059963,0.005124903762572234,0.002187788249059963,0.0,0.002187788249059963,2.0260528946862143e-05,0,0,12.716835446590089,2.54292674131426,8.374199373194035,2.125155475910861,1.507470914269461,0.41043335541613013,5.090338359088999,1.6273443036161135,3.4269104040005662,1.231659098401471,4.8350581108104915,1.5758931476149336
2025-09-26 12:00:00+00:00,109372.68,3937.23,2.7535,196.67,0.22648,0.9993,158542000.0,5705000.0,3989.0,284700.0,328.0,1449.0,1409.71,0.0282665259737404,0.0278626441488272,0.0276593430154756,0.0268797007945376,0.0273400211648582,0.0285909942522613,0.0276016470194878,0.0009893472327734,2.8266525973740464,2.786264414882722,2.765934301547568,2.687970079453761,2.734002116485823,2.8590994252261304,2.760164701948784,0.0989347232773461,15.6,661.63,98.198,3774.53,-0.0451204352804697,0.0018153492724222,-0.0001731046319992,-0.0015883398044262,-0.00043261951788764463,0.0021892295726093636,0.005153275103505722,0.0021892295726093636,0.0,0.0021892295726093636,2.0071361758458457e-05,0,0,9.430043579429093,2.243900717995143,9.19886928416401,2.2190805726064755,1.4324863929932583,0.3594116707785781,5.775027511817248,1.7535430203475482,4.956059806762211,1.6006110312409383,9.333024132002592,2.2335590922443185
2025-09-29 09:00:00+00:00,112110.9,4134.97,2.8702,208.2,0.23165,0.9995,160300000.0,5911000.0,4103.0,297800.0,331.0,1431.0,1400.34,0.0210621769039984,0.0208339428222301,0.0208357304810433,0.0214343855589238,0.0203806043699523,0.0224058856627422,0.0209093680272296,0.0014965176355126,2.1062176903998475,2.0833942822230167,2.083573048104337,2.143438555892385,2.038060436995237,2.2405885662742264,2.0909368027229647,0.1496517635512617,15.95,664.76,97.915,3821.07,0.0221879149753623,0.0047195859587718,-0.0028860931854408,0.0122546164699759,-0.0066689451984158765,9.946003911132095e-05,0.0025071497068845736,9.946003911132095e-05,0.0,9.946003911132095e-05,7.394642037040081e-07,0,0,11.557237756210718,2.4473118862668297,19.35345379065164,2.9628708940212145,0.7438562592568865,-0.29590746273809426,3.8290312895552163,1.3426118441920423,3.6164334831030054,1.2854883145217118,7.72189745061839,2.044060117595664
2025-09-29 10:00:00+00:00,112090.18,4116.34,2.8607,206.6,0.2303,0.9995,160175000.0,5882000.0,4088.0,295300.0,329.0,1429.0,1399.46,0.0210962384102999,0.0210647681580846,0.0211230539051294,0.021345406509929,0.0208019011414606,0.0216189511873967,0.0210862736249807,0.000532677562416,2.109623841029995,2.106476815808467,2.1123053905129474,2.1345406509929,2.080190114146064,2.161895118739676,2.1086273624980745,0.0532677562416018,15.99,663.525,97.893,3828.3,0.0025046976150093,-0.0018595412217639,-0.0002247099208672,0.0018903523173783,-0.0006286163504380937,-0.00018483407893477022,0.0024699648161151297,0.0,-0.00018483407893477022,0.00018483407893477022,6.615929486827688e-07,0,0,15.000599626408013,2.708090175397095,10.048150150926334,2.3073885529786757,1.0209512461176327,0.02073478693333127,5.389618947291423,1.6844746861864517,2.204533046964452,0.79051571638821,9.432587080959552,2.244170404826388
2025-09-29 11:00:00+00:00,112100.0,4103.21,2.8551,207.07,0.2309,0.9995,160519000.0,5881000.0,4092.0,296800.0,331.0,1434.0,1399.94,0.0228487299640482,0.0238068059013452,0.0237758444649953,0.0238522533621006,0.0239874600082625,0.0248420351438916,0.0236542187401504,0.0011878164037411,2.2848729964048298,2.3806805901345207,2.3775844464995366,2.3852253362100617,2.3987460008262573,2.4842035143891605,2.365421874015041,0.1187816403741194,15.88,663.475,97.914,3830.46,-0.0069030710268731,-7.535795029856018e-05,0.0002144969289199,0.0005640599933336,0.0003429306313531555,8.76041939594785e-05,0.002468545402546061,8.76041939594785e-05,0.0,8.76041939594785e-05,6.615929486827688e-07,0,0,7.10780893015157,1.961194028973251,9.335868219567582,2.2338637795855307,1.0348372191485589,0.034244138163169,6.171081583263806,1.819874119679965,3.735701269552582,1.3179355571997617,5.376888706785296,1.6821098996005568
2025-09-29 12:00:00+00:00,112022.16,4098.03,2.8495,205.37,0.22955,0.9994,160548000.0,5873000.0,4084.0,294500.0,330.0,1435.0,1400.11,0.0236200874729097,0.0235821647847411,0.0236580702118625,0.024203223910258,0.0267731072149119,0.025534791487916,0.0243673307189367,0.0011674607689793,2.362008747290978,2.3582164784741177,2.3658070211862503,2.4203223910258087,2.6773107214911995,2.553479148791604,2.436733071893671,0.1167460768979333,16.16,662.56,97.956,3830.65,0.0174785972739597,-0.0013800542900028,0.0004288558803668,4.960116746488552e-05,0.00012142640324874776,-0.0006946212113057015,0.0024742516134232855,0.0,-0.0006946212113057015,0.0006946212113057015,6.715232242135242e-07,0,0,9.361268827800256,2.2365808398279423,9.8293259671285,2.285370362848656,1.2679039122037827,0.23736507412456045,7.2966695890624145,1.9874180233776482,3.541295003902365,1.2644924805611495,5.956448229025911,1.7844743687103848
2025-09-30 09:00:00+00:00,112781.97,4140.78,2.8392,205.89,0.22979,0.9994,161227000.0,5912000.0,4059.0,294200.0,328.0,1429.0,1403.85,0.0183038608879293,0.0170248439883418,0.0183624064133982,0.0178568611041922,0.016768334122871,0.0185261350919609,0.0176632613033465,0.0008628737886144,1.8303860887929344,1.702484398834181,1.8362406413398256,1.7856861104192268,1.6768334122871045,1.8526135091961,1.7663261303346545,0.0862873788614448,16.27,662.89,97.768,3824.27,0.006783868137997,0.0004979441047465,-0.0019210731215197,-0.001666902195522,0.0026676573260271397,-0.005922384545787196,0.003273120057118306,0.0,-0.005922384545787196,0.005922384545787196,2.493962484564974e-06,0,0,12.201507254759333,2.501559489580174,9.824635862510416,2.284893094728593,1.0995644524269528,0.0949141490553652,4.5646883732036425,1.5183502473583572,2.991881048359767,1.0959023027576686,7.486550184811105,2.01310810194739
2025-09-30 10:00:00+00:00,112923.49,4158.1,2.8403,206.58,0.2296,0.9994,161522000.0,5945000.0,4064.0,295300.0,329.0,1429.0,1403.68,0.0190119559080013,0.0185651605091607,0.019345414179084,0.0183734348859045,0.0208358238831447,0.0186494890208945,0.0192263578730591,-0.0005768688521645,1.901195590800131,1.85651605091608,1.9345414179084088,1.83734348859046,2.0835823883144755,1.8649489020894583,1.9226357873059108,-0.0576868852164524,16.23,662.19,97.885,3853.95,-0.0024615397044467,-0.001056540080774,0.0011959950928064,0.0077309969828469,-0.00012110289130173868,0.0012540238817955185,0.003278008468833297,0.0012540238817955185,0.0,0.0012540238817955185,2.492538999700988e-06,0,0,9.781790287715694,2.28052252329767,8.798440078530296,2.1745744419677004,1.567511000205244,0.4494890111751117,6.264135069587825,1.8348405212893328,3.3528766251628626,1.2098186714485997,6.252809655879893,1.8330309076740388
2025-09-30 11:00:00+00:00,113055.01,4165.39,2.8468,207.08,0.23029,0.9993,161955000.0,5960000.0,4078.0,297000.0,329.0,1431.0,1404.99,0.0196034927565829,0.0183975749923368,0.0195699598319338,0.0208103385493358,0.0168282067177785,0.0192260455100583,0.0190419145695936,0.0001841309404647,1.9603492756582908,1.8397574992336847,1.956995983193388,2.0810338549335894,1.6828206717778516,1.922604551005836,1.9041914569593608,0.0184130940464745,16.39,663.41,97.778,3839.07,0.0098100112292387,0.001840676440036,-0.0010937173677829,-0.0038684466065195,0.0009328259247212145,0.0011640046716809849,0.003282214098884032,0.0011640046716809849,0.0,0.0011640046716809849,2.492538999700988e-06,0,0,11.418878647474564,2.435268007416747,8.669441228501071,2.1598043398690603,1.369044056988694,0.314112727664815,7.026914302006165,1.9497476766050506,3.996705390191093,1.3854703692796115,21.067589698464317,3.047735826325383
2025-09-30 12:00:00+00:00,113002.06,4158.42,2.8491,206.19,0.22895,0.9993,161994000.0,5950000.0,4080.0,296500.0,329.0,1432.0,1404.05,0.0210099978720201,0.0190747498318655,0.0199288969318616,0.0241758364212192,0.0234642477612827,0.0206211332726897,0.0215307457636498,-0.00090961249096,2.100999787202018,1.9074749831865525,1.9928896931861613,2.4175836421219232,2.346424776128276,2.0621133272689773,2.153074576364986,-0.0909612490960089,16.46,662.06,97.666,3846.26,0.0042618024931853,-0.0020370139902228,-0.0011461084736286,0.0018710978182294,-0.000669267817537289,-0.0004684657813918136,0.003279397677599636,0.0,-0.0004684657813918136,0.0004684657813918136,2.4815790647484565e-06,0,0,9.403060138854073,2.2410351829837367,8.452240579837452,2.1344315635982913,1.1472723821241952,0.13738728347203225,3.9738101436198185,1.3797253683582398,3.268250403013571,1.1842547967715578,46.342850423573786,3.8360670281952327
2025-10-01 09:00:00+00:00,116412.1,4310.89,2.9412,217.58,0.24395,0.9994,165315000.0,6125000.0,4176.0,309200.0,347.0,1422.0,1402.06,0.0128556112519513,0.0133805219813223,0.0126732389276271,0.013570387088051,0.0145233638985637,0.0148308290853005,0.0134006246295031,0.0014302044557974,1.2855611251951338,1.3380521981322335,1.2673238927627173,1.3570387088051028,1.452336389856379,1.4830829085300534,1.3400624629503133,0.14302044557974,16.55,665.585,97.606,3872.04,0.0054529065741482,0.0053101669243229,-0.0006145274477473,0.0066802523537461,-0.0014183338027393688,0.002587440177659772,0.0037257649757317687,0.002587440177659772,0.0,0.002587440177659772,2.445400601147835e-06,0,0,6.600485701148231,1.8871432374077541,7.8604272087000835,2.061840957216004,1.1708728956502543,0.15774953530011013,4.881372943449467,1.5854265211669267,3.527741669255351,1.260657912463426,9.79719525541838,2.2820961462872447
2025-10-01 10:00:00+00:00,116281.64,4282.62,2.9299,216.59,0.24144,0.9995,165174000.0,6084000.0,4161.0,307800.0,344.0,1422.0,1401.69,0.013394546612728,0.0135091865886487,0.0131947786235042,0.0138605838947414,0.0164762719145135,0.0149971503526733,0.0140870735268272,0.0009100768258461,1.3394546612728098,1.3509186588648747,1.3194778623504266,1.386058389474143,1.6476271914513507,1.499715035267335,1.408707352682721,0.091007682584614,16.33,666.328,97.782,3872.89,-0.0133821948406982,0.0011156886028906,0.0018015440825598,0.0002194984340491,-0.00026393223514720177,-0.0011213023063625371,0.0037589948919224676,0.0,-0.0011213023063625371,0.0011213023063625371,2.4977888870750828e-06,0,0,5.859898707069083,1.7681323179564339,5.71750273746685,1.7435321257020653,1.2714582079646277,0.24016443704621598,4.267014094976677,1.4509143074524993,2.9677906253900352,1.0878177788107357,5.029780078200169,1.6153762611280127
2025-10-01 11:00:00+00:00,116789.58,4298.2,2.9439,217.75,0.24281,0.9995,165727000.0,6098000.0,4184.0,309300.0,345.0,1420.0,1402.62,0.0116939315103767,0.011488088928913,0.0132779570536272,0.0127021432303635,0.0130071224425074,0.0128975454346784,0.0124338486331576,0.0004636968015208,1.1693931510376787,1.1488088928913065,1.327795705362722,1.270214323036356,1.3007122442507455,1.289754543467847,1.2433848633157618,0.0463696801520852,16.24,666.9,97.797,3868.35,-0.0055265722488417,0.0008580678400038,0.0001533907017563,-0.0011729388368024,0.0006632647846300799,0.004358674607317425,0.0038130628361068165,0.004358674607317425,0.0,0.004358674607317425,2.4977888870750828e-06,0,0,7.617624283879613,2.0304645473179295,5.644512865033495,1.7306838989326516,1.0301596957001753,0.029713834592510646,4.4920914704321,1.5023183996323872,3.6379098088124886,1.2914092883681918,5.029061828176073,1.6152334514423647
2025-10-01 12:00:00+00:00,116402.65,4284.39,2.9363,218.5,0.24224,0.9994,165282000.0,6081000.0,4170.0,310200.0,343.0,1420.0,1402.82,0.012186971485312,0.0117752638398842,0.0123569783392842,0.0120183871539305,0.0093605187075807,0.0128544727811865,0.0115396239051983,0.0013148488759882,1.2186971485312004,1.1775263839884254,1.2356978339284286,1.2018387153930554,0.93605187075807,1.2854472781186566,1.153962390519836,0.1314848875988206,16.13,667.9987,97.748,3871.04,-0.0067964425964146,0.0016461177887068,-0.00050116342556,0.0006951452526173,0.00014258013027479421,-0.0033185527244903312,0.003915304479822458,0.0,-0.0033185527244903312,0.0033185527244903312,2.9475110536120477e-06,0,0,5.252427189854739,1.6586902916427941,5.942682495945662,1.7821606300786261,1.5525824735122948,0.4399196564498129,4.496920075515058,1.5033927347854141,2.616130072545934,0.9616961542800871,15.5641580550197,2.7449707102377765
2025-10-02 09:00:00+00:00,118849.99,4391.59,2.9833,225.13,0.2582,0.9994,168694000.0,6242000.0,4238.0,319800.0,366.0,1420.0,1404.18,0.0108290246422255,0.012229974960358,0.0116755199183948,0.0116314095943566,0.009490100592544,0.0118734859540117,0.0111712059415758,0.0007022800124358,1.082902464222557,1.2229974960358048,1.1675519918394883,1.16314095943566,0.9490100592544072,1.187348595401172,1.1171205941575837,0.0702280012435885,16.35,668.735,97.892,3875.35,0.0135470052061452,0.0011016406251522,0.0014720918626522,0.00111277651777,0.0009690061321103727,0.0015249317030665566,0.0028386046054696638,0.0015249317030665566,0.0,0.0015249317030665566,2.7149883277788273e-06,0,0,5.133250641293962,1.6357391117828866,5.729420522437312,1.7456143951479255,1.227086666780402,0.20464279630723853,7.327534351682696,1.9916390816414196,2.270431788945664,0.8199700287992226,10.29080124633402,2.331250413319283
2025-10-02 10:00:00+00:00,118619.56,4379.82,2.9888,225.11,0.25786,0.9994,168515000.0,6221000.0,4244.0,319700.0,366.0,1420.0,1406.55,0.0100132726156121,0.009831151684682,0.009539568508516,0.0097007369398893,0.0091179514217401,0.0101685055681661,0.0096405362340879,0.0005279693340782,1.0013272615612134,0.9831151684682072,0.9539568508516004,0.9700736939889376,0.91179514217401,1.0168505568166175,0.964053623408794,0.0527969334078236,16.79,667.61,98.045,3840.0,0.0265555737461866,-0.0016836973472651,0.001561726790725,-0.0091636147074822,0.0016863950373577907,-0.0019407125867179076,0.002868288788849837,0.0,-0.0019407125867179076,0.0019407125867179076,2.819531931195134e-06,0,0,9.92066875105753,2.2946203334456534,10.274175017001431,2.329633466842696,1.0444862438749754,0.043525131870290105,5.216659371802056,1.6518572299404721,2.796469368935432,1.0283576818619031,12.422094684254631,2.519476716411606
2025-10-02 11:00:00+00:00,118765.73,4378.93,2.9715,225.27,0.25603,0.9993,168511000.0,6217000.0,4221.0,319700.0,364.0,1420.0,1406.85,0.0085311542639883,0.0091717150986949,0.0096987593891626,0.0087684300741863,0.0105614625209733,0.010054160917938,0.0093463042694011,0.0007078566485369,0.8531154263988316,0.9171715098694966,0.9698759389162648,0.8768430074186373,1.056146252097334,1.0054160917938093,0.934630426940113,0.0707856648536963,16.72,668.1353,97.947,3827.86,-0.0041778634328939,0.0007865272325195,-0.0010000409013368,-0.0031664663005006,0.0002132650893127419,0.00123150022036711,0.0027703511945573935,0.00123150022036711,0.0,0.00123150022036711,2.819531931195134e-06,0,0,8.324101934718998,2.119155154338075,9.46510366441418,2.247611736995834,0.8308135700035925,-0.18534985345493937,6.596578308509607,1.8865510764922744,2.2072891665091077,0.791765141124673,30.95409257943332,3.4325052223574954
2025-10-02 12:00:00+00:00,119402.42,4406.02,2.9866,227.26,0.2568,0.9993,169325000.0,6251000.0,4240.0,322400.0,365.0,1419.0,1405.77,0.0087735448723629,0.0092267745932868,0.0098910535200189,0.0091547293005636,0.0110754702852733,0.0101182951671026,0.0096243145143011,0.0004939806528014,0.8773544872362926,0.9226774593286802,0.9891053520018956,0.9154729300563602,1.1075470285273337,1.011829516710261,0.9624314514301124,0.0493980652801484,16.59,668.495,97.87,3845.02,-0.0078055034542021,0.0005382191450893,-0.0007864486124153,0.0044729042054125,-0.0007679672711420338,0.0053465714596327985,0.0027885630507646204,0.0053465714596327985,0.0,0.0053465714596327985,2.3606655901442086e-06,0,0,9.046846594420261,2.2024162543861086,8.64335046467499,2.1567902929100002,1.2682237996748869,0.23761733860737988,8.553761726709823,2.146371154227348,3.3201927768883817,1.2000228465704972,10.92221234893202,2.390798545852995
2025-10-03 09:00:00+00:00,120300.0,4473.26,3.0406,230.92,0.25682,0.9991,170499000.0,6343000.0,4312.0,327200.0,364.0,1418.0,1406.7,0.0075224251874757,0.0080198456213806,0.00813333073912,0.0072801108441573,0.0075603174184808,0.0089410319290916,0.0077032059621229,0.0012378259669687,0.7522425187475701,0.8019845621380695,0.8133330739120037,0.7280110844157361,0.7560317418480844,0.8941031929091681,0.7703205962122928,0.1237825966968753,16.55,671.365,97.727,3885.36,-0.0024140023792811,0.0042840362267941,-0.0014621903759035,0.0104368391146767,0.0006613404117352673,0.0021752652555520058,0.0034192589448826553,0.0021752652555520058,0.0,0.0021752652555520058,3.988730550693115e-06,0,0,20.848928874008255,3.0373025739759307,6.299357980673765,1.8404477203749703,0.9689314716548728,-0.03156139027860224,10.453760794324907,2.3469617982922744,2.6792277821904302,0.9855286120284589,20.858094237376825,3.0377420857335373
2025-10-03 10:00:00+00:00,120425.95,4489.56,3.0454,231.29,0.25667,0.9991,170947000.0,6376000.0,4320.0,328500.0,364.0,1419.0,1405.96,0.0096443925239302,0.0101167281486949,0.0089425511717398,0.0101957864482198,0.0086797636314819,0.0101839671294936,0.0095158443848133,0.0006681227446803,0.9644392523930234,1.011672814869491,0.894255117173981,1.0195786448219837,0.8679763631481929,1.0183967129493654,0.9515844384813344,0.066812274468031,16.42,671.76,97.699,3880.06,-0.0078859977987897,0.0005881805660497,-0.000286553480004,-0.0013650261860806,-0.0005261922998682778,0.0010464182319598336,0.0033804993362569766,0.0010464182319598336,0.0,0.0010464182319598336,3.831798661349561e-06,0,0,8.769678334046523,2.171300127723584,4.376672561041038,1.4762887464182026,2.458470009438184,0.899539209071915,3.096670348067728,1.1303274529839689,3.1998735389860196,1.163111289957913,19.773732297838254,2.9843544052948134
2025-10-03 11:00:00+00:00,120334.5,4478.45,3.0379,230.78,0.25574,0.9992,170892000.0,6356000.0,4312.0,327800.0,364.0,1420.0,1406.68,0.0095695936319795,0.0089295589995597,0.0090436775161066,0.00975373312732,0.0118296698209205,0.010277326419386,0.0098252466191773,0.0004520798002087,0.9569593631979512,0.8929558999559717,0.9043677516106684,0.9753733127320086,1.1829669820920596,1.0277326419386057,0.982524661917732,0.0452079800208737,16.27,672.43,97.721,3889.77,-0.0091771827933357,0.0009968829636974,0.0002251560750483,0.0024994124851929,0.0005119745262298636,-0.0007596763039625642,0.0033895105859463814,0.0,-0.0007596763039625642,0.0007596763039625642,3.855844831632987e-06,0,0,6.283299256760172,1.83789520188391,6.841384368484746,1.9229901042090738,0.9327277104837396,-0.06964196372631183,4.360168387715701,1.4725106776508812,2.270806610167085,0.8201351032521936,12.204056883747171,2.5017684279175665
2025-10-03 12:00:00+00:00,120358.07,4482.41,3.0224,230.03,0.25543,0.9991,170860000.0,6368000.0,4296.0,326900.0,364.0,1420.0,1406.55,0.0092761530495666,0.0100347162390113,0.0105484890239473,0.0103579570440333,0.013151298101562,0.0104718291110252,0.0106737226916241,-0.0002018935805988,0.9276153049566638,1.003471623901131,1.0548489023947338,1.0357957044033306,1.3151298101562017,1.0471829111025288,1.067372269162412,-0.0201893580598832,16.47,670.265,97.72,3883.79,0.0122176229586021,-0.0032248602642948,-1.0233267329518014e-05,-0.0015385489221468,-9.242045626756124e-05,0.00019585149699885562,0.0032317825040789248,0.00019585149699885562,0.0,0.00019585149699885562,3.855844831632986e-06,0,0,9.925451840776185,2.2951023510560105,12.226499422053886,2.5036056799505277,0.9929512460482735,-0.007073713777465561,8.030994560426032,2.083308375883973,3.0403537629335116,1.111973878033762,19.744131155761036,2.9828562905170117
2025-10-06 09:00:00+00:00,123955.3,4573.0,2.9914,233.5,0.25838,0.9995,177060000.0,6529000.0,4272.0,333600.0,369.0,1429.0,1409.79,0.0132134200906706,0.0127238585256133,0.0129834011387479,0.0134089404449548,0.0130083999463634,0.0141332095054682,0.01306760402927,0.0010656054761982,1.3213420090670611,1.2723858525613307,1.2983401138747963,1.3408940444954889,1.3008399946363491,1.4133209505468258,1.3067604029270052,0.1065605476198206,16.93,670.5,98.177,3944.18,0.0275466519554954,0.0003505461470227,0.0046657256521092,0.0154295936480082,0.002300859576163994,0.0008777174745198124,0.0026343214855813245,0.0008777174745198124,0.0,0.0008777174745198124,2.4516865250035934e-06,0,0,12.317062083652159,2.510985462431515,9.371534173012673,2.2376768152929594,2.099368360378876,0.7416365187138048,7.067747681447839,1.9555418551003485,2.5897612421491667,0.9515656869638032,24.27199535933902,3.1893232314121494
2025-10-06 10:00:00+00:00,123978.0,4573.2,2.9933,232.67,0.25909,0.9995,177156000.0,6529000.0,4275.0,332400.0,370.0,1429.0,1409.57,0.0137353514619418,0.0128376239614047,0.0132094351415441,0.0135238601913489,0.0131282492027524,0.0142914913262301,0.0132869039917984,0.0010045873344317,1.3735351461941825,1.2837623961404754,1.3209435141544157,1.352386019134899,1.3128249202752462,1.42914913262302,1.3286903991798438,0.1004587334431761,16.74,671.17,98.109,3955.21,-0.0112861310837151,0.0009987553656181,-0.0006928665592074,0.0027926225109382,-0.00015606378784305264,0.00018311376538271418,0.002633926816764266,0.00018311376538271418,0.0,0.00018311376538271418,2.4516865250035934e-06,0,0,7.384042562549708,1.9993212613428912,20.224927985632895,3.006915902277296,2.1257344533665243,0.7541173677754379,6.1080639940526025,1.8096098643893541,2.677846573723609,0.9850129542624239,21.22767886355259,3.055305936885919
2025-10-06 11:00:00+00:00,124215.0,4571.71,2.9951,233.02,0.25989,0.9995,177379000.0,6526000.0,4278.0,332800.0,371.0,1428.0,1410.62,0.0123207093255803,0.0119483780845579,0.0125568500433996,0.012465148427555,0.0119855316575836,0.0128272370862381,0.0122553235077353,0.0005719135785027,1.232070932558038,1.1948378084557951,1.255685004339968,1.2465148427555084,1.1985531657583648,1.282723708623812,1.225532350773535,0.057191357850277,16.66,671.8,98.142,3962.85,-0.0047904283226323,0.0009382190908411,0.0003363040220021,0.0019297662232791,0.000744630715318273,0.0019098046442511674,0.002567320085594544,0.0019098046442511674,0.0,0.0019098046442511674,2.4516865250035934e-06,0,0,9.971850404126366,2.2997661639569658,8.262800796271023,2.111763609510139,1.2599814146607127,0.2310969705853247,7.182088334622408,1.9715901951744257,2.2004315869123094,0.7886535169935321,13.128979739122498,2.574821980735191
2025-10-06 12:00:00+00:00,124556.64,4581.29,3.001,234.1,0.26041,0.9995,177686000.0,6532000.0,4283.0,333900.0,372.0,1426.0,1411.02,0.0110046589268839,0.0104741843545039,0.0114604586430726,0.0108386424159119,0.0123999447379858,0.0111219944992553,0.0112355778156716,-0.0001135833164163,1.100465892688396,1.047418435450398,1.1460458643072655,1.0838642415911923,1.239994473798589,1.1121994499255328,1.1235577815671682,-0.0113583316416355,16.66,672.08,98.097,3954.35,0.0,0.0004167038783995,-0.0004586244404904,-0.0021472245909723,0.00028352305941226064,0.002746617056308409,0.002513880664508554,0.002746617056308409,0.0,0.002746617056308409,2.0583486175714613e-06,0,0,8.653377452586563,2.157949701681735,10.293547996952379,2.3315172908972137,1.9127883433805946,0.6485620431349373,5.686717675173131,1.7381332231980664,3.5465815252472037,1.2659841889179169,26.38437270210461,3.272771891782685
2025-10-07 09:00:00+00:00,124117.48,4680.14,2.9726,230.35,0.26046,0.9993,177288000.0,6682000.0,4244.0,329100.0,372.0,1428.0,1413.06,0.0108478425745037,0.0103853111363874,0.0103650127969396,0.0110649678182261,0.0107442999409401,0.0112806959436593,0.0106814868533994,0.0005992090902598,1.0847842574503774,1.038531113638741,1.0365012796939688,1.106496781822619,1.0744299940940172,1.1280695943659325,1.068148685339945,0.0599209090259877,16.31,671.3,98.524,3978.72,-0.0212322201057744,-0.0011612501118856,0.0043433882574097,0.0061439207417457,0.0014447185312214117,0.002062512176163267,0.002870054610388595,0.002062512176163267,0.0,0.002062512176163267,3.761059728819022e-06,0,0,5.066973811931221,1.622743758122655,7.611092711547141,2.0296067504680786,1.6695407286503288,0.5125485758214791,6.2188233325842965,1.8275807140295979,3.2673912157061658,1.1839918731406494,12.222695038060479,2.5032944726401753
2025-10-07 10:00:00+00:00,124282.19,4692.38,2.9765,230.86,0.2615,0.9991,177578000.0,6709000.0,4254.0,330000.0,374.0,1429.0,1413.51,0.0108375760219097,0.0114996376423992,0.0110967475873371,0.0112682290774288,0.0118147908736414,0.0118692181397228,0.0113033962405432,0.0005658218991795,1.0837576021909712,1.1499637642399252,1.109674758733714,1.126822907742886,1.1814790873641456,1.186921813972286,1.1303396240543284,0.0565821899179575,16.85,669.23,98.409,3985.61,0.0325722401654484,-0.0030883331895159,-0.0011679100310439,0.0017302150259599,0.0003184071180273307,0.001326169428002899,0.002881742501543377,0.001326169428002899,0.0,0.001326169428002899,3.761059728819022e-06,0,0,5.015213659502809,1.6124760245946674,6.421979662680562,1.85972642884209,1.627022183860779,0.48675146296925714,4.9995528438782575,1.6093484772105415,3.46412330223798,1.2424595854009797,13.391790977170034,2.5946419055884276
2025-10-07 11:00:00+00:00,124453.38,4708.81,2.9705,230.44,0.26169,0.9991,177861000.0,6729000.0,4248.0,329400.0,375.0,1429.0,1413.29,0.0112132410124305,0.0111325126297423,0.0118675424559691,0.0114267655251605,0.0139413965088019,0.0120267309134567,0.0119162916264209,0.0001104392870358,1.1213241012430597,1.1132512629742353,1.1867542455969105,1.1426765525160532,1.3941396508801995,1.202673091345674,1.1916291626420916,0.0110439287035824,17.46,668.39,98.408,3966.33,0.0355618936130852,-0.0012559622470069,-1.0161723834833936e-05,-0.0048491406573507,-0.00015565303554776477,0.0013764820771680064,0.002869225970897359,0.0013764820771680064,0.0,0.0013764820771680064,3.761059728819022e-06,0,0,5.474921782068583,1.7001779892203457,6.947037458697399,1.938315303764351,2.4509174569585315,0.896462426687382,7.279473104452047,1.9850584838272614,3.096564288656805,1.1302932028974941,33.71749773053977,3.518016923100792
2025-10-07 12:00:00+00:00,124917.99,4747.46,2.9862,231.48,0.26435,0.9992,178291000.0,6777000.0,4264.0,330500.0,378.0,1427.0,1414.19,0.0092451506709192,0.0094118746725044,0.0096957842059679,0.0096020603472528,0.0111247083458594,0.0098660816518354,0.0098159156485007,5.016600333465106e-05,0.9245150670919244,0.9411874672504484,0.969578420596795,0.960206034725286,1.1124708345859435,0.9866081651835444,0.9815915648500796,0.0050166003334651,17.11,668.92,98.445,3977.04,-0.0202494625073539,0.0007926360047392,0.0003759150273117,0.0026965901097142,0.0006366092990193195,0.0037262540410409883,0.0029154094776213564,0.0037262540410409883,0.0,0.0037262540410409883,3.761059728819022e-06,0,0,5.551264142885897,1.7140256753148537,7.319730282887864,1.990573480694349,1.868996630497495,0.6254017256347193,7.58427193887357,2.02607662122886,3.27733307684018,1.1870300053328606,14.727868744561441,2.68974153192484
2025-10-08 09:00:00+00:00,122516.98,4484.39,2.8698,221.43,0.24846,0.9996,177773000.0,6509000.0,4165.0,321400.0,361.0,1452.0,1422.73,0.0198751948174946,0.0202072532627699,0.0200956256792328,0.0202037678379498,0.0212409754950602,0.020981516108443,0.0203245634185015,0.0006569526899415,1.9875194817494668,2.020725326276996,2.009562567923284,2.020376783794986,2.124097549506021,2.098151610844301,2.0324563418501507,0.0656952689941502,16.78,671.91,98.773,4038.26,-0.0194753868650416,0.004459931469567,0.0033262714601933,0.0152760821213409,0.006020632091482625,0.001103557854596815,0.004516570422408795,0.001103557854596815,0.0,0.001103557854596815,1.326492296826342e-05,0,0,4.782555990871071,1.5649751297119505,4.8028460351090345,1.569208666184922,2.9649133674590353,1.086847813627894,9.572641612481805,2.258909197937798,2.829528931881518,1.0401102426344062,15.599014735753864,2.747207754296447
2025-10-08 10:00:00+00:00,122934.6,4500.08,2.8773,222.12,0.2501,0.9995,178311000.0,6532000.0,4175.0,322200.0,362.0,1451.0,1423.4,0.0190067050095998,0.0197623651694616,0.0193993976123569,0.0190861746101111,0.0168758125525958,0.0199001425681224,0.0188260909908251,0.0010740515772973,1.900670500959989,1.976236516946161,1.9399397612356983,1.9086174610111195,1.6875812552595848,1.9900142568122448,1.8826090990825104,0.1074051577297341,16.57,672.53,98.895,4048.25,-0.0125938696005887,0.0009223171639503,0.0012343931793834,0.0024707828425913,0.00047081476417254464,0.00340287402499051,0.004573428147893184,0.00340287402499051,0.0,0.00340287402499051,1.326492296826342e-05,0,0,4.410111056894606,1.4838998721109673,6.007079412848044,1.792938675831921,2.4749999732005117,0.9062403851925774,6.212788260326944,1.8266097903989247,3.915618011377573,1.3649731742968911,8.656034277203489,2.1582566820319933
2025-10-08 11:00:00+00:00,122884.14,4487.3,2.8762,221.2,0.24929,0.9996,178232000.0,6515000.0,4171.0,320900.0,361.0,1451.0,1424.32,0.0183153104076474,0.0193462792716134,0.0181541488525411,0.0185374967041156,0.0167045607007612,0.0191394014357033,0.0182115591873357,0.0009278422483675,1.8315310407647445,1.934627927161348,1.8154148852541183,1.853749670411564,1.6704560700761206,1.9139401435703365,1.821155918733579,0.0927842248367571,16.51,672.645,99.031,4045.75,-0.003627573506435,0.0001709814712294,0.0013742511989711,-0.0006177415565851,0.0006461309623180256,-0.0004105464108121737,0.004556843275511575,0.0,-0.0004105464108121737,0.0004105464108121737,1.3271945816406366e-05,0,0,6.876293498194732,1.928079771047509,4.1710291879613575,1.428162813023303,1.982416909634319,0.6843167617364662,6.352942942824763,1.8489181611051961,3.0858259159683317,1.1268193414516718,7.604824733146344,2.0287828791795914
2025-10-08 12:00:00+00:00,122631.52,4477.85,2.8747,222.29,0.25231,0.9995,177700000.0,6490000.0,4167.0,321900.0,366.0,1449.0,1424.05,0.0175601211569762,0.0177706371906405,0.0179014507656916,0.0168942993295722,0.0186415423944048,0.0180294669647944,0.017753610167457,0.0002758567973373,1.756012115697625,1.7770637190640537,1.7901450765691609,1.6894299329572204,1.8641542394404853,1.802946696479446,1.775361016745709,0.0275856797337371,16.5,672.915,99.001,4056.83,-0.0006058770255017,0.0004013199019352,-0.0003029813386676,0.0027349330475967,-0.00018958211244157752,-0.0020578735315748276,0.004474227651648204,0.0,-0.0020578735315748276,0.0020578735315748276,1.3448397627737877e-05,0,0,5.948836372247073,1.7831956327421166,6.360466555183468,1.8501017323947335,2.364176164841685,0.8604296165819758,6.902250159785566,1.9318474685547182,2.3729317200143436,0.8641262033415283,17.56166806289767,2.8657185758878483
2025-10-09 09:00:00+00:00,121813.04,4334.82,2.8086,221.96,0.24487,0.9996,177652000.0,6325000.0,4097.0,323700.0,358.0,1458.0,1421.17,0.0261959307651282,0.026699688285537,0.0264316645934024,0.0261762334102251,0.0287300217623323,0.026325797317245,0.026846707763325,-0.0005209104460799,2.6195930765128272,2.669968828553704,2.6431664593402404,2.6176233410225125,2.8730021762332303,2.6325797317245048,2.684670776332503,-0.0520910446079981,16.73,671.18,99.261,4017.29,0.0138431340921978,-0.0025816641883897,0.0026227935665534,-0.0097943345121223,-0.0020244487130094413,0.004537050023285971,0.0037999938018617426,0.004537050023285971,0.0,0.004537050023285971,6.821837264146337e-06,0,0,5.191218665256404,1.646968479875532,6.711104212120938,1.903763499608797,1.633864776927447,0.49094823715500063,5.186895680202388,1.6461353833880303,3.2661036579629292,1.183597732551332,5.495295991467838,1.703892452004128
2025-10-09 10:00:00+00:00,122170.27,4354.7,2.8109,222.28,0.24581,0.9996,178043000.0,6351000.0,4102.0,324200.0,359.0,1458.0,1421.19,0.025432851781721,0.0261993338612922,0.0268289808529789,0.0262672722127266,0.0276441606358057,0.0263113541281243,0.0264745198689049,-0.0001631657407805,2.543285178172105,2.619933386129225,2.682898085297891,2.6267272212726622,2.764416063580577,2.631135412812436,2.647451986890492,-0.0163165740780568,16.72,670.75,99.444,4023.56,-0.0005979073421773,-0.0006408680254814,0.0018419269946763,0.0015595369322394,1.407281273291261e-05,0.0029283171481839787,0.003781402704779323,0.0029283171481839787,0.0,0.0029283171481839787,6.821837264146337e-06,0,0,4.3580018898153545,1.4720136701651414,7.318049536682149,1.990343835729905,1.6268939459699387,0.4866726423200517,4.450892344204644,1.4931046028629005,7.265695417755764,1.983164014086888,7.6001915236570285,2.0281734474559467
2025-10-09 11:00:00+00:00,122737.57,4373.05,2.8263,223.14,0.24756,0.9996,178737000.0,6375000.0,4119.0,325200.0,360.0,1458.0,1423.9,0.0227216591784811,0.0238026660141008,0.0235146031865565,0.0235136009567096,0.0212746140373445,0.0243580541985737,0.0229654286746385,0.0013926255239351,2.2721659178481124,2.380266601410086,2.3514603186556515,2.3513600956709624,2.127461403734454,2.435805419857373,2.2965428674638533,0.1392625523935198,16.71,670.965,99.428,4014.06,-0.0005982650492528,0.0003204853517182,-0.0001609075187509,-0.0023638849370328,0.0019050369721780314,0.004632771369365685,0.003910590678499848,0.004632771369365685,0.0,0.004632771369365685,6.814814416003388e-06,0,0,2.2633792998525686,0.8168589619094773,3.599390614881553,1.280764557489651,1.2346326696832701,0.21077349238299553,3.696200318759843,1.3073053511093948,1.982546901199188,0.6843823318506551,7.557172778677113,2.0224971491723647
2025-10-09 12:00:00+00:00,123563.38,4404.37,2.8306,225.95,0.2496,0.9995,179810000.0,6416000.0,4121.0,329000.0,364.0,1455.0,1426.18,0.0203512939149665,0.021424375219512,0.0208214106833972,0.0209611358544543,0.0225450737868524,0.0207181869974097,0.0212206578918365,-0.0005024708944267,2.0351293914966595,2.142437521951201,2.082141068339727,2.096113585445436,2.2545073786852443,2.07181869974098,2.1220657891836536,-0.0502470894426742,17.02,669.47,99.385,3969.92,0.0183817805379256,-0.0022306200895751,-0.0004325672935925,-0.0110572545829779,0.001599955430284794,0.006705723989258061,0.004118547633977423,0.006705723989258061,0.0,0.006705723989258061,6.638362604671878e-06,1,0,5.0520504570973745,1.619794191987335,4.926139066258397,1.5945555303713952,1.5713619039925986,0.4519426981111201,3.8849086481682895,1.3570994695581564,4.074660722782703,1.4047874850138349,16.03629590135425,2.774854646926946
2025-10-10 09:00:00+00:00,121314.73,4322.12,2.8135,218.95,0.24866,0.9995,177048000.0,6306000.0,4107.0,319500.0,363.0,1459.0,1421.73,0.0265033277138306,0.026218922316431,0.0267404115279819,0.0263814288105528,0.0267945813751957,0.0267279053916469,0.0265277343487984,0.0002001710428484,2.650332771383068,2.621892231643108,2.67404115279819,2.638142881055283,2.6794581375195747,2.6727905391646933,2.652773434879845,0.0200171042848484,16.42,672.565,99.329,3980.77,-0.0358890191209457,0.0046124065124875,-0.0005636241179027,0.0027293245580768,-0.003125101300008204,-0.0026080678627327103,0.005004907846447532,0.0,-0.0026080678627327103,0.0026080678627327103,1.4380691189259364e-05,0,0,10.711579658235012,2.371325367349629,11.000328450868231,2.3979251315224337,1.2859001152123475,0.25145895189091405,8.794970073778153,2.174179975543386,3.624155981344012,1.287621428464203,9.042197717424061,2.2019022551920764
2025-10-10 10:00:00+00:00,121496.33,4342.89,2.8189,220.4,0.25064,0.9995,177108000.0,6324000.0,4108.0,321200.0,365.0,1456.0,1423.33,0.0241637877231644,0.0230748971963614,0.0238708109599687,0.0239018865844919,0.0231442770290877,0.0234649478210189,0.0236311318986148,-0.0001661840775959,2.416378772316441,2.3074897196361466,2.387081095996879,2.3901886584492,2.3144277029087723,2.3464947821018933,2.363113189861488,-0.0166184077595943,18.03,662.42,98.864,3991.39,0.0935369331909434,-0.0151989652284054,-0.0046924044060352,0.0026642732413897,0.001124756714217412,0.0014958135256293303,0.004974792691159696,0.0014958135256293303,0.0,0.0014958135256293303,1.4380691189259364e-05,0,0,6.858786536984274,1.925530536438536,10.42446600130973,2.3441555434769787,1.2049747700858098,0.1864586290352972,9.440474896002552,2.2450062856719972,3.2422702964228733,1.1762737931949585,16.772649974396455,2.8197495820990226
2025-10-10 11:00:00+00:00,121554.55,4343.02,2.8186,221.14,0.25075,0.9996,177060000.0,6323000.0,4105.0,322000.0,364.0,1456.0,1428.46,0.0197205142063539,0.0192090441053673,0.0195572803816568,0.0193433235572062,0.0162308113671949,0.0196873787527975,0.0188121947235558,0.0008751840292417,1.97205142063539,1.920904410536739,1.9557280381656827,1.934332355720625,1.6230811367194953,1.968737875279758,1.8812194723555864,0.0875184029241714,20.44,661.5,98.992,3997.78,0.125456728120278,-0.0013898122969475,0.0012938704700085,0.0015996658883548,0.0035977442472683308,0.0004790766535265334,0.004869381959730409,0.0004790766535265334,0.0,0.0004790766535265334,1.4380691189259364e-05,0,0,10.94892649209912,2.3932414142053227,7.25647236837521,1.9818938110763686,1.6022518843074263,0.47141006743984515,7.537866294742311,2.019939157189929,3.760087934836864,1.324442344053031,5.952007438106575,1.7837285472118942
2025-10-10 12:00:00+00:00,121597.21,4348.54,2.8186,221.76,0.25084,0.9995,176989000.0,6325000.0,4103.0,322300.0,365.0,1454.0,1426.49,0.0203611947141062,0.0196434389767936,0.0204678761196885,0.0188455691052975,0.0200638123079723,0.0197949958862948,0.0198763782447716,-8.138235847683292e-05,2.0361194714106245,1.964343897679366,2.046787611968859,1.8845569105297555,2.0063812307972384,1.9794995886294853,1.9876378244771689,-0.0081382358476832,21.73,659.84,99.025,3982.98,0.0612000289328342,-0.0025126021664698,0.0003333047193478,-0.0037089242041812,-0.0013800594144672829,0.00035089197329085664,0.004633033148945128,0.00035089197329085664,0.0,0.00035089197329085664,1.4380691189259364e-05,0,0,6.910975435318514,1.9331107906706604,13.059075288062111,2.5694833164457966,0.9650362977732498,-0.035589564077752385,6.444650304516523,1.8632503765042956,1.9752488196671405,0.6806943750592769,18.493569787976032,2.917423092636365
2025-10-13 09:00:00+00:00,115127.04,4164.56,2.622,196.98,0.21146,0.9992,172770000.0,6247000.0,3933.0,295500.0,317.0,1499.0,1426.82,0.0517724873117977,0.0513158067765107,0.0512888801670849,0.0513956208392512,0.0506591475549857,0.0514291642450361,0.051286388529926,0.0001427757151101,5.177248731179773,5.131580677651071,5.128888016708499,5.13956208392512,5.06591475549858,5.1429164245036185,5.128638852992609,0.01427757151101,19.81,660.87,99.325,4093.85,-0.0925069335578787,0.001559767411198,0.0030249581926824,0.027455564737794,0.00023131030380252326,-0.0011041697349991608,0.0038678029217052295,0.0,-0.0011041697349991608,0.0011041697349991608,2.846619187624214e-06,0,0,11.160836401992297,2.412410900559903,9.272356669291097,2.2270375726499627,1.4755829737947899,0.3890531481774672,7.358806200015934,1.9958977184999747,5.19365897515156,1.6474384536247801,11.844807260257946,2.471889565655478
2025-10-13 10:00:00+00:00,114810.62,4151.75,2.6007,195.42,0.20992,0.9992,172652000.0,6232000.0,3905.0,293700.0,315.0,1501.0,1427.82,0.0532127073441726,0.051290619619819,0.0516163254861639,0.0525954214090391,0.0509529536926667,0.0520946347642752,0.0519336055103722,0.0001610292539029,5.3212707344172605,5.129061961981907,5.161632548616391,5.259542140903917,5.0952953692666725,5.209463476427523,5.193360551037229,0.0161029253902933,19.97,662.695,99.273,4097.25,0.0080442867172645,0.0027577053738712,-0.0005236709452098,0.0008301693778047,0.0007006137662930456,-0.002752225970583666,0.0039092471242619265,0.0,-0.002752225970583666,0.002752225970583666,3.047535282193968e-06,0,0,14.486747143507925,2.673234241379989,8.589188638422348,2.1505042773351257,1.0880698162040128,0.08440531568014789,5.639447672815689,1.7297861303626494,4.488453434664319,1.5015081957961531,10.434694634618857,2.3451362765282755
2025-10-13 11:00:00+00:00,114180.0,4080.39,2.5692,192.56,0.20574,0.9991,171947000.0,6143000.0,3869.0,289700.0,309.0,1505.0,1426.04,0.0560217346932423,0.0557160720944933,0.0560126213274709,0.0549957507669938,0.053193175776125,0.0563208045693903,0.0551878709316651,0.0011329336377252,5.602173469324234,5.571607209449336,5.601262132747098,5.499575076699381,5.319317577612504,5.632080456939037,5.518787093166511,0.1132933637725264,19.43,663.49,99.226,4105.35,-0.0274128840383753,0.0011989278950217,-0.0004735540317915,0.0019749841837644,-0.0012474334626224604,-0.0055078377814865576,0.004135876729678406,0.0,-0.0055078377814865576,0.0055078377814865576,4.3115468249927495e-06,0,0,8.735935514003213,2.1674450373364786,5.954907507907926,1.7842156708491832,0.9855469312465744,-0.014558531761117014,4.578729020706206,1.5214214532180437,3.0944884289166215,1.1296226029486083,14.910326846470365,2.7020540498288246
2025-10-13 12:00:00+00:00,114412.26,4097.12,2.5693,191.84,0.20572,0.9991,172236000.0,6166000.0,3868.0,289200.0,310.0,1505.0,1425.09,0.0563530094993365,0.056045289325215,0.0564023433760236,0.0578323160029734,0.0574087152665985,0.0570249739652466,0.0568083346940294,0.0002166392712171,5.635300949933653,5.604528932521502,5.640234337602368,5.783231600297345,5.740871526659852,5.702497396524664,5.680833469402944,0.0216639271217199,19.3,663.18,99.223,4105.77,-0.0067131674785088,-0.0004673355177127,-3.0234468304080053e-05,0.0001023002952997,-0.000666402468604943,0.002032090499689332,0.004131581916733416,0.002032090499689332,0.0,0.002032090499689332,4.3000409063246816e-06,0,0,16.1051326422635,2.7791380188413597,8.516876547129621,2.1420496711765433,1.4264351921098268,0.3551784592407311,4.841176396951665,1.5771577484163377,3.6413098219103723,1.2923434581055058,12.36574787798877,2.5149303826048035
2025-10-14 09:00:00+00:00,111287.89,3985.27,2.4616,194.87,0.19958,0.9991,168918000.0,6055000.0,3737.0,295900.0,303.0,1518.0,1432.38,0.0596678884801364,0.060713629007671,0.0598572285584648,0.0600875439711432,0.0599060271785005,0.0607292971750643,0.0600464634391832,0.0006828337358811,5.966788848013649,6.071362900767108,5.985722855846487,6.008754397114324,5.990602717850058,6.072929717506437,6.004646343918325,0.0682833735881113,21.5,659.77,99.24,4123.96,0.1079478392227772,-0.0051551571138883,0.0001713165682426,0.0044205653457627,0.005102426843403229,-0.004620898278016483,0.00426563674649675,0.0,-0.004620898278016483,0.004620898278016483,1.411248290255987e-05,0,0,13.096649995024991,2.5723564719331353,9.346678175883076,2.235021004868749,1.176351683284043,0.1624178551813749,5.911392503270846,1.776881421815145,3.7311009443160628,1.3167033494388425,9.29435763699635,2.2294075103395152
2025-10-14 10:00:00+00:00,110623.58,3942.37,2.4403,194.24,0.19749,0.9991,168630000.0,6014000.0,3719.0,296100.0,302.0,1524.0,1431.19,0.0650986591286524,0.0658810703159147,0.0648432085790622,0.0651295779449119,0.0684754305583699,0.0658073599955257,0.0658855893053822,-7.822930985645904e-05,6.5098659128652425,6.5881070315914725,6.484320857906223,6.512957794491192,6.847543055836991,6.580735999552578,6.588558930538224,-0.0078229309856459,20.75,659.68,99.178,4129.38,-0.0355066884569095,-0.0001364204784408,-0.0006249433218545,0.0013134078516436,-0.0008311304200718794,-0.005987180242838619,0.004359859651236984,0.0,-0.005987180242838619,0.005987180242838619,1.5290465380354947e-05,0,0,8.62747270753974,2.1549516125587345,6.765423360194743,1.9118248406246954,0.9330943610306234,-0.0692489460241408,6.394731094321992,1.855474384783453,2.5145866914938244,0.922108452668635,8.041392979991176,2.084602324401558
2025-10-14 11:00:00+00:00,111313.98,3971.85,2.4517,195.32,0.19905,0.9991,169351000.0,6037000.0,3729.0,296800.0,303.0,1520.0,1429.96,0.0639327196001999,0.0629294696138331,0.0636559335052762,0.0626574512477824,0.0645266967801947,0.0639243281693742,0.0635404541494573,0.0003838740199169,6.393271960019997,6.292946961383317,6.365593350527621,6.265745124778244,6.452669678019474,6.392432816937421,6.35404541494573,0.0383874019916907,20.18,663.67,99.061,4138.25,-0.0278542317512444,0.0060301690265909,-0.001180393500622,0.0021457185198663,-0.0008597941916868024,0.006221589775151415,0.004549940918090979,0.006221589775151415,0.0,0.006221589775151415,1.4026453837556168e-05,0,0,16.02041103993395,2.773863599234522,10.472885429436381,2.3487895771184886,1.3458621789916931,0.29703483295749644,5.8397128526146,1.7646816265584546,3.2759684041790127,1.1866135213103122,6.268375568637828,1.8355172411157492
2025-10-14 12:00:00+00:00,110803.28,3941.1,2.4192,193.34,0.19613,0.9992,169106000.0,6016000.0,3691.0,294900.0,299.0,1525.0,1428.07,0.068702694840266,0.0689093527711104,0.0683726839972682,0.0680794578013466,0.067524040661925,0.0687298079095739,0.0683176460143832,0.0004121618951906,6.870269484026603,6.890935277111043,6.837268399726826,6.807945780134661,6.752404066192508,6.872980790957395,6.831764601438328,0.0412161895190665,19.51,665.33,99.062,4139.6,-0.033764860290443,0.0024981201855283,1.0094739126387252e-05,0.000326171653743,-0.0013225895288053735,-0.0045984800995562125,0.004555376352316741,0.0,-0.0045984800995562125,0.0045984800995562125,1.490753797197344e-05,0,0,15.503480008145887,2.741064515379682,7.084466929138574,1.9579046309526102,1.6945556738076961,0.5274205671213975,4.299137533544901,1.458414428987734,2.1399579349775997,0.760786172288044,3.6128212556352515,1.284488978380182
2025-10-15 09:00:00+00:00,112564.01,4155.87,2.501,205.99,0.20391,0.9993,169621000.0,6252000.0,3770.0,309900.0,307.0,1505.0,1424.23,0.0580347543834884,0.0562747201283591,0.0583943893777878,0.0563195292909832,0.0571088806992929,0.0574515618731361,0.0572264547759823,0.0002251070971538,5.8034754383488485,5.62747201283591,5.839438937778785,5.631952929098327,5.7108880699292985,5.745156187313616,5.722645477598234,0.0225107097153821,19.18,669.68,98.861,4192.45,-0.0170590851797278,0.0065168281810921,-0.0020310935980099,0.0126861237737934,-0.002692565522540491,-0.003377608862546566,0.004312798595401284,0.0,-0.003377608862546566,0.003377608862546566,6.487253411739537e-06,0,0,17.31326820200174,2.85147315564192,10.893516689702187,2.388167813162041,2.6237253665177747,0.9645952034541393,5.354204903902392,1.6778822155467106,2.1215187343304183,0.7521322163214257,8.967323768511463,2.193587277988256
2025-10-15 10:00:00+00:00,112266.71,4118.66,2.4972,203.9,0.20282,0.9992,169154000.0,6202000.0,3761.0,307000.0,306.0,1506.0,1423.57,0.058406380050342,0.0577839979254846,0.0579647065021766,0.0576508493558163,0.0598192923459546,0.0587507215041687,0.0583250452359548,0.0004256762682138,5.840638005034204,5.778399792548461,5.796470650217667,5.7650849355816325,5.981929234595462,5.875072150416871,5.832504523595485,0.042567626821386,19.4,667.6412,98.755,4200.17,0.0114049966139901,-0.0030490828673679,-0.0010727877314193,0.001839712074986,-0.00046351570462555003,-0.0026446579300341,0.0041457776311184715,0.0,-0.0026446579300341,0.0026446579300341,5.285082091183502e-06,0,0,16.91626579455751,2.828275632099564,11.104981134897578,2.4073937585513936,1.8919365149580814,0.6376009156048209,7.778374391485733,2.051347369248009,3.363062101295389,1.2128518986284904,13.76759103526406,2.6223173544634215
2025-10-15 11:00:00+00:00,111905.73,4099.9,2.4928,202.6,0.2022,0.9993,168800000.0,6184000.0,3760.0,305500.0,305.0,1508.0,1423.29,0.0598068436806451,0.0597485202948966,0.0597587496636167,0.059444902057596,0.0598033551205972,0.0602592159276089,0.0597124741634703,0.0005467417641386,5.980684368064515,5.974852029489663,5.975874966361672,5.9444902057596005,5.98033551205972,6.025921592760897,5.971247416347034,0.0546741764138623,20.02,665.58,98.746,4191.38,0.0314587078177921,-0.0030920625058099,-9.11387791067142e-05,-0.0020949653436748,-0.00019670795255333218,-0.003220559244544674,0.00403712266934832,0.0,-0.003220559244544674,0.003220559244544674,5.717248834834425e-06,0,0,7.8506163940761216,2.0605920502500217,9.837101886139692,2.2861611439172282,1.3089860274275829,0.2692528126367079,5.786034228130034,1.7554471222174057,2.480347196881329,0.9083985491204528,3.5447689551675623,1.2654729830131681
2025-10-15 12:00:00+00:00,111711.25,4094.8,2.5019,203.06,0.20179,0.9993,168818000.0,6186000.0,3775.0,306600.0,305.0,1510.0,1421.93,0.0627806101442083,0.0624267672200575,0.0611304856875158,0.0618655996793606,0.0629723845138157,0.0626808214316405,0.0622351694489916,0.0004456519826489,6.278061014420833,6.242676722005758,6.113048568751589,6.186559967936067,6.2972384513815705,6.268082143164055,6.223516944899163,0.0445651982648918,22.0,660.78,98.796,4199.09,0.0943106794712416,-0.0072378855737156,0.000506221472575,0.0018377998300582,-0.0009559894163384541,-0.0017394032334543397,0.003929475837370493,0.0,-0.0017394032334543397,0.0017394032334543397,4.962228184106796e-06,0,0,9.687625944759644,2.2708493953443387,11.493172110569875,2.4417531295263752,2.1315124845011924,0.7568318143493915,6.301614656472572,1.8408058952378026,3.905417110551411,1.362364592069184,13.329957193735163,2.5900139229127803
2025-10-16 09:00:00+00:00,111146.31,4030.13,2.423,193.89,0.19815,0.9996,168883000.0,6114000.0,3677.0,294500.0,301.0,1519.0,1416.85,0.0724252027223906,0.0707362460824381,0.0710662662756669,0.0720277167469731,0.0721327055230536,0.0725255624358647,0.0716776274701044,0.0008479349657602,7.242520272239061,7.073624608243812,7.106626627566692,7.202771674697317,7.213270552305362,7.252556243586472,7.167762747010449,0.084793496576023,21.02,666.9399,98.491,4245.84,-0.045568087909511,0.0092789815034954,-0.0030919446591655,0.0110718448992876,-0.003579006067814916,0.0029627373986702565,0.00365820570850682,0.0029627373986702565,0.0,0.0029627373986702565,7.21721599949386e-06,0,0,12.490517532581004,2.5249697590341333,9.402372269886405,2.240962026573076,1.5516504583010828,0.4393191762283285,8.452505124131413,2.1344628618264476,3.289725303437392,1.1908040668955,11.569253143938571,2.4483509880363847
2025-10-16 10:00:00+00:00,111469.63,4049.09,2.4495,195.75,0.19939,0.9995,168978000.0,6133000.0,3708.0,296500.0,302.0,1515.0,1414.43,0.0717466799783599,0.0708634000714254,0.070239122548696,0.0708816278599842,0.0708338975762203,0.0716386664164854,0.0709129456069372,0.0007257208095482,7.174667997835993,7.086340007142544,7.023912254869602,7.08816278599842,7.083389757622038,7.163866641648542,7.09129456069372,0.0725720809548219,20.57,665.75,98.466,4263.33,-0.0216406617839393,-0.0017857122143611,-0.0002538625195773,0.0041108650151766,-0.001709474576397696,0.0029047356387348344,0.003693815417849846,0.0029047356387348344,0.0,0.0029047356387348344,6.925790350873352e-06,0,0,13.53517302809351,2.605291706737306,7.61884519396718,2.030624808865653,1.0272629774979425,0.026897961943678737,6.540480660432241,1.8780106582473828,2.3820097804296654,0.8679445768985099,5.9125369274120425,1.7770749994496329
2025-10-16 11:00:00+00:00,111404.72,4061.85,2.4524,196.81,0.20034,0.9996,168633000.0,6143000.0,3708.0,297600.0,302.0,1513.0,1416.21,0.068836603134361,0.0678960431941098,0.0676299817130876,0.0677217973834567,0.0644165459175971,0.0687718927114415,0.0673001942685224,0.001471698442919,6.883660313436102,6.78960431941098,6.762998171308765,6.772179738345674,6.441654591759716,6.877189271144157,6.730019426852247,0.1471698442919097,21.77,662.46,98.466,4273.99,0.0566991715815903,-0.0049540460149408,0.0,0.0024972721041187,0.0012576662766177193,-0.0005824806832670504,0.003641917626662985,0.0,-0.0005824806832670504,0.0005824806832670504,6.507760429988229e-06,0,0,10.861351788518997,2.3852107808404726,8.728690831321577,2.166615396558149,0.9969811037551385,-0.0030234623040851054,7.810949770962636,2.055526566056036,2.194422113129794,0.7859187376638488,5.13528248253435,1.6361348530718134
2025-10-16 12:00:00+00:00,111519.07,4054.63,2.4535,197.02,0.20003,0.9995,168723000.0,6136000.0,3710.0,297900.0,303.0,1512.0,1416.51,0.0680842352317057,0.0683522690841349,0.0675007835808227,0.0674328000583108,0.0693696367003322,0.0679461339412319,0.0681479449310613,-0.0002018109898293,6.80842352317057,6.835226908413494,6.750078358082279,6.743280005831087,6.936963670033225,6.7946133941231945,6.814794493106131,-0.0201810989829367,22.94,663.47,98.316,4282.96,0.0523492364547686,0.0015234593007846,-0.0015245299778676,0.0020965421758063,0.00021181055743024757,0.00102591123208029,0.0036344029141431524,0.00102591123208029,0.0,0.00102591123208029,6.381696946298587e-06,0,0,16.949704495758105,2.8302503997959096,15.474128254132223,2.7391694844561187,1.2375579629071236,0.21314005307663722,7.395621256778131,2.000888103016527,3.930014529948334,1.3686431230622065,7.985459320161886,2.0776223028882264
2025-10-17 09:00:00+00:00,104531.35,3724.36,2.226,176.79,0.17858,0.9999,160873000.0,5734000.0,3421.0,272000.0,275.0,1537.0,1421.7,0.082501827108578,0.0829242314146212,0.0809857047619173,0.0821893229506498,0.0831582496644789,0.0812082122610518,0.082351867180049,-0.0011436549189972,8.2501827108578,8.292423141462123,8.098570476191735,8.218932295064985,8.315824966447893,8.120821226105178,8.235186718004908,-0.1143654918997288,23.44,662.4,98.503,4272.98,0.0215618530075873,-0.0016140349088358,0.0019002236193559,-0.0023328832428042,0.0036572387419235852,-0.0033715741833031387,0.006353421131423669,0.0,-0.0033715741833031387,0.0033715741833031387,3.9297245163903806e-05,0,0,9.708142533378643,2.272964969810411,10.318884415510585,2.333975654938039,0.8167391063170594,-0.20243556643250374,4.655716460563925,1.5380958109295946,3.089135159345958,1.1278911680280899,6.111720221810658,1.810208275589188
2025-10-17 10:00:00+00:00,104751.99,3725.36,2.2266,177.4,0.17902,0.9999,160900000.0,5724000.0,3419.0,272100.0,275.0,1535.0,1421.58,0.0804942427807813,0.0808366759155441,0.0801537836203616,0.0789557193241945,0.0805872432590921,0.0798924544179962,0.0802055329799947,-0.0003130785619985,8.049424278078131,8.083667591554411,8.015378362036163,7.895571932419454,8.058724325909218,7.9892454417996195,8.020553297999475,-0.0313078561998553,24.68,659.41,98.52,4250.21,0.0515492343283749,-0.0045241072466213,0.0001725686853024,-0.0053430826183191,-8.440955521216154e-05,0.002108529821295946,0.006325681894685177,0.002108529821295946,0.0,0.002108529821295946,3.9297245163903806e-05,0,0,10.454088534727658,2.3469931492358955,8.244832034458591,2.1095865839979404,0.9050507508514752,-0.09976425856561648,7.398745990528525,2.0013105251106422,3.097260659657921,1.130518062660197,4.326339776825942,1.4647218674021345
2025-10-17 11:00:00+00:00,105683.72,3778.54,2.2831,181.45,0.18273,0.9998,162500000.0,5810000.0,3505.0,279000.0,281.0,1537.0,1421.96,0.0813291079173981,0.0813461256412737,0.079631900633935,0.081333981038177,0.0814565762848684,0.0811186401110428,0.0810195383031304,9.910180791239398e-05,8.13291079173981,8.134612564127375,7.963190063393499,8.1333981038177,8.145657628486846,8.111864011104286,8.101953830313047,0.0099101807912393,23.49,663.12,98.391,4237.39,-0.0494184003663655,0.0056104734588426,-0.001310236791796,-0.0030208798127393,0.0002672724858889808,0.00885530396498524,0.006735947208347133,0.00885530396498524,0.0,0.00885530396498524,3.9283108341138e-05,1,0,10.742946602649527,2.3742494092400994,6.756245100718215,1.9104672772570281,0.8141495288080692,-0.20561123352529123,4.934945743223783,1.5963416785441122,2.3278822187652035,0.8449589352753905,13.504520876614423,2.6030245091338924
2025-10-17 12:00:00+00:00,105350.4,3775.44,2.279,180.04,0.18229,0.9998,161854000.0,5800000.0,3499.0,276500.0,280.0,1535.0,1422.07,0.0803544703649121,0.0802877369363934,0.079639194886856,0.0799537497640097,0.0801254815564422,0.0796283315253696,0.0800721267017227,-0.000443795176353,8.035447036491217,8.028773693639346,7.9639194886856,7.995374976400971,8.012548155644229,7.962833152536963,8.007212670172272,-0.0443795176353095,23.89,661.19,98.421,4205.32,0.0168851626668966,-0.0029147274677097,0.0003048594621501,-0.007597123257014,7.735502090699953e-05,-0.0031589230895701093,0.006702985329768736,0.0,-0.0031589230895701093,0.0031589230895701093,3.96988914697138e-05,0,0,8.948826800639909,2.191522439967157,6.283966424600733,1.838001377381127,0.7752863323521211,-0.254522856763225,4.411199777878115,1.4841467109333213,2.0473064007883055,0.7165249783250354,6.836936449623933,1.9223397438210206
2025-10-20 09:00:00+00:00,110964.13,4044.89,2.4734,193.2,0.20103,0.9995,166310000.0,6068000.0,3708.0,289500.0,302.0,1499.0,1422.9,0.0533225253965485,0.0543006570843187,0.0535884224339251,0.0530938259673512,0.0557757704543786,0.0540093294943204,0.0540162402673044,-6.910772984002056e-06,5.332252539654858,5.430065708431875,5.358842243392514,5.309382596735124,5.577577045437865,5.400932949432047,5.401624026730447,-0.0006910772984002,19.1,670.3,98.491,4301.02,-0.2237716262851337,0.0136841315483504,0.0007109775224325,0.0225018134616075,0.0005834859584092911,-0.001198047817345227,0.003992143882381014,0.0,-0.001198047817345227,0.001198047817345227,3.239562802694828e-06,0,0,30.962006817220256,3.4327608662984788,12.582620703206254,2.532316552565442,1.7466268372954843,0.5576864063297426,7.4326577150842414,2.005883495319774,3.5160282772835876,1.2573320222489484,5.234663750398048,1.6553026111990525
2025-10-20 10:00:00+00:00,110731.78,4026.21,2.4659,191.62,0.20044,0.9995,166135000.0,6041000.0,3698.0,287600.0,301.0,1499.0,1420.86,0.0559359267796211,0.0559932067396589,0.0554560606030016,0.0563230526082538,0.0568924934264727,0.0555226235783037,0.0561201480314016,-0.0005975244530979,5.593592677962112,5.599320673965891,5.545606060300168,5.632305260825388,5.6892493426472734,5.552262357830373,5.612014803140166,-0.0597524453097929,18.88,670.97,98.461,4332.69,-0.0115851743352299,0.0009990532193038,-0.0003046427579507,0.0073363923612959,-0.0014347204756601784,-0.002096115215413974,0.003994688225068987,0.0,-0.002096115215413974,0.002096115215413974,3.422633594206911e-06,0,0,14.540486794644107,2.676936951231606,9.358100562011003,2.2362423384870556,1.503746115852766,0.40795940532936154,5.735023156714728,1.7465917883612778,4.669565248977715,1.5410659729099299,8.377466601853481,2.1255455539730357
2025-10-20 11:00:00+00:00,111016.75,4035.02,2.4575,192.2,0.20029,0.9997,166294000.0,6046000.0,3681.0,287900.0,301.0,1497.0,1420.2,0.0547233537194262,0.0550497595355228,0.0546850321111622,0.0547238660381259,0.0581755454731462,0.0543932085413541,0.0554715113754767,-0.0010783028341226,5.472335371942627,5.504975953552282,5.468503211116227,5.472386603812596,5.8175545473146295,5.43932085413541,5.547151137547672,-0.1078302834122621,19.04,670.83,98.539,4348.97,0.0084388686458649,-0.0002086749150516,0.0007918782139686,0.003750439220747,-0.000464615327992135,0.002570210110302895,0.003981984229462433,0.002570210110302895,0.0,0.002570210110302895,3.38734306018218e-06,0,0,15.302743693499817,2.728032138693875,13.24142293185387,2.5833500169285406,1.4026002380742288,0.33832782685845186,5.8399221327337765,1.7647174633152474,2.986561727548879,1.0941228018361198,10.33571156631302,2.335605040914904
2025-10-20 12:00:00+00:00,110843.81,4037.64,2.4529,192.76,0.20067,0.9997,166280000.0,6054000.0,3679.0,288900.0,300.0,1499.0,1420.1,0.0563543940820807,0.0558346124924884,0.0561631658006018,0.0553868941682864,0.0527369745406829,0.0558762305122773,0.055295208216828,0.0005810222954492,5.635439408208076,5.5834612492488445,5.616316580060188,5.538689416828646,5.2736974540682935,5.58762305122773,5.52952082168281,0.0581022295449207,18.61,671.6195,98.573,4347.94,-0.0228429587090599,0.0011762082536739,0.0003449815367631,-0.0002368657384792,-7.041509702609972e-05,-0.001558997552582042,0.00398634930183511,0.0,-0.001558997552582042,0.001558997552582042,3.405586970993925e-06,0,0,9.440118772665208,2.2449685619283866,5.087130795307026,1.6267139771882928,1.5144312158337487,0.41503993337469836,4.045646382182066,1.3976413355641844,3.9492545931878116,1.3735268505195835,20.114068919117237,3.0014195164416564
2025-10-21 09:00:00+00:00,107754.27,3864.41,2.4089,184.37,0.19359,0.9997,162656000.0,5833000.0,3635.0,278000.0,292.0,1508.0,1431.56,0.0544501281853708,0.0543850127277185,0.0540861051371799,0.0532827828927773,0.0536354557660589,0.0537124086735647,0.0539678969418211,-0.0002554882682563,5.445012818537087,5.438501272771856,5.408610513717993,5.3282782892777325,5.363545576605899,5.371240867356475,5.396789694182114,-0.0255488268256387,18.57,670.59,98.858,4174.94,-0.002151695289545,-0.0015340380199821,0.0028870866070942,-0.0406021827736609,0.00803746708497588,0.000542863635649482,0.0037370859852191287,0.000542863635649482,0.0,0.000542863635649482,1.170860290784659e-05,0,0,12.021941316122549,2.486733423231121,6.360069773953002,1.85003934803918,1.4079692666558359,0.34214842983841637,10.129850736030436,2.3154865833080485,2.972528078245389,1.0894127955416817,14.873247599504818,2.6995641360550837
2025-10-21 10:00:00+00:00,108499.56,3883.75,2.417,185.92,0.19441,0.9996,163429000.0,5857000.0,3644.0,280300.0,294.0,1507.0,1431.54,0.0521984526234231,0.0534658705633896,0.0531693956672969,0.0531579233773906,0.0563923379398054,0.0531337169876402,0.0536767960342611,-0.0005430790466209,5.219845262342315,5.3465870563389695,5.316939566729695,5.315792337739067,5.639233793980547,5.3133716987640245,5.367679603426119,-0.0543079046620945,17.66,671.95,98.837,4138.38,-0.0502451801888006,0.0020260110912175,-0.0002124484693997,-0.0087955800321939,-1.3970870734958396e-05,0.006892760703792078,0.004080449013186692,0.006892760703792078,0.0,0.006892760703792078,1.1525532116334506e-05,1,0,14.600087181735168,2.6810275000481862,8.878536072078584,2.183636686665804,1.7231441146418554,0.5441505957438163,8.65140098815067,2.157721271777098,4.739214538773842,1.5558714128562694,15.74637353802762,2.7566100872058814
2025-10-21 11:00:00+00:00,108580.01,3890.07,2.4322,186.29,0.19453,0.9998,163729000.0,5869000.0,3664.0,280700.0,293.0,1507.0,1430.7,0.0539673437197698,0.0545280008501136,0.0529496479076041,0.0531840972593113,0.0527674685912664,0.0535412457482757,0.0534793116656131,6.193408266268186e-05,5.396734371976986,5.452800085011367,5.294964790760415,5.318409725931139,5.276746859126646,5.354124574827579,5.347931166561311,0.0061934082662681,17.72,672.65,98.855,4138.91,0.0033917500011209,0.0010412019384782,0.0001821014512453,0.0001280612376088,-0.0005869528929194345,0.0007412029025406497,0.0040305979138413285,0.0007412029025406497,0.0,0.0007412029025406497,1.1525532116334506e-05,0,0,15.224091492250789,2.7228791397137555,6.406039142618057,1.8572411614739583,1.391290600932504,0.33023180624200077,6.020890612769764,1.7952351906989026,4.609784144586162,1.5281810326121303,38.67073494850695,3.655083111089155
2025-10-21 12:00:00+00:00,108793.4,3880.9,2.4248,186.48,0.19469,0.9996,163849000.0,5842000.0,3648.0,280600.0,293.0,1506.0,1432.15,0.0516052323921507,0.0510916668728471,0.0504863146916283,0.0506713715176516,0.0508372710037967,0.0519866222507576,0.0509383712956149,0.0010482509551427,5.160523239215076,5.109166687284716,5.048631469162834,5.067137151765166,5.083727100379676,5.198662225075768,5.093837129561494,0.1048250955142736,17.8,671.6,98.951,4114.0,0.0045045121211049,-0.0015622097281662,0.0009706480848628,-0.0060366769167163,0.0010129766659021655,0.0019633502418443527,0.0040704309114876465,0.0019633502418443527,0.0,0.0019633502418443527,1.1424262392627973e-05,0,0,15.171314401826017,2.71940643442084,7.56545263436952,2.023592178149624,1.335964056928693,0.28965317125606116,6.864423159680886,1.9263520094230893,3.3074175314631518,1.1961676828981325,7.923443966339709,2.069825955543791
2025-10-22 09:00:00+00:00,107963.13,3836.84,2.3846,184.04,0.19068,0.9994,163052000.0,5796000.0,3599.0,278000.0,289.0,1510.0,1431.4,0.0550903489378442,0.0553430996381232,0.0543997497050112,0.0552893577606146,0.0588432847162325,0.0555446024356265,0.0557931681515651,-0.0002485657159386,5.509034893784426,5.534309963812323,5.439974970501127,5.528935776061461,5.884328471623257,5.554460243562653,5.579316815156519,-0.0248565715938654,18.53,669.3375,98.932,4076.81,0.0401925829992286,-0.0033745079796494,-0.0001920326663569,-0.0090809713738817,-0.0005238253336941057,-0.002462344629600821,0.009053374317684713,0.0,-0.002462344629600821,0.002462344629600821,2.1727438181240343e-05,0,0,14.09777214689558,2.6460167811339415,6.31619858903189,1.8431175381144083,1.0443702292126664,0.043414052278252145,8.215238820725302,2.1059908223661585,2.2040391997745337,0.790291676874125,13.656980427065882,2.614250777515637
2025-10-22 10:00:00+00:00,107657.98,3820.7,2.3824,183.55,0.19005,0.9995,162959000.0,5781000.0,3602.0,277500.0,287.0,1512.0,1429.87,0.0586089703489507,0.0581895700721464,0.0573833650490416,0.0573336263106381,0.056130217043389,0.057967772027593,0.0575291497648331,0.0004386222627598,5.860897034895074,5.818957007214642,5.738336504904162,5.73336263106381,5.613021704338905,5.796777202759307,5.752914976483319,0.0438622262759882,18.69,667.89,98.856,4015.13,0.0085975811702034,-0.0021649279054747,-0.0007684996434607,-0.0152450944020099,-0.0010694552739352048,-0.002830429763779563,0.00895227322505939,0.0,-0.002830429763779563,0.002830429763779563,2.206124370822739e-05,0,0,11.364703662989122,2.430512382436546,5.897500512037422,1.7745286191224823,2.0217935078241838,0.7039849926456054,5.845456748221938,1.7656647352793673,5.9267774243001465,1.779480629257678,14.302529175496113,2.660436387046326
2025-10-22 11:00:00+00:00,107555.05,3829.0,2.3962,185.05,0.191,0.9995,162799000.0,5792000.0,3622.0,279700.0,289.0,1512.0,1430.09,0.0584188273617891,0.0577421648685072,0.0569684215346062,0.056914867504489,0.0580376096858255,0.0578050179982341,0.0576163781910434,0.0001886398071906,5.841882736178916,5.774216486850725,5.696842153460624,5.691486750448904,5.80376096858255,5.780501799823412,5.761637819104344,0.0188639807190679,18.72,667.63,98.841,4037.42,0.0016038495819743,-0.0003893614521457,-0.0001517473712686,0.0055361486561107,0.00015384830587450438,-0.0009565406690121847,0.00895019391458011,0.0,-0.0009565406690121847,0.0009565406690121847,2.2099367460372155e-05,0,0,20.235063028952982,3.0074168931711607,10.145422442057878,2.317022612830542,1.7611067977633266,0.5659424737645087,8.246875794780383,2.1098344370830686,4.510685434066185,1.506449122912592,3.3323783196801697,1.2036862591798476
2025-10-22 12:00:00+00:00,108044.96,3846.64,2.4003,185.8,0.1913,0.9994,163212000.0,5812000.0,3625.0,280500.0,289.0,1510.0,1430.85,0.0557314657706944,0.0559660471552243,0.0554760374467233,0.0550986031961475,0.055817278289012,0.0559503399562189,0.0556178863715603,0.0003324535846585,5.573146577069443,5.596604715522435,5.547603744672336,5.509860319614757,5.581727828901206,5.59503399562189,5.561788637156035,0.033245358465854,19.53,665.3101,98.835,4058.59,0.0423592738391414,-0.0034808801122068,-6.0705396728089056e-05,0.0052297485429022,0.0005312939228909741,0.004544627277166313,0.008995164843690638,0.004544627277166313,0.0,0.004544627277166313,2.2099367460372155e-05,0,0,22.92290213830892,3.132136504175926,10.827201148926951,2.3820615926106914,1.3937548040108618,0.33200140304428827,10.248710288849196,2.3271518721896003,4.707155430528321,1.5490837830185655,6.495296794498612,1.8710783449212822
2025-10-23 09:00:00+00:00,109426.99,3890.78,2.4113,188.39,0.1949,0.9998,164721000.0,5856000.0,3629.0,283300.0,293.0,1504.0,1437.36,0.0472707213431666,0.0471257474968302,0.0470566207203795,0.04622037500893,0.0459001527885212,0.0465720906189364,0.0467147234715655,-0.0001426328526291,4.727072134316668,4.7125747496830295,4.705662072037953,4.622037500893006,4.590015278852122,4.657209061893641,4.671472347156556,-0.0142632852629144,18.44,669.37,98.967,4144.77,-0.0574295267601394,0.0060837237656778,0.0013346681994592,0.0210116758534155,0.004539424364989664,-0.0007166595040999368,0.004260816819934371,0.0,-0.0007166595040999368,0.0007166595040999368,6.590494175747313e-06,0,0,17.103158899553982,2.839263177416019,13.690037088655096,2.6166683484752924,3.172083896853,1.1543887526198644,10.186612549227172,2.3210743630402315,17.9041417569279,2.8850320691503732,38.769069003519576,3.657622738072862
2025-10-23 10:00:00+00:00,109439.2,3877.57,2.4103,188.25,0.19481,0.9996,164734000.0,5836000.0,3626.0,283100.0,293.0,1504.0,1436.68,0.0477321925365692,0.0476002431348476,0.0471204781163423,0.0467545045662123,0.0468786140759764,0.0472769445779814,0.0472172064859896,5.9738091991869136e-05,4.773219253656924,4.760024313484768,4.712047811634235,4.675450456621233,4.687861407597649,4.727694457798148,4.721720648598962,0.0059738091991869,18.19,670.09,99.007,4148.54,-0.0136502255984169,0.0010750602023881,0.0004040934723184,0.000909166607709,-0.00047320149523955024,0.00011157502227909788,0.004200897916883145,0.00011157502227909788,0.0,0.00011157502227909788,6.256688648760261e-06,0,0,14.736713482338134,2.690341895980522,12.459992210214681,2.522522888175699,2.263114005926137,0.816741743608769,6.520482658032038,1.8749484005042032,3.6435757295759723,1.2929655427553357,16.170801442085825,2.7832072358787703
2025-10-23 11:00:00+00:00,109253.89,3863.06,2.3909,187.98,0.19331,0.9997,164238000.0,5804000.0,3593.0,282200.0,290.0,1503.0,1437.44,0.045796087801466,0.0452164214086527,0.0454567699499666,0.0443730064688301,0.0436477740527498,0.0459226369869998,0.044898011936333,0.0010246250506667,4.5796087801466046,4.521642140865279,4.545676994996661,4.437300646883013,4.364777405274989,4.592263698699983,4.489801193633309,0.1024625050666735,17.58,670.52,98.972,4141.75,-0.0341101002730002,0.0006414990411025,-0.0003535728573709,-0.0016380612785003,0.000528857540891714,-0.001694704156873783,0.004216104066751427,0.0,-0.001694704156873783,0.001694704156873783,6.338232487420719e-06,0,0,12.828180663013011,2.5516443652219936,9.547649581462812,2.2562950070765364,0.7376909889030755,-0.30423025629041756,5.926284274986229,1.7793974188051025,11.168571440376816,2.413103712366514,20.565926342363053,3.0236356452758866
2025-10-23 12:00:00+00:00,109164.94,3853.21,2.3889,189.32,0.19386,0.9998,164250000.0,5798000.0,3594.0,284500.0,292.0,1504.0,1437.59,0.046615481940146,0.0466958184963965,0.0465140400249357,0.0453235430831227,0.0477546572125784,0.046404649567703,0.0465807081514359,-0.0001760585837328,4.661548194014609,4.669581849639659,4.651404002493575,4.53235430831227,4.775465721257843,4.640464956770307,4.658070815143591,-0.0176058583732839,17.44,670.9903,99.038,4133.02,-0.0079954737761971,0.0007011500683473,0.0006666330230213,-0.0021100292186968,0.00010434673734582844,-0.0008144902609128479,0.00414230138550346,0.0,-0.0008144902609128479,0.0008144902609128479,6.365873920134132e-06,0,0,17.570806535349746,2.866238805263244,7.868806799073794,2.062906437094085,1.3716448604440086,0.3160106477238688,5.593339648145319,1.7215765413593451,3.8720897113736936,1.3537943384056623,14.059837371699171,2.643322319580145
2025-10-24 09:00:00+00:00,111324.51,3958.57,2.4552,192.11,0.19731,0.9996,166619000.0,5918000.0,3671.0,287500.0,296.0,1497.0,1438.05,0.040781933692414,0.0395913215020826,0.0397370565878323,0.0406720500106954,0.0432025213584659,0.0414095751996428,0.040796976630298,0.0006125985693447,4.078193369241401,3.9591321502082666,3.973705658783233,4.06720500106954,4.320252135846592,4.140957519964283,4.079697663029807,0.0612598569344771,16.46,676.74,98.95,4105.39,-0.0578332232319098,0.008532471048456,-0.0008889428227458,-0.0067076301360806,0.0003199287838002718,0.002038555201695047,0.0034995938018978806,0.002038555201695047,0.0,0.002038555201695047,4.336678308481904e-06,0,0,11.011460046285725,2.398936552867671,13.773751444100538,2.622764711664243,1.1429382894497961,0.13360239337248148,5.589080624554496,1.7208148057613442,4.4283379808258,1.4880243400333235,10.262096966469603,2.328457201556168
2025-10-24 10:00:00+00:00,111114.03,3956.6,2.4485,191.78,0.19672,0.9997,166300000.0,5922000.0,3661.0,287100.0,294.0,1496.0,1439.31,0.039845955856532,0.0399008031143366,0.0388319010896054,0.0401010514795614,0.0383516847654472,0.0396988381102083,0.0394062792610965,0.0002925588491117,3.9845955856532056,3.990080311433664,3.883190108960544,4.0101051479561445,3.835168476544726,3.969883811020836,3.940627926109656,0.0292558849111793,16.43,678.19,98.91,4117.65,-0.0018242631997469,0.0021403327899456,-0.0004043262968256,0.0029818677968691,0.0008758028752318125,-0.001892478370152162,0.003538345283641925,0.0,-0.001892478370152162,0.001892478370152162,4.485906407710812e-06,0,0,9.118485953140286,2.2103037763943494,8.612091811142312,2.1531672402839237,1.5514042335056075,0.4391604779001023,5.739798130991776,1.747424040896274,2.80575016029744,1.031670940045988,6.824675069574204,1.9205447310840895
2025-10-24 11:00:00+00:00,111066.29,3946.57,2.4559,192.13,0.19735,0.9996,166242000.0,5904000.0,3672.0,287600.0,295.0,1496.0,1438.46,0.0405446010351204,0.0399890072795539,0.0394275023086398,0.0406289632662528,0.0391711843988096,0.0404172792123398,0.0399522516576753,0.0004650275546644,4.054460103512048,3.99890072795539,3.9427502308639895,4.062896326625287,3.917118439880962,4.041727921233984,3.9952251657675353,0.0465027554664487,16.63,677.88,98.97,4130.83,0.0120993611556592,-0.0004572035446557,0.0006064281568507,0.0031957430258735,-0.0005907352044935976,-0.00042974103858206547,0.0035114866697548426,0.0,-0.00042974103858206547,0.00042974103858206547,4.3739337069156585e-06,0,0,7.428799169136655,2.0053642264399665,10.567666250474572,2.3577989855777424,1.0251945003642173,0.02488235104178798,4.015885500402138,1.3902578711269447,2.2796239894442687,0.8240105124556519,4.755076495053341,1.5592127831557236
2025-10-24 12:00:00+00:00,111297.01,3963.97,2.4805,193.66,0.19811,0.9998,166570000.0,5932000.0,3708.0,289800.0,296.0,1495.0,1438.89,0.0401253813626807,0.0400235872454532,0.0388979750201603,0.0399940611386755,0.0383833570323461,0.0392031773186012,0.0394848723598632,-0.0002816950412619,4.012538136268073,4.00235872454533,3.889797502016034,3.999406113867554,3.838335703234619,3.920317731860123,3.948487235986322,-0.0281695041261985,16.54,678.04,98.937,4129.79,-0.0054266036092909,0.0002360021251144,-0.0003334899756541,-0.0002517970819368,0.00029888613008566267,0.0020751633277225068,0.0035073554438037726,0.0020751633277225068,0.0,0.0020751633277225068,4.346292274202247e-06,0,0,9.06348727685911,2.2042539551419633,8.962665330491854,2.1930676526724002,1.110591869528499,0.10489308900665754,5.850009528980049,1.766443290127917,3.0661454593617052,1.120421222038442,17.808954130087148,2.879701371831455
2025-10-27 09:00:00+00:00,115254.01,4160.35,2.6128,199.96,0.20297,0.9999,170090000.0,6141000.0,3857.0,295300.0,300.0,1477.0,1433.61,0.0294178979536912,0.0296229336043332,0.0297041184486956,0.0301235057455055,0.0309993258202618,0.0303692878617456,0.0299735563144975,0.0003957315472481,2.9417897953691208,2.9622933604333213,2.9704118448695693,3.01235057455056,3.099932582026188,3.036928786174564,2.997355631449752,0.0395731547248125,15.79,683.02,98.872,4022.75,-0.0464048613279945,0.007317858468645,-0.000657199645512,-0.0262608098654162,-0.003676244349172464,0.0020769639004445395,0.003438241569679299,0.0020769639004445395,0.0,0.0020769639004445395,2.654943153073929e-06,0,0,10.139012124358958,2.316390569783808,6.788243050155559,1.9151921525877067,0.5132080270289839,-0.667074005230896,7.733252722897831,2.045529566186615,2.433559279021897,0.8893549095680939,6.057159950633609,1.8012410352171844
2025-10-27 10:00:00+00:00,115447.94,4167.29,2.6241,200.43,0.20296,0.9999,170716000.0,6164000.0,3882.0,296700.0,301.0,1480.0,1433.66,0.0314350135360004,0.0317221104357805,0.0318794926918697,0.0325441999963738,0.0344508791886688,0.0324261085623369,0.0324063391697386,1.9769392598290025e-05,3.1435013536000422,3.172211043578055,3.1879492691869737,3.2544199996373813,3.445087918866885,3.2426108562336964,3.2406339169738674,0.001976939259829,16.0,683.365,98.888,3988.03,0.0132118939722305,0.0005049821350961,0.0001618122980877,-0.0086683737181214,3.4876380672344e-05,0.0016812172214279997,0.003426554187219536,0.0016812172214279997,0.0,0.0016812172214279997,2.6461337639535848e-06,0,0,10.17837747519749,2.3202656148435796,4.144669693413354,1.4218230974538266,0.988887801763211,-0.011174399939302644,5.286624397233043,1.6651799320273803,6.113595616863977,1.810515080761795,6.291325854506618,1.839171836179655
2025-10-27 11:00:00+00:00,115362.02,4162.14,2.6257,200.18,0.20336,0.9999,170474000.0,6150000.0,3880.0,295900.0,301.0,1477.0,1432.9,0.0312866999881191,0.0311991558138915,0.0312660928508983,0.0315930262526444,0.0329637469121588,0.0308798344416756,0.0316617443635424,-0.0007819099218668,3.128669998811917,3.1199155813891544,3.126609285089832,3.1593026252644485,3.2963746912158864,3.0879834441675635,3.166174436354248,-0.0781909921866844,16.01,683.53,98.887,3990.25,0.0006248047688424,0.000241423080487,-1.011250158011734e-05,0.0005565109415304,-0.0005302523008818838,-0.0007445086335842177,0.0031884354024773946,0.0,-0.0007445086335842177,0.0007445086335842177,2.6692293100153114e-06,0,0,16.508001880502555,2.8038452258049493,11.029105163150557,2.400537702426847,1.0087628933879071,0.008724722069688525,9.237136757212399,2.2232319628719255,2.8559112344019555,1.0493909636028604,6.689076184124318,1.900475775535355
2025-10-27 12:00:00+00:00,115065.67,4145.86,2.631,199.51,0.20209,1.0,169704000.0,6113000.0,3879.0,294200.0,298.0,1475.0,1432.49,0.0295672263278305,0.0293146745875638,0.0292179043192393,0.029405302210375,0.0293897541848391,0.0296755998296671,0.0293789723259695,0.0002966275036975,2.95672263278306,2.931467458756387,2.921790431923932,2.940530221037508,2.9389754184839134,2.9675599829667165,2.93789723259696,0.0296627503697567,15.98,683.46,98.884,3999.55,-0.0018755866704949,-0.0001024147946377,-3.033811833041966e-05,0.0023279692107589,-0.000286173960820868,-0.002572174927324866,0.003234342729685872,0.0,-0.002572174927324866,0.002572174927324866,2.9448994707135896e-06,0,0,18.19050302918314,2.9008996463083623,6.0225778683409565,1.7955153849942382,1.0955238524440187,0.09123265292819159,6.658222697249062,1.8958525866633091,2.012485350079774,0.6993704508206195,15.998533863102285,2.7724970844850634
2025-10-28 09:00:00+00:00,114528.6,4122.89,2.6669,201.97,0.2004,0.9999,169184000.0,6094000.0,3937.0,298500.0,296.0,1477.0,1435.64,0.0289630666835882,0.0295682750939909,0.0282841300674312,0.0294657913221703,0.0288414283411109,0.0289123420714643,0.0290245383016583,-0.000112196230194,2.896306668358828,2.956827509399096,2.828413006743125,2.946579132217031,2.884142834111092,2.8912342071464314,2.9024538301658342,-0.0112196230194028,16.07,686.11,98.733,3939.06,0.0056162394112924,0.0038698325855737,-0.0015282089029531,-0.0152397386260716,0.002196554038013332,0.0008854983655481874,0.0027178941268052466,0.0008854983655481874,0.0,0.0008854983655481874,4.052639384291174e-06,0,0,18.15565127478337,2.898981877248676,8.926240483689503,2.1889953077766515,0.9979193604718322,-0.002082807065688968,7.8524242211864115,2.060822302105388,3.486443081849191,1.2488820422478608,16.06869626933868,2.7768730482280235
2025-10-28 10:00:00+00:00,114595.71,4118.2,2.6585,200.31,0.20035,0.9999,169319000.0,6081000.0,3926.0,296100.0,297.0,1478.0,1433.21,0.0309260302399148,0.0302858599091306,0.0303951382818423,0.0313971967796662,0.0343255976917071,0.0313546617602991,0.0314659645804522,-0.0001113028201531,3.0926030239914803,3.028585990913069,3.039513828184237,3.139719677966624,3.4325597691707177,3.1354661760299107,3.146596458045225,-0.0111302820153147,16.14,685.52,98.679,3949.55,0.0043464830923816,-0.000860290364586,-0.0005470792185562,0.0026595322073408,-0.0016940590000462663,0.0005857955615375943,0.0026929062770162902,0.0005857955615375943,0.0,0.0005857955615375943,4.052639384291174e-06,0,0,14.590197880618867,2.6803499251993257,6.9357459699494015,1.9366886139444144,1.5588971337537756,0.443978605701012,5.727630025921531,1.7453018371256317,3.801045430871228,1.3352761422827568,7.953408146626771,2.073600534490542
2025-10-28 11:00:00+00:00,114357.73,4112.46,2.6414,199.73,0.19977,0.9999,169143000.0,6088000.0,3911.0,295700.0,296.0,1480.0,1432.88,0.0322352416191051,0.0331494196763189,0.0333413813655587,0.0332328409977331,0.0340740044898988,0.0329881181965552,0.0332065776297229,-0.0002184594331677,3.223524161910518,3.3149419676318903,3.334138136555876,3.323284099773316,3.4074004489898835,3.2988118196555227,3.320657762972297,-0.0218459433167741,16.19,686.18,98.666,3964.87,0.0030931048477413,0.0009623096171642,-0.0001317489677346,0.0038714192915048,-0.0002302788827002189,-0.002078851365631351,0.002715970314298954,0.0,-0.002078851365631351,0.002078851365631351,4.209611463245587e-06,0,0,11.059381249629903,2.40327904964946,7.763288237339341,2.0494059863670446,1.6526655904598866,0.5023894937505786,4.988669203364052,1.6071691814819868,3.881953479521787,1.356338501038174,5.4914804739635334,1.7031978865563462
2025-10-28 12:00:00+00:00,114449.55,4121.97,2.6635,200.21,0.20104,0.9999,169222000.0,6091000.0,3933.0,296300.0,297.0,1478.0,1432.43,0.0322130040387398,0.0315976991370314,0.0308556064445753,0.0331716430405166,0.0313369216487215,0.0319162645165753,0.0318349748619169,8.128965465838828e-05,3.2213004038739834,3.159769913703148,3.08556064445753,3.3171643040516674,3.1336921648721594,3.191626451657537,3.1834974861916976,0.0081289654658388,16.12,686.98,98.664,3958.33,-0.0043330306110616,0.001165195739043,-2.0270612679951228e-05,-0.0016508485170874,-0.00031410214161731176,0.0008025968835330133,0.0026838640357884644,0.0008025968835330133,0.0,0.0008025968835330133,3.9339413025473085e-06,0,0,12.1369073284239,2.4962510026352325,8.592897775544087,2.150936022012692,1.2307298016018737,0.20760732806659693,6.668803706940952,1.8974404895599133,4.6183354255402955,1.5300343426688072,13.565340256262697,2.607518029192014
2025-10-29 09:00:00+00:00,112974.44,3997.37,2.6474,194.21,0.19332,0.9997,167809000.0,5941000.0,3928.0,288600.0,288.0,1485.0,1422.6,0.0441244069658528,0.0447259907073702,0.0429635007063529,0.0445805478123517,0.0472078689293689,0.0441766017785092,0.0447204630242593,-0.0005438612457501,4.412440696585285,4.472599070737027,4.296350070635291,4.458054781235177,4.72078689293689,4.417660177850924,4.472046302425934,-0.05438612457501,17.01,688.99,98.808,4012.29,0.0537406693292878,0.0029215774031632,0.0014584348720259,0.0135399314909587,-0.006886119475971064,-0.0008538109105558078,0.004331214397386189,0.0,-0.0008538109105558078,0.0008538109105558078,1.1781686699720724e-05,0,0,18.170235795555882,2.8997848595146243,9.996563419175159,2.3022413758475904,0.8497612276091117,-0.16279987765517553,9.290894971284537,2.2290348852453223,2.203733714925158,0.7901530649919902,6.282999220941073,1.8378474494260661
2025-10-29 10:00:00+00:00,112870.01,3989.07,2.6415,196.25,0.19398,0.9997,167120000.0,5913000.0,3911.0,290600.0,288.0,1481.0,1421.78,0.0413997346495971,0.0425666318306701,0.0413693714874137,0.0414862575153618,0.0442467492935898,0.0419646030539175,0.0422137489553265,-0.0002491459014089,4.139973464959712,4.256663183067011,4.136937148741371,4.148625751536184,4.424674929358985,4.196460305391758,4.221374895532652,-0.0249145901408939,16.75,688.24,98.754,4008.31,-0.0154031481366949,-0.0010891428071415,-0.0005466638457267,-0.0009924445369851,-0.0005765755790125837,-0.0009247958711640081,0.004324669873633411,0.0,-0.0009247958711640081,0.0009247958711640081,1.1817322008192475e-05,0,0,4.099757582344667,1.4109278457048378,3.8402245083117146,1.3455308305967584,0.8428552459932651,-0.1709600486626371,5.954380109245589,1.7841271015443456,1.8720833040255778,0.6270518770789674,4.910763219894145,1.5914293716602181
2025-10-29 11:00:00+00:00,113132.36,4011.01,2.6499,198.74,0.19542,0.9998,167615000.0,5942000.0,3921.0,294400.0,290.0,1481.0,1421.01,0.0426268394060243,0.0425136944044042,0.0412864641579922,0.0424503656432544,0.0443158145531086,0.0424249366660687,0.0426386356329567,-0.000213698966888,4.26268394060243,4.251369440440422,4.12864641579922,4.245036564325444,4.431581455310862,4.242493666606872,4.263863563295676,-0.0213698966888033,16.65,688.48,98.678,3992.51,-0.0059880418446227,0.0003486547771975,-0.0007698853656341,-0.0039496003007517,-0.0005417213503848828,0.0023216581121783264,0.0043538568809785875,0.0023216581121783264,0.0,0.0023216581121783264,1.1637254383176337e-05,0,0,6.595252818510267,1.8863501203109774,5.177324787718109,1.6442884726175595,1.4005069136292525,0.3368342522493991,7.861069890318934,2.061922715539039,2.247443208684902,0.8097932183836025,8.308097749240307,2.117230671621144
2025-10-29 12:00:00+00:00,113139.13,4016.01,2.6566,199.87,0.19611,0.9997,167255000.0,5938000.0,3921.0,295400.0,290.0,1478.0,1420.97,0.0403545376346308,0.0405441182027002,0.0386895562805156,0.0401068808197111,0.0406707526063097,0.0404466899793225,0.0400731691087734,0.000373520870549,4.035453763463082,4.054411820270021,3.8689556280515625,4.010688081971114,4.06707526063097,4.044668997932255,4.00731691087735,0.0373520870549051,16.75,687.86,98.771,3992.36,0.0059880418446227,-0.0009009402356072,0.0009420154761716,-3.757105626434054e-05,-2.8149388808351716e-05,5.983962011235633e-05,0.004347209110546349,5.983962011235633e-05,0.0,5.983962011235633e-05,1.1637254383176337e-05,0,0,5.965802062941755,1.7860435080265413,4.511577142740094,1.5066467914395767,1.243537046511248,0.21795977594561006,6.338916352573702,1.8467078315332652,2.636448467935655,0.9694327341632536,3.505830878072375,1.2544275474782796
2025-10-30 09:00:00+00:00,110171.69,3900.19,2.5559,192.39,0.18935,0.9999,164611000.0,5823000.0,3816.0,287700.0,283.0,1493.0,1431.61,0.0436722072668298,0.0428847150938498,0.0428930775082982,0.0445582028718352,0.0439901538300495,0.0429860890406557,0.0435996713141725,-0.0006135822735168,4.367220726682985,4.288471509384984,4.289307750829829,4.455820287183521,4.399015383004956,4.298608904065571,4.359967131417255,-0.0613582273516842,16.84,683.44,99.421,3996.07,0.0053587505431051,-0.0064464600113192,0.00655931955378,0.0009288434064593,0.007459948077659817,-0.004913132489329897,0.007177586765158415,0.0,-0.004913132489329897,0.004913132489329897,3.2172351107646405e-05,0,0,17.10149947792483,2.8391661484317128,13.73544307462205,2.619979577827228,0.8438689337797222,-0.16975808817537613,5.097509176107901,1.6287520235841078,1.9015348491233528,0.6426613753932842,11.08859614253413,2.4059172056608413
2025-10-30 10:00:00+00:00,110105.75,3892.9,2.5505,192.19,0.18873,0.9999,164188000.0,5809000.0,3806.0,286900.0,282.0,1493.0,1431.33,0.0418174782600166,0.0425295044154629,0.042566298694042,0.0429415925585869,0.0439228275252148,0.0431901203296887,0.0427555402906647,0.000434580039024,4.181747826001669,4.252950441546299,4.256629869404205,4.294159255858698,4.392282752521481,4.319012032968872,4.275554029066471,0.043458003902401,16.59,684.8,99.476,3997.27,-0.0149569046118274,0.0019879559841688,0.000553050085239,0.0003002499603468,-0.0001956031218908194,-0.000598699548801207,0.007178136267544579,0.0,-0.000598699548801207,0.000598699548801207,3.215165084708027e-05,0,0,16.415483477969076,2.7982250039446726,14.17222917232926,2.6512843576549567,1.0037901950359187,0.0037830303447250334,5.7602266168288425,1.7509768171333284,2.341518530662715,0.8507996636236884,11.650041368008345,2.455309730907409
2025-10-30 11:00:00+00:00,109717.29,3881.1,2.5442,191.85,0.18795,0.9998,164400000.0,5815000.0,3810.0,287200.0,282.0,1497.0,1430.6,0.0473902346500909,0.0473134127226078,0.0467802177946856,0.0464160959199209,0.0487900477411462,0.0466234166727097,0.0473380017656903,-0.0007145850929805,4.739023465009096,4.731341272260781,4.678021779468566,4.641609591992091,4.879004774114626,4.662341667270975,4.733800176569032,-0.0714585092980571,16.56,684.9,99.537,4001.56,-0.0018099552452395,0.000146017376327,0.0006130252989535,0.0010726569789163,-0.0005101452626945502,-0.003534301084760827,0.007158643098503238,0.0,-0.003534301084760827,0.003534301084760827,3.26721210203195e-05,0,0,11.309884455797642,2.425677073965998,5.910126814888156,1.776667288867685,1.2713602184442194,0.2400873654634092,7.084120468678046,1.9578557255182336,3.3549762615529746,1.2104446948555356,8.222905369460793,2.106923597891505
2025-10-30 12:00:00+00:00,108387.86,3818.28,2.5009,187.85,0.18415,0.9999,163126000.0,5750000.0,3763.0,282800.0,277.0,1504.0,1431.01,0.0517193798528263,0.0523432103607466,0.0514659736855218,0.0520237323533925,0.0511516520907824,0.0511110439769841,0.0517407896686539,-0.0006297456916697,5.1719379852826375,5.234321036074663,5.146597368552186,5.202373235339253,5.115165209078243,5.111104397698418,5.174078966865396,-0.0629745691669778,16.51,684.33,99.527,4001.48,-0.003023891025077,-0.0008325847855026,-0.000100470200623,-1.999240288697024e-05,0.0002865519779469139,-0.01219087641597838,0.0074883404710300435,0.0,-0.01219087641597838,0.01219087641597838,3.886451551155524e-05,0,1,12.12902855433124,2.4956016335437137,8.481289173678123,2.137862463447044,1.1418291617148422,0.13263150434698093,8.044979930173275,2.0850482857455575,3.2881882292620053,1.1903367228978259,7.440090881763068,2.0068830640611295
2025-10-31 09:00:00+00:00,109848.39,3844.99,2.4868,186.63,0.18518,1.0,164600000.0,5761000.0,3727.0,279700.0,278.0,1499.0,1428.91,0.0486516855664314,0.0485708614480286,0.0488506664004271,0.0488324961941957,0.0506204273026107,0.0490513748241665,0.0491052273823387,-5.385255817218215e-05,4.86516855664314,4.857086144802869,4.885066640042712,4.883249619419572,5.062042730261074,4.905137482416655,4.910522738233873,-0.0053852558172182,16.96,683.24,99.83,4016.86,0.0268913724317205,-0.0015940686484965,0.0030397752104605,0.0038362102035218,-0.001468572811424096,-0.0019466987378269351,0.005685987043963042,0.0,-0.0019466987378269351,0.0019466987378269351,1.6041429961993175e-05,0,0,17.047402612183447,2.83599785266331,14.959162816934779,2.7053240095455906,1.9255828583484604,0.6552287054676987,14.040734508213554,2.641962712629088,3.238471312277911,1.1751014012653052,18.842235585203603,2.936100923743493
2025-10-31 10:00:00+00:00,109819.2,3835.83,2.4986,186.41,0.18557,1.0001,164451000.0,5744000.0,3739.0,279100.0,278.0,1496.0,1428.92,0.0479735658341753,0.0479659328291277,0.0472510744359084,0.047810425131221,0.0484050718482478,0.0468398615447358,0.047881214015736,-0.0010413524710002,4.797356583417534,4.796593282912776,4.725107443590848,4.781042513122102,4.840507184824783,4.683986154473585,4.788121401573608,-0.1041352471000234,17.19,683.7599,99.767,4020.78,0.0134701890310009,0.0007606438377454,-0.0006312720340702,0.0009754107700263,6.998316904649471e-06,-0.000265765197058343,0.005685180686287646,0.0,-0.000265765197058343,0.000265765197058343,1.6029437878252868e-05,0,0,15.758255031211963,2.7573643569298705,8.58891294921564,2.1504721795849377,1.3351961535665282,0.28907821256934374,12.23668766580315,2.5044386249222295,2.1275882661086603,0.7549890687874653,21.66449770754939,3.075674870411194
2025-10-31 11:00:00+00:00,110415.61,3874.01,2.5145,188.89,0.18674,1.0002,164998000.0,5795000.0,3758.0,282400.0,280.0,1495.0,1428.61,0.0460068247777303,0.0470779573251254,0.0461439553460552,0.0465067646995862,0.0495593238881877,0.0462624927643251,0.0470589652073369,-0.0007964724430118,4.600682477773033,4.707795732512543,4.61439553460552,4.650676469958626,4.955932388818773,4.626249276432515,4.705896520733699,-0.0796472443011842,17.82,681.77,99.757,4012.54,0.0359936026479053,-0.0029144750452472,-0.0001002385678754,-0.0020514564065212,-0.0002169706013344097,0.0054161415986229144,0.00574395127757856,0.0054161415986229144,0.0,0.0054161415986229144,1.5508967705013637e-05,0,0,12.619219961055006,2.5352210454606907,11.1048278232211,2.407379952788654,1.9350342431817664,0.6601250230599228,9.464909752982564,2.2475912498015203,2.4796576741595038,0.9081205160361335,31.81075143091502,3.4598043279565833
2025-10-31 12:00:00+00:00,109653.19,3836.18,2.505,186.51,0.18494,1.0001,164276000.0,5749000.0,3750.0,279500.0,277.0,1498.0,1429.61,0.0479372344451451,0.0482762694435816,0.0471429187148608,0.0482433423493475,0.047686477275457,0.0477334482680606,0.0478572484456784,-0.0001238001776177,4.793723444514519,4.827626944358165,4.714291871486087,4.824334234934757,4.768647727545705,4.77334482680607,4.785724844567847,-0.0123800177617774,18.24,679.79,99.813,3981.08,0.023295562603522,-0.002908430617424,0.0005612066089071,-0.0078713179841241,0.0006997362280038999,-0.006928951767234182,0.005333632632910203,0.0,-0.006928951767234182,0.006928951767234182,1.1317005405138629e-05,0,0,16.71232418182767,2.8161464222128245,14.391762339757658,2.6666559831543015,1.4936445509733727,0.40121914071521686,12.6366802981288,2.536603719582485,5.9135684204464285,1.7772494428537224,17.85512766239879,2.8822907309731773
2025-11-03 09:00:00+00:00,107197.94,3703.24,2.3999,174.94,0.17272,1.0,159972000.0,5526000.0,3585.0,261400.0,258.0,1493.0,1431.76,0.0422869727856607,0.0422185452131653,0.0433398350119833,0.0436292339319377,0.0432943406306007,0.0427725317092251,0.0429537855146695,-0.0001812538054444,4.228697278566074,4.221854521316537,4.333983501198335,4.362923393193774,4.329434063060078,4.277253170922513,4.29537855146696,-0.0181253805444467,18.17,680.3899,99.938,4025.1,-0.0038451022381056,0.0008820892573071,0.0012515583533163,0.0109966160127257,0.0015027769247728529,-0.0036225117064638823,0.003487653060842951,0.0,-0.0036225117064638823,0.0036225117064638823,1.0233889073491565e-05,0,0,7.918184071889844,2.069161895684481,9.724996948955242,2.274699575772352,1.029906989181661,0.029468496398716862,8.640145443709565,2.1564194164369592,1.783120957269275,0.5783651757663871,15.138668805172433,2.7172523184614756
2025-11-03 10:00:00+00:00,106974.99,3675.99,2.388,174.11,0.17205,0.9999,159815000.0,5500000.0,3569.0,260100.0,257.0,1495.0,1431.55,0.043587247092558,0.0451577539635841,0.0440125136410518,0.0435424381276978,0.043450676771654,0.0444270301082709,0.0439501259193091,0.0004769041889618,4.358724709255801,4.515775396358412,4.401251364105185,4.354243812769787,4.345067677165404,4.442703010827098,4.395012591930918,0.0476904188961804,18.08,682.05,99.819,4007.4,-0.0049655274440496,0.0024369527368879,-0.0011914477497878,-0.0044071033048904,-0.00014668338417855864,-0.0020819632110633535,0.003488304004790231,0.0,-0.0020819632110633535,0.0020819632110633535,1.0246630792505506e-05,0,0,13.43154537197035,2.5976060725653203,6.704351443358269,1.9027567847410505,0.7246555584506419,-0.3220588288115433,6.315076364613151,1.8429398483046606,2.7100746189483007,0.9969761691798071,14.965184137959374,2.705726445803594
2025-11-03 11:00:00+00:00,107787.42,3711.68,2.4019,175.32,0.17424,0.9999,160991000.0,5548000.0,3590.0,262200.0,261.0,1494.0,1430.56,0.0440647751712344,0.0448641971968259,0.0448006855326696,0.0454304555355318,0.0470961611519409,0.0444507150636772,0.0452512549176405,-0.0008005398539633,4.406477517123442,4.4864197196826,4.480068553266969,4.543045553553182,4.709616115194093,4.445071506367726,4.525125491764057,-0.0800539853963312,17.5,682.755,99.758,4008.21,-0.0326054740345616,0.0010331147126594,-0.0006112929034864,0.0002021056420549,-0.0006917973379660936,0.007565885253987048,0.003610674003144227,0.007565885253987048,0.0,0.007565885253987048,1.0246630792505506e-05,1,0,9.122426708449115,2.2107358551442724,11.615882281603175,2.452373323871583,1.3164378246988626,0.2749294711130704,5.636621386914888,1.7292848411376516,3.8057866750091,1.336522717647074,11.47989510782267,2.4405972539004335
2025-11-04 09:00:00+00:00,103857.96,3492.02,2.2655,160.39,0.16534,1.0003,153851000.0,5173000.0,3356.0,237500.0,244.0,1481.0,1439.8,0.028864935411824,0.0288773029538882,0.0288586575988125,0.028452308492632,0.0249666243142616,0.0283065934504966,0.0280039657542837,0.0003026276962129,2.8864935411824,2.887730295388824,2.8858657598812565,2.845230849263203,2.4966624314261665,2.8306593450496687,2.80039657542837,0.0302627696212986,18.29,679.24,100.157,3958.37,0.0441535814733056,-0.0051615575736887,0.0039917017712012,-0.0125124332519757,0.00643823904819385,-0.0018656167268940038,0.007887284892477898,0.0,-0.0018656167268940038,0.0018656167268940038,4.897007841509195e-05,0,0,7.155098750952378,1.9678252145836652,9.057339736197955,2.203575449586718,1.48231844838289,0.3936073812423849,6.271245707921047,1.8359750124104381,4.682070248387982,1.5437403728835388,12.555593180496016,2.530166238048305
2025-11-04 10:00:00+00:00,103816.39,3485.74,2.2663,160.49,0.16535,1.0002,153957000.0,5167000.0,3365.0,238300.0,246.0,1485.0,1439.68,0.0300719126386082,0.0296212563822393,0.0313396113058583,0.0313595487347448,0.0333916222218653,0.0312729630113097,0.0311567902566632,0.0001161727546465,3.00719126386082,2.9621256382239336,3.1339611305858384,3.135954873474489,3.339162222186532,3.1272963011309773,3.1156790256663225,0.0116172754646547,18.26,678.15,100.078,3956.98,-0.0016415872359516,-0.0016060236693764,-0.0007890728803561,-0.0003512163111647,-8.334838239498765e-05,-0.0004003383234874036,0.007887680553458412,0.0,-0.0004003383234874036,0.0004003383234874036,4.879614924680161e-05,0,0,7.930521007079678,2.070718734255224,11.458331339835425,2.4387170933406113,1.2521199278990782,0.2248380571471998,6.697651704229886,1.9017569730542894,4.310960106817924,1.4611606419105185,24.244841981531472,3.188203892966741
2025-11-04 11:00:00+00:00,104584.76,3529.52,2.281,161.71,0.16612,1.0002,155684000.0,5254000.0,3395.0,240700.0,248.0,1487.0,1440.33,0.0335073529442255,0.0335046019391702,0.0333619993126361,0.0334208194254028,0.0364962898640381,0.0321958575243912,0.0340582126970946,-0.0018623551727033,3.3507352944225577,3.3504601939170264,3.336199931263617,3.342081942540287,3.649628986403819,3.2195857524391247,3.4058212697094614,-0.1862355172703368,18.38,676.94,100.151,3969.46,0.0065502417607183,-0.001785859716457,0.000729165138261,0.0031489572399632,0.00045138732923621916,0.0073739850448557576,0.00787844835483545,0.0073739850448557576,0.0,0.0073739850448557576,4.879614924680161e-05,1,0,6.27782768872359,1.8370240112007186,15.646582369747538,2.750252514208142,0.9340590249353334,-0.06821564688782744,5.509134081103234,1.7064074567500804,3.128519568946246,1.140559911493853,18.01998123804642,2.8914812110057553
2025-11-05 09:00:00+00:00,101995.29,3307.53,2.2374,157.04,0.16389,1.0,151784000.0,4921000.0,3330.0,233700.0,243.0,1487.0,1443.18,0.0311583785498652,0.0309297474259362,0.0312883175871214,0.0311644312221954,0.0273852272004211,0.0303635028201609,0.0303852203971079,-2.171757694693216e-05,3.115837854986525,3.092974742593624,3.1288317587121472,3.116443122219548,2.7385227200421136,3.036350282016098,3.0385220397107915,-0.0021717576946932,18.13,677.41,100.219,3970.25,-0.0136950921607814,0.0006940599089855,0.0006787443490603,0.0001989997122322,0.0019767581371654686,0.0029018892351100334,0.00623128698413971,0.0029018892351100334,0.0,0.0029018892351100334,2.4571994935642644e-05,0,0,14.94145033974249,2.704139252619616,10.300672751477379,2.3322092087800295,1.3989891057496529,0.3357499084833691,9.194360497293946,2.2185903066755928,4.505684322123722,1.5053397823263968,11.926982606713652,2.478803279283542
2025-11-05 10:00:00+00:00,101401.97,3276.55,2.2111,154.86,0.16145,1.0,150703000.0,4866000.0,3284.0,230100.0,240.0,1486.0,1444.03,0.0291988434419965,0.0284403063635199,0.0285337521648885,0.0289662919040853,0.0294303698305595,0.029064493119949,0.0289139127410099,0.000150580378939,2.9198843441996525,2.8440306363519907,2.8533752164888515,2.8966291904085395,2.9430369830559577,2.9064493119949075,2.8913912741009984,0.0150580378939092,18.13,678.34,100.263,3978.36,0.0,0.0013719345688674,0.0004389421564674,0.0020406090660447,0.0005888037410208824,-0.005834116771266551,0.00631601524528844,0.0,-0.005834116771266551,0.005834116771266551,2.598352192428935e-05,0,0,10.993360214024042,2.397291473641437,7.973238848713624,2.076090790266386,0.936117872319957,-0.06601387846754331,5.843017060865032,1.7652472834490969,4.425178933536803,1.4873107145998108,6.551932673671858,1.8797600708068647
2025-11-05 11:00:00+00:00,102070.61,3322.55,2.2367,157.48,0.16387,1.0,151771000.0,4940000.0,3325.0,234100.0,243.0,1486.0,1441.09,0.0318034623722405,0.0317258670863034,0.0315559950017876,0.0315372204900084,0.0290008069792737,0.0311639106509655,0.0311246703859227,3.924026504282738e-05,3.180346237224052,3.1725867086303428,3.155599500178763,3.15372204900084,2.9000806979273763,3.1163910650965576,3.112467038592275,0.0039240265042827,17.36,680.0299,100.233,3987.16,-0.0433993155345553,0.0024881306215904,-0.0002992578427889,0.0022095239432289,-0.002038044183699128,0.0065723097120802265,0.006271876139709018,0.0065723097120802265,0.0,0.0065723097120802265,2.598352192428935e-05,0,0,10.17538356546988,2.319971427470227,9.787464694806674,2.2811024541386837,0.7108329507877011,-0.34131782644957337,5.26324563999471,1.6607478782816762,3.382330791335552,1.2185650550770266,4.988835065181881,1.607202428637464
2025-11-06 09:00:00+00:00,102810.01,3383.19,2.3061,158.78,0.16285,1.0,153989000.0,5061000.0,3450.0,237700.0,243.0,1497.0,1448.05,0.0343576703632033,0.03306200970053,0.0331357772597356,0.0338316559940257,0.0304690509593132,0.033804081350782,0.0329712328553616,0.0008328484954204,3.4357670363203363,3.306200970053008,3.31357772597356,3.383165599402571,3.0469050959313293,3.3804081350782056,3.297123285536161,0.0832848495420444,19.28,674.61,99.864,3992.82,0.1048995799501955,-0.0080020216748586,-0.0036882153984327,0.0014185501590553,0.00481805205971142,-0.0037886506027078326,0.003720786672405659,0.0,-0.0037886506027078326,0.0037886506027078326,6.356220275545741e-06,0,0,12.86523357789931,2.5545286016434554,8.310069231464366,2.117467939935465,2.1199570771108363,0.751395841833123,9.400436319685168,2.240756105186507,3.915765468865026,1.3650108323908519,6.306338077370248,1.8415551717013765
2025-11-06 10:00:00+00:00,103122.54,3393.7,2.3062,159.05,0.16333,1.0001,154434000.0,5079000.0,3454.0,238300.0,245.0,1497.0,1450.52,0.0324418430723951,0.0317655978140354,0.0325275399129409,0.0329199073210337,0.0341330094515417,0.0319404868381705,0.0327575795143894,-0.0008170926762188,3.244184307239517,3.176559781403543,3.2527539912940995,3.291990732103378,3.413300945154174,3.1940486838170523,3.2757579514389423,-0.0817092676218898,19.69,671.34,99.816,3980.0,0.0210426034686346,-0.0048590310691665,-0.0004807692400294,-0.0032159288806017,0.0017042890790035514,0.00303526800344045,0.003516640861458506,0.00303526800344045,0.0,0.00303526800344045,4.938015338013506e-06,0,0,20.333411905149543,3.012265439685418,15.208062760140619,2.7218257319622405,1.5338222638070278,0.42776283169967455,10.836238025741348,2.3828958901814246,2.765702778579766,1.017294772146981,22.649002234739577,3.1201157995123734
2025-11-06 11:00:00+00:00,103227.58,3399.4,2.3005,158.85,0.16304,1.0001,154372000.0,5084000.0,3441.0,237600.0,244.0,1496.0,1449.31,0.0318379478835979,0.0319103847031045,0.0320509697131865,0.0320433228331396,0.032605350172759,0.0321121188417274,0.0320895950611575,2.252378056995241e-05,3.183794788359795,3.191038470310459,3.205096971318655,3.20433228331396,3.2605350172759007,3.211211884172749,3.208959506115753,0.0022523780569952,19.77,669.54,99.814,3981.52,0.0040547445314911,-0.0026848056220201,-2.003706857767185e-05,0.0003818366388497,-0.0008345317278770636,0.0010180755802089436,0.0032888420802101846,0.0010180755802089436,0.0,0.0010180755802089436,4.938015338013506e-06,0,0,15.0460749284181,2.711117155081638,14.940596733201774,2.7040821208883887,2.2587203957803754,0.8147984563770385,26.221472375288,3.26657863142286,3.2701439503513567,1.18483400545442,9.702952987114637,2.2724302708407245
2025-11-07 09:00:00+00:00,101013.66,3301.48,2.201,154.74,0.16506,1.0003,151171000.0,4942000.0,3297.0,231700.0,246.0,1497.0,1459.41,0.0254419052244525,0.0256914908246308,0.0264116833406575,0.0259970770445878,0.0212120920249283,0.0254493491819249,0.0249508496918514,0.0004984994900735,2.5441905224452555,2.5691490824630847,2.6411683340657577,2.599707704458787,2.121209202492836,2.5449349181924985,2.495084969185144,0.0498499490073543,20.71,665.88,99.449,3993.65,0.0464510382249674,-0.0054814352998544,-0.0036635040948889,0.0030419437713984,0.006944663351688085,-0.004765407084740048,0.00517124244372454,0.0,-0.004765407084740048,0.004765407084740048,1.7808002610249215e-05,0,0,18.10924859103995,2.896422779650762,6.718292314347027,1.9048340023522927,0.6399623684993379,-0.446345903576946,3.135142464885224,1.1426746163969357,3.750240730284536,1.321820032664468,7.746181029095417,2.0471999514747017
2025-11-07 10:00:00+00:00,100770.85,3280.55,2.185,154.25,0.16462,1.0004,150789000.0,4909000.0,3269.0,230800.0,246.0,1496.0,1462.57,0.0230999848379365,0.0231273863811261,0.0229321262004098,0.02304319468553,0.0217293023126361,0.0224480464280645,0.0227863988835277,-0.0003383524554632,2.309998483793652,2.3127386381126103,2.2932126200409853,2.304319468553006,2.1729302312636145,2.2448046428064528,2.2786398883527736,-0.0338352455463208,22.08,662.76,99.457,3991.24,0.0640555460014016,-0.0046965404247139,8.044000688034458e-05,-0.0006036401436162,0.002162917769409134,-0.0024066279140395608,0.005117793413651381,0.0,-0.0024066279140395608,0.0024066279140395608,1.8049330023442317e-05,0,0,12.977786896515761,2.563239195700142,5.881879436954238,1.7718763429741415,0.7643560997837364,-0.268721499212732,6.143696370923375,1.8154265758291985,2.6314926765209057,0.967551242802278,8.972190033271982,2.194129797137174
2025-11-07 11:00:00+00:00,100411.89,3259.97,2.1879,153.85,0.16375,1.0003,150617000.0,4893000.0,3283.0,230700.0,246.0,1499.0,1461.29,0.0264846021335503,0.0271294935812724,0.0268499874581205,0.0261566918183218,0.0280574535758664,0.025498316466642,0.0269356457134263,-0.0014373292467842,2.6484602133550306,2.712949358127248,2.6849987458120506,2.615669181832181,2.805745357586642,2.5498316466642024,2.6935645713426304,-0.1437329246784281,22.33,663.5,99.481,4007.73,0.011258844443172,0.0011159200711663,0.0002412812043592,0.0041230366809834,-0.0008755549730627976,-0.00356850076624049,0.005126298562518078,0.0,-0.00356850076624049,0.00356850076624049,1.857992159505311e-05,0,0,11.100889417639825,2.407025232823534,7.998263842812867,2.079224498479273,0.9153671147473535,-0.08843007587003811,3.85512747454453,1.349404073795307,3.170011491415102,1.1537352129347014,10.116904734861484,2.3142077608367764
2025-11-10 09:00:00+00:00,106440.0,3624.36,2.5384,169.47,0.18432,1.0001,157659000.0,5366000.0,3754.0,250800.0,273.0,1481.0,1455.26,0.0178254582943455,0.0173695789575172,0.0162337565726935,0.0169371440907022,0.0177698773186003,0.0175858024054251,0.0172271630467717,0.0003586393586533,1.7825458294345564,1.7369578957517229,1.6233756572693547,1.693714409070224,1.7769877318600358,1.7585802405425175,1.7227163046771787,0.0358639358653389,18.09,678.88,99.631,4084.04,-0.2105717664448625,0.0229155276817518,0.0015066899873081,0.018861698329788,-0.004135028435634069,0.0044682541543643595,0.004457194895194353,0.0044682541543643595,0.0,0.0044682541543643595,2.7355907031097348e-06,0,0,12.995478911587913,2.564601520941729,7.6497954460326945,2.0346789084002554,0.8463022179280512,-0.16687875157448648,5.221570390814248,1.6527981978030766,2.0418602145754474,0.7138612622452714,13.846213036567521,2.628011768282746
2025-11-10 10:00:00+00:00,105995.26,3606.72,2.5404,168.35,0.18261,1.0001,157229000.0,5349000.0,3769.0,249700.0,271.0,1483.0,1456.12,0.0187064144143012,0.0185046187369088,0.0188889830804761,0.0186107485780591,0.0191721965107267,0.0183581812134421,0.0187765922640944,-0.0004184110506523,1.870641441430121,1.850461873690889,1.8888983080476152,1.861074857805911,1.917219651072677,1.8358181213442128,1.877659226409443,-0.0418411050652302,18.42,675.64,99.662,4084.21,0.0180777314199569,-0.0047839916418706,0.0003110997400819,4.162458299639127e-05,0.0005907851431379285,-0.00418706997838747,0.004627159276891902,0.0,-0.00418706997838747,0.00418706997838747,3.4660721616061366e-06,0,0,8.413649248742992,2.1298552976751,3.8387281823070882,1.3451411092157703,0.8732804747292853,-0.13549849784596213,4.631854540613217,1.5329573366284721,1.4583826551439787,0.3773280512397189,21.55315768426722,3.0705223340877987
2025-11-10 11:00:00+00:00,106176.5,3610.57,2.541,168.33,0.18304,1.0001,157352000.0,5345000.0,3761.0,249200.0,271.0,1481.0,1456.42,0.0175534427195831,0.016448328610535,0.0162768532918999,0.0164824397890193,0.0165685031108464,0.0167753222343274,0.0166659135043767,0.0001094087299506,1.7553442719583146,1.6448328610535023,1.6276853291899984,1.648243978901931,1.6568503110846455,1.6775322234327428,1.6665913504376784,0.0109408729950643,18.09,677.52,99.674,4095.24,-0.0180777314199569,0.0027786828011997,0.0001203997272387,0.0026970044895104,0.00020600575515583586,0.001708427587935546,0.004609406130680095,0.001708427587935546,0.0,0.001708427587935546,3.4660721616061366e-06,0,0,7.609434345208394,2.029388838652131,3.4117782946888067,1.227233649408301,0.6760171133705489,-0.3915368876227016,3.4350932668516667,1.2340440772275885,4.062897695038117,1.4018964370277638,8.034614636931446,2.0837590374831954
2025-11-11 09:00:00+00:00,104971.63,3556.11,2.4572,164.02,0.17748,1.0,156118000.0,5291000.0,3654.0,244000.0,265.0,1487.0,1461.2,0.0178209234217656,0.0182464663019812,0.017696715371875,0.0180833975866347,0.0218491555068398,0.0176567205036954,0.0187393316378193,-0.0010826111341238,1.7820923421765666,1.824646630198124,1.7696715371875005,1.80833975866348,2.1849155506839857,1.7656720503695489,1.8739331637819312,-0.1082611134123823,17.64,679.365,99.334,4124.01,-0.0251902488285584,0.002719465742575,-0.0034169513869528,0.0070006673357791,0.003276646223064894,-0.0017719559674418406,0.004853059285341223,0.0,-0.0017719559674418406,0.0017719559674418406,1.6380602313762606e-05,0,0,16.442694280385897,2.7998812618684865,23.019356973666348,3.136335469526805,0.7899444449618293,-0.23579265882696376,6.573384911072851,1.8830289069876929,4.73623738472971,1.5552430197904539,42.00987703805248,3.7379047582084874
2025-11-11 10:00:00+00:00,105176.38,3560.74,2.4634,163.77,0.1776,1.0,156400000.0,5290000.0,3664.0,243600.0,264.0,1487.0,1462.57,0.0167211752414295,0.0157778718784584,0.0169599899668237,0.0170124604429278,0.0163523704755919,0.0167034740217562,0.0165647736010463,0.0001387004207098,1.6721175241429576,1.5777871878458471,1.6959989966823796,1.7012460442927813,1.6352370475591904,1.6703474021756204,1.6564773601046312,0.0138700420709892,17.71,679.29,99.381,4106.23,0.0039604012160969,-0.0001104033033794,0.0004730392861782,-0.0043206583671615,0.0009371462873382086,0.001948627206022735,0.004816186317779985,0.001948627206022735,0.0,0.001948627206022735,1.56501208552662e-05,0,0,17.2977391493752,2.85057580795649,13.902511738625327,2.6320695244327825,1.1181953527444983,0.11171609358719313,18.926128020160963,2.940543402311339,3.33525061488968,1.2045478234376579,14.314131977769216,2.661247299461773
2025-11-11 11:00:00+00:00,105311.9,3574.14,2.4605,163.69,0.17767,0.9999,156830000.0,5324000.0,3668.0,244000.0,265.0,1490.0,1461.86,0.0186990738217329,0.0189683717676656,0.0197651702670182,0.0196752891347997,0.0202955410241121,0.0193513844701203,0.0194806892030657,-0.0001293047329454,1.869907382173297,1.896837176766564,1.9765170267018293,1.9675289134799767,2.029554102411213,1.9351384470120303,1.948068920306576,-0.0129304732945458,17.55,681.02,99.36,4112.94,-0.0090755018828674,0.0025435392413486,-0.0002113303251789,0.001632768634959,-0.00048556471787630784,0.001287672821741026,0.004809230392276425,0.001287672821741026,0.0,0.001287672821741026,1.56501208552662e-05,0,0,9.755568595396694,2.277838259961934,21.216682973504113,3.054787804921222,1.0159389803360956,0.01581328862837744,7.560581369650351,2.0229480879821318,2.773738672369044,1.0201961113875737,17.779026156084004,2.878019456711934
2025-11-12 09:00:00+00:00,104521.56,3483.72,2.4197,158.07,0.17515,0.9998,156437000.0,5214000.0,3620.0,236600.0,262.0,1496.0,1469.61,0.0184307351431092,0.0184171086680713,0.0179933654093424,0.0185050543207854,0.0178623518051905,0.0181607772483656,0.0182417230692998,-8.094582093418762e-05,1.8430735143109225,1.8417108668071336,1.7993365409342488,1.850505432078542,1.786235180519058,1.8160777248365625,1.824172306929981,-0.0080945820934187,17.46,683.23,99.577,4136.47,-0.005141399500419,0.0032398782234377,0.0021815960436226,0.00570466586381,0.005287461959848194,0.0035876987983591846,0.00390364197788028,0.0035876987983591846,0.0,0.0035876987983591846,8.34687672276305e-06,0,0,13.90067276687479,2.631937239459969,10.071223189802673,2.3096821680531177,1.2772473895331624,0.2447072854084491,7.6292196859798045,2.031985570863343,3.4111091394660846,1.2270374992500797,33.23901242312313,3.503724259050188
2025-11-12 10:00:00+00:00,104899.99,3534.51,2.4229,160.29,0.1764,1.0,156889000.0,5284000.0,3626.0,239800.0,263.0,1495.0,1468.62,0.0183747197995007,0.0179446307528357,0.0190203841841856,0.0186695199200608,0.0151909310886542,0.017962440930942,0.0178400371490474,0.0001224037818945,1.8374719799500785,1.79446307528357,1.9020384184185608,1.8669519920060829,1.5190931088654214,1.7962440930942014,1.7840037149047427,0.0122403781894587,18.01,682.35,99.477,4181.71,0.0310146087764087,-0.0012888298332027,-0.0010047525637535,0.0108774866772414,-0.00067387511356376,0.0036140541591986874,0.003957539171191765,0.0036140541591986874,0.0,0.0036140541591986874,8.34687672276305e-06,0,0,17.12912226621241,2.8407800714559523,13.910409728306698,2.6326374611670125,1.8644537598247355,0.6229681200206701,8.297812508287219,2.115991926847892,4.059188157537531,1.400982992421083,15.685476098377507,2.7527351949197834
2025-11-12 11:00:00+00:00,105020.83,3549.38,2.4383,160.03,0.17622,0.9999,156898000.0,5304000.0,3642.0,239000.0,263.0,1494.0,1468.78,0.0171504864019296,0.0174059364406142,0.016941691808558,0.0168098519722517,0.0161171966176838,0.0172724403528738,0.0168850326482075,0.0003874077046663,1.715048640192962,1.7405936440614278,1.694169180855809,1.680985197225171,1.6117196617683849,1.7272440352873897,1.688503264820751,0.0387407704666387,17.8,682.44,99.445,4196.62,-0.0117287018898251,0.0001318884225858,-0.0003217341498276,0.0035591855989771,0.00010893987891158474,0.0011512913616424925,0.00395554297280576,0.0011512913616424925,0.0,0.0011512913616424925,8.34687672276305e-06,0,0,10.291194377532264,2.3312886147848237,8.696999429084407,2.162978072962508,1.859450815334262,0.6202811835541474,5.5287475364164385,1.709961304605263,3.880462390900467,1.3559543194471462,8.855082755753466,2.180991616843692
2025-11-13 09:00:00+00:00,102827.0,3486.43,2.4985,155.01,0.17481,1.0001,153500000.0,5202000.0,3728.0,231300.0,260.0,1492.0,1465.7,0.0184884928904185,0.0179918711102542,0.0180086355695521,0.0180540328942897,0.0147568398484645,0.0178418604888506,0.0174599744625958,0.0003818860262547,1.848849289041854,1.7991871110254245,1.8008635569552125,1.805403289428975,1.4756839848464542,1.7841860488850614,1.745997446259584,0.0381886026254774,18.02,678.9,99.169,4194.93,0.0122837948821521,-0.0052007697991074,-0.0027792620626829,-0.0004027861414979,-0.0020991801825305245,-0.00830042633782746,0.005572315780264237,0.0,-0.00830042633782746,0.00830042633782746,2.3057400505274825e-05,0,1,15.277704338767402,2.7263945328418107,13.380366880583786,2.5937884743976856,1.442378658908591,0.3662935972543865,5.057722447059806,1.6209162726930681,9.884423990841222,2.290960183892003,9.318239330866422,2.231973697854027
2025-11-13 10:00:00+00:00,102991.22,3506.01,2.5006,155.43,0.17597,1.0001,153828000.0,5231000.0,3736.0,232200.0,262.0,1494.0,1465.42,0.0192320610741911,0.0181445832777897,0.0195312129333478,0.019448412500312,0.0160159897711296,0.0194010010362257,0.018474451911354,0.0009265491248716,1.9232061074191176,1.8144583277789783,1.9531212933347808,1.944841250031204,1.6015989771129613,1.940100103622577,1.8474451911354088,0.0926549124871688,19.05,675.64,99.077,4202.4,0.0555848493925181,-0.0048134514954574,-0.0009281398525509,0.001779137409251,-0.0001910532498508033,0.001595777427759515,0.005519658288773353,0.001595777427759515,0.0,0.001595777427759515,2.3057400505274825e-05,0,0,7.919138474324833,2.0692824214151857,15.130907936011335,2.71673953498931,1.3668523286639869,0.3125105260572856,9.020522433345466,2.1995022518368965,2.924401700472461,1.0730899129142384,4.32880382020858,1.4652912498558355
2025-11-13 11:00:00+00:00,102936.5,3501.95,2.4951,156.3,0.17586,1.0001,153790000.0,5226000.0,3727.0,233300.0,263.0,1494.0,1465.26,0.0196332879843024,0.0184618610287288,0.0194284333868095,0.018687710335761,0.0206432921718526,0.019512315178539,0.0193709169814908,0.0001413981970481,1.9633287984302417,1.846186102872882,1.9428433386809552,1.8687710335761,2.064329217185268,1.951231517853902,1.937091698149089,0.0141398197048125,19.5,675.9041,98.999,4207.09,0.023347363996991,0.0003908122618589,-0.0007875765265028,0.0011154066385117,-0.00010918967622508546,-0.0005314486198155777,0.005504923919775979,0.0,-0.0005314486198155777,0.0005314486198155777,2.3069168740087487e-05,0,0,17.066998916760884,2.837146710966816,17.135600176006864,2.8411581810339626,1.5068660633640898,0.4100320393602433,7.893921052599961,2.06609297625322,4.724577612556853,1.5527781627819475,10.805825452511124,2.380085382460685
2025-11-14 09:00:00+00:00,96839.93,3156.43,2.2777,140.93,0.1621,1.0003,147002000.0,4793000.0,3461.0,214100.0,246.0,1517.0,1452.52,0.0450730673570571,0.0454160070261426,0.046123496077477,0.0459022430414619,0.0447923193256356,0.0440785920256199,0.0454614265655548,-0.0013828345399349,4.507306735705718,4.541600702614268,4.612349607747701,4.590224304146195,4.479231932563565,4.407859202561992,4.54614265655549,-0.1382834539934971,22.04,669.74,99.294,4082.09,0.1224445187150129,-0.0091616247051344,0.0029753971913875,-0.0301620851358475,-0.00873272211274223,-0.00553484433592466,0.006429473912329965,0.0,-0.00553484433592466,0.00553484433592466,3.687949256707438e-05,0,0,8.638655564285994,2.1562469647226794,9.095600191103637,2.2077908011180574,1.1129795373059672,0.10704068695455769,7.912248927304131,2.068412055820454,3.6748399570144783,1.3015095826048033,21.67632475317387,3.0762206397458103
2025-11-14 10:00:00+00:00,96752.2,3176.2,2.2855,141.95,0.16328,1.0004,146443000.0,4805000.0,3460.0,214700.0,247.0,1513.0,1453.65,0.041232980088651,0.0407003436388202,0.0414418376969634,0.0404873270448788,0.0406486110846384,0.0404120950594757,0.0409022199107904,-0.0004901248513146,4.123298008865106,4.070034363882025,4.144183769696341,4.04873270448789,4.064861108463846,4.041209505947574,4.090221991079042,-0.049012485131468,20.47,674.48,99.297,4093.64,-0.0738985846115158,0.0070524462455514,3.0212849527089247e-05,0.0028254376511274,0.0007776558542316181,-0.0009063385583445438,0.0063802786938946384,0.0,-0.0009063385583445438,0.0009063385583445438,3.6913719633005296e-05,0,0,5.4976770863332645,1.7043256550850074,9.783389386210057,2.2806859870148015,1.9756802523190393,0.6809127706040983,8.25785445669732,2.1111648027865844,4.541536097143586,1.513265302215142,10.726670338533628,2.3727331952080912
2025-11-14 11:00:00+00:00,96167.44,3144.35,2.2684,140.77,0.16206,1.0002,145578000.0,4760000.0,3430.0,212800.0,245.0,1514.0,1453.89,0.0412047578627787,0.0412248430153754,0.040022971760572,0.0397524767989923,0.0398212783368072,0.0411360285495396,0.0404052655549051,0.0007307629946345,4.120475786277877,4.122484301537543,4.002297176057201,3.97524767989923,3.9821278336807264,4.113602854953968,4.040526555490516,0.0730762994634523,19.67,674.94,99.338,4105.45,-0.03986576727223,0.0006817744183695,0.0004128174851594,0.002880809496581,0.00016508801292225428,-0.0060622318272862685,0.006402020000276531,0.0,-0.0060622318272862685,0.0060622318272862685,3.8433228678516074e-05,0,0,4.369912915878625,1.4747430811923774,6.279482299630201,1.8372875407174258,0.8548871967547771,-0.15678575236952622,5.971049447290757,1.786922698771691,4.661551040868364,1.5393482341462086,6.696725130045549,1.9016186203414638
2025-11-17 09:00:00+00:00,95656.21,3195.18,2.2739,142.0,0.16225,1.0006,142561000.0,4760000.0,3385.0,211600.0,241.0,1490.0,1460.59,0.0203736631445952,0.0199603768269858,0.0191989990053105,0.020232128845482,0.0169603348863041,0.0195239841970389,0.0193451005417355,0.0001788836553033,2.037366314459521,1.9960376826985813,1.9198999005310524,2.023212884548209,1.6960334886304107,1.9523984197038933,1.934510054173555,0.0178883655303385,20.64,672.05,99.501,4076.05,0.0481363082123942,-0.0042910555156323,0.0016395177657528,-0.0071869770943848,0.004597740799543892,0.0003884454113407543,0.0047778118856338985,0.0003884454113407543,0.0,0.0003884454113407543,1.2515305742629036e-05,0,0,15.046170063668178,2.7111234779897564,11.29405862219048,2.4242768017976912,1.3350690468634299,0.28898301101170526,11.908495328688973,2.4772520385841093,4.800994144288959,1.5688230098623603,13.628245431540918,2.612144508995294
2025-11-17 10:00:00+00:00,95651.7,3196.72,2.273,142.27,0.1624,1.0005,142500000.0,4762000.0,3387.0,212100.0,243.0,1491.0,1460.37,0.0201388062312921,0.0200510098060904,0.0203586679111849,0.0208558791291506,0.0246070644557283,0.0204639047390171,0.0212022855066893,-0.0007383807676721,2.013880623129216,2.0051009806090425,2.0358667911184902,2.0855879129150656,2.460706445572836,2.046390473901716,2.12022855066893,-0.0738380767672141,21.48,670.52,99.452,4064.04,0.0398913290273017,-0.0022792117540797,-0.0004925786591885,-0.0029508294661741,-0.00015063540782289664,-4.7149122071488136e-05,0.004767609925524424,0.0,-4.7149122071488136e-05,4.7149122071488136e-05,1.236231408877661e-05,0,0,12.266824723523026,2.5068984414935755,11.254706200923485,2.4207863701462364,1.9404860439177511,0.6629384797977411,11.360479940293718,2.4301406606658644,2.2030055997761657,0.7898226097035691,11.494718207327507,2.44188764354559
2025-11-17 11:00:00+00:00,95565.38,3204.12,2.2718,141.9,0.16217,1.0005,142437000.0,4774000.0,3384.0,211300.0,241.0,1490.0,1459.92,0.0209234250408991,0.020574196376174,0.0203077864810434,0.019971515328381,0.0179289541546525,0.0200938217942374,0.01994117547623,0.0001526463180073,2.092342504089917,2.057419637617408,2.030778648104348,1.997151532838104,1.7928954154652563,2.0093821794237465,1.9941175476230069,0.0152646318007397,20.67,672.39,99.448,4070.38,-0.038438895946987,0.0027849985608519,-4.022121669766676e-05,0.0015588084421001,-0.00030818857275161093,-0.0009028482796988868,0.004442648120894442,0.0,-0.0009028482796988868,0.0009028482796988868,9.376415889575292e-06,0,0,16.46549576883761,2.8012670258419226,8.25946947052305,2.111360356719896,1.6329405593596167,0.49038241366853685,5.083811679025811,1.626061310750072,4.355673134366276,1.4714791642309497,9.115789435196453,2.210008012739796
2025-11-18 09:00:00+00:00,91400.01,3060.5,2.1823,137.85,0.15741,1.0008,135142000.0,4528000.0,3231.0,204000.0,233.0,1480.0,1461.15,0.0119272619205386,0.0125564207959745,0.0132758756047777,0.0128114316026284,0.0130451453808153,0.0120911244176475,0.0127232270609469,-0.0006321026432993,1.1927261920538612,1.255642079597452,1.327587560477772,1.2811431602628431,1.304514538081536,1.2091124417647592,1.272322706094693,-0.0632102643299336,24.98,659.1,99.419,4066.21,0.1893921310037547,-0.0199632612652553,-0.0002916522118354,-0.0010249995059581,0.0008421572045147485,0.001971416585734076,0.0067542777047377555,0.001971416585734076,0.0,0.001971416585734076,3.638674191065761e-05,0,0,8.11247057705753,2.093402455158612,9.257804817511047,2.225466959810801,0.9266330384050001,-0.07619765111505059,7.344818801640349,1.9939951397014384,4.435829948191716,1.4897147342609358,10.319224136956489,2.3340085766997474
2025-11-18 10:00:00+00:00,91585.02,3066.15,2.1936,137.98,0.15724,1.0009,135356000.0,4534000.0,3246.0,204200.0,233.0,1481.0,1462.4,0.0106176733372476,0.0111647936879479,0.0118704183405233,0.0119834701569345,0.013273553034929,0.0118081910088361,0.0117819817115165,2.6209297319602223e-05,1.0617673337247613,1.1164793687947985,1.187041834052338,1.1983470156934573,1.327355303492905,1.1808191008836122,1.178198171151652,0.0026209297319602,24.66,661.48,99.648,4052.49,-0.0128930069612334,0.0036044807233217,0.0023007339339544,-0.0033798546715058,0.0008551248148105373,0.002022133319238506,0.006792013070425932,0.002022133319238506,0.0,0.002022133319238506,3.638664928400294e-05,0,0,7.852787594479923,2.0608685763356043,15.666185214143097,2.7515045815575987,1.4261230430416512,0.3549596037126826,9.551902298365091,2.2567403282023215,4.630059882063796,1.5325698015056066,6.382249261553138,1.8535205840587414
2025-11-18 11:00:00+00:00,91517.82,3058.01,2.1836,137.88,0.15698,1.0009,135394000.0,4524000.0,3228.0,203700.0,232.0,1479.0,1461.53,0.0122458809483028,0.0122224393348613,0.0114693010788615,0.0108390710434791,0.0111973570732182,0.0110432881383062,0.0115948098957446,-0.0005515217574383,1.2245880948302812,1.2222439334861337,1.1469301078861571,1.0839071043479145,1.1197357073218228,1.104328813830624,1.1594809895744618,-0.0551521757438378,24.3,658.57,99.655,4066.77,-0.0147061473896954,-0.0044089310463641,7.024480316797366e-05,0.0035175655722774,-0.0005950895032880155,-0.0007340137708080618,0.006793081105705591,0.0,-0.0007340137708080618,0.0007340137708080618,3.637513433398547e-05,0,0,9.447142846438881,2.245712351498219,15.516715822402933,2.741917882981394,2.45004520792724,0.8961064766015956,7.337993549705638,1.9930654469064895,3.1672163968527025,1.1528530938779382,15.218416958638153,2.722506336422101
2025-11-19 09:00:00+00:00,91513.72,3088.24,2.1415,139.71,0.1582,1.0004,136135000.0,4590000.0,3188.0,207900.0,236.0,1487.0,1466.51,0.0143750470619818,0.0134833376334557,0.0151149065256925,0.0147100643821529,0.0172331274450607,0.0135665203952719,0.0149832966096687,-0.0014167762143968,1.4375047061981894,1.3483337633455772,1.5114906525692584,1.4710064382152943,1.723312744506078,1.3566520395271953,1.4983296609668797,-0.1416776214396842,22.08,666.32,99.952,4127.88,-0.0958041289376083,0.0116992178914534,0.0029758497365133,0.014914885404945,0.0034015961543589768,0.0004730464189588446,0.00583380410597329,0.0004730464189588446,0.0,0.0004730464189588446,1.1474152811028295e-05,0,0,11.688460825750107,2.458602100925623,9.889272505927327,2.291450584377726,1.5790824843381968,0.45684397224871043,6.90459127236057,1.932186592112984,3.948041986659287,1.3732197564334505,39.40180257887156,3.673811565990136
2025-11-19 10:00:00+00:00,91314.75,3092.0,2.1334,139.54,0.15851,1.0005,135930000.0,4598000.0,3177.0,207600.0,236.0,1488.0,1467.72,0.0142176642711837,0.0131792095167875,0.014616012160584,0.0136439166418147,0.0144067368656415,0.0133106940111826,0.0140127078912023,-0.0007020138800196,1.421766427118376,1.317920951678753,1.4616012160584058,1.3643916641814746,1.4406736865641534,1.3310694011182678,1.4012707891202325,-0.0702013880019647,23.79,661.86,100.078,4096.54,0.0745931029059718,-0.0067159824177398,0.0012598111949682,-0.0076212430041735,0.0008247479363161503,-0.00217657653156067,0.005835104259379289,0.0,-0.00217657653156067,0.00217657653156067,1.1671548035934156e-05,0,0,12.039181967076612,2.4881664946386133,7.13012891944749,1.964329315531673,1.021131687929333,0.02091151022812168,4.563144029777113,1.5180118661582902,2.4407822715606833,0.8923185910215596,51.76711843154703,3.946755168393984
2025-11-19 11:00:00+00:00,91410.22,3083.51,2.1315,138.56,0.15816,1.0004,136013000.0,4589000.0,3174.0,206000.0,236.0,1489.0,1467.82,0.0137079785849134,0.0139111418626931,0.0144923686825209,0.0128766158469821,0.0165823044641673,0.0140239526268495,0.0143140818882554,-0.0002901292614058,1.370797858491346,1.3911141862693155,1.4492368682520906,1.287661584698219,1.6582304464167308,1.4023952626849523,1.4314081888255403,-0.0290129261405879,24.24,661.16,100.141,4073.97,0.0187388368862473,-0.0010581851601925,0.000629310925329,-0.0055247609778614,6.813056544174856e-05,0.0010449585372747094,0.005838305245877542,0.0010449585372747094,0.0,0.0010449585372747094,1.164909902694516e-05,0,0,7.108284064229092,1.961260873510338,5.790981252687544,1.756301750919736,1.1690893860440592,0.156225143248563,8.188688799533843,2.102753787310952,7.226033917087449,1.9776903264713452,25.41519534655097,3.235347237139284
2025-11-20 09:00:00+00:00,91950.0,3011.39,2.1192,142.04,0.15732,1.0006,136771000.0,4480000.0,3152.0,211300.0,233.0,1487.0,1467.28,0.0137463203508638,0.0139067450968026,0.0136809050653561,0.0138549725958023,0.0093899710727722,0.0128321349701494,0.0129157828363194,-8.364786617001164e-05,1.3746320350863872,1.3906745096802675,1.368090506535613,1.3854972595802373,0.9389971072772284,1.2832134970149456,1.2915782836319467,-0.0083647866170011,19.89,674.94,100.182,4094.04,-0.1977870683352329,0.0206279299836369,0.0004093389233634,0.0049143035798167,-0.00036796020993712375,-0.0019363513585215486,0.006582191785846821,0.0,-0.0019363513585215486,0.0019363513585215486,2.1566423602841135e-05,0,0,14.952404955000995,2.704872153454309,8.107047869786463,2.0927337907354495,1.2082440083586132,0.18916807278899647,6.596673404336997,1.88656549232083,3.6815687977041054,1.3033389650631653,12.745261584479307,2.545159562096019
2025-11-20 10:00:00+00:00,91801.39,3015.3,2.121,142.26,0.1578,1.0008,136515000.0,4480000.0,3152.0,211300.0,235.0,1486.0,1469.72,0.0118042801663327,0.0109109067348318,0.0111391736449706,0.0106065032154467,0.0132725073177246,0.0102687248453965,0.0115466742158613,-0.0012779493704647,1.1804280166332726,1.091090673483186,1.1139173644970637,1.060650321544676,1.3272507317724669,1.0268724845396535,1.154667421586133,-0.1277949370464793,21.25,667.68,100.148,4071.57,0.0661398025045452,-0.0108147811895467,-0.0003394399273846,-0.0055035831289824,0.0016615597966351814,-0.001617511926319537,0.00657440682923311,0.0,-0.001617511926319537,0.001617511926319537,2.147804274592635e-05,0,0,21.752086120343623,3.079709666514297,7.903953005931507,2.06736301482206,1.829114106617811,0.6038317548972739,8.638462186317405,2.15622457927953,2.7503658588981996,1.0117339424288425,28.760175312787144,3.358991628550093
2025-11-20 11:00:00+00:00,91934.0,3023.98,2.1158,142.12,0.158,1.0007,136799000.0,4498000.0,3148.0,211500.0,234.0,1486.0,1473.77,0.009664425155353,0.0092780420448721,0.0095559648128389,0.0097769690378279,0.0049143748535036,0.0075931302921479,0.0086379551808791,-0.0010448248887312,0.966442515535304,0.9278042044872148,0.9555964812838936,0.9776969037827988,0.4914374853503656,0.759313029214792,0.8637955180879153,-0.1044824888731232,26.98,658.38,100.202,4048.38,0.2387389554091838,-0.0140267446124804,0.0005390566639142,-0.005711873360978,0.0027518371428172372,0.001443489172404,0.0065770799784041975,0.001443489172404,0.0,0.001443489172404,2.147804274592635e-05,0,0,7.606253324524771,2.0289707148316354,11.325202820488093,2.427030580302603,1.9751351280369065,0.6806368152717875,6.821524243958963,1.920082943065486,4.828457341026601,1.5745270255564825,10.5473860405735,2.3558780605563294
2025-11-21 09:00:00+00:00,82207.84,2681.42,1.903,125.5,0.13804,1.001,123192000.0,4014000.0,2852.0,188100.0,208.0,1499.0,1473.81,0.0167818135569643,0.0157130324838203,0.0168788953891292,0.0169592965690923,0.0223906883518798,0.016075679702606,0.0177447452701772,-0.0016690655675712,1.6781813556964398,1.5713032483820388,1.6878895389129234,1.695929656909234,2.239068835187985,1.6075679702606038,1.774474527017724,-0.1669065567571202,26.4,652.96,100.241,4072.25,-0.0217318406273392,-0.0082664005732668,0.0003891380641096,0.0058788711584689,2.7140908814615727e-05,-0.017312447273369003,0.00923384039169515,0.0,-0.017312447273369003,0.017312447273369003,9.178048474637849e-05,0,1,5.665833153577164,1.734453954024025,6.039584512774547,1.7983352203048957,1.339797104402034,0.2925181878731206,4.62950605055611,1.5324501778618251,3.8949090758187612,1.35967033522964,10.751562392320762,2.3750510828335445
2025-11-21 10:00:00+00:00,82703.61,2696.8,1.8977,125.09,0.13779,1.0009,124324000.0,4055000.0,2852.0,188100.0,208.0,1502.0,1475.03,0.0191301605917009,0.019392104918106,0.0188754788446368,0.0194486373341968,0.0233985127334173,0.0173687420093331,0.0200489788844115,-0.0026802368750784,1.913016059170092,1.9392104918106057,1.8875478844636808,1.9448637334196883,2.339851273341731,1.7368742009333138,2.0048978884411595,-0.2680236875078456,26.44,655.875,100.309,4069.83,0.0015140048312152,0.0044543503493805,0.0006781351543843,-0.0005944427151938,0.0008274440590927412,0.006012578187281292,0.009471667402874888,0.006012578187281292,0.0,0.006012578187281292,9.167147037838741e-05,0,0,8.157147558074161,2.098894543902792,7.267244007493162,1.9833771285433577,0.6912409219320047,-0.3692668590607551,4.224603963484435,1.440925519962213,3.079449076642288,1.124750709766082,5.769088348467005,1.7525140695043435
2025-11-21 11:00:00+00:00,82309.66,2688.42,1.8758,124.32,0.13677,1.001,123578000.0,4037000.0,2814.0,186900.0,206.0,1502.0,1470.98,0.0206658557488044,0.0208333832307687,0.0198370690032823,0.0220250298293509,0.0239284391802607,0.020067914247305,0.0214579553984934,-0.0013900411511884,2.066585574880442,2.0833383230768776,1.9837069003282304,2.202502982935095,2.392843918026077,2.006791424730503,2.1457955398493445,-0.1390041151188414,24.16,660.52,100.275,4100.46,-0.0901796419168716,0.0070571815879114,-0.0003390100937821,0.0074979329984277,-0.0027494832341945497,-0.0047747765795467245,0.009391046792432207,0.0,-0.0047747765795467245,0.0047747765795467245,9.26214075194119e-05,0,0,5.204710427145037,1.6495640669256737,6.79807515732265,1.9166395070119635,0.8222738518423767,-0.19568178631621055,4.42816059151684,1.4879842814689743,4.346342241294811,1.4693346273059387,8.365498775258855,2.1241159591117516
2025-11-24 09:00:00+00:00,85944.91,2797.72,2.0438,128.89,0.14464,1.0003,130001000.0,4228000.0,3091.0,195000.0,218.0,1512.0,1475.52,0.0251358732764377,0.0242020260429991,0.0249802795253264,0.0253456354954695,0.0214637995328601,0.024416162464208,0.0242255227746186,0.0001906396895894,2.5135873276437737,2.4202026042999147,2.4980279525326443,2.534563549546953,2.146379953286015,2.441616246420808,2.42255227746186,0.0190639689589478,21.55,665.435,100.235,4081.57,-0.114322556516857,0.0074135585461458,-0.0003989825996768,-0.0046174442192139,0.0030816247023981447,-0.011759097369388627,0.00564399255474375,0.0,-0.011759097369388627,0.011759097369388627,2.0240082134681576e-05,0,1,6.422120452708971,1.8597483517525548,16.73471165356517,2.8174851043723437,1.0644374548977615,0.06244644824501752,3.7120988646007076,1.3115974483517994,3.4750345350242235,1.2456044171038396,6.2114259269344405,1.8263904874510795
2025-11-24 10:00:00+00:00,86049.74,2799.05,2.0602,129.23,0.14562,1.0003,130134000.0,4234000.0,3115.0,195200.0,221.0,1511.0,1476.2,0.0244623816695017,0.0246958946899746,0.0242440910914489,0.0232252956641467,0.0280779532804533,0.0232670613393952,0.0249411232791051,-0.0016740619397098,2.4462381669501765,2.4695894689974685,2.4244091091448983,2.322529566414677,2.807795328045337,2.3267061339395267,2.4941123279105115,-0.1674061939709849,21.02,667.91,100.208,4092.22,-0.0249014511009519,0.0037124717798153,-0.0002694032733829,0.002605891765441,0.00046074831761178103,0.001218991555619553,0.005598547495375118,0.001218991555619553,0.0,0.001218991555619553,1.9641650808231037e-05,0,0,7.308609912328901,1.9890530932064052,8.22633351814756,2.1073404133757743,0.8521201451041326,-0.16002774671411815,4.226872860203425,1.4414624431108725,2.2658257979376537,0.8179392831889087,24.565561588384416,3.2013455266816817
2025-11-24 11:00:00+00:00,86264.72,2803.41,2.0587,129.62,0.14551,1.0002,130408000.0,4238000.0,3112.0,195800.0,219.0,1511.0,1476.1,0.0241303513201631,0.0241381728596525,0.0240725934260326,0.0233516405262343,0.0196133048101709,0.0234386968551687,0.0230612125884507,0.0003774842667179,2.413035132016317,2.4138172859652585,2.407259342603263,2.33516405262344,1.9613304810170984,2.343869685516875,2.3061212588450752,0.0377484266717999,21.26,668.21,100.261,4097.93,0.0113530074649967,0.0004490614690926,0.0005287600699848,0.0013943580826083,-6.774379300100719e-05,0.0024952068623811385,0.005585905559606647,0.0024952068623811385,0.0,0.0024952068623811385,1.9641650808231037e-05,0,0,8.946917055918135,2.191309009919842,9.448749596709805,2.2458824149423915,0.5907000952277013,-0.5264468434573449,6.43637439708034,1.8619653997626706,2.0797642244050523,0.7322545336367987,10.955108100359837,2.3938058406719382
2025-11-25 09:00:00+00:00,87231.76,2891.89,2.1997,136.29,0.14862,1.0001,130729000.0,4337000.0,3299.0,204300.0,223.0,1498.0,1468.29,0.0206702660242883,0.021399901581669,0.0214262617769251,0.0209219330725947,0.021917332315434,0.0201324091143453,0.0212671389541822,-0.0011347298398369,2.067026602428834,2.1399901581669045,2.14262617769252,2.092193307259471,2.1917332315434024,2.013240911434533,2.1267138954182263,-0.1134729839836933,20.73,668.46,99.747,4125.8,-0.0252454464661133,0.0003740639094385,-0.0051398057233065,0.0067779722091252,-0.005305016194540713,0.0025474989382896496,0.00487907114244766,0.0025474989382896496,0.0,0.0025474989382896496,6.589520101162291e-06,0,0,9.60204976893045,2.2619765932790745,8.40366973621716,2.1286684838070724,0.9162921775559018,-0.08741999403758578,6.070960459489837,1.8035168231127299,2.744448097023725,1.0095799971961594,37.6730299248844,3.62894445183502
2025-11-25 10:00:00+00:00,87411.01,2898.17,2.2087,136.62,0.14899,1.0001,130847000.0,4342000.0,3308.0,204700.0,224.0,1496.0,1467.76,0.0198647549734771,0.0207300831433276,0.0204076873453276,0.0208184569115512,0.024320466442762,0.0191382889290512,0.0212282897632891,-0.0020900008342379,1.9864754973477168,2.0730083143327693,2.0407687345327608,2.0818456911551264,2.432046644276209,1.9138288929051228,2.1228289763289165,-0.2090000834237937,20.0,670.62,99.833,4122.83,-0.0358496528936975,0.0032260983262952,0.0008618098539212,-0.0007201196146144,-0.00036102927794612327,0.0020527624813109213,0.004886489867341313,0.0020527624813109213,0.0,0.0020527624813109213,6.589520101162291e-06,0,0,8.628113687148717,2.1550259049756493,10.754340414989274,2.3753094326186113,1.5607690616923655,0.4451786880469916,8.967583580093764,2.1936162507147126,2.3048490666745303,0.8350151934693035,20.183865366352876,3.004883541001056
2025-11-25 11:00:00+00:00,87361.71,2891.01,2.196,136.29,0.14863,1.0001,130905000.0,4330000.0,3291.0,204300.0,222.0,1498.0,1468.35,0.0204824053451888,0.020020064908925,0.0206244286317436,0.0208802159642866,0.0172247281805415,0.020090724267717,0.0198463686061371,0.0002443556615799,2.048240534518886,2.002006490892505,2.062442863174363,2.0880215964286686,1.7224728180541549,2.0090724267717075,1.984636860613716,0.024435566157992,19.19,673.33,99.759,4136.17,-0.0413429635343822,0.0040328935942621,-0.0007415127198546,0.0032304181137927,0.0004018923050850276,-0.0005641612868139134,0.0048762638706457495,0.0,-0.0005641612868139134,0.0005641612868139134,6.602781682726439e-06,0,0,7.896896194886922,2.066469795549591,10.55168936332428,2.35628597632781,1.024665242190845,0.024365966262726715,9.573119817077336,2.2589591520331096,3.6046687362797742,1.2822298764398021,20.783260002573414,3.034147855107208
2025-11-26 09:00:00+00:00,86825.27,2907.21,2.1786,136.72,0.15011,1.0001,130288000.0,4360000.0,3270.0,205300.0,226.0,1500.0,1472.02,0.0193998473971952,0.0188174498269597,0.0196627231862558,0.0201010367692791,0.0227867742529859,0.0189060033141534,0.0201535662865351,-0.0012475629723816,1.939984739719525,1.8817449826959765,1.966272318625584,2.01010367692791,2.278677425298592,1.8906003314153488,2.0153566286535174,-0.1247562972381689,18.0,678.2,99.661,4141.67,-0.064017552123444,0.007206678471701,-0.00098285034489,0.0013288492672831,0.0024962857774921687,-0.006881286942942211,0.004234403845633235,0.0,-0.006881286942942211,0.006881286942942211,9.775571902442391e-06,0,0,16.748498253103655,2.8183085977205633,6.832282176456055,1.9216587578078386,1.8250798416767156,0.6016237349414549,8.143412110640465,2.0972092703951657,5.7071572132511905,1.741721038617094,11.586961537594702,2.4498804605647537
2025-11-26 10:00:00+00:00,86955.17,2914.22,2.1742,137.27,0.15046,1.0002,130542000.0,4371000.0,3264.0,206000.0,226.0,1501.0,1469.56,0.0215685899383211,0.0206366273935598,0.0215587223914899,0.0211846176609342,0.0221157001179397,0.0211899208116679,0.0214128515004489,-0.000222930688781,2.1568589938321114,2.063662739355987,2.1558722391489926,2.118461766093427,2.211570011793973,2.118992081166793,2.141285150044898,-0.0222930688781052,17.47,680.64,99.567,4165.76,-0.0298866337501992,0.0035913023203342,-0.0009436425299185,0.005799643818598,-0.0016725709132412447,0.0014949901633780627,0.004223048264025852,0.0014949901633780627,0.0,0.0014949901633780627,9.775571902442391e-06,0,0,7.230528646694006,1.9783121519892106,8.081258132044907,2.08954756982305,1.898851766843606,0.6412493702492502,10.083182095391269,2.310868896892086,2.6179733012958826,0.9624004693057919,13.314405700922496,2.5888465844674866
2025-11-26 11:00:00+00:00,87095.79,2914.0,2.1714,136.87,0.14989,1.0001,130646000.0,4370000.0,3258.0,205400.0,225.0,1500.0,1468.66,0.0213572780153221,0.0211055173429468,0.0216213957879176,0.0218117803179769,0.0220887116546077,0.0212370562271049,0.0215969366237542,-0.0003598803966493,2.1357278015322168,2.1105517342946856,2.1621395787917663,2.1811780317976925,2.20887116546078,2.123705622710492,2.159693662375428,-0.0359880396649359,17.43,680.97,99.643,4167.3,-0.0022922646140357,0.0004847203038478,0.0007630139419427,0.0003696121274856,-0.0006126158205628229,0.0016158489513209418,0.004238691715532756,0.0016158489513209418,0.0,0.0016158489513209418,9.762310320878243e-06,0,0,7.841998769477783,2.0594937469557926,6.884513369899961,1.9292744499295946,1.0083412649108665,0.008306668811063692,8.897567505112235,2.185777925348674,3.1642760502444753,1.1519242933323561,26.599276362987503,3.280884011018641
2025-11-28 09:00:00+00:00,91599.99,3055.27,2.2327,141.7,0.15225,0.9999,137578000.0,4561000.0,3328.0,211800.0,228.0,1493.0,1468.74,0.0226067210048528,0.0164021003576759,0.0148644097937493,0.0176798669163029,0.019606564683203,0.0166192211906077,0.0182319325511568,-0.001612711360549,2.260672100485284,1.6402100357675975,1.486440979374937,1.7679866916302966,1.9606564683203096,1.661922119060777,1.8231932551156849,-0.1612711360549079,16.86,681.695,99.584,4198.34,-0.03324890695822,0.0010640914214556,-0.0005922892150644,0.0074208649776057,5.4469939414936164e-05,-0.000982159552036066,0.0031683707034191144,0.0,-0.000982159552036066,0.000982159552036066,3.768100694524482e-06,0,0,8.746934723953292,2.1687033217316154,6.558832913925366,1.8808126776656353,1.724607437760105,0.5449994522718324,11.972958178112023,2.4826506217119872,5.001899312306272,1.6098177027658758,81.88233680923618,4.40528329982449
2025-11-28 10:00:00+00:00,91850.49,3060.96,2.2248,142.07,0.15227,0.9999,138193000.0,4570000.0,3322.0,212400.0,228.0,1494.0,1466.39,0.026018229659835,0.0181436462958826,0.0182611209887955,0.0195361789788426,0.0211064252144141,0.0189304447940139,0.0206131202275539,-0.00168267543354,2.6018229659835024,1.814364629588261,1.826112098879551,1.9536178978842635,2.11064252144142,1.893044479401396,2.0613120227554,-0.1682675433540038,16.83,682.1499,99.482,4203.91,-0.0017809443709948,0.0006670846763725,-0.0010247858391343,0.0013258355359404,-0.001601292278122557,0.00273098392210791,0.003215142778253096,0.00273098392210791,0.0,0.00273098392210791,3.768100694524482e-06,0,0,10.486685975988852,2.3501064502815776,7.27592190473714,1.9845705273296015,1.1260064500716647,0.11867725800630037,13.327166053132615,2.5898045124233664,3.7163368685122773,1.3127384703714091,48.267887496140354,3.8767664843919554
2025-11-28 11:00:00+00:00,91437.64,3034.02,2.1972,140.99,0.15043,0.9999,137838000.0,4543000.0,3296.0,211200.0,226.0,1493.0,1467.7,0.027085647234182,0.0202039561118236,0.0220692409489906,0.0206299516530201,0.023615113180738,0.0173395891064203,0.0227207818257509,-0.0053811927193306,2.7085647234182053,2.0203956111823684,2.2069240948990654,2.0629951653020173,2.3615113180738057,1.7339589106420306,2.2720781825750924,-0.538119271933062,16.59,682.22,99.516,4207.28,-0.0143629040003614,0.0001027580571246,0.0003417119803303,0.0008013135312179,0.0008929515366231655,-0.004504936552232053,0.0033056637634993626,0.0,-0.004504936552232053,0.004504936552232053,4.323087847563045e-06,0,0,9.214160882788969,2.220741527050346,7.828938438434927,2.057826924621765,1.0240533177703406,0.023768593396915977,5.664078041659132,1.7341441348380089,2.48540514403878,0.9104356820901904,87.22982427134544,4.468546293899311
2025-12-01 09:00:00+00:00,86704.86,2839.59,2.0462,127.02,0.13711,1.0,129850000.0,4247000.0,3062.0,191700.0,208.0,1497.0,1466.34,0.0213246899727459,0.0199806694541202,0.0205221239951127,0.0292368399216638,0.0345691461734758,0.0209092025041941,0.0251266939034237,-0.0042174913992295,2.1324689972745947,1.9980669454120248,2.0522123995112773,2.923683992166381,3.456914617347584,2.090920250419414,2.5126693903423725,-0.4217491399229577,17.2,679.675,99.169,4242.49,0.0361092796170541,-0.0037374437272807,-0.0034929698045402,0.0083340028886187,-0.0009270494590403189,-0.0018971700647369971,0.008415334916212242,0.0,-0.0018971700647369971,0.0018971700647369971,6.880976914227027e-05,0,0,8.475412178111696,2.1371692866693417,44.525025442897096,3.7960514006050308,0.9129182277448691,-0.09110896675221698,13.908499822606718,2.6325001512771706,4.121281796059068,1.416164230523346,22.736014363001875,3.1239502030840436
2025-12-01 10:00:00+00:00,86647.73,2844.02,2.0422,127.25,0.13728,0.9999,129628000.0,4252000.0,3057.0,191400.0,208.0,1496.0,1466.64,0.0200421206720928,0.0193822901361824,0.0206424832050926,0.0255589215749627,0.0330766344512045,0.0201205578475263,0.023740490007907,-0.0036199321603807,2.004212067209288,1.9382290136182423,2.064248320509265,2.555892157496276,3.3076634451204567,2.012055784752631,2.3740490007907056,-0.3619932160380746,17.14,681.11,99.285,4232.82,-0.0034944706497737,0.0021090775279439,0.0011690367864689,-0.0022819234213518,0.00020457009665708625,-0.0006591191059595047,0.008421154929030158,0.0,-0.0006591191059595047,0.0006591191059595047,6.866822296693451e-05,0,0,5.696297363993902,1.7398163785043579,34.97929395243165,3.5547562850651846,0.462250881474008,-0.7716475017962061,6.265842176515016,1.8351130049346298,2.8743342310895854,1.0558210756374988,19.445042130652475,2.967592134262729
2025-12-01 11:00:00+00:00,86149.15,2838.35,2.034,127.12,0.13706,1.0,128939000.0,4245000.0,3045.0,190200.0,208.0,1495.0,1468.15,0.0194428199412104,0.0186882981795148,0.0196847375899094,0.019122051750096,0.0336706331474645,0.0182883220379388,0.022121708121639,-0.0038333860837002,1.9442819941210443,1.8688298179514893,1.968473758990941,1.912205175009607,3.3670633147464546,1.828832203793884,2.212170812163907,-0.3833386083700228,16.87,682.01,99.27,4226.43,-0.0158780166117566,0.0013205002212268,-0.0001510916373659,-0.0015107725189338,0.0010290345361996245,-0.00577072205944873,0.008453417044329226,0.0,-0.00577072205944873,0.00577072205944873,6.988311719284342e-05,0,0,8.19774343780077,2.1038589258862492,41.12853966861938,3.716702276351111,0.8710888644344599,-0.13801128157677825,3.281306193146079,1.1882415727413902,4.857385299951062,1.580500289010958,16.2640307053408,2.7889559642571706
2025-12-02 09:00:00+00:00,86769.87,2798.05,2.012,126.77,0.1356,0.9998,129741000.0,4182000.0,3008.0,190200.0,205.0,1495.0,1467.33,0.0190148132171781,0.0185931721519998,0.0188777037704939,0.0225068482033283,0.0303063455592802,0.019061192650571,0.0218597765804561,-0.002798583929885,1.9014813217178128,1.8593172151999848,1.887770377049392,2.250684820332838,3.030634555928025,1.9061192650571048,2.1859776580456103,-0.2798583929885058,16.54,681.642,99.524,4219.29,-0.0197552069623316,-0.0005397271575642,0.0025554105075702,-0.0016907976350122,-0.000558682069936367,0.003440051565590352,0.0054835166383581935,0.003440051565590352,0.0,0.003440051565590352,1.7746403246343325e-05,0,0,25.407734669722537,3.235053642225349,11.307224232208227,2.4254418340298614,0.706371710740139,-0.347613677577901,11.94587185924922,2.480385767586688,3.247614032669815,1.1779205829322221,18.773234299581784,2.932432147932418
2025-12-02 10:00:00+00:00,87272.44,2823.13,2.0282,128.3,0.1367,0.9998,130490000.0,4219000.0,3032.0,192000.0,205.0,1494.0,1468.35,0.0182877640726051,0.0177686299170121,0.0180962341160912,0.0191661357846191,0.0213057074623248,0.0176721216140256,0.0189248942705305,-0.0012527726565048,1.8287764072605128,1.776862991701211,1.8096234116091288,1.916613578461912,2.130570746232485,1.7672121614025649,1.89248942705305,-0.1252772656504853,16.81,679.83,99.451,4169.6,0.0161922578249789,-0.0026618264200557,-0.0007337605556001,-0.0118467594990132,0.0006948986545163294,0.005775278400818706,0.005604262415282643,0.005775278400818706,0.0,0.005775278400818706,1.7728301663183288e-05,0,0,8.89735884303656,2.185754473486991,6.541630834658078,1.8781864974808633,0.8571258194131145,-0.15417055737618188,9.545312659073955,2.256050212961188,2.7835611575327968,1.0237310998506752,9.852347529965428,2.2877097547036835
2025-12-02 11:00:00+00:00,87368.92,2826.18,2.0369,128.31,0.13699,0.9998,130738000.0,4229000.0,3046.0,193000.0,207.0,1495.0,1469.35,0.0184028648928997,0.0183864427389817,0.0177355233248768,0.0236972738122109,0.028386158098181,0.017660230586288,0.02132165257343,-0.0036614219871419,1.8402864892899773,1.8386442738981712,1.7735523324876823,2.3697273812210984,2.8386158098181014,1.7660230586288073,2.132165257343006,-0.3661421987141988,16.83,682.5,99.498,4185.32,0.0011890607821904,0.0039197601441713,0.0004724829064164,0.0037630566301949,0.0006808047374642356,0.0011048930197876672,0.005454204891490042,0.0011048930197876672,0.0,0.0011048930197876672,1.6340750284541282e-05,0,0,7.318533067137689,1.9904099072260737,4.996342853865268,1.6087062155822898,0.5403471113174697,-0.6155435471943794,6.644040823565109,1.8937203361579857,2.617813600212799,0.9623394656453538,9.104074447028314,2.2087220547482023
2025-12-03 09:00:00+00:00,93178.46,3060.64,2.1836,142.09,0.1501,0.9996,138788000.0,4556000.0,3253.0,211100.0,223.0,1488.0,1466.32,0.0157986488213486,0.0151791917230479,0.0159731238311342,0.0132018190780678,0.0132005400295267,0.0151913894479174,0.014670664696625,0.0005207247512923,1.5798648821348626,1.5179191723047936,1.597312383113425,1.3201819078067834,1.3200540029526753,1.5191389447917425,1.467066469662508,0.0520724751292344,16.69,681.57,98.939,4211.66,-0.0083532705289708,-0.0013635665971643,-0.0056340448471692,0.0062737046875813,-0.0020642654494213986,0.0044401586929812,0.006537564277203557,0.0044401586929812,0.0,0.0044401586929812,7.947380475442305e-06,0,0,9.919017357817863,2.2944538597187587,4.040380788373654,1.3963389420793122,0.7238291042993477,-0.32319995824457104,7.986869509799464,2.077798881977757,2.5654996638716905,0.9421532603812383,19.521628157316353,2.9715229872051347
2025-12-03 10:00:00+00:00,92939.4,3055.61,2.1738,141.3,0.14947,0.9997,138337000.0,4547000.0,3237.0,210100.0,222.0,1489.0,1464.93,0.0160652907287555,0.0158045612986226,0.0164973296106432,0.0150022796004314,0.0138695199278637,0.0167358399720225,0.0154477962332633,0.0012880437387592,1.606529072875551,1.580456129862262,1.6497329610643208,1.5002279600431434,1.3869519927863785,1.6735839972022548,1.5447796233263311,0.1288043738759237,16.5,682.27,98.901,4216.4,-0.0114493567672089,0.0010265134641418,-0.0003841488118414,0.0011248141327317,-0.0009484009239661972,-0.0025689112422533356,0.006603382415571208,0.0,-0.0025689112422533356,0.0025689112422533356,8.222351515882955e-06,0,0,7.710672614877124,2.0426054230537867,8.175617042549918,2.1011561931459037,0.5723185073279493,-0.5580596115822717,4.431102621400321,1.4886484518228567,6.655981148061407,1.8955158711923916,14.463905387293767,2.6716562623738476
2025-12-03 11:00:00+00:00,93005.68,3073.23,2.1764,141.72,0.15004,0.9997,138498000.0,4571000.0,3241.0,210600.0,224.0,1487.0,1466.14,0.0156839436478837,0.0144735182758486,0.0156986406977484,0.0135654092799644,0.0182760290800285,0.0145321960182254,0.0155395081962947,-0.0010073121780693,1.5683943647883725,1.447351827584864,1.56986406977484,1.356540927996441,1.8276029080028569,1.4532196018225418,1.553950819629475,-0.1007312178069329,16.23,683.5601,98.922,4200.62,-0.016498999380035,0.0018891081455416,0.0002123110060905,-0.0037495499565736,0.0008256371009469632,0.0007128986989819452,0.0066077797511570275,0.0007128986989819452,0.0,0.0007128986989819452,8.222351515882955e-06,0,0,10.759730972535465,2.3758105518686032,10.964404405111386,2.3946540625752863,0.7106104578303444,-0.341630878601808,4.842250189454273,1.5773795278654672,12.689334614354935,2.5407618464946147,7.708539895976581,2.0423287916872184
2025-12-04 09:00:00+00:00,93454.7,3200.04,2.1707,143.91,0.15002,0.9997,139029000.0,4763000.0,3232.0,213900.0,224.0,1488.0,1472.54,0.0102692875886729,0.0107833367948004,0.0111240609309639,0.0093753872133159,0.0139855275692553,0.0108021065371317,0.0111075200194017,-0.0003054134822699,1.026928758867296,1.078333679480048,1.1124060930963964,0.9375387213315988,1.3985527569255307,1.080210653713176,1.110752001940174,-0.0305413482269978,16.39,683.535,98.803,4201.65,0.0098100112292387,-3.67201959869945e-05,-0.001203692141793,0.0002451718416942,0.004355704002123595,0.002078780246771217,0.004101227292595006,0.002078780246771217,0.0,0.002078780246771217,6.789044633210596e-06,0,0,10.987875601281322,2.396792446843979,7.116182001898816,1.9623713459097405,1.0782023699192569,0.07529518206608639,8.516320439983476,2.141984374315741,4.746690437131108,1.5574476251257459,79.53944843819124,4.376253105360119
2025-12-04 10:00:00+00:00,93260.0,3188.41,2.1585,143.35,0.14971,0.9998,138638000.0,4744000.0,3210.0,212600.0,222.0,1487.0,1472.78,0.0093667528089842,0.0102587947845236,0.0097528822334367,0.0069958598023609,0.0068488680999128,0.0098571813114642,0.0086446315458436,0.0012125497656206,0.9366752808984248,1.0258794784523628,0.9752882233436732,0.6995859802360949,0.6848868099912808,0.9857181311464293,0.8644631545843672,0.1212549765620619,16.4,683.275,98.915,4207.57,0.0006099420744143,-0.0003804479088334,0.0011329268147521,0.0014079786182268,0.0001629704076506755,-0.00208553553169466,0.00408859855520739,0.0,-0.00208553553169466,0.00208553553169466,6.6953010283516525e-06,0,0,13.643267436495776,2.6132461718584326,7.5875977515289,2.0265150395354325,0.8131890105260269,-0.20679171118297365,5.711880930365556,1.742548379295775,3.9362352186213503,1.3702247382329948,47.787853436495425,3.866771494998224
2025-12-04 11:00:00+00:00,92948.31,3186.55,2.151,143.06,0.14938,0.9998,138364000.0,4744000.0,3205.0,212900.0,223.0,1489.0,1473.42,0.010310927347001,0.0104094104790553,0.0112558869843391,0.0100221082785714,0.0131782247067155,0.0107761938699857,0.0110353115591364,-0.0002591176891507,1.0310927347001009,1.0409410479055303,1.1255886984339103,1.0022108278571418,1.317822470671559,1.077619386998574,1.1035311559136485,-0.0259117689150744,16.08,684.0,98.95,4216.15,-0.0197050710793327,0.0010605036557365,0.0003537765685193,0.0020371054515369,0.0004344579526627257,-0.0033477591961954545,0.004147603742855345,0.0,-0.0033477591961954545,0.0033477591961954545,7.162279846506287e-06,0,0,12.409112844365337,2.5184311095028744,6.999064331094563,1.9457764731345946,0.6552427985091888,-0.4227494272866493,6.464130551870763,1.8662685177770273,2.7829527376615406,1.0235124998848315,6.1896509176833865,1.822878690547853
2025-12-05 09:00:00+00:00,91128.56,3121.8,2.0577,136.34,0.14433,0.9996,135909000.0,4656000.0,3071.0,203300.0,216.0,1491.0,1472.14,0.0130819931094017,0.0131150855053072,0.0137915000642616,0.0128962791280595,0.0165951333382694,0.0132165681629885,0.0138959982290599,-0.0006794300660713,1.3081993109401724,1.311508550530727,1.3791500064261664,1.2896279128059571,1.6595133338269452,1.3216568162988551,1.3895998229059936,-0.0679430066071384,15.63,687.88,98.901,4243.04,-0.028384119317435,0.0056564864934482,-0.0004953222475689,0.0063576041139814,-0.0008691047410813724,-0.01073440540622883,0.0044632400717477694,0.0,-0.01073440540622883,0.01073440540622883,1.2158901505170312e-05,0,1,6.546592942477686,1.8789447528624719,9.536493804188044,2.255125892139596,0.4900251473979295,-0.7132985679740892,5.677048424687835,1.7364314541306898,2.2605725496707185,0.815618121761158,22.86380391918712,3.129555045187963
2025-12-05 10:00:00+00:00,91272.85,3134.88,2.0618,137.71,0.14487,0.9996,136199000.0,4675000.0,3074.0,205400.0,216.0,1492.0,1471.78,0.0138866631244709,0.0132527639054176,0.0130116288554595,0.0134260508768553,0.0130535295993601,0.014144123996471,0.0133261272723127,0.0008179967241582,1.3886663124470957,1.325276390541763,1.301162885545959,1.342605087685533,1.3053529599360123,1.4144123996471023,1.3326127272312729,0.0817996724158298,15.85,685.88,99.083,4244.21,0.0139773558899043,-0.0029117188053477,0.0018385329245438,0.0002757076809114,-0.0002445718645853745,0.0015821152928321425,0.004488965641259601,0.0015821152928321425,0.0,0.0015821152928321425,1.1977674069588604e-05,0,0,8.003787436592448,2.0799148592214696,8.664993982772879,2.159291228738347,0.7991893926401102,-0.22415732420820786,7.320931437066364,1.9907375653790675,2.855960332375989,1.0494081551567882,24.524850786293335,3.1996869212858576
2025-12-05 11:00:00+00:00,91351.43,3131.38,2.069,137.02,0.14432,0.9996,136373000.0,4670000.0,3087.0,204500.0,215.0,1492.0,1473.01,0.0134617193972121,0.0124542597289833,0.012909031788278,0.0132197671564293,0.0113610980824803,0.0132972884199877,0.0126811752306766,0.0006161131893111,1.346171939721219,1.2454259728983397,1.290903178827807,1.3219767156429365,1.1361098082480314,1.3297288419987785,1.268117523067667,0.0616113189311118,15.91,685.39,99.048,4212.05,0.0037783420264059,-0.0007146659970036,-0.0003533016071592,-0.0076062361021982,0.0008353737085018409,0.0008605647053006038,0.004471246609529657,0.0008605647053006038,0.0,0.0008605647053006038,1.1510695251433974e-05,0,0,8.546593421417775,2.145532773310715,10.679955352663509,2.368368653061092,2.4744582012055183,0.9060214634528369,9.172853757610397,2.2162484437001595,2.97592802813678,1.0905559325845817,21.798607193320905,3.081846077539339
2025-12-08 09:00:00+00:00,91912.02,3158.69,2.101,138.14,0.14387,0.9998,136800000.0,4699000.0,3125.0,205600.0,214.0,1488.0,1467.47,0.0142489222103923,0.0137461268821463,0.0135723105693112,0.0142252700818505,0.0136179625368686,0.014192903113458,0.0138821184561138,0.0003107846573441,1.4248922210392312,1.374612688214638,1.3572310569311297,1.4225270081850594,1.3617962536868644,1.4192903113458,1.3882118456113846,0.0310784657344154,16.56,684.43,99.148,4196.75,0.0400423066074182,-0.0014016442410955,0.0010091021865799,-0.0036390488260895,-0.003768096742706284,0.0008503046457501995,0.0061926752161404735,0.0008503046457501995,0.0,0.0008503046457501995,1.4547136943783619e-05,0,0,9.087978200317613,2.2069524632432613,7.491439800064039,2.013761008703446,0.9848739715795685,-0.01524159363100095,5.732051042065982,1.746073414683079,1.7259249121444984,0.5457630877430097,22.185020333280203,3.099417301363254
2025-12-08 10:00:00+00:00,92133.4,3160.46,2.0984,138.74,0.14384,0.9998,137104000.0,4706000.0,3124.0,206500.0,214.0,1489.0,1469.24,0.012838692140942,0.0134652947832356,0.0132812446400536,0.0130377338218148,0.0126080030661541,0.0136518605346398,0.01304619369044,0.0006056668441997,1.283869214094202,1.346529478323566,1.3281244640053649,1.3037733821814834,1.2608003066154172,1.3651860534639848,1.3046193690440069,0.060566684419978,16.72,684.04,99.212,4182.92,0.0096154586994416,-0.0005699796276985,0.0006452914117849,-0.0033008489730939,0.0012054307128224195,0.002405711663660881,0.006196720268409582,0.002405711663660881,0.0,0.002405711663660881,1.4547136943783619e-05,0,0,10.085358684097987,2.3110847368716825,9.387750902601075,2.2394057440407895,1.0117293884191674,0.01166113235892594,5.712138437272576,1.7425934609607785,2.2381462012456024,0.8056479344966972,17.797851616410178,2.879077754306433
2025-12-08 11:00:00+00:00,91968.29,3142.25,2.0904,138.37,0.14325,0.9998,136741000.0,4670000.0,3109.0,205600.0,213.0,1488.0,1469.33,0.011908616926481,0.0114788352464054,0.0122131601806927,0.0112576581562429,0.0119653139624169,0.0129090534678435,0.0117647168944478,0.0011443365733957,1.1908616926481042,1.1478835246405472,1.221316018069274,1.1257658156242911,1.1965313962416957,1.2909053467843543,1.1764716894447824,0.114433657339572,16.95,682.695,99.167,4191.77,0.0136622261699037,-0.001968194908577,-0.0004536770602925,0.0021135118540183,6.125428356540397e-05,-0.0017936830918525715,0.006211464910239717,0.0,-0.0017936830918525715,0.0017936830918525715,1.4637820641520418e-05,0,0,6.647581667120661,1.8942531294481644,9.647775638871506,2.2667273850369383,1.140067070355064,0.13108709432056603,4.48655969290713,1.5010861926729542,2.8953191925528627,1.063095361442102,12.729682114275043,2.5439364408730034
2025-12-09 09:00:00+00:00,90131.59,3106.0,2.0582,132.35,0.14012,0.9998,134086000.0,4625000.0,3062.0,197000.0,209.0,1488.0,1468.96,0.0127364302782744,0.0136786876056989,0.0127625706365841,0.0132866257234403,0.0153977282390997,0.0131641838660727,0.0135724084966195,-0.0004082246305467,1.2736430278274424,1.3678687605698905,1.2762570636584147,1.3286625723440304,1.5397728239099795,1.3164183866072765,1.3572408496619517,-0.0408224630546748,16.85,684.17,99.149,4204.83,-0.0059171770280883,0.0021582242175153,-0.0001815284702129,0.0031107854445338,-0.00025184716413662045,-0.004064993361780012,0.004189976346722415,0.0,-0.004064993361780012,0.004064993361780012,1.1467398169127583e-05,0,0,12.56140994229817,2.5306294112921592,10.016567124339108,2.3042404345937553,1.7202584835467185,0.5424745606660967,6.372024606554136,1.851917253709231,1.9793722341001188,0.682779740949573,46.624151616043044,3.84211868189587
2025-12-09 10:00:00+00:00,90298.45,3107.66,2.0553,132.74,0.14027,0.9999,134232000.0,4625000.0,3056.0,197600.0,208.0,1487.0,1470.5,0.0109059124959471,0.0120761960197317,0.0111442087683244,0.0123253168883066,0.0084015606274652,0.0113218054209365,0.010970638959955,0.0003511664609814,1.090591249594719,1.2076196019731755,1.1144208768324448,1.2325316888306626,0.8401560627465221,1.1321805420936526,1.0970638959955048,0.0351166460981478,16.58,684.8401,99.149,4213.44,-0.0161535070912219,0.0009789556023234,0.0,0.0020455516399984,0.0010478115986600756,0.0018495816724133363,0.004172892934622013,0.0018495816724133363,0.0,0.0018495816724133363,1.1467398169127583e-05,0,0,15.966491665175779,2.77049225526129,9.522114750862421,2.253616961829982,1.0225326143483873,0.02228250509937108,11.29183212279303,2.424079643365482,2.953568572341984,1.083014124811357,33.610268769428046,3.514831638415188
2025-12-09 11:00:00+00:00,90384.55,3118.35,2.0689,132.95,0.14087,0.9999,134449000.0,4639000.0,3079.0,197900.0,210.0,1487.0,1469.62,0.0121813306456919,0.0122655584920123,0.0126634508452887,0.0128669468140292,0.0143684351759452,0.0119273790990102,0.0128691443945935,-0.0009417652955832,1.2181330645691937,1.2265558492012385,1.2663450845288748,1.2866946814029223,1.4368435175945216,1.1927379099010205,1.28691443945935,-0.0941765295583296,16.56,684.67,99.226,4212.64,-0.0012070007500351,-0.0002484099983997,0.0007763075374116,-0.0001898866382479,-0.0005986150403920476,0.0009530504421224606,0.004183202372986843,0.0009530504421224606,0.0,0.0009530504421224606,1.1333344042711007e-05,0,0,19.782160258022337,2.9847805344890777,8.782780064005378,2.1727929935199297,0.9381656992989198,-0.06382869387238214,8.820314597519657,2.1770575380356108,3.229850443621913,1.1724358338783438,14.666225511533092,2.685547266038669
2025-12-10 09:00:00+00:00,92920.01,3347.89,2.0887,138.97,0.14737,0.9998,137997000.0,4976000.0,3103.0,206400.0,218.0,1484.0,1470.11,0.0102074465086423,0.0110190988036111,0.0105455107138201,0.0102731331809733,0.0062307344115286,0.0096502026187663,0.0096551847237151,-4.982104948769023e-06,1.020744650864236,1.1019098803611185,1.054551071382015,1.0273133180973335,0.623073441152866,0.9650202618766368,0.9655184723715136,-0.0004982104948769,17.11,683.0,99.091,4192.62,0.0326729389469884,-0.0024421107869248,-0.0013614568680706,-0.0047636927017347,0.0003333639514773168,0.003395879646895139,0.006756673602285816,0.003395879646895139,0.0,0.003395879646895139,5.7391573007189384e-06,0,0,9.964477455755917,2.2990265143325814,8.1894706550385,2.102849262691738,1.2478943562346814,0.22145761591120444,5.250521817805227,1.6583274655319515,2.4822658751694457,0.9091718023867709,9.36196608109563,2.2366553198309003
2025-12-10 10:00:00+00:00,92272.66,3312.36,2.0696,136.97,0.14563,0.9999,137310000.0,4930000.0,3082.0,203900.0,217.0,1487.0,1470.66,0.0118516549463958,0.0120386705741977,0.0125907092687878,0.0122306644708718,0.0132033195316083,0.011211778977797,0.0123830037583723,-0.0011712247805752,1.185165494639584,1.2038670574197718,1.2590709268787803,1.2230664470871844,1.320331953160836,1.1211778977797016,1.2383003758372313,-0.1171224780575297,16.99,683.76,99.021,4193.8,-0.0070381522202613,0.0011121192869723,-0.0007066710034031,0.0002814073246479,0.0003740516983050668,-0.006991125908447415,0.006961558290101376,0.0,-0.006991125908447415,0.006991125908447415,7.775650695209134e-06,0,1,9.234065725902877,2.2228994418743753,6.471805787670537,1.8674551712204224,1.5809805479674712,0.45804525452575684,3.7075741999020893,1.3103778082894513,3.142872958792782,1.1451373366334983,7.066103232900016,1.9553091586377624
2025-12-10 11:00:00+00:00,92120.45,3318.39,2.0717,137.24,0.14587,0.9998,137009000.0,4932000.0,3082.0,204200.0,217.0,1486.0,1470.34,0.011521861824681,0.0108294113302815,0.0117844398385353,0.0119458091660817,0.0117564429505852,0.0108527683745871,0.011567593022033,-0.0007148246474458,1.1521861824681068,1.082941133028159,1.1784439838535388,1.1945809166081789,1.17564429505852,1.0852768374587152,1.1567593022033007,-0.0714824647445855,16.98,683.11,98.958,4204.66,-0.0005887548006393,-0.0009510780820356,-0.0006364311581172,0.0025861898617094,-0.0002176130576421187,-0.0016509297399629475,0.006980979264884528,0.0,-0.0016509297399629475,0.0016509297399629475,7.889216070471389e-06,0,0,12.761515061997299,2.546434006134416,6.065273553682169,1.8025796450362803,1.2645337143338782,0.2347034489582009,6.0216262822924165,1.7953573693979201,4.154358414234884,1.4241580034446466,11.439617029022878,2.4370825089072876
2025-12-11 09:00:00+00:00,90234.19,3198.56,2.013,130.95,0.13777,0.9997,134677000.0,4779000.0,3004.0,195400.0,206.0,1492.0,1471.02,0.0146207318789237,0.0156964891247191,0.0144661865080684,0.0143795359383898,0.016468640367905,0.0145665825891532,0.0151263167636012,-0.000559734174448,1.4620731878923765,1.5696489124719104,1.4466186508068413,1.437953593838981,1.6468640367905074,1.456658258915322,1.5126316763601233,-0.0559734174448012,15.99,686.21,98.225,4230.63,-0.0600726540373384,0.0045278025532216,-0.007434752249547,0.006157484106291,0.0004623711562778965,0.0005595897227195223,0.003768864503780068,0.0005595897227195223,0.0,0.0005595897227195223,1.1711350976750462e-05,0,0,14.466297575891877,2.6718216389255853,7.233217595547379,1.9786839711347233,1.2566746759795413,0.22846908623002024,10.074172900336329,2.309975010203407,2.94276051544334,1.0793480916430678,22.436271808466735,3.1106789264089847
2025-12-11 10:00:00+00:00,90320.15,3196.13,2.0161,130.83,0.13807,0.9997,134801000.0,4774000.0,3010.0,195500.0,207.0,1492.0,1468.61,0.0162533324400586,0.0170715308819113,0.0165949427918814,0.0174965357743039,0.0208561266690552,0.0162314939434542,0.0176544937114421,-0.0014229997679878,1.6253332440058663,1.707153088191138,1.659494279188145,1.749653577430399,2.085612666905523,1.6231493943454245,1.765449371144214,-0.1422999767987896,15.86,684.595,98.26,4256.63,-0.0081633106391612,-0.0023562807944452,0.0003562612959786,0.0061268492618111,-0.0016396625017023325,0.0009521787899924306,0.003584488187090221,0.0009521787899924306,0.0,0.0009521787899924306,9.674857582260269e-06,0,0,10.291962194682991,2.3313632211405975,7.244408271350615,1.9802298983654483,1.4521765231150574,0.37306348140657003,6.820042695583335,1.9198657321852375,3.714035629567589,1.3121190561983351,13.508777667821041,2.6033396717738677
2025-12-11 11:00:00+00:00,90242.35,3192.75,2.0083,130.93,0.13801,0.9997,134700000.0,4765000.0,2998.0,195500.0,207.0,1492.0,1471.81,0.0141576013135862,0.0140193489820108,0.0142646536113344,0.0145088606952212,0.019079441112475,0.0140220098520162,0.0152059811429255,-0.0011839712909092,1.4157601313586232,1.4019348982010849,1.4264653611334444,1.4508860695221282,1.907944111247506,1.4022009852016293,1.520598114292557,-0.118397129090928,15.46,687.41,98.176,4273.84,-0.0255441730474257,0.0041034893459714,-0.000855240435766,0.0040349531384418,0.00217656067045624,-0.0008617515244253582,0.003580833081015895,0.0,-0.0008617515244253582,0.0008617515244253582,9.592234527408406e-06,0,0,13.061194039323889,2.5696455468761084,7.936552475111449,2.071478983878955,1.6825172136050137,0.5202910134532144,8.25531922394694,2.110857746999571,2.7910496948586196,1.0264177597910917,21.186172643350897,3.0533487350767623
2025-12-12 09:00:00+00:00,92520.56,3251.38,2.0357,138.25,0.14093,0.9997,137662000.0,4838000.0,3028.0,205700.0,210.0,1488.0,1476.55,0.0076916598287002,0.0077434315817932,0.0073814193424321,0.0076761827443045,0.0091777920248585,0.0080569800956202,0.0079340971044177,0.0001228829912025,0.7691659828700237,0.7743431581793248,0.7381419342432194,0.7676182744304594,0.9177792024858578,0.8056980095620281,0.7934097104417771,0.012288299120251,15.36,683.74,98.43,4346.49,-0.00648931543975,-0.0053531834797526,0.0025838493363838,0.0168559022938605,0.003215349607033069,0.001927590738624474,0.004981457783928991,0.001927590738624474,0.0,0.001927590738624474,8.074694313484328e-06,0,0,14.511846020453323,2.6749652828185098,10.664982664843278,2.3669657264970776,0.8200580943407426,-0.19838009447634802,9.937654695137885,2.296331046665617,5.39148910946981,1.684821619393558,12.944149461132646,2.5606439069995224
2025-12-12 10:00:00+00:00,92492.32,3244.06,2.038,138.35,0.14109,0.9998,137580000.0,4831000.0,3032.0,205800.0,210.0,1489.0,1478.37,0.0061587099075923,0.0073143444043795,0.0063333750271326,0.0061971108018026,0.0067923808903955,0.0073918299017934,0.0065591842062605,0.0008326456955328,0.6158709907592375,0.7314344404379503,0.6333375027132604,0.619711080180263,0.6792380890395577,0.7391829901793434,0.6559184206260538,0.0832645695532896,16.97,681.08,98.433,4290.26,0.0996803515266089,-0.0038979548482789,3.047804818834265e-05,-0.0130212856685627,0.0012318439958747263,-0.0003052760458537307,0.004989057234645799,0.0,-0.0003052760458537307,0.0003052760458537307,8.078577374491499e-06,0,0,17.423918965731534,2.85784391545272,5.894458731745264,1.774012711579598,1.0847133010099463,0.08131571337471605,11.491100159599712,2.4415728365894123,1.5796570121542106,0.45720774255834656,20.012321302231655,2.9963481489753665
2025-12-12 11:00:00+00:00,92418.19,3242.59,2.0422,138.71,0.1411,0.9997,137480000.0,4824000.0,3038.0,206200.0,209.0,1489.0,1477.71,0.0066832731193626,0.006760221900103,0.0067005024471369,0.0059853979677819,0.0023746158729012,0.0079425828140942,0.0057008022614571,0.002241780552637,0.6683273119362676,0.6760221900103058,0.6700502447136936,0.5985397967781969,0.237461587290122,0.7942582814094212,0.5700802261457172,0.224178055263704,16.61,681.43,98.382,4281.53,-0.0214421556209312,0.0005137577084912,-0.0005182531935217,-0.0020369148143899,-0.00044653731358224036,-0.0008017932995958432,0.004988104469908227,0.0,-0.0008017932995958432,0.0008017932995958432,8.074421408050973e-06,0,0,11.923967882750718,2.478550482315948,17.805289247641834,2.8794955619020186,0.5662506768975872,-0.5687184067814802,8.534587101106636,2.1441269779357865,13.274869543198252,2.5858727398253456,16.059592230502517,2.7763063178166054
2025-12-15 09:00:00+00:00,89865.12,3153.79,1.9982,132.74,0.13711,0.9998,133685000.0,4686000.0,2970.0,197400.0,203.0,1488.0,1467.26,0.0138750684249036,0.0126571521710312,0.0130022654018648,0.0135338478849911,0.0090665945806722,0.0143380583754115,0.0124269856926926,0.0019110726827189,1.3875068424903605,1.265715217103125,1.3002265401864888,1.3533847884991124,0.9066594580672273,1.4338058375411578,1.2426985692692627,0.191107268271895,16.77,679.77,98.22,4323.77,0.0095866522099137,-0.002439025599358,-0.0016479998846881,0.0098172845232138,-0.0070968762738177205,0.001058924375064052,0.0029366351740505864,0.001058924375064052,0.0,0.001058924375064052,3.4696957282775813e-06,0,0,10.819149896396945,2.381317702531072,8.556470094931358,2.1466877330174414,1.0919709548363474,0.08798427883376365,5.005010432875112,1.6104394972555434,3.749138983652598,1.3215262092598958,10.954487190428422,2.393749161402117
2025-12-15 10:00:00+00:00,89858.95,3159.67,1.9943,132.64,0.13708,0.9999,133581000.0,4697000.0,2965.0,197000.0,203.0,1486.0,1467.77,0.0128038507879559,0.0127933162542179,0.0129224613004186,0.0118909368867454,0.0089367361656815,0.012521454220679,0.0118694602790039,0.0006519939416751,1.2803850787955984,1.279331625421798,1.292246130041863,1.1890936886745471,0.893673616568158,1.2521454220679074,1.186946027900393,0.0651993941675144,16.74,682.87,98.235,4318.52,-0.0017905107737883,0.0045499990432418,0.0001527067270279,-0.0012149559077059,0.00034752626387657415,-6.866080878786818e-05,0.0029121504246829816,0.0,-6.866080878786818e-05,6.866080878786818e-05,3.327310567959107e-06,0,0,14.018895128853915,2.640406071714572,8.08032444913089,2.089432026322237,1.4227144152736633,0.3525666069591155,5.044684367014337,1.6183350883229894,2.5233442754091384,0.9255851151294964,15.956215129170245,2.769848416602699
2025-12-15 11:00:00+00:00,89641.28,3156.73,1.9875,132.26,0.13682,0.9998,133217000.0,4686000.0,2953.0,196400.0,203.0,1486.0,1468.91,0.0117108617127124,0.0105775804675884,0.0114889023303077,0.0109223020632482,0.0100695163576485,0.0118368446343821,0.010953832586301,0.000883012048081,1.1710861712712406,1.05775804675885,1.1488902330307749,1.092230206324829,1.0069516357648522,1.183684463438217,1.095383258630109,0.0883012048081078,16.6,680.66,98.315,4297.62,-0.0083983696988312,-0.0032415890155768,0.0008140422733937,-0.0048513698689856,0.0007763869793535605,-0.0024252905602981656,0.0027200544994998325,0.0,-0.0024252905602981656,0.0024252905602981656,2.307608766107509e-06,0,0,9.454103633152597,2.24644889414221,6.420107804578274,1.8594349095512712,0.5846014547537214,-0.5368249378480785,6.530900062092378,1.8765447687198986,1.291164160243736,0.2555442612119286,5.377959161645096,1.6823089642226567
2025-12-16 09:00:00+00:00,86350.0,2926.93,1.8793,126.29,0.12892,1.0,128517000.0,4355000.0,2798.0,188000.0,192.0,1490.0,1471.01,0.011771896778892,0.0114867502802817,0.0121292392397891,0.0119831023863099,0.0124307022031839,0.0129094975561008,0.0119603381776913,0.0009491593784094,1.177189677889201,1.1486750280281788,1.212923923978915,1.1983102386309952,1.2430702203183983,1.2909497556100824,1.1960338177691376,0.0949159378409447,16.73,677.66,98.034,4324.13,0.0078008196362349,-0.0044172284557024,-0.0028622523347783,0.0061495829836903,0.0014286105452958608,0.0007973067628430641,0.005235326055641526,0.0007973067628430641,0.0,0.0007973067628430641,2.474918322159515e-05,0,0,9.450394684298853,2.2460565061677658,9.6635810329152,2.268364286870555,0.5132466530531062,-0.6669987441893905,8.588934417765435,2.1504746791472327,2.274360510532123,0.8216989186169197,23.6323876284261,3.162618128346872
2025-12-16 10:00:00+00:00,86980.01,2947.98,1.9067,128.46,0.13087,1.0,129541000.0,4395000.0,2842.0,191100.0,195.0,1489.0,1472.95,0.0111132167017919,0.0121534082134282,0.0119375282823763,0.0099613742888471,0.0115946042508716,0.0108965002206455,0.011352026347463,-0.0004555261268174,1.1113216701791997,1.2153408213428252,1.1937528282376375,0.9961374288847136,1.1594604250871663,1.0896500220645589,1.1352026347463084,-0.0455526126817495,16.82,677.11,98.081,4319.76,0.0053651395460692,-0.0008119459837701,0.0004793106177478,-0.0010111189226851,0.0013179528803481944,0.007269517545756443,0.005537996277713451,0.007269517545756443,0.0,0.007269517545756443,2.474898679215084e-05,1,0,6.914912567112582,1.9336803210906663,5.055417157936052,1.6204603728926652,0.6072074873923009,-0.49888472196175493,4.420885690170045,1.4863400584071498,1.3007214996299816,0.2629191102274803,11.360512682822849,2.4301435428048337
2025-12-16 11:00:00+00:00,87261.45,2957.93,1.9208,128.63,0.13165,1.0,130001000.0,4408000.0,2860.0,191700.0,196.0,1490.0,1472.78,0.0115477533096279,0.0118492539395367,0.0109880172949252,0.011910180715577,0.010874706427931,0.0116921739838944,0.0114339823375196,0.0002581916463748,1.1547753309627984,1.184925393953673,1.0988017294925267,1.1910180715577037,1.0874706427931091,1.1692173983894438,1.143398233751962,0.0258191646374816,16.54,677.34,98.056,4300.88,-0.0167869649492566,0.0003396212517419,-0.0002549238556257,-0.0043801922330821,-0.00011542130486486002,0.0032304624256056513,0.005610411947194028,0.0032304624256056513,0.0,0.0032304624256056513,2.4503902029572864e-05,0,0,5.823325511915155,1.7618714923599224,4.460440713642513,1.4952475758681723,0.758537039416796,-0.27636364893123955,5.010246448856781,1.6114851052754957,3.5710099617828956,1.2728484582423871,10.821265882777748,2.381513261286425
2025-12-17 09:00:00+00:00,86417.46,2923.25,1.902,126.75,0.1297,1.0001,128903000.0,4363000.0,2839.0,189100.0,193.0,1491.0,1473.29,0.0124493049688614,0.0130503094755793,0.0131334136688534,0.0126405629510402,0.0100179493796064,0.0119195235890485,0.0122583080887881,-0.0003387844997396,1.244930496886143,1.3050309475579391,1.3133413668853455,1.2640562951040213,1.0017949379606428,1.1919523589048575,1.2258308088788183,-0.0338784499739609,16.35,679.02,98.32,4338.44,-0.0115537922522825,0.0024772197043949,0.0026887212189157,0.0086951835670312,0.00034622395604611,0.00025229566037232587,0.004823272532285709,0.00025229566037232587,0.0,0.00025229566037232587,1.0052372611320211e-05,0,0,9.171794486305066,2.216132958105405,7.557575136099838,2.022550389547274,1.1123958483879621,0.10651611124913528,4.967839032558415,1.6029849432524774,6.060383551584903,1.8017730904190905,23.857535015728967,3.1721001010113894
2025-12-17 10:00:00+00:00,86624.49,2920.44,1.9071,126.58,0.12979,1.0001,129194000.0,4355000.0,2843.0,188700.0,194.0,1491.0,1475.36,0.0108894155363896,0.0107456164849657,0.0104280381581527,0.0104359841821692,0.0131237417473133,0.0104997525407422,0.0111245592217981,-0.0006248066810559,1.0889415536389668,1.0745616484965748,1.042803815815274,1.043598418216929,1.3123741747313344,1.0499752540742202,1.1124559221798158,-0.0624806681055956,17.54,674.6,98.311,4330.21,0.0702560896007744,-0.006530659578356,-9.154202548256052e-05,-0.001898796807513,0.0014040325844373314,0.0023928313195913375,0.00460282159803791,0.0023928313195913375,0.0,0.0023928313195913375,1.0052372611320211e-05,0,0,7.215213582867808,1.9761917944027663,11.36817468871595,2.4308177573829215,1.3317634808142957,0.28650398939508454,8.5557201555792,2.1466000832962004,5.003222462890998,1.6100821974161494,27.668406620545994,3.3202912070502544
2025-12-17 11:00:00+00:00,86983.26,2928.71,1.9133,127.62,0.1303,1.0001,129579000.0,4364000.0,2850.0,190100.0,194.0,1490.0,1475.1,0.0098979269298082,0.0101524204705305,0.0098115307955153,0.0098152233623627,0.0093362038022528,0.0100000101000001,0.0098026610720939,0.0001973490279062,0.9897926929808288,1.0152420470530554,0.9811530795515332,0.9815223362362736,0.9336203802252864,1.0000010100000178,0.9802661072093954,0.0197349027906223,17.52,674.13,98.33,4333.7,-0.0011409014357917,-0.0006969519755983,0.0001932455597675,0.000805640914729,-0.00017624370482760554,0.004133116300723216,0.004635393768759359,0.004133116300723216,0.0,0.004133116300723216,1.0052372611320211e-05,0,0,12.254385516581129,2.5058838742771035,13.633502436201686,2.6125301779370975,0.9448978524283509,-0.05667844999923955,17.724490670263023,2.874947336900282,4.304305641073867,1.4596158335988179,22.570692657335194,3.1166522796511913
2025-12-18 09:00:00+00:00,87280.95,2852.72,1.87,123.7,0.12589,1.0003,130000000.0,4253000.0,2784.0,184200.0,188.0,1491.0,1473.63,0.0107306446500741,0.0116907554464991,0.0102739856517142,0.0104887248466685,0.0133936098990037,0.0114837741833127,0.0113155440987919,0.0001682300845207,1.0730644650074117,1.1690755446499113,1.0273985651714224,1.0488724846668518,1.3393609899003731,1.14837741833127,1.131554409879194,0.016823008452076,16.84,678.95,98.453,4329.09,-0.0395860766940647,0.007124516492853,0.0012501081497733,-0.0010643223338373,-0.0009970394859992737,0.003465745708226109,0.00827502277612155,0.003465745708226109,0.0,0.003465745708226109,3.6684038448820126e-05,0,0,8.991285860459447,2.1962558705645545,5.403972988371346,1.6871344216345618,0.5157375162440061,-0.6621573323765467,2.9544711357962825,1.0833196621827719,4.392859306811283,1.4799803378045386,12.49413619551769,2.5252594298857987
2025-12-18 10:00:00+00:00,87341.95,2859.42,1.8767,123.93,0.12635,1.0002,129997000.0,4255000.0,2792.0,184400.0,188.0,1490.0,1475.46,0.0087487418243348,0.0085424294671854,0.0083077836916689,0.0084561685721067,0.0084518402371329,0.0096526233093965,0.0085013927584857,0.0011512305509107,0.8748741824334827,0.854242946718542,0.8307783691668957,0.8456168572106737,0.8451840237132968,0.9652623309396536,0.8501392758485781,0.1151230550910754,16.02,679.77,98.335,4338.16,-0.0499190671739673,0.001207018516772,-0.0011992602612211,0.0020929368163695,0.0012410609611004375,0.0006986483729374271,0.008264630289570179,0.0006986483729374271,0.0,0.0006986483729374271,3.6684038448820126e-05,0,0,8.862796940938113,2.181862396621425,7.921211332595503,2.0695441401660677,0.5382602731153974,-0.6194130567787951,4.833724139150969,1.5756172138657811,1.87534735736925,0.6287938995279664,28.70514007315302,3.35707620335523
2025-12-18 11:00:00+00:00,87300.74,2859.09,1.8785,124.07,0.12614,1.0002,129857000.0,4252000.0,2794.0,184600.0,188.0,1488.0,1473.36,0.0095749481712683,0.009384320473093,0.0095000093145705,0.0098480690035336,0.0115704809063748,0.0097345248331015,0.009975565573768,-0.0002410407406665,0.957494817126836,0.9384320473093012,0.9500009314570512,0.9848069003533632,1.1570480906374805,0.9734524833101554,0.9975565573768064,-0.0241040740666508,17.1,675.63,98.48,4361.08,0.0652405218684011,-0.0061089167404455,0.0014734651955814,0.0052694380278968,-0.0014242987737533852,-0.00047193502075515426,0.008226194662085705,0.0,-0.00047193502075515426,0.00047193502075515426,3.669331855981242e-05,0,0,7.090771349219011,1.9587941285924118,4.08671944354723,1.4077425561645336,0.9080690085581405,-0.09643490265405193,11.077055770375315,2.4048759213127067,4.075392588424493,1.4049670827700242,7.0577622100456425,1.9541280338447304
2025-12-19 09:00:00+00:00,88105.03,2955.23,1.865,124.72,0.12799,1.0003,131109000.0,4402000.0,2779.0,185600.0,190.0,1489.0,1476.66,0.007746482005613,0.0087376729361572,0.0090883676367095,0.0077698446888534,0.005303167863617,0.0080542805857874,0.00772910702619,0.0003251735595974,0.7746482005613009,0.8737672936157237,0.9088367636709505,0.7769844688853444,0.5303167863617064,0.8054280585787499,0.7729107026190052,0.0325173559597447,15.43,679.1012,98.656,4332.43,-0.102764797133545,0.005124570241672,0.0017855698275415,-0.0065911475849524,0.002237273900843384,2.553802808158423e-05,0.008028501554851988,2.553802808158423e-05,0.0,2.553802808158423e-05,3.0184443694290894e-05,0,0,9.448332188211559,2.2458382379098674,10.204016653891435,2.3227814323726506,1.1828460846557227,0.1679234705771481,8.194577908423176,2.103472704880684,5.740371992658525,1.7475240153149534,59.3454510384967,4.0833754717575665
2025-12-19 10:00:00+00:00,88267.09,2954.33,1.8673,124.74,0.12819,1.0004,131398000.0,4396000.0,2783.0,185700.0,191.0,1489.0,1478.33,0.006974692135111,0.0065313100275368,0.0081559530419563,0.007012296778452,0.0078776843779286,0.0068148776962804,0.0073103872721969,-0.0004955095759165,0.6974692135111038,0.6531310027536819,0.8155953041956376,0.7012296778452054,0.7877684377928684,0.6814877696280419,0.7310387272196994,-0.0495509575916574,15.41,680.165,98.652,4348.92,-0.0012970170430448,0.0015652566321371,-4.054574574308134e-05,0.0037989528891309,0.0011302915934017221,0.0018377059323047007,0.008033760920389052,0.0018377059323047007,0.0,0.0018377059323047007,3.0184443694290894e-05,0,0,10.832595516954594,2.3825596922209864,8.842747034387667,2.179597578872959,1.2439459971146043,0.21828858269513834,8.599517454875315,2.1517060917870237,8.79611274325119,2.1743098901696234,17.110588886338043,2.8396975049820816
2025-12-19 11:00:00+00:00,88198.7,2964.96,1.8705,125.36,0.12822,1.0004,131300000.0,4411000.0,2785.0,186600.0,191.0,1490.0,1477.49,0.0075764124121182,0.0069169900343484,0.0077270976020002,0.0074606815091202,0.008214744766072,0.0080638368480856,0.0075791852647318,0.0004846515833537,0.7576412412118261,0.6916990034348425,0.7727097602000299,0.746068150912027,0.8214744766072091,0.8063836848085648,0.7579185264731869,0.0484651583353779,15.4,680.68,98.648,4349.45,-0.0006491399124408,0.0007568827082957,-4.0547389767553454e-05,0.0001218619122109,-0.0005683702137559976,-0.0007751077806510409,0.008035493737700726,0.0,-0.0007751077806510409,0.0007751077806510409,3.0200196586282997e-05,0,0,10.141495861975846,2.3166355081878143,8.143172513397099,2.097179847744694,0.9499943207446209,-0.0512992725689768,7.345311404467061,1.994062205523182,1.1532918071641378,0.1426202944043016,31.969621610765333,3.464786127242099
2025-12-22 09:00:00+00:00,89829.6,3041.67,1.9223,126.23,0.13232,1.0002,133750000.0,4532000.0,2864.0,188000.0,197.0,1490.0,1479.84,0.0061426588004616,0.0068459900359685,0.0067858094743797,0.0064228880881647,0.0060648407625492,0.0066642742378111,0.0064524374323047,0.0002118368055063,0.6142658800461609,0.684599003596853,0.6785809474379789,0.6422888088164713,0.6064840762549206,0.666427423781113,0.645243743230477,0.021183680550636,14.65,683.76,98.276,4419.15,-0.0499271739565072,0.0045146803545268,-0.0037781117842197,0.0158979695786243,0.0015892717381102983,0.005530149087583425,0.003263376984795952,0.005530149087583425,0.0,0.005530149087583425,5.869772649477883e-06,0,0,8.094740045139782,2.091214473598496,4.573434410107836,1.5202644347209313,1.0974179656852798,0.09296011664530958,4.205293376697325,1.4363440595280195,2.954414975198718,1.0833006533217069,35.78402390524794,3.5775015341732463
2025-12-22 10:00:00+00:00,89778.94,3040.62,1.9261,126.72,0.13222,1.0002,133737000.0,4531000.0,2869.0,188700.0,197.0,1489.0,1480.43,0.0062113831567083,0.0065701267848357,0.006152567540224,0.0058630590334216,0.0064244897846499,0.0055877410942024,0.0062443252599679,-0.0006565841657654,0.6211383156708328,0.6570126784835706,0.6152567540224085,0.5863059033421658,0.6424489784649934,0.5587741094202459,0.6244325259967942,-0.0656584165765483,14.44,684.6,98.274,4432.07,-0.0144382019983964,0.0012277472383228,-2.035105571174256e-05,0.0029193736402781,0.0003986122940213832,-0.0005641157301710109,0.0032106367381977206,0.0,-0.0005641157301710109,0.0005641157301710109,5.620058745940446e-06,0,0,12.729366230154925,2.54391162579619,7.514645589301489,2.0168538616539258,1.9372144024241806,0.6612510661797278,7.418411131157206,2.0039649009822647,5.028994210629229,1.6152200059919546,38.09634719105056,3.640118403285784
2025-12-22 11:00:00+00:00,89945.43,3049.04,1.9346,127.01,0.13288,1.0002,133988000.0,4544000.0,2880.0,189200.0,198.0,1488.0,1480.23,0.0063698109972067,0.0068064727954699,0.0057084577774455,0.0063615009348394,0.0066450654057563,0.0050481746134711,0.0063782615821436,-0.0013300869686724,0.6369810997206793,0.6806472795469976,0.5708457777445552,0.6361500934839448,0.6645065405756378,0.5048174613471179,0.637826158214363,-0.133008696867245,14.48,684.645,98.253,4438.27,0.0027662534928905,6.572965395701402e-05,-0.0002137110939459,0.0013979173311629,-0.0001351050105746765,0.0018527264569012658,0.0032095351611204767,0.0018527264569012658,0.0,0.0018527264569012658,5.595383142198253e-06,0,0,9.140211920565124,2.2126835712547197,4.291639311068741,1.4566687837414705,1.1994857096489568,0.18189288963677977,4.077618651245853,1.4055131541076533,1.7691099972701652,0.5704765937251131,11.255352603591563,2.420843802485607
2025-12-23 09:00:00+00:00,87531.85,2964.0,1.8859,124.16,0.13025,1.0004,130409000.0,4420000.0,2811.0,185200.0,195.0,1490.0,1483.44,0.0043185214010963,0.005250006859353,0.0047828176845106,0.0055167120612942,0.0092224298287644,0.0040205456942499,0.0058180975670037,-0.0017975518727538,0.4318521401096342,0.5250006859353062,0.4782817684510609,0.5516712061294227,0.9222429828764422,0.4020545694249922,0.5818097567003733,-0.179755187275381,14.1,685.26,98.068,4445.22,-0.0265935895734479,0.0008978725405279,-0.001884669034486,0.0015647006791166,0.0021662339297305877,0.0006251107289472202,0.003470722599851177,0.0006251107289472202,0.0,0.0006251107289472202,1.0407751265086852e-05,0,0,8.481193723800613,2.1378512092128514,3.64274438825296,1.292737350385751,0.9209091081134442,-0.08239393585585512,7.255640979590573,1.9817792324804588,2.6977591472211935,0.9924214829412299,78.49312791557757,4.363011078479578
2025-12-23 10:00:00+00:00,87615.93,2967.15,1.8989,124.83,0.13086,1.0005,130682000.0,4427000.0,2829.0,186200.0,195.0,1490.0,1482.94,0.0057941783344381,0.0061122578726506,0.0046326148976214,0.0058590468368822,0.0048566608457327,0.0042586836378026,0.005450951757465,-0.0011922681196623,0.5794178334438183,0.6112257872650684,0.4632614897621456,0.5859046836882209,0.4856660845732774,0.4258683637802685,0.5450951757465061,-0.1192268119662376,13.69,686.53,98.066,4458.36,-0.0295091580837651,0.0018515958898079,-2.0394220277886177e-05,0.0029516238501212,-0.00033711122967083895,0.0009601035931918744,0.0034944309608236734,0.0009601035931918744,0.0,0.0009601035931918744,1.0394491825210753e-05,0,0,12.846749177490665,2.5530907970393635,5.438126040193422,1.6934345236160873,0.6453920694328565,-0.43789728727234595,10.239390075945973,2.326242054941521,3.0533012866513305,1.1162233943246391,40.05440035207897,3.6902385389415873
2025-12-23 11:00:00+00:00,87856.65,2973.63,1.9054,124.86,0.13111,1.0004,130952000.0,4434000.0,2839.0,186200.0,195.0,1490.0,1481.36,0.0061827851118907,0.0065796491245535,0.0058161811359431,0.0066899488641298,0.0040103282367407,0.0054303061407614,0.0058557784946516,-0.0004254723538901,0.6182785111890743,0.6579649124553555,0.5816181135943177,0.668994886412988,0.4010328236740745,0.5430306140761454,0.585577849465162,-0.0425472353890166,13.81,687.07,98.073,4474.37,0.0087273281208433,0.0007862551366031,7.137795138056902e-05,0.0035845742886966,-0.0010660190598965613,0.0027436782545411376,0.0035307769763146817,0.0027436782545411376,0.0,0.0027436782545411376,1.0394491825210753e-05,0,0,15.518022211798616,2.7420020718277778,7.60011194822937,2.02816297721398,0.9076713772883329,-0.09687288517541186,7.996971520485629,2.0790629100686373,6.779511834291176,1.9139050985181096,56.16030159807694,4.028210130039263
2025-12-24 09:00:00+00:00,86812.8,2919.0,1.8542,121.43,0.12756,1.0004,128049000.0,4307000.0,2735.0,179200.0,189.0,1476.0,1448.35,0.0184012029444817,0.0187491352488586,0.0184207286830475,0.0189162454854781,0.0229956097899837,0.0186832161187378,0.0194965844303699,-0.0008133683116321,1.8401202944481776,1.8749135248858684,1.842072868304756,1.89162454854781,2.299560978998372,1.86832161187378,1.9496584430369963,-0.0813368311632166,13.74,689.155,97.946,4463.55,-0.0050816806269975,0.003030030111665,-0.0012957929360952,-0.0024211461470944,-0.022535607284526193,0.00019860794787263103,0.004240853070476169,0.00019860794787263103,0.0,0.00019860794787263103,9.633338736899068e-06,0,0,3.165543410161424,1.1523247344323944,4.245952267608713,1.4459661214865316,0.566846748142259,-0.567666297251472,3.871932451178641,1.353753723802095,1.9827923907106835,0.6845061495084832,27.09127123730292,3.299211581437592
2025-12-24 10:00:00+00:00,87077.66,2927.68,1.8659,121.76,0.12759,1.0004,128601000.0,4321000.0,2753.0,179900.0,189.0,1476.0,1446.83,0.0207516496816231,0.0201009573005488,0.0197655617351724,0.021195796913862,0.0238295532200081,0.0197534168254556,0.0211287037702429,-0.0013752869447873,2.075164968162313,2.010095730054884,1.976556173517241,2.1195796913862086,2.3829553220008126,1.9753416825455616,2.112870377024292,-0.13752869447873,13.54,689.9351,97.988,4458.19,-0.014663019310074,0.0011313257679157,0.0004287157986189,-0.0012015594816432,-0.0010500211659758563,0.003046287931175229,0.004289836055620021,0.003046287931175229,0.0,0.003046287931175229,9.633338736899068e-06,0,0,9.269893199131944,2.226771858382155,6.289115951320898,1.8388205125548478,0.9777665118080853,-0.02248437793289576,9.403259801235532,2.2410564165246,3.2810458742198647,1.1881622356611243,27.98765372763748,3.3317634746346645
2025-12-24 11:00:00+00:00,87203.94,2925.02,1.8689,122.04,0.128,1.0004,128890000.0,4321000.0,2758.0,180300.0,189.0,1476.0,1444.03,0.0235449040168822,0.0230084252938307,0.0219554920693516,0.0230981794769691,0.0225289640796937,0.0217307369414581,0.0228271929873455,-0.0010964560458873,2.354490401688225,2.3008425293830737,2.1955492069351656,2.3098179476969127,2.2528964079693736,2.17307369414581,2.28271929873455,-0.1096456045887393,13.48,690.5301,97.946,4476.93,-0.004441161999968,0.000862028302988,-0.0004287157986189,0.0041946896019702,-0.0019371404188284203,0.0014491492171213594,0.0042584932766379265,0.0014491492171213594,0.0,0.0014491492171213594,9.633338736899068e-06,0,0,9.62693360694349,2.2645647542251996,5.797569701920602,1.7574388128300165,0.6544175851507995,-0.42400962188044555,8.340556819561055,2.1211299790773546,2.86832209982971,1.0537272246006386,13.423555928201498,2.597011068739771
2025-12-26 09:00:00+00:00,88811.76,2972.75,1.8767,123.68,0.12588,1.0004,129875000.0,4345000.0,2741.0,180600.0,184.0,1462.0,1442.44,0.0138117648321727,0.0132897179234867,0.012549874878462,0.0123262821194198,0.0133590060347466,0.013155094025727,0.0130673291576576,8.776486806940688e-05,1.3811764832172724,1.3289717923486766,1.2549874878462042,1.2326282119419885,1.33590060347466,1.315509402572701,1.3067329157657603,0.0087764868069406,14.16,690.705,97.892,4521.96,0.0492139827814126,0.0002532516020403,-0.0005514762341176,0.0100079845067213,-0.0011016917971211626,0.0007826350056188147,0.00512336120776129,0.0007826350056188147,0.0,0.0007826350056188147,5.209834404200561e-06,0,0,14.076473302695657,2.644504843694809,16.47040798857037,2.8015653155020677,1.2621232856065587,0.2327954500025595,15.025637904505965,2.709757935726752,4.354431520702521,1.4711940669281425,19.621494710786344,2.9766256342520716
2025-12-26 10:00:00+00:00,88748.34,2971.61,1.8788,123.75,0.12573,1.0004,129709000.0,4345000.0,2746.0,180700.0,183.0,1462.0,1441.76,0.0137173982327194,0.0141565438339095,0.0137409941110699,0.0127913246324078,0.0095299361174752,0.0136329443364149,0.0127872393855164,0.0008457049508985,1.3717398232719449,1.4156543833909518,1.3740994111069993,1.279132463240784,0.9529936117475212,1.3632944336414932,1.2787239385516402,0.0845704950898529,13.99,690.275,98.112,4546.96,-0.0120782995881838,-0.0006227461858916,0.0022448530885936,0.0055133496220278,-0.00047153457638149376,-0.0007143497069090898,0.005115526077219571,0.0,-0.0007143497069090898,0.0007143497069090898,5.162368292843863e-06,0,0,11.381584118199777,2.4319966209612636,10.80189605809952,2.379721679656297,1.8549997053888618,0.6178845372393653,15.485592675546503,2.739910086864282,2.646418003022777,0.973207028659184,15.011506559301266,2.7088170109817704
2025-12-26 11:00:00+00:00,88533.42,2964.75,1.8713,123.84,0.12537,1.0005,129409000.0,4333000.0,2736.0,180800.0,184.0,1461.0,1441.66,0.0138982917546217,0.0137660954567324,0.0141678214174478,0.0126855988328986,0.0180318098667666,0.0129086366185273,0.0145099234656934,-0.0016012868471661,1.389829175462176,1.3766095456732463,1.416782141744788,1.268559883289866,1.8031809866766668,1.290863661852737,1.4509923465693486,-0.1601286847166117,13.97,690.14,98.106,4536.71,-0.0014306154085192,-0.0001955933547961,-6.115646884463644e-05,-0.0022567980453676,-6.936207700558583e-05,-0.002424616105894728,0.005151357267702786,0.0,-0.002424616105894728,0.002424616105894728,5.4073167620507e-06,0,0,10.28110608521017,2.3303078500765673,15.397259318832567,2.734189527272127,1.5539623408467038,0.4408080179624353,12.331349259924169,2.5121447402180577,4.745683587362661,1.557235486461672,7.746535559648534,2.0472457188585103
2025-12-29 09:00:00+00:00,88100.05,2976.65,1.8761,126.07,0.12496,1.0009,127988000.0,4323000.0,2724.0,183200.0,182.0,1452.0,1434.31,0.0128615186336875,0.0125452407769537,0.0122973348822557,0.0131428647458529,0.0154471970091023,0.0114231756471361,0.0132588312095704,-0.0018356555624343,1.2861518633687563,1.2545240776953737,1.2297334882255706,1.3142864745852911,1.5447197009102354,1.142317564713613,1.3258831209570454,-0.1835655562434323,14.82,687.93,97.975,4360.51,0.0590654465990705,-0.0032073869898967,-0.0013361826948097,-0.0396130567525343,-0.005111330091747135,-0.0163809778299715,0.004653284593638511,0.0,-0.0163809778299715,0.0163809778299715,1.1911244977718717e-05,0,1,14.47108997886815,2.672152864611457,17.612983247380022,2.868636314598853,1.1124904085564866,0.10660111349883347,8.23530862554336,2.1084308402246585,3.2090153304077056,1.1659641394325146,73.72682620717458,4.300366724922525
2025-12-29 10:00:00+00:00,87780.01,2966.33,1.876,125.69,0.12528,1.0009,127658000.0,4309000.0,2725.0,182800.0,182.0,1452.0,1434.61,0.0137212638306538,0.0125656170680301,0.0125111601023668,0.0137750798422882,0.0126416582190096,0.0112116708111917,0.0130429558124697,-0.0018312850012779,1.3721263830653865,1.2565617068030166,1.2511160102366858,1.3775079842288207,1.2641658219009644,1.1211670811191787,1.3042955812469748,-0.183128500127796,14.56,687.12,98.106,4324.84,-0.017699577099401,-0.0011781391130369,0.0013361826948097,-0.0082138775173739,0.00020913793419996551,-0.0036393022976159983,0.00471490693696145,0.0,-0.0036393022976159983,0.0036393022976159983,1.246310002827843e-05,0,0,8.092726503683824,2.0909656957603744,13.807842485070333,2.625236726763718,0.934573877276386,-0.06766459980579097,16.92829945868181,2.8289867456589413,5.35335454735849,1.677723382611986,28.23139616762039,3.3404346979188335
2025-12-29 11:00:00+00:00,87567.66,2959.91,1.8717,125.08,0.1249,1.0009,127489000.0,4308000.0,2724.0,182000.0,181.0,1454.0,1434.26,0.0150818990004251,0.0147739314645412,0.0147124204311523,0.0145083569200581,0.0103881635560982,0.0128516284920356,0.013892954274455,-0.0010413257824193,1.5081899000425114,1.47739314645412,1.4712420431152395,1.450835692005814,1.0388163556098284,1.2851628492035694,1.3892954274455027,-0.1041325782419333,14.54,686.24,98.141,4342.61,-0.0013745706631667,-0.0012815286893985,0.000356693354508,0.0041004043629246,-0.00024399850933320977,-0.0024220464840976064,0.0047391392993672956,0.0,-0.0024220464840976064,0.0024220464840976064,1.2707529577075496e-05,0,0,4.269616451704981,1.451523999249441,17.375384668537734,2.855054530402204,1.5156693882326115,0.4158571817961635,7.2715923851549435,1.9839753026577096,3.921305136530851,1.3664245413817162,8.717682881894087,2.165353478056433
2025-12-30 09:00:00+00:00,87992.7,2985.45,1.869,124.84,0.12459,1.0009,128256000.0,4353000.0,2724.0,181900.0,181.0,1458.0,1442.32,0.0105770272644951,0.0109210490670088,0.0104996702744029,0.0102231427529029,0.0072418530060756,0.0099624077306519,0.009892548472977,6.985925767484177e-05,1.0577027264495165,1.092104906700886,1.0499670274402906,1.0223142752902925,0.7241853006075605,0.9962407730651934,0.9892548472977092,0.0069859257674841,14.35,686.93,98.241,4365.87,-0.0131535298997431,0.0010049739771087,0.0010184233651067,0.0053419323033914,0.005603891491103852,0.0013649078475008736,0.0021602213273047653,0.0013649078475008736,0.0,0.0013649078475008736,2.2943560680530733e-06,0,0,10.323779005046111,2.3344498756844163,7.165151571552619,1.9692292154949902,0.673991273009074,-0.3945381162114105,10.93808762070957,2.392250975562597,6.722500214958258,1.9054601411368224,14.264174153802198,2.657751089810633
2025-12-30 10:00:00+00:00,87949.51,2977.19,1.8618,124.58,0.12455,1.0009,127864000.0,4327000.0,2708.0,181100.0,181.0,1455.0,1440.93,0.0089554227729984,0.0086429566686219,0.009421964747754,0.0088514914084452,0.0085372876419917,0.0088565561757052,0.0088818246479622,-2.526847225703399e-05,0.8955422772998434,0.8642956668621915,0.942196474775403,0.8851491408445211,0.8537287641991798,0.8856556175705244,0.8881824647962278,-0.0025268472257033,14.11,688.23,98.128,4364.96,-0.0168661763409074,0.0018906896466734,-0.001150894616491,-0.0002084566996032,-0.0009641897911638608,-0.0004909566711415181,0.0020241389963697766,0.0,-0.0004909566711415181,0.0004909566711415181,1.7525442863657934e-06,0,0,6.64466049028748,1.8938135983524145,5.105959844167204,1.630408454347945,0.8078057966555845,-0.2134336000236755,4.609348110594372,1.5280864393293687,5.769895309448108,1.7526539364122693,18.89944471082095,2.939132541254141
2025-12-30 11:00:00+00:00,87903.89,2978.88,1.8623,124.3,0.12457,1.0009,127746000.0,4325000.0,2705.0,180600.0,181.0,1455.0,1439.63,0.0094581712182701,0.0085146585513038,0.0089432472067958,0.0092429610989535,0.0092859374984202,0.0097675635338654,0.0090889951147487,0.0006785684191167,0.9458171218270196,0.8514658551303844,0.8943247206795846,0.9242961098953506,0.9285937498420216,0.9767563533865432,0.908899511474872,0.0678568419116709,14.28,687.385,98.152,4377.92,0.0119761910467155,-0.0012285415705424,0.000244548605254,0.0029647003030124,-0.0009026023330589439,-0.00051884127373647,0.0019580402326836955,0.0,-0.00051884127373647,0.00051884127373647,1.519331248707581e-06,0,0,16.3385186867238,2.793525429675127,5.178442638933779,1.6445043622129816,0.5605588717093194,-0.5788210077138791,8.493814329859804,2.139338172676398,6.3318483779173835,1.845592196362106,20.010932772866873,2.996278762844857
2025-12-31 09:00:00+00:00,88660.1,2976.89,1.8709,126.3,0.12315,1.001,128763000.0,4322000.0,2717.0,183400.0,179.0,1453.0,1442.44,0.0068507840107818,0.0065241930326911,0.0067955938249311,0.0066957231767241,0.0076758667698482,0.0063146138130194,0.0069084321629953,-0.0005938183499758,0.6850784010781874,0.6524193032691139,0.6795593824931112,0.6695723176724178,0.7675866769848216,0.6314613813019454,0.6908432162995304,-0.0593818349975849,14.72,685.5288,98.458,4345.83,0.030347156389292,-0.0027040315728648,0.0031127638174766,-0.0073569611093411,0.0019499879533864117,0.002546096050751956,0.002830275668499624,0.002546096050751956,0.0,0.002546096050751956,2.420789141352962e-06,0,0,9.382083664580612,2.2388018774299896,18.338863056795745,2.9090224723655758,0.9391776212964685,-0.06275065760224562,8.733693901007973,2.167188407621641,1.5586672727770912,0.44383114380632305,10.493862609478844,2.350790572885966
2025-12-31 10:00:00+00:00,88847.26,2981.34,1.8722,126.4,0.12305,1.001,128977000.0,4331000.0,2719.0,183400.0,179.0,1452.0,1442.88,0.0060927477473662,0.0068075488383012,0.0065300679724005,0.0055925420607447,0.0081872464380912,0.0053153765728617,0.0066420306113808,-0.001326654038519,0.6092747747366234,0.6807548838301258,0.6530067972400522,0.5592542060744776,0.8187246438091211,0.5315376572861741,0.66420306113808,-0.1326654038519059,14.73,685.13,98.318,4337.45,0.0006791171738087,-0.000581909970962,-0.0014229379967281,-0.0019301468112544,0.0003049921696112179,0.0021087584126799896,0.0028477896170747397,0.0021087584126799896,0.0,0.0021087584126799896,2.4107458724805303e-06,0,0,12.559947633848564,2.530512991751788,10.63376659247009,2.364034465665982,1.585460242472861,0.4608747389788438,11.8428394157054,2.471723416220374,4.811082922900658,1.5709221986736734,27.256292203251185,3.3052844009957685
2025-12-31 11:00:00+00:00,89011.52,3002.2,1.879,126.73,0.12343,1.0009,129167000.0,4359000.0,2727.0,184000.0,180.0,1453.0,1444.62,0.0045041433044812,0.0050637866602827,0.0046267427041277,0.0050432820633117,0.0094810086186427,0.0048964266531792,0.0057437926701692,-0.00084736601699,0.4504143304481234,0.5063786660282732,0.4626742704127773,0.5043282063311727,0.948100861864276,0.4896426653179242,0.5743792670169245,-0.0847366016990003,14.67,684.97,98.369,4323.77,-0.0040816383196484,-0.0002335595952525,0.0005185904624394,-0.0031589109561327,0.001205194951072741,0.0018470839246820248,0.0028547047015909433,0.0018470839246820248,0.0,0.0018470839246820248,2.3995293613416767e-06,0,0,13.832662091515575,2.6270326138863416,30.49992196555503,3.4177241251037005,1.328579428085944,0.28411027222572777,8.287326802260887,2.1147274566222145,3.011000189064592,1.1022723122908908,20.544728298588257,3.0226043775503477
2026-01-02 09:00:00+00:00,89467.32,3048.15,1.8971,129.4,0.13277,1.001,129776000.0,4427000.0,2752.0,187700.0,192.0,1452.0,1445.72,0.0033345483041782,0.004590340655604,0.0033998146332598,0.0033346417487021,0.0002696330990772,0.0033405158325614,0.0029857956881643,0.0003547201443971,0.3334548304178231,0.4590340655604041,0.339981463325989,0.3334641748702127,0.0269633099077237,0.3340515832561452,0.2985795688164305,0.0354720144397147,14.94,682.43,98.33,4352.06,0.0182375875497808,-0.0037150839862372,-0.0003965449800054,0.0065215893504273,0.0007611561637093089,0.003237588783894907,0.0019803987110830474,0.003237588783894907,0.0,0.003237588783894907,9.688320973135125e-07,0,0,13.619254823582994,2.611484587299724,11.967153144786401,2.482165658767488,1.3594880302578567,0.3071081805336855,11.756054446488513,2.46436837992469,4.866895984715859,1.582456359083156,17.519024418370382,2.863287400074871
2026-01-02 10:00:00+00:00,89666.29,3057.25,1.8973,128.94,0.13301,1.0008,130100000.0,4432000.0,2754.0,187100.0,192.0,1451.0,1444.53,0.0044342886872872,0.0035574339182917,0.0048502930522735,0.0045222388558434,-0.0007126963890944,0.0036760246569349,0.0033303116249203,0.0003457130320146,0.4434288687287235,0.3557433918291774,0.485029305227358,0.4522238855843463,-0.0712696389094436,0.3676024656934951,0.3330311624920323,0.0345713032014627,15.26,681.88,98.253,4335.54,0.0211928461516395,-0.0008062684137692,-0.0007833841577129,-0.00380312627464,-0.0008234582248896061,0.002221471245126949,0.001992567706328591,0.002221471245126949,0.0,0.002221471245126949,9.67739377901639e-07,0,0,9.980995183159191,2.30068280310331,11.262614575680344,2.421488796084072,0.8770373388052716,-0.13120571191162672,8.561679010099738,2.1472963169592205,4.774157677383183,1.5632175557296522,28.417201026551517,3.346994631772141
2026-01-02 11:00:00+00:00,89502.95,3047.82,1.8911,128.22,0.12947,1.0009,129893000.0,4421000.0,2745.0,186200.0,188.0,1451.0,1444.59,0.0046245651554903,0.0041222628499446,0.0048083836836501,0.0052620783618118,0.0051805976086627,0.0035340645118491,0.0047995775319119,-0.0012655130200628,0.4624565155490368,0.4122262849944658,0.4808383683650108,0.5262078361811806,0.518059760866274,0.3534064511849122,0.4799577531911935,-0.1265513020062813,14.77,682.4,98.34,4325.15,-0.0326369293130226,0.0007623068947451,0.0008850773494417,-0.0023993480853121,4.153513873372816e-05,-0.0018233045499460587,0.0020527909630107,0.0,-0.0018233045499460587,0.0018233045499460587,1.1062576896455556e-06,0,0,11.466557955704566,2.439434795059142,10.17409701894006,2.319844982323266,0.9558927021622657,-0.04510960846163257,8.590968980796212,2.150711532986639,4.870739651636608,1.5832458047481843,24.210867702698476,3.1868016109809183
2026-01-05 09:00:00+00:00,92688.6,3168.18,2.1377,135.45,0.1469,1.0003,134797000.0,4604000.0,3106.0,196700.0,213.0,1453.0,1448.68,0.0038791629363033,0.0031202612628271,0.0029568057864715,0.0024273010112243,0.0008876792944607,0.0026812206496815,0.0026542420582574,2.6978591424154e-05,0.3879162936303304,0.3120261262827162,0.2956805786471506,0.2427301011224347,0.0887679294460763,0.268122064968157,0.2654242058257416,0.0026978591424153,14.84,688.59,98.53,4438.65,0.0047281411959461,0.0090300324025101,0.0019302083505898,0.0259034542929157,0.0028272527101877998,0.0023879317962531843,0.002824276694496943,0.0023879317962531843,0.0,0.0023879317962531843,1.4809733932171052e-06,0,0,15.289205515031655,2.7271470575073407,13.619172846206038,2.6114785680552983,1.5673361486894835,0.44937745771962445,13.206288357913895,2.5806931069053296,2.848929270504503,1.0469432291298535,100.15928541591558,4.606761772900575
2026-01-05 10:00:00+00:00,93080.0,3173.19,2.138,135.8,0.14725,1.0004,135438000.0,4615000.0,3110.0,197500.0,214.0,1454.0,1446.47,0.0059461355900118,0.0054632407723897,0.0056416626618307,0.0054440288756192,0.0047292346851828,0.0048038552800828,0.0054448605170069,-0.000641005236924,0.5946135590011892,0.5463240772389799,0.5641662661830749,0.5444028875619233,0.4729234685182826,0.4803855280082869,0.54448605170069,-0.064100523692403,14.85,688.635,98.406,4448.37,0.000673627509474,6.534879923947301e-05,-0.001259292525356,0.0021874607856933,-0.0015266914869718207,0.004213850770893757,0.0029173410374670767,0.004213850770893757,0.0,0.004213850770893757,1.4809733932171052e-06,0,0,8.722823388594367,2.165942968610138,8.573166439375676,2.148637143876024,1.1010598839647068,0.09627324678341828,4.427036525449138,1.487730404325667,3.7596524124094732,1.32432650962052,64.51781360275463,4.166941365558751
2026-01-05 11:00:00+00:00,93134.26,3180.27,2.1336,135.77,0.14778,1.0004,135592000.0,4632000.0,3106.0,197700.0,215.0,1455.0,1445.14,0.0074295290434254,0.0078470668442671,0.007345676238067,0.007611067925749,0.0067296873457391,0.0064203002525133,0.0073926054794495,-0.0009723052269361,0.742952904342542,0.784706684426717,0.7345676238067034,0.761106792574906,0.6729687345739199,0.6420300252513389,0.7392605479449577,-0.0972305226936187,14.68,688.35,98.335,4442.3,-0.0115138420623388,-0.0004139478702667,-0.0007217611284104,-0.0013654766048318,-0.0009199028180075786,0.000582769563786556,0.0027935707120438575,0.000582769563786556,0.0,0.000582769563786556,1.030722153375988e-06,0,0,7.1968834564046995,1.9736480790368627,3.9018679052640377,1.3614553885433285,0.7907612909812287,-0.23475913807286508,7.0385055716323235,1.9513958708792791,4.382407299847332,1.4775981852443774,11.44109625153555,2.437211807543794
2026-01-06 09:00:00+00:00,93462.72,3223.0,2.352,137.79,0.1506,1.0001,135542000.0,4677000.0,3413.0,199800.0,219.0,1450.0,1447.76,0.0017028289819431,0.0023294505043502,0.0023107712444541,0.0015697756487311,0.0044366931896659,0.0014470730635949,0.0024699039138289,-0.001022830850234,0.1702828981943183,0.2329450504350294,0.2310771244454112,0.1569775648731175,0.4436693189665996,0.1447073063594928,0.2469903913828952,-0.1022830850234024,14.66,690.605,98.575,4486.92,-0.0013633267278643,0.003270595501819,0.0024376630830742,0.0099942372131671,0.0018113316853911599,0.002384002790794426,0.0031716801047721012,0.002384002790794426,0.0,0.002384002790794426,3.01609345969039e-06,0,0,9.13921613812665,2.212574620095388,8.121737266476112,2.09454408036316,0.7909806158135847,-0.23448181743942995,7.976593313428133,2.0765114172334744,1.9169743252342988,0.6507480707731389,23.665896190751745,3.164035032522921
2026-01-06 10:00:00+00:00,93579.56,3228.94,2.3611,137.74,0.15065,1.0001,135672000.0,4679000.0,3422.0,199800.0,218.0,1449.0,1447.69,0.0014601067472979,0.0009617814546911,0.0011290175446803,0.0019817946166542,-0.0004332915348619,0.000804809378079,0.0010198817656923,-0.0002150723876133,0.1460106747297906,0.0961781454691168,0.112901754468031,0.1981794616654264,-0.0433291534861934,0.080480937807903,0.1019881765692343,-0.0215072387613313,15.01,689.06,98.595,4478.26,0.023593949186865,-0.0022396750600011,0.0002028706199581,-0.0019319194245923,-4.83517242662046e-05,0.0012493433591327374,0.003070636439717319,0.0012493433591327374,0.0,0.0012493433591327374,3.01609345969039e-06,0,0,9.59852677373116,2.261609625627765,9.096178277808477,2.2078543558393315,0.932904318219254,-0.06945263621335662,5.490407688420869,1.7030025129502389,2.6657361804173414,0.9804802597771741,20.23364576009287,3.0073468504688803
2026-01-06 11:00:00+00:00,93840.0,3238.08,2.3776,139.5,0.15048,1.0001,136174000.0,4694000.0,3448.0,202300.0,218.0,1452.0,1447.45,0.0025421135567305,0.0015022756026321,0.0019011946893006,0.0018855307399454,0.0008618614315383,0.0030431548713585,0.0017385952040294,0.0013045596673291,0.2542113556730507,0.1502275602632163,0.1901194689300611,0.1885530739945462,0.0861861431538324,0.3043154871358533,0.1738595204029414,0.1304559667329119,14.85,690.41,98.558,4488.66,-0.0107167803966619,0.0019572740704454,-0.0003753430121209,0.0023196381061261,-0.0001657950914637496,0.0027792207775760858,0.003114246947801812,0.0027792207775760858,0.0,0.0027792207775760858,3.01609345969039e-06,0,0,7.94053156999452,2.071980221380133,7.8678745097761675,2.062787950955817,1.07313111641864,0.07058065228633843,6.394183238648353,1.8553887081326113,3.059114851586588,1.1181256099319452,30.753700928446438,3.426010342407029
2026-01-07 09:00:00+00:00,91716.14,3200.18,2.2402,136.89,0.1485,1.0005,133949000.0,4681000.0,3272.0,199900.0,216.0,1459.0,1446.96,0.0093392957025173,0.0108988648097008,0.0094155169732428,0.0092169710992127,0.0052423387968254,0.0078169849669074,0.0088225974762998,-0.0010056125093924,0.9339295702517348,1.0898864809700817,0.9415516973242832,0.9216971099212712,0.5242338796825452,0.7816984966907414,0.882259747629983,-0.1005612509392416,15.18,691.695,98.61,4444.1,0.0219789067187754,0.0018594829918994,0.0005274689727094,-0.0099768424573998,-0.00033858368695582897,-0.010873962786737579,0.0054343881574488535,0.0,-0.010873962786737579,0.010873962786737579,2.1518606804131847e-05,0,1,10.541394897341245,2.3553098775578842,3.2277511489747623,1.1717856560403335,0.9033968642332513,-0.10159332683999388,4.923328246728486,1.593984774711846,3.4004707844276076,1.2239138880447027,6.464257389597893,1.866288139361359
2026-01-07 10:00:00+00:00,91975.31,3218.44,2.2493,137.57,0.14839,1.0005,133999000.0,4688000.0,3277.0,200400.0,216.0,1456.0,1448.26,0.0059670623253618,0.0057629888008705,0.0059641925532265,0.0058366219715468,0.0050845112887356,0.0048419232859369,0.0057230753879482,-0.0008811521020113,0.5967062325361816,0.5762988800870561,0.5964192553226555,0.5836621971546885,0.508451128873566,0.4841923285936911,0.5723075387948295,-0.0881152102011384,14.96,692.295,98.651,4446.18,-0.0145987994211527,0.0008670583423135,0.0004156929204492,0.0004679267779987,0.000898031988841197,0.002821798967465483,0.005469360574027638,0.002821798967465483,0.0,0.002821798967465483,2.1518606804131847e-05,0,0,11.57989167628385,2.4492701177214635,7.355401172897831,1.9954348968076352,0.8988607235450596,-0.10662718026654615,4.694838097657976,1.5464636280737283,3.7407612467064446,1.3192891326147174,8.716288698010272,2.1651935392977406
2026-01-07 11:00:00+00:00,92087.21,3220.24,2.2503,137.93,0.14891,1.0006,134206000.0,4695000.0,3277.0,200800.0,218.0,1456.0,1448.0,0.0064774647582281,0.0068825040733384,0.0056977056220619,0.0053942807885976,0.0110300596860206,0.004921908733213,0.0070964029856493,-0.0021744942524362,0.6477464758228191,0.6882504073338458,0.5697705622061955,0.5394280788597605,1.1030059686020666,0.4921908733213076,0.7096402985649375,-0.2174494252436298,14.86,693.66,98.614,4464.07,-0.006706933256718,0.0019697615598568,-0.0003751299058007,0.0040156054072131,-0.00017954189243951646,0.0012158913589352949,0.005435069593600109,0.0012158913589352949,0.0,0.0012158913589352949,2.1518606804131847e-05,0,0,16.025734457755128,2.7741958337536796,12.18824319551873,2.5004718146098788,0.7811965992211379,-0.24692843326464178,4.960339475880244,1.6014741811125313,1.6835691136910913,0.520916012349879,9.210127396163013,2.2203036825453832
2026-01-08 09:00:00+00:00,90010.0,3111.89,2.0963,134.47,0.14236,1.001,131469000.0,4541000.0,3058.0,196200.0,208.0,1460.0,1452.74,0.0054134788684911,0.0044755505090667,0.0041443572612545,0.0043514329518545,0.0057440246146103,0.0039934596290172,0.0048257688410554,-0.0008323092120382,0.5413478868491195,0.4475550509066783,0.4144357261254505,0.4351432951854583,0.5744024614610321,0.3993459629017204,0.4825768841055478,-0.0832309212038273,15.44,689.63,98.806,4431.83,0.0382885053070167,-0.0058267050317732,0.0019450922959594,-0.0072483146510524,0.0032681344890459485,-0.0024107126047816507,0.0035506056542928986,0.0,-0.0024107126047816507,0.0024107126047816507,9.269387828860285e-06,0,0,14.509674454507277,2.674815630704178,7.507181966525282,2.0158601578768547,0.589250935056393,-0.5289031503086185,3.7536460880704556,1.322727657766532,2.4580133163258533,0.8993534286742673,45.25186056700545,3.8122437868035166
2026-01-08 10:00:00+00:00,90410.1,3128.18,2.1036,135.1,0.14303,1.0009,131921000.0,4567000.0,3073.0,197400.0,208.0,1460.0,1452.77,0.0043847780116017,0.0049452772654852,0.0055473715408584,0.0057613361874606,0.0010121142048118,0.0040730339534937,0.0043301754420435,-0.0002571414885498,0.4384778011601753,0.4945277265485215,0.5547371540858492,0.5761336187460664,0.1012114204811842,0.4073033953493787,0.4330175442043593,-0.0257141488549805,15.4,689.03,98.892,4454.69,-0.0025940351770463,-0.0008704104534551,0.0008700139144011,0.0051448824567952,2.0650419376266882e-05,0.00443521155200699,0.003636058359255243,0.00443521155200699,0.0,0.00443521155200699,9.269387828860283e-06,0,0,11.147328487065042,2.411199871625402,14.086549458519025,2.6452204029825133,0.7158143977407665,-0.3343343666575196,9.395766700893633,2.240259236868742,4.289226176062213,1.4561063381294834,16.391999754383644,2.7967933959526823
2026-01-08 11:00:00+00:00,90226.77,3121.24,2.0922,134.79,0.14099,1.0011,131781000.0,4558000.0,3058.0,196800.0,206.0,1460.0,1452.29,0.0056897906442587,0.0055271698343621,0.0064238878286562,0.0053425728034726,0.0060638933469985,0.0042042323908275,0.0058094628915496,-0.001605230500722,0.5689790644258785,0.5527169834362189,0.6423887828656216,0.5342572803472612,0.6063893346998528,0.4204232390827567,0.5809462891549666,-0.1605230500722099,15.28,689.3599,98.943,4464.3,-0.0078227256812093,0.000478674439357,0.0005155811775443,0.0021549533565856,-0.0003304578937219915,-0.0020298188619598534,0.0036214427898880477,0.0,-0.0020298188619598534,0.0020298188619598534,9.441061354375615e-06,0,0,20.74120233495865,3.0321221729127235,18.439828841055068,2.914512936146925,1.070900420167711,0.06849980877470499,9.97818313201577,2.3004010228498726,6.156478701269651,1.817504974693055,150.936738013341,5.016860795475331
2026-01-09 09:00:00+00:00,90338.46,3092.39,2.0962,138.43,0.1407,1.0009,132563000.0,4538000.0,3072.0,203000.0,206.0,1467.0,1459.05,0.0057255101907389,0.0057731936507676,0.0044268642714349,0.0050684587403666,0.0034666606848363,0.0045446607049235,0.0048921375076289,-0.0003474768027053,0.5725510190738969,0.5773193650767672,0.4426864271434905,0.5068458740366655,0.3466660684836364,0.4544660704923542,0.4892137507628913,-0.0347476802705371,15.18,693.165,99.198,4494.83,-0.0065660117708903,0.0055045802184112,0.0025739260504717,0.0068154202866423,0.004643918023197635,0.003381237934247494,0.0034120170130954625,0.003381237934247494,0.0,0.003381237934247494,4.874594927675802e-06,0,0,21.70846422080153,3.0777022407523824,9.005166273519906,2.197798443034898,1.636757131682311,0.4927169255510838,11.161239309342417,2.412447000011887,4.74771830308356,1.5576641453924822,12.486358503738723,2.5246367286844076
2026-01-09 10:00:00+00:00,90485.87,3096.65,2.1006,138.72,0.14086,1.0009,132779000.0,4547000.0,3083.0,203600.0,207.0,1466.0,1459.85,0.0051720243517479,0.0058300309801899,0.0053607576964778,0.0053805041274128,0.006640564655135,0.0033097827805919,0.0056767763621927,-0.0023669935816008,0.5172024351747906,0.5830030980189971,0.5360757696477814,0.5380504127412866,0.6640564655135073,0.3309782780591908,0.5676776362192726,-0.2366993581600818,14.74,692.83,99.168,4513.39,-0.0294138852062935,-0.0004834072367119,-0.000302471191925,0.0041206867200145,0.0005481517147085668,0.0016304225504910619,0.0033052892104828684,0.0016304225504910619,0.0,0.0016304225504910619,4.874594927675802e-06,0,0,18.311574429295668,2.9075333423898058,5.102855621144582,1.629800308744992,0.9042806178575311,-0.10061554877566012,10.533670282778099,2.3545768202844624,2.489189957951082,0.9119573394572718,32.74040666785996,3.4886099929977945
2026-01-09 11:00:00+00:00,90463.11,3090.36,2.1028,138.28,0.14034,1.0008,132660000.0,4539000.0,3086.0,202900.0,206.0,1468.0,1459.11,0.005033284630648,0.0066142518780223,0.0057960355645152,0.0056217138336756,0.0059993828027749,0.0052885243531912,0.0058129337419272,-0.0005244093887359,0.5033284630648005,0.6614251878022337,0.5796035564515245,0.5621713833675601,0.59993828027749,0.5288524353191271,0.5812933741927218,-0.0524409388735947,14.64,694.2,99.169,4507.91,-0.0068073782280246,0.0019754445765727,1.0083847189257256e-05,-0.0012149026579386,-0.0005070299119234178,-0.0002515626241166302,0.0032768009761996925,0.0,-0.0002515626241166302,0.0002515626241166302,4.705558225237654e-06,0,0,24.657342589901553,3.2050747299627758,7.851342067176759,2.0606844811532046,1.393330038790866,0.3316965933615967,21.584526598862702,3.071976696817092,4.459699615714085,1.4950814130270578,12.764019511657825,2.5466302370624176
2026-01-12 09:00:00+00:00,90685.64,3116.31,2.0443,139.57,0.13668,1.0011,133846000.0,4597000.0,3015.0,205800.0,202.0,1475.0,1466.07,0.0067280458703544,0.0061880231383149,0.0059768367056769,0.005769786043136,0.0080723257918724,0.004985630146536,0.0065470035098709,-0.0015613733633348,0.6728045870354471,0.6188023138314902,0.5976836705676947,0.5769786043136049,0.8072325791872448,0.4985630146536079,0.6547003509870963,-0.1561373363334883,15.43,693.565,98.817,4602.13,0.0525561578419035,-0.0009151405955867,-0.0035558107228235,0.0206856083310658,0.004758690497113527,-0.0007344661652606277,0.003423366606945363,0.0,-0.0007344661652606277,0.0007344661652606277,5.143275491091794e-06,0,0,15.74505045260269,2.7565260589049636,7.198712715605554,1.9739022205380332,1.4915184335754654,0.3997946839814193,10.34174012334323,2.336188145379759,4.324130556704157,1.4642110928234962,37.004877564052066,3.611049730011395
2026-01-12 10:00:00+00:00,90433.46,3106.88,2.0365,139.26,0.13637,1.0011,133373000.0,4578000.0,3006.0,205300.0,202.0,1476.0,1467.41,0.0050491446726816,0.0041528716534124,0.0058960146495266,0.0046414306865976,0.0094412656791957,0.0047486278528852,0.0058361454682828,-0.0010875176153976,0.5049144672681694,0.4152871653412493,0.5896014649526604,0.4641430686597614,0.9441265679195788,0.4748627852885212,0.5836145468282838,-0.1087517615397626,15.23,694.24,98.828,4621.83,-0.013046499467999,0.0009727592179409,0.0001113106834109,0.0042714907595513,0.000913590747646964,-0.0027846887816984633,0.003469421469012624,0.0,-0.0027846887816984633,0.0027846887816984633,5.46632251497081e-06,0,0,9.048164121709563,2.2025618776534612,5.512933829934225,1.7070969369841322,0.5909851323333798,-0.5259644186887881,6.807322780085855,1.9179989121877428,3.8341503930908276,1.3439478700124023,7.180415254660862,1.9713572162987425
2026-01-12 11:00:00+00:00,90620.96,3115.43,2.0485,140.03,0.13669,1.0011,133929000.0,4599000.0,3027.0,206800.0,202.0,1475.0,1467.8,0.0068831756924594,0.0057233390625246,0.006722022963838,0.0061496078103755,0.0068105149017376,0.0038011192185121,0.006457732086187,-0.0026566128676749,0.6883175692459442,0.5723339062524646,0.6722022963838059,0.6149607810375546,0.6810514901737674,0.3801119218512117,0.6457732086187074,-0.2656612867674957,15.18,694.535,98.889,4617.0,-0.0032883949395863,0.0004248348428461,0.0006170435717258,-0.0010455870364598,0.00026573907985749656,0.0020712012115406964,0.0034982809725509338,0.0020712012115406964,0.0,0.0020712012115406964,5.46632251497081e-06,0,0,13.36715437352574,2.5928005317762235,8.232127379665627,2.108044472132346,1.287236189308618,0.2524974310527026,8.143120190218491,2.097173422319392,1.9578332094269117,0.6718383563261692,31.92105293065101,3.4632657585867808
2026-01-13 09:00:00+00:00,92269.42,3138.57,2.0655,141.96,0.13962,1.0007,135898000.0,4621000.0,3043.0,209100.0,205.0,1474.0,1475.42,-0.0017493344750805,-0.002096644273283,-0.001470070348386,-0.0016740136393159,-0.0048453854877614,-0.0016612749218719,-0.0023670896447654,0.0007058147228934,-0.1749334475080521,-0.2096644273283043,-0.1470070348386087,-0.1674013639315963,-0.4845385487761477,-0.1661274921871958,-0.2367089644765418,0.070581472289346,15.6,692.75,99.117,4630.05,0.0272921422880072,-0.0025733731497989,0.0023029615341858,0.0028225236510497,0.005178013893289091,0.0011225616749648282,0.003428423326229615,0.0011225616749648282,0.0,0.0011225616749648282,4.604390056290822e-06,0,0,10.831628924695629,2.3824704582618192,10.254849150063858,2.3277506815247686,1.1350931267472384,0.12671469756501594,11.53735954994131,2.445590426402009,4.613302885664477,1.5289440615714138,29.62504357604758,3.3886200703756506
2026-01-13 10:00:00+00:00,92128.62,3134.73,2.0605,142.09,0.13936,1.0008,135704000.0,4617000.0,3039.0,209400.0,205.0,1475.0,1476.72,-0.0025298077284927,-0.0026178819223784,-0.0012427970675622,-0.0020356984812768,-0.0038664520351648,-0.0019631729472047,-0.002458527446975,0.0004953544997703,-0.2529807728492761,-0.261788192237844,-0.1242797067562251,-0.2035698481276826,-0.3866452035164891,-0.1963172947204716,-0.2458527446975034,0.0495354499770317,15.5,693.42,99.191,4619.2,-0.0064308903302903,0.0009666924723168,0.0007463138495147,-0.0023461372493684,0.0008807170960931643,-0.0015271314962319593,0.0033818011338280682,0.0,-0.0015271314962319593,0.0015271314962319593,4.378458347785255e-06,0,0,12.164439528535942,2.498516902715091,9.144871205789551,2.2131931981777226,1.4454947063618608,0.3684516203173407,14.436127781455175,2.669733938324574,5.8716881111495205,1.7701421753153315,37.76584469218338,3.6314051145795747
2026-01-13 11:00:00+00:00,92000.74,3133.95,2.0606,141.84,0.13906,1.0008,135541000.0,4615000.0,3037.0,209000.0,205.0,1475.0,1475.98,-0.0018429186055738,-0.0023018444340302,-0.0014481428439366,-0.0016861625799691,-0.0012169503979995,-0.0014627954000706,-0.0016992037723018,0.0002364083722312,-0.184291860557384,-0.2301844434030253,-0.1448142843936684,-0.1686162579969119,-0.1216950397999516,-0.146279540007066,-0.1699203772301882,0.0236408372231222,15.36,694.55,99.171,4613.64,-0.0090732962056749,0.0016282776279936,-0.000201651526682,-0.0012043966259778,-0.0005012361672322996,-0.0013890236794473765,0.0033978063396320067,0.0,-0.0013890236794473765,0.0013890236794473765,4.458849463704652e-06,0,0,13.233969096318665,2.5827869404140014,6.462205165022577,1.8659706163601688,1.8477169953488202,0.6139508204471945,5.999852849945302,1.7917349439181958,5.166035850136432,1.6421056342810896,36.54211389041497,3.5984654006836196
2026-01-14 09:00:00+00:00,95088.24,3328.32,2.147,145.5,0.14821,1.0002,139425000.0,4880000.0,3150.0,213300.0,217.0,1468.0,1464.83,0.0009828075357065,0.000938793293119,0.001593006649964,0.00078465176389,-0.0004719168207026,0.0019636809105891,0.0007654684843954,0.0011982124261937,0.0982807535706564,0.0938793293119077,0.159300664996409,0.0784651763890087,-0.0471916820702689,0.1963680910589182,0.0765468484395426,0.1198212426193756,16.89,688.68,99.014,4615.7,0.0949550031001829,-0.0084874319351264,-0.0015843785638924,0.000446402458726,-0.007582981170848768,0.0019814916089551105,0.004958441256851668,0.0019814916089551105,0.0,0.0019814916089551105,3.2001475098096275e-06,0,0,19.424541391162368,2.966537286768439,17.551133662651065,2.8651185439880864,2.1286787175802835,0.7555014668581974,10.5043761132702,2.3517919430302627,3.7689582946509312,1.3267986488618588,28.281900724977568,3.3422220496954753
2026-01-14 10:00:00+00:00,95091.75,3312.99,2.1354,144.74,0.14737,1.0002,139685000.0,4865000.0,3136.0,212600.0,216.0,1469.0,1465.16,0.0025865604241037,0.0022536949758589,0.0023323839890461,0.0025121350840267,0.0003675924819876,0.0024203900927204,0.0020104733910046,0.0004099167017157,0.2586560424103767,0.2253694975858922,0.2332383989046116,0.2512135084026701,0.0367592481987699,0.2420390092720437,0.2010473391004641,0.0409916701715795,17.81,689.075,98.98,4619.29,0.0530383664818612,0.0005733965920242,-0.0003434447542263,0.0007774778707574,0.0002252567424436691,3.6912400725341854e-05,0.004930501117280648,3.6912400725341854e-05,0.0,3.6912400725341854e-05,3.1029754011936413e-06,0,0,8.98422637941231,2.19547041518327,8.132344702459022,2.095849283266535,0.7703951914473535,-0.26085166014886146,10.791383603903867,2.3787480012535043,3.3274457563796687,1.2022049695403332,15.177632401835316,2.719822791544627
2026-01-14 11:00:00+00:00,94792.99,3286.22,2.1156,143.77,0.146,1.0003,139003000.0,4823000.0,3103.0,210800.0,214.0,1469.0,1464.7,0.001150271966174,0.0020097465095383,0.0013814352182113,0.0010451186468543,0.0007192084778686,0.0026349642727854,0.0012611561637293,0.001373808109056,0.115027196617401,0.2009746509538335,0.1381435218211324,0.1045118646854303,0.071920847786866,0.2634964272785423,0.1261156163729326,0.1373808109056096,17.59,687.06,99.024,4617.24,-0.0124295385521033,-0.0029284938469933,0.0004444354732653,-0.0004438896498264,-0.00031400818044602374,-0.003146753620415055,0.004985227141378266,0.0,-0.003146753620415055,0.003146753620415055,3.4351700497573803e-06,0,0,6.862234958501919,1.926033184377887,7.734887209144569,2.0457409020369504,0.5848108263115159,-0.5364668578733394,5.5489396475708785,1.7136068550133752,2.1139443846707064,0.7485555789991938,22.038239398005587,3.0927790989708086
2026-01-15 09:00:00+00:00,97040.75,3365.99,2.1171,145.63,0.14451,1.0,142669000.0,4944000.0,3112.0,213900.0,213.0,1468.0,1469.77,0.0002903847319839,-0.0006531173135282,0.0001124589823615,-0.0006662463294789,0.0028415600350768,-0.0012042700558591,0.000385008021283,-0.0015892780771421,0.029038473198395,-0.0653117313528239,0.0112458982361562,-0.0666246329478981,0.2841560035076851,-0.1204270055859102,0.0385008021283028,-0.1589278077142131,15.61,693.97,99.417,4609.4,-0.1194188242221261,0.0100071072534531,0.0039608801991581,-0.0016994272859598,0.0034554826219395096,0.00410721662653124,0.004503997563800478,0.00410721662653124,0.0,0.00410721662653124,4.5101221947912305e-06,0,0,10.094679228052067,2.312008475930788,10.312017212286438,2.3333099347866217,0.9938071485270065,-0.006212106715409636,6.30574200732026,1.841460648030986,3.8380198655671407,1.344956573592733,30.804383572093098,3.4276570036217184
2026-01-15 10:00:00+00:00,96818.68,3364.11,2.1156,145.43,0.14404,1.0,142237000.0,4935000.0,3104.0,213600.0,211.0,1468.0,1469.06,3.1989600113968564e-05,-0.001432481345316,-0.0012687927589681,-0.0002124819953643,-0.0028515722958903,-0.000721549834588,-0.001146667759085,0.0004251179244969,0.0031989600113968,-0.1432481345316039,-0.1268792758968184,-0.0212481995364388,-0.2851572295890392,-0.0721549834588053,-0.1146667759085007,0.0425117924496953,15.5,694.79,99.331,4615.57,-0.0070717106021396,0.0011809097256465,-0.0008654175676472,0.0013376739263186,-0.0004831854947813241,-0.002291042505746077,0.004547061530242898,0.0,-0.002291042505746077,0.002291042505746077,4.728825351588533e-06,0,0,7.386011671539916,1.9995878966538612,8.160060669111846,2.099251603888554,0.8275288492935081,-0.1893113091440544,6.82041568331519,1.9199204206306821,3.8375103637126236,1.3448238135513948,47.52108388878844,3.8611734839017666
2026-01-15 11:00:00+00:00,96581.08,3349.96,2.112,144.86,0.1437,1.0001,141774000.0,4911000.0,3099.0,212700.0,211.0,1467.0,1468.63,-0.0004785013034057,-0.0017991913661553,-0.0008854882070057,-0.0002150068885657,-0.00019963312444,-0.0012097569377357,-0.0007155641779145,-0.0004941927598211,-0.0478501303405765,-0.1799191366155361,-0.0885488207005735,-0.0215006888565794,-0.0199633124440046,-0.1209756937735728,-0.071556417791454,-0.0494192759821188,15.41,694.46,99.315,4605.72,-0.0058233745931763,-0.0004750764890504,-0.0001610905835978,-0.002136361343437,-0.0002927470244102892,-0.002457088049521161,0.004523483237045702,0.0,-0.002457088049521161,0.002457088049521161,4.5677929905678855e-06,0,0,10.227809964751899,2.3251104773533102,8.15842891948052,2.099051616061506,0.8601550844212896,-0.15064257526978408,8.280507899562737,2.113904307042816,0.8972653404625485,-0.10840365190074475,65.1478085908034,4.17665866663988
2026-01-16 09:00:00+00:00,95613.53,3307.44,2.067,143.06,0.13942,1.0001,141091000.0,4882000.0,3050.0,211100.0,206.0,1475.0,1473.53,0.001430875084603,0.0017210924241048,0.0013833832365353,0.0014079397156481,0.0027280404036471,0.0008975146407097,0.0017342661729077,-0.0008367515321979,0.1430875084603045,0.1721092424104897,0.1383383236535307,0.1407939715648121,0.2728040403647158,0.0897514640709751,0.1734266172907705,-0.0836751532197954,15.76,691.6,99.344,4608.27,0.0224584350977083,-0.0041268113342161,0.0002919575776179,0.0005535061499095,0.0033308892313028693,-0.0006531460683785184,0.0033764426845989274,0.0,-0.0006531460683785184,0.0006531460683785184,7.30843463486546e-06,0,0,6.684873852778798,1.899847340185705,14.332768292702356,2.662548404809037,1.1078117860901722,0.10238670574619975,6.163577859681874,1.8186574303109058,2.151675229273616,0.7662467151455598,9.94890606217332,2.297462601626103
2026-01-16 10:00:00+00:00,95307.35,3297.75,2.0615,143.09,0.13907,1.0001,140599000.0,4865000.0,3044.0,211100.0,205.0,1475.0,1474.88,0.0002283299340215,0.0002496985105542,0.0011626115941101,0.000281561016489,-0.0005439069310855,-1.86355849119968e-05,0.0002756588248178,-0.0002942944097298,0.0228329934021553,0.024969851055423,0.116261159411013,0.0281561016489018,-0.0543906931085524,-0.0018635584911996,0.0275658824817881,-0.0294294409729878,15.7,692.71,99.364,4568.79,-0.0038143720754706,0.0016036873791165,0.0002013004012679,-0.0086041158194589,0.0009157478738313074,-0.0032074046849572824,0.0034012819095159473,0.0,-0.0032074046849572824,0.0032074046849572824,7.518375011946739e-06,0,0,18.82216168285823,2.9350349884994906,12.601439520481213,2.533811055088905,1.1031963728904441,0.0982117596837584,10.038906548562007,2.306468198826736,4.54802324822027,1.5146926876211064,11.751134013985506,2.4639497477617547
2026-01-16 11:00:00+00:00,95429.09,3301.94,2.0652,143.14,0.13802,1.0002,140804000.0,4871000.0,3047.0,211000.0,204.0,1475.0,1473.61,0.0012710282877255,0.0010744845445376,0.0012159921018775,0.0003198397054873,0.0030107422617664,0.0007431131630504,0.0013784173802788,-0.0006353042172284,0.1271028287725517,0.1074484544537623,0.1215992101877505,0.0319839705487323,0.3010742261766452,0.0743113163050424,0.1378417380278884,-0.063530421722846,15.64,692.485,99.375,4591.33,-0.0038289772370969,-0.0003248640111737,0.0001106979506912,0.0049213428410297,-0.0008614579520633825,0.0012765260432825443,0.0034006842170736322,0.0012765260432825443,0.0,0.0012765260432825443,7.266821608484251e-06,0,0,10.786070012455676,2.3782554879430764,11.65545444572533,2.455774263209797,1.0956204577356043,0.09132083086444107,17.829676554513735,2.880864291189685,17.998123672728116,2.8902675120587626,19.125611736904048,2.9510283654443996
2026-01-20 09:00:00+00:00,91036.25,3094.1,1.9254,128.91,0.12573,1.0007,134799000.0,4584000.0,2855.0,191000.0,187.0,1483.0,1478.09,0.0017778659709688,0.0023268964236049,0.0031924761073092,0.0024111299305316,0.0062405440394581,0.0026200205411626,0.0031897824943745,-0.0005697619532119,0.177786597096885,0.2326896423604951,0.3192476107309216,0.2411129930531608,0.6240544039458173,0.2620020541162615,0.318978249437456,-0.0569761953211944,19.98,683.75,98.539,4741.16,0.2449000381032422,-0.0126942234408877,-0.0084481640733544,0.0321120890563086,0.003035541172939915,-0.0008756411748489512,0.002498178891970823,0.0,-0.0008756411748489512,0.0008756411748489512,5.784482466688923e-06,0,0,5.6757216298151745,1.7361977147221874,5.6437216623822835,1.7305437171087206,0.7165761346643776,-0.33327077823217616,8.006860105011699,2.080298687351967,4.151162976971342,1.4233885303987786,36.949589482725806,3.609554537257414
2026-01-20 10:00:00+00:00,91269.58,3103.01,1.9299,128.91,0.12554,1.0007,135091000.0,4597000.0,2860.0,191100.0,186.0,1482.0,1476.55,0.0024257324836871,0.0033285505419409,0.0036518028764902,0.0039819864196541,0.0034197895109042,0.0029889442768817,0.0033615723665353,-0.0003726280896535,0.2425732483687159,0.3328550541940922,0.3651802876490251,0.3981986419654193,0.341978951090427,0.2988944276881788,0.3361572366535359,-0.037262808965357,18.9,683.72,98.459,4737.88,-0.0555698511548108,-4.38766481236641e-05,-0.0008121910313576,-0.0006920532313205,-0.0010424282751566594,0.0025597659428218122,0.0025911520527210534,0.0025597659428218122,0.0,0.0025597659428218122,5.784482466688923e-06,0,0,7.708861113825419,2.042370461207091,15.497845718074913,2.7407010283351108,0.8082025939736988,-0.21294251677387363,9.580889574449028,2.259770445129927,2.983692108216391,1.0931614961253695,16.45535346545246,2.8006508628970455
2026-01-20 11:00:00+00:00,91218.99,3109.88,1.9291,128.81,0.12526,1.0008,135181000.0,4612000.0,2863.0,191000.0,186.0,1483.0,1478.58,0.0022719312927572,0.0029997848049607,0.0037412665946627,0.0028568830324511,0.0042820708521777,0.0021876045674302,0.0032303873154019,-0.0010427827479716,0.2271931292757267,0.299978480496077,0.3741266594662784,0.2856883032451129,0.4282070852177799,0.2187604567430279,0.323038731540195,-0.1042782747971671,18.9,682.2883,98.466,4752.74,0.0,-0.0020961812958786,7.109305576236125e-05,0.0031315155687554,0.0013738822449846921,-0.0005544456981159129,0.0025503658460203434,0.0,-0.0005544456981159129,0.0005544456981159129,5.797291218028892e-06,0,0,7.1077160838161175,1.961180966306151,9.239771323675386,2.2235171368273634,0.7931994296772258,-0.2316806013518507,6.116025899311973,1.8109125227393363,0.8729953231905643,-0.135825080326914,32.24385149056179,3.473327373610034
2026-01-21 09:00:00+00:00,89112.3,2954.09,1.9116,127.47,0.12447,1.0008,132410000.0,4391000.0,2838.0,189500.0,185.0,1485.0,1465.81,0.0136906772049454,0.0140562226901361,0.0128326409519465,0.0141998647558325,0.0139799292823759,0.0122819121443351,0.0137518669770473,-0.0014699548327121,1.3690677204945434,1.4056222690136178,1.2832640951946583,1.419986475583257,1.3979929282375902,1.228191214433516,1.3751866977047331,-0.1469954832712172,17.98,682.97,98.637,4851.87,-0.0499018930221222,0.0009986389486202,0.0017351338427351,0.0206429038054842,-0.00867417704124307,-0.0009539585372966286,0.003844573424819291,0.0,-0.0009539585372966286,0.0009539585372966286,1.0799011075156594e-05,0,0,9.601327643352235,2.2619013850942795,8.078941835642361,2.0892609030215206,3.4081355500398076,1.2261653822488154,11.708425866485245,2.460308742141922,1.8095103773055294,0.5930562989074147,24.76447535105097,3.2094101807179123
2026-01-21 10:00:00+00:00,89248.99,2963.92,1.903,127.73,0.12423,1.0008,132623000.0,4406000.0,2829.0,189700.0,184.0,1485.0,1464.47,0.0146939200033959,0.0150736075267756,0.0151113406879039,0.0141307215922159,0.0113718424606243,0.0132081569716606,0.0140762864541831,-0.0008681294825225,1.4693920003395975,1.5073607526775668,1.5111340687903985,1.4130721592215956,1.1371842460624393,1.3208156971660667,1.4076286454183196,-0.0868129482522527,17.55,684.2613,98.657,4848.19,-0.0242060791315994,0.0018889274754778,0.0002027431150315,-0.0007587582296508,-0.00091458843073422,0.0015327319819249396,0.0038100661369817467,0.0015327319819249396,0.0,0.0015327319819249396,1.0799011075156594e-05,0,0,16.434460553792704,2.799380383565187,9.837272542751471,2.2861784920278274,2.0847309808985344,0.734639820978256,13.165951972447132,2.5776341011920874,2.6414591527826867,0.9713314738580313,14.619944817341965,2.6823866798508953
2026-01-21 11:00:00+00:00,88789.99,2943.0,1.8897,126.94,0.1231,1.0009,131770000.0,4368000.0,2805.0,188200.0,183.0,1483.0,1465.95,0.0123562794159781,0.0124491259090702,0.0125601809322668,0.0113511375521218,0.0140838795324873,0.0107210342439136,0.0125601206683848,-0.0018390864244711,1.2356279415978166,1.244912590907021,1.2560180932266851,1.1351137552121804,1.4083879532487351,1.0721034243913683,1.2560120668384878,-0.1839086424471192,19.4,679.8,98.625,4833.89,0.1002191161574073,-0.0065412249542715,-0.0003244087172742,-0.0029539128778122,0.0010100942020843107,-0.005156185650172063,0.0039048091839801215,0.0,-0.005156185650172063,0.005156185650172063,1.1893962759609973e-05,0,0,11.23618105216648,2.4191390226905374,9.671640353689076,2.2691979283458164,1.097655448110283,0.09317649430670089,7.841573419904544,2.0594395055408636,2.4408480392341674,0.8923455359843286,6.93322638661702,1.9363252729130354
2026-01-22 09:00:00+00:00,90033.02,3013.63,1.9646,130.16,0.12695,1.0006,133677000.0,4476000.0,2912.0,193100.0,189.0,1484.0,1468.8,0.0108627858064151,0.0112009838351199,0.0091473104449852,0.0100481324811561,0.0135996107777494,0.0097427382350547,0.0109717646690851,-0.0012290264340303,1.0862785806415198,1.1200983835119915,0.914731044498529,1.0048132481156102,1.3599610777749405,0.9742738235054782,1.0971764669085182,-0.1229026434030399,16.19,688.47,98.472,4835.06,-0.1808792983797382,0.0126731069726151,-0.0015525353580443,0.0002420118018413,0.00194224441327151,0.0012543264286541955,0.008643936911151456,0.0012543264286541955,0.0,0.0012543264286541955,4.1755175914659375e-05,0,0,9.844846274529083,2.2869480973962073,10.390755505772512,2.340916517171353,1.1371685653623158,0.1285414582761072,6.894141802864908,1.9306720369090855,2.4962009381161256,0.9147699513198388,90.69496250734554,4.5075018154171085
2026-01-22 10:00:00+00:00,90078.77,3002.64,1.9562,130.16,0.12662,1.0007,133798000.0,4461000.0,2903.0,193200.0,187.0,1483.0,1466.34,0.0129604580006452,0.0131978876115648,0.0120433126313546,0.0122665835861968,0.0071742540959574,0.0106541635375745,0.0115284991851437,-0.0008743356475692,1.296045800064527,1.3197887611564818,1.2043312631354608,1.226658358619681,0.71742540959574,1.0654163537574537,1.152849918514378,-0.0874335647569246,15.67,689.8,98.374,4873.27,-0.0326457113216145,0.0019299562681105,-0.0009957023063371,0.007871631330822,-0.0016762407081136743,0.0005080178369656352,0.008640774595182017,0.0005080178369656352,0.0,0.0005080178369656352,4.1755175914659375e-05,0,0,14.617746906647664,2.682236332092995,9.920568183693211,2.2946101962385175,1.8703702727802909,0.6261364181001096,6.521825767528536,1.8751543624332452,2.5478900796095076,0.935265596908686,42.322129090445095,3.7453100956051086
2026-01-22 11:00:00+00:00,89941.26,2986.8,1.9439,130.11,0.12588,1.0007,133651000.0,4442000.0,2889.0,193300.0,187.0,1486.0,1464.87,0.0144114913622963,0.015250767913328,0.0145525275884779,0.0141964644946499,0.0141116862436752,0.0137148877584076,0.0145045875204854,-0.0007896997620778,1.4411491362296358,1.5250767913328025,1.4552527588477917,1.4196464494649952,1.4111686243675203,1.371488775840768,1.450458752048549,-0.0789699762077811,15.48,690.26,98.371,4878.02,-0.0121991882063485,0.0006666377071073,-3.0496327735995976e-05,0.0009742301532806,-0.001002998845688552,-0.001527719184856835,0.008571057201273583,0.0,-0.001527719184856835,0.001527719184856835,4.074466239169017e-05,0,0,11.246866255764873,2.4200895348036444,12.51095913765174,2.5266049912162485,0.8462339760697085,-0.16695939015535893,7.291221359938774,1.986671071073713,2.174419019357476,0.7767615113216111,31.26278791744037,3.442428505835551
2026-01-23 09:00:00+00:00,88977.72,2921.17,1.9074,127.08,0.12482,1.0011,132108000.0,4340000.0,2832.0,188600.0,185.0,1485.0,1468.11,0.0113215180343848,0.0119855254907228,0.0113299617006559,0.0108946203633708,0.0095526039286084,0.0103931550603406,0.0110168459035485,-0.0006236908432079,1.132151803438486,1.1985525490722848,1.1329961700655922,1.0894620363370855,0.955260392860846,1.0393155060340664,1.1016845903548589,-0.0623690843207925,15.84,689.325,98.241,4943.46,0.0229895182246986,-0.0013554802975654,-0.0013224016738018,0.0133260910627956,0.0022093579348929637,-0.0027355922962328805,0.0030868334561676134,0.0,-0.0027355922962328805,0.0027355922962328805,5.457526061573102e-06,0,0,13.39530536860617,2.5949042999450938,12.13095269831444,2.495760260540758,0.8899173080752434,-0.11662673284757176,7.2048555356263595,1.9747551786781397,2.3033770591670772,0.834376332650706,49.397010480601516,3.8998899057756606
2026-01-23 10:00:00+00:00,89046.49,2930.95,1.9077,127.28,0.125,1.001,132270000.0,4352000.0,2834.0,189100.0,186.0,1485.0,1465.31,0.0137130439210704,0.0133301474841991,0.0138185953645888,0.0139157018625177,0.0154847779650721,0.0124250046177831,0.0140524533194896,-0.0016274487017065,1.3713043921070422,1.333014748419914,1.3818595364588848,1.3915701862517782,1.5484777965072194,1.2425004617783175,1.4052453319489675,-0.1627448701706502,15.32,690.095,98.099,4961.11,-0.0333792220738344,0.001116411361262,-0.0014464706606762,0.0035640151329783,-0.0019090350855748284,0.0007725915865108846,0.003091026926635757,0.0007725915865108846,0.0,0.0007725915865108846,5.457526061573102e-06,0,0,14.18213286239749,2.6519829232202015,15.093323015495692,2.714252461624267,1.0483394439842733,0.04720743038712157,12.783535750072447,2.548158073445277,4.3168627600047325,1.4625289254737843,60.87621729190801,4.108842577784476
2026-01-23 11:00:00+00:00,89202.48,2940.68,1.9142,127.54,0.12519,1.0011,132441000.0,4366000.0,2841.0,189300.0,186.0,1485.0,1463.24,0.0146820034229981,0.0146596701675343,0.0143045112400235,0.0143518755341529,0.0153779780880514,0.0137559763781995,0.014675207690552,-0.0009192313123524,1.468200342299819,1.465967016753433,1.430451124002352,1.4351875534152958,1.5377978088051414,1.3755976378199586,1.4675207690552083,-0.0919231312352497,15.39,690.23,97.789,4980.94,0.0045587835383429,0.0001956061078809,-0.0031650765620225,0.0039891222225563,-0.001413669115934546,0.0017502489896159545,0.00311505803892588,0.0017502489896159545,0.0,0.0017502489896159545,5.36027914874895e-06,0,0,28.311468063938023,3.3432669545061766,14.938213327383583,2.703922582686003,1.0658207893898342,0.0637451965918217,7.026771778215019,1.9497273938421744,3.0042732089375277,1.1000356781476692,30.529843089791534,3.418704667191867
2026-01-26 09:00:00+00:00,87663.12,2885.87,1.8797,121.93,0.12075,1.0009,128087000.0,4219000.0,2746.0,178300.0,177.0,1462.0,1440.12,0.0145873627481885,0.0151590253071278,0.0144095045214522,0.0154115231460101,0.0178585876987822,0.0142803260528017,0.0154852006843122,-0.0012048746315104,1.4587362748188504,1.5159025307127871,1.4409504521452288,1.541152314601013,1.7858587698782236,1.4280326052801715,1.5485200684312206,-0.1204874631510487,16.05,692.555,96.977,5096.2,0.0419909017252368,0.0033627819089492,-0.0083382592919267,0.0228765357229043,-0.015926711614457467,-0.0035558298578877157,0.00392888293568086,0.0,-0.0035558298578877157,0.0035558298578877157,8.596832250431487e-06,0,0,8.558006689043998,2.146867299607313,13.026390141883823,2.566977310687803,1.5253109667864464,0.4221983019188671,9.060967257617122,2.2039758756826964,2.6383057080317855,0.9701369338703576,16.233506984180018,2.787077438540634
2026-01-26 10:00:00+00:00,87897.55,2896.28,1.8868,122.45,0.12122,1.0007,128505000.0,4231000.0,2756.0,178900.0,178.0,1461.0,1440.36,0.0150144004421048,0.0142182659910603,0.0141035278009462,0.0143328693029773,0.0194705168874513,0.0136202167438888,0.015427916084908,-0.0018076993410192,1.5014400442104892,1.4218265991060353,1.4103527800946258,1.4332869302977391,1.9470516887451383,1.3620216743888802,1.5427916084908055,-0.1807699341019253,16.1,693.2,96.975,5091.53,0.0031104224143923,0.0009309005510758,-2.062365946287059e-05,-0.0009167891821046,0.00016663889390322595,0.002670645302689678,0.003919101489454032,0.002670645302689678,0.0,0.002670645302689678,8.596832250431487e-06,0,0,6.897940358905065,1.9312228683341954,16.318661850343517,2.792309351709986,1.6407775772349626,0.4951702619311711,15.417316457615405,2.7354913230041773,2.237548954037208,0.8053810498268447,42.9048837405403,3.7589856595605124
2026-01-26 11:00:00+00:00,87855.0,2892.15,1.8915,122.5,0.12103,1.0008,128442000.0,4228000.0,2765.0,179200.0,177.0,1461.0,1441.63,0.0141139691829419,0.01405229819718,0.0139930509277605,0.0147244042210155,0.0144401317321234,0.0126260790165062,0.0142647708522043,-0.001638691835698,1.4113969182941943,1.405229819718001,1.3993050927760595,1.4724404221015508,1.444013173212344,1.2626079016506253,1.42647708522043,-0.1638691835698046,15.93,693.53,97.031,5089.97,-0.0106151480684602,0.000475939809811,0.0005773017489696,-0.0003064381500177,0.0008813355231671594,-0.00048420351034828,0.003916790319756184,0.0,-0.00048420351034828,0.00048420351034828,8.564249723025678e-06,0,0,5.292468039832674,1.6662846852429765,13.501543464870922,2.602804009640303,1.4521406453877999,0.37303877492640425,7.983158071088411,2.0773340814307235,7.065828802507303,1.955270320297462,13.614134128970637,2.6111085272594825
2026-01-27 09:00:00+00:00,87886.82,2907.69,1.8833,123.74,0.122,1.001,128585000.0,4252000.0,2755.0,180800.0,178.0,1463.0,1438.61,0.0170059263067774,0.0164875837834956,0.0168549848080334,0.015652728657171,0.0141847988284684,0.0159379272620527,0.0160372044767892,-9.927721473643876e-05,1.700592630677744,1.6487583783495685,1.685498480803349,1.5652728657171044,1.418479882846846,1.593792726205279,1.6037204476789226,-0.0099277214736438,15.92,694.75,96.298,5053.84,-0.0006279435057199,0.0017575709713515,-0.007582964918571,-0.0071235862631606,-0.0020970482367665966,-0.0032262189398206687,0.0031399952837592566,0.0,-0.0032262189398206687,0.0032262189398206687,4.155792513313378e-06,0,0,13.080029198385787,2.5710865783190524,12.624296761635414,2.5356232715613265,0.4966720370825566,-0.6998253558513019,11.706778122953422,2.4601680008069087,5.417210455994302,1.6895810069445807,19.64309627309019,2.9777259418799846
2026-01-27 10:00:00+00:00,87786.53,2903.23,1.885,123.72,0.12191,1.001,128496000.0,4245000.0,2756.0,180800.0,178.0,1462.0,1439.11,0.017109556537892,0.0160200086520134,0.0159535862562565,0.0154639820171393,0.0145808948634387,0.0148907731441383,0.015825605665348,-0.0009348325212096,1.7109556537892034,1.602000865201347,1.5953586256256536,1.5463982017139388,1.458089486343872,1.4890773144138336,1.582560566534803,-0.0934832521209693,15.79,696.24,96.282,5091.25,-0.0081993521486865,0.0021423598586451,-0.0001661647111514,0.0073750296082106,0.00034749732776795383,-0.001141778316350539,0.003100809899150925,0.0,-0.001141778316350539,0.001141778316350539,4.2101115851337225e-06,0,0,7.370069701095692,1.9974271635643521,24.64793125960192,3.2046929724070763,1.473004167829955,0.38730396696050584,10.959297715888669,2.3941882024493926,7.217032263819125,1.9764438246107137,23.76791652514106,3.168336626085015
2026-01-27 11:00:00+00:00,87992.74,2917.02,1.8889,124.12,0.1224,1.001,128778000.0,4269000.0,2763.0,181400.0,179.0,1462.0,1437.78,0.0178936297433256,0.0178746767422084,0.0173712956326401,0.0164899231644344,0.0171363495483278,0.0158295848735279,0.0173531749661873,-0.0015235900926593,1.7893629743325643,1.787467674220844,1.7371295632640171,1.6489923164434428,1.7136349548327878,1.5829584873527924,1.7353174966187312,-0.1523590092659388,16.04,695.97,96.354,5088.26,0.0157087741708177,-0.0003878725240946,0.000747523862131,-0.0005874546193265,-0.000924609626889783,0.00234623905988407,0.003137294526123901,0.00234623905988407,0.0,0.00234623905988407,4.200342708490656e-06,0,0,9.02513997899405,2.2000140142365083,14.099444505555107,2.6461353998389083,1.1164835303511271,0.1101840410483244,8.180459034052225,2.1017482656724775,5.736484598727099,1.746846583467803,14.06030265665347,2.643355412228608
2026-01-28 09:00:00+00:00,89567.25,3017.44,1.9322,127.6,0.12715,1.0012,129450000.0,4366000.0,2791.0,184500.0,184.0,1447.0,1430.15,0.0105812218869576,0.0117273670984778,0.0100111501829294,0.0110301471106402,0.0118586951980388,0.0105692977537885,0.0110417162954087,-0.0004724185416202,1.0581221886957648,1.172736709847788,1.0011150182929418,1.103014711064021,1.1858695198038838,1.0569297753788565,1.10417162954088,-0.0472418541620233,16.72,696.53,96.462,5286.34,0.0415200052181869,0.0008043088404869,0.0011202391014686,0.0381902095999624,-0.005320923454791071,0.0071911365983474695,0.004692013004303257,0.0071911365983474695,0.0,0.0071911365983474695,8.065051551060544e-06,1,0,16.229200796620706,2.786812137961665,17.367923366551224,2.8546250202304218,1.2724804734386692,0.24096812428643055,13.06988600617486,2.5703108058058124,3.651048211196241,1.2950143075154419,37.09308065308019,3.6134304469113
2026-01-28 10:00:00+00:00,89403.77,3025.86,1.9273,127.32,0.12651,1.0012,129321000.0,4378000.0,2788.0,184200.0,183.0,1447.0,1433.94,0.0087469670672255,0.0090111079733676,0.0088171771946288,0.0089322779283858,0.0087771917421735,0.0078982950350645,0.0088569443811562,-0.0009586493460917,0.8746967067225553,0.9011107973367682,0.8817177194628822,0.8932277928385801,0.8777191742173507,0.7898295035064562,0.8856944381156273,-0.0958649346091711,16.87,696.07,96.564,5278.73,0.0089312889013215,-0.0006606348078852,0.001056852543118,-0.0014405964780355,0.002646566422281005,-0.0018268884590160184,0.004706333895840849,0.0,-0.0018268884590160184,0.0018268884590160184,8.14979587264378e-06,0,0,21.81559610237401,3.0826251315459974,20.026774426172405,2.997070099574179,0.801856407667172,-0.2208257299547121,15.481774170176664,2.7396634720708306,8.271610961014071,2.1128292858349047,20.629006079633758,3.026698147523793
2026-01-28 11:00:00+00:00,90080.0,3039.72,1.9415,128.17,0.12716,1.0011,130433000.0,4402000.0,2812.0,185600.0,184.0,1447.0,1435.77,0.0084961187856804,0.0086293061699558,0.0087720641154072,0.0085715490892079,0.0078187388395987,0.0067142014014494,0.00845755539997,-0.0017433539985206,0.8496118785680462,0.862930616995583,0.8772064115407208,0.8571549089207986,0.7818738839598716,0.6714201401449404,0.845755539997004,-0.1743353998520635,17.03,694.84,96.515,5300.94,0.0094395981167201,-0.0017686267560428,-0.0005075642721568,0.0041986248393985,0.0012753903691029578,0.00753531307867128,0.0048976511495617565,0.00753531307867128,0.0,0.00753531307867128,8.14979587264378e-06,1,0,16.155451134765475,2.7822575242821275,10.625257876506867,2.3632339852460094,0.9050141404396977,-0.09980471060903065,20.26002566031645,3.008649765370399,6.135334640742521,1.8140646228435866,24.92658557585315,3.2159349277003786
2026-01-29 09:00:00+00:00,87892.01,2942.38,1.8736,123.03,0.12156,1.0013,127633000.0,4274000.0,2720.0,178600.0,177.0,1450.0,1429.99,0.0155015263728888,0.0157872503670133,0.0152173375186006,0.0151668559989799,0.0182386422365512,0.0126766252340826,0.0159823224988068,-0.0033056972647241,1.550152637288882,1.578725036701334,1.521733751860066,1.5166855998979931,1.823864223655125,1.267662523408264,1.5982322498806802,-0.3305697264724162,18.68,688.89,96.642,5493.85,0.0924769381260994,-0.0085999966348344,0.0013149926567583,0.0357451214660464,-0.004033839426615948,-0.0019567379186273826,0.0039037150314911143,0.0,-0.0019567379186273826,0.0019567379186273826,9.893961013903038e-06,0,0,15.376329558944592,2.7328292853323117,17.563613032241385,2.8658293205871113,3.500915145738086,1.2530244045288716,13.770786473063982,2.6225494260742708,4.677342530708244,1.5427301133312732,23.884977053153037,3.17324968611938
2026-01-29 10:00:00+00:00,87946.46,2944.29,1.8743,123.21,0.12109,1.0013,127780000.0,4277000.0,2722.0,179000.0,176.0,1452.0,1436.33,0.0115568358379534,0.0113568838165449,0.011101568715206,0.0114696173629029,0.0119292678897524,0.0095972726978463,0.0114828347244719,-0.0018855620266255,1.1556835837953416,1.1356883816544985,1.1101568715206067,1.1469617362902973,1.192926788975246,0.9597272697846382,1.148283472447198,-0.1885562026625598,18.75,687.99,96.398,5180.44,0.0037403196157232,-0.0013073036548982,-0.002527974823284,-0.058739290039572,0.004423797998460266,0.0006193184203713287,0.003907308465650781,0.0006193184203713287,0.0,0.0006193184203713287,9.754897620499458e-06,0,0,16.893256545659725,2.8269145213320983,12.520981364606687,2.527405746354634,1.0534186411677355,0.052040724101705405,9.824062285086825,2.2848347114790313,6.120836249581011,1.8116987292779554,18.764251789014775,2.931953559104319
2026-01-29 11:00:00+00:00,87846.5,2929.29,1.871,122.76,0.12115,1.0012,127623000.0,4258000.0,2719.0,178300.0,176.0,1452.0,1434.09,0.0130434639692396,0.0136006506166508,0.0133489285460017,0.0127868549495482,0.0130079224960992,0.0112752256650217,0.0131575641155079,-0.0018823384504862,1.304346396923961,1.3600650616650831,1.334892854600178,1.2786854949548232,1.3007922496099278,1.1275225665021704,1.3157564115507947,-0.1882338450486242,17.75,691.02,96.255,5266.05,-0.0548082364949951,0.0043944639648811,-0.0014845346427252,0.0163905611528516,-0.0015607475245484892,-0.0011372470293853354,0.003493119574089318,0.0,-0.0011372470293853354,0.0011372470293853354,9.808786404076364e-06,0,0,10.472174482049637,2.348721690238239,7.610957747268996,2.0295890177350917,1.3415363682109083,0.2938155006248344,5.596595925201564,1.7221585424132058,1.9541261943817525,0.6699431341256821,8.898566685160702,2.185890217157539
2026-01-30 09:00:00+00:00,82363.72,2721.93,1.7405,115.37,0.11351,1.0013,121002000.0,3999000.0,2557.0,169400.0,167.0,1469.0,1443.09,0.0180360985653713,0.0180779576720486,0.0180363452870249,0.0174828461476808,0.0195039910525791,0.0166329053536489,0.0182274477449409,-0.001594542391292,1.803609856537136,1.8077957672048672,1.8036345287024915,1.7482846147680808,1.950399105257916,1.663290535364892,1.8227447744940983,-0.1594542391292065,17.02,691.3,96.779,5032.21,-0.0419963927761966,0.0004051160423479,0.0054291087278315,-0.0454213044650853,0.006256146194888679,-0.00373229404347164,0.007874352756751106,0.0,-0.00373229404347164,0.00373229404347164,6.0816299263716064e-05,0,0,16.900798733058757,2.827360883123369,13.943773935870492,2.6350330957993293,1.126147444244584,0.11880246629997815,19.540654361484837,2.9724971343591786,5.121873151890564,1.6335202221232568,35.81109324442251,3.5782577125703807
2026-01-30 10:00:00+00:00,82833.92,2736.19,1.7502,115.92,0.11393,1.0014,121453000.0,4010000.0,2568.0,170000.0,168.0,1467.0,1445.14,0.0145889089536515,0.0141173181411102,0.0153070875280916,0.0148003933471385,0.0203784133839897,0.0137073718118518,0.0158384242707963,-0.0021310524589444,1.4588908953651505,1.411731814111028,1.5307087528091623,1.4800393347138563,2.037841338398972,1.3707371811851887,1.5838424270796336,-0.2131052458944449,17.04,690.96,96.877,5051.22,0.0011743982559413,-0.0004919479791887,0.0010121040232737,0.0037705468322055,0.0014195547752446913,0.005692590641830364,0.008034002402385373,0.005692590641830364,0.0,0.005692590641830364,6.0816299263716064e-05,0,0,12.748438726172292,2.545408811257241,6.650924098716574,1.8947558072264274,1.3706533454524936,0.3152875206528673,19.522731397042058,2.9715794993230737,2.7121385616977323,0.9977374608444289,44.51709407341366,3.795873251891871
2026-01-30 11:00:00+00:00,83151.36,2759.88,1.7698,117.08,0.11554,1.0014,122000000.0,4050000.0,2594.0,171800.0,170.0,1467.0,1444.56,0.0156752947753608,0.0158491905796722,0.0146358332276765,0.0157921696505272,0.0185467635525604,0.0141143817495843,0.0160998503571594,-0.0019854686075751,1.5675294775360893,1.5849190579672268,1.463583322767659,1.579216965052721,1.8546763552560463,1.4114381749584348,1.6099850357159484,-0.1985468607575136,18.15,690.89,96.87,4983.12,0.0631070393096902,-0.0001013134566854,-7.225918339948123e-05,-0.0135735973812405,-0.00040142575892954113,0.003824922149879839,0.008133708204476807,0.003824922149879839,0.0,0.003824922149879839,6.0762410480139156e-05,0,0,7.810628341421345,2.055485414062425,7.204052162625879,1.974643668073986,1.1352313484200203,0.12683646136967427,9.853521513770913,2.2878289053794814,4.094881034414539,1.409737665458011,18.202206279499503,2.901542810884021
2026-02-02 09:00:00+00:00,77725.33,2291.57,1.609,102.79,0.10457,1.0008,114975000.0,3388000.0,2379.0,152000.0,155.0,1479.0,1452.57,0.0183657234093301,0.0178252092709036,0.0178911244399369,0.0180184558347391,0.0204401072729039,0.0173814313963234,0.0185081240455627,-0.0011266926492393,1.836572340933018,1.7825209270903697,1.78911244399369,1.8018455834739155,2.0440107272903907,1.738143139632342,1.850812404556277,-0.1126692649239348,16.87,694.6888,97.542,4711.15,-0.0731336641529827,0.0054833539864489,0.0069131810418481,-0.0561241613030869,0.005529624428291413,0.010918787826923904,0.00706322972094988,0.010918787826923904,0.0,0.010918787826923904,2.5401844415117835e-05,1,0,11.665038943342878,2.456596243945564,6.338752750350277,1.8466820220217368,1.123967042932372,0.11686442980707909,11.889315212856637,2.475640115508092,5.446584133028558,1.694988647594206,51.94188282630099,3.950125455602634
2026-02-02 10:00:00+00:00,77504.54,2277.8,1.6117,102.88,0.10489,1.0008,114614000.0,3367000.0,2383.0,151900.0,154.0,1477.0,1455.7,0.0158711913898637,0.0154432236560353,0.0157058514831152,0.014273167174333,0.008590221863193,0.0138210788791512,0.013976731113308,-0.0001556522341567,1.5871191389863704,1.5443223656035343,1.5705851483115207,1.4273167174333024,0.8590221863193026,1.3821078879151294,1.397673111330806,-0.0155652234156766,16.68,695.53,97.548,4619.33,-0.0113264996272763,0.0012101693670985,6.151007229338035e-05,-0.0196823666526331,0.0021524832346990763,-0.0028446863853002213,0.006823790296294966,0.0,-0.0028446863853002213,0.0028446863853002213,2.190290812563278e-05,0,0,13.233247275950891,2.582732395927131,13.352001994587114,2.5916663357444176,0.7857063468175505,-0.24117216091832464,9.612947311986614,2.2631108681560006,14.758296635499391,2.6918054084138037,19.119882629221323,2.9507287689653614
2026-02-02 11:00:00+00:00,77759.99,2282.32,1.6216,102.78,0.10491,1.0007,114950000.0,3376000.0,2398.0,152000.0,156.0,1478.0,1451.89,0.0181671139078425,0.018807627961717,0.0185250837311716,0.0185943446025638,0.0241745914522746,0.0172713660906822,0.0196537523311139,-0.0023823862404316,1.8167113907842536,1.8807627961717088,1.852508373117168,1.8594344602563817,2.417459145227463,1.727136609068225,1.965375233111395,-0.2382386240431699,16.16,696.24,97.539,4664.41,-0.031671343837651,0.001020283612366,-9.226652730642826e-05,0.0097116796282374,-0.002620728631381297,0.0032905162626697404,0.006738739121514299,0.0032905162626697404,0.0,0.0032905162626697404,2.1902908125632782e-05,0,0,10.822087804388625,2.381589212696096,20.347284969807664,3.012947486270734,0.7990156884262569,-0.224374698331961,9.495833222481533,2.2508530942299623,5.006883817230239,1.6108137290103326,48.56200514429995,3.8828414379971816
2026-02-03 09:00:00+00:00,78400.01,2292.06,1.6036,103.15,0.10708,1.0005,115837000.0,3386000.0,2370.0,152400.0,158.0,1477.0,1448.98,0.019691484108687,0.0195266455286311,0.0199758930376121,0.0196552124215789,0.0183248300803853,0.0188283268681883,0.0194348130353789,-0.0006064861671905,1.969148410868704,1.9526645528631148,1.997589303761216,1.9655212421578967,1.8324830080385324,1.882832686818836,1.9434813035378928,-0.0606486167190566,17.15,692.23,97.442,4917.15,0.0594591205189991,-0.0057761581440454,-0.000994968822626,0.0527677418106282,-0.00200629533630714,-0.0044283177009294405,0.006114100811697759,0.0,-0.0044283177009294405,0.0044283177009294405,1.6810903488452388e-05,0,0,13.013224225780636,2.5659660885522357,8.452055945676882,2.1344097189553866,1.5111189648479937,0.4128504127181591,10.081704086577194,2.310722304562887,7.596820267032834,2.0277297738277453,11.064263335728743,2.403720395211603
2026-02-03 10:00:00+00:00,78120.36,2281.79,1.5999,102.9,0.10686,1.0006,115358000.0,3373000.0,2364.0,151900.0,157.0,1478.0,1447.57,0.0201027255267249,0.0211771646843896,0.0207398257230013,0.0197713935702426,0.0149506090577029,0.0204091904094056,0.0193483437124123,0.0010608466969933,2.0102725526724985,2.117716468438968,2.073982572300137,1.97713935702426,1.4950609057702955,2.0409190409405698,1.934834371241232,0.1060846696993376,17.09,690.77,97.435,4935.54,-0.0035046764844492,-0.0021113529173781,-7.184018640504775e-05,0.0037329950208047,-0.0009735720849777252,-0.0035733406145830315,0.006132488201156262,0.0,-0.0035733406145830315,0.0035733406145830315,1.7005758593332228e-05,0,0,15.445088333764803,2.737291045600859,8.94390550396275,2.1909723510575954,1.9944876034009955,0.6903871769521789,14.309256146356159,2.660906610830569,2.87316154492471,1.0554130070709964,15.253463305528282,2.7248065792715193
2026-02-03 11:00:00+00:00,78079.5,2276.68,1.6031,103.01,0.10665,1.0008,115382000.0,3365000.0,2368.0,152200.0,157.0,1477.0,1447.73,0.0207360776807761,0.0209289102580989,0.020313211052986,0.0205814991347523,0.0168367143105507,0.0194023364331612,0.0198792824874328,-0.0004769460542716,2.073607768077612,2.0928910258098954,2.0313211052986,2.058149913475238,1.6836714310550782,1.940233643316125,1.987928248743285,-0.04769460542716,18.28,688.805,97.378,4956.46,0.0673140688985047,-0.0028487053314991,-0.0005851765706248,0.0042296868557745,0.00011052395272503901,-0.0005231758969834743,0.006101766900191615,0.0,-0.0005231758969834743,0.0005231758969834743,1.7017163302464914e-05,0,0,9.670600697989421,2.269090427286567,13.933746321609918,2.6343136907302678,2.468715646780401,0.9036980343422851,16.385327736402022,2.796386284172404,2.738016684275792,1.007233820447323,38.770917652278385,3.657670420535521
2026-02-04 09:00:00+00:00,76119.0,2260.65,1.5986,97.14,0.10783,1.0012,112479000.0,3342000.0,2362.0,143600.0,159.0,1478.0,1456.18,0.0147599315283637,0.0152150674020921,0.0146704734261866,0.0151758525079901,0.0126105718681011,0.0137678898000774,0.0144863793465467,-0.0007184895464692,1.4759931528363746,1.5215067402092108,1.467047342618666,1.517585250799014,1.2610571868101106,1.3767889800077482,1.4486379346546752,-0.071848954646927,18.48,690.02,97.569,4985.46,0.0108815001875339,0.0017623705901437,0.001959507569901,0.0058338997396329,0.005819756018473399,-0.006132839186435035,0.011634166133358369,0.0,-0.006132839186435035,0.006132839186435035,7.608932712981318e-05,0,0,9.082490957166048,2.206348489480029,12.17385735724412,2.4992908130032623,2.165599969528763,0.7726974452473794,11.754724743188474,2.464255265570569,3.8684862846898667,1.3528632896191217,48.92511388214212,3.8902908409675683
2026-02-04 10:00:00+00:00,76302.1,2260.74,1.5957,97.03,0.10773,1.0011,112790000.0,3345000.0,2360.0,143700.0,159.0,1478.0,1457.72,0.0140514571284826,0.015012501345488,0.0145808143032839,0.0159600350478921,0.0124797644457039,0.0127980588967313,0.0144169144541701,-0.0016188555574387,1.4051457128482658,1.5012501345488038,1.458081430328395,1.5960035047892118,1.2479764445703978,1.2798058896731357,1.4416914454170149,-0.1618855557438792,18.9,688.22,97.678,4920.21,0.0224728558520586,-0.0026120284179871,0.0011165345569841,-0.0131744634668926,0.0010570027409180227,0.0024025556576514617,0.01164578147686696,0.0024025556576514617,0.0,0.0024025556576514617,7.5557295331987e-05,0,0,11.931510158755936,2.4791828130739737,14.126285342395803,2.6480372705842044,1.7413370472708383,0.5546532361162486,10.498743635592492,2.3512555962513004,11.461351330143106,2.438980621450371,11.122131864554913,2.408936984885963
2026-02-04 11:00:00+00:00,76017.25,2254.86,1.5924,96.11,0.10731,1.0012,112340000.0,3332000.0,2353.0,142100.0,159.0,1478.0,1458.98,0.012914822634092,0.0128288689579754,0.0127923673308887,0.0133889446574519,0.0155646861761598,0.0118223181737082,0.0134979379513135,-0.0016756197776053,1.291482263409205,1.2828868957975414,1.2792367330888732,1.3388944657451995,1.5564686176159803,1.1822318173708268,1.34979379513136,-0.167561977760533,19.07,683.49,97.579,4904.14,0.008954497546731,-0.0068965287814242,-0.0010140482388178,-0.003271466169755,0.0008639901795728377,-0.0037401726315291484,0.011658786098814275,0.0,-0.0037401726315291484,0.0037401726315291484,7.612876109425596e-05,0,0,10.768522940746589,2.3766273360569845,25.609463768000996,3.2429619616088177,1.4154262282835148,0.3474307071389201,7.607733387219335,2.0291652808881566,4.4840564572832164,1.5005280959609835,25.488851101707795,3.238241144861745
2026-02-05 09:00:00+00:00,71550.0,2133.45,1.414,92.5,0.10167,1.0015,105380000.0,3142000.0,2084.0,136100.0,150.0,1474.0,1462.91,0.0067715802331338,0.0067139878536199,0.0074666914543435,0.0057702465301017,0.0085114351249029,0.0060716732626755,0.0070467882392204,-0.0009751149765448,0.6771580233133845,0.6713987853619985,0.7466691454343533,0.5770246530101719,0.8511435124902933,0.6071673262675548,0.7046788239220403,-0.0975114976544855,22.73,676.86,97.826,4844.75,0.1755692182521242,-0.0097475686341841,0.0025280840464922,-0.012184101926179,0.00269004128827266,0.006942421694693834,0.007304801454063577,0.006942421694693834,0.0,0.006942421694693834,4.362613990972731e-05,1,0,12.357747557680447,2.5142831989888474,9.294057162753898,2.2293751811446145,0.7678229702075753,-0.26419607994763133,6.5118234355061535,1.8736195146204557,6.680130441198232,1.8991375144833864,40.403657463513596,3.6989203121444847
2026-02-05 10:00:00+00:00,70858.13,2097.72,1.3671,90.31,0.09951,1.0016,104157000.0,3082000.0,2013.0,132900.0,146.0,1471.0,1465.23,0.0032125897856203,0.0027191597624576,0.0049343459543038,0.0043459591311314,0.0013371465321794,0.0023342135667498,0.0033098402331385,-0.0009756266663886,0.3212589785620334,0.2719159762457623,0.4934345954303865,0.4345959131131449,0.1337146532179423,0.2334213566749898,0.3309840233138539,-0.097562666638864,22.5,679.82,97.865,4817.96,-0.0101703286540777,0.0043636004021294,0.0003985875744545,-0.005545042466089,0.0015846240176129456,-0.009716796978274544,0.0073641012568338975,0.0,-0.009716796978274544,0.009716796978274544,4.756014588960254e-05,0,1,9.280076485951595,2.22786978878479,6.67953916592914,1.899048998032476,0.39419487837614564,-0.9309098767980831,5.780532344435285,1.75449577955661,2.418018165612143,0.8829482648244898,20.894482538270534,3.039485130734193
2026-02-05 11:00:00+00:00,70318.35,2079.98,1.3653,89.98,0.09874,1.0014,103239000.0,3053000.0,2008.0,132100.0,145.0,1470.0,1463.34,0.0032978314003555,0.0030495817955908,0.0050562628744117,0.0032555818307762,0.0035283253095224,0.0031468265556597,0.0036375166421313,-0.0004906900864715,0.3297831400355555,0.3049581795590894,0.5056262874411743,0.3255581830776233,0.3528325309522406,0.3146826555659787,0.3637516642131366,-0.0490690086471579,20.53,681.58,97.758,4889.69,-0.0916280781795317,0.0025855751145815,-0.0010939410056138,0.0147783048360938,-0.0012907325161384264,-0.007646920086372688,0.007422181484485581,0.0,-0.007646920086372688,0.007646920086372688,4.941374986850796e-05,0,1,9.107813188819849,2.209132637321389,7.477131524568475,2.0118492324165604,0.43759781035178325,-0.8264550316533762,4.637221871762761,1.5341154523911775,2.151843566900328,0.7663249476965353,11.926545689067831,2.478766645906672
2026-02-06 09:00:00+00:00,65799.55,1919.0,1.3297,81.34,0.09262,1.0012,97798000.0,2852000.0,1972.0,120700.0,138.0,1484.0,1463.06,0.01588585429997,0.0158098262105392,0.0136571893896768,0.014240538818891,0.0183854196986081,0.0130967522854301,0.015595765683537,-0.0024990133981069,1.5885854299970026,1.580982621053928,1.365718938967686,1.424053881889109,1.8385419698608183,1.3096752285430169,1.5595765683537088,-0.249901339810692,19.48,685.61,97.704,4947.76,-0.0524989328164533,0.0058953205798975,-0.000552537080086,0.0118060421133954,-0.00019136140025555193,0.013841649787302401,0.016181395456492192,0.013841649787302401,0.0,0.013841649787302401,0.00016430737041004425,1,0,10.5045869878977,2.3518120177599378,18.841950348791247,2.936085785488265,1.064212648631856,0.06223522868726247,4.9219644597876435,1.593707731257635,4.8534441258939625,1.5796885819773645,55.06499130959221,4.008514147795996
2026-02-06 10:00:00+00:00,65967.51,1926.94,1.3588,80.81,0.09368,1.0011,97440000.0,2851000.0,2007.0,119500.0,139.0,1477.0,1463.56,0.0092451063600826,0.0109239690960387,0.009209436878794,0.0103975095228401,0.0138119049886875,0.008074206186472,0.0107175853692886,-0.0026433791828166,0.9245106360082688,1.0923969096038766,0.9209436878794052,1.0397509522840132,1.3811904988687562,0.8074206186472033,1.071758536928864,-0.2643379182816607,18.56,687.1215,97.646,4943.79,-0.0483795708563348,0.0022021795388926,-0.0005938060066981,-0.0008027053825081,0.00034169110090420673,0.002549348691042397,0.016169912368389404,0.002549348691042397,0.0,0.002549348691042397,0.00016037336443016904,0,0,4.421288285333009,1.4864311208911856,16.249621222513472,2.788069599120292,0.6499372007125159,-0.4308795350483523,3.483569582825707,1.248057510263624,3.453106264929485,1.23927419260258,8.762613741057608,2.1704942327109977
2026-02-06 11:00:00+00:00,66631.32,1932.68,1.3684,81.36,0.09371,1.001,98716000.0,2868000.0,2028.0,120600.0,138.0,1481.0,1463.55,0.0122821255322038,0.0139385388512263,0.01262191271277,0.0128119196171994,0.0062029458625521,0.010912151631635,0.0115714885151903,-0.0006593368835552,1.228212553220387,1.3938538851226312,1.2621912712770025,1.2811919617199408,0.6202945862552101,1.091215163163506,1.1571488515190342,-0.0659336883555284,18.06,688.5,97.666,4951.98,-0.0273091793692148,0.0020041856883246,0.0002048005250054,0.0016552530768123,-6.832677965640244e-06,0.010012389181051518,0.016349104306984264,0.010012389181051518,0.0,0.010012389181051518,0.00015793688997986196,1,0,5.643108956944601,1.7304351471374062,10.29872135519203,2.33201974725693,0.7585058449294554,-0.2764047743175643,4.013426078725165,1.3896452602624507,2.414873828784216,0.8816470409298799,16.052873215134085,2.7758878500737376
2026-02-09 09:00:00+00:00,69630.35,2042.27,1.399,84.33,0.09396,1.0007,103202000.0,3024000.0,2075.0,124900.0,140.0,1482.0,1458.18,0.0164321614106954,0.0154475398231732,0.0171599441413994,0.0157087663670223,0.0218188034874335,0.0156244946934052,0.0173134430459448,-0.0016889483525396,1.6432161410695478,1.5447539823173262,1.715994414139943,1.5708766367022342,2.181880348743359,1.562449469340521,1.7313443045944823,-0.1688948352539611,17.8,691.98,96.93,5039.24,-0.0145010906907998,0.0050417352971923,-0.0075644258825775,0.017467780460052,-0.0036759084835038536,-0.003492941477141187,0.00586670332424573,0.0,-0.003492941477141187,0.003492941477141187,1.8680955376891003e-05,0,0,10.245300186335497,2.326819082026416,7.281739710129837,1.9853698048312132,0.7174623234618178,-0.33203484358171337,5.664443750628258,1.734208699125558,3.6696776284934454,1.3001038185607885,26.64981379715831,3.282782163614023
2026-02-09 10:00:00+00:00,68727.88,2022.7,1.3831,83.23,0.09286,1.0007,102051000.0,3003000.0,2051.0,123600.0,137.0,1484.0,1455.47,0.020189991867574,0.020047978471277,0.0188466476421056,0.0203174585527257,0.0136514117994064,0.0188886934470269,0.0186106976666177,0.0002779957804091,2.0189991867574086,2.004797847127704,1.884664764210564,2.031745855272571,1.3651411799406432,1.8888693447026927,1.861069766661778,0.0277995780409146,17.26,694.645,97.002,5059.54,-0.0308067716427578,0.0038438702336334,0.0007425283430073,0.0040202930140047,-0.0018602102390268271,-0.013045596189869002,0.0063867347417154415,0.0,-0.013045596189869002,0.013045596189869002,2.5772104541437857e-05,0,1,5.994945254204736,1.7909166565286465,5.338514161308615,1.6749473673082875,0.6060039340409358,-0.5008688011171687,4.083834004321092,1.4070362541093544,1.6598398637867064,0.5067211301167842,35.66047673725438,3.5740429813095784
2026-02-09 11:00:00+00:00,68928.72,2028.23,1.3934,83.47,0.09319,1.0007,102264000.0,3008000.0,2066.0,123800.0,138.0,1483.0,1458.49,0.017229874784068,0.0168506579578173,0.0166022234184974,0.0169199686851406,0.0153278968591898,0.0160937861498446,0.0165861243409426,-0.0004923381910979,1.722987478406801,1.6850657957817372,1.6602223418497486,1.6919968685140674,1.5327896859189891,1.609378614984469,1.6586124340942687,-0.0492338191097996,17.05,695.18,96.99,5074.65,-0.0122414819257561,0.0007698811381651,-0.000123716442073,0.0029819869563958,0.0020727814254604127,0.0029179878408580606,0.005980872759262254,0.0029179878408580606,0.0,0.0029179878408580606,2.5772104541437857e-05,0,0,8.089898713541242,2.090616211034206,9.240592410241108,2.2236059972608575,0.6358775616382817,-0.4527492473224053,3.750701360519626,1.3219428519663885,5.823784368292593,1.761950285533919,26.807714639414534,3.2886897057728093
2026-02-10 09:00:00+00:00,69151.5,2016.8,1.4211,84.56,0.0936,1.0008,102666000.0,2996000.0,2112.0,125700.0,138.0,1484.0,1457.72,0.0184762926471078,0.019071988039812,0.0195186202650607,0.0197558162328692,0.0114143829809387,0.0172143820492272,0.0176474200331577,-0.0004330379839305,1.8476292647107817,1.907198803981203,1.9518620265060795,1.975581623286926,1.1414382980938775,1.7214382049227206,1.7647420033157737,-0.0433037983930528,17.42,695.8663,96.789,5036.44,0.0214687676948313,0.0009867393424425,-0.0020745289436572,-0.0075580737375862,-0.0005280826949327633,0.0001373889592066746,0.006310763601890606,0.0001373889592066746,0.0,0.0001373889592066746,2.064301454764523e-05,0,0,23.2475515930202,3.1461998186610187,8.855837310638941,2.1810768247135375,0.9290512058253713,-0.07359142239197064,11.255701012016589,2.4208747569163505,5.2912366506752235,1.6660519899441155,27.820186864049486,3.325761903368838
2026-02-10 10:00:00+00:00,68921.68,2014.01,1.416,84.22,0.09326,1.0008,102394000.0,2992000.0,2104.0,125100.0,138.0,1484.0,1456.83,0.0197877193863753,0.0197438397796354,0.019937608516223,0.0196079110248179,0.0157218596367514,0.0178358140625876,0.0189597876687606,-0.001123973606173,1.978771938637536,1.9743839779635453,1.993760851622306,1.960791102481796,1.5721859636751434,1.7835814062587607,1.8959787668760653,-0.1123973606173046,17.44,694.7,96.76,5019.74,0.0011474470564767,-0.0016774464813078,-0.0002996657199672,-0.0033213437611347,-0.0006107289479775346,-0.003328962398615687,0.005742822340332419,0.0,-0.003328962398615687,0.003328962398615687,1.4013614993573246e-05,0,0,16.40324981428988,2.79747947460709,8.122060282514607,2.094583851363453,1.0546432793651217,0.05320258592675135,8.82268501892171,2.1773262476051682,2.2782294151279023,0.823398568965549,41.32153210829021,3.7213837226610775
2026-02-10 11:00:00+00:00,68535.01,2003.21,1.4081,83.85,0.09294,1.0008,101815000.0,2974000.0,2090.0,124400.0,137.0,1485.0,1457.3,0.0194133582306836,0.0187450692451762,0.0185065416360383,0.0180482190682642,0.0115070966968739,0.0181931995061332,0.0172440569754073,0.0009491425307259,1.9413358230683688,1.8745069245176271,1.8506541636038376,1.804821906826426,1.1507096696873995,1.8193199506133293,1.7244056975407318,0.0949142530725977,17.31,695.27,96.762,5023.44,-0.0074820492927156,0.0008201616321956,2.066948460743845e-05,0.000736818451406,0.0003225662575632171,-0.005626077856671685,0.00582588482351589,0.0,-0.005626077856671685,0.005626077856671685,1.533247966229539e-05,0,0,11.238994753619483,2.419389405734658,5.189480653931417,1.646633625490912,0.9723838244251757,-0.028004671370859487,8.327892969687914,2.1196104793674393,2.932958384203271,1.076011601078856,13.6536292186842,2.6140053631186704
2026-02-11 09:00:00+00:00,66872.03,1947.0,1.3615,80.8,0.09009,1.0004,98803000.0,2876000.0,2012.0,119400.0,133.0,1478.0,1450.79,0.0184062853145303,0.01816549921212,0.0186049381678832,0.0185642114139383,0.0175845410441732,0.018347959653324,0.018265095030529,8.286462279496337e-05,1.8406285314530368,1.8165499212120075,1.8604938167883225,1.856421141393838,1.7584541044173283,1.834795965332403,1.8265095030529068,0.0082864622794963,18.36,689.71,97.021,5060.59,0.0588900160042262,-0.0080290399413343,0.0026730946906825,0.0073681193074808,-0.004477172903487592,-0.0016292491413363308,0.006004022682900336,0.0,-0.0016292491413363308,0.0016292491413363308,2.497764198048441e-05,0,0,7.372550642637943,1.9977637308105847,4.286449467535438,1.4554587603200584,0.6158307405111297,-0.48478312510284827,5.358038177425964,1.6785978964098287,8.257047588785447,2.111067088866115,32.661814922203995,3.486206656182187
2026-02-11 10:00:00+00:00,66531.99,1939.3,1.3614,80.69,0.08967,1.0005,98278000.0,2865000.0,2009.0,119200.0,133.0,1477.0,1450.72,0.018221347193233,0.0183475677731241,0.0172099323144359,0.0182934296031131,0.0224000753519617,0.0176063396558034,0.0188944704471736,-0.0012881307913701,1.8221347193233093,1.8347567773124185,1.7209932314435905,1.82934296031132,2.240007535196176,1.7606339655803491,1.8894470447173628,-0.1288130791370134,17.65,691.772,96.926,5058.69,-0.0394386018130386,0.0029852021688023,-0.0009796491577365,-0.0003755207924545,-4.8250738418076367e-05,-0.005097908390347072,0.006039528587501162,0.0,-0.005097908390347072,0.005097908390347072,2.559875361819166e-05,0,0,7.487754333357736,2.013268930591921,3.683720250905749,1.303923179273534,0.811971173273438,-0.20829044034541153,5.892006917919977,1.7735966727205323,2.8043621422653846,1.0311761128534047,37.84146365431128,3.6334054235178446
2026-02-11 11:00:00+00:00,67053.03,1953.66,1.3791,81.26,0.09023,1.0004,99190000.0,2889000.0,2039.0,120200.0,134.0,1477.0,1446.73,0.0224968892244097,0.022141614023506,0.0219601939006424,0.0224454871917785,0.0265174908671486,0.020514841211221,0.023112335041497,-0.002597493830276,2.2496889224409733,2.2141614023506007,2.196019390064241,2.2445487191778524,2.6517490867148608,2.0514841211221047,2.3112335041497056,-0.259749383027601,17.69,693.58,96.721,5075.08,0.0022637247923884,0.0026101684286574,-0.002117255383049,0.0032347318503145,-0.0027541476278249988,0.007800914238579537,0.006255848393904164,0.007800914238579537,0.0,0.007800914238579537,2.4279888949469515e-05,1,0,9.329482448959137,2.2331795416120803,4.345120932961907,1.4690535910025095,0.9292229916870371,-0.07340653486311705,10.338634657977504,2.3358878156785896,4.042357559992241,1.396828076224895,24.863978429725545,3.2134201066545174
2026-02-12 09:00:00+00:00,67550.47,1982.43,1.396,81.79,0.09346,1.0005,99047000.0,2907000.0,2045.0,119900.0,136.0,1465.0,1435.43,0.0214825034819634,0.0215629932076677,0.0205302337745822,0.0212614913754802,0.0137505739076801,0.0200900538981116,0.0197175591494747,0.0003724947486368,2.148250348196345,2.1562993207667747,2.0530233774582296,2.126149137548028,1.3750573907680197,2.0090053898111693,1.97175591494748,0.0372494748636896,17.47,693.14,96.785,5044.3,-0.0125143840257289,-0.0006345909985663,0.0006614782211782,-0.0060833954105259,-0.007841381394818825,0.00607790239739181,0.005823565985353552,0.00607790239739181,0.0,0.00607790239739181,1.636120494349799e-05,0,0,9.745538749771898,2.2768096161693885,7.708892557720806,2.0423745401275433,1.1201671837563756,0.11347794537821414,3.976671595876888,1.3804451869741123,1.7123500620455259,0.5378667323111678,30.169821219310716,3.406842127376505
2026-02-12 10:00:00+00:00,68014.01,1994.15,1.4038,82.19,0.09406,1.0005,99682000.0,2921000.0,2057.0,120400.0,138.0,1464.0,1435.31,0.0211102869621753,0.0205352813307522,0.0209003271049019,0.0206146450119715,0.0221824055674229,0.0194789737527723,0.0210685891954447,-0.0015896154426724,2.111028696217532,2.053528133075222,2.090032710490197,2.061464501197152,2.2182405567422903,1.94789737527723,2.1068589195444787,-0.1589615442672488,19.67,683.56,96.925,5060.38,0.1186095082550027,-0.0139175632098824,0.0014454599594833,0.0031826863539503,-8.360213747682366e-05,0.0068386911756928015,0.005841461775175595,0.0068386911756928015,0.0,0.0068386911756928015,1.527834369531586e-05,1,0,8.555333864496745,2.1465549322398054,5.6254644522083215,1.7273035139633077,0.6145061264476367,-0.4869363802167357,4.72763458327126,1.553424989314754,1.0317117946304004,0.0312193592875948,14.199172914633488,2.6531837174625372
2026-02-12 11:00:00+00:00,68076.01,1989.02,1.4015,81.87,0.09388,1.0004,99827000.0,2916000.0,2056.0,120100.0,137.0,1466.0,1439.44,0.0187329647555172,0.0184853879644968,0.0191460868389001,0.0191184171204126,0.0138038106046589,0.0180444023135479,0.0178573334567971,0.0001870688567508,1.8732964755517223,1.848538796449684,1.9146086838900176,1.9118417120412623,1.380381060465896,1.804440231354798,1.7857333456797166,0.0187068856750814,20.34,684.08,96.928,4951.68,0.033494758219446,0.0007604340689919,3.095128783403567e-05,-0.0217146663549314,0.002873295306637935,0.0009111616603405537,0.005654811511084311,0.0009111616603405537,0.0,0.0009111616603405537,1.527834369531586e-05,0,0,13.832505282708864,2.6270212776956297,6.635329223687322,1.8924082857976865,0.7629311070325154,-0.2705875439990188,3.9630654402731698,1.3770178268837645,6.041053078263021,1.7985783474552037,22.09144111097816,3.095190253465185
2026-02-13 09:00:00+00:00,66959.71,1962.0,1.3685,79.88,0.09365,1.0006,98103000.0,2876000.0,2005.0,117200.0,137.0,1466.0,1445.04,0.01388536759906,0.0144017966791165,0.0138873541516719,0.0153357700837366,0.0123551966290849,0.0138964509242194,0.013973097028534,-7.664610431459308e-05,1.3885367599060006,1.4401796679116563,1.3887354151671971,1.5335770083736655,1.2355196629084908,1.3896450924219428,1.397309702853402,-0.0076646104314593,21.26,682.9603,96.947,4998.83,0.0442379822933878,-0.0016381378813665,0.0001960025796092,0.0094769721129299,0.003882853780039497,0.003886742006745436,0.006730390794569013,0.003886742006745436,0.0,0.003886742006745436,2.8617870996876895e-05,0,0,5.321934847972937,1.6718369304611977,13.993406833145022,2.638586278198317,0.7775464895393928,-0.2516118430965173,9.93091380181198,2.29565249817476,4.226189269613837,1.4413007051322368,43.436282226436525,3.7712950878571783
2026-02-13 10:00:00+00:00,66977.66,1959.4,1.3684,80.36,0.09392,1.0007,98284000.0,2875000.0,2008.0,117900.0,138.0,1467.0,1444.86,0.0156102718359278,0.015521160422544,0.0156051042176126,0.015425601610989,0.0169397760129126,0.0146130547784362,0.0158203828199972,-0.001207328041561,1.5610271835927891,1.5521160422544034,1.560510421761263,1.5425601610989048,1.6939776012912633,1.461305477843622,1.5820382819997247,-0.1207328041561029,20.19,683.795,96.936,4976.48,-0.0516399405890557,0.0012214331325788,-0.0001134704952141,-0.0044810712446992,-0.0001245717846520833,0.000268035726064042,0.006555957316342526,0.000268035726064042,0.0,0.000268035726064042,2.8617870996876895e-05,0,0,7.81111087875982,2.0555471917341457,9.191255650381905,2.218252559284739,0.709875029264048,-0.3426663395603145,10.064189002902795,2.3089834798793953,5.958643551835147,1.7848428632003062,16.13400008818027,2.780928851980276
2026-02-13 11:00:00+00:00,67171.42,1960.04,1.368,80.31,0.09398,1.0007,98716000.0,2882000.0,2011.0,118000.0,138.0,1469.0,1443.82,0.0178644970967198,0.0183943674058026,0.0181527058539718,0.0176520879018688,0.0170225730282567,0.0167281373761865,0.017817246257324,-0.0010891088811375,1.786449709671989,1.8394367405802687,1.8152705853971884,1.7652087901868896,1.7022573028256716,1.6728137376186505,1.7817246257324015,-0.1089108881137512,19.27,685.3397,96.841,5008.45,-0.046637949898471,0.0022564626481518,-0.0009805086012386,0.0064036721838718,-0.0007200520964136814,0.0028887284913157174,0.006588643841347552,0.0028887284913157174,0.0,0.0028887284913157174,2.8617870996876895e-05,0,0,6.428143172096349,1.8606857208220493,9.183969459522936,2.2174595141713045,0.8914276536706153,-0.11493099621067575,6.7973684743822975,1.916535548221043,2.8558630907945712,1.0493741059314454,15.654198453337813,2.750739152786497
2026-02-17 09:00:00+00:00,68126.28,1976.16,1.4611,85.95,0.09933,1.0005,100935000.0,2928000.0,2165.0,127400.0,147.0,1481.0,1448.05,0.0231600023324558,0.023211494033289,0.0232798021953348,0.0236228902566788,0.0220057549144059,0.0222436173232745,0.0230559887464329,-0.0008123714231583,2.3160002332455853,2.321149403328904,2.3279802195334875,2.362289025667885,2.200575491440593,2.224361732327451,2.305598874643291,-0.0812371423158396,22.47,677.51,97.502,4861.47,0.1536316037709628,-0.0114903149545364,0.0068024322859461,-0.0297856246773626,0.002925444793005383,-0.0007519966230606911,0.0066018360197933725,0.0,-0.0007519966230606911,0.0007519966230606911,2.720056508301126e-05,0,0,9.14970700777855,2.213721857766938,13.202883957273169,2.5804352873402974,0.47474499400979187,-0.7449774738218136,5.552847419734858,1.7143108447947824,2.9406937229984393,1.0786455137199107,27.748301498615124,3.3231746310620904
2026-02-17 10:00:00+00:00,67845.3,1966.93,1.4554,85.05,0.0988,1.0005,100465000.0,2916000.0,2156.0,125800.0,147.0,1481.0,1447.32,0.0231291489441822,0.0243162247331807,0.0235329363461145,0.0219785006594037,0.0280064194595153,0.0227592170805126,0.0241926460284793,-0.0014334289479666,2.312914894418228,2.4316224733180736,2.353293634611453,2.197850065940377,2.800641945951532,2.275921708051265,2.4192646028479325,-0.1433428947966674,20.99,681.58,97.346,4878.8,-0.0681349523646961,0.0059893195690676,-0.0016012484945386,0.0035584266733081,-0.0005042533530899007,-0.00413292836567436,0.006627014306269262,0.0,-0.00413292836567436,0.00413292836567436,2.7580228116634784e-05,0,0,6.754975434654221,1.910279334788854,9.981632350045146,2.3007466390773184,0.7689558048469438,-0.26272178206826596,4.102052954790548,1.4114875690721151,4.797459685345017,1.568086545601256,26.045713286780686,3.2598531975290257
2026-02-17 11:00:00+00:00,67854.6,1968.47,1.4525,85.1,0.09887,1.0005,100637000.0,2918000.0,2155.0,126000.0,147.0,1483.0,1444.82,0.0265134460943929,0.0259890893337206,0.0268745457837258,0.0247719756291007,0.0290561105192934,0.0259124808382482,0.0266410334720467,-0.0007285526337984,2.651344609439299,2.5989089333720683,2.6874545783725834,2.477197562910072,2.9056110519293465,2.5912480838248264,2.664103347204674,-0.0728552633798472,20.9,682.15,97.252,4867.73,-0.0042969748617767,0.0008359426472877,-0.0009660942796037,-0.0022715786562326,-0.0017288240698398738,0.00013706716091377302,0.006626640254401901,0.00013706716091377302,0.0,0.00013706716091377302,2.7580228116634784e-05,0,0,10.402660875095822,2.3420616267970322,7.620253838449978,2.0308096812762613,1.0500014639428,0.04879155839969808,10.718757296372713,2.371995225077139,3.972325914436173,1.3793517957966672,12.740780883215448,2.544807942081597
2026-02-18 09:00:00+00:00,68157.79,2016.69,1.4881,85.32,0.10125,1.0004,100574000.0,2977000.0,2197.0,126000.0,150.0,1477.0,1447.91,0.0191278161872243,0.019525569492703,0.0196623240300279,0.0199482350043496,0.023186165909125,0.0196831544954518,0.020290022124686,-0.0006068676292341,1.912781618722437,1.952556949270301,1.966232403002799,1.9948235004349613,2.3186165909125034,1.968315449545188,2.0290022124686,-0.060686762923412,19.02,687.89,97.436,4992.38,-0.0942581018535206,0.0083793664207663,0.0018902043760684,0.0252850406341682,0.0021363910045337775,0.0003664228999973318,0.0055891584914888786,0.0003664228999973318,0.0,0.0003664228999973318,1.786768845428656e-05,0,0,11.206857606623952,2.416525877235978,9.236479346462385,2.223160789935712,0.5534575677388086,-0.5915701914906082,13.851363603050366,2.6283836828808522,1.5049752940181995,0.408776482131345,13.196847896119928,2.5799780053275905
2026-02-18 10:00:00+00:00,67801.26,1997.27,1.4784,84.26,0.10047,1.0005,100164000.0,2949000.0,2184.0,124600.0,148.0,1476.0,1446.98,0.0209662042094866,0.0204117842544384,0.0209351388911576,0.021960380042886,0.0180351768930975,0.0195457911067136,0.0204617368582132,-0.0009159457514996,2.0966204209486694,2.041178425443846,2.093513889115761,2.196038004288603,1.8035176893097529,1.9545791106713617,2.0461736858213264,-0.0915945751499648,18.76,688.2,97.472,4998.47,-0.0137641135391657,0.0004505519337305,0.0003694050568414,0.0012191156416658,-0.0006425114819519351,-0.005244679442014899,0.005629529433428969,0.0,-0.005244679442014899,0.005244679442014899,1.830208701985731e-05,0,0,10.612505829524654,2.3620331009447026,7.845593416029279,2.0599520259028608,0.8148800547526837,-0.20471434865474472,8.792440933108804,2.1738923674712494,2.197990816754013,0.7875436779717978,24.00148571814335,3.1781157333545544
2026-02-18 11:00:00+00:00,67369.75,1981.43,1.4665,82.86,0.10009,1.0003,99698000.0,2934000.0,2169.0,122800.0,149.0,1479.0,1448.34,0.0217649135494013,0.0223764807737418,0.0211909552650988,0.0232527317156561,0.0278389092442152,0.0208628036718445,0.0232847981096226,-0.0024219944377781,2.1764913549401355,2.237648077374188,2.1190955265098843,2.325273171565612,2.783890924421528,2.0862803671844565,2.328479810962269,-0.242199443777813,18.79,688.2061,97.517,5001.25,0.0015978698472953,8.863663129687893e-06,0.000461564506704,0.0005560155827595,0.0009394471768393586,-0.006384674729307704,0.005776741255101551,0.0,-0.006384674729307704,0.006384674729307704,2.000058999481816e-05,0,0,6.11128901449185,1.8101377189348238,5.790251278614469,1.7561756893676397,0.4827832691563261,-0.7281874441365032,5.518825070015937,1.7081649879985115,1.9716358466949506,0.6788635772089359,28.246518736044866,3.3409702194164552
2026-02-19 09:00:00+00:00,66836.0,1963.79,1.4152,81.21,0.09747,1.0004,98716000.0,2901000.0,2092.0,119900.0,144.0,1477.0,1451.31,0.0176932904332498,0.0178704276319756,0.0185530945767757,0.0173010316210497,0.0179614656158733,0.017294331483632,0.0178758619757848,-0.0005815304921528,1.7693290433249853,1.787042763197566,1.8553094576775784,1.730103162104979,1.7961465615873309,1.729433148363202,1.787586197578488,-0.058153049215286,20.52,683.83,97.906,5007.75,0.0880752068771948,-0.0063790083063448,0.0039811129066702,0.001298831234644,0.0020485238139924533,-0.001944962322257382,0.004341301682664864,0.0,-0.001944962322257382,0.001944962322257382,1.3769169563020683e-05,0,0,12.954442115678123,2.5614387498431452,7.951211594691262,2.073324318902216,1.097833563279708,0.0933387498852001,5.367896323867012,1.6804360857472147,5.602716186363742,1.7232515134297244,18.6022687828425,2.9232835508526738
2026-02-19 10:00:00+00:00,66843.08,1959.64,1.4109,81.53,0.09775,1.0003,98822000.0,2898000.0,2086.0,120400.0,144.0,1478.0,1448.29,0.0208023329506452,0.02109594957199,0.0208514232573271,0.0196556089975823,0.0171621567856927,0.0202077850293145,0.0199134943126475,0.000294290716667,2.0802332950645264,2.1095949571990014,2.085142325732714,1.965560899758234,1.7162156785692773,2.020778502931453,1.9913494312647504,0.0294290716667023,20.19,684.24,97.899,5014.26,-0.0162125879778227,0.0005993845523617,-7.149970637154723e-05,0.0012991407742788,-0.002083046690580126,0.00010592532513875597,0.004240192775450555,0.00010592532513875597,0.0,0.00010592532513875597,1.2623058627625111e-05,0,0,8.891821936141858,2.185131970726214,9.079125026029375,2.2059778251979165,0.719332128846374,-0.32943209628253906,7.910248604197313,2.068159210387741,3.7281274725768285,1.3159060895265435,19.212899600864784,2.9555819076524403
2026-02-19 11:00:00+00:00,66496.02,1949.58,1.4093,81.24,0.0977,1.0004,98301000.0,2882000.0,2081.0,120000.0,145.0,1478.0,1450.32,0.0192916059595846,0.0192696190788863,0.0181336521472335,0.0184682514521523,0.0233156182579381,0.0186779720237231,0.019695749379159,-0.0010177773554358,1.929160595958468,1.926961907888636,1.8133652147233503,1.846825145215236,2.331561825793816,1.867797202372312,1.969574937915901,-0.101777735543589,20.44,683.875,97.894,4994.71,0.0123063330107577,-0.0005335808885362,-5.107434894036089e-05,-0.0039065008412055,0.0014006715852667995,-0.005205686610347371,0.004176528421198808,0.0,-0.005205686610347371,0.005205686610347371,1.2053687864545505e-05,0,0,6.019079587694431,1.7949343552219308,7.352787447401883,1.9950794858741836,0.7295959129884821,-0.31526444195305303,6.117305894951137,1.8111217863586613,2.2743648334030464,0.8217008193124318,6.432962195018163,1.8614351156850546
2026-02-20 09:00:00+00:00,68218.85,1968.15,1.423,84.19,0.09919,1.0004,100444000.0,2900000.0,2098.0,124000.0,147.0,1473.0,1450.11,0.0153567443639017,0.0161056257761365,0.0167159490403938,0.0156877818810554,0.0219943551163788,0.0153788578699309,0.0171720912355732,-0.0017932333656422,1.5356744363901775,1.61056257761365,1.6715949040393865,1.5687781881055465,2.1994355116378816,1.5378857869930984,1.7172091235573284,-0.1793233365642299,20.04,686.78,97.626,5055.79,-0.0197634891188398,0.0042388556562036,-0.0027414092455222,0.0121547688148115,-0.00014480611520806264,0.004979626574579399,0.004034813057620216,0.004979626574579399,0.0,0.004979626574579399,5.310215487307399e-06,0,0,12.753881941485906,2.545835691262963,12.292230408232014,2.5089673886607367,0.7943053968873013,-0.23028726084605114,14.975934312207933,2.7064445335215526,5.220326709134271,1.65255998789276,12.686835612106481,2.540564889882625
2026-02-20 10:00:00+00:00,67948.99,1957.54,1.4212,84.09,0.09917,1.0004,100043000.0,2886000.0,2094.0,123800.0,147.0,1474.0,1446.41,0.0179168068114079,0.0192817912950762,0.0186618996221537,0.0178525675564102,0.0248153122984851,0.0186673458740618,0.0197056755167066,-0.0010383296426448,1.7916806811407948,1.928179129507624,1.86618996221537,1.7852567556410293,2.4815312298485104,1.8667345874061825,1.9705675516706656,-0.103832964264483,19.04,686.07,97.779,5044.11,-0.0511882468534445,-0.0010343447037914,0.0015659786726711,-0.0023128952181377,-0.0025547912753776103,-0.003963643005604922,0.004151415389369425,0.0,-0.003963643005604922,0.003963643005604922,5.964818232135766e-06,0,0,8.527044948706928,2.1432428710849343,9.145184966737823,2.213227507634768,0.835905815135252,-0.17923933356566774,11.86843168152916,2.473882075337107,5.4532946860575215,1.6962199555726116,42.059912045889796,3.739095079114255
2026-02-20 11:00:00+00:00,67318.41,1943.98,1.4057,83.58,0.09848,1.0003,99225000.0,2870000.0,2074.0,123300.0,145.0,1476.0,1446.27,0.0191494632324613,0.0208001530646508,0.0201563319338418,0.0200262118443745,0.0180534607759896,0.0202502525808874,0.0196371241702636,0.0006131284106237,1.914946323246136,2.0800153064650884,2.015633193384181,2.002621184437458,1.8053460775989685,2.025025258088742,1.9637124170263665,0.0613128410623754,19.7,685.14,97.876,5066.96,0.0340766063807231,-0.0013564663947907,0.00099154131453,0.0045198062914284,-9.679605079693232e-05,-0.009323526110831537,0.004477679701297154,0.0,-0.009323526110831537,0.009323526110831537,8.457691817727748e-06,0,1,19.282251484069903,2.9591850605837475,8.985041627353807,2.195561153207963,0.667463053740998,-0.4042712404403634,16.363974243488755,2.79508222609187,2.6301815591585376,0.9670528777075278,29.582319961519424,3.3871768842788272
2026-02-23 09:00:00+00:00,66404.91,1918.0,1.3914,80.46,0.09656,1.0002,97610000.0,2821000.0,2043.0,118100.0,142.0,1470.0,1441.54,0.0196882680958832,0.0202997625511809,0.018567160127606,0.018223630264277,0.0201508354219221,0.0195388673142906,0.0193859312921739,0.0001529360221167,1.96882680958832,2.0299762551180933,1.8567160127606064,1.822363026427709,2.01508354219222,1.9538867314290664,1.93859312921739,0.0152936022116766,20.75,684.53,97.581,5192.71,0.0519276109327648,-0.0008907255621144,-0.0030185690356177,0.0245146866517664,-0.0032758417138643026,0.011030738048933841,0.008846632668616334,0.011030738048933841,0.0,0.011030738048933841,6.272799220312891e-05,1,0,7.908151373192862,2.0678940469047418,4.997884946089233,1.609014812157647,0.8695230201625063,-0.13981047036574037,6.32542198209568,1.8445767489250011,4.609783475770805,1.5281808875260734,20.036816103513384,2.997571386524175
2026-02-23 10:00:00+00:00,66319.69,1913.94,1.3924,80.27,0.09633,1.0001,97428000.0,2809000.0,2043.0,117900.0,142.0,1468.0,1443.74,0.0175419218299266,0.0165633102031748,0.0162846426661813,0.0173527257111829,0.0210283359939822,0.0167019094009532,0.0177541872808896,-0.0010522778799363,1.7541921829926643,1.6563310203174808,1.6284642666181348,1.735272571118296,2.102833599398224,1.6701909400953283,1.7754187280889602,-0.1052277879936315,21.98,682.84,97.604,5195.51,0.0575867022987677,-0.0024718998669444,0.0002356738489783,0.0005390721543836,0.0015249822730236673,-0.001284163021944451,0.008834934676355414,0.0,-0.001284163021944451,0.001284163021944451,6.27967036475843e-05,0,0,11.489509096847609,2.4414343665656726,10.530206098394943,2.354247898451491,1.7948827253741726,0.5849396857524942,4.898393941204553,1.5889073842880925,3.3490896946796695,1.2086885759794506,18.672076538982918,2.9270291746672745
2026-02-23 11:00:00+00:00,66207.23,1915.3,1.3965,80.05,0.09671,1.0001,97162000.0,2810000.0,2050.0,117500.0,141.0,1469.0,1443.11,0.0169312460202055,0.0166467464022808,0.0172167078697738,0.0171314762021685,0.0102952083960325,0.0178386364785299,0.0156442769780922,0.0021943595004376,1.693124602020557,1.664674640228081,1.7216707869773806,1.7131476202168594,1.0295208396032596,1.78386364785299,1.5644276978092275,0.2194359500437625,21.35,681.67,97.655,5210.5,-0.0290812093008416,-0.0017149017401658,0.000522383103056,0.0028810293990684,-0.00043646189445301076,-0.001697165028717862,0.008820053898612153,0.0,-0.001697165028717862,0.001697165028717862,6.291671902819693e-05,0,0,8.979112257298118,2.1949010196654553,15.714322216517944,2.754572539603729,1.1586271353516313,0.1472358002171296,6.003653695078722,1.7923682330735258,4.104380097389245,1.412054719902757,20.043835280953978,2.997921639190731
2026-02-24 09:00:00+00:00,63249.99,1827.14,1.3318,76.65,0.09124,1.0001,92964000.0,2685000.0,1957.0,112600.0,134.0,1470.0,1443.5,0.018210456281386,0.0180185144316293,0.0179701114196115,0.0176757902747339,0.0174257700584352,0.0182563316235053,0.0178601284931592,0.0003962031303461,1.8210456281386067,1.8018514431629384,1.797011141961158,1.7675790274733982,1.7425770058435264,1.8256331623505373,1.7860128493159255,0.0396203130346117,20.92,686.335,97.914,5127.46,-0.0203461004779113,0.0068201769476274,0.0026486830879974,-0.0160654105890234,0.000270213158253263,-0.0022450672376681524,0.003967689988984252,0.0,-0.0022450672376681524,0.0022450672376681524,1.7157769750922327e-05,0,0,7.771257551909454,2.050431998376322,10.204211732956576,2.3228005500600313,0.5280126559980587,-0.6386350258698511,8.558241165535277,2.1468946977255556,1.25495190628799,0.2270972501665762,62.9188475190977,4.141845761415487
2026-02-24 10:00:00+00:00,63284.5,1825.88,1.3308,76.74,0.09146,1.0002,92982000.0,2683000.0,1954.0,112800.0,134.0,1468.0,1441.38,0.019349322450914,0.0194594346980692,0.0186694352120879,0.0197854542814939,0.0164712737313841,0.0182647592642177,0.0187469840747898,-0.000482224810572,1.934932245091403,1.945943469806921,1.866943521208797,1.978545428149392,1.6471273731384128,1.8264759264217776,1.8746984074789848,-0.0482224810572074,19.65,686.05,97.752,5150.7,-0.0626283008814518,-0.0004153353528302,-0.0016558833626314,0.0045222179078177,-0.0014697321078305237,0.0005454639419752993,0.004000051769048221,0.0005454639419752993,0.0,0.0005454639419752993,1.708905830646693e-05,0,0,9.769107336408384,2.2792250940613994,14.355539604214542,2.664135902850139,0.7961126100551821,-0.22801463322510884,6.950560088683506,1.9388222446294232,1.0613174987945169,0.0595110597252023,58.638701820089864,4.071394919203908
2026-02-24 11:00:00+00:00,63227.1,1826.75,1.3334,76.77,0.0913,1.0001,92800000.0,2683000.0,1957.0,112600.0,134.0,1467.0,1440.66,0.0187865794732646,0.0194831649349862,0.0187529439070923,0.0180880779316441,0.0187614965144138,0.0181814686800028,0.0187744525522802,-0.0005929838722774,1.8786579473264675,1.9483164934986248,1.8752943907092368,1.808807793164413,1.876149651441384,1.818146868000281,1.8774452552280247,-0.0592983872277443,19.54,687.54,97.808,5142.06,-0.0056136917006335,0.0021694982992279,0.0005727142721489,-0.0016788503820848,-0.0004996460944184378,-0.0009074267330220209,0.004005483339322055,0.0,-0.0009074267330220209,0.0009074267330220209,1.7003352229012768e-05,0,0,7.424920419906368,2.0048419667735984,21.63730875913089,3.074419082063772,0.838561405917956,-0.17606746734368656,8.455427011539639,2.1348084851012357,2.981297635138024,1.092358653770226,15.62681507757708,2.748988353840771
2026-02-25 09:00:00+00:00,65558.71,1915.19,1.38,82.54,0.0935,1.0,95219000.0,2781000.0,2004.0,119900.0,135.0,1453.0,1427.85,0.0172100232500957,0.0169662436666884,0.0170353419781339,0.0173540836571706,0.011205846118065,0.0176138950169837,0.0159543077340307,0.0016595872829529,1.7210023250095796,1.696624366668842,1.7035341978133944,1.7354083657170616,1.1205846118065077,1.7613895016983738,1.595430773403077,0.1659587282952967,18.77,691.14,97.817,5192.04,-0.0402037960162191,0.0052223985000576,9.201277961690124e-05,0.0096729061453029,-0.008931525535317064,0.0004305465352754112,0.006774106874609771,0.0004305465352754112,0.0,0.0004305465352754112,8.309584649043048e-06,0,0,10.832217032135246,2.3825247521707524,11.8421153880737,2.471662278030504,0.6955444190756966,-0.3630604032659234,10.479380780823961,2.3494095913480213,1.439749186262404,0.36446892221080823,15.323840705546203,2.7294098316881974
2026-02-25 10:00:00+00:00,65400.87,1912.61,1.3755,82.55,0.09368,1.0,94968000.0,2776000.0,1998.0,119900.0,136.0,1452.0,1426.52,0.0179252831640863,0.0174549165942703,0.0182561089021544,0.0181792465245993,0.0176868466465411,0.0178616493284355,0.0179004803663303,-3.883103789474943e-05,1.792528316408637,1.7454916594270342,1.825610890215445,1.8179246524599344,1.7686846646541188,1.7861649328435591,1.790048036633034,-0.0038831037894749,18.61,691.46,97.726,5195.2,-0.0085607799442581,0.0004628960013226,-0.0009307416432111,0.000608438834087,-0.0009319044806748167,-0.0024105159229836914,0.006818823989786454,0.0,-0.0024105159229836914,0.0024105159229836914,8.551692441332963e-06,0,0,6.4334143492154485,1.861505400305735,12.275130619657832,2.507575314736622,0.8613608584995557,-0.1492417467960187,13.453790400065987,2.5992608804770048,1.9354112543631798,0.6603198384540911,9.92611655180998,2.295169319168645
2026-02-25 11:00:00+00:00,65430.04,1926.48,1.3839,83.39,0.09408,1.0,95069000.0,2797000.0,2010.0,121000.0,137.0,1451.0,1427.17,0.0180896723993579,0.0173075173149077,0.0176903117071656,0.0167067069435,0.0203461977151966,0.0166973801299072,0.0180280812160256,-0.0013307010861183,1.8089672399357992,1.730751731490776,1.7690311707165618,1.6706706943500071,2.0346197715196634,1.669738012990729,1.802808121602561,-0.1330701086118324,18.4,691.97,97.658,5212.44,-0.0113484060392194,0.0007372979089703,-0.000696065212562,0.003312953900858,0.00045555054069712497,0.00044591909485802717,0.006804747468162895,0.00044591909485802717,0.0,0.00044591909485802717,8.517383138174502e-06,0,0,8.590679985345941,2.150677892973289,7.841818288027552,2.059470731965299,0.7015102923513424,-0.35451970762801926,8.774305418129869,2.1718276115899617,3.314549295379834,1.1983216552331035,22.265200436915254,3.103024941064843
2026-02-26 09:00:00+00:00,68589.41,2074.94,1.4517,88.32,0.10022,1.0,98720000.0,2990000.0,2091.0,127300.0,145.0,1439.0,1428.9,0.0072707978500032,0.0084719175948413,0.0080343228021801,0.0087127424460489,0.0125390178419011,0.007068374273917,0.0090057597069949,-0.0019373854330779,0.7270797850003285,0.8471917594841338,0.8034322802180194,0.8712742446048916,1.2539017841901146,0.7068374273917044,0.9005759706994975,-0.1937385433077931,19.17,685.585,97.853,5163.5,0.0409958924426132,-0.0092701136789745,0.0019947733340908,-0.0094334321379818,0.0012114550494786158,0.00930699680046665,0.005855245726664223,0.00930699680046665,0.0,0.00930699680046665,7.277543031071499e-06,1,0,16.72531306756407,2.8169233243780605,9.74205814395416,2.27645240374615,1.0687802987840764,0.06651809060647337,7.645304381435239,2.034091653033872,4.155807590060062,1.4245067752595826,21.12294326969694,3.0503598084890977
2026-02-26 10:00:00+00:00,68301.62,2065.31,1.4426,87.48,0.09895,1.0,98382000.0,2977000.0,2079.0,126000.0,143.0,1441.0,1431.17,0.0064528140244997,0.0071690295924509,0.0069718673207161,0.0063998114179277,0.0097852319919606,0.0068685061872453,0.007355750869511,-0.0004872446822657,0.6452814024499709,0.7169029592450915,0.6971867320716196,0.6399811417927781,0.9785231991960686,0.6868506187245327,0.7355750869511057,-0.048724468226573,19.26,688.76,97.793,5186.17,0.0046838493124261,0.0046203910201967,-0.000613352707246,0.0043808230129354,0.0015873740689240634,-0.004204664454514173,0.0059235015519517,0.0,-0.004204664454514173,0.004204664454514173,7.772068704408876e-06,0,0,10.893238303518805,2.3881422576184566,5.846248330816016,1.765800144544301,1.047901129358277,0.046789239232959114,4.327700555151582,1.4650363513390365,2.4928346534997643,0.9134204780337095,11.716752347013555,2.4610196422514616
2026-02-26 11:00:00+00:00,68051.31,2057.66,1.4368,86.82,0.0985,1.0,98050000.0,2965000.0,2071.0,125100.0,141.0,1441.0,1433.39,0.0051867096934814,0.0052792358074504,0.0055864420090543,0.0052478615063318,-0.0013380299721122,0.0053090924312293,0.0039924438088411,0.0013166486223881,0.518670969348145,0.5279235807450489,0.5586442009054338,0.524786150633183,-0.1338029972112298,0.5309092431229345,0.3992443808841162,0.1316648622388183,19.72,686.2265,97.94,5180.04,0.0236029428045099,-0.0036851312607319,0.0015020464371131,-0.0011826888929569,0.0015499765719333425,-0.00367150571946695,0.00602345557699066,0.0,-0.00367150571946695,0.00367150571946695,8.33373346474548e-06,0,0,8.780457456603092,2.1725285084085604,10.331739178949036,2.3352206309108006,1.163224656506227,0.15119602470642585,8.160074409375381,2.099253287730442,0.8501464912772272,-0.16234660166797754,12.166619583845147,2.4986961020919014
2026-02-27 09:00:00+00:00,67355.73,2010.01,1.4067,86.33,0.09738,1.0,97740000.0,2918000.0,2041.0,125300.0,141.0,1450.0,1441.94,0.0063535844622197,0.0067922874563235,0.0062232030891919,0.0065657310614364,0.0041582320579933,0.0055896916653952,0.006018607625433,-0.0004289159600377,0.6353584462219786,0.6792287456323542,0.6223203089191998,0.6565731061436431,0.4158232057993372,0.5589691665395247,0.6018607625433026,-0.0428915960037778,20.52,684.49,97.703,5224.46,0.0397666711280795,-0.0025337127392628,-0.0024227814532586,0.0085386649783743,0.005947160986878863,-0.008434433386113938,0.004223855801936092,0.0,-0.008434433386113938,0.008434433386113938,1.2338475731983115e-05,0,1,16.50837575909415,2.8038678738734744,5.824672966757716,1.7621028548297988,0.5663907620448392,-0.568471046684719,7.229368181984355,1.9781516439681794,1.9894241199048188,0.6878452098734051,9.406395692934412,2.2413898507790346
2026-02-27 10:00:00+00:00,66604.91,1980.8,1.3889,84.71,0.09606,0.9999,96744000.0,2875000.0,2017.0,123100.0,139.0,1451.0,1440.0,0.0086843947891128,0.0079401139831269,0.0084919320645433,0.0091619774656015,0.0048696416591482,0.0077396628551744,0.0078296119923066,-8.99491371321396e-05,0.868439478911287,0.7940113983126995,0.849193206454335,0.9161977465601544,0.4869641659148271,0.7739662855174467,0.7829611992306607,-0.0089949137132139,19.97,685.43,97.652,5239.88,-0.0271688728748449,0.0013723431259151,-0.0005221263971604,0.0029471540796919,-0.0013463155326141063,-0.011209678635843545,0.004688932134346489,0.0,-0.011209678635843545,0.011209678635843545,1.6837546229642794e-05,0,1,8.422012563198892,2.1308488214506744,6.717259700082977,1.9046802886433252,0.7248130157305319,-0.32184156672899233,6.03748988530557,1.797988343665581,3.164692599762485,1.1520559260016414,13.453405946614103,2.5992323042220167
2026-02-27 11:00:00+00:00,66126.99,1962.08,1.3826,83.59,0.095,0.9999,96359000.0,2859000.0,2012.0,121800.0,139.0,1455.0,1439.97,0.0119524014932608,0.0119149221110419,0.0105969417220919,0.0119044804740207,0.0161030401583657,0.0105387713295797,0.0124943571917562,-0.0019555858621765,1.1952401493260822,1.1914922111041948,1.0596941722091913,1.1904480474020709,1.6103040158365722,1.05387713295797,1.2494357191756222,-0.1955585862176523,20.13,684.14,97.628,5229.63,0.0079800922239763,-0.0018838035025394,-0.0002458009025074,-0.0019580674310262,-2.083355035065182e-05,-0.007201314309016382,0.004828089704175414,0.0,-0.007201314309016382,0.007201314309016382,1.8436670126691355e-05,0,1,8.807860191573432,2.1756445264031035,5.332544271938982,1.673828473614696,0.8589741547244966,-0.15201644508207585,5.588833455057212,1.7207705811420522,4.282036675012263,1.4544287550566093,8.005477401153676,2.0801259825409515
2026-03-02 09:00:00+00:00,66168.62,1947.79,1.3532,83.64,0.09205,1.0001,96871000.0,2850000.0,1980.0,122400.0,134.0,1463.0,1468.54,-0.0030900618010503,-0.0036384768615018,-0.0036373917874221,-0.0034901098054247,-0.0087225535525989,-0.0038720670676065,-0.0045157187615996,0.000643651693993,-0.3090061801050314,-0.3638476861501871,-0.3637391787422173,-0.3490109805424746,-0.8722553552598988,-0.3872067067606566,-0.4515718761599618,0.0643651693993052,21.23,683.37,98.526,5330.01,0.0532040360634646,-0.0011261344800042,0.0091561352165099,0.0190125844722608,0.01964642992693655,-0.0017120346842265377,0.00590307168541509,0.0,-0.0017120346842265377,0.0017120346842265377,1.6145877147160615e-05,0,0,15.620393817030152,2.748577356451598,11.210129201250062,2.416817762552892,0.9119436432304644,-0.09217708552061517,13.225976818358077,2.582182836518293,2.3903286666923114,0.871430873933244,37.51801190027943,3.6248211350017
2026-03-02 10:00:00+00:00,66316.4,1952.25,1.3536,83.89,0.0919,1.0,96936000.0,2852000.0,1978.0,122700.0,134.0,1462.0,1470.91,-0.0062479171195307,-0.0068199457776798,-0.0065412458439673,-0.0056294171332154,-0.0087043818795037,-0.0060574746245521,-0.0067885815507794,0.0007311069262272,-0.6247917119530766,-0.6819945777679859,-0.6541245843967314,-0.5629417133215409,-0.8704381879503731,-0.6057474624552195,-0.6788581550779416,0.073110692622722,21.14,683.19,98.674,5314.94,-0.0042482952730731,-0.0002634351964649,0.0015010144806044,-0.0028313914236761,0.001612546914260271,0.0022308946519444817,0.005919912946446263,0.0022308946519444817,0.0,0.0022308946519444817,1.6145877147160615e-05,0,0,9.684992814139612,2.2705775549009775,6.467518324802708,1.8667924684412862,0.8770461874400247,-0.13119562272873342,10.548870513857057,2.3560187938928037,6.595651276457984,1.886410534357652,15.818080656370205,2.7611536311087677
2026-03-02 11:00:00+00:00,66359.68,1947.81,1.3516,83.89,0.09185,1.0001,97032000.0,2849000.0,1976.0,122700.0,134.0,1463.0,1468.6,-0.0043489041670143,-0.0040389962731431,-0.0045138245019131,-0.0040653451963895,-0.0066046703962482,-0.003912764109671,-0.0047143481069417,0.0008015839972707,-0.4348904167014389,-0.4038996273143191,-0.4513824501913177,-0.4065345196389569,-0.6604670396248236,-0.3912764109671007,-0.4714348106941712,0.0801583997270705,21.06,686.48,98.515,5289.66,-0.0037914737362623,0.0048040861339693,-0.0016126663704278,-0.0047677513319825,-0.0015716908433827115,0.0006524160426675252,0.005921855585111653,0.0006524160426675252,0.0,0.0006524160426675252,1.6145877147160615e-05,0,0,16.935768570568705,2.8294278687987577,8.778976776867383,2.1723598606355705,0.5707557213062289,-0.5607939694328483,8.791196595071234,2.1737508338394678,2.8761473687777426,1.0564516794284173,12.796680540637112,2.54918580453029
2026-03-03 09:00:00+00:00,66647.98,1951.58,1.3483,84.31,0.08967,1.0002,97870000.0,2869000.0,1981.0,123800.0,132.0,1470.0,1499.32,-0.0205815904615265,-0.0194949038856984,-0.0200507005683758,-0.0206290426562189,-0.018178750680123,-0.0197515815247963,-0.0197869976503885,3.541612559216853e-05,-2.058159046152652,-1.9494903885698407,-2.005070056837588,-2.06290426562189,-1.817875068012309,-1.975158152479639,-1.978699765038856,0.0035416125592168,26.35,669.84,99.54,5036.31,0.2240927682815421,-0.024538213602689,0.010350752582477,-0.0490803005142783,0.020702105952836725,-0.005317133320843936,0.009723161809707056,0.0,-0.005317133320843936,0.005317133320843936,2.4932482631396993e-05,0,0,8.029229907109462,2.083088621380885,6.781877634870517,1.9142540009087858,0.8584384010301453,-0.15264035307661689,6.057573703978092,1.8013093410266954,3.776434571461781,1.3287803294423557,12.367203196685862,2.5150480651809244
2026-03-03 10:00:00+00:00,66860.3,1958.05,1.3506,83.92,0.08986,1.0002,98345000.0,2883000.0,1986.0,123500.0,133.0,1472.0,1494.76,-0.0159605803439454,-0.0149701367269762,-0.0162584131155685,-0.0154675955899172,-0.0098208912211148,-0.0154234399714827,-0.0144955233995044,-0.0009279165719783,-1.596058034394543,-1.4970136726976224,-1.6258413115568526,-1.5467595589917282,-0.9820891221114848,-1.5423439971482766,-1.4495523399504462,-0.0927916571978304,25.47,675.9,99.263,5096.07,-0.0339669859960061,0.0090062582101317,-0.0027866800727922,0.011795983360594,-0.0030460131497580534,0.0031806293810809905,0.009733286164422499,0.0031806293810809905,0.0,0.0031806293810809905,2.4932482631396993e-05,0,0,9.25299191709535,2.224946949722294,6.728482164441674,1.9063495854478851,0.8131910040736714,-0.20678925966779688,11.099572695574148,2.4069066116830817,4.109021509555767,1.4131849246297878,15.893293881397495,2.765897251791283
2026-03-03 11:00:00+00:00,67026.61,1961.28,1.3531,84.21,0.09007,1.0001,98772000.0,2890000.0,1993.0,124100.0,132.0,1474.0,1485.32,-0.0078746097252816,-0.0079393718188947,-0.0083523757706696,-0.0078254446150045,-0.013325874236405,-0.0077204812844866,-0.0090635352332511,0.0013430539487644,-0.7874609725281645,-0.7939371818894703,-0.8352375770669607,-0.7825444615004562,-1.3325874236405078,-0.7720481284486658,-0.906353523325112,0.1343053948764461,24.51,678.28,99.168,5105.58,-0.0384200914513441,0.0035150459326178,-0.0009575117522784,0.0018644048275984,-0.006335421582551071,0.00248433675163362,0.009743018175389818,0.00248433675163362,0.0,0.00248433675163362,2.4932482631396993e-05,0,0,12.76906393249394,2.5470253652820687,7.632394543504918,2.032401628761698,1.3335268898583246,0.28782722930975785,13.286572209119203,2.5867539168930147,8.637664059988902,2.1561321828339737,10.276570429275534,2.32986658853565
2026-03-04 09:00:00+00:00,71520.76,2075.23,1.416,90.53,0.09256,1.0,104321000.0,3025000.0,2063.0,132100.0,135.0,1458.0,1467.76,-0.0062329960564236,-0.0068745896683222,-0.0073847877345054,-0.005842371628482,-0.0062998060203004,-0.0066495884885812,-0.0065269102216067,-0.0001226782669744,-0.623299605642369,-0.6874589668322217,-0.738478773450546,-0.5842371628482002,-0.6299806020300447,-0.6649588488581215,-0.6526910221606763,-0.0122678266974452,21.64,686.23,98.817,5145.56,-0.1245377435617403,0.0116526664621261,-0.0035457268756342,0.007800147633544,-0.011892808167573321,0.00714732967433207,0.007285363020863717,0.00714732967433207,0.0,0.00714732967433207,8.107522121066556e-06,1,0,8.064834385443008,2.087513176393358,6.460682971658264,1.8657350353731244,0.8014000285362295,-0.22139504517212058,7.614122522007373,2.030004749505038,3.9966256026679914,1.3854504057567258,10.337012054239665,2.3357308577112037
2026-03-04 10:00:00+00:00,71348.92,2072.34,1.4048,90.15,0.09303,0.9999,103611000.0,3011000.0,2040.0,131000.0,135.0,1454.0,1461.18,-0.0061639582095892,-0.0056345486141071,-0.0061703492303363,-0.0055067369440894,-0.0068678793833888,-0.0048143181938885,-0.0060686944763022,0.0012543762824136,-0.616395820958926,-0.5634548614107171,-0.6170349230336325,-0.550673694408943,-0.6867879383388842,-0.4814318193888556,-0.6068694476302205,0.1254376282413649,21.22,685.15,98.846,5151.52,-0.019599320792444,-0.0015750561088427,0.0002934287166347,0.0011576098594101,-0.004493100623244928,-0.0024055500490387516,0.007366132880096186,0.0,-0.0024055500490387516,0.0024055500490387516,8.348633414334488e-06,0,0,8.185233337181069,2.1023317183191463,7.24316051026315,1.9800576457108645,0.7632445581518661,-0.2701767772296244,9.121602240545798,2.2106454729259384,3.581008234392791,1.2756443904810608,7.549360330477765,2.021462835231584
2026-03-04 11:00:00+00:00,71111.4,2054.97,1.399,89.76,0.0923,0.9999,103622000.0,2996000.0,2040.0,130800.0,134.0,1458.0,1463.18,-0.0041017132461311,-0.0035888775054504,-0.003414195491307,-0.0040738314240911,-0.0077860215621129,-0.0034405783420644,-0.0045929278458185,0.001152349503754,-0.4101713246131178,-0.3588877505450449,-0.3414195491307059,-0.4073831424091123,-0.7786021562112944,-0.344057834206446,-0.4592927845818551,0.1152349503754091,20.87,685.335,98.869,5149.35,-0.0166314120967276,0.0002699774183936,0.0002326581200593,-0.0004213236420032,0.0013678208646146217,-0.003334545648723264,0.007468840158012806,0.0,-0.003334545648723264,0.003334545648723264,8.811933192810289e-06,0,0,8.954763193704188,2.1921855911322257,9.737219251634789,2.2759555791134254,0.9546164942797604,-0.04644559582531901,8.590939601725998,2.150708113218681,1.9347283115776797,0.6599669091703003,11.468105741551701,2.439569768553405
2026-03-05 09:00:00+00:00,72591.59,2125.45,1.4288,91.18,0.09626,0.9998,105847000.0,3101000.0,2082.0,132900.0,141.0,1458.0,1476.97,-0.0127649397437544,-0.0121768511990127,-0.0134079545938838,-0.0131441520920669,-0.008251433880979,-0.0126463920515201,-0.0119490663019394,-0.0006973257495807,-1.2764939743754478,-1.2176851199012797,-1.3407954593883886,-1.3144152092066983,-0.8251433880979042,-1.2646392051520183,-1.1949066301939435,-0.0697325749580746,21.6,680.76,99.23,5100.89,0.0343805936010102,-0.0066979486841276,0.0036446463597528,-0.0094554588086701,0.009380542571153505,0.0035589409164415997,0.0064641002600698055,0.0035589409164415997,0.0,0.0035589409164415997,1.0115907084479824e-05,0,0,15.079632002475845,2.713344959263208,6.379220269173002,1.8530458750246879,0.9402835120863497,-0.061573840590318805,8.960570721904476,2.192833921599419,4.047921132417281,1.3982034486968686,15.591920867149629,2.7467528869710898
2026-03-05 10:00:00+00:00,73388.92,2156.15,1.4478,92.65,0.09769,0.9997,107350000.0,3155000.0,2116.0,135400.0,143.0,1462.0,1480.99,-0.0123127987538329,-0.0119742422586863,-0.0131413207811177,-0.0132182368770134,-0.0115975760504662,-0.0125262617441807,-0.0124488349442233,-7.742679995734712e-05,-1.2312798753832954,-1.1974242258686374,-1.3141320781117738,-1.32182368770134,-1.1597576050466296,-1.25262617441807,-1.2448834944223353,-0.0077426799957347,23.3,679.53,99.394,5103.08,0.0757600458815352,-0.0018084383994896,0.0016513617414704,0.0004292447025289,0.0027180911675515063,0.010923895646975268,0.006758825457493317,0.010923895646975268,0.0,0.010923895646975268,9.874795791211894e-06,1,0,6.6527348373885085,1.8950280238687531,4.231562550267929,1.4425713220742893,0.650934440477932,-0.42934634771581665,4.956013283805565,1.600601644111481,2.128270294970722,0.7553095817265643,13.67323238702425,2.6154400812348975
2026-03-05 11:00:00+00:00,72915.79,2137.92,1.4363,91.84,0.09593,0.9999,106750000.0,3131000.0,2101.0,134300.0,141.0,1463.0,1483.17,-0.0129131511057535,-0.0125828065908222,-0.013743316021449,-0.0140538279683883,-0.0089998145712143,-0.013500600314554,-0.0124585832515255,-0.0010420170630285,-1.2913151105753529,-1.2582806590822226,-1.374331602144907,-1.4053827968388388,-0.8999814571214348,-1.3500600314554023,-1.2458583251525512,-0.104201706302851,23.1,678.56,99.245,5078.27,-0.0086207430439069,-0.0014284770007053,-0.0015002092030798,-0.0048736266030999,0.0014709060192759082,-0.006467756907147404,0.006878902444330985,0.0,-0.006467756907147404,0.006467756907147404,1.1154490988150799e-05,0,0,15.017724601520237,2.709231143616372,4.159323689753872,1.4253524864780966,0.680836871291424,-0.38443254441831914,5.863425815892061,1.7687340429914258,2.132705367033117,0.757391299162116,52.56205276427881,3.9619944290506672
2026-03-06 09:00:00+00:00,70565.56,2060.0,1.3978,87.5,0.09323,0.9999,103784000.0,3027000.0,2054.0,128600.0,137.0,1469.0,1490.49,-0.0132467940713285,-0.0141379843352485,-0.0141148239882827,-0.0139388484899021,-0.0140933037787865,-0.0143195092275231,-0.0139063509327097,-0.0004131582948133,-1.324679407132856,-1.41379843352486,-1.4114823988282788,-1.3938848489902125,-1.4093303778786592,-1.431950922752312,-1.3906350932709732,-0.0413158294813387,26.69,674.23,99.19,5132.86,0.1444563458886851,-0.0064016067344452,-0.0005543377066388,0.0106923562992999,0.004923235867804188,-0.0031683365726813406,0.005275295224703717,0.0,-0.0031683365726813406,0.0031683365726813406,1.873305442864739e-05,0,0,11.53688250533516,2.4455490777323474,8.930053377279505,2.1894223721694805,0.9112472710609161,-0.09294099038428438,10.599147341146937,2.3607735583681504,1.4034264585840897,0.33891671686061897,38.64402225580789,3.6543920995739434
2026-03-06 10:00:00+00:00,70527.93,2063.4,1.4031,87.71,0.09352,1.0001,103738000.0,3034000.0,2061.0,128900.0,137.0,1469.0,1485.62,-0.0099229447983052,-0.0102525013936811,-0.0112610800177427,-0.0107727552990649,-0.0139286706690933,-0.0112861198095535,-0.0112275904355774,-5.8529373976035776e-05,-0.9922944798305244,-1.0252501393681168,-1.126108001774273,-1.0772755299064962,-1.3928670669093313,-1.128611980955352,-1.1227590435577484,-0.0058529373976035,26.06,674.36,99.017,5142.5,-0.0238873917197337,0.0001927939557653,-0.0017456501933015,0.0018763338371101,-0.0032727314156986154,-0.000533405203771764,0.004608676947048853,0.0,-0.000533405203771764,0.000533405203771764,1.8744909474956173e-05,0,0,10.08567543531013,2.311116143413389,8.563690074201357,2.1475311806986195,0.7601347339508835,-0.2742595798999506,5.615872595056322,1.7255969804007076,3.711040804963264,1.311312377696603,54.51948562404231,3.9985581721551076
2026-03-06 11:00:00+00:00,70212.95,2051.03,1.395,87.26,0.09309,0.9999,103348000.0,3019000.0,2054.0,128500.0,137.0,1471.0,1483.53,-0.00782444413949,-0.0078101790722268,-0.0075014096838242,-0.0073604247677933,-0.007978227934521,-0.0083469058856435,-0.007694937119571,-0.0006519687660724,-0.7824444139490017,-0.7810179072226808,-0.7501409683824289,-0.7360424767793305,-0.7978227934521076,-0.8346905885643574,-0.7694937119571099,-0.0651968766072474,26.56,673.88,99.022,5139.32,0.0190047529115338,-0.0007120394295974,5.0495104511050215e-05,-0.0006185675495959,-0.0014078105485992864,-0.004476034623092318,0.004535633899774317,0.0,-0.004476034623092318,0.004476034623092318,1.783670141400485e-05,0,0,21.80413924960399,3.0820998256063334,12.027668398884723,2.4872096956478713,0.8323763738095095,-0.18347056808326143,5.177151199899732,1.644254943577828,2.1993406688500365,0.7881576194691999,14.490145552749315,2.6734688013304018
2026-03-09 09:00:00+00:00,67981.02,2004.48,1.3551,84.05,0.0904,1.0001,100297000.0,2958000.0,1998.0,123900.0,133.0,1477.0,1484.57,-0.0061986410143618,-0.0059785362465599,-0.0068303068428038,-0.0070373602433634,-0.008979746288085,-0.0051985997504171,-0.0070049181270348,0.0018063183766176,-0.619864101436185,-0.5978536246559973,-0.6830306842803835,-0.7037360243363433,-0.8979746288085066,-0.5198599750417143,-0.7004918127034832,0.1806318376617688,31.57,664.01,99.257,5073.98,0.1728009779616672,-0.0147548439140097,0.0023703983783915,-0.0127952554894399,0.0007007850426621332,0.0024497104242833245,0.005797807278360642,0.0024497104242833245,0.0,0.0024497104242833245,1.4746014580911103e-05,0,0,10.601315207061734,2.3609780695591134,10.100699334924984,2.312604662531842,0.8836434622089884,-0.12370162099420864,13.662472555693528,2.6146528447682353,7.347768435766903,1.9943966529432546,10.571882261620805,2.3581978598677695
2026-03-09 10:00:00+00:00,67608.13,1995.41,1.3473,83.75,0.09011,1.0002,99799000.0,2945000.0,1991.0,123600.0,133.0,1477.0,1483.97,-0.0052770350425098,-0.0054467670946352,-0.0041777424571477,-0.0054914213074469,-0.0053883772663619,-0.0048958812724068,-0.0051562686336203,0.0002603873612135,-0.527703504250987,-0.5446767094635208,-0.4177742457147748,-0.5491421307446953,-0.5388377266361988,-0.489588127240681,-0.5156268633620353,0.0260387361213543,28.23,669.74,99.094,5093.88,-0.1118220603045023,0.0085923677648747,-0.0016435514486152,0.0039142996478211,-0.00040423912641962545,-0.00550030647876909,0.005870242896931736,0.0,-0.00550030647876909,0.00550030647876909,1.6006571720927323e-05,0,0,12.666601025178382,2.538968688822089,12.571734213064277,2.531450977530192,0.7321020627403482,-0.31183534476712754,19.694438385054102,2.980336280405939,6.263738814754666,1.834777261579513,9.557820859622996,2.2573597575261495
2026-03-09 11:00:00+00:00,67764.98,1992.2,1.3502,83.59,0.09037,1.0001,100136000.0,2946000.0,1995.0,123600.0,133.0,1477.0,1478.82,-0.0007604634737733,-3.570951908205e-05,-0.0008527879215176,-0.0001178162147913,-0.0047961596780886,-0.0013305779144701,-0.0013125873614506,-1.799055301949788e-05,-0.0760463473773342,-0.003570951908205,-0.0852787921517661,-0.0117816214791344,-0.4796159678088663,-0.133057791447011,-0.1312587361450612,-0.0017990553019497,27.49,670.92,99.05,5099.68,-0.0265629400882434,0.0017603274576858,-0.0004441214543282,0.0011379735099232,-0.003476456439233999,0.0023173002406284837,0.005767751055584913,0.0023173002406284837,0.0,0.0023173002406284837,1.4630304435100183e-05,0,0,9.441974142673358,2.24516508357696,9.467347454815087,2.247848768154376,0.7888175288062409,-0.23722025382317363,8.140881524550888,2.0968984695502977,2.0043405501186404,0.695315103974212,22.19353705177391,3.0998011226995077
2026-03-09 12:00:00+00:00,68151.93,2002.19,1.3547,84.0,0.09088,1.0001,100651000.0,2955000.0,1999.0,124100.0,134.0,1478.0,1475.46,0.0009502554599969,0.0002873050585592,9.72270609866932e-05,0.0013019345702034,-0.0006697362274032,0.0016213348911675,0.0003933971844686,0.0012279377066989,0.095025545999694,0.0287305058559228,0.0097227060986693,0.1301934570203444,-0.0669736227403294,0.1621334891167558,0.0393397184468602,0.1227937706698956,27.23,668.91,99.121,5104.76,-0.009502995491486,-0.0030003828961655,0.0007165529067112,0.0009956451151964,-0.0022746668892255073,0.005693935293825447,0.00583821954148954,0.005693935293825447,0.0,0.005693935293825447,1.4298410032852831e-05,0,0,10.564203110420586,2.357471220908574,10.03394242969855,2.3059735885230332,1.0024821540231674,0.0024790785669893964,10.0688062012064,2.3094421496737048,2.868326965725063,1.053728921024909,16.174459484556206,2.7834334231087494
2026-03-10 09:00:00+00:00,71078.92,2068.18,1.4165,87.24,0.0952,1.0,103915000.0,3022000.0,2071.0,127700.0,139.0,1463.0,1472.06,-0.0068567168045935,-0.007385502120988,-0.0067970331804461,-0.0056260726818473,-0.0081355151193258,-0.0061546404358517,-0.0069601679814401,0.0008055275455884,-0.6856716804593543,-0.7385502120988097,-0.679703318044611,-0.5626072681847338,-0.8135515119325865,-0.6154640435851788,-0.6960167981440191,0.0805527545588402,24.71,677.69,98.683,5206.58,-0.0971112866851497,0.0130404343111623,-0.0044286335551033,0.0197497724995106,-0.002307025233418969,0.005212713078007525,0.006460995557195537,0.005212713078007525,0.0,0.005212713078007525,1.093061268753969e-05,0,0,13.126852194490084,2.574659918101453,9.146053800609995,2.2133225076381984,0.6520598585152748,-0.4276189137307732,8.260243225463539,2.1114540332813827,2.491240725640515,0.9127808697644367,12.30612728394272,2.5100972915073494
2026-03-10 10:00:00+00:00,70774.04,2062.86,1.4055,87.09,0.09549,1.0,103470000.0,3013000.0,2055.0,127100.0,139.0,1463.0,1467.73,-0.0039198380474114,-0.0048622397278199,-0.003826911624708,-0.005668749737438,-0.0082305285969247,-0.0032226635689125,-0.0053016535468604,0.0020789899779479,-0.3919838047411472,-0.4862239727819961,-0.3826911624708051,-0.5668749737438028,-0.8230528596924747,-0.3222663568912542,-0.5301653546860452,0.2078989977947909,22.99,681.11,98.644,5207.47,-0.0721486812254283,0.0050338640297855,-0.0003952829618629,0.0001709229362578,-0.0029457907749854684,-0.004298542229230762,0.006405920503142227,0.0,-0.004298542229230762,0.004298542229230762,1.0439949934876812e-05,0,0,25.773524282245955,3.249347774422872,6.739368056044203,1.9079661602976201,1.438247233498245,0.36342517324003115,6.54674823965373,1.8789684744128219,4.197317645385754,1.43444566540126,31.232272030864074,3.441451920197363
2026-03-10 11:00:00+00:00,70580.94,2061.69,1.3909,86.79,0.0945,1.0,103234000.0,3013000.0,2037.0,126900.0,138.0,1462.0,1465.43,-0.0019087709616812,-0.0027347431867288,-0.000621403994982,-0.0022382390949434,-0.0034887641733414,-0.0023406099233672,-0.0021983842823354,-0.0001422256410318,-0.1908770961681294,-0.2734743186728838,-0.0621403994982006,-0.2238239094943472,-0.348876417334143,-0.2340609923367265,-0.2198384282335408,-0.0142225641031856,23.03,680.72,98.658,5228.93,0.0017383750575037,-0.0005727587300343,0.0001419144258392,0.0041125350208819,-0.0015682748103760247,-0.0027321304154508397,0.0064744076436245,0.0,-0.0027321304154508397,0.0027321304154508397,1.0750972293503128e-05,0,0,17.058871895732505,2.836670414187362,8.995083884164305,2.1966781930026267,0.8825820831557046,-0.12490348242558717,6.620128177535522,1.8901147319269591,2.240931534224173,0.8068916429126265,17.29076217298431,2.8501723804462604
2026-03-10 12:00:00+00:00,70519.86,2049.82,1.3889,86.7,0.09499,1.0,103187000.0,2997000.0,2033.0,126700.0,138.0,1464.0,1466.07,-0.0019349729775091,-0.002721836451924,-0.0015836283303798,-0.0032119782860074,-0.009061979556255,-0.0014119380384292,-0.0037028791204151,0.0022909410819859,-0.1934972977509108,-0.2721836451924031,-0.1583628330379838,-0.3211978286007499,-0.9061979556255096,-0.1411938038429205,-0.3702879120415114,0.2290941081985908,22.69,683.205,98.542,5227.82,-0.0148734150408436,0.0036438994074492,-0.0011764707239292,-0.00021230305863,0.00043663654113412775,-0.0008657641036080577,0.0064366646346625655,0.0,-0.0008657641036080577,0.0008657641036080577,1.0782203438632137e-05,0,0,9.790097085971547,2.2813713733442738,8.129821145484392,2.0955389239923177,0.7619792088985553,-0.27183600857776313,9.33434897008372,2.2337010338100765,2.746840688201005,1.010451410601013,21.6806582580429,3.0764205385663685
2026-03-11 09:00:00+00:00,69466.75,2017.87,1.3743,84.88,0.09169,1.0,101848000.0,2957000.0,2015.0,124500.0,135.0,1467.0,1472.46,-0.0042919497008874,-0.0047902203797792,-0.0042507266466733,-0.0038597817090488,-7.301244657109685e-05,-0.0037080803553237,-0.003453138176592,-0.0002549421787317,-0.4291949700887421,-0.4790220379779275,-0.4250726646673364,-0.3859781709048882,-0.0073012446571096,-0.3708080355323773,-0.3453138176592008,-0.0254942178731765,24.39,676.13,99.055,5177.32,0.0722489134360784,-0.0104095957022334,0.0051923981900756,-0.0097068173072596,0.00434912018740885,-0.0028101997815461743,0.006747590896728544,0.0,-0.0028101997815461743,0.0028101997815461743,1.923326557052079e-05,0,0,33.59765637714502,3.5144563138562592,12.236979093953064,2.5044624405729685,0.5877958233966134,-0.5313756305063794,8.073941163727012,2.0886417352760103,3.193310045788015,1.1610580107373427,12.823023462239284,2.5512422631750074
2026-03-11 10:00:00+00:00,69604.9,2028.68,1.3787,85.25,0.09225,0.9999,102042000.0,2972000.0,2020.0,124900.0,136.0,1465.0,1472.71,-0.0045443579153261,-0.0052406688948269,-0.0051345287699549,-0.0051655524195614,0.0010489115626468,-0.0051357601622415,-0.0038072392874045,-0.001328520874837,-0.4544357915326147,-0.5240668894826994,-0.5134528769954905,-0.5165552419561403,0.1048911562646859,-0.5135760162241598,-0.3807239287404518,-0.132852087483708,24.88,674.69,99.197,5183.88,0.0198910556431499,-0.0021320391250805,0.0014325204717566,0.0012662627642612,0.0001697694873978861,0.0019867463345946135,0.0067341762976405725,0.0019867463345946135,0.0,0.0019867463345946135,1.8463371183167447e-05,0,0,45.97736236576086,3.8281491528736233,10.719649386843797,2.3720784486566497,1.5282773106744412,0.42414116032121146,8.522888800767234,2.142755344495906,1.843005212816411,0.6113975071244951,45.397742885393676,3.815462387630656
2026-03-11 11:00:00+00:00,69173.0,2017.8,1.3736,84.55,0.09197,0.9999,101514000.0,2958000.0,2016.0,124200.0,135.0,1466.0,1475.78,-0.0055849027692658,-0.0066588392995116,-0.0054912118455026,-0.0046258371291055,-0.0053599062225616,-0.0065276567906691,-0.0055441394531894,-0.0009835173374796,-0.558490276926582,-0.665883929951161,-0.5491211845502608,-0.4625837129105581,-0.5359906222561661,-0.6527656790669134,-0.5544139453189456,-0.0983517337479677,25.61,674.681,99.244,5166.19,0.0289186323404551,-1.3339548575075357e-05,0.0004736924413686,-0.0034183376973651,0.0020824226023608006,-0.006224354085331285,0.006817344602232155,0.0,-0.006224354085331285,0.006224354085331285,1.976662314869031e-05,0,0,17.493391501589617,2.861823181129285,9.648446080935381,2.266796874502169,0.8786369086779969,-0.12938353981152623,9.474105685575124,2.248562359767092,1.9515797866361715,0.6686391915766247,11.713526316265733,2.4607442694473587
2026-03-11 12:00:00+00:00,69361.13,2023.09,1.3852,85.2,0.09249,0.9999,101751000.0,2970000.0,2031.0,125000.0,136.0,1465.0,1476.51,-0.006458222276013,-0.0057288151136023,-0.0069730207800327,-0.0063486530841363,-0.0041183360810038,-0.0076961790631522,-0.0059254094669576,-0.0017707695961945,-0.6458222276013004,-0.5728815113602348,-0.6973020780032702,-0.6348653084136346,-0.411833608100387,-0.7696179063152231,-0.5925409466957654,-0.1770769596194576,24.89,676.4801,99.198,5175.86,-0.0285167838319333,0.0026630444929747,-0.0004636115421527,0.0018700359828134,0.0004945313738673462,0.0027160110746500266,0.006855842282544515,0.0027160110746500266,0.0,0.0027160110746500266,1.97353920035613e-05,0,0,8.422141702556946,2.130864154883985,10.657891014700043,2.366300558142072,1.6034144848006908,0.47213540838950874,8.37227049958435,2.124925114093371,5.030432133652589,1.6155058916844267,32.48778015185976,3.480864023304333
2026-03-12 09:00:00+00:00,69952.51,2055.65,1.382,86.18,0.09308,1.0,102551000.0,3011000.0,2025.0,126300.0,136.0,1465.0,1490.35,-0.0163324936985836,-0.0171815266316008,-0.01682978633842,-0.0166489431198993,-0.0196204088445288,-0.0170094273157311,-0.0173226317266065,0.0003132044108753,-1.6332493698583694,-1.7181526631600883,-1.6829786338420027,-1.6648943119899395,-1.962040884452887,-1.7009427315731185,-1.7322631726606574,0.031320441087539,25.73,668.04,99.624,5151.62,0.0331915099141522,-0.0125549790824202,0.0042852466215839,-0.0046942806015106,0.009329796749343089,0.0005024670177640189,0.004400121731647783,0.0005024670177640189,0.0,0.0005024670177640189,8.248003938916421e-06,0,0,29.831575403334742,3.395567409848667,8.619429868381213,2.1540189419291944,1.816267721984679,0.5967836933136255,11.513878367230616,2.443553122295667,5.7611577799502545,1.7511384579728961,20.647331067796188,3.0275860649424784
2026-03-12 10:00:00+00:00,70412.11,2069.86,1.3901,86.76,0.09432,0.9998,103069000.0,3027000.0,2034.0,126900.0,138.0,1464.0,1492.56,-0.0192712537479915,-0.0201950018356011,-0.0196681633991425,-0.0200356423462031,-0.019735001809143,-0.0189386968887586,-0.0197810126276162,0.0008423157388576,-1.9271253747991544,-2.019500183560119,-1.9668163399142569,-2.003564234620314,-1.9735001809143005,-1.89386968887586,-1.978101262761629,0.084231573885769,27.12,668.145,99.653,5143.66,0.052613836778542,0.0001571638661053,0.0002910521555898,-0.0015463399900035,0.0014817747799078518,0.00654868217508664,0.004571777688825651,0.00654868217508664,0.0,0.00654868217508664,8.248003938916421e-06,0,0,14.385886284605393,2.6662476068265044,8.447557019847766,2.1338772894915197,0.9067330897189069,-0.0979071503242566,14.090952036373391,2.6455328918588594,3.8579703316182403,1.3501412243601998,47.19337553394905,3.8542535338846755
2026-03-12 11:00:00+00:00,70427.91,2062.83,1.3878,86.79,0.09469,0.9999,103044000.0,3017000.0,2030.0,127000.0,138.0,1463.0,1491.89,-0.019288866954321,-0.0196637351489373,-0.0195344204424635,-0.0191621206935516,-0.0231268634399262,-0.0192666251322396,-0.0201552013358399,0.0008885762036003,-1.928886695432108,-1.9663735148937376,-1.9534420442463565,-1.916212069355161,-2.3126863439926204,-1.9266625132239643,-2.0155201335839967,0.0888576203600322,26.33,668.81,99.652,5132.07,-0.0295624895639767,0.0009947979622975,-1.0034871177566629e-05,-0.0022558017610005,-0.00044899395952757715,0.00022436804633230167,0.004344437610544275,0.00022436804633230167,0.0,0.00022436804633230167,6.633729614767243e-06,0,0,20.76700213707734,3.0333652912682063,9.459094238645449,2.246976632036405,1.4018781124697013,0.33781284650900706,6.70940615724368,1.9035104459111976,3.747850686378494,1.3211825253698313,57.29768515444373,4.048260224203837
2026-03-12 12:00:00+00:00,70381.8,2065.37,1.388,87.25,0.09512,0.9998,102946000.0,3020000.0,2031.0,127600.0,139.0,1464.0,1488.6,-0.0174128226533586,-0.0177295848330463,-0.0170250677483164,-0.0175573133272276,-0.0183312999372748,-0.0163288602903973,-0.0176112176998447,0.0012823574094474,-1.741282265335864,-1.772958483304632,-1.702506774831647,-1.7557313327227653,-1.8331299937274887,-1.6328860290397371,-1.7611217699844794,0.1282357409447421,25.95,668.67,99.638,5123.35,-0.0145373638963204,-0.0002093489256083,-0.0001404987708664,-0.0017005645992966,-0.002207691578405502,-0.0006549264485844475,0.004332558413612603,0.0,-0.0006549264485844475,0.0006549264485844475,6.651601641977886e-06,0,0,18.160911231843436,2.8992715498792223,6.032950395960402,1.7972361773065404,0.9028746247947422,-0.10217157817843696,11.763927367130218,2.465037846508307,2.866563263465703,1.0531138430567253,21.236894151754782,3.0557399593047254
2026-03-13 09:00:00+00:00,72006.57,2113.55,1.4285,89.5,0.09863,0.9999,105793000.0,3105000.0,2097.0,131400.0,145.0,1467.0,1490.95,-0.0145791900991385,-0.014660259907284,-0.0154107121835518,-0.0152879542700924,-0.0139569195806079,-0.0159651801391951,-0.0147790072081349,-0.0011861729310601,-1.457919009913855,-1.4660259907284034,-1.5410712183551831,-1.528795427009244,-1.3956919580607965,-1.5965180139195123,-1.4779007208134964,-0.1186172931060158,25.73,668.785,100.018,5098.54,-0.0085139833182448,0.0001719684030989,0.0038065518576422,-0.0048542977314323,0.0015774197360558517,0.0025801739838442472,0.005260367998506969,0.0025801739838442472,0.0,0.0025801739838442472,7.5394348772563464e-06,0,0,7.364304584309147,1.996644623774189,5.901447743496991,1.7751977010645905,0.560096812515768,-0.5796456307024366,5.885197183204399,1.772440246217942,2.8651583667005514,1.0526236249742935,10.094239817701714,2.311964946076671
2026-03-13 10:00:00+00:00,72458.12,2126.87,1.434,90.19,0.099,0.9998,106298000.0,3120000.0,2102.0,132400.0,145.0,1468.0,1495.63,-0.0191245522404036,-0.0191796212562239,-0.019924816576971,-0.0184658139245432,-0.0207160429742219,-0.0182774758919344,-0.0194821693944727,0.0012046935025383,-1.9124552240403656,-1.9179621256223969,-1.9924816576971087,-1.8465813924543275,-2.0716042974221915,-1.8277475891934405,-1.948216939447278,0.1204693502538378,26.36,664.67,100.253,5040.47,0.0241900833406538,-0.0061719564030759,0.0023468211359265,-0.0114548925324573,0.0031340220791777895,0.006251374928158526,0.0052475735040707,0.006251374928158526,0.0,0.006251374928158526,7.5394348772563464e-06,0,0,7.865154507324591,2.0624421812409426,5.485561972439767,1.7021195447122333,1.0724523040043386,0.06994789904030906,7.685856285962915,2.0393817938105294,4.17788045999637,1.429804050948211,22.16247635710481,3.098400604602456
2026-03-13 11:00:00+00:00,72228.82,2121.02,1.4202,90.33,0.10003,0.9999,105813000.0,3111000.0,2079.0,132400.0,147.0,1466.0,1498.87,-0.0226175409822561,-0.0214313909162886,-0.023345368847066,-0.0221054907675454,-0.0195553101601059,-0.021832037026916,-0.0218110203346524,-2.101669226362013e-05,-2.26175409822561,-2.143139091628865,-2.334536884706606,-2.210549076754542,-1.955531016010592,-2.183203702691605,-2.181102033465243,-0.002101669226362,27.11,664.345,100.343,5033.85,0.0280549538762673,-0.0004890840306224,0.0008973260288236,-0.001314232812307,0.0021639681177791914,-0.003169604554077665,0.005320056358713723,0.0,-0.003169604554077665,0.003169604554077665,7.95803458680759e-06,0,0,6.5352689238379655,1.8772134975436425,4.173127758685312,1.4286658166896098,0.7119638840804149,-0.3397280934628565,3.72707763344379,1.315624450289246,4.222970127824393,1.4405387022408758,4.220549331849069,1.4399652930000455
2026-03-13 12:00:00+00:00,72784.73,2146.63,1.4336,91.0,0.10067,0.9998,106662000.0,3145000.0,2100.0,133400.0,147.0,1464.0,1498.31,-0.0219348841706318,-0.0221735578207945,-0.0223359985583756,-0.021608301396863,-0.0254242786066367,-0.0227036737579577,-0.0226954041106603,-8.269647297408367e-06,-2.193488417063183,-2.2173557820794554,-2.2335998558375647,-2.160830139686309,-2.5424278606636763,-2.2703673757957787,-2.2695404110660378,-0.0008269647297408,27.06,664.45,100.301,5046.17,-0.0018460407679321,0.0001580379219046,-0.0004186519468651,0.0024444408115531,-0.00037368460120301705,0.007667045227094604,0.005472967330854491,0.007667045227094604,0.0,0.007667045227094604,7.940162559596948e-06,1,0,9.7457115370243,2.276827345894251,9.144216703171928,2.213121625158755,0.8508715213997818,-0.16149413548471808,8.709429923902869,2.164406337964997,3.439711105805673,1.2353874869882724,29.007499624557312,3.367554404296611
2026-03-16 09:00:00+00:00,73260.92,2260.51,1.4741,93.29,0.10108,1.0,107602000.0,3318000.0,2165.0,137000.0,148.0,1468.0,1487.35,-0.0125052447751011,-0.0131372162714714,-0.0125439461558503,-0.0126473496357675,-0.0155734811938417,-0.0130097152654048,-0.0132814476064064,0.0002717323410015,-1.2505244775101176,-1.3137216271471464,-1.2543946155850303,-1.2647349635767524,-1.557348119384172,-1.3009715265404842,-1.3281447606406438,0.0271732341001595,23.78,670.29,99.857,5029.96,-0.1292117314800061,0.0087508237819884,-0.0044365024456105,-0.0032175079091505,-0.007341793258698992,0.0017202669453251218,0.004857458982681527,0.0017202669453251218,0.0,0.0017202669453251218,6.351413413805893e-06,0,0,7.552618836774819,2.0218943689148894,7.094054638822541,1.9592570584394093,1.0052838487660336,0.0052699382164537855,4.139390467746881,1.4205485469849901,9.233440143925606,2.222831692392456,49.972723595703265,3.9114773284876265
2026-03-16 10:00:00+00:00,73783.42,2278.3,1.4749,93.9,0.10069,0.9999,108200000.0,3344000.0,2166.0,137900.0,147.0,1469.0,1490.07,-0.0158488415600873,-0.0149717463571299,-0.0144260735269464,-0.0144197255336897,-0.0202295817639419,-0.014041679457026,-0.0159791937483591,0.001937514291333,-1.5848841560087368,-1.4971746357129945,-1.442607352694647,-1.4419725533689751,-2.022958176394196,-1.4041679457026055,-1.59791937483591,0.1937514291333042,23.94,670.06,99.889,4996.59,0.0067058088671916,-0.00034319394525,0.000320406919525,-0.0066563520274378,0.001827085702835518,0.00710672983531957,0.005016555343842637,0.00710672983531957,0.0,0.00710672983531957,6.3508946603140385e-06,1,0,11.073497643238293,2.4045546537487605,9.10609322128015,2.2089437742070097,1.1698544781246076,0.15687936340284525,6.314475932697619,1.8428447646624462,8.561141111877893,2.1472334887313713,54.17035426854955,3.9921337895884177
2026-03-16 11:00:00+00:00,73552.77,2269.94,1.4698,93.75,0.09995,0.9998,108070000.0,3334000.0,2160.0,137700.0,146.0,1468.0,1492.88,-0.0158048542305404,-0.0161558270961906,-0.0156022593867775,-0.0161298965757462,-0.0215353108202994,-0.016469067351866,-0.0170456296219108,0.0005765622700448,-1.5804854230540455,-1.6155827096190678,-1.5602259386777506,-1.612989657574626,-2.153531082029947,-1.646906735186604,-1.7045629621910874,0.0576562270044832,24.24,667.48,100.001,4986.91,0.0124534610712863,-0.0038578333355525,0.0011206164562569,-0.0019392002871665,0.0018840415234588903,-0.003130937326631056,0.005091897105329648,0.0,-0.003130937326631056,0.003130937326631056,6.759343349617856e-06,0,0,7.438936431611239,2.0067278858858586,5.6188833301751275,1.7261329484646184,1.0482963830543643,0.04716635417411439,5.244135246414502,1.6571103562657712,3.6542792791469076,1.2958988861097966,25.171791150478107,3.225723968732052
2026-03-16 12:00:00+00:00,73864.8,2279.28,1.4762,93.77,0.10009,0.9998,108518000.0,3352000.0,2169.0,137900.0,147.0,1469.0,1492.16,-0.0154248709467283,-0.0144221456270946,-0.0153112928869566,-0.0144357165774754,-0.0157367912091641,-0.015324188577797,-0.0150661634494838,-0.0002580251283131,-1.5424870946728395,-1.4422145627094651,-1.5311292886956651,-1.4435716577475444,-1.5736791209164158,-1.5324188577797049,-1.506616344948386,-0.0258025128313188,24.1,669.26,99.867,4992.35,-0.0057923207045043,0.0026631971094923,-0.0013408851849954,0.001090261309729,-0.00048240560525947274,0.004233287334521663,0.005052604725219495,0.004233287334521663,0.0,0.004233287334521663,6.334271679782632e-06,0,0,6.527384522518098,1.8760063305144152,7.430281519746746,2.005563747614398,1.3774581205739374,0.3202398590956077,7.153152499990445,1.967553168623638,2.9479286974901764,1.0811027872944832,26.05706715575598,3.2602890233739643
2026-03-17 09:00:00+00:00,73937.16,2315.79,1.5125,93.9,0.10074,0.9999,109199000.0,3418000.0,2233.0,138600.0,148.0,1475.0,1487.07,-0.0068279613236462,-0.0074749608220144,-0.0071996366252856,-0.0074183873939041,-0.0120650342795609,-0.0080174337781844,-0.0081971960888822,0.0001797623106978,-0.682796132364627,-0.7474960822014487,-0.7199636625285666,-0.7418387393904102,-1.206503427956096,-0.8017433778184424,-0.8197196088882298,0.0179762310697873,22.47,672.61,99.65,5017.63,-0.0700307542993714,0.0049930424851201,-0.0021752540942925,0.0050509698812355,-0.003416993620837694,-0.003391990886511209,0.0044891777383505565,0.0,-0.003391990886511209,0.003391990886511209,9.86610450176383e-06,0,0,15.98263499390807,2.7715028199805323,7.2608311395482215,1.9824943043155725,1.0793121376715582,0.07632392865969757,7.454842619866315,2.008863837311952,4.036886637312104,1.3954737605530951,13.810528258960868,2.6254312186056805
2026-03-17 10:00:00+00:00,73729.45,2312.94,1.5089,93.57,0.10019,0.9999,108857000.0,3416000.0,2230.0,138200.0,148.0,1475.0,1486.52,-0.0067819339941695,-0.0064659893771376,-0.0058002540504021,-0.0064249966147275,-0.0062741620241026,-0.007650408503434,-0.0063494672121079,-0.001300941291326,-0.6781933994169598,-0.6465989377137604,-0.5800254050402187,-0.6424996614727507,-0.6274162024102692,-0.7650408503434014,-0.6349467212107918,-0.1300941291326096,22.33,671.7,99.655,5007.51,-0.0062500203451714,-0.001353854600496,5.017435589760311e-05,-0.0020189251097697,-0.00036992322833473423,-0.0028132309259252253,0.004295682779309913,0.0,-0.0028132309259252253,0.0028132309259252253,1.0195865678538085e-05,0,0,10.790282535306522,2.3786459638490522,8.233777223084331,2.1082448672474676,0.7915311335159815,-0.23378606560714502,5.354392376715545,1.6779172290612276,3.4472925055740586,1.2375891419484328,18.23709611958909,2.9034577680019917
2026-03-17 11:00:00+00:00,74033.11,2326.82,1.5097,93.66,0.10016,0.9999,109290000.0,3440000.0,2232.0,138400.0,149.0,1477.0,1488.98,-0.0085619833069903,-0.0070970748763599,-0.0070790574411109,-0.0075855656211714,-0.0009135056839519,-0.0079465709603372,-0.0062474373859169,-0.0016991335744203,-0.8561983306990317,-0.709707487635991,-0.7079057441110925,-0.7585565621171408,-0.0913505683951987,-0.794657096033724,-0.624743738591691,-0.1699133574420331,22.88,671.2,99.627,4997.9,0.0243321006595307,-0.0007446571198226,-0.000281008823519,-0.0019209613509385,0.0016535039895719805,0.004110113244896851,0.004322658134830091,0.004110113244896851,0.0,0.004110113244896851,9.787416989234267e-06,0,0,9.472226129861921,2.2483639513640643,8.093929081367474,2.0911142845382775,1.130346779908368,0.12252447051937972,5.40359138892785,1.6870638045315158,2.8812412040684077,1.0582211749402555,31.31889853184083,3.444221702299871
2026-03-17 12:00:00+00:00,73739.74,2315.42,1.5049,93.42,0.09881,0.9999,108950000.0,3421000.0,2224.0,138000.0,147.0,1477.0,1488.48,-0.0073808969479268,-0.0073862422526603,-0.0071488638922305,-0.0075783731755234,-0.0005215564083931,-0.0076133271716938,-0.0060031865353468,-0.0016101406363469,-0.7380896947926874,-0.738624225266038,-0.7148863892230573,-0.7578373175523456,-0.0521556408393131,-0.7613327171693829,-0.6003186535346883,-0.1610140636346946,22.44,671.49,99.605,5001.69,-0.0194180858571013,0.0004319686666462,-0.0002208480574346,0.0007580311155717,-0.00033585674010705446,-0.0039705586705931495,0.00432009473643096,0.0,-0.0039705586705931495,0.0039705586705931495,1.0444305995760203e-05,0,0,9.848500309059903,2.2873191907050305,7.007666389561398,1.9470047482717203,1.5111444225623436,0.4128672595055414,5.334232393241696,1.6741449930975345,3.5813121479871897,1.2757292550440391,69.50769279869725,4.2414374341963486
2026-03-18 09:00:00+00:00,74181.08,2329.27,1.5238,94.28,0.0999,0.9997,109475000.0,3436000.0,2249.0,139200.0,147.0,1476.0,1501.79,-0.0173189215292882,-0.0177453039360436,-0.0172291235980295,-0.0168711215477461,-0.0201882610275261,-0.016877903781578,-0.0178705463277267,0.0009926425461487,-1.7318921529288267,-1.7745303936043677,-1.7229123598029528,-1.687112154774617,-2.0188261027526133,-1.6877903781578052,-1.7870546327726755,0.0992642546148704,23.14,665.91,99.868,4878.76,0.0307176411110345,-0.0083445975459639,0.002636949886928,-0.024884766109027,0.008902264947110439,0.0018376002305604544,0.0038991762122419756,0.0018376002305604544,0.0,0.0018376002305604544,6.243487383463256e-06,0,0,13.4441669727872,2.598545329659818,7.141297222935729,1.9658944437335308,1.0068179687863685,0.006794831543646485,5.401898397594012,1.6867504468992125,3.443947446029672,1.23661832687579,18.526317757753457,2.919192302674025
2026-03-18 10:00:00+00:00,73946.35,2312.83,1.5111,93.86,0.09918,0.9997,109267000.0,3419000.0,2234.0,138600.0,147.0,1477.0,1501.46,-0.0158563138172869,-0.0154412821036531,-0.0153628977930919,-0.0165123433562097,-0.0128583778375054,-0.0159956089606844,-0.0152062429815494,-0.0007893659791349,-1.5856313817286916,-1.5441282103653142,-1.5362897793091967,-1.6512343356209769,-1.285837783750543,-1.5995608960684415,-1.5206242981549445,-0.0789365979134971,23.08,666.83,99.784,4870.24,-0.0025962801256316,0.0013806145926951,-0.0008414641972676,-0.0017478720215589,-0.00021976192546624418,-0.0031693008712583293,0.003911548531810067,0.0,-0.0031693008712583293,0.0031693008712583293,6.332245707212286e-06,0,0,12.127494486214015,2.4954751464856377,8.726949514888044,2.1664158832312506,1.035130336062204,0.03452734735151246,5.047138010917602,1.6188213521234658,2.010641471526145,0.6984538112193854,31.07414052818122,3.4363759790313804
2026-03-18 11:00:00+00:00,72952.85,2269.34,1.4895,92.0,0.09711,0.9998,107738000.0,3352000.0,2204.0,136000.0,143.0,1478.0,1501.08,-0.016163778374707,-0.0159875275258966,-0.0142489597262824,-0.0152018083211969,-0.0190017225973023,-0.0151786319637685,-0.0161207593090771,0.0009421273453085,-1.616377837470706,-1.5987527525896603,-1.4248959726282484,-1.5201808321196997,-1.9001722597302373,-1.5178631963768563,-1.6120759309077102,0.0942127345308539,23.2,667.07,99.756,4862.64,0.0051858370323656,0.0003598470688803,-0.0002806454864563,-0.0015617168905137,-0.0002531190272430095,-0.01352648820421365,0.004705845768628613,0.0,-0.01352648820421365,0.01352648820421365,1.3955824171326078e-05,0,1,6.355919552874872,1.8493865917150238,4.671105962400079,1.5413958664264598,0.7123840930159497,-0.33913805654142587,7.373148520511443,1.9978448226417977,4.158622906191131,1.4251839873043364,3.4866905150558525,1.2489530098274508
2026-03-18 12:00:00+00:00,72361.24,2237.49,1.464,90.43,0.09594,0.9997,106875000.0,3304000.0,2165.0,133700.0,141.0,1479.0,1501.41,-0.016281535565498,-0.016488071701556,-0.0150424357024252,-0.0152645506552014,-0.0211410988076045,-0.0146303586961956,-0.016843538486457,0.0022131797902614,-1.628153556549805,-1.6488071701556084,-1.504243570242525,-1.5264550655201492,-2.114109880760451,-1.4630358696195669,-1.6843538486457077,0.2213179790261411,23.7,665.86,99.852,4887.34,0.0213227694688211,-0.0018155497023384,0.0009618853693416,0.0050666878988714,0.00021981755231781364,-0.008142545140570334,0.004908000361479545,0.0,-0.008142545140570334,0.008142545140570334,1.606147855505954e-05,0,1,4.949299405728293,1.599246032367385,3.6657154288137193,1.2990235219675157,0.5423839507658498,-0.6117811320897227,4.512288479165857,1.5068044481372804,1.8754077595445993,0.6288261075359389,7.6752353811609,2.0379989615581566
2026-03-19 09:00:00+00:00,70513.0,2189.42,1.4693,90.2,0.09508,1.0,104829000.0,3253000.0,2183.0,134100.0,142.0,1486.0,1496.96,-0.006879252651249,-0.007467385547932,-0.0074941818335984,-0.0068564085889606,-0.0023252622440039,-0.007321504916631,-0.0062044981731488,-0.0011170067434822,-0.6879252651249002,-0.7467385547932026,-0.7494181833598401,-0.6856408588960639,-0.2325262244003978,-0.7321504916631083,-0.6204498173148809,-0.1117006743482274,25.63,656.29,99.804,4621.85,0.0782884922348943,-0.0144766738036503,-0.0004808270317422,-0.0558531303605178,-0.002968281611208212,0.007513441745881977,0.005045047790874047,0.007513441745881977,0.0,0.007513441745881977,2.4668569766511263e-05,1,0,19.261519603626468,2.9581093027189755,15.716420881831041,2.7547060818053657,1.5225102607500454,0.4203604599881021,10.665106176375263,2.366977307464499,9.179673531925708,2.216991641028966,47.19179148012487,3.854219968148142
2026-03-19 10:00:00+00:00,70133.72,2172.76,1.4629,89.81,0.0942,0.9999,104277000.0,3232000.0,2174.0,133600.0,140.0,1487.0,1496.41,-0.0064012160744172,-0.0059482529786538,-0.0068969903112922,-0.0058975137438035,-0.0068232801360925,-0.0061890024314946,-0.0063934506488518,0.0002044482173572,-0.6401216074417238,-0.5948252978653867,-0.6896990311292206,-0.589751374380354,-0.6823280136092569,-0.6189002431494672,-0.6393450648851884,0.0204448217357211,24.92,657.6599,99.747,4601.44,-0.0280928464567273,0.0020851639721568,-0.0005712825448158,-0.0044257598567991,-0.0003674787989389472,-0.00539338449404525,0.00508555799591764,0.0,-0.00539338449404525,0.00539338449404525,2.546207511184663e-05,0,0,13.955092192049277,2.635844473347637,7.186696306575197,1.9722315816557212,1.2161304623486562,0.1956740659046882,11.027935612601828,2.4004316546064057,4.354835095710466,1.4712867440790458,8.928672497700603,2.189267727365442
2026-03-19 11:00:00+00:00,69952.75,2166.92,1.4585,89.62,0.09401,0.9999,104095000.0,3223000.0,2169.0,133300.0,140.0,1487.0,1495.0,-0.004631518534925,-0.0051073215396209,-0.0052546311955175,-0.0050894934315753,-0.0038774071925031,-0.0052516957381356,-0.0047920743788284,-0.0004596213593072,-0.463151853492505,-0.5107321539620902,-0.5254631195517501,-0.5089493431575387,-0.3877407192503179,-0.5251695738135664,-0.4792074378828403,-0.045962135930726,25.22,658.07,99.569,4596.09,0.011966636617521,0.0006233802443507,-0.0017861089658737,-0.0011633559452128,-0.0009426993320342802,-0.0025836913539407647,0.004481068158575168,0.0,-0.0025836913539407647,0.0025836913539407647,1.8116640856584018e-05,0,0,12.370577221932521,2.515320848366035,7.359927026882905,1.9960500178659404,1.658133219526582,0.5056924030187759,8.330132104809643,2.1198793149737254,2.2717589036383643,0.8205543788718123,19.62275102040838,2.9766896594154586
2026-03-19 12:00:00+00:00,69290.27,2132.45,1.437,88.11,0.09254,0.9999,103251000.0,3177000.0,2142.0,131200.0,138.0,1489.0,1494.18,-0.0027154431509897,-0.0029075244832313,-0.0023923302581029,-0.0034348062598799,-0.0019629306294547,-0.0033671211691436,-0.0026826069563317,-0.0006845142128118,-0.2715443150989705,-0.2907524483231394,-0.2392330258102926,-0.3434806259879908,-0.196293062945474,-0.3367121169143616,-0.2682606956331734,-0.0684514212811882,25.65,657.16,99.405,4585.05,0.0169062410800049,-0.0013837886076366,-0.0016484569555617,-0.0024049312658345,-0.0005486454616772107,-0.009515521836407359,0.004574030034439712,0.0,-0.009515521836407359,0.009515521836407359,1.9126812292122342e-05,0,1,7.885804706910221,2.065064270618003,5.7307436584389455,1.7458453056281995,0.8021318094099953,-0.2204823337344688,6.773243206356829,1.912980027805538,4.334978843577585,1.4667167298463366,13.850989006152524,2.628356638470354
