datetime_utc,BTC_KP,ETH_KP,XRP_KP,SOL_KP,DOGE_KP,USDT_KP,VIX_ret,SPY_ret,DXY_ret,XAUUSD_ret
2025-06-02 10:00:00+00:00,0.0226791538593866,0.0221057616378599,0.0223440178564171,0.0219426296178033,0.0220709414924273,0.0221553750936829,-0.024988286117532788,-6.796133002939797e-05,0.0006383528686795259,0.0012210918432646878
2025-06-02 11:00:00+00:00,0.0228922130807236,0.0222240901640342,0.0227870065477584,0.0222920797942416,0.0225407485979918,0.0217252194838359,-0.001582696188990429,0.0014262188946583265,0.001032660508477612,-0.0004118036613913745
2025-06-02 12:00:00+00:00,0.0203422445891376,0.0195088959616729,0.0197295906278371,0.0203421851909733,0.0198848137978244,0.0203395028023487,-0.0010565241341997655,0.0007632099282472993,0.0005664977441011132,-0.0008508077998996555
2025-06-03 09:00:00+00:00,0.0152982040735494,0.0143685018974917,0.014422519187929,0.0155248868259312,0.0147811348656512,0.0148010441155514,-0.03222620437774815,0.0067501893160795134,0.002777260580196561,-0.007707953139934887
2025-06-03 10:00:00+00:00,0.0155993577369679,0.0155371902308221,0.015274589296393,0.0157811548645576,0.0155553153895433,0.0153644446620724,-0.01873333020250989,0.001892673397570377,0.0005444481547636215,0.00016137660253612296
2025-06-03 11:00:00+00:00,0.0140674460216074,0.0148135049470712,0.0135891560838936,0.013773462377262,0.0146082062182668,0.0144049377309762,0.0,0.0018387682917886394,0.0002418818418998825,0.001179648661265631
2025-06-03 12:00:00+00:00,0.0154022945697367,0.014583339498172,0.0141986955901098,0.014139547151506,0.0150036841848326,0.0146063736164365,-0.007816901891611217,0.0011569417789480951,-0.00023180226362917722,-0.0005194712258109746
2025-06-04 09:00:00+00:00,0.0160476868467958,0.016991234283384,0.0160280816921349,0.0160219551331988,0.0160315132393782,0.0170732461268225,-0.0011217051091998442,0.0013982795906448686,-0.0033823554233824993,0.0018050465635273127
2025-06-04 10:00:00+00:00,0.0170945495985475,0.0176581617264774,0.0165310300736698,0.0168551061840982,0.0176410906093864,0.0179395529888206,-0.011854499534548868,-0.0010213051827427932,-0.0008600323295162582,0.006805930266619242
2025-06-04 11:00:00+00:00,0.0205929088508094,0.0196913646774026,0.0195880530475853,0.0201049274099163,0.0203582996035422,0.0202771965810169,0.014096652940238652,-0.0017772119224046534,-0.0005467579416107426,-0.0016830581101761055
2025-06-04 12:00:00+00:00,0.0199701075723148,0.0205631789477134,0.0201841788622756,0.0204991217256718,0.0195079313599817,0.0203142992016804,-0.018649876515210106,0.0023599859431593373,0.0001012740273500512,0.0009218844443896757
2025-06-05 09:00:00+00:00,0.0208981842795703,0.0218063230691876,0.0209041703591263,0.0205114766262166,0.021016497670238,0.0222799361663432,0.03089265603088709,-0.0019573216422976714,-0.0022710001142822733,0.0007552523716274351
2025-06-05 10:00:00+00:00,0.0203931012191695,0.0205839665191678,0.0205435243770015,0.0197841921037993,0.0197728077666898,0.0220829266041253,-0.048154304424191885,0.004234918408805299,0.0016936007252761343,-0.0028789369900437123
2025-06-05 11:00:00+00:00,0.019168190228292,0.0176412849139493,0.0189301676938811,0.0192919378443123,0.0188811006697713,0.0201287012085138,-0.0017426667204309965,-0.0013037157740871663,0.000749541700492351,-0.006963187746499955
2025-06-05 12:00:00+00:00,0.0197452024223645,0.019532757324046,0.0196308569350314,0.0208078393165185,0.020135516371434,0.0205010534538259,0.012709587604949668,-0.0024113344347496124,-7.087853952647549e-05,0.003000382896164666
2025-06-06 09:00:00+00:00,0.0242373966739009,0.0244447180428555,0.0249032884770015,0.0242083224775973,0.0249752634980051,0.0249263749268719,-0.00633460223623894,0.00449145748595825,0.002932197607527165,-0.003607524757207159
2025-06-06 10:00:00+00:00,0.021104986131625,0.0219463617497568,0.0214917928641482,0.0210469293564947,0.021993531942867,0.0223181909439469,-0.016307874513521003,-0.001093822517388432,0.001714885623832707,-0.0049696659363327456
2025-06-06 11:00:00+00:00,0.022492749770866,0.023313663117771,0.0236145127049858,0.0237108788912276,0.0231768751441117,0.0232042397195275,-0.011219485860416434,0.0001670732118705942,-0.0001713562854144257,0.0018653947744162735
2025-06-06 12:00:00+00:00,0.0210657845015327,0.0210623553347817,0.0210647276653399,0.0211158265997732,0.0216578120838761,0.0213854757976821,0.010632114331047493,-0.0006015942428394538,0.0002318279645301402,-0.0027346971764252714
2025-06-09 09:00:00+00:00,0.0143763891904691,0.01350264012611,0.0136336294035817,0.0139442121949564,0.0131955779414603,0.0143411443223571,0.013423020332140823,0.0025376063300939222,-0.0010991394542987365,-0.0010236771373506315
2025-06-09 10:00:00+00:00,0.0136183330919155,0.0137358216128649,0.014802189176037,0.0125921263991706,0.0135361084781997,0.0148153415343517,0.0,-0.0008924364522870931,-0.0013225845832671723,0.000412607731858472
2025-06-09 11:00:00+00:00,0.0149492924400329,0.0150242933427617,0.0151333434485629,0.0145922936387443,0.0148315914690777,0.0153319031011243,-0.009318646349869564,0.000975801047391478,-0.0003031282862115958,0.0022888363850395166
2025-06-09 12:00:00+00:00,0.0175656879873402,0.017517922584183,0.0184968204697804,0.0171357355262722,0.0179642890967026,0.0176360681888592,-0.007635866763742172,0.0017074444543814238,-4.042404827142576e-05,0.0028289834983485918
2025-06-10 09:00:00+00:00,0.0069156462142765,0.0062825713803935,0.007254740279541,0.0071552921359709,0.0071666884925523,0.0075520146803369,0.005878911699775724,0.0006073135713258182,5.052980501574211e-05,0.0016552751819993716
2025-06-10 10:00:00+00:00,0.0050764598849994,0.0048414038996253,0.0058190622059646,0.0056294484448746,0.0051832738682195,0.006097812500063,0.004094770272495829,-9.215481416458005e-05,0.0013128795349679478,-0.0045864077158803696
2025-06-10 11:00:00+00:00,0.0022651015603749,0.0014845014252373,0.0019932509959541,0.0018432256596059,0.0014933165906363,0.0024864024583357,-0.011153623112120314,0.0012560009770696823,0.00010091937559586484,-0.00045979982989052814
2025-06-10 12:00:00+00:00,0.0023584693641496,0.0014771293002602,0.001781029877939,0.0023287014192736,0.0017859871780752,0.002385344210219,-0.0035482000560973503,4.9675609144372856e-05,0.0,-0.0015522581549447523
2025-06-11 09:00:00+00:00,0.0036013959161189,0.0028318554420545,0.0035926360894691,0.0038115169732602,0.003634960195918,0.0034033655576688,-0.022769108261276205,0.004707138999335392,-0.003406607254006211,0.0022944445739501163
2025-06-11 10:00:00+00:00,0.0042306402065186,0.0044852926940766,0.003563308746346,0.0044741807827883,0.0044003637528218,0.0045055851970043,-0.0018198367169861562,-0.0009264161594293441,-0.0011854284887933275,0.0025738495638751857
2025-06-11 11:00:00+00:00,0.0060846261151539,0.0068407435360222,0.0057722144994252,0.0065232567947761,0.0065624732103195,0.0063536330291382,0.010268891203514041,-0.0016150074943288573,-0.00025347900062211437,-0.0013490949620376114
2025-06-11 12:00:00+00:00,0.0044968426806673,0.0043206417701329,0.0048314095134052,0.0038198494768293,0.0046615439061654,0.004782420261908,-0.014528100562909874,0.001863238847223947,-0.00045642417811908587,-0.0009094170303569626
2025-06-12 09:00:00+00:00,0.012234212660817,0.0112917469061786,0.0118127661185916,0.0114300407337346,0.0121346009428626,0.0117127711226345,0.07628330474963052,-0.003032640470851611,-0.006605924547177011,0.01846645708593897
2025-06-12 10:00:00+00:00,0.0109187717494687,0.0104600001509442,0.0116278550651085,0.0107844303104247,0.0120168887505662,0.0111076122805244,-0.006234080830316735,-0.00018258322110931147,0.0007656303808616371,-0.0025028642512054944
2025-06-12 11:00:00+00:00,0.0125982883994524,0.0110810083211918,0.0120237662787012,0.0121308073444279,0.0125125425729626,0.0120975302765107,0.024151693430725096,0.0009457520677722542,-0.00027555941286294683,0.0007178528532740813
2025-06-12 12:00:00+00:00,0.0114975200225877,0.0113819674169388,0.0117486106511168,0.0115388024739673,0.0121937641542293,0.0109553082651048,-0.017352800385449285,-1.6584435507560613e-05,0.000316376572403243,-0.0006026071803990618
2025-06-13 09:00:00+00:00,0.0176710902149908,0.0179387830803494,0.0188734885666566,0.01753496114993,0.0182616693929766,0.0180388878464816,0.14727056850782638,-0.01020161870472247,0.0019368985106265058,0.015542235149414552
2025-06-13 10:00:00+00:00,0.0173172878353817,0.0179653008564975,0.0174134370555776,0.0178775441483258,0.0176035428884948,0.017509916619119,-0.046380788346119584,0.006230029420423833,-0.0014982192342483103,-0.002674289105961236
2025-06-13 11:00:00+00:00,0.0195364671524769,0.0187556495108931,0.019021179216504,0.0198448563656294,0.0193654503853821,0.0205521765526974,-0.02952817483920489,0.0005343405474373952,-9.180067020864158e-05,-0.0004668397948996983
2025-06-13 12:00:00+00:00,0.0207307861646772,0.0203571198803613,0.0199592057798303,0.0204225922022849,0.0201520911279577,0.0198823386518138,0.025436097517775647,-0.0023509017476017746,0.001294630523084983,0.001146285708131245
2025-06-16 09:00:00+00:00,0.0148278551995704,0.0143737416494658,0.0150628006876154,0.0151617755771629,0.0154062593838397,0.0154741334599948,-0.038134680854903014,0.007660453383388166,-0.004308327235857945,-0.012448792560281419
2025-06-16 10:00:00+00:00,0.0148051370383472,0.0153202201448021,0.0157548805861149,0.0153551344701818,0.0153608780788168,0.0156242574054035,0.011120051044077428,-0.0012257136346480735,0.001594815145267603,0.0027235684949715733
2025-06-16 11:00:00+00:00,0.0147378695797177,0.0141370463034762,0.0142496193329613,0.0146749937670571,0.0134123139617714,0.0145152405334665,0.003154576748515492,-0.0005139214807954318,0.0003064038426581206,0.0021934991858501007
2025-06-16 12:00:00+00:00,0.014291501406316,0.0133248502660634,0.0140198953714762,0.0139852859192639,0.0144124356905372,0.0137709557422205,0.015108388452438337,0.0005802146957085696,0.0005104645338001035,-0.001525530888034865
2025-06-17 09:00:00+00:00,0.0075348156084225,0.006539944486501,0.0074612094914821,0.0066139390317987,0.0066027695080672,0.0072909960720128,0.010799796406226747,-0.0037524742257337707,0.0037795288495834356,-0.002650958842618678
2025-06-17 10:00:00+00:00,0.0062991697425902,0.0060011330824629,0.0059737152540535,0.0051997622189823,0.0058290334694803,0.0062756666747167,0.010178204915755718,-0.0011651327072508266,0.0012499048955936232,-0.0015910009982764706
2025-06-17 11:00:00+00:00,0.0070440875885238,0.0065807769191479,0.0070120155576225,0.0057514080880813,0.0073387797731376,0.0057154810789716,0.0045466105095961495,0.0011651327072508266,-0.00023360333244859532,-0.0017030188343589714
2025-06-17 12:00:00+00:00,0.0036152151394159,0.0032550464333915,0.0034322014289998,0.0036219288611747,0.0034188149264247,0.0036553119181921,0.034187129174115594,-0.0038835000263972574,0.0017354860417198026,0.0011149773353711367
2025-06-18 09:00:00+00:00,0.0090223607799875,0.0080941628465138,0.0098416465384429,0.0089228356647474,0.0099959201990076,0.00867655796539,-0.018682942638150735,0.0032212053676072827,0.0008514175602263307,0.002671473953828496
2025-06-18 10:00:00+00:00,0.0115664872077685,0.0117073135169785,0.0117741340258901,0.0120513114097109,0.0116805914135629,0.0119432701598998,-0.008973140964967818,-0.001002596508945075,-0.001957314946239741,-0.0014130733742057089
2025-06-18 11:00:00+00:00,0.0105057140331694,0.010696256217054,0.0120397635342113,0.0109979288735215,0.0119085383094621,0.0115471503326991,0.001001001084584896,-0.0011420522333835947,0.0010044898493184462,0.0016459355311777557
2025-06-18 12:00:00+00:00,0.010170043018693,0.0106501641701177,0.0113886667659406,0.0110640376546247,0.0113102432161726,0.0101172351822034,0.02275073397650207,-0.0010515072571477546,0.0007197709209041392,-0.0005483442206006828
2025-06-20 09:00:00+00:00,0.0098984508665471,0.0104218951942613,0.0104406984559348,0.0093822864164243,0.0103142295244076,0.0107987779184948,-0.03787198983777662,-0.00449386303127941,0.001184972261428996,-0.005986447848250975
2025-06-20 10:00:00+00:00,0.0053976854161195,0.0055977801323818,0.0057857265147915,0.0050614788133804,0.0058141026545814,0.0064259564645079,0.029031067812874234,-0.0017208746287797894,-0.0006885309250259652,-0.00037682944462957835
2025-06-20 11:00:00+00:00,0.0041360543043578,0.0049357921470434,0.0050171465331514,0.0052483003349503,0.0054110579024857,0.0052060316261759,0.005902624122455347,-0.0002520838948543158,-0.0004863074166534531,0.00018694889079462484
2025-06-20 12:00:00+00:00,0.0066064432645551,0.0059029399364989,0.0067328303082958,0.0073304047052218,0.0073391845136021,0.0067829922297575,-0.005409405863381345,-0.0027012828577444026,-0.0005575181464516632,0.0004064190532986345
2025-06-23 09:00:00+00:00,0.0098439658895446,0.010313678756298,0.0114114153462647,0.0107268078888542,0.0096212947404357,0.0110192916456806,-0.0044477463982364185,0.007115985644562173,0.0013273957131705316,0.0027249668095805646
2025-06-23 10:00:00+00:00,0.0126153111578166,0.0125150793266155,0.0124644546235246,0.0124299533688512,0.0128162599239005,0.0133460545810626,0.001484781267579116,-0.0019553996365093695,-0.0016823418918443522,0.0017081997722829811
2025-06-23 11:00:00+00:00,0.0109552069755711,0.0099177847394202,0.0110143041909875,0.0109061517149595,0.0103131483091201,0.0116133780012226,0.036897389375825984,-0.003678605272013691,0.0009327318565404141,0.00027457643804851273
2025-06-23 12:00:00+00:00,0.012123327915412,0.0118796491426136,0.0116666219079744,0.0122159768573606,0.0125684470885509,0.0120023859533089,-0.0062156547233405135,0.006106786753272253,-0.001490759092603433,0.000752484340306836
2025-06-24 09:00:00+00:00,0.0119543200435645,0.0119092507706632,0.0106633704104348,0.0115208441138179,0.0113688365775304,0.0122210694459079,-0.13868338753395104,0.011218366225533849,-0.0077838847653337595,-0.02641324070741291
2025-06-24 10:00:00+00:00,0.0150400515816244,0.0140790168255162,0.0143631941098616,0.014648119311853,0.0142623705098712,0.0151893342542703,-0.016667052485211276,0.0019084527089043846,0.0007770325926710342,0.0008779552080220299
2025-06-24 11:00:00+00:00,0.0141945500665661,0.0137829721418076,0.0144272770467033,0.0137577274942342,0.0136630992561277,0.0145567737113443,-0.008438868645864961,0.0011878445320530062,0.0006232344022771841,0.002644340916914345
2025-06-24 12:00:00+00:00,0.0135213259709638,0.0137112088972577,0.0135075242318871,0.0131935004022853,0.0144515322016567,0.0149353734025043,-0.005665737535677007,-0.00024735128130437545,-0.0008685478937051627,0.0016164007849877038
2025-06-25 09:00:00+00:00,0.007464008193643,0.0082187383682474,0.0066754115798206,0.0075812558767704,0.0062056562605188,0.0079972271411143,-0.020086758566737473,0.002273327283741189,0.002022038862579123,-0.0012663611001908492
2025-06-25 10:00:00+00:00,0.0075875075853406,0.0090500387022094,0.0076228982082675,0.0082777755692171,0.0081882905231231,0.0096105473685172,0.012100406934087093,-0.0009218866403175596,-0.0005408522125653903,0.0027086610805771016
2025-06-25 11:00:00+00:00,0.0093982456751786,0.0102283273129422,0.0087950827947851,0.0094764885142091,0.0087590432489206,0.0092999163287799,-0.010362787035546273,-0.00036240240241181,-0.0009804022476691543,0.0007339008360194299
2025-06-25 12:00:00+00:00,0.0108894851817329,0.0115801453909898,0.0111260808068052,0.0102614668063254,0.0109821328606809,0.011628284832766,0.002889340351604819,0.00011532410204129206,2.0434853687412158e-05,0.002708360636205498
2025-06-26 09:00:00+00:00,0.0129921964491959,0.0129954317634535,0.0136985909653049,0.0140750291994433,0.0137657547068603,0.0148417708917232,-0.052721714099480455,0.0048152471488931425,-0.00659141405328878,-0.00443568987506282
2025-06-26 10:00:00+00:00,0.0135409180256755,0.0136738050485896,0.0141256268850822,0.0144363075778206,0.0142759526906093,0.0138991228946994,-0.00426699824499055,0.00016393442659623503,0.000914936660774579,-0.00044585834493737764
2025-06-26 11:00:00+00:00,0.0131343935118111,0.0134856233172331,0.0139192837206634,0.014065108730628,0.0142241421295552,0.0139307742084642,0.0006106870418798316,0.0013759892091904646,-0.0021910771270619023,0.0018845039790189588
2025-06-26 12:00:00+00:00,0.0141866977172111,0.0132560702577093,0.014071319405672,0.0142395848300214,0.0139800698527139,0.0153891747552561,-0.0006106870418798316,0.0005564101868422711,-2.059626177874918e-05,0.0019349921006028836
2025-06-27 09:00:00+00:00,0.0087820904991897,0.0071776338198801,0.0087119650443197,0.0086303803669529,0.0091539720400344,0.0082070568513101,0.0018309434471093233,0.005986332542048167,0.0014921305758379688,-0.017328234208264348
2025-06-27 10:00:00+00:00,0.0087989312823519,0.008738819592766,0.0092987625955718,0.0093234596540725,0.0104077712833474,0.0089270408350219,0.009104766992919178,0.000731558658921827,0.0002775992820813755,-0.000497960054342883
2025-06-27 11:00:00+00:00,0.0095843193266966,0.00890594835746,0.0096994175617617,0.0080393594395797,0.0084352865184487,0.0085968472703406,-0.009104766992919178,0.001542646349851573,-0.0008227405951775069,0.0006689811422706526
2025-06-27 12:00:00+00:00,0.009933406626174,0.0107761900697986,0.011430065652896,0.009753759717149,0.0090837238054617,0.0099038403079718,0.0006095702718464935,-0.0014776448060418446,0.0012235813382970306,0.0009309410348929958
2025-06-30 09:00:00+00:00,0.0063382749914238,0.0071576156558423,0.0073276384884657,0.0062063946740669,0.0056292525331635,0.0071224132216622,0.05165885827391037,0.0021751136712468977,-0.0017587259430209556,0.002291607992258804
2025-06-30 10:00:00+00:00,0.0078967890759729,0.0082476067523049,0.0093131101817249,0.0085389244025484,0.0084790058425618,0.0084638449624181,0.00461894585629441,-0.0008272842030692118,-0.0006693337290295531,0.0007363434492351217
2025-06-30 11:00:00+00:00,0.0083975892295335,0.0096973782317477,0.0091015002471424,0.0083673660799339,0.0088580720461735,0.0091313752221044,-0.01450562132810207,0.0,-0.0006594742992520608,0.0006506952634577345
2025-06-30 12:00:00+00:00,0.0094866106909465,0.0097155524220535,0.0109811109363442,0.0092810488953301,0.0092699940225184,0.0101761763508962,0.0,0.000478610578317884,-0.0009384394750764358,0.002495470288360835
2025-07-01 09:00:00+00:00,0.0082537022658419,0.0076567346036071,0.0078084138767791,0.0098255011935399,0.0087483674707511,0.0085129527399101,-0.015906079089921477,0.0008349918809962276,-0.002262058817466439,0.01600188144285042
2025-07-01 10:00:00+00:00,0.0063986128757298,0.0065066937819497,0.0071375123041701,0.0068531003562932,0.0069168682900215,0.0070530961475878,0.02115237500522671,0.0004209606033001023,0.0018905647880567145,-0.0016186017265003017
2025-07-01 11:00:00+00:00,0.0058309831521441,0.0058444196201614,0.0066946026926455,0.0063344313103965,0.0061550827661203,0.0059706419619327,-0.023530497410193973,1.6523706903193158e-05,0.00042307950914022285,-0.0016092514472934027
2025-07-01 12:00:00+00:00,0.0076136126935621,0.0078937924592652,0.0080522509578393,0.008158924445428,0.0081391050048942,0.0069443018799393,-0.0011911853701529473,0.0012465902518501437,-0.0009289460227908108,0.00037113525911713907
2025-07-02 09:00:00+00:00,0.0048552785467577,0.0050646350759264,0.0064289469784197,0.0051847826832844,0.0050117699549354,0.0057084541370593,0.014201422106167705,0.0009379650082843582,0.0026709720577038354,-0.0012156818447284223
2025-07-02 10:00:00+00:00,0.0034537615752396,0.0046912014498035,0.0052833550973034,0.004141163764737,0.004471881533512,0.0056528016174628,-0.0153940280912912,0.00017795232201578415,-0.001494452767435206,0.0017123086817587563
2025-07-02 11:00:00+00:00,0.0064757477308241,0.0063685005425173,0.0081841552725963,0.0062955455834567,0.0068709421797858,0.0072880819898797,0.0,0.0006137813736772912,-0.0008358055433026479,-0.0006881633193298597
2025-07-02 12:00:00+00:00,0.0088760184391125,0.0097938560716357,0.0099645293238426,0.0085949315224915,0.0091693160806261,0.0083776695180233,-0.0011940299926078701,0.0005247839423523359,-0.0004646384422182237,0.002266157801020796
2025-07-03 09:00:00+00:00,-0.0047921179281816,-0.0049760694100602,-0.0062494038835764,-0.0052049747719039,-0.0047641307765935,-0.0045032277323679,-0.018692133012152112,0.008879447310369493,0.00269190271622044,-0.004807485693248736
2025-07-03 10:00:00+00:00,-0.0047022961809062,-0.0049579138843441,-0.0049246330921424,-0.004461209375551,-0.0058054746564281,-0.0038908843590228,-0.0012180269471775418,0.0006398055209535514,-0.0002987427074918614,-0.002418453519492658
2025-07-03 11:00:00+00:00,-0.005294567672444,-0.0063395051344685,-0.0066478837917534,-0.0064931977618841,-0.0065132221149311,-0.0051304685205153,0.0030422901469244756,0.0005515036606968948,0.001400228795500169,0.0010882767822106842
2025-07-03 12:00:00+00:00,-0.0030147472279383,-0.0036484519303959,-0.0037124154080643,-0.0026418037302997,-0.0028123410809408,-0.0026615031572951,-0.003651860418770969,-0.0006314569680077042,-0.0009264025366606532,0.001735183830442466
2025-07-07 09:00:00+00:00,-0.0030727798716346,-0.0025773682289684,-0.0036997595001123,-0.0031819403328835,-0.0032036070875469,-0.0030451885969698,0.0757181733415413,-0.0036847796382080134,0.0022322011871205305,-0.005130190296750214
2025-07-07 10:00:00+00:00,-0.0026045559734567,-0.0026590893543574,-0.0029703239247698,-0.0034872537233914,-0.0032180698896886,-0.0033671750194825,0.002258611914422559,-0.0016063228306979482,-8.220473092812597e-05,0.00034966405478265017
2025-07-07 11:00:00+00:00,-0.004144284322787,-0.0044885098250514,-0.004826715466221,-0.0058607445415798,-0.0049194671801057,-0.0049569642061921,-0.004522336706811014,-0.002349874735369184,0.0008217433747121916,0.0008555583190190674
2025-07-07 12:00:00+00:00,-0.0096952045946305,-0.0100486274987128,-0.0100661637343677,-0.0104356779806845,-0.0109471671515379,-0.0104109986578154,0.02240990139958443,-0.0006689529524219751,0.002420216129260133,0.0020245144547175187
2025-07-08 09:00:00+00:00,-0.0045030360237905,-0.0035584587886963,-0.002960360787678,-0.0040958391515244,-0.0031604736715374,-0.0044022040173755,-0.05993234072267395,-0.0002338360819722496,0.001218145396538084,-0.003742396518159552
2025-07-08 10:00:00+00:00,-0.0064341710326586,-0.0063765013566888,-0.0053610613111464,-0.0056164537204825,-0.0057872680775695,-0.0055534007026973,-0.010644689511414285,-3.225754423574756e-05,-0.0007880422675636822,-0.005580835818445706
2025-07-08 11:00:00+00:00,-0.0069397149176203,-0.006495097143263,-0.0067327598652776,-0.006529717395638,-0.0066753631507088,-0.0052596305145987,-0.0065613119374994255,0.003059830070705871,-0.0006349791796802506,0.0005003692222658174
2025-07-08 12:00:00+00:00,-0.0065380749538057,-0.0063950995162944,-0.0055189159041959,-0.0061611827460161,-0.0056038868283004,-0.0052800072554709,0.005966604813221643,-0.0016898012469921397,-0.00039962906757384786,0.0007031262128425197
2025-07-09 09:00:00+00:00,-0.0079187184512472,-0.0067405429255679,-0.0079085078828354,-0.008070029747925,-0.0073281866442141,-0.0074116658173927,-0.04377598641623237,0.003994588110888486,-0.0006561478208322313,-0.00013634359819825193
2025-07-09 10:00:00+00:00,-0.0079527962560828,-0.0071398633749115,-0.0078618943559382,-0.0076870504968442,-0.0082598610849129,-0.0065737764240486,0.022735234244632085,-0.0019350208572559424,0.0011479763055657344,0.003668729966168627
2025-07-09 11:00:00+00:00,-0.0092007448052423,-0.0094628981504671,-0.0095638093980902,-0.0088821920509847,-0.00851428518268,-0.0076687937418795,-0.01963253240712115,-0.0004984123259248463,0.00014340442119920027,-0.0008305610690637621
2025-07-09 12:00:00+00:00,-0.0107808540727109,-0.0109688833054875,-0.0108841910170166,-0.0107044693329614,-0.0110175913218173,-0.009422093401905,-0.007462721201589417,0.0008037681079597903,-0.0006352329059327033,0.000685640096026674
2025-07-10 09:00:00+00:00,-0.0093230892429784,-0.0095758475156537,-0.009024953527423,-0.0089628223961086,-0.009534846043794,-0.0095948558336437,-0.0018744147943503542,0.0022952171672097066,0.00337644586959307,0.00027774675109348834
2025-07-10 10:00:00+00:00,-0.0098064465934368,-0.0090738720251106,-0.0097251547911071,-0.0092260190922326,-0.0094028382045393,-0.0096903863693249,-0.007532992307545339,0.002817669923675048,-0.001666334807644887,0.0006427482081736713
2025-07-10 11:00:00+00:00,-0.0091585906755521,-0.0090909580804308,-0.0099908987439174,-0.0091979220966245,-0.0093498288607897,-0.0091117841469561,0.0006299212806721854,9.591712767509364e-05,-0.00039910559942768487,0.0014439216882813355
2025-07-10 12:00:00+00:00,-0.0102159407483582,-0.0103827739933965,-0.0100458417920107,-0.0110345230939868,-0.0093931491749634,-0.0099031150907401,-0.007585371389256856,0.0008308966171597376,0.0001330528989580415,-0.0013926403331154802
2025-07-11 09:00:00+00:00,-0.0174168536398696,-0.0176577014837643,-0.0172913521755748,-0.0170547848989579,-0.0180983272499536,-0.0160863594518404,0.04951506452738075,-0.003311711596390765,0.00200388575388466,0.011191600366634802
2025-07-11 10:00:00+00:00,-0.0152368374718495,-0.0155792373672382,-0.0153451835689283,-0.0145994653937444,-0.0160795441542825,-0.0146885575963986,0.00301477466808997,-0.0010742603468631984,-0.0008480941381874274,0.0026274647583672817
2025-07-11 11:00:00+00:00,-0.0133473447247924,-0.0131688632311385,-0.0133497274419963,-0.0127945039431515,-0.0145230623882557,-0.0129263335405044,-0.007250787053695973,0.0009377169397906115,0.0001328815363059732,-0.0006874785433730324
2025-07-11 12:00:00+00:00,-0.0160531344004368,-0.015740577314647,-0.0179759256256638,-0.0157120912167727,-0.016764074068729,-0.0161589997229208,-0.017742894333169446,0.000793357880603196,-7.154940233711216e-05,-0.001537375502795868
2025-07-14 09:00:00+00:00,-0.0176028369432221,-0.0173503863656532,-0.0162310748511916,-0.0167132642342977,-0.0178882764342491,-0.0164093621201842,0.062221022997208664,-0.0028225501859715507,0.0007459064897394896,0.0004352336617596819
2025-07-14 10:00:00+00:00,-0.0189387730322437,-0.0196977110931572,-0.0207448145971771,-0.0186342683193063,-0.0191194750126497,-0.0192332461425179,-0.002322881416139566,0.0023740406716532547,0.0004595283277959439,-0.0035739222608484056
2025-07-14 11:00:00+00:00,-0.0200469656782341,-0.0198224698419121,-0.0193373489168455,-0.0195980346470042,-0.0191813919445353,-0.0187592812152553,-0.004662013105811269,-0.00043268191343504014,0.0016321704344610666,0.0005502063412521352
2025-07-14 12:00:00+00:00,-0.0173522145201775,-0.0166680529916986,-0.0164809623198756,-0.0171426641134636,-0.0173752377575883,-0.0166686148610823,-0.008800291467461197,0.0013615142138938552,-4.077181037587252e-05,0.0008456508504028903
2025-07-15 09:00:00+00:00,-0.0127654978803604,-0.0121305875391826,-0.0136602408225466,-0.0124619382187218,-0.0122007959997205,-0.0127464518881089,-0.008878424701332932,0.001071888626221984,0.003977604544348701,-0.0001374069518131904
2025-07-15 10:00:00+00:00,-0.0139000463432965,-0.0145016505586101,-0.0148667869709629,-0.013791303016818,-0.0137303347415392,-0.0143996535421704,0.01767871616879413,-0.00044781371698032757,0.0007915969358407438,0.0002240233710537609
2025-07-15 11:00:00+00:00,-0.0130278252068547,-0.0135094452984368,-0.0139629538562879,-0.0133699882913044,-0.0125794446930223,-0.0135651504202812,-0.002339182353172209,-0.0013766830521166895,0.0005780786652200831,-0.005786907582304934
2025-07-15 12:00:00+00:00,-0.0129812152989041,-0.0136333741681389,-0.0138722089984758,-0.0129844553975426,-0.0135261089293116,-0.013396436852765,0.0011702751481905693,-0.0006569933976132702,0.0006588049516889072,0.00015018758457507886
2025-07-16 09:00:00+00:00,-0.0213989699020948,-0.0204535469762711,-0.0206770790806902,-0.0209629710441758,-0.0212799863399312,-0.019531309418268,0.00699303549097019,-0.002180945098913867,0.0015085478787364437,-0.0008082750979010456
2025-07-16 10:00:00+00:00,-0.0199904589834736,-0.0193057520585548,-0.0192297650624372,-0.0197327283130648,-0.0189847976141709,-0.0188910342344013,-0.0017436796048264647,-0.0017379202347385103,-0.009085613019010452,0.003370002394163407
2025-07-16 11:00:00+00:00,-0.0174958080332869,-0.017374495406236,-0.0175238808790202,-0.0171210349470332,-0.0171847093221987,-0.0163887417532947,0.042147468222283546,0.00038614387556812346,0.0040956940454863755,0.001885601451803609
2025-07-16 12:00:00+00:00,-0.0140995637377682,-0.0141315594403151,-0.0152465258628949,-0.0154658383054794,-0.0145632346560349,-0.0141489693044579,-0.025417917389652267,0.0022976880594587357,-0.0013837312072038088,0.0015536954178099194
2025-07-17 09:00:00+00:00,-0.0209759947160181,-0.0211991992551366,-0.0205955116461228,-0.0215646780401155,-0.0220802617593511,-0.0206726103797819,-0.03197017408234526,0.0038265271085844432,0.004561092409194778,-0.009039196141014116
2025-07-17 10:00:00+00:00,-0.0202639249146048,-0.0210491740792013,-0.0218737016865707,-0.0205369142516785,-0.0200194548825105,-0.0191667327923442,-0.0035502995871672383,0.0019026802344361826,-8.108491622316194e-05,0.00450881785362256
2025-07-17 11:00:00+00:00,-0.0196858558573133,-0.0204749915317183,-0.0200275774286191,-0.02023119325677,-0.0210934307905668,-0.0192437265853068,-0.0053491955188165186,0.00028719585358949473,-0.0005069297402569006,0.0007584876779613836
2025-07-17 12:00:00+00:00,-0.0216331463910508,-0.0224139581783934,-0.0232324565810916,-0.0228984365139788,-0.0225457839985516,-0.021400014421897,-0.003582093382505036,0.0002871133958119998,0.0010541253763456382,0.0006441127569765115
2025-07-18 09:00:00+00:00,-0.0192067668861818,-0.020158019484161,-0.0180391579364923,-0.0192556006102019,-0.0187998303154264,-0.0186223673260124,-0.019324272826402478,0.0005738202145515459,-0.004670912819951134,0.0052720918452209276
2025-07-18 10:00:00+00:00,-0.0210038885107058,-0.0203362713100837,-0.0210679921675731,-0.0198774394064512,-0.0203220878930017,-0.020254505533453,0.006079046076381989,0.00039856259828763285,-9.160538442465338e-05,-0.0005483158794366005
2025-07-18 11:00:00+00:00,-0.0199683401665763,-0.0202910528105497,-0.0184785882330152,-0.019100961540186,-0.0209188054558505,-0.0196112116254467,-0.0048602768822525455,-0.0011159292064819581,0.0015968026663504276,-0.0003100507136633013
2025-07-18 12:00:00+00:00,-0.0205210542217409,-0.0207439571480149,-0.0185292471083967,-0.0194710495009763,-0.0204180629833276,-0.0195973015365926,0.01270818918055383,4.7851087424888306e-05,0.0007009737726644261,-8.94519724781162e-06
2025-07-21 09:00:00+00:00,-0.0182701636592413,-0.0186077780527696,-0.0182374415811422,-0.0182532172079455,-0.0167401919851595,-0.0171897442090368,0.004200426217873421,0.006835079303642466,-0.005305052229692464,0.010343666792362427
2025-07-21 10:00:00+00:00,-0.0172973194336136,-0.0181557116409833,-0.0178486387231868,-0.0165318806222612,-0.0183601201450898,-0.0165723432397243,-0.0175178143207102,4.435474929209704e-05,-0.0023202459443103507,0.003535019485703117
2025-07-21 11:00:00+00:00,-0.0151937488178733,-0.0165974115879097,-0.0154390750564623,-0.0158848738101171,-0.0155663109698898,-0.0150975693592916,-0.0018298266770759852,-0.0008446622368483148,0.0008183222805033807,-0.0007354325851576249
2025-07-21 12:00:00+00:00,-0.0157333517642499,-0.0160574167711685,-0.0156218364349913,-0.0154110439611243,-0.0170716974692646,-0.0155536614808002,-0.0024449889930666657,0.0010062236170602645,0.000787003244847817,-0.0007006347212641373
2025-07-22 09:00:00+00:00,-0.0163067974819229,-0.0160996422149393,-0.0156711063759474,-0.0162658394008895,-0.0155424827899125,-0.0144509158997634,0.05129329438755059,-0.006881508343288267,-0.0014723025786969046,0.004914678842624198
2025-07-22 10:00:00+00:00,-0.0153466555744896,-0.0136937430511965,-0.0140370631199312,-0.0144027074639953,-0.0137268823308619,-0.0134118729866011,-0.01818765299969849,0.0009404564297499363,-0.002407381062575986,0.004076708488366165
2025-07-22 11:00:00+00:00,-0.0163237380560862,-0.0150073826749453,-0.0157332274000472,-0.0160289592104311,-0.0153209940405341,-0.0147950511854124,-0.001184834261831913,-0.000749105491546942,-0.0018376036256251282,7.879680205746808e-05
2025-07-22 12:00:00+00:00,-0.0155150335203452,-0.0153905982263153,-0.0151282495498,-0.0149866858510647,-0.0148314868081782,-0.0136620431568846,-0.009529553950574421,0.003040749952925026,0.0008422264032539317,0.0016649539860615903
2025-07-23 09:00:00+00:00,-0.0092600003083618,-0.0092876583764985,-0.0092697359265407,-0.0103352693600033,-0.009847162600604,-0.00943806107733,-0.03594660552882001,0.0026194025279986377,0.0009748639810736037,-0.005495233630016472
2025-07-23 10:00:00+00:00,-0.0100191995454278,-0.0090256722431606,-0.0085092077418567,-0.0096818546182166,-0.0085237673335092,-0.0096593363798179,-0.011229063716413634,0.0001902346232753871,-0.0008106097973561432,-3.2224847410944335e-05
2025-07-23 11:00:00+00:00,-0.0116469083995214,-0.0122974812196651,-0.0108086759546828,-0.0116619602456002,-0.0107488315875468,-0.0108315472963512,-0.023485687516161757,0.001283138002478701,-0.00048257346063795836,-0.004539416379975236
2025-07-23 12:00:00+00:00,-0.0132780297902426,-0.0135470084156971,-0.0083868418039586,-0.0124685422602266,-0.0117693298209999,-0.0109813768011256,-0.002572348685311532,0.0007042337397447085,-0.0004417074633060736,-0.0031361663112488003
2025-07-24 09:00:00+00:00,-0.0101717785254992,-0.0098538040873441,-0.0106220809087331,-0.0105046724872491,-0.0101399339322002,-0.0078484588013703,-0.02279486519311158,0.004238649033161401,-0.00048301980806453315,-0.006028716759555408
2025-07-24 10:00:00+00:00,-0.0099602953962484,-0.0102924622083616,-0.0107302853471372,-0.0101195742499052,-0.0102819051735272,-0.0089195646439435,-0.013930573535946955,0.0011571752049919226,0.00012334638764954775,0.002020529377579905
2025-07-24 11:00:00+00:00,-0.0089802382182856,-0.0077719600176715,-0.008184449268061,-0.0074154806165044,-0.007559115837868,-0.0077824191981447,0.013930573535946955,-0.001551077601073203,0.001345542708284242,-0.0003587093025689825
2025-07-24 12:00:00+00:00,-0.0112272953391963,-0.0104109365213612,-0.0110311038732884,-0.0106610262533446,-0.0114649003311191,-0.0095717776734133,-0.00660940938767407,0.0012756811267680135,-0.0008728557826351846,-0.0016677600985914864
2025-07-25 09:00:00+00:00,-0.009459906513223,-0.0116304139098695,-0.0092880251739912,-0.0096148745255588,-0.0096753701657925,-0.009462854325035,0.00858374369139181,0.00021245539500291954,0.003763238566689253,-0.006788698108923796
2025-07-25 10:00:00+00:00,-0.0104961055196186,-0.010292502598617,-0.010347037866159,-0.0102047193158871,-0.0104618268242312,-0.0100359781933605,-0.011904902506318482,0.0007707553783893317,-6.141060153552758e-05,-0.0037898408840604247
2025-07-25 11:00:00+00:00,-0.0108115624875944,-0.0114824386094655,-0.0109624369918026,-0.0106210810934543,-0.0100905710561229,-0.0110955269890232,0.0026578088735207395,0.0012256925517988293,0.0010127929908838595,-0.0011803274150565812
2025-07-25 12:00:00+00:00,-0.0113214217257873,-0.0115305394672946,-0.0114891448919172,-0.0119695122343017,-0.0128743421106594,-0.0116589001955761,0.0,0.0004396260109587047,-0.0006443859378624239,0.0006969520646933347
2025-07-28 09:00:00+00:00,-0.017649999336223,-0.0165098647705969,-0.0160432751305933,-0.0173712108124077,-0.0166763820794458,-0.0172856471933311,0.01840946139480204,0.0010746995602053389,0.00525546271286359,-0.00841685495255895
2025-07-28 10:00:00+00:00,-0.0157572438413203,-0.016185801623287,-0.0154945012144783,-0.0167327619316209,-0.0159522799576877,-0.0153071607967218,-0.008505121599666321,-0.0010354566347183791,0.0016779636513897245,0.0017670468598911526
2025-07-28 11:00:00+00:00,-0.0163450440328226,-0.0159734220429035,-0.0151757383537121,-0.0159048678780546,-0.0155553268515475,-0.0157389223787232,-0.005270104424236699,0.0005178623386585812,0.0010561807863247452,0.002080745107564397
2025-07-28 12:00:00+00:00,-0.0165091141613664,-0.0159571391764257,-0.0152157962149656,-0.0159945661406417,-0.0168642677021327,-0.0161789781026207,0.0065833022491972315,-0.0017115360106823019,0.0007711195820325756,-0.0007454297506050978
2025-07-29 09:00:00+00:00,-0.0119882605051636,-0.0123190699669087,-0.011551941334994,-0.0117100763338916,-0.0115126475106474,-0.0109966506722847,-0.02794593039055915,0.002260491049367097,0.0041194598713962804,0.0016138937096599193
2025-07-29 10:00:00+00:00,-0.0075672185197382,-0.0082305570463363,-0.0063476228480521,-0.0072893986773057,-0.0074785330496068,-0.0067084110937375,0.014070583896942157,-0.003943476779475041,-0.0002222401819400588,0.0033972442503138467
2025-07-29 11:00:00+00:00,-0.009844648173211,-0.0091989158178681,-0.0090932315010437,-0.0098798041210195,-0.008827946855242,-0.0094424212656458,0.011247224087347352,0.000660948957887264,-0.0003031344121184887,-0.002451235942864116
2025-07-29 12:00:00+00:00,-0.0102587764933193,-0.0102674649451086,-0.0103576030144508,-0.0104783624638437,-0.0101262891395571,-0.0095348093975951,-0.006600684031351722,0.000832331362776273,-0.0006571066316087837,0.0007314881895830183
2025-07-30 09:00:00+00:00,-0.0063582456167954,-0.0052141604154879,-0.0049660246541889,-0.0052900887114066,-0.0042723168799291,-0.005583397028986,0.05162436540530724,0.0002839946259705073,0.005777827462766005,-0.006057652062628094
2025-07-30 10:00:00+00:00,-0.0048816855346547,-0.0043490764124775,-0.0031186332892544,-0.0037903054598158,-0.0026523117859273,-0.0040635078973927,0.019925939461080677,-0.0016513462221254827,-0.00030167732821961835,-0.00027553339351449324
2025-07-30 11:00:00+00:00,-0.0057194174614249,-0.0048222669122715,-0.0052174969602307,-0.0056602068298908,-0.0043774643104305,-0.0048071050305743,-0.013031521678643188,0.0020284142088078383,0.0008143200124264283,-0.0035767033899549716
2025-07-30 12:00:00+00:00,-0.0039039106395973,-0.0040426501146321,-0.004167953018866,-0.0035934968987811,-0.002991333256558,-0.0037906305969344,0.00436273674219656,-0.0006442438607185963,-0.0006835819961397149,0.0024101444093123092
2025-07-31 09:00:00+00:00,-0.0133365570041414,-0.0131558418230087,-0.012240112493315,-0.0131234235244858,-0.0147202463809622,-0.0119357580477086,-0.05299676069739956,0.004094091255194776,0.005165533880648887,0.0009030659397257779
2025-07-31 10:00:00+00:00,-0.0116864892955189,-0.0114754418288233,-0.0121778660703985,-0.0108619442282967,-0.0087811268392806,-0.0120004057088862,0.049258438586792685,-0.004094091255194776,-0.0006504911437330563,-0.0015399448905686342
2025-07-31 11:00:00+00:00,-0.0115962343934866,-0.0115789530548026,-0.0117674691854456,-0.0114393441801601,-0.0107565193310755,-0.0111343274477989,-0.03687639704358325,0.0029508447385229175,0.0007405258071395693,-0.00019721143101314453
2025-07-31 12:00:00+00:00,-0.0105165707641692,-0.0091945659186166,-0.0086846612192348,-0.0090434494769137,-0.0076081732371218,-0.0085509809162004,0.015424470325631656,-0.005106577538777302,0.0002300517626609988,-0.00021546001555172722
2025-08-01 09:00:00+00:00,0.0051563769840294,0.0043271490159713,0.0059157342338655,0.0055250130059021,0.0047402134397063,0.0054530494050983,0.2690140053803072,-0.018248606453367344,-0.011486979795219732,0.015300028605929938
2025-08-01 10:00:00+00:00,0.0034559796106019,0.0020541735434775,0.0031921337104252,0.0029637921784184,0.0007930784750376,0.0031189199575143,-0.016708005377105817,-0.00295663913551536,0.0022736583847793312,0.00011058293656773799
2025-08-01 11:00:00+00:00,0.001496724682944,0.0014827410219477,0.0018684101659898,0.0018672353799651,0.0027188496082126,0.0037450592215559,-0.04045040846284298,0.00436688927459894,-0.0006260033927842912,0.000779710829533542
2025-08-01 12:00:00+00:00,-0.0001915900563809,0.0001929931220889,4.921251790679371e-05,0.0010720992504997,0.0022308858427737,0.0002814122641079,0.09774646286843636,-0.0059771696502508576,0.0012213526230446803,-0.00038529833469169716
2025-08-04 09:00:00+00:00,0.0110875535966759,0.0094275052329317,0.0098332054646859,0.0108320206921457,0.0070239923466175,0.010523750695857,-0.17328436853558893,0.014272927386464573,-0.005097149963074976,0.01075036352513159
2025-08-04 10:00:00+00:00,0.0093076300095384,0.0082475003001505,0.0087216389749045,0.0089385786153699,0.0075678919181791,0.0087942712940425,0.009966859915392146,-0.0007151882441833735,0.0018031529663735668,-0.002918318800292141
2025-08-04 11:00:00+00:00,0.0077435729488208,0.0071194918546886,0.0078687058599318,0.0082397063604988,0.0085227103063147,0.008196328713907,-0.0016542600960263165,0.0011918551996910054,-0.0001923164522530385,0.00019264653421835476
2025-08-04 12:00:00+00:00,0.0078169025602905,0.0073659779579722,0.007236745529592,0.0065911904330866,0.0091917066120013,0.0080648779117209,-0.015012792389184959,0.000928379535002577,-0.00023285362217961847,-0.0009903016485139915
2025-08-05 09:00:00+00:00,0.0035058640151681,0.004223664428131,0.0034059263839163,0.00401093551161,0.0023262216652166,0.0043519584785129,0.005029348405001688,-0.0007379986289173246,0.0019118433863747342,0.0013103092366097968
2025-08-05 10:00:00+00:00,0.0038676913397988,0.0035638606368966,0.0023711725061292,0.0031389937336887,0.0042140978916211,0.0040478831443839,0.02205161019766866,-0.003060963213648016,-0.002347323915630639,0.002946364143507907
2025-08-05 11:00:00+00:00,0.0047444206279665,0.0033591632972613,0.0039050555249267,0.0038242802044665,0.0045816542961809,0.0044562380121428,-0.014831362224181355,0.0017412072698448355,-0.0002431413879140365,0.0012604963064415386
2025-08-05 12:00:00+00:00,0.0088490685789519,0.0081276374204075,0.008616382278622,0.008023431546092,0.0082240008126681,0.0082118938137896,-0.021253596432443178,0.0010942800219293503,0.00018236158299789196,-0.0022357399729884264
2025-08-06 09:00:00+00:00,0.0089769695685737,0.009381745554301,0.0099319384135272,0.0088598587338926,0.0084708772317609,0.0089344971994944,-0.022871208476495042,-0.0015145462078267613,-0.0033384269383534004,-0.003064902775141931
2025-08-06 10:00:00+00:00,0.0078945759790876,0.0082331582309822,0.008091183825468,0.0076908090029323,0.0063276965487952,0.0090953744820976,-0.019860465868740018,0.005013217762274813,-0.0004676602838324939,0.002195247476517892
2025-08-06 11:00:00+00:00,0.0090157125527068,0.0092139294289457,0.0090492497012566,0.0088388880691188,0.0116902019746671,0.009888493180072,0.0017683470567422255,0.0007514010026836715,-0.00023391218229740218,-0.00046767839971018077
2025-08-06 12:00:00+00:00,0.0087577126196092,0.009810619516249,0.0079406621182587,0.0083017314065778,0.0099592845231233,0.0091957658303725,-0.002358491659292916,-0.0001465975030603417,-0.0003764083566411003,-0.00042050526399251
2025-08-07 09:00:00+00:00,0.0037275196851582,0.0032208057891569,0.0044025318502634,0.0040446801397882,0.004906225654188,0.0046407737439029,-0.02027499386141063,0.0023264176623385424,0.001047487904749289,0.0025410643835961366
2025-08-07 10:00:00+00:00,0.0001255443118755,-0.0016152411417951,-0.0006146666164232,-8.531438750103426e-05,-0.0036572772656934,0.0005462997223972,0.026747508367027883,-0.002907484073947586,-0.0006609083154058837,0.0011102417983046564
2025-08-07 11:00:00+00:00,-0.0014128889524466,-0.0024409527184288,-0.0019901317126265,-0.001508406056533,-1.7068395533725855e-05,-0.0006585998953375,-0.008836581800498067,0.0004429889167010259,-0.0008445645652637168,0.0005340123185764156
2025-08-07 12:00:00+00:00,-0.0016742389702918,-0.0004329661811947,-0.0016086909403529,-0.0007796278870194,-0.0026240671016413,-0.0005566639598639,0.0193384286108107,-0.0034224361198997855,0.0005292082354326766,-0.0004425314048255302
2025-08-08 09:00:00+00:00,-0.0088799740475008,-0.0100543403184917,-0.0099526425848606,-0.0091708984289802,-0.0121398316868865,-0.0085203758445124,-0.08348255021654882,0.010090966723954153,-0.000783734995205343,0.003358337422598723
2025-08-08 10:00:00+00:00,-0.0085597791388293,-0.009807868364304,-0.0083806759341038,-0.0092722971255824,-0.0079374504497879,-0.0084711269270985,0.0006307158834122362,-0.0006994463656573302,-0.0006926407203318163,-0.002800779922944585
2025-08-08 11:00:00+00:00,-0.009623522582549,-0.0094730848498285,-0.0091136443701235,-0.0093786449049105,-0.0122565068310444,-0.0088847971737801,-0.013968481089536411,0.0014141051465204058,0.0007435512552600443,0.0013557206109453546
2025-08-08 12:00:00+00:00,-0.0068073148235786,-0.0076969500974282,-0.0073349266892861,-0.0079513515339626,-0.0095214929453569,-0.0065382713318539,0.007643349312567604,-0.0007924381867230323,-0.0008352602524865915,0.0006595121615777799
2025-08-11 09:00:00+00:00,-0.0185924992177981,-0.0194128883626687,-0.0180554892492944,-0.0191517764078225,-0.0183594932506537,-0.0184877813943796,0.0019017438378177154,0.0013496746224284095,0.004676611276471121,-0.01145586232918383
2025-08-11 10:00:00+00:00,-0.0191472519947145,-0.0191787865884427,-0.0172888038899868,-0.0174741686202147,-0.0149805761981849,-0.0184322201239346,0.0018981340719572692,-0.00028234664303727897,-0.00013186523392150207,-0.003593966607585486
2025-08-11 11:00:00+00:00,-0.0144560356162289,-0.0134321846219223,-0.0134158142723336,-0.0133708479804864,-0.0125544611985963,-0.0143640729367225,-0.015286921896905614,0.0023202843290839326,-0.0006189845806652272,0.0008631336466553563
2025-08-11 12:00:00+00:00,-0.0127073374428017,-0.0125825446985212,-0.0125217140357961,-0.0124195607894322,-0.0124083015112986,-0.0126892795370341,0.014654610778778387,-0.0021477907184932477,0.00044651918744698094,-0.001601420108423568
2025-08-12 09:00:00+00:00,-0.0065656897058641,-0.0077561087625898,-0.0068883374710502,-0.0077174414671855,-0.0068979863033065,-0.0052270711181571,-0.03606314816796008,0.0033685627735664525,-0.003099296756341907,0.00043945072357232107
2025-08-12 10:00:00+00:00,-0.0058353344365135,-0.0065045567394036,-0.0064184629938804,-0.0060003592586918,-0.0081176694022782,-0.0051903114186852,-0.026579637804712064,0.00187520565005439,-0.0027312675580928314,-0.0024987706188674963
2025-08-12 11:00:00+00:00,-0.0047975488714043,-0.0058748811965224,-0.0053473283755034,-0.004836411833586,-0.0027755454940953,-0.0039409293664198,0.006042314455962927,0.001326146335658862,0.00021428680840607228,0.0037204448825214342
2025-08-12 12:00:00+00:00,-0.0032086362479897,-0.0030072938712264,-0.002804680471347,-0.0022061599478876,-0.0015223912511541,-0.0032970197359406,-0.004696419232607774,0.00024943098685703546,0.0002040399925462566,-0.00010448587733691284
2025-08-13 09:00:00+00:00,-0.0096012913951692,-0.0101174513044859,-0.0104083416252067,-0.0092900274549218,-0.0111147905396865,-0.0089681132702487,-0.01969503389155136,0.004206621246939157,-0.003597199701276921,0.00468217521752301
2025-08-13 10:00:00+00:00,-0.0110565689547146,-0.011628151760023,-0.0116501944924517,-0.0111090347281804,-0.0120817584836028,-0.0108007767439056,0.00887680803283386,-0.0008609134661545781,0.0005629161250118031,-0.0005260975720240424
2025-08-13 11:00:00+00:00,-0.011146704737573,-0.0116864423411476,-0.0124956622591785,-0.0109985830444687,-0.0152535476442621,-0.0103044813489214,-0.010249491844806169,-0.0006682466544960519,8.185231800084125e-05,-0.0015799554293742801
2025-08-13 12:00:00+00:00,-0.0100231445191485,-0.009455772260235,-0.0097259564560298,-0.0093088805721385,-0.0111501615619763,-0.0086387631548042,0.010249491844806169,0.0006196195808731986,0.0003989341351289255,-5.6579529244871196e-05
2025-08-14 09:00:00+00:00,-0.0120918195687327,-0.0127794796956354,-0.0115260022916503,-0.0121520293262776,-0.0087490091734069,-0.0114102738187182,0.012162312082571347,0.0009027108102133141,0.002951255403536024,-0.004079171918899505
2025-08-14 10:00:00+00:00,-0.0096243542166746,-0.0106078285988211,-0.0096094624035187,-0.0103171228529871,-0.0102887066898793,-0.0097192172550094,0.004021453140778064,-0.0014446043442717382,0.0010904737507004825,-0.0010021944407814232
2025-08-14 11:00:00+00:00,-0.009559270768359,-0.0104201240221538,-0.0092246560716119,-0.0101219330178421,-0.0088698898728319,-0.0100467805415515,0.02183348390167872,-0.0003109404418637496,0.000977357953676261,0.0002813141579416367
2025-08-14 12:00:00+00:00,-0.0081576015991859,-0.0101586178433631,-0.0074572273793854,-0.0095045457377316,-0.0045651215978086,-0.0074608712861151,-0.024512654961727165,0.0029500378504030422,-0.0001831818695778864,-0.0022347382135983196
2025-08-15 09:00:00+00:00,-0.0008244939549065,-0.0002041813759759,-0.0011133944047647,-5.791052887860193e-05,-0.0036053990305716,0.0004768797933225,-0.008080852053938603,-0.001303154127235473,-0.0051018436444767445,0.00022789630816610895
2025-08-15 10:00:00+00:00,-0.0004013743716274,-0.0003737988871501,-3.963352661429109e-05,0.0003992774632701,-0.0017823448473929,0.0009594084070383,-0.004744163421978254,-0.0010561795244274919,2.0459311545373282e-05,0.002039756475669563
2025-08-15 11:00:00+00:00,-0.0015360790178654,-0.0014065227677746,-0.0008721929606722,-0.0013017094316046,0.000249362479624,0.000570733331713,0.006770506567210788,-0.00024867502964642796,0.0008589133230136881,0.0001406227796252324
2025-08-15 12:00:00+00:00,-0.0010179754375406,-0.000816789199346,-0.0008930018349599,-0.0006139513238293,6.4000409603082176e-06,-0.0005540519046192,0.002695419421672174,0.001297092597750904,0.00028614057872999865,-0.001242353326370349
2025-08-18 09:00:00+00:00,0.006317229442958,0.0053583553001217,0.0058608495823757,0.0068195189019979,0.0075429061450049,0.0065240609620065,0.03893596405414135,-0.0019346047670589783,0.001745726731845032,-0.0004644076563913302
2025-08-18 10:00:00+00:00,0.0055393261564902,0.0060165137563068,0.0050697338691458,0.0063566289198175,0.0082338152812282,0.0067809567774352,-0.013685453085254373,-0.00026445355494075784,0.000795285427018122,-0.0007255066872975391
2025-08-18 11:00:00+00:00,0.0038298281314201,0.0041065290718882,0.0043579663508599,0.0042315767331018,0.0009179450971821,0.0045739441589263,-0.0026281224062696396,0.0005809280780786352,-3.0576208653876336e-05,0.0003898004271203348
2025-08-18 12:00:00+00:00,0.0032134730503332,0.0025710539888161,0.0034511975304643,0.0028252142506577,0.0052348003680764,0.0027630411099686,-0.0006581112445491755,6.452673722012747e-05,0.00031590908195600065,-0.00039579854371218914
2025-08-19 09:00:00+00:00,0.0013055685122995,1.9575378986891323e-05,0.0006033130165943,0.00129292861838,0.0030739375119706,0.001838914191439,-0.02129155613561773,-0.00017881924920182257,-0.0001834189293479227,2.699124134508679e-05
2025-08-19 10:00:00+00:00,0.0003764339387613,-0.0007931450562107,-0.0002178918488352,-0.0006077890979127,-0.0023727096462855,0.001091064033452,0.02392140643500662,-0.0023041843577233934,0.0001019035585603234,-0.0026516173726491843
2025-08-19 11:00:00+00:00,-0.0017104738579537,-0.0020684398640299,-0.0015910218674735,-0.0020492639190865,-0.0023737505937505,-0.000648252393438,0.01692748752170692,-0.0019424373937884098,0.0009879259960925424,-0.0008754052316248817
2025-08-19 12:00:00+00:00,-0.002718612778608,-0.002621001643749,-0.0018530564639845,-0.0021178003811384,-0.005379656857286,-0.0013380030327654,0.01219136049348446,-0.0010078086485494353,-0.00025452675977266637,-0.001578266042498555
2025-08-20 09:00:00+00:00,0.0009521578834179,-0.0002494077548514,0.000249223522984,0.0005049195069906,0.0007945431309244,9.302294838953172e-05,0.07670118122278247,-0.009013738577168695,5.0910534928227946e-05,0.00818051426353783
2025-08-20 10:00:00+00:00,0.0004762718014459,-0.0002046049958207,0.0001800782464309,-0.0002736301278075,0.0010045196750814,0.0009873928535655,-0.0166769797185915,0.003778698957257909,-0.0006212856738878614,0.0006844248782140738
2025-08-20 11:00:00+00:00,1.935024478361136e-05,0.0009047742648924,-0.0002155216434296,-0.0001229880466829,0.0026376160500902,0.0014879249170194,-0.015738823670714108,0.0017114553899961749,0.0002954134536476971,-0.001857105155117722
2025-08-20 12:00:00+00:00,0.0010520596238112,0.0011149511379315,0.0003274089923392,0.00069079630363,0.001763647643592,0.0017756032186782,-0.005506284943021633,-0.0013500786980022994,-0.0005603411095682631,0.0013161793219840234
2025-08-21 09:00:00+00:00,-0.0032984938865124,-0.0049661769207896,-0.0045592636688649,-0.0047469543709683,-0.0050158646014617,-0.0040622835888026,0.0006133088202053827,0.0019774017742664185,0.004027465398175778,-0.0016125585578485868
2025-08-21 10:00:00+00:00,-0.0041037521660959,-0.0060873343982873,-0.005519071595296,-0.0059087229940062,-0.0037575410744413,-0.0057913708194081,0.020031018760140462,-0.001788909242725012,0.00012179155390601437,0.001424211837889544
2025-08-21 11:00:00+00:00,-0.0034856989191843,-0.0045004949691551,-0.0037090462254258,-0.0036125096160305,-0.0068416183267637,-0.0044643725511338,0.0006007810333898966,-0.0023114853323162876,0.001014353183286687,-0.00026015618488628434
2025-08-21 12:00:00+00:00,-0.0011886549722043,-0.0024184131105733,-0.0018562990459058,-0.0024095310143439,-0.0016479823202251,-0.0017363706103786,0.018447413937304535,-0.0012996067565635983,-0.00047661784771335647,-0.001065252813987172
2025-08-22 09:00:00+00:00,0.0046928369085046,0.0049182032105972,0.005157415179841,0.0047848277890245,0.0060157887672038,0.0034436900792944,-0.1348800104958161,0.01541428460915828,-0.006420943477893459,-0.0013901249456118592
2025-08-22 10:00:00+00:00,0.0144112722375238,0.0142560797019313,0.0131116990223836,0.0139426433580951,0.0142511694801135,0.0142720588763254,-0.016326893287428756,0.002682470115079383,-0.0028317770677768195,0.011547486193048684
2025-08-22 11:00:00+00:00,0.01289785623266,0.0116520364507912,0.0126042605755289,0.0126354888719011,0.0167528545884005,0.013083656530521,-0.0013726838119723084,-0.0018283523585989059,0.0004912797937182134,-0.0018153831972593792
2025-08-22 12:00:00+00:00,0.0139323124732415,0.0135894863161816,0.0139476559662086,0.0141763917062875,0.0119843988286199,0.0145559029103992,-0.013831479148461945,0.002106959941622577,-0.0013311081903593092,0.0007241753176838728
2025-08-25 09:00:00+00:00,0.007884815652893,0.0088511928200858,0.0077507539697021,0.0085262742367702,0.0094660375436823,0.0071929798963195,0.01999377184299833,-0.003146582047315327,0.0029873978675309942,0.00012460024105465095
2025-08-25 10:00:00+00:00,0.0091544594876087,0.0088749423128327,0.0086517696481278,0.0092610655730678,0.0121276791405395,0.008843504881677,-0.018601983170175806,0.0012102030894283189,0.0010822622376931434,0.0010140244590530756
2025-08-25 11:00:00+00:00,0.0097606880835898,0.0093724329863285,0.0090334355537855,0.0101207705968666,0.0126161249861476,0.0091638752446481,-0.004181190760400799,0.0,0.001274749429442501,-9.187213183814436e-05
2025-08-25 12:00:00+00:00,0.0086985091128493,0.0099518146447041,0.008851481190959,0.0097302668065024,0.0067023604228435,0.0082691020575598,-0.004198746546349774,-0.0004032383193068867,0.0008659023497630258,-3.260181770237125e-05
2025-08-26 09:00:00+00:00,0.0120427238329201,0.0120405077170315,0.0118182082251694,0.0127401320142579,0.0143533587200337,0.0121652536371064,0.052589788778733215,-0.002455039376881629,-0.000448138197021386,0.00048002845534789174
2025-08-26 10:00:00+00:00,0.0126998468850803,0.0136614988729586,0.0121602746080273,0.0127347897259251,0.0113121384861141,0.012440768842612,-0.0066755922137842205,-0.0009946330623513688,-3.056219151531536e-05,0.001145802771953086
2025-08-26 11:00:00+00:00,0.0131299916485883,0.0137725537881969,0.0140688411243419,0.0134965271167264,0.0123964882113329,0.0133695378978209,-0.006046373811864569,0.00139995045263408,-0.00044835282041510993,0.0022227223300870236
2025-08-26 12:00:00+00:00,0.0124183325414872,0.0121062132911307,0.0119915352896406,0.0108199272242042,0.0089872919664957,0.0125219762477126,0.004034975212178882,0.0003108341258730718,0.0006826390887466616,-0.0011314340433337122
2025-08-27 09:00:00+00:00,0.0009779330729891,0.0002133761198115,0.0003430021707186,0.0005982672468596,0.0008316937370582,0.0010443805147974,0.0006709158252338199,0.004016599049435854,0.004177366003562888,-0.0015530043395877158
2025-08-27 10:00:00+00:00,0.0031802827234819,0.002123506495312,0.0032376557285502,0.0015919619896538,0.0029639832605179,0.002120008875216,-0.005379972626806229,0.0002862835387178464,-0.0016546295324753046,0.0026047186420576907
2025-08-27 11:00:00+00:00,0.0030324855544558,0.0028781272704134,0.0044956490901009,0.0047211117641901,0.0052890576973021,0.0039217212460493,0.005379972626806229,-0.0005649083721843695,-0.0008639309392641792,0.00045756390825779647
2025-08-27 12:00:00+00:00,0.0035870059567615,0.0036830421805451,0.0045563053016806,0.0031534685031522,0.0058678814934547,0.0046424289834752,0.006018072325562951,0.0007892354884715402,-0.0013736615321731094,0.0021727827083921625
2025-08-28 09:00:00+00:00,0.0043644942390108,0.004348753778391,0.0045540803565931,0.0049078114765654,0.0068888583742927,0.0055500479493255,-0.038740828316430775,-0.0006499133677637658,-0.0035701573087054683,0.0034220532179123353
2025-08-28 10:00:00+00:00,0.004422458104911,0.0044349545995086,0.0041645789841811,0.0038960981481606,0.0025432329764667,0.0044025005061654,-0.016771881613828032,0.00037143078659696016,0.0011642514872507448,0.001472227376009272
2025-08-28 11:00:00+00:00,0.0043999058473029,0.0041318526610574,0.0035225682802577,0.0037445219550213,0.0061367180752869,0.0045475426729124,0.0,0.0029202063349851315,-0.0012051270416311155,-0.0003224142406050845
2025-08-28 12:00:00+00:00,0.0037171268663176,0.0029959487576056,0.0023671138622285,0.0035560723030678,0.0013859509990661,0.00344482608796,0.00492092381419873,-4.6285939110823904e-05,-0.0009201419712496772,0.001239260996639402
2025-08-29 09:00:00+00:00,0.0038962929560166,0.0044073226052705,0.0031819126740786,0.0043122796843972,0.0031452091507604,0.0037206062001136,0.10255152504677101,-0.005422541144146642,0.001022327724601091,0.004023585888877079
2025-08-29 10:00:00+00:00,0.0066378445619157,0.0079190357544631,0.0064083734536886,0.0072868900798359,0.0067461544731819,0.0070341594992666,-0.031503730363328764,-0.0002884263106679441,-0.0009200479073889767,0.0035310164697577306
2025-08-29 11:00:00+00:00,0.0038371954374711,0.0035403775205016,0.0025711864623658,0.0043668561312757,0.004616534453103,0.004250817462863,0.009102793674162335,-0.00035556615437570827,-0.00013296580241384248,0.0012110037272829999
2025-08-29 12:00:00+00:00,0.0052252499382781,0.005971704378765,0.0048894977077043,0.0067886451042147,0.0020293950211618,0.0060941106562668,0.010302731183585934,-0.00034156187259615223,8.182720145288869e-05,0.0010645874859100957
2025-09-02 09:00:00+00:00,-0.0025701689339738,-0.0029286353717996,-0.0032496292967955,-0.0034136640241485,-0.0052991738857073,-0.0022383817140338,0.14965629023941895,-0.007231162776305311,0.0034816736977507645,0.01209753757922094
2025-09-02 10:00:00+00:00,-0.0012013684928403,-0.002165687260505,-0.0007612429205073,-0.0014928102057888,3.575919113196768e-05,-0.0008266137719935,0.030420596700712288,-0.004467617259716228,0.0010492699368906955,0.005823476232372116
2025-09-02 11:00:00+00:00,-0.0027939320389972,-0.0035983542178475,-0.0032774987011984,-0.0036695019068898,-0.0034804921642812,-0.0024680432247191,0.01907848010523816,-0.0013835174989296206,0.0008040344641306874,0.0026164996512250127
2025-09-02 12:00:00+00:00,-0.0010164687523047,0.0005180496832661,-0.0003378718252731,0.0003368558359588,0.0006055651030791,-0.0001013029983115,-0.02659731251926578,0.003157904636358566,-0.00013226503898167152,0.002054268577385443
2025-09-03 09:00:00+00:00,0.001237117172502,3.428719209996878e-05,0.0008393062173237,0.0010157231389298,0.000381159845413,0.0013805109417157,-0.06918541986532611,0.007475707162789114,-0.002179804069672109,0.007308846886946441
2025-09-03 10:00:00+00:00,0.0010875196636801,3.384936708461517e-05,0.0009826327171948,0.0015308000410227,0.0009301081511032,0.0010066064822893,-0.04429422023100438,5.448043181033313e-05,-0.00031616038773663035,0.0012991470200596211
2025-09-03 11:00:00+00:00,0.0011040405223274,0.0004021665280646,0.0004099010147182,0.0003713656314132,0.0010538436365272,0.001387883291561,0.02268754026679476,-1.556553479353795e-05,0.0004691053431455927,0.001535988620609885
2025-09-03 12:00:00+00:00,0.0013125894186811,1.413256336291191e-05,0.0003186329737727,0.0006737245758194,-0.0014282741719462,0.0013655256689852,-0.0154672922933079,-0.00028800610460599785,-0.0002957146884678963,0.0024773159027322578
2025-09-04 09:00:00+00:00,0.0015803884403582,0.0002775213304895,0.0011558723389191,0.0010908563717473,0.0024258168586728,0.0011691105605649,-0.03167134383765102,0.004047817882430138,0.0030650662720645983,-0.00826288391955643
2025-09-04 10:00:00+00:00,-0.0002411362488765,-0.0014299479728939,-0.0001781395522704,-0.0004730953561176,-0.0025979132672709,-0.0003814641856427,-0.02696933602276319,0.0021609237640953793,0.00019316108169231683,0.0007729697939282687
2025-09-04 11:00:00+00:00,0.0007181405084357,0.0003231512949599,0.0004789011154375,0.0005722484428201,0.0009669014371682,0.0004291776628355,-0.0012722648026564087,-0.000486458833128367,0.00033540164661260974,0.0020480178436930174
2025-09-04 12:00:00+00:00,0.0001252794492736,-0.0002424839470144,0.0003052943342911,0.0007198856865944,-0.0009387457429586,0.0017841567874328,0.0,0.0014510923406518828,-0.00014227786891751748,-0.00022516120229809644
2025-09-05 09:00:00+00:00,0.0095574941472453,0.0088215334306225,0.0092593980303101,0.009993490434033,0.0110824095551647,0.0094429573442074,-0.023833656328419828,-0.0005778641100846471,-0.007836135110571796,0.011750174716274486
2025-09-05 10:00:00+00:00,0.0073070583230485,0.0056742047369857,0.0065581701151333,0.0064333717975288,0.0060447097062321,0.0068160538767119,0.07229034063239759,-0.0004398458305319153,-0.0008915716332973389,-0.0012331641963179152
2025-09-05 11:00:00+00:00,0.0077074878261464,0.0068289378222872,0.0075716159342107,0.0072042638842817,0.0088885424675662,0.0084156494293652,-0.049093424217245385,-0.000728654327573075,-0.0005127574154517589,0.0005012433725006815
2025-09-05 12:00:00+00:00,0.004399676678684,0.0028100099370806,0.0038237981194337,0.004124521179599,0.0050980563972975,0.0043695182474936,0.007614249985245625,-0.00013163855170095218,0.0015989343846225523,0.000965577383118088
2025-09-08 09:00:00+00:00,0.0041446561822684,0.0045198948564864,0.0045777758575464,0.0040795763446552,0.0057135040748079,0.0052860449854688,-0.032768752669915635,0.004802863906538057,-0.0007274031517106039,0.010538251647366437
2025-09-08 10:00:00+00:00,0.0032780980273512,0.0022849547878269,0.0032139516156697,0.0024147363842961,0.0039109648930599,0.003373410604619,-0.01845800590470903,0.0015271017265714448,-0.00020499784824057343,0.002034515978515117
2025-09-08 11:00:00+00:00,0.0041946470303821,0.004736478646435,0.0049823349137958,0.0034481143195628,0.0014160941536085,0.0047677781865131,0.011247224087347352,-0.0017637300135424638,0.00020499784824057343,-0.00043954474860896653
2025-09-08 12:00:00+00:00,0.0039207256624824,0.0028866992934286,0.0032666532563927,0.0034233505934355,0.0031918767625642,0.0047233240766146,0.009168368086879486,-0.00016960520574471616,5.124289646474267e-05,0.00038461221947549973
2025-09-09 09:00:00+00:00,0.0002999605939264,-0.0004241955406476,0.0011395169010299,0.0002269247133042,0.0003828102600733,0.0004101587885121,-0.001957586269517808,0.00035459626503797637,-0.00031774829477626554,0.0069933130322379355
2025-09-09 10:00:00+00:00,-0.0003388386481441,-0.0010649717073816,-0.0010899851857255,-0.0008489392857669,0.0018215777839947,-0.0005853687505145,0.009102793674162335,1.5414376989042466e-05,0.0011372777258946698,-0.005620904267271243
2025-09-09 11:00:00+00:00,0.0006355097829822,-0.0007959653374725,-0.0005872480273281,-0.0002578439471133,-0.001172765096691,-1.5262014906092247e-05,-0.00844983903130947,0.00016122014398955997,9.215504581039369e-05,-2.742972504599095e-05
2025-09-09 12:00:00+00:00,0.0003573492864048,0.0004408397372148,0.0008566983589084,0.00150591793257,-0.000288478632897,0.0011505995356129,-0.01049878409821936,0.0010942534614937216,0.0005220515721253705,-0.00017282457114653482
2025-09-10 09:00:00+00:00,0.0030717578795336,0.002491939982963,0.0035255681109898,0.003513675653106,0.0016217541017287,0.0038979584871645,-0.02945326691349548,0.006643880023297299,-0.0005834873257057893,0.001724164351530888
2025-09-10 10:00:00+00:00,0.0049210083036439,0.0043074978448129,0.0048196515201996,0.0041023272384081,0.0026619106693788,0.0048102836205565,0.010810916104215806,-0.0015993942548311324,0.0001945336062938452,-0.0009535422897837265
2025-09-10 11:00:00+00:00,0.0033151344773256,0.0027061020966534,0.0027637556914426,0.003441614916549,0.0025354782597901,0.004223598647276,-0.0033658732551051784,-0.0003063960192486448,0.0006242996022010061,-0.0010148219721397567
2025-09-10 12:00:00+00:00,0.0009183271386528,0.0004260580709072,0.0016286645420584,0.0024329964523388,0.0010561968674052,0.0022824240522223,0.004709056801572409,-0.0005747456908604676,0.0005727845668426212,-0.0003073925179624126
2025-09-11 09:00:00+00:00,0.0020260385410513,0.0012400135776546,0.000855106592059,0.0005558676123991,0.0028493815390113,0.0022073011026517,0.01200814962839658,0.0056183143831010085,-0.002170130854750596,-0.0034316387563571027
2025-09-11 10:00:00+00:00,0.003230250756854,0.0034798654280858,0.0033169917620654,0.0026054903145573,0.0041712412643915,0.003548405960686,-0.013351333174863811,0.0022841490058889136,-0.0005740292912559397,-0.00015150534360941492
2025-09-11 11:00:00+00:00,0.0034633016535132,0.0023201995237793,0.0031424050838291,0.0027044820551633,0.001312966893838,0.0038199128209768,0.0,-0.00010647764359905665,3.07599239235401e-05,0.0008866689093043334
2025-09-11 12:00:00+00:00,0.0019918705924011,0.0011098277522254,0.0018685525703259,0.0026409422678437,0.0016741272933185,0.0025616155102712,0.0020140993717010502,-0.00040319667034083295,9.22740951381229e-05,0.0008886333926820811
2025-09-12 09:00:00+00:00,-0.000228367381001,8.486589034140124e-05,0.0006022411569137,0.0010460690350717,-0.0030580159755395,0.0006517607222531,-0.014184634991956546,0.001285097984968786,0.001219268692383757,0.003872691966257946
2025-09-12 10:00:00+00:00,0.000108152006095,-0.0002298546133613,0.0002257374285472,0.0006348687287243,0.0015525521361821,-5.190319672299104e-05,-0.0068259650703996755,-0.0004864700612809969,0.0006858254484853887,-0.000660397934295176
2025-09-12 11:00:00+00:00,-0.0004570412581803,-0.0011287812110859,-0.0002399598747488,6.265220091439261e-05,-0.0009775831749815,-0.0006038863571915,-0.0034305350967893666,0.0006384434358386315,-0.00012279983642127235,-0.0010229702955442121
2025-09-12 12:00:00+00:00,-1.8240962893600887e-05,-0.0002509542568263,0.0002791132598323,0.0007237577184056,-8.167146412052517e-06,0.0006442196297888,-0.004132237284910634,6.078288355837458e-05,-0.0010853873133216396,0.0013381523431927889
2025-09-15 09:00:00+00:00,0.003308683695911,0.003967260175733,0.003244949063258,0.0032832688220201,0.0042453690376131,0.0039115299646694,0.047178560275090486,0.00392784799683632,-0.0017329160898880147,0.0022390418157041125
2025-09-15 10:00:00+00:00,0.0052330817921844,0.0051661311808499,0.0045807064707765,0.0056080436672696,0.0073725611943682,0.0050900995089704,0.006561703333289426,-0.0004920310003093675,-0.0009651717522709546,0.0016691735458209678
2025-09-15 11:00:00+00:00,0.0061682864575771,0.0064037820816023,0.0065614506104969,0.0057150029830028,0.0096249005865085,0.0068635701054273,0.007817629391053682,0.0003860755469098365,0.0004005566764213597,0.004659461250605901
2025-09-15 12:00:00+00:00,0.0056028228338378,0.0053432588324702,0.0045692579261471,0.005488343808768,0.0092463198842189,0.0062325553634059,0.01800691741291649,-0.0013632854255583027,-0.00028756290636700044,-0.00032879943666586087
2025-09-16 09:00:00+00:00,0.0070545590193666,0.0071137379257866,0.0061792580897346,0.0075380673570069,0.0099011432160971,0.0076912738676608,0.028896482923724598,0.0002879595057896367,-0.006037334308077291,0.004352578753442415
2025-09-16 10:00:00+00:00,0.0086020571077833,0.0093864812932955,0.008230554848998,0.0085468185689232,0.0107318730256527,0.0091674334479723,0.0,-0.00046790051078993145,0.000526884009895312,-0.002468203840715333
2025-09-16 11:00:00+00:00,0.0079545248778003,0.0075524884824236,0.0072192847271175,0.0083277000595545,0.0066668817541764,0.0086401636985478,0.0024737180208784793,0.00042243873277225674,-0.0015814855820117657,8.138009796709866e-06
2025-09-16 12:00:00+00:00,0.0098957546227196,0.0100114754774605,0.0100553894780706,0.0098869522807312,0.0077158405178887,0.0102429695043262,-0.009931801068082446,0.0006049270147574504,-0.0006208737963060429,0.0009272992668556412
2025-09-17 09:00:00+00:00,0.0118087203723378,0.0119119625680137,0.011801030015472,0.0106114386319682,0.0106232521223184,0.0113197984045576,0.0222094261342769,-0.0016814594715555131,0.0008691154194258033,-0.0028768875655842407
2025-09-17 10:00:00+00:00,0.0114288203401129,0.0124339060087681,0.0117072534965798,0.0128162060601977,0.0143016143838321,0.0125537121582728,0.0048691514338101705,-0.00034139661893739515,0.0004652870129282505,0.0014069092963122642
2025-09-17 11:00:00+00:00,0.0134898216810577,0.0132389329008624,0.0137135811050714,0.0135029928775973,0.0134218773941621,0.0137004333247934,0.005449604767564953,-5.311661754614505e-05,-0.00037221228937056594,2.7141277136877306e-06
2025-09-17 12:00:00+00:00,0.0126528471945661,0.0133795812234374,0.0122966659574503,0.0130744467071011,0.0130853039068001,0.0122906105395004,0.0024125464053841306,-0.00036126784152834546,0.0003411998895765933,8.956208218791062e-05
2025-09-18 09:00:00+00:00,-0.0013325150116126,-0.0002181781943392,-0.0014552550982123,-0.0012353989939611,0.0005057999497781,-0.0006582206389001,-0.08744958909129608,0.00879414235819631,0.006984462788020451,-0.011666921840840061
2025-09-18 10:00:00+00:00,-0.0009738213942589,0.0003339822412884,-0.000667155254568,-0.0003968143892324,0.0014956201370064,-3.707689636867073e-06,0.03234434599632818,-0.0016567765936930101,-0.0005955865162761143,-0.0009614672179871775
2025-09-18 11:00:00+00:00,-8.86336184592329e-05,-0.0002275561396771,-0.0013296888837007,-0.0010434636804524,-0.0005504640904379,-3.9303930644662977e-05,-0.009593933517284103,0.00013565760042499875,0.0007700877767202741,0.0008022022529221573
2025-09-18 12:00:00+00:00,0.0001118800335453,0.0005776075913432,-0.0009068603377232,-0.0007111446605143,-0.0005071641924269,0.0003849319772841,-0.007741974153615772,-0.0002411817919441006,-0.001109114362733088,0.0013776261457856265
2025-09-19 09:00:00+00:00,-0.0015295680449328,-0.0023920505124258,-0.0016117741435585,-0.0023460860084074,-0.0033215082444199,-0.0012466732564818,0.019878820675012232,-0.0021808119902271272,0.0023605249271119177,0.004784966471310881
2025-09-19 10:00:00+00:00,-0.0026040809480206,-0.0015910028769613,-0.0020451847419551,-0.0022396773531129,-0.0031864049193237,-0.0014624420619893,0.015123161574220667,-0.001776837319830804,0.0010860211714520673,0.0009357102327314237
2025-09-19 11:00:00+00:00,-0.0024186827661153,-0.0019436718979608,-0.001920958600163,-0.0011398544676806,-0.0027897786949527,-0.0013252843014832,-0.011320875624482252,0.002660299643260977,6.143764081389946e-05,0.0009620770703460124
2025-09-19 12:00:00+00:00,-0.000861049265152,-0.0007235148344421,-0.0006217388498181,-0.0006103114091134,-0.0005223936289299,-0.000689073237757,0.0012642226715402494,0.0,-0.0004916068473326263,-0.0007412353352691525
2025-09-22 09:00:00+00:00,0.0193784764802977,0.02217189430552,0.0205123699722322,0.0192669791220951,0.0192822474164315,0.0198894026753175,0.005040968456774486,0.00242738692760458,-0.0008608939479968214,0.014686387653167543
2025-09-22 10:00:00+00:00,0.0170331009040833,0.0178830259586459,0.0173506425723615,0.0181795279809739,0.0184902763822663,0.0178072216309037,-0.001257861801070792,0.0012942063506988788,-0.000492272359618795,0.000921009416167351
2025-09-22 11:00:00+00:00,0.0174708323716006,0.0180375061566946,0.0178684404790741,0.017912876030782,0.0180436751643826,0.019390747274006,-0.004415018209116717,0.0013901571613237351,-0.0008928617837709041,0.0027606261367907337
2025-09-22 12:00:00+00:00,0.0188035757203448,0.0200579500597946,0.0198294181666727,0.0202552273444271,0.020452070980695,0.0196171460661358,0.0069291615824491615,0.0009532066365398606,-6.160607027094755e-05,0.0003024014174357603
2025-09-23 09:00:00+00:00,0.0211884244433744,0.0218623011430578,0.021458625453014,0.02058681864822,0.0192501499135919,0.0214819182500187,0.014334929170992439,0.00018018151873988586,-0.000462166542233966,0.012056045184113628
2025-09-23 10:00:00+00:00,0.0204513152536875,0.0217694805677812,0.0205977734049764,0.0215263526628153,0.0246099637504908,0.0217530550473787,-0.003719781102532238,-0.0006754353464444307,0.000462166542233966,-0.0022522800282747113
2025-09-23 11:00:00+00:00,0.0204784347930973,0.0213461782372588,0.0214245646571082,0.021133076531171,0.0213525284679871,0.0213642998165162,0.013572077545543682,-0.0013970364074502584,-0.0009862136362608354,0.0014377043691933267
2025-09-23 12:00:00+00:00,0.0202585209413286,0.0201304915784341,0.0201021070891176,0.0199128412623352,0.0186578051634536,0.0206758258985784,0.005499555566038428,-0.0024382179984980823,-0.00035979913316808165,-9.78995260592086e-05
2025-09-24 09:00:00+00:00,0.0120189599818445,0.0122750662313038,0.011811437495901,0.0127848411337692,0.0110314734687215,0.0116715924224541,0.014519311324453277,-0.0006632599468341382,0.005935526429103,-0.004856715500970665
2025-09-24 10:00:00+00:00,0.0128540779153476,0.0130482754853176,0.012809558765809,0.0145280415550685,0.0129808740353289,0.0139190811459717,0.0029985029962569243,-0.0007617841200779907,0.0,-0.002060144140171971
2025-09-24 11:00:00+00:00,0.0104216803123702,0.0109942747578035,0.0094709977573779,0.0106240724318797,0.0101566419160721,0.0110514113733015,0.027754955486674504,-0.00263677967191267,0.0002554917975485793,-0.0032051095650906802
2025-09-24 12:00:00+00:00,0.0102510033729814,0.0109453846247533,0.0104471219308412,0.0110249177100452,0.0083962838491034,0.0105120297782554,-0.027754955486674504,0.0006957574204884409,-0.00017372732007991942,-0.0013882408352774434
2025-09-25 09:00:00+00:00,0.0161670031464939,0.0155697057472423,0.0166241551592469,0.0170770425867792,0.0200818455277747,0.0171244923694087,0.013678476722334576,-0.004333668423457837,0.0045681735401199575,-0.0004149738692955651
2025-09-25 10:00:00+00:00,0.0161513410820743,0.0159712146142856,0.0162566738632434,0.0169195610306591,0.0196505133167943,0.0168557673528693,-0.015476499382341302,-0.0015070878290792677,0.0010981414045350135,-0.0007098705788877169
2025-09-25 11:00:00+00:00,0.0167442184247639,0.0161130456044467,0.0164833002558608,0.0159262299374176,0.0188724891882283,0.01690422186038,-0.006620547805589183,0.0008007095075477366,-0.00038624559601174724,0.001210495031328307
2025-09-25 12:00:00+00:00,0.0191221415646036,0.0185517180274412,0.0186800303753671,0.019915106447691,0.0200663076298481,0.0202296763198455,0.0006036824813580033,-0.0012392658746591678,0.0019703239126345196,-0.0006505928522368976
2025-09-26 09:00:00+00:00,0.0255338737546124,0.0259541048455609,0.0266278159059667,0.0266071939542835,0.0285114686443788,0.0269106768715661,0.0030129579888305003,0.002203765529833923,-0.002956943599952133,0.0075720139908384
2025-09-26 10:00:00+00:00,0.0310013501272852,0.0314128651896259,0.0330362516071851,0.033852826747748,0.0313860460567343,0.0324625607293644,0.0,0.0018201403499080726,-0.0007431500741583719,0.004413168142171742
2025-09-26 11:00:00+00:00,0.0285475416467857,0.0294606327718922,0.0291323574803807,0.0298524902623378,0.0295439758377979,0.0296682521580258,-0.018215439891341223,0.0008179835647563749,0.00021383948882203185,0.00044183459966262717
2025-09-26 12:00:00+00:00,0.0282665259737404,0.0278626441488272,0.0276593430154756,0.0268797007945376,0.0273400211648582,0.0285909942522613,-0.04512043528046972,0.0018153492724222176,-0.00017310463199926573,-0.0015883398044262975
2025-09-29 09:00:00+00:00,0.0210621769039984,0.0208339428222301,0.0208357304810433,0.0214343855589238,0.0203806043699523,0.0224058856627422,0.02218791497536232,0.004719585958771866,-0.0028860931854408634,0.012254616469975943
2025-09-29 10:00:00+00:00,0.0210962384102999,0.0210647681580846,0.0211230539051294,0.021345406509929,0.0208019011414606,0.0216189511873967,0.002504697615009377,-0.0018595412217639051,-0.00022470992086720543,0.0018903523173783299
2025-09-29 11:00:00+00:00,0.0228487299640482,0.0238068059013452,0.0237758444649953,0.0238522533621006,0.0239874600082625,0.0248420351438916,-0.006903071026873153,-7.535795029856018e-05,0.00021449692891994943,0.0005640599933336432
2025-09-29 12:00:00+00:00,0.0236200874729097,0.0235821647847411,0.0236580702118625,0.024203223910258,0.0267731072149119,0.025534791487916,0.01747859727395973,-0.0013800542900028745,0.00042885588036689626,4.960116746488552e-05
2025-09-30 09:00:00+00:00,0.0183038608879293,0.0170248439883418,0.0183624064133982,0.0178568611041922,0.016768334122871,0.0185261350919609,0.006783868137997029,0.0004979441047465727,-0.0019210731215197896,-0.0016669021955220131
2025-09-30 10:00:00+00:00,0.0190119559080013,0.0185651605091607,0.019345414179084,0.0183734348859045,0.0208358238831447,0.0186494890208945,-0.0024615397044467358,-0.0010565400807740488,0.0011959950928064345,0.0077309969828469605
2025-09-30 11:00:00+00:00,0.0196034927565829,0.0183975749923368,0.0195699598319338,0.0208103385493358,0.0168282067177785,0.0192260455100583,0.009810011229238746,0.0018406764400360487,-0.0010937173677829648,-0.0038684466065195267
2025-09-30 12:00:00+00:00,0.0210099978720201,0.0190747498318655,0.0199288969318616,0.0241758364212192,0.0234642477612827,0.0206211332726897,0.004261802493185307,-0.0020370139902228246,-0.0011461084736286153,0.0018710978182294724
2025-10-01 09:00:00+00:00,0.0128556112519513,0.0133805219813223,0.0126732389276271,0.013570387088051,0.0145233638985637,0.0148308290853005,0.0054529065741482086,0.0053101669243229566,-0.0006145274477473706,0.006680252353746141
2025-10-01 10:00:00+00:00,0.013394546612728,0.0135091865886487,0.0131947786235042,0.0138605838947414,0.0164762719145135,0.0149971503526733,-0.013382194840698247,0.0011156886028906854,0.0018015440825598361,0.00021949843404911462
2025-10-01 11:00:00+00:00,0.0116939315103767,0.011488088928913,0.0132779570536272,0.0127021432303635,0.0130071224425074,0.0128975454346784,-0.005526572248841788,0.0008580678400038622,0.00015339070175635072,-0.001172938836802473
2025-10-01 12:00:00+00:00,0.012186971485312,0.0117752638398842,0.0123569783392842,0.0120183871539305,0.0093605187075807,0.0128544727811865,-0.0067964425964146535,0.0016461177887068246,-0.0005011634255600583,0.0006951452526173796
2025-10-02 09:00:00+00:00,0.0108290246422255,0.012229974960358,0.0116755199183948,0.0116314095943566,0.009490100592544,0.0118734859540117,0.013547005206145268,0.0011016406251522781,0.0014720918626522916,0.0011127765177700866
2025-10-02 10:00:00+00:00,0.0100132726156121,0.009831151684682,0.009539568508516,0.0097007369398893,0.0091179514217401,0.0101685055681661,0.026555573746186667,-0.001683697347265145,0.001561726790725082,-0.009163614707482282
2025-10-02 11:00:00+00:00,0.0085311542639883,0.0091717150986949,0.0096987593891626,0.0087684300741863,0.0105614625209733,0.010054160917938,-0.004177863432893947,0.000786527232519596,-0.0010000409013368738,-0.003166466300500659
2025-10-02 12:00:00+00:00,0.0087735448723629,0.0092267745932868,0.0098910535200189,0.0091547293005636,0.0110754702852733,0.0101182951671026,-0.007805503454202167,0.0005382191450893359,-0.0007864486124153913,0.004472904205412576
2025-10-03 09:00:00+00:00,0.0075224251874757,0.0080198456213806,0.00813333073912,0.0072801108441573,0.0075603174184808,0.0089410319290916,-0.0024140023792811327,0.004284036226794186,-0.0014621903759035604,0.010436839114676744
2025-10-03 10:00:00+00:00,0.0096443925239302,0.0101167281486949,0.0089425511717398,0.0101957864482198,0.0086797636314819,0.0101839671294936,-0.007885997798789735,0.0005881805660497008,-0.0002865534800040592,-0.0013650261860806978
2025-10-03 11:00:00+00:00,0.0095695936319795,0.0089295589995597,0.0090436775161066,0.00975373312732,0.0118296698209205,0.010277326419386,-0.009177182793335792,0.0009968829636974874,0.00022515607504836055,0.00249941248519292
2025-10-03 12:00:00+00:00,0.0092761530495666,0.0100347162390113,0.0105484890239473,0.0103579570440333,0.013151298101562,0.0104718291110252,0.012217622958602181,-0.0032248602642948043,-1.0233267329518014e-05,-0.0015385489221468873
2025-10-06 09:00:00+00:00,0.0132134200906706,0.0127238585256133,0.0129834011387479,0.0134089404449548,0.0130083999463634,0.0141332095054682,0.027546651955495438,0.00035054614702278997,0.004665725652109209,0.015429593648008222
2025-10-06 10:00:00+00:00,0.0137353514619418,0.0128376239614047,0.0132094351415441,0.0135238601913489,0.0131282492027524,0.0142914913262301,-0.011286131083715123,0.0009987553656181092,-0.0006928665592074168,0.0027926225109382585
2025-10-06 11:00:00+00:00,0.0123207093255803,0.0119483780845579,0.0125568500433996,0.012465148427555,0.0119855316575836,0.0128272370862381,-0.004790428322632323,0.0009382190908411303,0.00033630402200213183,0.0019297662232791168
2025-10-06 12:00:00+00:00,0.0110046589268839,0.0104741843545039,0.0114604586430726,0.0108386424159119,0.0123999447379858,0.0111219944992553,0.0,0.00041670387839953804,-0.000458624440490496,-0.0021472245909723853
2025-10-07 09:00:00+00:00,0.0108478425745037,0.0103853111363874,0.0103650127969396,0.0110649678182261,0.0107442999409401,0.0112806959436593,-0.021232220105774413,-0.0011612501118856144,0.004343388257409764,0.006143920741745745
2025-10-07 10:00:00+00:00,0.0108375760219097,0.0114996376423992,0.0110967475873371,0.0112682290774288,0.0118147908736414,0.0118692181397228,0.03257224016544846,-0.003088333189515957,-0.001167910031043995,0.0017302150259599358
2025-10-07 11:00:00+00:00,0.0112132410124305,0.0111325126297423,0.0118675424559691,0.0114267655251605,0.0139413965088019,0.0120267309134567,0.03556189361308526,-0.0012559622470069698,-1.0161723834833936e-05,-0.004849140657350759
2025-10-07 12:00:00+00:00,0.0092451506709192,0.0094118746725044,0.0096957842059679,0.0096020603472528,0.0111247083458594,0.0098660816518354,-0.020249462507353932,0.0007926360047392222,0.0003759150273117129,0.0026965901097142364
2025-10-08 09:00:00+00:00,0.0198751948174946,0.0202072532627699,0.0200956256792328,0.0202037678379498,0.0212409754950602,0.020981516108443,-0.01947538686504169,0.0044599314695670245,0.003326271460193375,0.015276082121340906
2025-10-08 10:00:00+00:00,0.0190067050095998,0.0197623651694616,0.0193993976123569,0.0190861746101111,0.0168758125525958,0.0199001425681224,-0.012593869600588725,0.0009223171639503036,0.0012343931793834528,0.0024707828425913902
2025-10-08 11:00:00+00:00,0.0183153104076474,0.0193462792716134,0.0181541488525411,0.0185374967041156,0.0167045607007612,0.0191394014357033,-0.0036275735064350556,0.00017098147122940333,0.0013742511989711659,-0.0006177415565851163
2025-10-08 12:00:00+00:00,0.0175601211569762,0.0177706371906405,0.0179014507656916,0.0168942993295722,0.0186415423944048,0.0180294669647944,-0.0006058770255017443,0.0004013199019352598,-0.00030298133866768495,0.002734933047596755
2025-10-09 09:00:00+00:00,0.0261959307651282,0.026699688285537,0.0264316645934024,0.0261762334102251,0.0287300217623323,0.026325797317245,0.01384313409219784,-0.0025816641883897873,0.002622793566553483,-0.009794334512122305
2025-10-09 10:00:00+00:00,0.025432851781721,0.0261993338612922,0.0268289808529789,0.0262672722127266,0.0276441606358057,0.0263113541281243,-0.0005979073421773506,-0.0006408680254814669,0.001841926994676335,0.0015595369322394248
2025-10-09 11:00:00+00:00,0.0227216591784811,0.0238026660141008,0.0235146031865565,0.0235136009567096,0.0212746140373445,0.0243580541985737,-0.0005982650492528663,0.0003204853517182471,-0.00016090751875097453,-0.0023638849370328785
2025-10-09 12:00:00+00:00,0.0203512939149665,0.021424375219512,0.0208214106833972,0.0209611358544543,0.0225450737868524,0.0207181869974097,0.018381780537925607,-0.002230620089575197,-0.000432567293592534,-0.011057254582977905
2025-10-10 09:00:00+00:00,0.0265033277138306,0.026218922316431,0.0267404115279819,0.0263814288105528,0.0267945813751957,0.0267279053916469,-0.035889019120945775,0.00461240651248751,-0.0005636241179027834,0.00272932455807684
2025-10-10 10:00:00+00:00,0.0241637877231644,0.0230748971963614,0.0238708109599687,0.0239018865844919,0.0231442770290877,0.0234649478210189,0.09353693319094347,-0.01519896522840547,-0.004692404406035244,0.0026642732413897363
2025-10-10 11:00:00+00:00,0.0197205142063539,0.0192090441053673,0.0195572803816568,0.0193433235572062,0.0162308113671949,0.0196873787527975,0.12545672812027808,-0.001389812296947568,0.0012938704700085069,0.0015996658883548065
2025-10-10 12:00:00+00:00,0.0203611947141062,0.0196434389767936,0.0204678761196885,0.0188455691052975,0.0200638123079723,0.0197949958862948,0.06120002893283427,-0.0025126021664698683,0.0003333047193478933,-0.00370892420418123
2025-10-13 09:00:00+00:00,0.0517724873117977,0.0513158067765107,0.0512888801670849,0.0513956208392512,0.0506591475549857,0.0514291642450361,-0.09250693355787876,0.0015597674111980098,0.0030249581926824476,0.02745556473779409
2025-10-13 10:00:00+00:00,0.0532127073441726,0.051290619619819,0.0516163254861639,0.0525954214090391,0.0509529536926667,0.0520946347642752,0.008044286717264537,0.002757705373871211,-0.0005236709452098864,0.0008301693778047792
2025-10-13 11:00:00+00:00,0.0560217346932423,0.0557160720944933,0.0560126213274709,0.0549957507669938,0.053193175776125,0.0563208045693903,-0.027412884038375385,0.0011989278950217397,-0.000473554031791501,0.0019749841837644055
2025-10-13 12:00:00+00:00,0.0563530094993365,0.056045289325215,0.0564023433760236,0.0578323160029734,0.0574087152665985,0.0570249739652466,-0.006713167478508808,-0.0004673355177127192,-3.0234468304080053e-05,0.00010230029529978424
2025-10-14 09:00:00+00:00,0.0596678884801364,0.060713629007671,0.0598572285584648,0.0600875439711432,0.0599060271785005,0.0607292971750643,0.10794783922277729,-0.0051551571138883645,0.00017131656824265207,0.004420565345762739
2025-10-14 10:00:00+00:00,0.0650986591286524,0.0658810703159147,0.0648432085790622,0.0651295779449119,0.0684754305583699,0.0658073599955257,-0.03550668845690952,-0.00013642047844086846,-0.0006249433218545875,0.0013134078516436887
2025-10-14 11:00:00+00:00,0.0639327196001999,0.0629294696138331,0.0636559335052762,0.0626574512477824,0.0645266967801947,0.0639243281693742,-0.027854231751244463,0.006030169026590926,-0.0011803935006220456,0.0021457185198663353
2025-10-14 12:00:00+00:00,0.068702694840266,0.0689093527711104,0.0683726839972682,0.0680794578013466,0.067524040661925,0.0687298079095739,-0.03376486029044301,0.0024981201855283075,1.0094739126387253e-05,0.0003261716537430459
2025-10-15 09:00:00+00:00,0.0580347543834884,0.0562747201283591,0.0583943893777878,0.0563195292909832,0.0571088806992929,0.0574515618731361,-0.017059085179727873,0.006516828181092116,-0.002031093598009903,0.012686123773793412
2025-10-15 10:00:00+00:00,0.058406380050342,0.0577839979254846,0.0579647065021766,0.0576508493558163,0.0598192923459546,0.0587507215041687,0.011404996613990193,-0.003049082867367936,-0.001072787731419389,0.0018397120749860107
2025-10-15 11:00:00+00:00,0.0598068436806451,0.0597485202948966,0.0597587496636167,0.059444902057596,0.0598033551205972,0.0602592159276089,0.03145870781779214,-0.003092062505809956,-9.11387791067142e-05,-0.002094965343674815
2025-10-15 12:00:00+00:00,0.0627806101442083,0.0624267672200575,0.0611304856875158,0.0618655996793606,0.0629723845138157,0.0626808214316405,0.09431067947124161,-0.00723788557371563,0.0005062214725750636,0.0018377998300582732
2025-10-16 09:00:00+00:00,0.0724252027223906,0.0707362460824381,0.0710662662756669,0.0720277167469731,0.0721327055230536,0.0725255624358647,-0.04556808790951106,0.009278981503495487,-0.003091944659165513,0.011071844899287697
2025-10-16 10:00:00+00:00,0.0717466799783599,0.0708634000714254,0.070239122548696,0.0708816278599842,0.0708338975762203,0.0716386664164854,-0.021640661783939308,-0.0017857122143611903,-0.0002538625195773747,0.004110865015176657
2025-10-16 11:00:00+00:00,0.068836603134361,0.0678960431941098,0.0676299817130876,0.0677217973834567,0.0644165459175971,0.0687718927114415,0.056699171581590324,-0.004954046014940872,0.0,0.002497272104118764
2025-10-16 12:00:00+00:00,0.0680842352317057,0.0683522690841349,0.0675007835808227,0.0674328000583108,0.0693696367003322,0.0679461339412319,0.05234923645476863,0.0015234593007846797,-0.0015245299778676724,0.0020965421758063485
2025-10-17 09:00:00+00:00,0.082501827108578,0.0829242314146212,0.0809857047619173,0.0821893229506498,0.0831582496644789,0.0812082122610518,0.021561853007587395,-0.0016140349088358263,0.001900223619355934,-0.002332883242804229
2025-10-17 10:00:00+00:00,0.0804942427807813,0.0808366759155441,0.0801537836203616,0.0789557193241945,0.0805872432590921,0.0798924544179962,0.05154923432837499,-0.004524107246621334,0.0001725686853024655,-0.005343082618319173
2025-10-17 11:00:00+00:00,0.0813291079173981,0.0813461256412737,0.079631900633935,0.081333981038177,0.0814565762848684,0.0811186401110428,-0.04941840036636558,0.005610473458842691,-0.0013102367917960933,-0.003020879812739352
2025-10-17 12:00:00+00:00,0.0803544703649121,0.0802877369363934,0.079639194886856,0.0799537497640097,0.0801254815564422,0.0796283315253696,0.016885162666896658,-0.00291472746770971,0.00030485946215019766,-0.007597123257014005
2025-10-20 09:00:00+00:00,0.0533225253965485,0.0543006570843187,0.0535884224339251,0.0530938259673512,0.0557757704543786,0.0540093294943204,-0.2237716262851337,0.013684131548350464,0.0007109775224325432,0.02250181346160751
2025-10-20 10:00:00+00:00,0.0559359267796211,0.0559932067396589,0.0554560606030016,0.0563230526082538,0.0568924934264727,0.0555226235783037,-0.011585174335229986,0.0009990532193038248,-0.0003046427579507238,0.007336392361295907
2025-10-20 11:00:00+00:00,0.0547233537194262,0.0550497595355228,0.0546850321111622,0.0547238660381259,0.0581755454731462,0.0543932085413541,0.008438868645864961,-0.00020867491505160984,0.0007918782139686442,0.003750439220747026
2025-10-20 12:00:00+00:00,0.0563543940820807,0.0558346124924884,0.0561631658006018,0.0553868941682864,0.0527369745406829,0.0558762305122773,-0.022842958709059946,0.0011762082536739271,0.0003449815367631004,-0.00023686573847925274
2025-10-21 09:00:00+00:00,0.0544501281853708,0.0543850127277185,0.0540861051371799,0.0532827828927773,0.0536354557660589,0.0537124086735647,-0.0021516952895450636,-0.001534038019982198,0.002887086607094247,-0.0406021827736609
2025-10-21 10:00:00+00:00,0.0521984526234231,0.0534658705633896,0.0531693956672969,0.0531579233773906,0.0563923379398054,0.0531337169876402,-0.05024518018880064,0.0020260110912175833,-0.0002124484693997175,-0.00879558003219394
2025-10-21 11:00:00+00:00,0.0539673437197698,0.0545280008501136,0.0529496479076041,0.0531840972593113,0.0527674685912664,0.0535412457482757,0.003391750001120908,0.0010412019384782312,0.00018210145124530897,0.00012806123760888966
2025-10-21 12:00:00+00:00,0.0516052323921507,0.0510916668728471,0.0504863146916283,0.0506713715176516,0.0508372710037967,0.0519866222507576,0.00450451212110492,-0.0015622097281662306,0.0009706480848628019,-0.006036676916716388
2025-10-22 09:00:00+00:00,0.0550903489378442,0.0553430996381232,0.0543997497050112,0.0552893577606146,0.0588432847162325,0.0555446024356265,0.040192582999228676,-0.0033745079796494437,-0.00019203266635692273,-0.009080971373881752
2025-10-22 10:00:00+00:00,0.0586089703489507,0.0581895700721464,0.0573833650490416,0.0573336263106381,0.056130217043389,0.057967772027593,0.008597581170203483,-0.002164927905474734,-0.0007684996434607072,-0.01524509440200994
2025-10-22 11:00:00+00:00,0.0584188273617891,0.0577421648685072,0.0569684215346062,0.056914867504489,0.0580376096858255,0.0578050179982341,0.0016038495819743481,-0.00038936145214574225,-0.00015174737126866233,0.00553614865611074
2025-10-22 12:00:00+00:00,0.0557314657706944,0.0559660471552243,0.0554760374467233,0.0550986031961475,0.055817278289012,0.0559503399562189,0.0423592738391414,-0.003480880112206819,-6.0705396728089056e-05,0.005229748542902257
2025-10-23 09:00:00+00:00,0.0472707213431666,0.0471257474968302,0.0470566207203795,0.04622037500893,0.0459001527885212,0.0465720906189364,-0.05742952676013946,0.006083723765677895,0.0013346681994592657,0.021011675853415568
2025-10-23 10:00:00+00:00,0.0477321925365692,0.0476002431348476,0.0471204781163423,0.0467545045662123,0.0468786140759764,0.0472769445779814,-0.013650225598416998,0.0010750602023881228,0.00040409347231840087,0.000909166607709011
2025-10-23 11:00:00+00:00,0.045796087801466,0.0452164214086527,0.0454567699499666,0.0443730064688301,0.0436477740527498,0.0459226369869998,-0.03411010027300021,0.0006414990411025556,-0.0003535728573709207,-0.0016380612785003024
2025-10-23 12:00:00+00:00,0.046615481940146,0.0466958184963965,0.0465140400249357,0.0453235430831227,0.0477546572125784,0.046404649567703,-0.007995473776197137,0.000701150068347367,0.0006666330230213902,-0.0021100292186968517
2025-10-24 09:00:00+00:00,0.040781933692414,0.0395913215020826,0.0397370565878323,0.0406720500106954,0.0432025213584659,0.0414095751996428,-0.05783322323190987,0.008532471048456003,-0.0008889428227458751,-0.006707630136080667
2025-10-24 10:00:00+00:00,0.039845955856532,0.0399008031143366,0.0388319010896054,0.0401010514795614,0.0383516847654472,0.0396988381102083,-0.0018242631997469339,0.0021403327899456315,-0.00040432629682563004,0.002981867796869153
2025-10-24 11:00:00+00:00,0.0405446010351204,0.0399890072795539,0.0394275023086398,0.0406289632662528,0.0391711843988096,0.0404172792123398,0.012099361155659238,-0.00045720354465572655,0.0006064281568507468,0.003195743025873554
2025-10-24 12:00:00+00:00,0.0401253813626807,0.0400235872454532,0.0388979750201603,0.0399940611386755,0.0383833570323461,0.0392031773186012,-0.005426603609290925,0.00023600212511443175,-0.0003334899756541887,-0.00025179708193689976
2025-10-27 09:00:00+00:00,0.0294178979536912,0.0296229336043332,0.0297041184486956,0.0301235057455055,0.0309993258202618,0.0303692878617456,-0.046404861327994595,0.007317858468645078,-0.0006571996455120299,-0.026260809865416235
2025-10-27 10:00:00+00:00,0.0314350135360004,0.0317221104357805,0.0318794926918697,0.0325441999963738,0.0344508791886688,0.0324261085623369,0.013211893972230548,0.0005049821350961992,0.0001618122980877601,-0.008668373718121458
2025-10-27 11:00:00+00:00,0.0312866999881191,0.0311991558138915,0.0312660928508983,0.0315930262526444,0.0329637469121588,0.0308798344416756,0.000624804768842413,0.00024142308048702432,-1.0112501580117339e-05,0.0005565109415304192
2025-10-27 12:00:00+00:00,0.0295672263278305,0.0293146745875638,0.0292179043192393,0.029405302210375,0.0293897541848391,0.0296755998296671,-0.001875586670494922,-0.00010241479463779513,-3.033811833041966e-05,0.002327969210758951
2025-10-28 09:00:00+00:00,0.0289630666835882,0.0295682750939909,0.0282841300674312,0.0294657913221703,0.0288414283411109,0.0289123420714643,0.005616239411292412,0.003869832585573718,-0.001528208902953132,-0.015239738626071642
2025-10-28 10:00:00+00:00,0.0309260302399148,0.0302858599091306,0.0303951382818423,0.0313971967796662,0.0343255976917071,0.0313546617602991,0.0043464830923816145,-0.0008602903645860138,-0.0005470792185562345,0.002659532207340831
2025-10-28 11:00:00+00:00,0.0322352416191051,0.0331494196763189,0.0333413813655587,0.0332328409977331,0.0340740044898988,0.0329881181965552,0.0030931048477413903,0.0009623096171642587,-0.00013174896773460176,0.0038714192915048073
2025-10-28 12:00:00+00:00,0.0322130040387398,0.0315976991370314,0.0308556064445753,0.0331716430405166,0.0313369216487215,0.0319162645165753,-0.004333030611061606,0.0011651957390430567,-2.0270612679951228e-05,-0.001650848517087411
2025-10-29 09:00:00+00:00,0.0441244069658528,0.0447259907073702,0.0429635007063529,0.0445805478123517,0.0472078689293689,0.0441766017785092,0.05374066932928789,0.0029215774031632336,0.0014584348720259044,0.013539931490958779
2025-10-29 10:00:00+00:00,0.0413997346495971,0.0425666318306701,0.0413693714874137,0.0414862575153618,0.0442467492935898,0.0419646030539175,-0.015403148136694966,-0.0010891428071415632,-0.0005466638457267692,-0.0009924445369851043
2025-10-29 11:00:00+00:00,0.0426268394060243,0.0425136944044042,0.0412864641579922,0.0424503656432544,0.0443158145531086,0.0424249366660687,-0.00598804184462276,0.00034865477719758786,-0.0007698853656341598,-0.003949600300751754
2025-10-29 12:00:00+00:00,0.0403545376346308,0.0405441182027002,0.0386895562805156,0.0401068808197111,0.0406707526063097,0.0404466899793225,0.00598804184462276,-0.0009009402356072727,0.0009420154761716759,-3.757105626434054e-05
2025-10-30 09:00:00+00:00,0.0436722072668298,0.0428847150938498,0.0428930775082982,0.0445582028718352,0.0439901538300495,0.0429860890406557,0.005358750543105195,-0.0064464600113192105,0.006559319553780085,0.0009288434064593787
2025-10-30 10:00:00+00:00,0.0418174782600166,0.0425295044154629,0.042566298694042,0.0429415925585869,0.0439228275252148,0.0431901203296887,-0.014956904611827415,0.0019879559841688987,0.0005530500852390929,0.00030024996034683227
2025-10-30 11:00:00+00:00,0.0473902346500909,0.0473134127226078,0.0467802177946856,0.0464160959199209,0.0487900477411462,0.0466234166727097,-0.0018099552452395251,0.00014601737632702338,0.0006130252989535734,0.001072656978916342
2025-10-30 12:00:00+00:00,0.0517193798528263,0.0523432103607466,0.0514659736855218,0.0520237323533925,0.0511516520907824,0.0511110439769841,-0.0030238910250770523,-0.0008325847855026325,-0.00010047020062309286,-1.999240288697024e-05
2025-10-31 09:00:00+00:00,0.0486516855664314,0.0485708614480286,0.0488506664004271,0.0488324961941957,0.0506204273026107,0.0490513748241665,0.026891372431720573,-0.0015940686484965383,0.0030397752104605047,0.0038362102035218726
2025-10-31 10:00:00+00:00,0.0479735658341753,0.0479659328291277,0.0472510744359084,0.047810425131221,0.0484050718482478,0.0468398615447358,0.013470189031000945,0.0007606438377454339,-0.0006312720340702072,0.0009754107700263859
2025-10-31 11:00:00+00:00,0.0460068247777303,0.0470779573251254,0.0461439553460552,0.0465067646995862,0.0495593238881877,0.0462624927643251,0.0359936026479053,-0.0029144750452472223,-0.00010023856787544361,-0.002051456406521268
2025-10-31 12:00:00+00:00,0.0479372344451451,0.0482762694435816,0.0471429187148608,0.0482433423493475,0.047686477275457,0.0477334482680606,0.023295562603522058,-0.0029084306174240737,0.0005612066089071277,-0.007871317984124104
2025-11-03 09:00:00+00:00,0.0422869727856607,0.0422185452131653,0.0433398350119833,0.0436292339319377,0.0432943406306007,0.0427725317092251,-0.0038451022381056355,0.0008820892573071504,0.0012515583533163621,0.010996616012725724
2025-11-03 10:00:00+00:00,0.043587247092558,0.0451577539635841,0.0440125136410518,0.0435424381276978,0.043450676771654,0.0444270301082709,-0.0049655274440496555,0.002436952736887932,-0.001191447749787855,-0.0044071033048904695
2025-11-03 11:00:00+00:00,0.0440647751712344,0.0448641971968259,0.0448006855326696,0.0454304555355318,0.0470961611519409,0.0444507150636772,-0.0326054740345616,0.0010331147126594331,-0.0006112929034864933,0.0002021056420549172
2025-11-04 09:00:00+00:00,0.028864935411824,0.0288773029538882,0.0288586575988125,0.028452308492632,0.0249666243142616,0.0283065934504966,0.044153581473305614,-0.0051615575736887465,0.003991701771201228,-0.012512433251975708
2025-11-04 10:00:00+00:00,0.0300719126386082,0.0296212563822393,0.0313396113058583,0.0313595487347448,0.0333916222218653,0.0312729630113097,-0.001641587235951647,-0.0016060236693764551,-0.0007890728803561231,-0.00035121631116474816
2025-11-04 11:00:00+00:00,0.0335073529442255,0.0335046019391702,0.0333619993126361,0.0334208194254028,0.0364962898640381,0.0321958575243912,0.006550241760718389,-0.001785859716457061,0.0007291651382610453,0.0031489572399632237
2025-11-05 09:00:00+00:00,0.0311583785498652,0.0309297474259362,0.0312883175871214,0.0311644312221954,0.0273852272004211,0.0303635028201609,-0.013695092160781464,0.0006940599089855226,0.0006787443490603451,0.00019899971223225066
2025-11-05 10:00:00+00:00,0.0291988434419965,0.0284403063635199,0.0285337521648885,0.0289662919040853,0.0294303698305595,0.029064493119949,0.0,0.0013719345688674167,0.00043894215646744783,0.002040609066044752
2025-11-05 11:00:00+00:00,0.0318034623722405,0.0317258670863034,0.0315559950017876,0.0315372204900084,0.0290008069792737,0.0311639106509655,-0.04339931553455534,0.0024881306215904786,-0.00029925784278894696,0.0022095239432289304
2025-11-06 09:00:00+00:00,0.0343576703632033,0.03306200970053,0.0331357772597356,0.0338316559940257,0.0304690509593132,0.033804081350782,0.1048995799501955,-0.00800202167485864,-0.0036882153984327815,0.0014185501590553429
2025-11-06 10:00:00+00:00,0.0324418430723951,0.0317655978140354,0.0325275399129409,0.0329199073210337,0.0341330094515417,0.0319404868381705,0.021042603468634624,-0.0048590310691665195,-0.0004807692400294883,-0.003215928880601737
2025-11-06 11:00:00+00:00,0.0318379478835979,0.0319103847031045,0.0320509697131865,0.0320433228331396,0.032605350172759,0.0321121188417274,0.004054744531491128,-0.0026848056220201144,-2.0037068577671846e-05,0.00038183663884971963
2025-11-07 09:00:00+00:00,0.0254419052244525,0.0256914908246308,0.0264116833406575,0.0259970770445878,0.0212120920249283,0.0254493491819249,0.046451038224967434,-0.0054814352998544535,-0.003663504094888914,0.0030419437713984365
2025-11-07 10:00:00+00:00,0.0230999848379365,0.0231273863811261,0.0229321262004098,0.02304319468553,0.0217293023126361,0.0224480464280645,0.06405554600140162,-0.004696540424713902,8.044000688034458e-05,-0.0006036401436162464
2025-11-07 11:00:00+00:00,0.0264846021335503,0.0271294935812724,0.0268499874581205,0.0261566918183218,0.0280574535758664,0.025498316466642,0.011258844443172045,0.001115920071166343,0.00024128120435928935,0.004123036680983461
2025-11-10 09:00:00+00:00,0.0178254582943455,0.0173695789575172,0.0162337565726935,0.0169371440907022,0.0177698773186003,0.0175858024054251,-0.21057176644486253,0.02291552768175187,0.0015066899873081852,0.018861698329788013
2025-11-10 10:00:00+00:00,0.0187064144143012,0.0185046187369088,0.0188889830804761,0.0186107485780591,0.0191721965107267,0.0183581812134421,0.018077731419956944,-0.0047839916418706,0.00031109974008192154,4.162458299639127e-05
2025-11-10 11:00:00+00:00,0.0175534427195831,0.016448328610535,0.0162768532918999,0.0164824397890193,0.0165685031108464,0.0167753222343274,-0.018077731419956944,0.00277868280119975,0.00012039972723876247,0.0026970044895104905
2025-11-11 09:00:00+00:00,0.0178209234217656,0.0182464663019812,0.017696715371875,0.0180833975866347,0.0218491555068398,0.0176567205036954,-0.02519024882855847,0.002719465742575089,-0.00341695138695286,0.007000667335779198
2025-11-11 10:00:00+00:00,0.0167211752414295,0.0157778718784584,0.0169599899668237,0.0170124604429278,0.0163523704755919,0.0167034740217562,0.003960401216096976,-0.00011040330337941384,0.0004730392861782562,-0.004320658367161556
2025-11-11 11:00:00+00:00,0.0186990738217329,0.0189683717676656,0.0197651702670182,0.0196752891347997,0.0202955410241121,0.0193513844701203,-0.009075501882867432,0.002543539241348647,-0.0002113303251789489,0.001632768634959092
2025-11-12 09:00:00+00:00,0.0184307351431092,0.0184171086680713,0.0179933654093424,0.0185050543207854,0.0178623518051905,0.0181607772483656,-0.0051413995004190305,0.003239878223437742,0.002181596043622669,0.005704665863810021
2025-11-12 10:00:00+00:00,0.0183747197995007,0.0179446307528357,0.0190203841841856,0.0186695199200608,0.0151909310886542,0.017962440930942,0.031014608776408714,-0.0012888298332027759,-0.0010047525637535415,0.010877486677241421
2025-11-12 11:00:00+00:00,0.0171504864019296,0.0174059364406142,0.016941691808558,0.0168098519722517,0.0161171966176838,0.0172724403528738,-0.01172870188982511,0.00013188842258582412,-0.0003217341498276127,0.003559185598977166
2025-11-13 09:00:00+00:00,0.0184884928904185,0.0179918711102542,0.0180086355695521,0.0180540328942897,0.0147568398484645,0.0178418604888506,0.012283794882152144,-0.005200769799107441,-0.0027792620626829745,-0.0004027861414979128
2025-11-13 10:00:00+00:00,0.0192320610741911,0.0181445832777897,0.0195312129333478,0.019448412500312,0.0160159897711296,0.0194010010362257,0.055584849392518176,-0.0048134514954574215,-0.0009281398525509132,0.0017791374092510637
2025-11-13 11:00:00+00:00,0.0196332879843024,0.0184618610287288,0.0194284333868095,0.018687710335761,0.0206432921718526,0.019512315178539,0.023347363996991,0.0003908122618589971,-0.0007875765265028534,0.001115406638511729
2025-11-14 09:00:00+00:00,0.0450730673570571,0.0454160070261426,0.046123496077477,0.0459022430414619,0.0447923193256356,0.0440785920256199,0.12244451871501294,-0.009161624705134486,0.0029753971913875077,-0.030162085135847505
2025-11-14 10:00:00+00:00,0.041232980088651,0.0407003436388202,0.0414418376969634,0.0404873270448788,0.0406486110846384,0.0404120950594757,-0.07389858461151588,0.007052446245551458,3.0212849527089247e-05,0.002825437651127416
2025-11-14 11:00:00+00:00,0.0412047578627787,0.0412248430153754,0.040022971760572,0.0397524767989923,0.0398212783368072,0.0411360285495396,-0.03986576727223001,0.0006817744183695851,0.0004128174851594224,0.0028808094965810938
2025-11-17 09:00:00+00:00,0.0203736631445952,0.0199603768269858,0.0191989990053105,0.020232128845482,0.0169603348863041,0.0195239841970389,0.04813630821239423,-0.004291055515632358,0.0016395177657528848,-0.007186977094384872
2025-11-17 10:00:00+00:00,0.0201388062312921,0.0200510098060904,0.0203586679111849,0.0208558791291506,0.0246070644557283,0.0204639047390171,0.03989132902730175,-0.0022792117540797463,-0.0004925786591885029,-0.0029508294661741985
2025-11-17 11:00:00+00:00,0.0209234250408991,0.020574196376174,0.0203077864810434,0.019971515328381,0.0179289541546525,0.0200938217942374,-0.03843889594698702,0.0027849985608519034,-4.022121669766676e-05,0.0015588084421001014
2025-11-18 09:00:00+00:00,0.0119272619205386,0.0125564207959745,0.0132758756047777,0.0128114316026284,0.0130451453808153,0.0120911244176475,0.18939213100375474,-0.019963261265255383,-0.0002916522118354692,-0.0010249995059581352
2025-11-18 10:00:00+00:00,0.0106176733372476,0.0111647936879479,0.0118704183405233,0.0119834701569345,0.013273553034929,0.0118081910088361,-0.01289300696123341,0.003604480723321757,0.0023007339339544686,-0.003379854671505811
2025-11-18 11:00:00+00:00,0.0122458809483028,0.0122224393348613,0.0114693010788615,0.0108390710434791,0.0111973570732182,0.0110432881383062,-0.014706147389695445,-0.004408931046364195,7.024480316797366e-05,0.003517565572277448
2025-11-19 09:00:00+00:00,0.0143750470619818,0.0134833376334557,0.0151149065256925,0.0147100643821529,0.0172331274450607,0.0135665203952719,-0.09580412893760837,0.01169921789145345,0.002975849736513325,0.01491488540494501
2025-11-19 10:00:00+00:00,0.0142176642711837,0.0131792095167875,0.014616012160584,0.0136439166418147,0.0144067368656415,0.0133106940111826,0.07459310290597188,-0.006715982417739852,0.0012598111949682078,-0.00762124300417355
2025-11-19 11:00:00+00:00,0.0137079785849134,0.0139111418626931,0.0144923686825209,0.0128766158469821,0.0165823044641673,0.0140239526268495,0.018738836886247334,-0.0010581851601925152,0.0006293109253290297,-0.005524760977861476
2025-11-20 09:00:00+00:00,0.0137463203508638,0.0139067450968026,0.0136809050653561,0.0138549725958023,0.0093899710727722,0.0128321349701494,-0.19778706833523296,0.02062792998363694,0.0004093389233634781,0.004914303579816703
2025-11-20 10:00:00+00:00,0.0118042801663327,0.0109109067348318,0.0111391736449706,0.0106065032154467,0.0132725073177246,0.0102687248453965,0.06613980250454521,-0.010814781189546707,-0.0003394399273846105,-0.00550358312898247
2025-11-20 11:00:00+00:00,0.009664425155353,0.0092780420448721,0.0095559648128389,0.0097769690378279,0.0049143748535036,0.0075931302921479,0.23873895540918388,-0.014026744612480435,0.0005390566639142946,-0.005711873360978004
2025-11-21 09:00:00+00:00,0.0167818135569643,0.0157130324838203,0.0168788953891292,0.0169592965690923,0.0223906883518798,0.016075679702606,-0.02173184062733924,-0.008266400573266885,0.0003891380641096731,0.005878871158468968
2025-11-21 10:00:00+00:00,0.0191301605917009,0.019392104918106,0.0188754788446368,0.0194486373341968,0.0233985127334173,0.0173687420093331,0.001514004831215221,0.004454350349380576,0.0006781351543843073,-0.0005944427151938214
2025-11-21 11:00:00+00:00,0.0206658557488044,0.0208333832307687,0.0198370690032823,0.0220250298293509,0.0239284391802607,0.020067914247305,-0.09017964191687167,0.007057181587911465,-0.00033901009378212166,0.007497932998427714
2025-11-24 09:00:00+00:00,0.0251358732764377,0.0242020260429991,0.0249802795253264,0.0253456354954695,0.0214637995328601,0.024416162464208,-0.11432255651685708,0.007413558546145893,-0.0003989825996768559,-0.004617444219213951
2025-11-24 10:00:00+00:00,0.0244623816695017,0.0246958946899746,0.0242440910914489,0.0232252956641467,0.0280779532804533,0.0232670613393952,-0.024901451100951988,0.003712471779815374,-0.0002694032733829843,0.002605891765441015
2025-11-24 11:00:00+00:00,0.0241303513201631,0.0241381728596525,0.0240725934260326,0.0233516405262343,0.0196133048101709,0.0234386968551687,0.01135300746499679,0.00044906146909262645,0.0005287600699848127,0.001394358082608349
2025-11-25 09:00:00+00:00,0.0206702660242883,0.021399901581669,0.0214262617769251,0.0209219330725947,0.021917332315434,0.0201324091143453,-0.025245446466113375,0.00037406390943850454,-0.005139805723306523,0.006777972209125238
2025-11-25 10:00:00+00:00,0.0198647549734771,0.0207300831433276,0.0204076873453276,0.0208184569115512,0.024320466442762,0.0191382889290512,-0.03584965289369757,0.003226098326295279,0.0008618098539212582,-0.0007201196146144895
2025-11-25 11:00:00+00:00,0.0204824053451888,0.020020064908925,0.0206244286317436,0.0208802159642866,0.0172247281805415,0.020090724267717,-0.04134296353438227,0.004032893594262177,-0.0007415127198546756,0.0032304181137927657
2025-11-26 09:00:00+00:00,0.0193998473971952,0.0188174498269597,0.0196627231862558,0.0201010367692791,0.0227867742529859,0.0189060033141534,-0.06401755212344407,0.007206678471701089,-0.000982850344890096,0.0013288492672831609
2025-11-26 10:00:00+00:00,0.0215685899383211,0.0206366273935598,0.0215587223914899,0.0211846176609342,0.0221157001179397,0.0211899208116679,-0.029886633750199287,0.003591302320334222,-0.0009436425299185203,0.005799643818598099
2025-11-26 11:00:00+00:00,0.0213572780153221,0.0211055173429468,0.0216213957879176,0.0218117803179769,0.0220887116546077,0.0212370562271049,-0.002292264614035755,0.0004847203038478298,0.0007630139419427806,0.0003696121274856523
2025-11-28 09:00:00+00:00,0.0226067210048528,0.0164021003576759,0.0148644097937493,0.0176798669163029,0.019606564683203,0.0166192211906077,-0.033248906958220026,0.001064091421455693,-0.0005922892150644898,0.007420864977605746
2025-11-28 10:00:00+00:00,0.026018229659835,0.0181436462958826,0.0182611209887955,0.0195361789788426,0.0211064252144141,0.0189304447940139,-0.0017809443709948525,0.0006670846763725535,-0.0010247858391343456,0.0013258355359404561
2025-11-28 11:00:00+00:00,0.027085647234182,0.0202039561118236,0.0220692409489906,0.0206299516530201,0.023615113180738,0.0173395891064203,-0.014362904000361443,0.00010275805712467445,0.00034171198033039474,0.0008013135312179287
2025-12-01 09:00:00+00:00,0.0213246899727459,0.0199806694541202,0.0205221239951127,0.0292368399216638,0.0345691461734758,0.0209092025041941,0.036109279617054124,-0.003737443727280798,-0.00349296980454028,0.008334002888618741
2025-12-01 10:00:00+00:00,0.0200421206720928,0.0193822901361824,0.0206424832050926,0.0255589215749627,0.0330766344512045,0.0201205578475263,-0.0034944706497737066,0.002109077527943981,0.0011690367864689577,-0.002281923421351806
2025-12-01 11:00:00+00:00,0.0194428199412104,0.0186882981795148,0.0196847375899094,0.019122051750096,0.0336706331474645,0.0182883220379388,-0.015878016611756696,0.0013205002212268724,-0.0001510916373659299,-0.001510772518933834
2025-12-02 09:00:00+00:00,0.0190148132171781,0.0185931721519998,0.0188777037704939,0.0225068482033283,0.0303063455592802,0.019061192650571,-0.019755206962331684,-0.0005397271575642293,0.002555410507570244,-0.0016907976350122311
2025-12-02 10:00:00+00:00,0.0182877640726051,0.0177686299170121,0.0180962341160912,0.0191661357846191,0.0213057074623248,0.0176721216140256,0.016192257824978906,-0.002661826420055746,-0.0007337605556001492,-0.01184675949901326
2025-12-02 11:00:00+00:00,0.0184028648928997,0.0183864427389817,0.0177355233248768,0.0236972738122109,0.028386158098181,0.017660230586288,0.0011890607821904986,0.003919760144171391,0.0004724829064164382,0.0037630566301949386
2025-12-03 09:00:00+00:00,0.0157986488213486,0.0151791917230479,0.0159731238311342,0.0132018190780678,0.0132005400295267,0.0151913894479174,-0.008353270528970835,-0.0013635665971643007,-0.005634044847169228,0.006273704687581372
2025-12-03 10:00:00+00:00,0.0160652907287555,0.0158045612986226,0.0164973296106432,0.0150022796004314,0.0138695199278637,0.0167358399720225,-0.01144935676720893,0.0010265134641418427,-0.000384148811841456,0.0011248141327317995
2025-12-03 11:00:00+00:00,0.0156839436478837,0.0144735182758486,0.0156986406977484,0.0135654092799644,0.0182760290800285,0.0145321960182254,-0.016498999380035073,0.0018891081455416625,0.00021231100609053755,-0.0037495499565736168
2025-12-04 09:00:00+00:00,0.0102692875886729,0.0107833367948004,0.0111240609309639,0.0093753872133159,0.0139855275692553,0.0108021065371317,0.009810011229238746,-3.67201959869945e-05,-0.0012036921417930557,0.0002451718416942583
2025-12-04 10:00:00+00:00,0.0093667528089842,0.0102587947845236,0.0097528822334367,0.0069958598023609,0.0068488680999128,0.0098571813114642,0.000609942074414338,-0.0003804479088334034,0.0011329268147521887,0.001407978618226835
2025-12-04 11:00:00+00:00,0.010310927347001,0.0104094104790553,0.0112558869843391,0.0100221082785714,0.0131782247067155,0.0107761938699857,-0.019705071079332726,0.001060503655736511,0.00035377656851931505,0.0020371054515369025
2025-12-05 09:00:00+00:00,0.0130819931094017,0.0131150855053072,0.0137915000642616,0.0128962791280595,0.0165951333382694,0.0132165681629885,-0.028384119317435008,0.005656486493448298,-0.0004953222475689856,0.006357604113981452
2025-12-05 10:00:00+00:00,0.0138866631244709,0.0132527639054176,0.0130116288554595,0.0134260508768553,0.0130535295993601,0.014144123996471,0.013977355889904342,-0.002911718805347796,0.0018385329245438342,0.00027570768091145226
2025-12-05 11:00:00+00:00,0.0134617193972121,0.0124542597289833,0.012909031788278,0.0132197671564293,0.0113610980824803,0.0132972884199877,0.003778342026405923,-0.0007146659970036495,-0.00035330160715929537,-0.007606236102198238
2025-12-08 09:00:00+00:00,0.0142489222103923,0.0137461268821463,0.0135723105693112,0.0142252700818505,0.0136179625368686,0.014192903113458,0.040042306607418254,-0.0014016442410955676,0.0010091021865799021,-0.0036390488260895637
2025-12-08 10:00:00+00:00,0.012838692140942,0.0134652947832356,0.0132812446400536,0.0130377338218148,0.0126080030661541,0.0136518605346398,0.009615458699441692,-0.000569979627698558,0.0006452914117849318,-0.003300848973093906
2025-12-08 11:00:00+00:00,0.011908616926481,0.0114788352464054,0.0122131601806927,0.0112576581562429,0.0119653139624169,0.0129090534678435,0.013662226169903757,-0.0019681949085770256,-0.0004536770602925344,0.002113511854018313
2025-12-09 09:00:00+00:00,0.0127364302782744,0.0136786876056989,0.0127625706365841,0.0132866257234403,0.0153977282390997,0.0131641838660727,-0.005917177028088361,0.0021582242175153254,-0.00018152847021291052,0.0031107854445338035
2025-12-09 10:00:00+00:00,0.0109059124959471,0.0120761960197317,0.0111442087683244,0.0123253168883066,0.0084015606274652,0.0113218054209365,-0.016153507091221986,0.000978955602323417,0.0,0.002045551639998422
2025-12-09 11:00:00+00:00,0.0121813306456919,0.0122655584920123,0.0126634508452887,0.0128669468140292,0.0143684351759452,0.0119273790990102,-0.0012070007500351032,-0.00024840999839970124,0.0007763075374116468,-0.00018988663824792695
2025-12-10 09:00:00+00:00,0.0102074465086423,0.0110190988036111,0.0105455107138201,0.0102731331809733,0.0062307344115286,0.0096502026187663,0.03267293894698842,-0.0024421107869248004,-0.001361456868070654,-0.004763692701734712
2025-12-10 10:00:00+00:00,0.0118516549463958,0.0120386705741977,0.0125907092687878,0.0122306644708718,0.0132033195316083,0.011211778977797,-0.007038152220261384,0.0011121192869723018,-0.0007066710034031587,0.00028140732464798646
2025-12-10 11:00:00+00:00,0.011521861824681,0.0108294113302815,0.0117844398385353,0.0119458091660817,0.0117564429505852,0.0108527683745871,-0.0005887548006393573,-0.0009510780820356501,-0.0006364311581172899,0.0025861898617094425
2025-12-11 09:00:00+00:00,0.0146207318789237,0.0156964891247191,0.0144661865080684,0.0143795359383898,0.016468640367905,0.0145665825891532,-0.06007265403733841,0.004527802553221605,-0.007434752249547039,0.006157484106291022
2025-12-11 10:00:00+00:00,0.0162533324400586,0.0170715308819113,0.0165949427918814,0.0174965357743039,0.0208561266690552,0.0162314939434542,-0.008163310639161203,-0.0023562807944452757,0.00035626129597865486,0.006126849261811174
2025-12-11 11:00:00+00:00,0.0141576013135862,0.0140193489820108,0.0142646536113344,0.0145088606952212,0.019079441112475,0.0140220098520162,-0.025544173047425733,0.004103489345971489,-0.0008552404357660137,0.004034953138441821
2025-12-12 09:00:00+00:00,0.0076916598287002,0.0077434315817932,0.0073814193424321,0.0076761827443045,0.0091777920248585,0.0080569800956202,-0.006489315439750065,-0.005353183479752666,0.002583849336383892,0.01685590229386058
2025-12-12 10:00:00+00:00,0.0061587099075923,0.0073143444043795,0.0063333750271326,0.0061971108018026,0.0067923808903955,0.0073918299017934,0.09968035152660892,-0.0038979548482789284,3.0478048188342655e-05,-0.013021285668562754
2025-12-12 11:00:00+00:00,0.0066832731193626,0.006760221900103,0.0067005024471369,0.0059853979677819,0.0023746158729012,0.0079425828140942,-0.021442155620931214,0.0005137577084912692,-0.0005182531935217227,-0.002036914814389945
2025-12-15 09:00:00+00:00,0.0138750684249036,0.0126571521710312,0.0130022654018648,0.0135338478849911,0.0090665945806722,0.0143380583754115,0.009586652209913726,-0.0024390255993580467,-0.0016479998846881116,0.009817284523213843
2025-12-15 10:00:00+00:00,0.0128038507879559,0.0127933162542179,0.0129224613004186,0.0118909368867454,0.0089367361656815,0.012521454220679,-0.0017905107737883341,0.004549999043241826,0.0001527067270279403,-0.001214955907705928
2025-12-15 11:00:00+00:00,0.0117108617127124,0.0105775804675884,0.0114889023303077,0.0109223020632482,0.0100695163576485,0.0118368446343821,-0.008398369698831232,-0.003241589015576807,0.0008140422733937669,-0.0048513698689856
2025-12-16 09:00:00+00:00,0.011771896778892,0.0114867502802817,0.0121292392397891,0.0119831023863099,0.0124307022031839,0.0129094975561008,0.0078008196362349125,-0.004417228455702471,-0.0028622523347783257,0.006149582983690394
2025-12-16 10:00:00+00:00,0.0111132167017919,0.0121534082134282,0.0119375282823763,0.0099613742888471,0.0115946042508716,0.0108965002206455,0.005365139546069209,-0.0008119459837701015,0.00047931061774786343,-0.001011118922685128
2025-12-16 11:00:00+00:00,0.0115477533096279,0.0118492539395367,0.0109880172949252,0.011910180715577,0.010874706427931,0.0116921739838944,-0.01678696494925669,0.00033962125174191726,-0.0002549238556257549,-0.00438019223308217
2025-12-17 09:00:00+00:00,0.0124493049688614,0.0130503094755793,0.0131334136688534,0.0126405629510402,0.0100179493796064,0.0119195235890485,-0.011553792252282591,0.0024772197043949618,0.002688721218915724,0.00869518356703125
2025-12-17 10:00:00+00:00,0.0108894155363896,0.0107456164849657,0.0104280381581527,0.0104359841821692,0.0131237417473133,0.0104997525407422,0.07025608960077445,-0.0065306595783560795,-9.154202548256052e-05,-0.0018987968075130368
2025-12-17 11:00:00+00:00,0.0098979269298082,0.0101524204705305,0.0098115307955153,0.0098152233623627,0.0093362038022528,0.0100000101000001,-0.001140901435791708,-0.0006969519755983811,0.00019324555976751867,0.0008056409147290111
2025-12-18 09:00:00+00:00,0.0107306446500741,0.0116907554464991,0.0102739856517142,0.0104887248466685,0.0133936098990037,0.0114837741833127,-0.039586076694064776,0.007124516492853061,0.0012501081497733324,-0.001064322333837353
2025-12-18 10:00:00+00:00,0.0087487418243348,0.0085424294671854,0.0083077836916689,0.0084561685721067,0.0084518402371329,0.0096526233093965,-0.049919067173967324,0.0012070185167720737,-0.0011992602612211911,0.0020929368163695727
2025-12-18 11:00:00+00:00,0.0095749481712683,0.009384320473093,0.0095000093145705,0.0098480690035336,0.0115704809063748,0.0097345248331015,0.06524052186840112,-0.006108916740445558,0.001473465195581447,0.005269438027896811
2025-12-19 09:00:00+00:00,0.007746482005613,0.0087376729361572,0.0090883676367095,0.0077698446888534,0.005303167863617,0.0080542805857874,-0.10276479713354503,0.005124570241672011,0.0017855698275415222,-0.006591147584952495
2025-12-19 10:00:00+00:00,0.006974692135111,0.0065313100275368,0.0081559530419563,0.007012296778452,0.0078776843779286,0.0068148776962804,-0.0012970170430448569,0.0015652566321371353,-4.054574574308134e-05,0.003798952889130902
2025-12-19 11:00:00+00:00,0.0075764124121182,0.0069169900343484,0.0077270976020002,0.0074606815091202,0.008214744766072,0.0080638368480856,-0.0006491399124408659,0.0007568827082957696,-4.0547389767553454e-05,0.00012186191221097431
2025-12-22 09:00:00+00:00,0.0061426588004616,0.0068459900359685,0.0067858094743797,0.0064228880881647,0.0060648407625492,0.0066642742378111,-0.049927173956507254,0.0045146803545268455,-0.0037781117842197176,0.015897969578624327
2025-12-22 10:00:00+00:00,0.0062113831567083,0.0065701267848357,0.006152567540224,0.0058630590334216,0.0064244897846499,0.0055877410942024,-0.014438201998396405,0.0012277472383228627,-2.035105571174256e-05,0.0029193736402781667
2025-12-22 11:00:00+00:00,0.0063698109972067,0.0068064727954699,0.0057084577774455,0.0063615009348394,0.0066450654057563,0.0050481746134711,0.0027662534928905025,6.572965395701402e-05,-0.00021371109394596743,0.0013979173311629012
2025-12-23 09:00:00+00:00,0.0043185214010963,0.005250006859353,0.0047828176845106,0.0055167120612942,0.0092224298287644,0.0040205456942499,-0.02659358957344793,0.0008978725405279775,-0.0018846690344860306,0.0015647006791166262
2025-12-23 10:00:00+00:00,0.0057941783344381,0.0061122578726506,0.0046326148976214,0.0058590468368822,0.0048566608457327,0.0042586836378026,-0.029509158083765197,0.0018515958898079887,-2.0394220277886177e-05,0.0029516238501212655
2025-12-23 11:00:00+00:00,0.0061827851118907,0.0065796491245535,0.0058161811359431,0.0066899488641298,0.0040103282367407,0.0054303061407614,0.008727328120843314,0.0007862551366031312,7.137795138056902e-05,0.003584574288696629
2025-12-24 09:00:00+00:00,0.0184012029444817,0.0187491352488586,0.0184207286830475,0.0189162454854781,0.0229956097899837,0.0186832161187378,-0.005081680626997542,0.0030300301116650274,-0.0012957929360952747,-0.002421146147094433
2025-12-24 10:00:00+00:00,0.0207516496816231,0.0201009573005488,0.0197655617351724,0.021195796913862,0.0238295532200081,0.0197534168254556,-0.014663019310074077,0.0011313257679157473,0.0004287157986189172,-0.001201559481643244
2025-12-24 11:00:00+00:00,0.0235449040168822,0.0230084252938307,0.0219554920693516,0.0230981794769691,0.0225289640796937,0.0217307369414581,-0.004441161999968024,0.0008620283029880937,-0.0004287157986189172,0.004194689601970225
2025-12-26 09:00:00+00:00,0.0138117648321727,0.0132897179234867,0.012549874878462,0.0123262821194198,0.0133590060347466,0.013155094025727,0.049213982781412646,0.0002532516020403719,-0.0005514762341176649,0.010007984506721357
2025-12-26 10:00:00+00:00,0.0137173982327194,0.0141565438339095,0.0137409941110699,0.0127913246324078,0.0095299361174752,0.0136329443364149,-0.01207829958818385,-0.0006227461858916428,0.002244853088593679,0.005513349622027874
2025-12-26 11:00:00+00:00,0.0138982917546217,0.0137660954567324,0.0141678214174478,0.0126855988328986,0.0180318098667666,0.0129086366185273,-0.001430615408519298,-0.00019559335479613082,-6.115646884463644e-05,-0.002256798045367603
2025-12-29 09:00:00+00:00,0.0128615186336875,0.0125452407769537,0.0122973348822557,0.0131428647458529,0.0154471970091023,0.0114231756471361,0.05906544659907054,-0.0032073869898967544,-0.0013361826948097288,-0.03961305675253435
2025-12-29 10:00:00+00:00,0.0137212638306538,0.0125656170680301,0.0125111601023668,0.0137750798422882,0.0126416582190096,0.0112116708111917,-0.017699577099401065,-0.0011781391130369911,0.0013361826948097288,-0.008213877517373902
2025-12-29 11:00:00+00:00,0.0150818990004251,0.0147739314645412,0.0147124204311523,0.0145083569200581,0.0103881635560982,0.0128516284920356,-0.0013745706631667076,-0.00128152868939857,0.00035669335450805306,0.004100404362924692
2025-12-30 09:00:00+00:00,0.0105770272644951,0.0109210490670088,0.0104996702744029,0.0102231427529029,0.0072418530060756,0.0099624077306519,-0.013153529899743166,0.0010049739771087474,0.0010184233651067132,0.005341932303391417
2025-12-30 10:00:00+00:00,0.0089554227729984,0.0086429566686219,0.009421964747754,0.0088514914084452,0.0085372876419917,0.0088565561757052,-0.01686617634090748,0.0018906896466734935,-0.0011508946164910938,-0.0002084566996032322
2025-12-30 11:00:00+00:00,0.0094581712182701,0.0085146585513038,0.0089432472067958,0.0092429610989535,0.0092859374984202,0.0097675635338654,0.011976191046715545,-0.0012285415705424185,0.00024454860525402466,0.0029647003030124353
2025-12-31 09:00:00+00:00,0.0068507840107818,0.0065241930326911,0.0067955938249311,0.0066957231767241,0.0076758667698482,0.0063146138130194,0.030347156389292085,-0.0027040315728648068,0.003112763817476605,-0.0073569611093411424
2025-12-31 10:00:00+00:00,0.0060927477473662,0.0068075488383012,0.0065300679724005,0.0055925420607447,0.0081872464380912,0.0053153765728617,0.000679117173808752,-0.0005819099709620801,-0.001422937996728102,-0.001930146811254474
2025-12-31 11:00:00+00:00,0.0045041433044812,0.0050637866602827,0.0046267427041277,0.0050432820633117,0.0094810086186427,0.0048964266531792,-0.004081638319648473,-0.00023355959525250825,0.0005185904624394055,-0.0031589109561327433
2026-01-02 09:00:00+00:00,0.0033345483041782,0.004590340655604,0.0033998146332598,0.0033346417487021,0.0002696330990772,0.0033405158325614,0.018237587549780887,-0.003715083986237211,-0.00039654498000540883,0.006521589350427348
2026-01-02 10:00:00+00:00,0.0044342886872872,0.0035574339182917,0.0048502930522735,0.0045222388558434,-0.0007126963890944,0.0036760246569349,0.02119284615163952,-0.0008062684137692955,-0.0007833841577129519,-0.0038031262746400785
2026-01-02 11:00:00+00:00,0.0046245651554903,0.0041222628499446,0.0048083836836501,0.0052620783618118,0.0051805976086627,0.0035340645118491,-0.032636929313022645,0.0007623068947451017,0.0008850773494417652,-0.0023993480853121696
2026-01-05 09:00:00+00:00,0.0038791629363033,0.0031202612628271,0.0029568057864715,0.0024273010112243,0.0008876792944607,0.0026812206496815,0.004728141195946112,0.009030032402510102,0.0019302083505898793,0.02590345429291574
2026-01-05 10:00:00+00:00,0.0059461355900118,0.0054632407723897,0.0056416626618307,0.0054440288756192,0.0047292346851828,0.0048038552800828,0.000673627509474084,6.534879923947301e-05,-0.0012592925253560594,0.002187460785693318
2026-01-05 11:00:00+00:00,0.0074295290434254,0.0078470668442671,0.007345676238067,0.007611067925749,0.0067296873457391,0.0064203002525133,-0.011513842062338853,-0.00041394787026671764,-0.0007217611284104919,-0.0013654766048318834
2026-01-06 09:00:00+00:00,0.0017028289819431,0.0023294505043502,0.0023107712444541,0.0015697756487311,0.0044366931896659,0.0014470730635949,-0.0013633267278643224,0.0032705955018190735,0.0024376630830742485,0.009994237213167168
2026-01-06 10:00:00+00:00,0.0014601067472979,0.0009617814546911,0.0011290175446803,0.0019817946166542,-0.0004332915348619,0.000804809378079,0.023593949186865082,-0.0022396750600011117,0.00020287061995816202,-0.0019319194245923654
2026-01-06 11:00:00+00:00,0.0025421135567305,0.0015022756026321,0.0019011946893006,0.0018855307399454,0.0008618614315383,0.0030431548713585,-0.010716780396661907,0.001957274070445436,-0.00037534301212094334,0.0023196381061261206
2026-01-07 09:00:00+00:00,0.0093392957025173,0.0108988648097008,0.0094155169732428,0.0092169710992127,0.0052423387968254,0.0078169849669074,0.02197890671877545,0.0018594829918994193,0.0005274689727094994,-0.009976842457399826
2026-01-07 10:00:00+00:00,0.0059670623253618,0.0057629888008705,0.0059641925532265,0.0058366219715468,0.0050845112887356,0.0048419232859369,-0.01459879942115272,0.000867058342313598,0.0004156929204492954,0.0004679267779987839
2026-01-07 11:00:00+00:00,0.0064774647582281,0.0068825040733384,0.0056977056220619,0.0053942807885976,0.0110300596860206,0.004921908733213,-0.006706933256718006,0.001969761559856842,-0.0003751299058007973,0.00401560540721313
2026-01-08 09:00:00+00:00,0.0054134788684911,0.0044755505090667,0.0041443572612545,0.0043514329518545,0.0057440246146103,0.0039934596290172,0.038288505307016774,-0.005826705031773294,0.0019450922959594052,-0.007248314651052468
2026-01-08 10:00:00+00:00,0.0043847780116017,0.0049452772654852,0.0055473715408584,0.0057613361874606,0.0010121142048118,0.0040730339534937,-0.002594035177046372,-0.0008704104534551504,0.0008700139144011132,0.00514488245679523
2026-01-08 11:00:00+00:00,0.0056897906442587,0.0055271698343621,0.0064238878286562,0.0053425728034726,0.0060638933469985,0.0042042323908275,-0.007822725681209342,0.0004786744393570075,0.0005155811775443553,0.002154953356585665
2026-01-09 09:00:00+00:00,0.0057255101907389,0.0057731936507676,0.0044268642714349,0.0050684587403666,0.0034666606848363,0.0045446607049235,-0.006566011770890334,0.00550458021841127,0.0025739260504717976,0.006815420286642393
2026-01-09 10:00:00+00:00,0.0051720243517479,0.0058300309801899,0.0053607576964778,0.0053805041274128,0.006640564655135,0.0033097827805919,-0.02941388520629351,-0.0004834072367119191,-0.0003024711919250578,0.0041206867200145325
2026-01-09 11:00:00+00:00,0.005033284630648,0.0066142518780223,0.0057960355645152,0.0056217138336756,0.0059993828027749,0.0052885243531912,-0.006807378228024685,0.001975444576572727,1.0083847189257256e-05,-0.0012149026579386657
2026-01-12 09:00:00+00:00,0.0067280458703544,0.0061880231383149,0.0059768367056769,0.005769786043136,0.0080723257918724,0.004985630146536,0.052556157841903595,-0.0009151405955867276,-0.003555810722823516,0.020685608331065808
2026-01-12 10:00:00+00:00,0.0050491446726816,0.0041528716534124,0.0058960146495266,0.0046414306865976,0.0094412656791957,0.0047486278528852,-0.013046499467999073,0.0009727592179409328,0.00011131068341097006,0.004271490759551355
2026-01-12 11:00:00+00:00,0.0068831756924594,0.0057233390625246,0.006722022963838,0.0061496078103755,0.0068105149017376,0.0038011192185121,-0.0032883949395863254,0.0004248348428461668,0.0006170435717258727,-0.0010455870364598496
2026-01-13 09:00:00+00:00,-0.0017493344750805,-0.002096644273283,-0.001470070348386,-0.0016740136393159,-0.0048453854877614,-0.0016612749218719,0.02729214228800725,-0.0025733731497989965,0.0023029615341858545,0.0028225236510497353
2026-01-13 10:00:00+00:00,-0.0025298077284927,-0.0026178819223784,-0.0012427970675622,-0.0020356984812768,-0.0038664520351648,-0.0019631729472047,-0.0064308903302903175,0.0009666924723168435,0.0007463138495147348,-0.002346137249368496
2026-01-13 11:00:00+00:00,-0.0018429186055738,-0.0023018444340302,-0.0014481428439366,-0.0016861625799691,-0.0012169503979995,-0.0014627954000706,-0.009073296205674986,0.0016282776279936684,-0.00020165152668205621,-0.0012043966259778216
2026-01-14 09:00:00+00:00,0.0009828075357065,0.000938793293119,0.001593006649964,0.00078465176389,-0.0004719168207026,0.0019636809105891,0.0949550031001829,-0.008487431935126466,-0.0015843785638924857,0.00044640245872606954
2026-01-14 10:00:00+00:00,0.0025865604241037,0.0022536949758589,0.0023323839890461,0.0025121350840267,0.0003675924819876,0.0024203900927204,0.05303836648186122,0.0005733965920242667,-0.0003434447542263186,0.000777477870757437
2026-01-14 11:00:00+00:00,0.001150271966174,0.0020097465095383,0.0013814352182113,0.0010451186468543,0.0007192084778686,0.0026349642727854,-0.01242953855210338,-0.002928493846993341,0.0004444354732653366,-0.0004438896498264455
2026-01-15 09:00:00+00:00,0.0002903847319839,-0.0006531173135282,0.0001124589823615,-0.0006662463294789,0.0028415600350768,-0.0012042700558591,-0.11941882422212613,0.010007107253453107,0.00396088019915819,-0.0016994272859598425
2026-01-15 10:00:00+00:00,3.1989600113968564e-05,-0.001432481345316,-0.0012687927589681,-0.0002124819953643,-0.0028515722958903,-0.000721549834588,-0.007071710602139625,0.0011809097256465506,-0.000865417567647242,0.001337673926318672
2026-01-15 11:00:00+00:00,-0.0004785013034057,-0.0017991913661553,-0.0008854882070057,-0.0002150068885657,-0.00019963312444,-0.0012097569377357,-0.005823374593176389,-0.00047507648905043,-0.0001610905835978116,-0.0021363613434370876
2026-01-16 09:00:00+00:00,0.001430875084603,0.0017210924241048,0.0013833832365353,0.0014079397156481,0.0027280404036471,0.0008975146407097,0.022458435097708396,-0.004126811334216107,0.0002919575776179073,0.0005535061499095661
2026-01-16 10:00:00+00:00,0.0002283299340215,0.0002496985105542,0.0011626115941101,0.000281561016489,-0.0005439069310855,-1.8635584911996798e-05,-0.00381437207547064,0.0016036873791165362,0.00020130040126797866,-0.008604115819458968
2026-01-16 11:00:00+00:00,0.0012710282877255,0.0010744845445376,0.0012159921018775,0.0003198397054873,0.0030107422617664,0.0007431131630504,-0.0038289772370969644,-0.0003248640111737089,0.0001106979506912964,0.004921342841029741
2026-01-20 09:00:00+00:00,0.0017778659709688,0.0023268964236049,0.0031924761073092,0.0024111299305316,0.0062405440394581,0.0026200205411626,0.24490003810324223,-0.012694223440887775,-0.00844816407335447,0.03211208905630869
2026-01-20 10:00:00+00:00,0.0024257324836871,0.0033285505419409,0.0036518028764902,0.0039819864196541,0.0034197895109042,0.0029889442768817,-0.055569851154810834,-4.38766481236641e-05,-0.0008121910313576564,-0.0006920532313205996
2026-01-20 11:00:00+00:00,0.0022719312927572,0.0029997848049607,0.0037412665946627,0.0028568830324511,0.0042820708521777,0.0021876045674302,0.0,-0.0020961812958786297,7.109305576236125e-05,0.0031315155687554608
2026-01-21 09:00:00+00:00,0.0136906772049454,0.0140562226901361,0.0128326409519465,0.0141998647558325,0.0139799292823759,0.0122819121443351,-0.04990189302212222,0.0009986389486202896,0.0017351338427351592,0.02064290380548428
2026-01-21 10:00:00+00:00,0.0146939200033959,0.0150736075267756,0.0151113406879039,0.0141307215922159,0.0113718424606243,0.0132081569716606,-0.024206079131599445,0.001888927475477864,0.00020274311503154507,-0.0007587582296508799
2026-01-21 11:00:00+00:00,0.0123562794159781,0.0124491259090702,0.0125601809322668,0.0113511375521218,0.0140838795324873,0.0107210342439136,0.1002191161574073,-0.006541224954271563,-0.00032440871727423826,-0.002953912877812215
2026-01-22 09:00:00+00:00,0.0108627858064151,0.0112009838351199,0.0091473104449852,0.0100481324811561,0.0135996107777494,0.0097427382350547,-0.18087929837973826,0.012673106972615145,-0.001552535358044338,0.0002420118018413575
2026-01-22 10:00:00+00:00,0.0129604580006452,0.0131978876115648,0.0120433126313546,0.0122665835861968,0.0071742540959574,0.0106541635375745,-0.032645711321614534,0.0019299562681105442,-0.000995702306337165,0.007871631330822026
2026-01-22 11:00:00+00:00,0.0144114913622963,0.015250767913328,0.0145525275884779,0.0141964644946499,0.0141116862436752,0.0137148877584076,-0.012199188206348577,0.0006666377071073981,-3.0496327735995976e-05,0.0009742301532806863
2026-01-23 09:00:00+00:00,0.0113215180343848,0.0119855254907228,0.0113299617006559,0.0108946203633708,0.0095526039286084,0.0103931550603406,0.022989518224698635,-0.0013554802975654923,-0.0013224016738018207,0.013326091062795697
2026-01-23 10:00:00+00:00,0.0137130439210704,0.0133301474841991,0.0138185953645888,0.0139157018625177,0.0154847779650721,0.0124250046177831,-0.03337922207383448,0.0011164113612620596,-0.001446470660676269,0.0035640151329783265
2026-01-23 11:00:00+00:00,0.0146820034229981,0.0146596701675343,0.0143045112400235,0.0143518755341529,0.0153779780880514,0.0137559763781995,0.0045587835383429365,0.00019560610788094124,-0.003165076562022584,0.003989122222556318
2026-01-26 09:00:00+00:00,0.0145873627481885,0.0151590253071278,0.0144095045214522,0.0154115231460101,0.0178585876987822,0.0142803260528017,0.041990901725236895,0.0033627819089492306,-0.008338259291926775,0.02287653572290438
2026-01-26 10:00:00+00:00,0.0150144004421048,0.0142182659910603,0.0141035278009462,0.0143328693029773,0.0194705168874513,0.0136202167438888,0.0031104224143923,0.0009309005510758084,-2.062365946287059e-05,-0.0009167891821046936
2026-01-26 11:00:00+00:00,0.0141139691829419,0.01405229819718,0.0139930509277605,0.0147244042210155,0.0144401317321234,0.0126260790165062,-0.0106151480684602,0.00047593980981108785,0.0005773017489696386,-0.00030643815001774044
2026-01-27 09:00:00+00:00,0.0170059263067774,0.0164875837834956,0.0168549848080334,0.015652728657171,0.0141847988284684,0.0159379272620527,-0.0006279435057199301,0.0017575709713515408,-0.007582964918571022,-0.007123586263160675
2026-01-27 10:00:00+00:00,0.017109556537892,0.0160200086520134,0.0159535862562565,0.0154639820171393,0.0145808948634387,0.0148907731441383,-0.0081993521486865,0.002142359858645193,-0.00016616471115149523,0.007375029608210681
2026-01-27 11:00:00+00:00,0.0178936297433256,0.0178746767422084,0.0173712956326401,0.0164899231644344,0.0171363495483278,0.0158295848735279,0.01570877417081773,-0.0003878725240946679,0.0007475238621310609,-0.0005874546193265218
2026-01-28 09:00:00+00:00,0.0105812218869576,0.0117273670984778,0.0100111501829294,0.0110301471106402,0.0118586951980388,0.0105692977537885,0.041520005218186995,0.0008043088404869891,0.0011202391014686341,0.038190209599962444
2026-01-28 10:00:00+00:00,0.0087469670672255,0.0090111079733676,0.0088171771946288,0.0089322779283858,0.0087771917421735,0.0078982950350645,0.008931288901321555,-0.000660634807885252,0.0010568525431180475,-0.0014405964780355163
2026-01-28 11:00:00+00:00,0.0084961187856804,0.0086293061699558,0.0087720641154072,0.0085715490892079,0.0078187388395987,0.0067142014014494,0.009439598116720127,-0.0017686267560428348,-0.000507564272156813,0.00419862483939859
2026-01-29 09:00:00+00:00,0.0155015263728888,0.0157872503670133,0.0152173375186006,0.0151668559989799,0.0182386422365512,0.0126766252340826,0.09247693812609947,-0.008599996634834461,0.0013149926567583847,0.03574512146604647
2026-01-29 10:00:00+00:00,0.0115568358379534,0.0113568838165449,0.011101568715206,0.0114696173629029,0.0119292678897524,0.0095972726978463,0.0037403196157232976,-0.0013073036548982842,-0.0025279748232840404,-0.05873929003957201
2026-01-29 11:00:00+00:00,0.0130434639692396,0.0136006506166508,0.0133489285460017,0.0127868549495482,0.0130079224960992,0.0112752256650217,-0.05480823649499511,0.00439446396488119,-0.0014845346427252437,0.016390561152851646
2026-01-30 09:00:00+00:00,0.0180360985653713,0.0180779576720486,0.0180363452870249,0.0174828461476808,0.0195039910525791,0.0166329053536489,-0.0419963927761966,0.00040511604234794163,0.005429108727831533,-0.0454213044650853
2026-01-30 10:00:00+00:00,0.0145889089536515,0.0141173181411102,0.0153070875280916,0.0148003933471385,0.0203784133839897,0.0137073718118518,0.0011743982559413446,-0.0004919479791887227,0.0010121040232737855,0.003770546832205568
2026-01-30 11:00:00+00:00,0.0156752947753608,0.0158491905796722,0.0146358332276765,0.0157921696505272,0.0185467635525604,0.0141143817495843,0.0631070393096902,-0.00010131345668540348,-7.225918339948123e-05,-0.013573597381240532
2026-02-02 09:00:00+00:00,0.0183657234093301,0.0178252092709036,0.0178911244399369,0.0180184558347391,0.0204401072729039,0.0173814313963234,-0.07313366415298272,0.005483353986448947,0.0069131810418481265,-0.05612416130308695
2026-02-02 10:00:00+00:00,0.0158711913898637,0.0154432236560353,0.0157058514831152,0.014273167174333,0.008590221863193,0.0138210788791512,-0.011326499627276387,0.0012101693670985014,6.151007229338035e-05,-0.01968236665263312
2026-02-02 11:00:00+00:00,0.0181671139078425,0.018807627961717,0.0185250837311716,0.0185943446025638,0.0241745914522746,0.0172713660906822,-0.03167134383765102,0.0010202836123660575,-9.226652730642826e-05,0.00971167962823749
2026-02-03 09:00:00+00:00,0.019691484108687,0.0195266455286311,0.0199758930376121,0.0196552124215789,0.0183248300803853,0.0188283268681883,0.05945912051899915,-0.005776158144045418,-0.0009949688226260633,0.052767741810628266
2026-02-03 10:00:00+00:00,0.0201027255267249,0.0211771646843896,0.0207398257230013,0.0197713935702426,0.0149506090577029,0.0204091904094056,-0.0035046764844492984,-0.002111352917378184,-7.184018640504775e-05,0.003732995020804708
2026-02-03 11:00:00+00:00,0.0207360776807761,0.0209289102580989,0.020313211052986,0.0205814991347523,0.0168367143105507,0.0194023364331612,0.06731406889850478,-0.0028487053314991684,-0.0005851765706248457,0.004229686855774517
2026-02-04 09:00:00+00:00,0.0147599315283637,0.0152150674020921,0.0146704734261866,0.0151758525079901,0.0126105718681011,0.0137678898000774,0.010881500187533977,0.0017623705901437248,0.0019595075699010422,0.005833899739632997
2026-02-04 10:00:00+00:00,0.0140514571284826,0.015012501345488,0.0145808143032839,0.0159600350478921,0.0124797644457039,0.0127980588967313,0.022472855852058604,-0.0026120284179871334,0.0011165345569841278,-0.01317446346689266
2026-02-04 11:00:00+00:00,0.012914822634092,0.0128288689579754,0.0127923673308887,0.0133889446574519,0.0155646861761598,0.0118223181737082,0.008954497546731055,-0.006896528781424216,-0.0010140482388178995,-0.003271466169755044
2026-02-05 09:00:00+00:00,0.0067715802331338,0.0067139878536199,0.0074666914543435,0.0057702465301017,0.0085114351249029,0.0060716732626755,0.17556921825212424,-0.009747568634184134,0.002528084046492296,-0.012184101926179025
2026-02-05 10:00:00+00:00,0.0032125897856203,0.0027191597624576,0.0049343459543038,0.0043459591311314,0.0013371465321794,0.0023342135667498,-0.010170328654077743,0.004363600402129464,0.0003985875744545453,-0.005545042466089001
2026-02-05 11:00:00+00:00,0.0032978314003555,0.0030495817955908,0.0050562628744117,0.0032555818307762,0.0035283253095224,0.0031468265556597,-0.09162807817953178,0.002585575114581573,-0.0010939410056138854,0.01477830483609388
2026-02-06 09:00:00+00:00,0.01588585429997,0.0158098262105392,0.0136571893896768,0.014240538818891,0.0183854196986081,0.0130967522854301,-0.05249893281645335,0.005895320579897501,-0.0005525370800860685,0.01180604211339542
2026-02-06 10:00:00+00:00,0.0092451063600826,0.0109239690960387,0.009209436878794,0.0103975095228401,0.0138119049886875,0.008074206186472,-0.04837957085633482,0.002202179538892679,-0.0005938060066981166,-0.0008027053825081509
2026-02-06 11:00:00+00:00,0.0122821255322038,0.0139385388512263,0.01262191271277,0.0128119196171994,0.0062029458625521,0.010912151631635,-0.027309179369214842,0.002004185688324611,0.0002048005250054885,0.0016552530768123574
2026-02-09 09:00:00+00:00,0.0164321614106954,0.0154475398231732,0.0171599441413994,0.0157087663670223,0.0218188034874335,0.0156244946934052,-0.014501090690799856,0.005041735297192318,-0.007564425882577552,0.01746778046005204
2026-02-09 10:00:00+00:00,0.020189991867574,0.020047978471277,0.0188466476421056,0.0203174585527257,0.0136514117994064,0.0188886934470269,-0.030806771642757802,0.0038438702336334174,0.0007425283430073648,0.00402029301400475
2026-02-09 11:00:00+00:00,0.017229874784068,0.0168506579578173,0.0166022234184974,0.0169199686851406,0.0153278968591898,0.0160937861498446,-0.012241481925756137,0.0007698811381651183,-0.0001237164420730963,0.0029819869563958434
2026-02-10 09:00:00+00:00,0.0184762926471078,0.019071988039812,0.0195186202650607,0.0197558162328692,0.0114143829809387,0.0172143820492272,0.021468767694831303,0.000986739342442533,-0.002074528943657228,-0.007558073737586213
2026-02-10 10:00:00+00:00,0.0197877193863753,0.0197438397796354,0.019937608516223,0.0196079110248179,0.0157218596367514,0.0178358140625876,0.0011474470564767358,-0.0016774464813078538,-0.0002996657199672015,-0.0033213437611347985
2026-02-10 11:00:00+00:00,0.0194133582306836,0.0187450692451762,0.0185065416360383,0.0180482190682642,0.0115070966968739,0.0181931995061332,-0.007482049292715676,0.0008201616321956706,2.066948460743845e-05,0.0007368184514060516
2026-02-11 09:00:00+00:00,0.0184062853145303,0.01816549921212,0.0186049381678832,0.0185642114139383,0.0175845410441732,0.018347959653324,0.058890016004226275,-0.008029039941334304,0.0026730946906825537,0.007368119307480825
2026-02-11 10:00:00+00:00,0.018221347193233,0.0183475677731241,0.0172099323144359,0.0182934296031131,0.0224000753519617,0.0176063396558034,-0.0394386018130386,0.002985202168802381,-0.0009796491577365174,-0.000375520792454509
2026-02-11 11:00:00+00:00,0.0224968892244097,0.022141614023506,0.0219601939006424,0.0224454871917785,0.0265174908671486,0.020514841211221,0.002263724792388455,0.0026101684286574667,-0.002117255383049077,0.0032347318503145317
2026-02-12 09:00:00+00:00,0.0214825034819634,0.0215629932076677,0.0205302337745822,0.0212614913754802,0.0137505739076801,0.0200900538981116,-0.012514384025728909,-0.0006345909985663312,0.0006614782211782355,-0.006083395410525938
2026-02-12 10:00:00+00:00,0.0211102869621753,0.0205352813307522,0.0209003271049019,0.0206146450119715,0.0221824055674229,0.0194789737527723,0.11860950825500272,-0.013917563209882466,0.0014454599594833084,0.003182686353950359
2026-02-12 11:00:00+00:00,0.0187329647555172,0.0184853879644968,0.0191460868389001,0.0191184171204126,0.0138038106046589,0.0180444023135479,0.03349475821944603,0.0007604340689919553,3.095128783403567e-05,-0.021714666354931467
2026-02-13 09:00:00+00:00,0.01388536759906,0.0144017966791165,0.0138873541516719,0.0153357700837366,0.0123551966290849,0.0138964509242194,0.04423798229338782,-0.0016381378813665748,0.00019600257960927792,0.009476972112929971
2026-02-13 10:00:00+00:00,0.0156102718359278,0.015521160422544,0.0156051042176126,0.015425601610989,0.0169397760129126,0.0146130547784362,-0.051639940589055744,0.0012214331325788308,-0.00011347049521415187,-0.0044810712446992085
2026-02-13 11:00:00+00:00,0.0178644970967198,0.0183943674058026,0.0181527058539718,0.0176520879018688,0.0170225730282567,0.0167281373761865,-0.04663794989847103,0.0022564626481518246,-0.000980508601238661,0.006403672183871834
2026-02-17 09:00:00+00:00,0.0231600023324558,0.023211494033289,0.0232798021953348,0.0236228902566788,0.0220057549144059,0.0222436173232745,0.15363160377096285,-0.011490314954536451,0.006802432285946125,-0.029785624677362676
2026-02-17 10:00:00+00:00,0.0231291489441822,0.0243162247331807,0.0235329363461145,0.0219785006594037,0.0280064194595153,0.0227592170805126,-0.06813495236469613,0.005989319569067675,-0.0016012484945386873,0.0035584266733081904
2026-02-17 11:00:00+00:00,0.0265134460943929,0.0259890893337206,0.0268745457837258,0.0247719756291007,0.0290561105192934,0.0259124808382482,-0.0042969748617767145,0.0008359426472877018,-0.000966094279603702,-0.00227157865623262
2026-02-18 09:00:00+00:00,0.0191278161872243,0.019525569492703,0.0196623240300279,0.0199482350043496,0.023186165909125,0.0196831544954518,-0.09425810185352068,0.00837936642076631,0.0018902043760684606,0.025285040634168254
2026-02-18 10:00:00+00:00,0.0209662042094866,0.0204117842544384,0.0209351388911576,0.021960380042886,0.0180351768930975,0.0195457911067136,-0.013764113539165734,0.0004505519337305586,0.0003694050568414653,0.00121911564166588
2026-02-18 11:00:00+00:00,0.0217649135494013,0.0223764807737418,0.0211909552650988,0.0232527317156561,0.0278389092442152,0.0208628036718445,0.0015978698472953745,8.863663129687893e-06,0.000461564506704093,0.0005560155827595281
2026-02-19 09:00:00+00:00,0.0176932904332498,0.0178704276319756,0.0185530945767757,0.0173010316210497,0.0179614656158733,0.017294331483632,0.08807520687719483,-0.006379008306344858,0.003981112906670248,0.0012988312346440267
2026-02-19 10:00:00+00:00,0.0208023329506452,0.02109594957199,0.0208514232573271,0.0196556089975823,0.0171621567856927,0.0202077850293145,-0.016212587977822768,0.000599384552361748,-7.149970637154723e-05,0.0012991407742788397
2026-02-19 11:00:00+00:00,0.0192916059595846,0.0192696190788863,0.0181336521472335,0.0184682514521523,0.0233156182579381,0.0186779720237231,0.012306333010757786,-0.000533580888536278,-5.107434894036089e-05,-0.003906500841205585
2026-02-20 09:00:00+00:00,0.0153567443639017,0.0161056257761365,0.0167159490403938,0.0156877818810554,0.0219943551163788,0.0153788578699309,-0.01976348911883985,0.004238855656203633,-0.0027414092455222416,0.01215476881481159
2026-02-20 10:00:00+00:00,0.0179168068114079,0.0192817912950762,0.0186618996221537,0.0178525675564102,0.0248153122984851,0.0186673458740618,-0.051188246853444586,-0.00103434470379149,0.0015659786726711644,-0.0023128952181377116
2026-02-20 11:00:00+00:00,0.0191494632324613,0.0208001530646508,0.0201563319338418,0.0200262118443745,0.0180534607759896,0.0202502525808874,0.034076606380723184,-0.0013564663947907007,0.0009915413145300533,0.004519806291428452
2026-02-23 09:00:00+00:00,0.0196882680958832,0.0202997625511809,0.018567160127606,0.018223630264277,0.0201508354219221,0.0195388673142906,0.05192761093276488,-0.0008907255621144472,-0.003018569035617702,0.024514686651766482
2026-02-23 10:00:00+00:00,0.0175419218299266,0.0165633102031748,0.0162846426661813,0.0173527257111829,0.0210283359939822,0.0167019094009532,0.05758670229876772,-0.0024718998669444048,0.0002356738489783794,0.0005390721543836463
2026-02-23 11:00:00+00:00,0.0169312460202055,0.0166467464022808,0.0172167078697738,0.0171314762021685,0.0102952083960325,0.0178386364785299,-0.02908120930084168,-0.001714901740165864,0.0005223831030560788,0.0028810293990684244
2026-02-24 09:00:00+00:00,0.018210456281386,0.0180185144316293,0.0179701114196115,0.0176757902747339,0.0174257700584352,0.0182563316235053,-0.0203461004779113,0.006820176947627488,0.002648683087997483,-0.016065410589023443
2026-02-24 10:00:00+00:00,0.019349322450914,0.0194594346980692,0.0186694352120879,0.0197854542814939,0.0164712737313841,0.0182647592642177,-0.06262830088145188,-0.00041533535283022616,-0.0016558833626314495,0.004522217907817705
2026-02-24 11:00:00+00:00,0.0187865794732646,0.0194831649349862,0.0187529439070923,0.0180880779316441,0.0187614965144138,0.0181814686800028,-0.005613691700633527,0.0021694982992279677,0.0005727142721489997,-0.0016788503820848177
2026-02-25 09:00:00+00:00,0.0172100232500957,0.0169662436666884,0.0170353419781339,0.0173540836571706,0.011205846118065,0.0176138950169837,-0.04020379601621915,0.005222398500057679,9.201277961690124e-05,0.009672906145302917
2026-02-25 10:00:00+00:00,0.0179252831640863,0.0174549165942703,0.0182561089021544,0.0181792465245993,0.0176868466465411,0.0178616493284355,-0.00856077994425819,0.0004628960013226546,-0.0009307416432111637,0.0006084388340870106
2026-02-25 11:00:00+00:00,0.0180896723993579,0.0173075173149077,0.0176903117071656,0.0167067069435,0.0203461977151966,0.0166973801299072,-0.011348406039219494,0.0007372979089703691,-0.000696065212562047,0.003312953900858062
2026-02-26 09:00:00+00:00,0.0072707978500032,0.0084719175948413,0.0080343228021801,0.0087127424460489,0.0125390178419011,0.007068374273917,0.04099589244261326,-0.009270113678974568,0.001994773334090816,-0.009433432137981868
2026-02-26 10:00:00+00:00,0.0064528140244997,0.0071690295924509,0.0069718673207161,0.0063998114179277,0.0097852319919606,0.0068685061872453,0.004683849312426158,0.004620391020196735,-0.000613352707246051,0.004380823012935409
2026-02-26 11:00:00+00:00,0.0051867096934814,0.0052792358074504,0.0055864420090543,0.0052478615063318,-0.0013380299721122,0.0053090924312293,0.02360294280450992,-0.0036851312607319997,0.001502046437113158,-0.001182688892956918
2026-02-27 09:00:00+00:00,0.0063535844622197,0.0067922874563235,0.0062232030891919,0.0065657310614364,0.0041582320579933,0.0055896916653952,0.03976667112807952,-0.002533712739262839,-0.0024227814532586933,0.0085386649783743
2026-02-27 10:00:00+00:00,0.0086843947891128,0.0079401139831269,0.0084919320645433,0.0091619774656015,0.0048696416591482,0.0077396628551744,-0.02716887287484493,0.0013723431259151653,-0.0005221263971604273,0.002947154079691927
2026-02-27 11:00:00+00:00,0.0119524014932608,0.0119149221110419,0.0105969417220919,0.0119044804740207,0.0161030401583657,0.0105387713295797,0.007980092223976332,-0.0018838035025394717,-0.0002458009025074759,-0.0019580674310262225
2026-03-02 09:00:00+00:00,-0.0030900618010503,-0.0036384768615018,-0.0036373917874221,-0.0034901098054247,-0.0087225535525989,-0.0038720670676065,0.05320403606346469,-0.001126134480004204,0.00915613521650993,0.01901258447226084
2026-03-02 10:00:00+00:00,-0.0062479171195307,-0.0068199457776798,-0.0065412458439673,-0.0056294171332154,-0.0087043818795037,-0.0060574746245521,-0.004248295273073133,-0.0002634351964649895,0.0015010144806044678,-0.002831391423676166
2026-03-02 11:00:00+00:00,-0.0043489041670143,-0.0040389962731431,-0.0045138245019131,-0.0040653451963895,-0.0066046703962482,-0.003912764109671,-0.0037914737362623185,0.004804086133969321,-0.0016126663704278954,-0.004767751331982595
2026-03-03 09:00:00+00:00,-0.0205815904615265,-0.0194949038856984,-0.0200507005683758,-0.0206290426562189,-0.018178750680123,-0.0197515815247963,0.22409276828154212,-0.02453821360268904,0.010350752582477085,-0.04908030051427836
2026-03-03 10:00:00+00:00,-0.0159605803439454,-0.0149701367269762,-0.0162584131155685,-0.0154675955899172,-0.0098208912211148,-0.0154234399714827,-0.033966985996006116,0.00900625821013179,-0.002786680072792258,0.011795983360594064
2026-03-03 11:00:00+00:00,-0.0078746097252816,-0.0079393718188947,-0.0083523757706696,-0.0078254446150045,-0.013325874236405,-0.0077204812844866,-0.038420091451344174,0.0035150459326178662,-0.0009575117522784282,0.0018644048275984204
2026-03-04 09:00:00+00:00,-0.0062329960564236,-0.0068745896683222,-0.0073847877345054,-0.005842371628482,-0.0062998060203004,-0.0066495884885812,-0.1245377435617403,0.011652666462126149,-0.0035457268756342586,0.007800147633544086
2026-03-04 10:00:00+00:00,-0.0061639582095892,-0.0056345486141071,-0.0061703492303363,-0.0055067369440894,-0.0068678793833888,-0.0048143181938885,-0.019599320792444086,-0.0015750561088427872,0.000293428716634736,0.001157609859410158
2026-03-04 11:00:00+00:00,-0.0041017132461311,-0.0035888775054504,-0.003414195491307,-0.0040738314240911,-0.0077860215621129,-0.0034405783420644,-0.016631412096727693,0.0002699774183936299,0.00023265812005934805,-0.0004213236420032018
2026-03-05 09:00:00+00:00,-0.0127649397437544,-0.0121768511990127,-0.0134079545938838,-0.0131441520920669,-0.008251433880979,-0.0126463920515201,0.0343805936010102,-0.0066979486841276525,0.0036446463597528123,-0.009455458808670159
2026-03-05 10:00:00+00:00,-0.0123127987538329,-0.0119742422586863,-0.0131413207811177,-0.0132182368770134,-0.0115975760504662,-0.0125262617441807,0.07576004588153529,-0.0018084383994896314,0.001651361741470403,0.0004292447025289192
2026-03-05 11:00:00+00:00,-0.0129131511057535,-0.0125828065908222,-0.013743316021449,-0.0140538279683883,-0.0089998145712143,-0.013500600314554,-0.00862074304390692,-0.0014284770007053638,-0.0015002092030798053,-0.004873626603099979
2026-03-06 09:00:00+00:00,-0.0132467940713285,-0.0141379843352485,-0.0141148239882827,-0.0139388484899021,-0.0140933037787865,-0.0143195092275231,0.14445634588868517,-0.006401606734445231,-0.0005543377066388189,0.010692356299299988
2026-03-06 10:00:00+00:00,-0.0099229447983052,-0.0102525013936811,-0.0112610800177427,-0.0107727552990649,-0.0139286706690933,-0.0112861198095535,-0.023887391719733753,0.00019279395576532465,-0.001745650193301529,0.0018763338371101668
2026-03-06 11:00:00+00:00,-0.00782444413949,-0.0078101790722268,-0.0075014096838242,-0.0073604247677933,-0.007978227934521,-0.0083469058856435,0.019004752911533807,-0.0007120394295974108,5.0495104511050215e-05,-0.0006185675495959941
2026-03-09 09:00:00+00:00,-0.0061986410143618,-0.0059785362465599,-0.0068303068428038,-0.0070373602433634,-0.008979746288085,-0.0051985997504171,0.17280097796166727,-0.014754843914009719,0.0023703983783915916,-0.012795255489439938
2026-03-09 10:00:00+00:00,-0.0052770350425098,-0.0054467670946352,-0.0041777424571477,-0.0054914213074469,-0.0053883772663619,-0.0048958812724068,-0.11182206030450237,0.008592367764874709,-0.001643551448615277,0.0039142996478211955
2026-03-09 11:00:00+00:00,-0.0007604634737733,-3.570951908205e-05,-0.0008527879215176,-0.0001178162147913,-0.0047961596780886,-0.0013305779144701,-0.026562940088243447,0.0017603274576858396,-0.0004441214543282612,0.0011379735099232846
2026-03-09 12:00:00+00:00,0.0009502554599969,0.0002873050585592,9.72270609866932e-05,0.0013019345702034,-0.0006697362274032,0.0016213348911675,-0.009502995491486033,-0.0030003828961655543,0.000716552906711243,0.000995645115196453
2026-03-10 09:00:00+00:00,-0.0068567168045935,-0.007385502120988,-0.0067970331804461,-0.0056260726818473,-0.0081355151193258,-0.0061546404358517,-0.09711128668514979,0.013040434311162308,-0.004428633555103367,0.0197497724995106
2026-03-10 10:00:00+00:00,-0.0039198380474114,-0.0048622397278199,-0.003826911624708,-0.005668749737438,-0.0082305285969247,-0.0032226635689125,-0.07214868122542839,0.005033864029785562,-0.00039528296186297496,0.0001709229362578668
2026-03-10 11:00:00+00:00,-0.0019087709616812,-0.0027347431867288,-0.000621403994982,-0.0022382390949434,-0.0034887641733414,-0.0023406099233672,0.0017383750575037382,-0.0005727587300343728,0.00014191442583921798,0.0041125350208819356
2026-03-10 12:00:00+00:00,-0.0019349729775091,-0.002721836451924,-0.0015836283303798,-0.0032119782860074,-0.009061979556255,-0.0014119380384292,-0.014873415040843607,0.003643899407449247,-0.001176470723929235,-0.00021230305863007004
2026-03-11 09:00:00+00:00,-0.0042919497008874,-0.0047902203797792,-0.0042507266466733,-0.0038597817090488,-7.301244657109685e-05,-0.0037080803553237,0.07224891343607842,-0.010409595702233432,0.005192398190075664,-0.009706817307259641
2026-03-11 10:00:00+00:00,-0.0045443579153261,-0.0052406688948269,-0.0051345287699549,-0.0051655524195614,0.0010489115626468,-0.0051357601622415,0.01989105564314997,-0.0021320391250805315,0.001432520471756682,0.0012662627642612279
2026-03-11 11:00:00+00:00,-0.0055849027692658,-0.0066588392995116,-0.0054912118455026,-0.0046258371291055,-0.0053599062225616,-0.0065276567906691,0.028918632340455108,-1.3339548575075355e-05,0.00047369244136863387,-0.0034183376973651036
2026-03-11 12:00:00+00:00,-0.006458222276013,-0.0057288151136023,-0.0069730207800327,-0.0063486530841363,-0.0041183360810038,-0.0076961790631522,-0.028516783831933346,0.00266304449297472,-0.00046361154215279754,0.0018700359828134339
2026-03-12 09:00:00+00:00,-0.0163324936985836,-0.0171815266316008,-0.01682978633842,-0.0166489431198993,-0.0196204088445288,-0.0170094273157311,0.033191509914152206,-0.012554979082420203,0.004285246621583916,-0.00469428060151067
2026-03-12 10:00:00+00:00,-0.0192712537479915,-0.0201950018356011,-0.0196681633991425,-0.0200356423462031,-0.019735001809143,-0.0189386968887586,0.052613836778542034,0.0001571638661053143,0.0002910521555898882,-0.0015463399900035313
2026-03-12 11:00:00+00:00,-0.019288866954321,-0.0196637351489373,-0.0195344204424635,-0.0191621206935516,-0.0231268634399262,-0.0192666251322396,-0.02956248956397678,0.0009947979622975112,-1.0034871177566629e-05,-0.0022558017610005976
2026-03-12 12:00:00+00:00,-0.0174128226533586,-0.0177295848330463,-0.0170250677483164,-0.0175573133272276,-0.0183312999372748,-0.0163288602903973,-0.014537363896320432,-0.0002093489256083103,-0.00014049877086641516,-0.0017005645992966834
2026-03-13 09:00:00+00:00,-0.0145791900991385,-0.014660259907284,-0.0154107121835518,-0.0152879542700924,-0.0139569195806079,-0.0159651801391951,-0.008513983318244822,0.00017196840309896544,0.0038065518576422264,-0.004854297731432311
2026-03-13 10:00:00+00:00,-0.0191245522404036,-0.0191796212562239,-0.019924816576971,-0.0184658139245432,-0.0207160429742219,-0.0182774758919344,0.024190083340653867,-0.0061719564030759955,0.0023468211359265467,-0.01145489253245735
2026-03-13 11:00:00+00:00,-0.0226175409822561,-0.0214313909162886,-0.023345368847066,-0.0221054907675454,-0.0195553101601059,-0.021832037026916,0.02805495387626733,-0.000489084030622422,0.0008973260288236418,-0.0013142328123070257
2026-03-13 12:00:00+00:00,-0.0219348841706318,-0.0221735578207945,-0.0223359985583756,-0.021608301396863,-0.0254242786066367,-0.0227036737579577,-0.0018460407679321555,0.00015803792190460797,-0.00041865194686518947,0.00244444081155315
2026-03-16 09:00:00+00:00,-0.0125052447751011,-0.0131372162714714,-0.0125439461558503,-0.0126473496357675,-0.0155734811938417,-0.0130097152654048,-0.1292117314800061,0.008750823781988437,-0.004436502445610557,-0.003217507909150541
2026-03-16 10:00:00+00:00,-0.0158488415600873,-0.0149717463571299,-0.0144260735269464,-0.0144197255336897,-0.0202295817639419,-0.014041679457026,0.006705808867191632,-0.0003431939452500643,0.0003204069195250625,-0.006656352027437862
2026-03-16 11:00:00+00:00,-0.0158048542305404,-0.0161558270961906,-0.0156022593867775,-0.0161298965757462,-0.0215353108202994,-0.016469067351866,0.01245346107128631,-0.003857833335552563,0.0011206164562569398,-0.0019392002871665426
2026-03-16 12:00:00+00:00,-0.0154248709467283,-0.0144221456270946,-0.0153112928869566,-0.0144357165774754,-0.0157367912091641,-0.015324188577797,-0.005792320704504306,0.0026631971094923657,-0.0013408851849954218,0.0010902613097290015
2026-03-17 09:00:00+00:00,-0.0068279613236462,-0.0074749608220144,-0.0071996366252856,-0.0074183873939041,-0.0120650342795609,-0.0080174337781844,-0.07003075429937144,0.004993042485120114,-0.0021752540942925336,0.005050969881235545
2026-03-17 10:00:00+00:00,-0.0067819339941695,-0.0064659893771376,-0.0058002540504021,-0.0064249966147275,-0.0062741620241026,-0.007650408503434,-0.006250020345171414,-0.001353854600496085,5.017435589760311e-05,-0.0020189251097697536
2026-03-17 11:00:00+00:00,-0.0085619833069903,-0.0070970748763599,-0.0070790574411109,-0.0075855656211714,-0.0009135056839519,-0.0079465709603372,0.02433210065953073,-0.0007446571198226337,-0.00028100882351900225,-0.0019209613509385548
2026-03-17 12:00:00+00:00,-0.0073808969479268,-0.0073862422526603,-0.0071488638922305,-0.0075783731755234,-0.0005215564083931,-0.0076133271716938,-0.019418085857101364,0.0004319686666462985,-0.00022084805743460834,0.0007580311155717112
2026-03-18 09:00:00+00:00,-0.0173189215292882,-0.0177453039360436,-0.0172291235980295,-0.0168711215477461,-0.0201882610275261,-0.016877903781578,0.030717641111034588,-0.00834459754596395,0.002636949886928086,-0.024884766109027012
2026-03-18 10:00:00+00:00,-0.0158563138172869,-0.0154412821036531,-0.0153628977930919,-0.0165123433562097,-0.0128583778375054,-0.0159956089606844,-0.0025962801256316226,0.0013806145926951174,-0.0008414641972676051,-0.001747872021558905
2026-03-18 11:00:00+00:00,-0.016163778374707,-0.0159875275258966,-0.0142489597262824,-0.0152018083211969,-0.0190017225973023,-0.0151786319637685,0.005185837032365637,0.0003598470688803701,-0.00028064548645634346,-0.0015617168905137646
2026-03-18 12:00:00+00:00,-0.016281535565498,-0.016488071701556,-0.0150424357024252,-0.0152645506552014,-0.0211410988076045,-0.0146303586961956,0.021322769468821168,-0.001815549702338437,0.0009618853693416085,0.005066687898871436
2026-03-19 09:00:00+00:00,-0.006879252651249,-0.007467385547932,-0.0074941818335984,-0.0068564085889606,-0.0023252622440039,-0.007321504916631,0.07828849223489431,-0.014476673803650364,-0.00048082703174223695,-0.055853130360517866
2026-03-19 10:00:00+00:00,-0.0064012160744172,-0.0059482529786538,-0.0068969903112922,-0.0058975137438035,-0.0068232801360925,-0.0061890024314946,-0.028092846456727383,0.002085163972156856,-0.0005712825448158654,-0.004425759856799161
2026-03-19 11:00:00+00:00,-0.004631518534925,-0.0051073215396209,-0.0052546311955175,-0.0050894934315753,-0.0038774071925031,-0.0052516957381356,0.011966636617521065,0.000623380244350713,-0.0017861089658737228,-0.001163355945212885
2026-03-19 12:00:00+00:00,-0.0027154431509897,-0.0029075244832313,-0.0023923302581029,-0.0034348062598799,-0.0019629306294547,-0.0033671211691436,0.016906241080004936,-0.0013837886076366601,-0.0016484569555617057,-0.00240493126583452
