scope,sample,h,method,model,q,term,n,status,coef_raw,effect_bp_per_sd
core,all,1,linear,M0,0.1,e_origin,2524,estimated,0.47543100925714465,4.572342649814955
core,all,1,linear,M0,0.1,downside,2524,estimated,-101904.69972778467,-1.780289272440598
core,all,1,linear,M0,0.5,e_origin,2524,estimated,0.38508558162352663,3.7034673683510664
core,all,1,linear,M0,0.5,downside,2524,estimated,-44660.98727451933,-0.7802336570719935
core,all,1,linear,M0,0.9,e_origin,2524,estimated,0.2976630039381786,2.8627018887664573
core,all,1,linear,M0,0.9,downside,2524,estimated,24518.520356841,0.4283419595367211
core,all,1,linear,M1,0.1,e_origin,2524,estimated,0.47675034042960657,4.585030998011897
core,all,1,linear,M1,0.1,downside,2524,estimated,-54998.90780783645,-0.9608385661092733
core,all,1,linear,M1,0.1,btc_vol,2524,estimated,-635.6934066849594,-1.2569838126753916
core,all,1,linear,M1,0.1,btc_ret,2524,estimated,260.60356808355954,1.2724169995889942
core,all,1,linear,M1,0.5,e_origin,2524,estimated,0.38981995577422535,3.7489990657539023
core,all,1,linear,M1,0.5,downside,2524,estimated,-73495.33349136944,-1.2839736944286824
core,all,1,linear,M1,0.5,btc_vol,2524,estimated,211.37950163575272,0.41796974625412475
core,all,1,linear,M1,0.5,btc_ret,2524,estimated,161.19287690685354,0.7870366407384424
core,all,1,linear,M1,0.9,e_origin,2524,estimated,0.29420733871229293,2.829467864926726
core,all,1,linear,M1,0.9,downside,2524,estimated,-20756.827654778102,-0.3626246650293047
core,all,1,linear,M1,0.9,btc_vol,2524,estimated,529.4995947695691,1.0470022379410582
core,all,1,linear,M1,0.9,btc_ret,2524,estimated,110.41511565245052,0.5391103091985106
core,all,1,linear,M2,0.1,e_origin,2524,estimated,0.4684591558710073,4.505292537464267
core,all,1,linear,M2,0.1,downside,2524,estimated,-58266.88747468338,-1.0179306252486744
core,all,1,linear,M2,0.1,btc_vol,2524,estimated,-641.752827544729,-1.2689653651892636
core,all,1,linear,M2,0.1,btc_ret,2524,estimated,259.5110433509861,1.2670826634077177
core,all,1,linear,M2,0.1,account_ls,2524,estimated,0.7913937375802949,0.47442890514795155
core,all,1,linear,M2,0.5,e_origin,2524,estimated,0.3929340121627671,3.7789477492895127
core,all,1,linear,M2,0.5,downside,2524,estimated,-83004.01292488707,-1.4500916461599354
core,all,1,linear,M2,0.5,btc_vol,2524,estimated,146.28441066085432,0.289254433526916
core,all,1,linear,M2,0.5,btc_ret,2524,estimated,160.1454434634082,0.7819224662504303
core,all,1,linear,M2,0.5,account_ls,2524,estimated,0.8040119988837487,0.48199336719862707
core,all,1,linear,M2,0.9,e_origin,2524,estimated,0.29363145112775113,2.823929405480394
core,all,1,linear,M2,0.9,downside,2524,estimated,-39886.35432359482,-0.6968201555840471
core,all,1,linear,M2,0.9,btc_vol,2524,estimated,558.6693475518591,1.1046808400494055
core,all,1,linear,M2,0.9,btc_ret,2524,estimated,94.06432198062888,0.4592762993351954
core,all,1,linear,M2,0.9,account_ls,2524,estimated,1.1719202145519152,0.7025489309664983
core,all,1,pca,M0,0.1,e_origin,2524,estimated,0.4781641620332648,4.576096999267642
core,all,1,pca,M0,0.1,downside,2524,estimated,-101856.51673975949,-1.779447508940735
core,all,1,pca,M0,0.5,e_origin,2524,estimated,0.39025632164766144,3.73480683881293
core,all,1,pca,M0,0.5,downside,2524,estimated,-47982.85646794031,-0.8382671737331083
core,all,1,pca,M0,0.9,e_origin,2524,estimated,0.31228919617485884,2.988650691517234
core,all,1,pca,M0,0.9,downside,2524,estimated,23283.4050395534,0.4067643232209482
core,all,1,pca,M1,0.1,e_origin,2524,estimated,0.4858875818961773,4.650011192896188
core,all,1,pca,M1,0.1,downside,2524,estimated,-51620.32791361018,-0.9018143056203869
core,all,1,pca,M1,0.1,btc_vol,2524,estimated,-633.5536367570663,-1.252752753907239
core,all,1,pca,M1,0.1,btc_ret,2524,estimated,247.36252208502003,1.2077665723336033
core,all,1,pca,M1,0.5,e_origin,2524,estimated,0.39401033966333937,3.770733309135784
core,all,1,pca,M1,0.5,downside,2524,estimated,-73721.83214914704,-1.287930657471023
core,all,1,pca,M1,0.5,btc_vol,2524,estimated,210.0182324981853,0.415278050457656
core,all,1,pca,M1,0.5,btc_ret,2524,estimated,159.26575620405086,0.7776273254303735
core,all,1,pca,M1,0.9,e_origin,2524,estimated,0.2954065671328102,2.8270816024191414
core,all,1,pca,M1,0.9,downside,2524,estimated,-22542.910698624157,-0.3938277841311827
core,all,1,pca,M1,0.9,btc_vol,2524,estimated,536.9360613864512,1.061706682037258
core,all,1,pca,M1,0.9,btc_ret,2524,estimated,109.55036853076275,0.5348881147517011
core,all,1,pca,M2,0.1,e_origin,2524,estimated,0.4632269108670089,4.433145444829617
core,all,1,pca,M2,0.1,downside,2524,estimated,-58458.1542212855,-1.0212720819043533
core,all,1,pca,M2,0.1,btc_vol,2524,estimated,-635.0514750437209,-1.2557144937342233
core,all,1,pca,M2,0.1,btc_ret,2524,estimated,258.09247243345123,1.260156381607865
core,all,1,pca,M2,0.1,account_ls,2524,estimated,0.841510973467521,0.5044734508929271
core,all,1,pca,M2,0.5,e_origin,2524,estimated,0.3928691230819986,3.7598117090075323
core,all,1,pca,M2,0.5,downside,2524,estimated,-82441.36171890672,-1.4402620513639315
core,all,1,pca,M2,0.5,btc_vol,2524,estimated,146.29347601069654,0.28927235883161173
core,all,1,pca,M2,0.5,btc_ret,2524,estimated,160.32274952015112,0.7827881767331717
core,all,1,pca,M2,0.5,account_ls,2524,estimated,0.7800691156346253,0.4676399608642557
core,all,1,pca,M2,0.9,e_origin,2524,estimated,0.29579145257087147,2.8307650091610532
core,all,1,pca,M2,0.9,downside,2524,estimated,-38843.10223370815,-0.6785943965264395
core,all,1,pca,M2,0.9,btc_vol,2524,estimated,548.0834493108614,1.0837488898488312
core,all,1,pca,M2,0.9,btc_ret,2524,estimated,97.4190365843708,0.47565595185477266
core,all,1,pca,M2,0.9,account_ls,2524,estimated,1.1858913841258947,0.7109244416255612
core,all,1,ml,M0,0.1,e_origin,2524,estimated,0.4806325029032504,4.583466258875984
core,all,1,ml,M0,0.1,downside,2524,estimated,-78215.76391971356,-1.3664402703111673
core,all,1,ml,M0,0.5,e_origin,2524,estimated,0.39076029497368736,3.726415955020945
core,all,1,ml,M0,0.5,downside,2524,estimated,-19876.28269894932,-0.347241422225477
core,all,1,ml,M0,0.9,e_origin,2524,estimated,0.3124025696125376,2.979171463344533
core,all,1,ml,M0,0.9,downside,2524,estimated,38209.698536478216,0.6675287458713185
core,all,1,ml,M1,0.1,e_origin,2524,estimated,0.48168510886757404,4.593504248175972
core,all,1,ml,M1,0.1,downside,2524,estimated,-53336.839711053726,-0.9318020053748594
core,all,1,ml,M1,0.1,btc_vol,2524,estimated,-473.7291047224488,-0.9367248581900581
core,all,1,ml,M1,0.1,btc_ret,2524,estimated,249.60623324570798,1.2187216649442751
core,all,1,ml,M1,0.5,e_origin,2524,estimated,0.3967081625391294,3.783136734688969
core,all,1,ml,M1,0.5,downside,2524,estimated,-34967.294677888196,-0.6108834996580671
core,all,1,ml,M1,0.5,btc_vol,2524,estimated,118.53968034677573,0.23439358940756772
core,all,1,ml,M1,0.5,btc_ret,2524,estimated,147.73251768475785,0.7213153997718666
core,all,1,ml,M1,0.9,e_origin,2524,estimated,0.3063744724550135,2.9216855884612443
core,all,1,ml,M1,0.9,downside,2524,estimated,-35185.098225971735,-0.6146885579251383
core,all,1,ml,M1,0.9,btc_vol,2524,estimated,658.9359296661097,1.3029422493145189
core,all,1,ml,M1,0.9,btc_ret,2524,estimated,86.06253312015033,0.42020694871935843
core,all,1,ml,M2,0.1,e_origin,2524,estimated,0.47086372648333463,4.490308062456213
core,all,1,ml,M2,0.1,downside,2524,estimated,-63980.96073380228,-1.1177562795347196
core,all,1,ml,M2,0.1,btc_vol,2524,estimated,-613.5851915184019,-1.2132682914834603
core,all,1,ml,M2,0.1,btc_ret,2524,estimated,261.24915277661603,1.275569116592458
core,all,1,ml,M2,0.1,account_ls,2524,estimated,1.3714586641184554,0.822169296490516
core,all,1,ml,M2,0.5,e_origin,2524,estimated,0.3928595624118799,3.7464352450464666
core,all,1,ml,M2,0.5,downside,2524,estimated,-75421.5899484904,-1.3176256625493132
core,all,1,ml,M2,0.5,btc_vol,2524,estimated,174.3797108155116,0.34480847441405454
core,all,1,ml,M2,0.5,btc_ret,2524,estimated,133.28944404857305,0.6507959799644425
core,all,1,ml,M2,0.5,account_ls,2524,estimated,1.4467011435767851,0.8672760561916701
core,all,1,ml,M2,0.9,e_origin,2524,estimated,0.2814541174108243,2.684037061126331
core,all,1,ml,M2,0.9,downside,2524,estimated,-59947.04254415737,-1.047283167910705
core,all,1,ml,M2,0.9,btc_vol,2524,estimated,638.1746527874,1.261890086915825
core,all,1,ml,M2,0.9,btc_ret,2524,estimated,89.63920190794279,0.4376703096432091
core,all,1,ml,M2,0.9,account_ls,2524,estimated,1.6778037098579592,1.005818645412671
core,all,1,joint_linear,M0,0.1,e_origin,2524,estimated,0.4770716290757394,4.604873989031493
core,all,1,joint_linear,M0,0.1,downside,2524,estimated,-100375.97398779841,-1.753582221218511
core,all,1,joint_linear,M0,0.5,e_origin,2524,estimated,0.39217277375068,3.7853984495987185
core,all,1,joint_linear,M0,0.5,downside,2524,estimated,-43363.09499669424,-0.7575592985275124
core,all,1,joint_linear,M0,0.9,e_origin,2524,estimated,0.3116772920355093,3.008425920960043
core,all,1,joint_linear,M0,0.9,downside,2524,estimated,23934.915882660018,0.41814630823203985
core,all,1,joint_linear,M1,0.1,e_origin,2524,estimated,0.4846591748583498,4.6781118218546665
core,all,1,joint_linear,M1,0.1,downside,2524,estimated,-53570.52214002301,-0.9358844698987054
core,all,1,joint_linear,M1,0.1,btc_vol,2524,estimated,-632.4684856842024,-1.2506070381918435
core,all,1,joint_linear,M1,0.1,btc_ret,2524,estimated,254.49137523353673,1.2425737470797207
core,all,1,joint_linear,M1,0.5,e_origin,2524,estimated,0.39629407548729073,3.825178797058568
core,all,1,joint_linear,M1,0.5,downside,2524,estimated,-77573.89463215847,-1.355226724616063
core,all,1,joint_linear,M1,0.5,btc_vol,2524,estimated,221.5987443638872,0.4381766927978251
core,all,1,joint_linear,M1,0.5,btc_ret,2524,estimated,158.69072289142053,0.7748196809775308
core,all,1,joint_linear,M1,0.9,e_origin,2524,estimated,0.3003440458842362,2.8990331857131446
core,all,1,joint_linear,M1,0.9,downside,2524,estimated,-21527.165549628444,-0.37608257515533405
core,all,1,joint_linear,M1,0.9,btc_vol,2524,estimated,541.3568735637443,1.0704481433884367
core,all,1,joint_linear,M1,0.9,btc_ret,2524,estimated,118.85865929227268,0.5803365615598612
core,all,1,joint_linear,M2,0.1,e_origin,2524,estimated,0.46986889743214,4.535350526360189
core,all,1,joint_linear,M2,0.1,downside,2524,estimated,-58586.641555353795,-1.023516773494607
core,all,1,joint_linear,M2,0.1,btc_vol,2524,estimated,-631.4764388897564,-1.2486454215557075
core,all,1,joint_linear,M2,0.1,btc_ret,2524,estimated,257.921797805685,1.259323049588026
core,all,1,joint_linear,M2,0.1,account_ls,2524,estimated,0.7826372957797942,0.4691795470861792
core,all,1,joint_linear,M2,0.5,e_origin,2524,estimated,0.3955444257814814,3.817942897414201
core,all,1,joint_linear,M2,0.5,downside,2524,estimated,-80974.0242728504,-1.414627462171847
core,all,1,joint_linear,M2,0.5,btc_vol,2524,estimated,117.71588026754033,0.23276465421083573
core,all,1,joint_linear,M2,0.5,btc_ret,2524,estimated,164.5246966710203,0.8033045074398417
core,all,1,joint_linear,M2,0.5,account_ls,2524,estimated,0.833113028197639,0.49943900622817095
core,all,1,joint_linear,M2,0.9,e_origin,2524,estimated,0.2961050191052888,2.8581165120660437
core,all,1,joint_linear,M2,0.9,downside,2524,estimated,-46162.037921728115,-0.8064572205754853
core,all,1,joint_linear,M2,0.9,btc_vol,2524,estimated,586.0166667601754,1.158755866160155
core,all,1,joint_linear,M2,0.9,btc_ret,2524,estimated,92.60473435020432,0.4521497502744914
core,all,1,joint_linear,M2,0.9,account_ls,2524,estimated,1.1715387354993358,0.7023202398856142
core,matched,1,linear,M0,0.1,e_origin,728,estimated,0.4173592218976971,3.8899091129354053
core,matched,1,linear,M0,0.1,downside,728,estimated,-110471.44196642548,-1.7777863786246053
core,matched,1,linear,M0,0.5,e_origin,728,estimated,0.43628737226920516,4.066324969487843
core,matched,1,linear,M0,0.5,downside,728,estimated,-21815.516734457804,-0.35107108047854807
core,matched,1,linear,M0,0.9,e_origin,728,estimated,0.3540075481208319,3.2994531215143166
core,matched,1,linear,M0,0.9,downside,728,estimated,5816.071214637796,0.0935964263563808
core,matched,1,linear,M1,0.1,e_origin,728,estimated,0.39538315908909377,3.685085827620337
core,matched,1,linear,M1,0.1,downside,728,estimated,-74551.87741774168,-1.1997427553668871
core,matched,1,linear,M1,0.1,btc_vol,728,estimated,-251.53019906821592,-0.48251498026242506
core,matched,1,linear,M1,0.1,btc_ret,728,estimated,214.35081261204542,1.0860625877142989
core,matched,1,linear,M1,0.5,e_origin,728,estimated,0.4210618078391109,3.924418288818579
core,matched,1,linear,M1,0.5,downside,728,estimated,-46631.396691963535,-0.750426176933659
core,matched,1,linear,M1,0.5,btc_vol,728,estimated,54.4979093296701,0.10454433599608297
core,matched,1,linear,M1,0.5,btc_ret,728,estimated,156.7967954370918,0.7944506079663352
core,matched,1,linear,M1,0.9,e_origin,728,estimated,0.3540373973918541,3.2997313253858778
core,matched,1,linear,M1,0.9,downside,728,estimated,-7041.446370788423,-0.11331605002139696
core,matched,1,linear,M1,0.9,btc_vol,728,estimated,313.2959004630549,0.6010012546733277
core,matched,1,linear,M1,0.9,btc_ret,728,estimated,76.87251573523751,0.3894940371167438
core,matched,1,linear,M2,0.1,e_origin,728,estimated,0.38695316606198127,3.6065158452702533
core,matched,1,linear,M2,0.1,downside,728,estimated,-72570.7756401516,-1.1678614320839065
core,matched,1,linear,M2,0.1,btc_vol,728,estimated,-286.32038051235435,-0.5492536214873383
core,matched,1,linear,M2,0.1,btc_ret,728,estimated,201.75095493132685,1.022222223076539
core,matched,1,linear,M2,0.1,account_ls,728,estimated,0.6073448255122977,0.3835678739610454
core,matched,1,linear,M2,0.5,e_origin,728,estimated,0.43565994642504147,4.060477178470296
core,matched,1,linear,M2,0.5,downside,728,estimated,-72060.13098169344,-1.1596437687497008
core,matched,1,linear,M2,0.5,btc_vol,728,estimated,107.64457466102819,0.206496555921847
core,matched,1,linear,M2,0.5,btc_ret,728,estimated,129.254701930719,0.654901627581833
core,matched,1,linear,M2,0.5,account_ls,728,estimated,1.2438455113357563,0.7855490954691355
core,matched,1,linear,M2,0.9,e_origin,728,estimated,0.3331786822354966,3.1053220445704
core,matched,1,linear,M2,0.9,downside,728,estimated,-74094.13135010857,-1.192376374432397
core,matched,1,linear,M2,0.9,btc_vol,728,estimated,283.8477416519379,0.5445103131476252
core,matched,1,linear,M2,0.9,btc_ret,728,estimated,40.94444734052454,0.2074553946835984
core,matched,1,linear,M2,0.9,account_ls,728,estimated,2.2556541247337623,1.4245555748100682
core,matched,1,pca,M0,0.1,e_origin,728,estimated,0.42142077115112225,3.908291454010904
core,matched,1,pca,M0,0.1,downside,728,estimated,-108320.67513107206,-1.7431746824665075
core,matched,1,pca,M0,0.5,e_origin,728,estimated,0.43539832522902877,4.037920458773622
core,matched,1,pca,M0,0.5,downside,728,estimated,-21874.609587388,-0.35202204542607995
core,matched,1,pca,M0,0.9,e_origin,728,estimated,0.3598813762835866,3.3375699625456825
core,matched,1,pca,M0,0.9,downside,728,estimated,2362.225991782553,0.03801464991015819
core,matched,1,pca,M1,0.1,e_origin,728,estimated,0.40038813608510043,3.7132330385006123
core,matched,1,pca,M1,0.1,downside,728,estimated,-71800.22806084646,-1.155461222887876
core,matched,1,pca,M1,0.1,btc_vol,728,estimated,-261.44571815781177,-0.5015361018435777
core,matched,1,pca,M1,0.1,btc_ret,728,estimated,206.77179872115175,1.0476615975880592
core,matched,1,pca,M1,0.5,e_origin,728,estimated,0.4229630466495607,3.9225946458868353
core,matched,1,pca,M1,0.5,downside,728,estimated,-40961.111340498064,-0.6591758421746212
core,matched,1,pca,M1,0.5,btc_vol,728,estimated,16.475607753805352,0.03160545962110439
core,matched,1,pca,M1,0.5,btc_ret,728,estimated,162.78104284062854,0.8247713104699024
core,matched,1,pca,M1,0.9,e_origin,728,estimated,0.34937849883781846,3.240165399282949
core,matched,1,pca,M1,0.9,downside,728,estimated,-430.4169970697389,-0.006926581756320743
core,matched,1,pca,M1,0.9,btc_vol,728,estimated,255.41511168338874,0.4899674791702122
core,matched,1,pca,M1,0.9,btc_ret,728,estimated,102.43857494680911,0.519030940133906
core,matched,1,pca,M2,0.1,e_origin,728,estimated,0.3846668809260964,3.567432804173229
core,matched,1,pca,M2,0.1,downside,728,estimated,-71754.91811717761,-1.1547320624891622
core,matched,1,pca,M2,0.1,btc_vol,728,estimated,-289.563213190356,-0.5554744067108094
core,matched,1,pca,M2,0.1,btc_ret,728,estimated,203.63847630211052,1.031785827335085
core,matched,1,pca,M2,0.1,account_ls,728,estimated,0.5304922341384649,0.33503171485770067
core,matched,1,pca,M2,0.5,e_origin,728,estimated,0.43009353671100886,3.988723406683189
core,matched,1,pca,M2,0.5,downside,728,estimated,-73017.57574060053,-1.1750516625942282
core,matched,1,pca,M2,0.5,btc_vol,728,estimated,141.83132550885298,0.272077625199739
core,matched,1,pca,M2,0.5,btc_ret,728,estimated,117.52879692290534,0.5954893651280984
core,matched,1,pca,M2,0.5,account_ls,728,estimated,1.180918268988505,0.7458074733337907
core,matched,1,pca,M2,0.9,e_origin,728,estimated,0.33824320818221293,3.1368957830550768
core,matched,1,pca,M2,0.9,downside,728,estimated,-62671.362663267864,-1.0085529154807444
core,matched,1,pca,M2,0.9,btc_vol,728,estimated,179.75588393380158,0.34482899910101933
core,matched,1,pca,M2,0.9,btc_ret,728,estimated,59.33231952150796,0.3006221982057437
core,matched,1,pca,M2,0.9,account_ls,728,estimated,2.204619419801955,1.3923246699819738
core,matched,1,ml,M0,0.1,e_origin,728,estimated,0.4214599059778164,3.8861172380677202
core,matched,1,ml,M0,0.1,downside,728,estimated,-54208.44903596982,-0.8723615858277869
core,matched,1,ml,M0,0.5,e_origin,728,estimated,0.42278175893831743,3.898305528111766
core,matched,1,ml,M0,0.5,downside,728,estimated,-8974.233556566813,-0.14441985993365736
core,matched,1,ml,M0,0.9,e_origin,728,estimated,0.36348543090825514,3.351557239025705
core,matched,1,ml,M0,0.9,downside,728,estimated,48218.19322758465,0.7759620549530053
core,matched,1,ml,M1,0.1,e_origin,728,estimated,0.40162961179002904,3.703269837909161
core,matched,1,ml,M1,0.1,downside,728,estimated,-54638.77905017395,-0.8792867677928956
core,matched,1,ml,M1,0.1,btc_vol,728,estimated,-333.886554573018,-0.6405006829656925
core,matched,1,ml,M1,0.1,btc_ret,728,estimated,169.0067483034183,0.8563154212799797
core,matched,1,ml,M1,0.5,e_origin,728,estimated,0.4204959689568807,3.877229151157581
core,matched,1,ml,M1,0.5,downside,728,estimated,-19746.537554933675,-0.3177755704576525
core,matched,1,ml,M1,0.5,btc_vol,728,estimated,-9.887990108041683,-0.01896831223245224
core,matched,1,ml,M1,0.5,btc_ret,728,estimated,164.44020888041567,0.8331778947074917
core,matched,1,ml,M1,0.9,e_origin,728,estimated,0.36054693905322,3.324462552936218
core,matched,1,ml,M1,0.9,downside,728,estimated,4122.202738035488,0.06633746918806213
core,matched,1,ml,M1,0.9,btc_vol,728,estimated,175.45953311496697,0.33658723076373825
core,matched,1,ml,M1,0.9,btc_ret,728,estimated,85.47145379553885,0.433062730920898
core,matched,1,ml,M2,0.1,e_origin,728,estimated,0.3818166725551738,3.520582460995515
core,matched,1,ml,M2,0.1,downside,728,estimated,-78905.35635766057,-1.269802088541601
core,matched,1,ml,M2,0.1,btc_vol,728,estimated,-306.17405678451183,-0.5873392917173316
core,matched,1,ml,M2,0.1,btc_ret,728,estimated,217.96159960041368,1.1043575529280298
core,matched,1,ml,M2,0.1,account_ls,728,estimated,1.4135261607990928,0.8927106999367175
core,matched,1,ml,M2,0.5,e_origin,728,estimated,0.4089939631560698,3.771173646515489
core,matched,1,ml,M2,0.5,downside,728,estimated,-82820.52346226227,-1.3328077905103997
core,matched,1,ml,M2,0.5,btc_vol,728,estimated,171.9398837232155,0.3298354229765109
core,matched,1,ml,M2,0.5,btc_ret,728,estimated,154.25618390936089,0.7815779573028726
core,matched,1,ml,M2,0.5,account_ls,728,estimated,1.8220203967953452,1.1506947298397623
core,matched,1,ml,M2,0.9,e_origin,728,estimated,0.29579411721050264,2.727402064839026
core,matched,1,ml,M2,0.9,downside,728,estimated,-68955.04439972593,-1.1096744687060789
core,matched,1,ml,M2,0.9,btc_vol,728,estimated,287.71669435213335,0.551932195858674
core,matched,1,ml,M2,0.9,btc_ret,728,estimated,23.191110867738498,0.11750362676054484
core,matched,1,ml,M2,0.9,account_ls,728,estimated,2.6806911216999327,1.6929871649591808
core,matched,1,joint_linear,M0,0.1,e_origin,728,estimated,0.42247514471105413,3.9563975182145596
core,matched,1,joint_linear,M0,0.1,downside,728,estimated,-115916.23050656037,-1.8654078555315965
core,matched,1,joint_linear,M0,0.5,e_origin,728,estimated,0.449913616560069,4.2133534676616895
core,matched,1,joint_linear,M0,0.5,downside,728,estimated,-11142.239678315698,-0.17930898316236757
core,matched,1,joint_linear,M0,0.9,e_origin,728,estimated,0.3741114023008275,3.5034804819371774
core,matched,1,joint_linear,M0,0.9,downside,728,estimated,8107.621094521096,0.13047370513430712
core,matched,1,joint_linear,M1,0.1,e_origin,728,estimated,0.4020416999258023,3.765042284068807
core,matched,1,joint_linear,M1,0.1,downside,728,estimated,-72535.58310885153,-1.1672950884057494
core,matched,1,joint_linear,M1,0.1,btc_vol,728,estimated,-231.7606600510626,-0.4445907120672095
core,matched,1,joint_linear,M1,0.1,btc_ret,728,estimated,200.5802795225168,1.0162907001288426
core,matched,1,joint_linear,M1,0.5,e_origin,728,estimated,0.438209703836213,4.103748602538243
core,matched,1,joint_linear,M1,0.5,downside,728,estimated,-24313.453483968595,-0.3912696860991369
core,matched,1,joint_linear,M1,0.5,btc_vol,728,estimated,-61.00085389584768,-0.11701905346786394
core,matched,1,joint_linear,M1,0.5,btc_ret,728,estimated,169.64462819046184,0.8595474010067246
core,matched,1,joint_linear,M1,0.9,e_origin,728,estimated,0.35522590122647507,3.3266214394202285
core,matched,1,joint_linear,M1,0.9,downside,728,estimated,-7035.753450184056,-0.1132244354237699
core,matched,1,joint_linear,M1,0.9,btc_vol,728,estimated,303.9253820759323,0.5830256179054144
core,matched,1,joint_linear,M1,0.9,btc_ret,728,estimated,106.28266064309021,0.538507972237604
core,matched,1,joint_linear,M2,0.1,e_origin,728,estimated,0.38907890108011334,3.6436481953886912
core,matched,1,joint_linear,M2,0.1,downside,728,estimated,-72355.60643565659,-1.164398773553868
core,matched,1,joint_linear,M2,0.1,btc_vol,728,estimated,-283.211794055114,-0.5432903632439311
core,matched,1,joint_linear,M2,0.1,btc_ret,728,estimated,198.59249196226978,1.006219071870472
core,matched,1,joint_linear,M2,0.1,account_ls,728,estimated,0.6302107301493911,0.3980088077756175
core,matched,1,joint_linear,M2,0.5,e_origin,728,estimated,0.42879195716407803,4.015553237610225
core,matched,1,joint_linear,M2,0.5,downside,728,estimated,-70665.05133354086,-1.137193137605266
core,matched,1,joint_linear,M2,0.5,btc_vol,728,estimated,102.92791822549775,0.19744850763450245
core,matched,1,joint_linear,M2,0.5,btc_ret,728,estimated,118.35126816786654,0.599656623641085
core,matched,1,joint_linear,M2,0.5,account_ls,728,estimated,1.2331376470407664,0.7787865570070219
core,matched,1,joint_linear,M2,0.9,e_origin,728,estimated,0.3477508084264195,3.2566186499714185
core,matched,1,joint_linear,M2,0.9,downside,728,estimated,-61985.68282495938,-0.9975184593811054
core,matched,1,joint_linear,M2,0.9,btc_vol,728,estimated,187.51948882076888,0.359722064318148
core,matched,1,joint_linear,M2,0.9,btc_ret,728,estimated,59.88860351494274,0.3034407517071353
core,matched,1,joint_linear,M2,0.9,account_ls,728,estimated,2.1840578143066365,1.3793390134426058
core,all,6,linear,M0,0.1,e_origin,1730,estimated,0.3851519197550159,3.6350420795791063
core,all,6,linear,M0,0.1,downside,1730,estimated,-139051.542740636,-2.370175814001754
core,all,6,linear,M0,0.5,e_origin,1730,estimated,0.3024612558037321,2.854612260502923
core,all,6,linear,M0,0.5,downside,1730,estimated,-47824.32495218671,-0.8151801561386622
core,all,6,linear,M0,0.9,e_origin,1730,estimated,0.17459249957217476,1.647794156465417
core,all,6,linear,M0,0.9,downside,1730,estimated,25724.10218175862,0.4384751411340951
core,all,6,linear,M1,0.1,e_origin,1730,estimated,0.3811907329354531,3.597656621956712
core,all,6,linear,M1,0.1,downside,1730,estimated,-14909.094407411822,-0.2541300461443171
core,all,6,linear,M1,0.1,btc_vol,1730,estimated,-1172.0878074716009,-2.2843652459601422
core,all,6,linear,M1,0.1,btc_ret,1730,estimated,158.88288720186085,0.7299927203362484
core,all,6,linear,M1,0.5,e_origin,1730,estimated,0.30435235742399946,2.872460370855858
core,all,6,linear,M1,0.5,downside,1730,estimated,-28803.74807958862,-0.49096864159342696
core,all,6,linear,M1,0.5,btc_vol,1730,estimated,-123.8245648931252,-0.24133049660176173
core,all,6,linear,M1,0.5,btc_ret,1730,estimated,62.411603089375696,0.28675219038457883
core,all,6,linear,M1,0.9,e_origin,1730,estimated,0.1825545458888463,1.7229395002016452
core,all,6,linear,M1,0.9,downside,1730,estimated,21365.26789703074,0.36417748578068565
core,all,6,linear,M1,0.9,btc_vol,1730,estimated,185.35279022799426,0.36124722869692494
core,all,6,linear,M1,0.9,btc_ret,1730,estimated,85.87411991364965,0.39455150586860754
core,all,6,linear,M2,0.1,e_origin,1730,estimated,0.3626566155802948,3.4227326684769754
core,all,6,linear,M2,0.1,downside,1730,estimated,-94907.54578995558,-1.6177279673710423
core,all,6,linear,M2,0.1,btc_vol,1730,estimated,-1012.3381420486437,-1.9730177671964353
core,all,6,linear,M2,0.1,btc_ret,1730,estimated,199.83677115526723,0.9181567050295729
core,all,6,linear,M2,0.1,account_ls,1730,estimated,2.175981520645017,1.3335866984663807
core,all,6,linear,M2,0.5,e_origin,1730,estimated,0.3003438419329423,2.834628227903264
core,all,6,linear,M2,0.5,downside,1730,estimated,-46798.49558373253,-0.7976945827283916
core,all,6,linear,M2,0.5,btc_vol,1730,estimated,-149.0041268441474,-0.29040473477978246
core,all,6,linear,M2,0.5,btc_ret,1730,estimated,39.23671881994456,0.18027441225970078
core,all,6,linear,M2,0.5,account_ls,1730,estimated,1.2164580285002504,0.7455266649367932
core,all,6,linear,M2,0.9,e_origin,1730,estimated,0.18636630618652322,1.758914678744538
core,all,6,linear,M2,0.9,downside,1730,estimated,23939.694586275742,0.4080593712564225
core,all,6,linear,M2,0.9,btc_vol,1730,estimated,44.63964383930055,0.08700137509194907
core,all,6,linear,M2,0.9,btc_ret,1730,estimated,113.13406412832194,0.5197982280546198
core,all,6,linear,M2,0.9,account_ls,1730,estimated,1.4213763119148233,0.8711142650342574
core,all,6,pca,M0,0.1,e_origin,1730,estimated,0.387874078467679,3.6431091177409107
core,all,6,pca,M0,0.1,downside,1730,estimated,-138616.46928731812,-2.362759854739139
core,all,6,pca,M0,0.5,e_origin,1730,estimated,0.306979438749012,2.8833058313245967
core,all,6,pca,M0,0.5,downside,1730,estimated,-48847.32191689405,-0.8326174503660924
core,all,6,pca,M0,0.9,e_origin,1730,estimated,0.17330368171144106,1.6277556506876247
core,all,6,pca,M0,0.9,downside,1730,estimated,24828.55665720632,0.4232102954459712
core,all,6,pca,M1,0.1,e_origin,1730,estimated,0.39290580819027116,3.690369662974564
core,all,6,pca,M1,0.1,downside,1730,estimated,533.3136602335233,0.009090493451913673
core,all,6,pca,M1,0.1,btc_vol,1730,estimated,-1198.3646586992807,-2.3355780692103587
core,all,6,pca,M1,0.1,btc_ret,1730,estimated,150.32175479681345,0.690658312184543
core,all,6,pca,M1,0.5,e_origin,1730,estimated,0.3091514798596364,2.9037067377359884
core,all,6,pca,M1,0.5,downside,1730,estimated,-30754.427632579118,-0.52421856752909
core,all,6,pca,M1,0.5,btc_vol,1730,estimated,-90.00958146048798,-0.17542607164842383
core,all,6,pca,M1,0.5,btc_ret,1730,estimated,64.51727486456882,0.29642676953139135
core,all,6,pca,M1,0.9,e_origin,1730,estimated,0.17630968914285883,1.6559895897140697
core,all,6,pca,M1,0.9,downside,1730,estimated,24665.639867861115,0.4204333292491914
core,all,6,pca,M1,0.9,btc_vol,1730,estimated,140.0846543167557,0.2730209407295542
core,all,6,pca,M1,0.9,btc_ret,1730,estimated,91.31920587478092,0.419569134785313
core,all,6,pca,M2,0.1,e_origin,1730,estimated,0.36359570187954104,3.415074350731949
core,all,6,pca,M2,0.1,downside,1730,estimated,-99823.69447941119,-1.7015252161618601
core,all,6,pca,M2,0.1,btc_vol,1730,estimated,-980.1198088646395,-1.9102251674107005
core,all,6,pca,M2,0.1,btc_ret,1730,estimated,192.34234477274305,0.8837233132484441
core,all,6,pca,M2,0.1,account_ls,1730,estimated,2.221576778973454,1.3615305157474749
core,all,6,pca,M2,0.5,e_origin,1730,estimated,0.2997079082758734,2.8150079469408906
core,all,6,pca,M2,0.5,downside,1730,estimated,-42894.83736404313,-0.7311555417650359
core,all,6,pca,M2,0.5,btc_vol,1730,estimated,-183.3920299431161,-0.35742576359688544
core,all,6,pca,M2,0.5,btc_ret,1730,estimated,40.09569892505865,0.18422102497986295
core,all,6,pca,M2,0.5,account_ls,1730,estimated,1.205092775288567,0.7385612792641655
core,all,6,pca,M2,0.9,e_origin,1730,estimated,0.18540072977283142,1.74137723185723
core,all,6,pca,M2,0.9,downside,1730,estimated,24718.744008021582,0.42133850546047924
core,all,6,pca,M2,0.9,btc_vol,1730,estimated,18.91077576584527,0.03685655516443798
core,all,6,pca,M2,0.9,btc_ret,1730,estimated,125.20563945386743,0.5752614831970256
core,all,6,pca,M2,0.9,account_ls,1730,estimated,1.4727050850500996,0.9025719628374593
core,all,6,ml,M0,0.1,e_origin,1730,estimated,0.4056754600881933,3.8044031367975943
core,all,6,ml,M0,0.1,downside,1730,estimated,-106065.09829284436,-1.8079118413833468
core,all,6,ml,M0,0.5,e_origin,1730,estimated,0.3204157735464576,3.0048422788367923
core,all,6,ml,M0,0.5,downside,1730,estimated,-21074.359264375817,-0.35921885970855993
core,all,6,ml,M0,0.9,e_origin,1730,estimated,0.18272347464673142,1.7135711387655916
core,all,6,ml,M0,0.9,downside,1730,estimated,44838.74534658267,0.7642900442239843
core,all,6,ml,M1,0.1,e_origin,1730,estimated,0.3928339725355747,3.68397634165522
core,all,6,ml,M1,0.1,downside,1730,estimated,-14383.550933386041,-0.24517199787824528
core,all,6,ml,M1,0.1,btc_vol,1730,estimated,-952.7795540959827,-1.856939801407327
core,all,6,ml,M1,0.1,btc_ret,1730,estimated,210.01891956407718,0.9649389252341383
core,all,6,ml,M1,0.5,e_origin,1730,estimated,0.3222356662052614,3.0219091365123414
core,all,6,ml,M1,0.5,downside,1730,estimated,2798.1216181964883,0.047694833537051
core,all,6,ml,M1,0.5,btc_vol,1730,estimated,-157.739752010033,-0.3074302156383634
core,all,6,ml,M1,0.5,btc_ret,1730,estimated,69.7950713161849,0.32067578122137463
core,all,6,ml,M1,0.9,e_origin,1730,estimated,0.18273684825206832,1.7136965557333395
core,all,6,ml,M1,0.9,downside,1730,estimated,45706.59451939395,0.7790827971777248
core,all,6,ml,M1,0.9,btc_vol,1730,estimated,121.78149120636066,0.23734860506152944
core,all,6,ml,M1,0.9,btc_ret,1730,estimated,108.1149830922315,0.49673789296347337
core,all,6,ml,M2,0.1,e_origin,1730,estimated,0.34495137825555267,3.234935889868168
core,all,6,ml,M2,0.1,downside,1730,estimated,-107426.78798131162,-1.831122256040886
core,all,6,ml,M2,0.1,btc_vol,1730,estimated,-943.9937168026034,-1.8398164585641397
core,all,6,ml,M2,0.1,btc_ret,1730,estimated,187.57673004602867,0.8618275375629934
core,all,6,ml,M2,0.1,account_ls,1730,estimated,3.2542234810162256,1.9944053324652204
core,all,6,ml,M2,0.5,e_origin,1730,estimated,0.2937102235700347,2.754399035170733
core,all,6,ml,M2,0.5,downside,1730,estimated,-45728.79320020539,-0.7794611804399671
core,all,6,ml,M2,0.5,btc_vol,1730,estimated,-42.522227664508804,-0.0828745921921574
core,all,6,ml,M2,0.5,btc_ret,1730,estimated,26.690767832925598,0.1226316223311455
core,all,6,ml,M2,0.5,account_ls,1730,estimated,1.512066428787194,0.9266952212123707
core,all,6,ml,M2,0.9,e_origin,1730,estimated,0.1834698868617035,1.7205709532758569
core,all,6,ml,M2,0.9,downside,1730,estimated,16399.42637597866,0.2795332075700009
core,all,6,ml,M2,0.9,btc_vol,1730,estimated,104.91810035036855,0.20448234388646486
core,all,6,ml,M2,0.9,btc_ret,1730,estimated,118.82443773296659,0.5459428392241447
core,all,6,ml,M2,0.9,account_ls,1730,estimated,1.7707301956221602,1.0852216404643449
core,all,6,joint_linear,M0,0.1,e_origin,1730,estimated,0.39385962737014435,3.7306278064424108
core,all,6,joint_linear,M0,0.1,downside,1730,estimated,-139313.89549729513,-2.374647696487301
core,all,6,joint_linear,M0,0.5,e_origin,1730,estimated,0.3132111472993422,2.9667275704410754
core,all,6,joint_linear,M0,0.5,downside,1730,estimated,-48040.65488663806,-0.8188675656299583
core,all,6,joint_linear,M0,0.9,e_origin,1730,estimated,0.19903726504561828,1.8852756258757324
core,all,6,joint_linear,M0,0.9,downside,1730,estimated,28539.428990403867,0.48646324237226757
core,all,6,joint_linear,M1,0.1,e_origin,1730,estimated,0.3926954988620144,3.7196012124964906
core,all,6,joint_linear,M1,0.1,downside,1730,estimated,-5616.554506299068,-0.09573587884373963
core,all,6,joint_linear,M1,0.1,btc_vol,1730,estimated,-1156.3013978430777,-2.2535979900566097
core,all,6,joint_linear,M1,0.1,btc_ret,1730,estimated,143.7109970764867,0.6602849655218909
core,all,6,joint_linear,M1,0.5,e_origin,1730,estimated,0.3128473824091782,2.963281999176728
core,all,6,joint_linear,M1,0.5,downside,1730,estimated,-31419.94305222127,-0.5355624801559586
core,all,6,joint_linear,M1,0.5,btc_vol,1730,estimated,-91.21843131812166,-0.17778208506717888
core,all,6,joint_linear,M1,0.5,btc_ret,1730,estimated,62.35093673145923,0.2864734567813049
core,all,6,joint_linear,M1,0.9,e_origin,1730,estimated,0.19384497605475912,1.8360944040842948
core,all,6,joint_linear,M1,0.9,downside,1730,estimated,19224.28536952352,0.3276837877973191
core,all,6,joint_linear,M1,0.9,btc_vol,1730,estimated,192.252123031142,0.37469382883674024
core,all,6,joint_linear,M1,0.9,btc_ret,1730,estimated,72.08178259236041,0.3311821523889511
core,all,6,joint_linear,M2,0.1,e_origin,1730,estimated,0.37009210080743965,3.50550243353422
core,all,6,joint_linear,M2,0.1,downside,1730,estimated,-96255.25243122356,-1.6407000367385935
core,all,6,joint_linear,M2,0.1,btc_vol,1730,estimated,-1024.9620160580448,-1.9976213326227006
core,all,6,joint_linear,M2,0.1,btc_ret,1730,estimated,197.23837223228065,0.906218274581114
core,all,6,joint_linear,M2,0.1,account_ls,1730,estimated,2.0608100168969847,1.2630019145500089
core,all,6,joint_linear,M2,0.5,e_origin,1730,estimated,0.30201665327715277,2.8606936238873577
core,all,6,joint_linear,M2,0.5,downside,1730,estimated,-44404.2125597163,-0.7568833007853841
core,all,6,joint_linear,M2,0.5,btc_vol,1730,estimated,-167.09493467044624,-0.3256631961393356
core,all,6,joint_linear,M2,0.5,btc_ret,1730,estimated,44.240625010595004,0.20326502601774138
core,all,6,joint_linear,M2,0.5,account_ls,1730,estimated,1.211636686381081,0.7425718247150922
core,all,6,joint_linear,M2,0.9,e_origin,1730,estimated,0.20046330928006506,1.8987830785429851
core,all,6,joint_linear,M2,0.9,downside,1730,estimated,28310.829016370742,0.48256668632653305
core,all,6,joint_linear,M2,0.9,btc_vol,1730,estimated,8.924033214361609,0.017392682697260776
core,all,6,joint_linear,M2,0.9,btc_ret,1730,estimated,119.32146348072844,0.5482264405866053
core,all,6,joint_linear,M2,0.9,account_ls,1730,estimated,1.4663579659739612,0.8986820246678506
core,matched,6,linear,M0,0.1,e_origin,728,estimated,0.4455111247737815,4.152293020606663
core,matched,6,linear,M0,0.1,downside,728,estimated,-136233.8701236197,-2.1923740136088075
core,matched,6,linear,M0,0.5,e_origin,728,estimated,0.3265161151292597,3.043224984909772
core,matched,6,linear,M0,0.5,downside,728,estimated,-35173.644271660654,-0.566039734429738
core,matched,6,linear,M0,0.9,e_origin,728,estimated,0.2704109893782158,2.5203089248571477
core,matched,6,linear,M0,0.9,downside,728,estimated,36380.22586180617,0.5854569184320236
core,matched,6,linear,M1,0.1,e_origin,728,estimated,0.45462156135905274,4.237204934460464
core,matched,6,linear,M1,0.1,downside,728,estimated,-142510.39009414503,-2.2933803145146694
core,matched,6,linear,M1,0.1,btc_vol,728,estimated,297.1805634301904,0.5700869089639835
core,matched,6,linear,M1,0.1,btc_ret,728,estimated,278.8954421965476,1.4130942727141536
core,matched,6,linear,M1,0.5,e_origin,728,estimated,0.3173038659655003,2.9573641482669357
core,matched,6,linear,M1,0.5,downside,728,estimated,-41424.3306874913,-0.666630303080909
core,matched,6,linear,M1,0.5,btc_vol,728,estimated,28.33437340152541,0.054354346608207406
core,matched,6,linear,M1,0.5,btc_ret,728,estimated,-15.888961270798188,-0.08050543958089773
core,matched,6,linear,M1,0.9,e_origin,728,estimated,0.2607729303837362,2.4304794169738284
core,matched,6,linear,M1,0.9,downside,728,estimated,70948.27873683683,1.1417510379156994
core,matched,6,linear,M1,0.9,btc_vol,728,estimated,-281.9867693723282,-0.5409403759945867
core,matched,6,linear,M1,0.9,btc_ret,728,estimated,152.47907614108723,0.772573791477984
core,matched,6,linear,M2,0.1,e_origin,728,estimated,0.44890358220062077,4.183911708699632
core,matched,6,linear,M2,0.1,downside,728,estimated,-185571.48311756572,-2.986350581427547
core,matched,6,linear,M2,0.1,btc_vol,728,estimated,554.3693504054354,1.0634568618793458
core,matched,6,linear,M2,0.1,btc_ret,728,estimated,229.30430512431988,1.161828238309899
core,matched,6,linear,M2,0.1,account_ls,728,estimated,2.5237529040353848,1.5938730275463024
core,matched,6,linear,M2,0.5,e_origin,728,estimated,0.31510449095839416,2.9368653346933336
core,matched,6,linear,M2,0.5,downside,728,estimated,-60453.394347456175,-0.9728597644737235
core,matched,6,linear,M2,0.5,btc_vol,728,estimated,50.22926786361032,0.09635572301691298
core,matched,6,linear,M2,0.5,btc_ret,728,estimated,8.377576331471717,0.04244710863681112
core,matched,6,linear,M2,0.5,account_ls,728,estimated,0.803979844856696,0.50775247741527
core,matched,6,linear,M2,0.9,e_origin,728,estimated,0.24988161529331723,2.328969198439694
core,matched,6,linear,M2,0.9,downside,728,estimated,63329.34598357447,1.0191416591721574
core,matched,6,linear,M2,0.9,btc_vol,728,estimated,-227.50403324786424,-0.4364251470355024
core,matched,6,linear,M2,0.9,btc_ret,728,estimated,150.7500288205221,0.763813136062825
core,matched,6,linear,M2,0.9,account_ls,728,estimated,0.32716750295315083,0.2066222321578718
core,matched,6,pca,M0,0.1,e_origin,728,estimated,0.4435807269590646,4.113804736303254
core,matched,6,pca,M0,0.1,downside,728,estimated,-134384.11986353976,-2.1626064939884255
core,matched,6,pca,M0,0.5,e_origin,728,estimated,0.32621910604355525,3.025383254846499
core,matched,6,pca,M0,0.5,downside,728,estimated,-32709.892636316556,-0.5263912604018529
core,matched,6,pca,M0,0.9,e_origin,728,estimated,0.2681397527220088,2.4867504778691143
core,matched,6,pca,M0,0.9,downside,728,estimated,34506.10036934644,0.5552971349348494
core,matched,6,pca,M1,0.1,e_origin,728,estimated,0.4645656515908923,4.30842068125919
core,matched,6,pca,M1,0.1,downside,728,estimated,-131807.23973511235,-2.1211374743927642
core,matched,6,pca,M1,0.1,btc_vol,728,estimated,265.48989956180304,0.5092941289812865
core,matched,6,pca,M1,0.1,btc_ret,728,estimated,284.62634862343833,1.4421313591058087
core,matched,6,pca,M1,0.5,e_origin,728,estimated,0.3244713885863717,3.0091747770743233
core,matched,6,pca,M1,0.5,downside,728,estimated,-41629.49297483754,-0.6699319230594232
core,matched,6,pca,M1,0.5,btc_vol,728,estimated,23.8489569980701,0.045749890302763795
core,matched,6,pca,M1,0.5,btc_ret,728,estimated,-21.385485714959135,-0.10835497039683492
core,matched,6,pca,M1,0.9,e_origin,728,estimated,0.26297916219845185,2.4388907300314013
core,matched,6,pca,M1,0.9,downside,728,estimated,72299.31287372552,1.1634928568225942
core,matched,6,pca,M1,0.9,btc_vol,728,estimated,-297.02436841535643,-0.5697872772109023
core,matched,6,pca,M1,0.9,btc_ret,728,estimated,161.96989247051783,0.8206614120316711
core,matched,6,pca,M2,0.1,e_origin,728,estimated,0.45190985851749776,4.191049798525124
core,matched,6,pca,M2,0.1,downside,728,estimated,-183813.38952277607,-2.958058067185594
core,matched,6,pca,M2,0.1,btc_vol,728,estimated,547.2910133043911,1.0498783583865112
core,matched,6,pca,M2,0.1,btc_ret,728,estimated,225.64322546543346,1.143278452565187
core,matched,6,pca,M2,0.1,account_ls,728,estimated,2.5072724787311924,1.583464835312886
core,matched,6,pca,M2,0.5,e_origin,728,estimated,0.32210116311946596,2.9871931079907537
core,matched,6,pca,M2,0.5,downside,728,estimated,-59148.48628351596,-0.9518602397084418
core,matched,6,pca,M2,0.5,btc_vol,728,estimated,53.62021503112475,0.10286063897398424
core,matched,6,pca,M2,0.5,btc_ret,728,estimated,4.660603669076076,0.02361412685805268
core,matched,6,pca,M2,0.5,account_ls,728,estimated,0.7675274477318227,0.4847310110609999
core,matched,6,pca,M2,0.9,e_origin,728,estimated,0.2565965288562846,2.379697654955536
core,matched,6,pca,M2,0.9,downside,728,estimated,67557.82188027835,1.0871893529262344
core,matched,6,pca,M2,0.9,btc_vol,728,estimated,-262.98857144304986,-0.5044957855127047
core,matched,6,pca,M2,0.9,btc_ret,728,estimated,160.21164617725364,0.8117528126387791
core,matched,6,pca,M2,0.9,account_ls,728,estimated,0.20293712135600614,0.12816468819115973
core,matched,6,ml,M0,0.1,e_origin,728,estimated,0.4787796799397153,4.4146404938177115
core,matched,6,ml,M0,0.1,downside,728,estimated,-85207.5830552971,-1.3712220807009112
core,matched,6,ml,M0,0.5,e_origin,728,estimated,0.36198500067529144,3.337722357676054
core,matched,6,ml,M0,0.5,downside,728,estimated,-33568.89978126986,-0.540215024935526
core,matched,6,ml,M0,0.9,e_origin,728,estimated,0.2922944745250832,2.6951332260384926
core,matched,6,ml,M0,0.9,downside,728,estimated,36090.35201451217,0.5807920587355657
core,matched,6,ml,M1,0.1,e_origin,728,estimated,0.5073092091071436,4.677700143191179
core,matched,6,ml,M1,0.1,downside,728,estimated,-26367.016529213382,-0.4243171085324623
core,matched,6,ml,M1,0.1,btc_vol,728,estimated,-27.983725995335238,-0.05368169327710168
core,matched,6,ml,M1,0.1,btc_ret,728,estimated,273.1329289570941,1.3838970424153072
core,matched,6,ml,M1,0.5,e_origin,728,estimated,0.372114765188951,3.431124961187694
core,matched,6,ml,M1,0.5,downside,728,estimated,-31667.84516771653,-0.5096218785364437
core,matched,6,ml,M1,0.5,btc_vol,728,estimated,45.2024212334613,0.08671263120720635
core,matched,6,ml,M1,0.5,btc_ret,728,estimated,38.49245429282945,0.1950317519551847
core,matched,6,ml,M1,0.9,e_origin,728,estimated,0.26506554263321885,2.444065876337343
core,matched,6,ml,M1,0.9,downside,728,estimated,66671.23186852921,1.072921704941778
core,matched,6,ml,M1,0.9,btc_vol,728,estimated,-313.43728217444766,-0.6012724697955469
core,matched,6,ml,M1,0.9,btc_ret,728,estimated,101.97329901292045,0.5166735019763241
core,matched,6,ml,M2,0.1,e_origin,728,estimated,0.4168227842723584,3.8433601493411196
core,matched,6,ml,M2,0.1,downside,728,estimated,-197056.30017995034,-3.171172567735177
core,matched,6,ml,M2,0.1,btc_vol,728,estimated,489.34502387103834,0.9387195072771933
core,matched,6,ml,M2,0.1,btc_ret,728,estimated,198.02109191085927,1.0033239290394618
core,matched,6,ml,M2,0.1,account_ls,728,estimated,3.0462448341193946,1.9238521602656424
core,matched,6,ml,M2,0.5,e_origin,728,estimated,0.3687139262242639,3.3997671529190745
core,matched,6,ml,M2,0.5,downside,728,estimated,-42128.83276419241,-0.677967660260085
core,matched,6,ml,M2,0.5,btc_vol,728,estimated,104.46660272119168,0.20040019423841796
core,matched,6,ml,M2,0.5,btc_ret,728,estimated,18.8786388080546,0.09565339672170284
core,matched,6,ml,M2,0.5,account_ls,728,estimated,0.986991471683778,0.623333244161746
core,matched,6,ml,M2,0.9,e_origin,728,estimated,0.2812133477227646,2.592958482313353
core,matched,6,ml,M2,0.9,downside,728,estimated,44573.50911852857,0.7173091610635719
core,matched,6,ml,M2,0.9,btc_vol,728,estimated,-148.4041909283954,-0.28468647312307704
core,matched,6,ml,M2,0.9,btc_ret,728,estimated,24.847121364160813,0.12589422263984124
core,matched,6,ml,M2,0.9,account_ls,728,estimated,0.9007289271106832,0.5688542407447622
core,matched,6,joint_linear,M0,0.1,e_origin,728,estimated,0.4511907441486952,4.22531351900516
core,matched,6,joint_linear,M0,0.1,downside,728,estimated,-137576.65760470094,-2.2139831213633654
core,matched,6,joint_linear,M0,0.5,e_origin,728,estimated,0.32655068480591987,3.0580836177262616
core,matched,6,joint_linear,M0,0.5,downside,728,estimated,-25081.47847265218,-0.4036292999415992
core,matched,6,joint_linear,M0,0.9,e_origin,728,estimated,0.27729174648452914,2.596783245942437
core,matched,6,joint_linear,M0,0.9,downside,728,estimated,37646.58201647726,0.6058360379781044
core,matched,6,joint_linear,M1,0.1,e_origin,728,estimated,0.4543315361249304,4.254726424676814
core,matched,6,joint_linear,M1,0.1,downside,728,estimated,-141777.90355215184,-2.2815926110711215
core,matched,6,joint_linear,M1,0.1,btc_vol,728,estimated,290.69968191778224,0.5576545154516855
core,matched,6,joint_linear,M1,0.1,btc_ret,728,estimated,279.57313197742616,1.4165279593333904
core,matched,6,joint_linear,M1,0.5,e_origin,728,estimated,0.3236912661145834,3.031305718113546
core,matched,6,joint_linear,M1,0.5,downside,728,estimated,-38134.83192988052,-0.6136933088705833
core,matched,6,joint_linear,M1,0.5,btc_vol,728,estimated,53.77038949848837,0.10314872140076364
core,matched,6,joint_linear,M1,0.5,btc_ret,728,estimated,-15.799548895471128,-0.0800524091746303
core,matched,6,joint_linear,M1,0.9,e_origin,728,estimated,0.2691726514922851,2.5207495012840804
core,matched,6,joint_linear,M1,0.9,downside,728,estimated,70961.44491566284,1.1419629175921004
core,matched,6,joint_linear,M1,0.9,btc_vol,728,estimated,-278.43024895338976,-0.5341178378416964
core,matched,6,joint_linear,M1,0.9,btc_ret,728,estimated,139.06856939066736,0.704626068367264
core,matched,6,joint_linear,M2,0.1,e_origin,728,estimated,0.4498830755543208,4.213067457086018
core,matched,6,joint_linear,M2,0.1,downside,728,estimated,-182921.6842588347,-2.9437081008615853
core,matched,6,joint_linear,M2,0.1,btc_vol,728,estimated,520.1025758864984,0.9977222817298755
core,matched,6,joint_linear,M2,0.1,btc_ret,728,estimated,228.21540969524756,1.1563110743064717
core,matched,6,joint_linear,M2,0.1,account_ls,728,estimated,2.446459816627315,1.5450586737169254
core,matched,6,joint_linear,M2,0.5,e_origin,728,estimated,0.33229108326118145,3.1118413322007843
core,matched,6,joint_linear,M2,0.5,downside,728,estimated,-59672.335127386206,-0.9602903943485326
core,matched,6,joint_linear,M2,0.5,btc_vol,728,estimated,73.75373765573433,0.14148314357905517
core,matched,6,joint_linear,M2,0.5,btc_ret,728,estimated,12.665927442115162,0.06417512378869389
core,matched,6,joint_linear,M2,0.5,account_ls,728,estimated,0.8734434748618307,0.5516221470979117
core,matched,6,joint_linear,M2,0.9,e_origin,728,estimated,0.25019025991407373,2.342983098053004
core,matched,6,joint_linear,M2,0.9,downside,728,estimated,62848.24179464777,1.011399382448431
core,matched,6,joint_linear,M2,0.9,btc_vol,728,estimated,-224.34472485205768,-0.43036458796986077
core,matched,6,joint_linear,M2,0.9,btc_ret,728,estimated,147.40134380914668,0.7468461767843599
core,matched,6,joint_linear,M2,0.9,account_ls,728,estimated,0.35863925549017306,0.22649817857804808
core,all,12,linear,M0,0.1,e_origin,1344,estimated,0.2879895100666617,2.724893755565738
core,all,12,linear,M0,0.1,downside,1344,estimated,-104569.0756679176,-1.5537917883620116
core,all,12,linear,M0,0.5,e_origin,1344,estimated,0.26284582790832123,2.4869897343764507
core,all,12,linear,M0,0.5,downside,1344,estimated,-17233.25290807745,-0.25606888732929484
core,all,12,linear,M0,0.9,e_origin,1344,estimated,0.19655487851797687,1.8597592703138484
core,all,12,linear,M0,0.9,downside,1344,estimated,61999.36274332798,0.9212484675698106
core,all,12,linear,M1,0.1,e_origin,1344,estimated,0.27301194079687224,2.5831792710091457
core,all,12,linear,M1,0.1,downside,1344,estimated,52693.06414701118,0.7829661862486763
core,all,12,linear,M1,0.1,btc_vol,1344,estimated,-1538.6836176558147,-2.8698390839522565
core,all,12,linear,M1,0.1,btc_ret,1344,estimated,57.53746813359809,0.33736572007955756
core,all,12,linear,M1,0.5,e_origin,1344,estimated,0.2615968487295252,2.4751721665617583
core,all,12,linear,M1,0.5,downside,1344,estimated,26168.03804312517,0.38883085050953775
core,all,12,linear,M1,0.5,btc_vol,1344,estimated,-519.690593585483,-0.9692885268422881
core,all,12,linear,M1,0.5,btc_ret,1344,estimated,66.93682996969218,0.39247802475656035
core,all,12,linear,M1,0.9,e_origin,1344,estimated,0.20237523551370473,1.9148302151866359
core,all,12,linear,M1,0.9,downside,1344,estimated,24712.81140412805,0.367207639369563
core,all,12,linear,M1,0.9,btc_vol,1344,estimated,292.1019681440584,0.5448070253430815
core,all,12,linear,M1,0.9,btc_ret,1344,estimated,22.730751633551222,0.1332796982828072
core,all,12,linear,M2,0.1,e_origin,1344,estimated,0.2731037624351968,2.584048067267865
core,all,12,linear,M2,0.1,downside,1344,estimated,8167.632613615285,0.1213628446491738
core,all,12,linear,M2,0.1,btc_vol,1344,estimated,-1537.9456219120552,-2.8684626287765926
core,all,12,linear,M2,0.1,btc_ret,1344,estimated,47.46233552019852,0.2782910948088675
core,all,12,linear,M2,0.1,account_ls,1344,estimated,1.2575846277969915,0.7569912751363229
core,all,12,linear,M2,0.5,e_origin,1344,estimated,0.27238686945197244,2.577264982658482
core,all,12,linear,M2,0.5,downside,1344,estimated,26634.34676928288,0.39575973139442155
core,all,12,linear,M2,0.5,btc_vol,1344,estimated,-749.6409945106973,-1.398175037605989
core,all,12,linear,M2,0.5,btc_ret,1344,estimated,91.51891557127384,0.5366128516623738
core,all,12,linear,M2,0.5,account_ls,1344,estimated,1.3399271319668025,0.8065565734483864
core,all,12,linear,M2,0.9,e_origin,1344,estimated,0.18436638537424982,1.7444344140390142
core,all,12,linear,M2,0.9,downside,1344,estimated,-27611.506571228965,-0.4102793478917786
core,all,12,linear,M2,0.9,btc_vol,1344,estimated,177.56195344541712,0.3311754463187862
core,all,12,linear,M2,0.9,btc_ret,1344,estimated,-17.38596139051088,-0.10194100599223388
core,all,12,linear,M2,0.9,account_ls,1344,estimated,3.433861382532093,2.0669806620950206
core,all,12,pca,M0,0.1,e_origin,1344,estimated,0.27966837882607953,2.6322343543155093
core,all,12,pca,M0,0.1,downside,1344,estimated,-104093.4994714898,-1.5467252021458664
core,all,12,pca,M0,0.5,e_origin,1344,estimated,0.2628040266793915,2.4735073388762965
core,all,12,pca,M0,0.5,downside,1344,estimated,-18481.260313474202,-0.2746130280892135
core,all,12,pca,M0,0.9,e_origin,1344,estimated,0.20268854144741208,1.9077013435107348
core,all,12,pca,M0,0.9,downside,1344,estimated,57539.429575331495,0.8549783251896345
core,all,12,pca,M1,0.1,e_origin,1344,estimated,0.2787034641020394,2.623152592207599
core,all,12,pca,M1,0.1,downside,1344,estimated,59318.81450993191,0.881418204112323
core,all,12,pca,M1,0.1,btc_vol,1344,estimated,-1609.1896080620281,-3.0013416518607783
core,all,12,pca,M1,0.1,btc_ret,1344,estimated,56.40009038301396,0.3306968089113197
core,all,12,pca,M1,0.5,e_origin,1344,estimated,0.2639577345894824,2.4843660194626898
core,all,12,pca,M1,0.5,downside,1344,estimated,28859.55841988909,0.4288241490341023
core,all,12,pca,M1,0.5,btc_vol,1344,estimated,-520.2655349700301,-0.970360865065313
core,all,12,pca,M1,0.5,btc_ret,1344,estimated,66.86213927246222,0.3920400826351635
core,all,12,pca,M1,0.9,e_origin,1344,estimated,0.20479316597544392,1.9275100362520248
core,all,12,pca,M1,0.9,downside,1344,estimated,21047.452342323068,0.31274407282033523
core,all,12,pca,M1,0.9,btc_vol,1344,estimated,310.58292201627324,0.579276336072472
core,all,12,pca,M1,0.9,btc_ret,1344,estimated,19.699944014123133,0.115508832999392
core,all,12,pca,M2,0.1,e_origin,1344,estimated,0.26704752095870354,2.5134470398579825
core,all,12,pca,M2,0.1,downside,1344,estimated,8331.452424715348,0.12379704305470096
core,all,12,pca,M2,0.1,btc_vol,1344,estimated,-1511.7088775757827,-2.819527790277038
core,all,12,pca,M2,0.1,btc_ret,1344,estimated,52.951343671062965,0.3104753957071827
core,all,12,pca,M2,0.1,account_ls,1344,estimated,1.2726798259413123,0.7660776881212863
core,all,12,pca,M2,0.5,e_origin,1344,estimated,0.2768019665830125,2.6052557276595305
core,all,12,pca,M2,0.5,downside,1344,estimated,27565.349997767382,0.409593507413937
core,all,12,pca,M2,0.5,btc_vol,1344,estimated,-751.8546678208529,-1.4023038176304785
core,all,12,pca,M2,0.5,btc_ret,1344,estimated,89.74199495026285,0.526194038942988
core,all,12,pca,M2,0.5,account_ls,1344,estimated,1.313817408743882,0.7908400703685113
core,all,12,pca,M2,0.9,e_origin,1344,estimated,0.1836051678685578,1.7280889334794405
core,all,12,pca,M2,0.9,downside,1344,estimated,-23391.383979084545,-0.3475725506128313
core,all,12,pca,M2,0.9,btc_vol,1344,estimated,186.38494416175752,0.3476314372090236
core,all,12,pca,M2,0.9,btc_ret,1344,estimated,-12.756282731258564,-0.07479530554206801
core,all,12,pca,M2,0.9,account_ls,1344,estimated,3.2557964931478485,1.9597961715306633
core,all,12,ml,M0,0.1,e_origin,1344,estimated,0.2815626659835375,2.63554895862899
core,all,12,ml,M0,0.1,downside,1344,estimated,-105190.61150730796,-1.563027188763602
core,all,12,ml,M0,0.5,e_origin,1344,estimated,0.25901625662445243,2.4245047653244916
core,all,12,ml,M0,0.5,downside,1344,estimated,9309.114936712736,0.13832412932019603
core,all,12,ml,M0,0.9,e_origin,1344,estimated,0.18299335851167514,1.7128973892073651
core,all,12,ml,M0,0.9,downside,1344,estimated,78628.58855085527,1.1683421168300279
core,all,12,ml,M1,0.1,e_origin,1344,estimated,0.2866068570823406,2.6827647801980095
core,all,12,ml,M1,0.1,downside,1344,estimated,87917.40185599613,1.3063645842274683
core,all,12,ml,M1,0.1,btc_vol,1344,estimated,-1916.4383065643738,-3.5743992403979514
core,all,12,ml,M1,0.1,btc_ret,1344,estimated,102.92725852104113,0.6035046346867184
core,all,12,ml,M1,0.5,e_origin,1344,estimated,0.2697788508851197,2.52524732647607
core,all,12,ml,M1,0.5,downside,1344,estimated,38440.18085564196,0.5711826080047486
core,all,12,ml,M1,0.5,btc_vol,1344,estimated,-352.5631351142129,-0.6575747301794149
core,all,12,ml,M1,0.5,btc_ret,1344,estimated,27.65418160022997,0.16214778285185927
core,all,12,ml,M1,0.9,e_origin,1344,estimated,0.19013813932937287,1.7797756437441958
core,all,12,ml,M1,0.9,downside,1344,estimated,33331.962832375895,0.4952796016234004
core,all,12,ml,M1,0.9,btc_vol,1344,estimated,382.4132360595426,0.7132489346551459
core,all,12,ml,M1,0.9,btc_ret,1344,estimated,-13.218285393185432,-0.07750421620107938
core,all,12,ml,M2,0.1,e_origin,1344,estimated,0.24262514178676867,2.271076804659595
core,all,12,ml,M2,0.1,downside,1344,estimated,7906.463668957992,0.11748213556772041
core,all,12,ml,M2,0.1,btc_vol,1344,estimated,-1683.9145006809035,-3.1407130046984046
core,all,12,ml,M2,0.1,btc_ret,1344,estimated,80.22251632387014,0.47037744037250623
core,all,12,ml,M2,0.1,account_ls,1344,estimated,2.128744021332322,1.28137750377091
core,all,12,ml,M2,0.5,e_origin,1344,estimated,0.24827931412291376,2.324002315790063
core,all,12,ml,M2,0.5,downside,1344,estimated,-5175.020247326559,-0.0768956205603159
core,all,12,ml,M2,0.5,btc_vol,1344,estimated,-510.54101995797845,-0.952223417617485
core,all,12,ml,M2,0.5,btc_ret,1344,estimated,47.29660300666723,0.27731933726405766
core,all,12,ml,M2,0.5,account_ls,1344,estimated,1.909184707754457,1.1492158336298581
core,all,12,ml,M2,0.9,e_origin,1344,estimated,0.1666065881161055,1.5595100944093356
core,all,12,ml,M2,0.9,downside,1344,estimated,6118.273117621121,0.09091141399495413
core,all,12,ml,M2,0.9,btc_vol,1344,estimated,43.801048572905735,0.08169448200411926
core,all,12,ml,M2,0.9,btc_ret,1344,estimated,-46.95709019961791,-0.2753286347472129
core,all,12,ml,M2,0.9,account_ls,1344,estimated,3.7376855570671275,2.2498647751915777
core,all,12,joint_linear,M0,0.1,e_origin,1344,estimated,0.2863783949125109,2.720899963237604
core,all,12,joint_linear,M0,0.1,downside,1344,estimated,-104303.4887346532,-1.5498454323923654
core,all,12,joint_linear,M0,0.5,e_origin,1344,estimated,0.26990366359411533,2.5643724575496614
core,all,12,joint_linear,M0,0.5,downside,1344,estimated,-17773.875273073365,-0.2641019944976431
core,all,12,joint_linear,M0,0.9,e_origin,1344,estimated,0.19946914580181238,1.8951694720022236
core,all,12,joint_linear,M0,0.9,downside,1344,estimated,62336.63101609262,0.9262599364897517
core,all,12,joint_linear,M1,0.1,e_origin,1344,estimated,0.2839607450278529,2.697929712690956
core,all,12,joint_linear,M1,0.1,downside,1344,estimated,82581.0844489609,1.227072249336069
core,all,12,joint_linear,M1,0.1,btc_vol,1344,estimated,-1835.960770530747,-3.424298481775888
core,all,12,joint_linear,M1,0.1,btc_ret,1344,estimated,83.73462475431013,0.4909703692598479
core,all,12,joint_linear,M1,0.5,e_origin,1344,estimated,0.2790651988250674,2.6514168062712646
core,all,12,joint_linear,M1,0.5,downside,1344,estimated,26432.76962174617,0.39276449676541286
core,all,12,joint_linear,M1,0.5,btc_vol,1344,estimated,-545.0095933992525,-1.0165116560147656
core,all,12,joint_linear,M1,0.5,btc_ret,1344,estimated,71.63346659098144,0.42001632713744036
core,all,12,joint_linear,M1,0.9,e_origin,1344,estimated,0.22370196204819623,2.1254070527878577
core,all,12,joint_linear,M1,0.9,downside,1344,estimated,14473.035582121134,0.21505482090696626
core,all,12,joint_linear,M1,0.9,btc_vol,1344,estimated,360.156254843048,0.6717368565040835
core,all,12,joint_linear,M1,0.9,btc_ret,1344,estimated,13.88454635120597,0.08141077683286778
core,all,12,joint_linear,M2,0.1,e_origin,1344,estimated,0.27469977269098167,2.609940605486708
core,all,12,joint_linear,M2,0.1,downside,1344,estimated,9221.200276901429,0.13701780548000778
core,all,12,joint_linear,M2,0.1,btc_vol,1344,estimated,-1554.8404933678335,-2.899973695681958
core,all,12,joint_linear,M2,0.1,btc_ret,1344,estimated,45.89759202206355,0.26911636338407857
core,all,12,joint_linear,M2,0.1,account_ls,1344,estimated,1.232589152005399,0.7419454828501507
core,all,12,joint_linear,M2,0.5,e_origin,1344,estimated,0.2830098017482207,2.68889473805405
core,all,12,joint_linear,M2,0.5,downside,1344,estimated,33380.48081845222,0.49600053032886837
core,all,12,joint_linear,M2,0.5,btc_vol,1344,estimated,-816.2918569983581,-1.5224873055416333
core,all,12,joint_linear,M2,0.5,btc_ret,1344,estimated,94.13458034905148,0.5519495645881621
core,all,12,joint_linear,M2,0.5,account_ls,1344,estimated,1.3841509126900762,0.8331766635966767
core,all,12,joint_linear,M2,0.9,e_origin,1344,estimated,0.19357972212213415,1.8392136703139619
core,all,12,joint_linear,M2,0.9,downside,1344,estimated,-22327.603915812997,-0.3317658437410629
core,all,12,joint_linear,M2,0.9,btc_vol,1344,estimated,180.1431744978879,0.3359897492565056
core,all,12,joint_linear,M2,0.9,btc_ret,1344,estimated,-11.16023729131348,-0.06543703802364818
core,all,12,joint_linear,M2,0.9,account_ls,1344,estimated,3.382779120854263,2.0362321736437208
core,matched,12,linear,M0,0.1,e_origin,728,estimated,0.3464188396271459,3.2287241552516877
core,matched,12,linear,M0,0.1,downside,728,estimated,-103521.38099932057,-1.6659409686435822
core,matched,12,linear,M0,0.5,e_origin,728,estimated,0.318207406112517,2.965785404746671
core,matched,12,linear,M0,0.5,downside,728,estimated,-7962.604641998479,-0.12813999544986646
core,matched,12,linear,M0,0.9,e_origin,728,estimated,0.22238707259031187,2.0727120784218016
core,matched,12,linear,M0,0.9,downside,728,estimated,43172.902939337146,0.6947695929827938
core,matched,12,linear,M1,0.1,e_origin,728,estimated,0.3472405825275121,3.236383037645828
core,matched,12,linear,M1,0.1,downside,728,estimated,110464.12497672155,1.7776686283318903
core,matched,12,linear,M1,0.1,btc_vol,728,estimated,-1844.0101843338587,-3.5373984555081424
core,matched,12,linear,M1,0.1,btc_ret,728,estimated,95.50852388784102,0.4839180842768242
core,matched,12,linear,M1,0.5,e_origin,728,estimated,0.3183423499319826,2.967043120320049
core,matched,12,linear,M1,0.5,downside,728,estimated,-19400.63251650947,-0.31220901629069353
core,matched,12,linear,M1,0.5,btc_vol,728,estimated,-54.08327833726629,-0.103748941781563
core,matched,12,linear,M1,0.5,btc_ret,728,estimated,102.70469288184458,0.5203792939359739
core,matched,12,linear,M1,0.9,e_origin,728,estimated,0.2202889149680605,2.0531566402597785
core,matched,12,linear,M1,0.9,downside,728,estimated,-16078.713731645448,-0.25875029554344997
core,matched,12,linear,M1,0.9,btc_vol,728,estimated,390.0823200106065,0.7483020473799755
core,matched,12,linear,M1,0.9,btc_ret,728,estimated,4.719244262046181,0.02391124424879232
core,matched,12,linear,M2,0.1,e_origin,728,estimated,0.24911561775425572,2.3218298789965215
core,matched,12,linear,M2,0.1,downside,728,estimated,18567.12970769437,0.2987956859884858
core,matched,12,linear,M2,0.1,btc_vol,728,estimated,-1403.5973052008421,-2.6925463762373236
core,matched,12,linear,M2,0.1,btc_ret,728,estimated,111.39888158174193,0.564430599188438
core,matched,12,linear,M2,0.1,account_ls,728,estimated,2.704547378024694,1.7080535541581667
core,matched,12,linear,M2,0.5,e_origin,728,estimated,0.3126230657442962,2.913737731307698
core,matched,12,linear,M2,0.5,downside,728,estimated,-7994.664823130105,-0.12865593108261908
core,matched,12,linear,M2,0.5,btc_vol,728,estimated,-279.3331469994407,-0.5358498836735016
core,matched,12,linear,M2,0.5,btc_ret,728,estimated,117.5408344441321,0.5955503562729132
core,matched,12,linear,M2,0.5,account_ls,728,estimated,0.36749021182312813,0.2320879891116111
core,matched,12,linear,M2,0.9,e_origin,728,estimated,0.18368076866987,1.7119580889362633
core,matched,12,linear,M2,0.9,downside,728,estimated,-36636.24916619799,-0.5895770306986543
core,matched,12,linear,M2,0.9,btc_vol,728,estimated,259.248947905833,0.4973219972998638
core,matched,12,linear,M2,0.9,btc_ret,728,estimated,-35.377041407543715,-0.1792467248831588
core,matched,12,linear,M2,0.9,account_ls,728,estimated,2.192955974792826,1.3849586357008064
core,matched,12,pca,M0,0.1,e_origin,728,estimated,0.3427839823340782,3.1790073020574576
core,matched,12,pca,M0,0.1,downside,728,estimated,-104887.11157658798,-1.6879192933030451
core,matched,12,pca,M0,0.5,e_origin,728,estimated,0.3179402984303576,2.948604901098819
core,matched,12,pca,M0,0.5,downside,728,estimated,-9182.891581889744,-0.14777773585712503
core,matched,12,pca,M0,0.9,e_origin,728,estimated,0.22058164437669844,2.045692606167182
core,matched,12,pca,M0,0.9,downside,728,estimated,35203.45831893385,0.5665195236511918
core,matched,12,pca,M1,0.1,e_origin,728,estimated,0.34289545970693824,3.1800411525306425
core,matched,12,pca,M1,0.1,downside,728,estimated,102689.04135223317,1.6525463567815326
core,matched,12,pca,M1,0.1,btc_vol,728,estimated,-1798.3666984389215,-3.4498397218956787
core,matched,12,pca,M1,0.1,btc_ret,728,estimated,106.27545813600965,0.5384714789144268
core,matched,12,pca,M1,0.5,e_origin,728,estimated,0.3175239692814463,2.944743829775019
core,matched,12,pca,M1,0.5,downside,728,estimated,-21857.71493641143,-0.35175016447799845
core,matched,12,pca,M1,0.5,btc_vol,728,estimated,-25.778029957295825,-0.04945046623477401
core,matched,12,pca,M1,0.5,btc_ret,728,estimated,106.32407059158153,0.5387177862115636
core,matched,12,pca,M1,0.9,e_origin,728,estimated,0.2227204361703681,2.06552794002193
core,matched,12,pca,M1,0.9,downside,728,estimated,-15288.834407453476,-0.2460389859207108
core,matched,12,pca,M1,0.9,btc_vol,728,estimated,377.1684262171675,0.7235290887772498
core,matched,12,pca,M1,0.9,btc_ret,728,estimated,17.924173267775952,0.09081735573857246
core,matched,12,pca,M2,0.1,e_origin,728,estimated,0.2500927083550106,2.3193806800372903
core,matched,12,pca,M2,0.1,downside,728,estimated,10913.714101100217,0.17563138421815824
core,matched,12,pca,M2,0.1,btc_vol,728,estimated,-1403.6506515058752,-2.6926487114297397
core,matched,12,pca,M2,0.1,btc_ret,728,estimated,105.78757047968031,0.5359994727480405
core,matched,12,pca,M2,0.1,account_ls,728,estimated,2.5683816463838434,1.622058254621736
core,matched,12,pca,M2,0.5,e_origin,728,estimated,0.31087862549258816,2.8831143560591985
core,matched,12,pca,M2,0.5,downside,728,estimated,-7067.349194088406,-0.11373289699660549
core,matched,12,pca,M2,0.5,btc_vol,728,estimated,-294.09213631270234,-0.5641623227506497
core,matched,12,pca,M2,0.5,btc_ret,728,estimated,118.4696629156185,0.6002565005650321
core,matched,12,pca,M2,0.5,account_ls,728,estimated,0.4239399435679368,0.2677387474312589
core,matched,12,pca,M2,0.9,e_origin,728,estimated,0.1720694871352738,1.5957868052632624
core,matched,12,pca,M2,0.9,downside,728,estimated,-32975.2629832359,-0.5306617920401335
core,matched,12,pca,M2,0.9,btc_vol,728,estimated,152.20594471665206,0.29197944693257877
core,matched,12,pca,M2,0.9,btc_ret,728,estimated,-34.00187705243665,-0.17227910698686855
core,matched,12,pca,M2,0.9,account_ls,728,estimated,2.3183783706114616,1.4641689947759422
core,matched,12,ml,M0,0.1,e_origin,728,estimated,0.38101315983627276,3.5131735839383165
core,matched,12,ml,M0,0.1,downside,728,estimated,-85066.80700243864,-1.3689566105961184
core,matched,12,ml,M0,0.5,e_origin,728,estimated,0.300658476582252,2.7722544233637447
core,matched,12,ml,M0,0.5,downside,728,estimated,11041.198339041426,0.1776829528196625
core,matched,12,ml,M0,0.9,e_origin,728,estimated,0.2067874922808687,1.9067067281407715
core,matched,12,ml,M0,0.9,downside,728,estimated,52363.59578325267,0.8426728723932448
core,matched,12,ml,M1,0.1,e_origin,728,estimated,0.3569571568819703,3.2913625731309364
core,matched,12,ml,M1,0.1,downside,728,estimated,151341.22937222815,2.435492569962287
core,matched,12,ml,M1,0.1,btc_vol,728,estimated,-1983.5280698990393,-3.8050381665612125
core,matched,12,ml,M1,0.1,btc_ret,728,estimated,192.91292550582943,0.9774421124196997
core,matched,12,ml,M1,0.5,e_origin,728,estimated,0.2952604948778583,2.722481741657403
core,matched,12,ml,M1,0.5,downside,728,estimated,-40561.99386902962,-0.6527529550318667
core,matched,12,ml,M1,0.5,btc_vol,728,estimated,260.8031874934261,0.5003035235210043
core,matched,12,ml,M1,0.5,btc_ret,728,estimated,122.57749987774383,0.6210698951429614
core,matched,12,ml,M1,0.9,e_origin,728,estimated,0.21386627170515363,1.971977389370978
core,matched,12,ml,M1,0.9,downside,728,estimated,166.457418706478,0.002678753226443147
core,matched,12,ml,M1,0.9,btc_vol,728,estimated,487.59025955233443,0.9353533107976406
core,matched,12,ml,M1,0.9,btc_ret,728,estimated,-22.321661865351672,-0.11309834356189001
core,matched,12,ml,M2,0.1,e_origin,728,estimated,0.2646212255969128,2.439969002424865
core,matched,12,ml,M2,0.1,downside,728,estimated,-14316.303305164742,-0.23038831172236776
core,matched,12,ml,M2,0.1,btc_vol,728,estimated,-1324.9073725981057,-2.541594039629966
core,matched,12,ml,M2,0.1,btc_ret,728,estimated,200.982115970941,1.018326706093529
core,matched,12,ml,M2,0.1,account_ls,728,estimated,3.6727310929162233,2.3195087827614627
core,matched,12,ml,M2,0.5,e_origin,728,estimated,0.30256222499357416,2.789808144164348
core,matched,12,ml,M2,0.5,downside,728,estimated,-41672.463923832736,-0.6706234426634077
core,matched,12,ml,M2,0.5,btc_vol,728,estimated,142.45139169166043,0.2732671094965235
core,matched,12,ml,M2,0.5,btc_ret,728,estimated,143.19494402774933,0.7255333887623538
core,matched,12,ml,M2,0.5,account_ls,728,estimated,1.0311701714070527,0.6512342473734326
core,matched,12,ml,M2,0.9,e_origin,728,estimated,0.19022738217452193,1.7540124185853545
core,matched,12,ml,M2,0.9,downside,728,estimated,-26048.48662114507,-0.4191910947711818
core,matched,12,ml,M2,0.9,btc_vol,728,estimated,-32.16838370753895,-0.061709198685553156
core,matched,12,ml,M2,0.9,btc_ret,728,estimated,-27.876394059918216,-0.14124279866227554
core,matched,12,ml,M2,0.9,account_ls,728,estimated,3.109676855822475,1.963912575179326
core,matched,12,joint_linear,M0,0.1,e_origin,728,estimated,0.34904360298419385,3.26872541943223
core,matched,12,joint_linear,M0,0.1,downside,728,estimated,-100769.9697247763,-1.6216632675580331
core,matched,12,joint_linear,M0,0.5,e_origin,728,estimated,0.33823705345555993,3.167524186008684
core,matched,12,joint_linear,M0,0.5,downside,728,estimated,1536.594162282053,0.02472798510233396
core,matched,12,joint_linear,M0,0.9,e_origin,728,estimated,0.22011524068194152,2.06133639542475
core,matched,12,joint_linear,M0,0.9,downside,728,estimated,28101.577042113357,0.45223091139267
core,matched,12,joint_linear,M1,0.1,e_origin,728,estimated,0.3466098818785763,3.2459340948706936
core,matched,12,joint_linear,M1,0.1,downside,728,estimated,111046.17539214458,1.7870354047746777
core,matched,12,joint_linear,M1,0.1,btc_vol,728,estimated,-1857.2348609790397,-3.5627675945382276
core,matched,12,joint_linear,M1,0.1,btc_ret,728,estimated,91.79992788194816,0.46512754494615793
core,matched,12,joint_linear,M1,0.5,e_origin,728,estimated,0.3200576271239756,2.997277396058386
core,matched,12,joint_linear,M1,0.5,downside,728,estimated,-19529.546456698135,-0.3142835926952623
core,matched,12,joint_linear,M1,0.5,btc_vol,728,estimated,-48.1538340803562,-0.09237438043986822
core,matched,12,joint_linear,M1,0.5,btc_ret,728,estimated,101.78881470138097,0.5157387655676225
core,matched,12,joint_linear,M1,0.9,e_origin,728,estimated,0.22707533768499388,2.126516349450785
core,matched,12,joint_linear,M1,0.9,downside,728,estimated,-19651.464635914046,-0.3162455882522917
core,matched,12,joint_linear,M1,0.9,btc_vol,728,estimated,415.8664394492134,0.7977641951780985
core,matched,12,joint_linear,M1,0.9,btc_ret,728,estimated,0.9357661313910056,0.004741295700116246
core,matched,12,joint_linear,M2,0.1,e_origin,728,estimated,0.2550293303349954,2.3883000508808307
core,matched,12,joint_linear,M2,0.1,downside,728,estimated,16142.056037937282,0.2597696457692804
core,matched,12,joint_linear,M2,0.1,btc_vol,728,estimated,-1443.0080754164524,-2.768148777392959
core,matched,12,joint_linear,M2,0.1,btc_ret,728,estimated,101.88268639374809,0.5162143902311496
core,matched,12,joint_linear,M2,0.1,account_ls,728,estimated,2.5915511999210894,1.6366909575239328
core,matched,12,joint_linear,M2,0.5,e_origin,728,estimated,0.31841410823302463,2.9818861614669534
core,matched,12,joint_linear,M2,0.5,downside,728,estimated,-7425.735539101037,-0.11950030938036121
core,matched,12,joint_linear,M2,0.5,btc_vol,728,estimated,-282.90359924724953,-0.5426991475084664
core,matched,12,joint_linear,M2,0.5,btc_ret,728,estimated,115.49470291018916,0.5851831135203517
core,matched,12,joint_linear,M2,0.5,account_ls,728,estimated,0.38022082257095013,0.24012799059618592
core,matched,12,joint_linear,M2,0.9,e_origin,728,estimated,0.18435843599605675,1.7264808776752445
core,matched,12,joint_linear,M2,0.9,downside,728,estimated,-42541.67571915555,-0.6846114278146687
core,matched,12,joint_linear,M2,0.9,btc_vol,728,estimated,304.25611165468433,0.5836600625039353
core,matched,12,joint_linear,M2,0.9,btc_ret,728,estimated,-21.649497173908625,-0.10969265120522015
core,matched,12,joint_linear,M2,0.9,account_ls,728,estimated,2.414567864714718,1.5249173509004113
full_macro,all,1,linear,M0,0.1,e_origin,1050,estimated,0.5137613247305268,4.968602471673453
full_macro,all,1,linear,M0,0.1,downside,1050,estimated,-106548.88250861534,-1.900806876319368
full_macro,all,1,linear,M0,0.1,dxy_ret,1050,estimated,263.54954752678117,0.2616144069725218
full_macro,all,1,linear,M0,0.1,fx_ret,1050,estimated,152.62028088084543,0.19362148819570768
full_macro,all,1,linear,M0,0.5,e_origin,1050,estimated,0.406247100421824,3.928828913551954
full_macro,all,1,linear,M0,0.5,downside,1050,estimated,-60179.97730082072,-1.0735965687945541
full_macro,all,1,linear,M0,0.5,dxy_ret,1050,estimated,101.21739096395892,0.10047419151668695
full_macro,all,1,linear,M0,0.5,fx_ret,1050,estimated,337.8489610202433,0.42861157272528
full_macro,all,1,linear,M0,0.9,e_origin,1050,estimated,0.3079343805614713,2.9780434040523835
full_macro,all,1,linear,M0,0.9,downside,1050,estimated,24253.999066646298,0.4326856098223
full_macro,all,1,linear,M0,0.9,dxy_ret,1050,estimated,263.80967518954856,0.2618726246202874
full_macro,all,1,linear,M0,0.9,fx_ret,1050,estimated,173.28912864122415,0.21984299060389326
full_macro,all,1,linear,M1,0.1,e_origin,1050,estimated,0.4767073051177344,4.61025184352891
full_macro,all,1,linear,M1,0.1,downside,1050,estimated,28123.713077384564,0.5017203929924186
full_macro,all,1,linear,M1,0.1,dxy_ret,1050,estimated,136.0055926075463,0.13500695709353847
full_macro,all,1,linear,M1,0.1,fx_ret,1050,estimated,96.29726298302343,0.12216737684097981
full_macro,all,1,linear,M1,0.1,btc_vol,1050,estimated,-1358.0315473564863,-2.710011700981358
full_macro,all,1,linear,M1,0.1,btc_ret,1050,estimated,370.23621252342684,1.9085736643037168
full_macro,all,1,linear,M1,0.1,vixy_ret,1050,estimated,49.09732872691112,0.9852287545850931
full_macro,all,1,linear,M1,0.5,e_origin,1050,estimated,0.39398217383405,3.8102144098407784
full_macro,all,1,linear,M1,0.5,downside,1050,estimated,-51862.40852231051,-0.9252131080184813
full_macro,all,1,linear,M1,0.5,dxy_ret,1050,estimated,-106.76695964343452,-0.10598301189850437
full_macro,all,1,linear,M1,0.5,fx_ret,1050,estimated,204.38769399248253,0.2592961384379163
full_macro,all,1,linear,M1,0.5,btc_vol,1050,estimated,15.971811758527867,0.03187245306321302
full_macro,all,1,linear,M1,0.5,btc_ret,1050,estimated,202.03456856209758,1.0414914689420993
full_macro,all,1,linear,M1,0.5,vixy_ret,1050,estimated,13.528359367971687,0.2714715646918835
full_macro,all,1,linear,M1,0.9,e_origin,1050,estimated,0.31966377128631723,3.091478723025179
full_macro,all,1,linear,M1,0.9,downside,1050,estimated,-100849.0064953808,-1.7991224356660558
full_macro,all,1,linear,M1,0.9,dxy_ret,1050,estimated,467.4425229932278,0.4640102766034381
full_macro,all,1,linear,M1,0.9,fx_ret,1050,estimated,-28.314058648342154,-0.03592058762251039
full_macro,all,1,linear,M1,0.9,btc_vol,1050,estimated,1074.285111924947,2.1437832053119785
full_macro,all,1,linear,M1,0.9,btc_ret,1050,estimated,136.89649809154574,0.7057036620273761
full_macro,all,1,linear,M1,0.9,vixy_ret,1050,estimated,19.882393209239723,0.3989770117365559
full_macro,all,1,linear,M2,0.1,e_origin,1050,estimated,0.4477040881910265,4.329760789858984
full_macro,all,1,linear,M2,0.1,downside,1050,estimated,12800.802042202642,0.22836328238594492
full_macro,all,1,linear,M2,0.1,dxy_ret,1050,estimated,251.34496791798207,0.24949944078620934
full_macro,all,1,linear,M2,0.1,fx_ret,1050,estimated,181.79208911483408,0.23063025853098473
full_macro,all,1,linear,M2,0.1,btc_vol,1050,estimated,-1332.8073931522406,-2.6596757914997795
full_macro,all,1,linear,M2,0.1,btc_ret,1050,estimated,353.3638364123492,1.821596292532466
full_macro,all,1,linear,M2,0.1,vixy_ret,1050,estimated,33.26788560125884,0.66758168618331
full_macro,all,1,linear,M2,0.1,account_ls,1050,estimated,0.7520043532484376,0.4295589709741784
full_macro,all,1,linear,M2,0.5,e_origin,1050,estimated,0.39925640997014783,3.8612217189560574
full_macro,all,1,linear,M2,0.5,downside,1050,estimated,-68969.90657152198,-1.2304068290876065
full_macro,all,1,linear,M2,0.5,dxy_ret,1050,estimated,-124.28470875360449,-0.12337213507461166
full_macro,all,1,linear,M2,0.5,fx_ret,1050,estimated,267.6803953624138,0.3395923281739335
full_macro,all,1,linear,M2,0.5,btc_vol,1050,estimated,47.72337338849816,0.09523409124396631
full_macro,all,1,linear,M2,0.5,btc_ret,1050,estimated,197.26845364015904,1.0169220694253482
full_macro,all,1,linear,M2,0.5,vixy_ret,1050,estimated,18.168877324798352,0.3645921446864549
full_macro,all,1,linear,M2,0.5,account_ls,1050,estimated,0.5510817380986099,0.31478821009177765
full_macro,all,1,linear,M2,0.9,e_origin,1050,estimated,0.3167620698967977,3.063416274565114
full_macro,all,1,linear,M2,0.9,downside,1050,estimated,-104159.44887519599,-1.8581799451495828
full_macro,all,1,linear,M2,0.9,dxy_ret,1050,estimated,439.40202356649075,0.4361756675229816
full_macro,all,1,linear,M2,0.9,fx_ret,1050,estimated,-163.06160622724727,-0.2068678597830084
full_macro,all,1,linear,M2,0.9,btc_vol,1050,estimated,1049.709650114026,2.094741790041282
full_macro,all,1,linear,M2,0.9,btc_ret,1050,estimated,105.59441463754928,0.5443409154960531
full_macro,all,1,linear,M2,0.9,vixy_ret,1050,estimated,17.390978715681825,0.348982169607846
full_macro,all,1,linear,M2,0.9,account_ls,1050,estimated,1.4079696889744375,0.804258656410843
full_macro,all,1,pca,M0,0.1,e_origin,1050,estimated,0.5129735150481627,4.935907830007643
full_macro,all,1,pca,M0,0.1,downside,1050,estimated,-104489.1854882406,-1.8640623683781774
full_macro,all,1,pca,M0,0.1,dxy_ret,1050,estimated,284.2265617854478,0.28213959805710814
full_macro,all,1,pca,M0,0.1,fx_ret,1050,estimated,156.47289659165278,0.19850910328242782
full_macro,all,1,pca,M0,0.5,e_origin,1050,estimated,0.40460527178864275,3.8931723968174587
full_macro,all,1,pca,M0,0.5,downside,1050,estimated,-59246.93793851972,-1.0569513671370427
full_macro,all,1,pca,M0,0.5,dxy_ret,1050,estimated,101.21642608597547,0.10047323372342261
full_macro,all,1,pca,M0,0.5,fx_ret,1050,estimated,356.6361723015987,0.4524459398640956
full_macro,all,1,pca,M0,0.9,e_origin,1050,estimated,0.3151922049044897,3.032826503721883
full_macro,all,1,pca,M0,0.9,downside,1050,estimated,23607.387267204154,0.4211502081761167
full_macro,all,1,pca,M0,0.9,dxy_ret,1050,estimated,260.48847338608005,0.258575809093931
full_macro,all,1,pca,M0,0.9,fx_ret,1050,estimated,181.1669133886385,0.22983713029277683
full_macro,all,1,pca,M1,0.1,e_origin,1050,estimated,0.475013124357518,4.570647277282011
full_macro,all,1,pca,M1,0.1,downside,1050,estimated,32673.610874810365,0.5828894941249246
full_macro,all,1,pca,M1,0.1,dxy_ret,1050,estimated,128.8734827293007,0.12792721548984443
full_macro,all,1,pca,M1,0.1,fx_ret,1050,estimated,99.99507627911215,0.12685860207871577
full_macro,all,1,pca,M1,0.1,btc_vol,1050,estimated,-1385.6714668191798,-2.7651683763206676
full_macro,all,1,pca,M1,0.1,btc_ret,1050,estimated,372.3386355128947,1.9194116888221078
full_macro,all,1,pca,M1,0.1,vixy_ret,1050,estimated,46.18430100626132,0.9267734628674694
full_macro,all,1,pca,M1,0.5,e_origin,1050,estimated,0.3970449471474673,3.8204258231658463
full_macro,all,1,pca,M1,0.5,downside,1050,estimated,-51089.445734144305,-0.9114236346022162
full_macro,all,1,pca,M1,0.5,dxy_ret,1050,estimated,-32.20499846397527,-0.03196852984104521
full_macro,all,1,pca,M1,0.5,fx_ret,1050,estimated,197.48969610275503,0.2505450038621477
full_macro,all,1,pca,M1,0.5,btc_vol,1050,estimated,24.54926651257824,0.04898914140036018
full_macro,all,1,pca,M1,0.5,btc_ret,1050,estimated,201.90496054559642,1.040823337520565
full_macro,all,1,pca,M1,0.5,vixy_ret,1050,estimated,14.86107975887825,0.298215065509339
full_macro,all,1,pca,M1,0.9,e_origin,1050,estimated,0.3298870320451719,3.1742223267352645
full_macro,all,1,pca,M1,0.9,downside,1050,estimated,-99349.35362087094,-1.7723689828953995
full_macro,all,1,pca,M1,0.9,dxy_ret,1050,estimated,466.4152246800707,0.46299052133729346
full_macro,all,1,pca,M1,0.9,fx_ret,1050,estimated,-4.5130203179851,-0.005725436391431836
full_macro,all,1,pca,M1,0.9,btc_vol,1050,estimated,1054.4078857278116,2.1041173259131183
full_macro,all,1,pca,M1,0.9,btc_ret,1050,estimated,141.3886986780369,0.7288610287142023
full_macro,all,1,pca,M1,0.9,vixy_ret,1050,estimated,22.028499262741438,0.4420426010287913
full_macro,all,1,pca,M2,0.1,e_origin,1050,estimated,0.4540331903288159,4.368775216429918
full_macro,all,1,pca,M2,0.1,downside,1050,estimated,13241.981937805798,0.2362338274307372
full_macro,all,1,pca,M2,0.1,dxy_ret,1050,estimated,224.3418281470072,0.22269457443802543
full_macro,all,1,pca,M2,0.1,fx_ret,1050,estimated,182.467460280434,0.23148706713737183
full_macro,all,1,pca,M2,0.1,btc_vol,1050,estimated,-1277.1314022030922,-2.54857190202856
full_macro,all,1,pca,M2,0.1,btc_ret,1050,estimated,348.3571265335445,1.7957866221213328
full_macro,all,1,pca,M2,0.1,vixy_ret,1050,estimated,34.2604972080865,0.6875002748833403
full_macro,all,1,pca,M2,0.1,account_ls,1050,estimated,0.7153474481451786,0.40861986022670116
full_macro,all,1,pca,M2,0.5,e_origin,1050,estimated,0.40056940962141774,3.854338727850812
full_macro,all,1,pca,M2,0.5,downside,1050,estimated,-70633.9584385854,-1.2600931210223012
full_macro,all,1,pca,M2,0.5,dxy_ret,1050,estimated,-97.60122642697424,-0.09688457905202438
full_macro,all,1,pca,M2,0.5,fx_ret,1050,estimated,241.5229435351734,0.3064077165288277
full_macro,all,1,pca,M2,0.5,btc_vol,1050,estimated,56.29274607045721,0.11233465145067477
full_macro,all,1,pca,M2,0.5,btc_ret,1050,estimated,196.92639072991994,1.0151587295900366
full_macro,all,1,pca,M2,0.5,vixy_ret,1050,estimated,17.752015127563915,0.3562270333033222
full_macro,all,1,pca,M2,0.5,account_ls,1050,estimated,0.5601316004173307,0.31995766094441574
full_macro,all,1,pca,M2,0.9,e_origin,1050,estimated,0.3210626741287695,3.0893130359889946
full_macro,all,1,pca,M2,0.9,downside,1050,estimated,-104096.54498546336,-1.8570577546269245
full_macro,all,1,pca,M2,0.9,dxy_ret,1050,estimated,440.60834474460904,0.43737313115968063
full_macro,all,1,pca,M2,0.9,fx_ret,1050,estimated,-96.32953601957487,-0.12220831997992321
full_macro,all,1,pca,M2,0.9,btc_vol,1050,estimated,1032.1428066655226,2.0596863810653847
full_macro,all,1,pca,M2,0.9,btc_ret,1050,estimated,112.0615957813956,0.5776793389022877
full_macro,all,1,pca,M2,0.9,vixy_ret,1050,estimated,18.153362893601397,0.36428081891532604
full_macro,all,1,pca,M2,0.9,account_ls,1050,estimated,1.434353832001836,0.819329773060537
full_macro,all,1,ml,M0,0.1,e_origin,1050,estimated,0.4979541864041039,4.760090024763387
full_macro,all,1,ml,M0,0.1,downside,1050,estimated,-100062.25064454517,-1.7850868972723806
full_macro,all,1,ml,M0,0.1,dxy_ret,1050,estimated,47.23435632505804,0.04688753304519766
full_macro,all,1,ml,M0,0.1,fx_ret,1050,estimated,170.98776076577732,0.21692336373413473
full_macro,all,1,ml,M0,0.5,e_origin,1050,estimated,0.40183763350890667,3.84128372261137
full_macro,all,1,ml,M0,0.5,downside,1050,estimated,-13235.175810798777,-0.23611240773386707
full_macro,all,1,ml,M0,0.5,dxy_ret,1050,estimated,96.06709768632899,0.09536171481465505
full_macro,all,1,ml,M0,0.5,fx_ret,1050,estimated,237.5047083205065,0.3013099885093673
full_macro,all,1,ml,M0,0.9,e_origin,1050,estimated,0.34552970408289474,3.3030197206328316
full_macro,all,1,ml,M0,0.9,downside,1050,estimated,34061.330433167335,0.6076460829959015
full_macro,all,1,ml,M0,0.9,dxy_ret,1050,estimated,443.38541278119584,0.4401298082791516
full_macro,all,1,ml,M0,0.9,fx_ret,1050,estimated,175.53577078373328,0.2226931897554426
full_macro,all,1,ml,M1,0.1,e_origin,1050,estimated,0.4662718183124308,4.457228981655964
full_macro,all,1,ml,M1,0.1,downside,1050,estimated,74066.53218452711,1.3213294252062682
full_macro,all,1,ml,M1,0.1,dxy_ret,1050,estimated,338.8956601884552,0.3364072827966233
full_macro,all,1,ml,M1,0.1,fx_ret,1050,estimated,85.21428737097945,0.10810697661595302
full_macro,all,1,ml,M1,0.1,btc_vol,1050,estimated,-1804.3282458180988,-3.6006163981216006
full_macro,all,1,ml,M1,0.1,btc_ret,1050,estimated,361.3066037917975,1.8625413868515324
full_macro,all,1,ml,M1,0.1,vixy_ret,1050,estimated,50.72082070038556,1.0178071252740954
full_macro,all,1,ml,M1,0.5,e_origin,1050,estimated,0.4134882359494807,3.9526552462857483
full_macro,all,1,ml,M1,0.5,downside,1050,estimated,-20255.486329422256,-0.3613530878190637
full_macro,all,1,ml,M1,0.5,dxy_ret,1050,estimated,107.1502494210833,0.1063634873302371
full_macro,all,1,ml,M1,0.5,fx_ret,1050,estimated,128.80334161876178,0.16340616427167617
full_macro,all,1,ml,M1,0.5,btc_vol,1050,estimated,90.67935920242813,0.18095465083593082
full_macro,all,1,ml,M1,0.5,btc_ret,1050,estimated,173.41892022067935,0.8939773388704727
full_macro,all,1,ml,M1,0.5,vixy_ret,1050,estimated,10.505261042158187,0.21080750259807396
full_macro,all,1,ml,M1,0.9,e_origin,1050,estimated,0.334320018492646,3.1958630503692453
full_macro,all,1,ml,M1,0.9,downside,1050,estimated,-65351.78859456263,-1.165860459684033
full_macro,all,1,ml,M1,0.9,dxy_ret,1050,estimated,517.20780248415,0.5134101492422497
full_macro,all,1,ml,M1,0.9,fx_ret,1050,estimated,28.114372349646718,0.035667255902095796
full_macro,all,1,ml,M1,0.9,btc_vol,1050,estimated,919.969904667508,1.8358404199465914
full_macro,all,1,ml,M1,0.9,btc_ret,1050,estimated,118.76912291749967,0.6122567497863209
full_macro,all,1,ml,M1,0.9,vixy_ret,1050,estimated,13.197055324749162,0.2648233359927481
full_macro,all,1,ml,M2,0.1,e_origin,1050,estimated,0.4371567328648488,4.178909345847744
full_macro,all,1,ml,M2,0.1,downside,1050,estimated,34215.318349734,0.610393191025461
full_macro,all,1,ml,M2,0.1,dxy_ret,1050,estimated,308.68493006141284,0.30641837816536055
full_macro,all,1,ml,M2,0.1,fx_ret,1050,estimated,130.48384121897297,0.16553812754436348
full_macro,all,1,ml,M2,0.1,btc_vol,1050,estimated,-1633.2136180753998,-3.2591496300671654
full_macro,all,1,ml,M2,0.1,btc_ret,1050,estimated,344.18679658858173,1.7742885037979947
full_macro,all,1,ml,M2,0.1,vixy_ret,1050,estimated,48.28099082978124,0.9688474240613196
full_macro,all,1,ml,M2,0.1,account_ls,1050,estimated,1.5768182040981389,0.9007080906378461
full_macro,all,1,ml,M2,0.5,e_origin,1050,estimated,0.39888296993215633,3.8130392274304272
full_macro,all,1,ml,M2,0.5,downside,1050,estimated,-62383.11071690501,-1.1128999481275412
full_macro,all,1,ml,M2,0.5,dxy_ret,1050,estimated,167.56104473762238,0.16633070996365398
full_macro,all,1,ml,M2,0.5,fx_ret,1050,estimated,188.39297549233794,0.23900446303674694
full_macro,all,1,ml,M2,0.5,btc_vol,1050,estimated,150.63565484962075,0.30060007664925154
full_macro,all,1,ml,M2,0.5,btc_ret,1050,estimated,182.75413044619265,0.9421004985844245
full_macro,all,1,ml,M2,0.5,vixy_ret,1050,estimated,19.57840439427117,0.39287691363865057
full_macro,all,1,ml,M2,0.5,account_ls,1050,estimated,1.0100991955170726,0.576987578773781
full_macro,all,1,ml,M2,0.9,e_origin,1050,estimated,0.3096711838337504,2.9602376149669736
full_macro,all,1,ml,M2,0.9,downside,1050,estimated,-92851.50362055331,-1.6564488749496697
full_macro,all,1,ml,M2,0.9,dxy_ret,1050,estimated,506.1897664921485,0.5024730143501609
full_macro,all,1,ml,M2,0.9,fx_ret,1050,estimated,29.366329695195823,0.0372555496924343
full_macro,all,1,ml,M2,0.9,btc_vol,1050,estimated,948.5549347587021,1.8928831051263526
full_macro,all,1,ml,M2,0.9,btc_ret,1050,estimated,118.82613043713667,0.6125506244721732
full_macro,all,1,ml,M2,0.9,vixy_ret,1050,estimated,12.279296686209637,0.2464068106154235
full_macro,all,1,ml,M2,0.9,account_ls,1050,estimated,1.4428940052430859,0.8242080799660829
full_macro,all,1,joint_linear,M0,0.1,e_origin,1050,estimated,0.5152252301483377,5.000986090887294
full_macro,all,1,joint_linear,M0,0.1,downside,1050,estimated,-106586.610376535,-1.9014799325643714
full_macro,all,1,joint_linear,M0,0.1,dxy_ret,1050,estimated,269.2619547856054,0.26728487027411774
full_macro,all,1,joint_linear,M0,0.1,fx_ret,1050,estimated,149.5410521828949,0.1897150293715519
full_macro,all,1,joint_linear,M0,0.5,e_origin,1050,estimated,0.42000072851678916,4.076698264311057
full_macro,all,1,joint_linear,M0,0.5,downside,1050,estimated,-48917.3946344816,-0.8726747564464826
full_macro,all,1,joint_linear,M0,0.5,dxy_ret,1050,estimated,110.6978054629655,0.10988499506496197
full_macro,all,1,joint_linear,M0,0.5,fx_ret,1050,estimated,382.903550393493,0.4857700092983709
full_macro,all,1,joint_linear,M0,0.9,e_origin,1050,estimated,0.3139223089222992,3.0470578859029267
full_macro,all,1,joint_linear,M0,0.9,downside,1050,estimated,24352.598242466393,0.4344445958105679
full_macro,all,1,joint_linear,M0,0.9,dxy_ret,1050,estimated,246.20226653110387,0.2443945002306647
full_macro,all,1,joint_linear,M0,0.9,fx_ret,1050,estimated,180.0273072749746,0.22839137072261326
full_macro,all,1,joint_linear,M1,0.1,e_origin,1050,estimated,0.4788534612513902,4.647946876751309
full_macro,all,1,joint_linear,M1,0.1,downside,1050,estimated,15811.080907235086,0.2820659457229336
full_macro,all,1,joint_linear,M1,0.1,dxy_ret,1050,estimated,127.37316124097815,0.12643791027145568
full_macro,all,1,joint_linear,M1,0.1,fx_ret,1050,estimated,109.57662114174641,0.13901421445742435
full_macro,all,1,joint_linear,M1,0.1,btc_vol,1050,estimated,-1311.4414910007172,-2.6170391937378485
full_macro,all,1,joint_linear,M1,0.1,btc_ret,1050,estimated,378.5073912096423,1.951211724221376
full_macro,all,1,joint_linear,M1,0.1,vixy_ret,1050,estimated,43.68314855832659,0.8765832106642876
full_macro,all,1,joint_linear,M1,0.5,e_origin,1050,estimated,0.404014145672338,3.9215259750524356
full_macro,all,1,joint_linear,M1,0.5,downside,1050,estimated,-44731.03321448993,-0.797991058349181
full_macro,all,1,joint_linear,M1,0.5,dxy_ret,1050,estimated,-98.22347106224653,-0.09750225478995012
full_macro,all,1,joint_linear,M1,0.5,fx_ret,1050,estimated,268.26173731171156,0.3403298467574663
full_macro,all,1,joint_linear,M1,0.5,btc_vol,1050,estimated,-58.07074364447846,-0.11588272383477617
full_macro,all,1,joint_linear,M1,0.5,btc_ret,1050,estimated,202.62166107444662,1.044517940339757
full_macro,all,1,joint_linear,M1,0.5,vixy_ret,1050,estimated,12.322577971676502,0.24727532969951754
full_macro,all,1,joint_linear,M1,0.9,e_origin,1050,estimated,0.33071958097548687,3.2100990550604545
full_macro,all,1,joint_linear,M1,0.9,downside,1050,estimated,-99797.89452218934,-1.780370846542046
full_macro,all,1,joint_linear,M1,0.9,dxy_ret,1050,estimated,463.80278866175195,0.46039726740800463
full_macro,all,1,joint_linear,M1,0.9,fx_ret,1050,estimated,-39.83804535696894,-0.050540475907304594
full_macro,all,1,joint_linear,M1,0.9,btc_vol,1050,estimated,1077.9403301893838,2.1510773541743866
full_macro,all,1,joint_linear,M1,0.9,btc_ret,1050,estimated,140.96250202349654,0.7266639780661148
full_macro,all,1,joint_linear,M1,0.9,vixy_ret,1050,estimated,23.331661385281766,0.46819296049446096
full_macro,all,1,joint_linear,M2,0.1,e_origin,1050,estimated,0.44958570115383145,4.363862067633601
full_macro,all,1,joint_linear,M2,0.1,downside,1050,estimated,13476.768634081876,0.2404223665898766
full_macro,all,1,joint_linear,M2,0.1,dxy_ret,1050,estimated,241.8498194693804,0.2400740114739296
full_macro,all,1,joint_linear,M2,0.1,fx_ret,1050,estimated,178.83313509843606,0.22687638599942422
full_macro,all,1,joint_linear,M2,0.1,btc_vol,1050,estimated,-1323.1152559954535,-2.640334705386178
full_macro,all,1,joint_linear,M2,0.1,btc_ret,1050,estimated,354.0464369988179,1.8251151095970988
full_macro,all,1,joint_linear,M2,0.1,vixy_ret,1050,estimated,34.44155436451283,0.6911335217698835
full_macro,all,1,joint_linear,M2,0.1,account_ls,1050,estimated,0.7717386771978033,0.4408315864210734
full_macro,all,1,joint_linear,M2,0.5,e_origin,1050,estimated,0.404851856994781,3.9296571426012568
full_macro,all,1,joint_linear,M2,0.5,downside,1050,estimated,-66635.43361180414,-1.1887603833442222
full_macro,all,1,joint_linear,M2,0.5,dxy_ret,1050,estimated,-174.79682758463727,-0.17351336330632908
full_macro,all,1,joint_linear,M2,0.5,fx_ret,1050,estimated,286.3866500897176,0.36332398990306036
full_macro,all,1,joint_linear,M2,0.5,btc_vol,1050,estimated,9.126759641733997,0.018212850407849125
full_macro,all,1,joint_linear,M2,0.5,btc_ret,1050,estimated,199.91400173716764,1.0305599126584164
full_macro,all,1,joint_linear,M2,0.5,vixy_ret,1050,estimated,16.2129334229913,0.32534251085944343
full_macro,all,1,joint_linear,M2,0.5,account_ls,1050,estimated,0.5359451166718043,0.30614188843680684
full_macro,all,1,joint_linear,M2,0.9,e_origin,1050,estimated,0.3152697597286067,3.060136792653201
full_macro,all,1,joint_linear,M2,0.9,downside,1050,estimated,-105678.86185432195,-1.8852859135153983
full_macro,all,1,joint_linear,M2,0.9,dxy_ret,1050,estimated,426.17929374583,0.4230500270009142
full_macro,all,1,joint_linear,M2,0.9,fx_ret,1050,estimated,-144.56567320305146,-0.18340302236399678
full_macro,all,1,joint_linear,M2,0.9,btc_vol,1050,estimated,1067.543984644136,2.1303309892391162
full_macro,all,1,joint_linear,M2,0.9,btc_ret,1050,estimated,101.77270038421368,0.5246399167020765
full_macro,all,1,joint_linear,M2,0.9,vixy_ret,1050,estimated,17.065047190288052,0.3424417504206873
full_macro,all,1,joint_linear,M2,0.9,account_ls,1050,estimated,1.4375505836867701,0.8211558174953976
full_macro,matched,1,linear,M0,,,0,insufficient,,
full_macro,matched,1,linear,M1,,,0,insufficient,,
full_macro,matched,1,linear,M2,,,0,insufficient,,
full_macro,matched,1,pca,M0,,,0,insufficient,,
full_macro,matched,1,pca,M1,,,0,insufficient,,
full_macro,matched,1,pca,M2,,,0,insufficient,,
full_macro,matched,1,ml,M0,,,0,insufficient,,
full_macro,matched,1,ml,M1,,,0,insufficient,,
full_macro,matched,1,ml,M2,,,0,insufficient,,
full_macro,matched,1,joint_linear,M0,,,0,insufficient,,
full_macro,matched,1,joint_linear,M1,,,0,insufficient,,
full_macro,matched,1,joint_linear,M2,,,0,insufficient,,
full_macro,all,6,linear,M0,0.1,e_origin,238,estimated,0.44003620705558805,3.646694093944132
full_macro,all,6,linear,M0,0.1,downside,238,estimated,-171274.36202356944,-2.7592260027073383
full_macro,all,6,linear,M0,0.1,dxy_ret,238,estimated,3241.9885252647546,2.215689717601427
full_macro,all,6,linear,M0,0.1,fx_ret,238,estimated,-1440.4501168462361,-1.285250351251069
full_macro,all,6,linear,M0,0.5,e_origin,238,estimated,0.2873998931986287,2.3817574016022194
full_macro,all,6,linear,M0,0.5,downside,238,estimated,-78910.14243329543,-1.2712405657615355
full_macro,all,6,linear,M0,0.5,dxy_ret,238,estimated,2072.86595434296,1.4166699682037571
full_macro,all,6,linear,M0,0.5,fx_ret,238,estimated,-1012.5891456542967,-0.9034888052733092
full_macro,all,6,linear,M0,0.9,e_origin,238,estimated,0.253780762882769,2.103146955460236
full_macro,all,6,linear,M0,0.9,downside,238,estimated,-13519.372315803055,-0.21779677467963457
full_macro,all,6,linear,M0,0.9,dxy_ret,238,estimated,4441.223204818722,3.035289147942339
full_macro,all,6,linear,M0,0.9,fx_ret,238,estimated,-2188.10723954497,-1.9523519525670467
full_macro,all,6,linear,M1,0.1,e_origin,238,estimated,0.4176619605482192,3.461272914307964
full_macro,all,6,linear,M1,0.1,downside,238,estimated,-262318.446155163,-4.225944088009549
full_macro,all,6,linear,M1,0.1,dxy_ret,238,estimated,3359.865148616036,2.29625077457916
full_macro,all,6,linear,M1,0.1,fx_ret,238,estimated,-1133.7663407787131,-1.0116098924083945
full_macro,all,6,linear,M1,0.1,btc_vol,238,estimated,692.267189862246,1.2888336690053375
full_macro,all,6,linear,M1,0.1,btc_ret,238,estimated,44.79715538865497,0.17717427054979287
full_macro,all,6,linear,M1,0.1,vixy_ret,238,estimated,39.445695874932916,0.5926176994999307
full_macro,all,6,linear,M1,0.5,e_origin,238,estimated,0.21398019873379404,1.7733093650744598
full_macro,all,6,linear,M1,0.5,downside,238,estimated,-185665.5857169237,-2.991068282873103
full_macro,all,6,linear,M1,0.5,dxy_ret,238,estimated,2680.3847737983806,1.8318698342818787
full_macro,all,6,linear,M1,0.5,fx_ret,238,estimated,-1105.8913698398878,-0.9867382805620379
full_macro,all,6,linear,M1,0.5,btc_vol,238,estimated,953.1778375586151,1.7745860378558453
full_macro,all,6,linear,M1,0.5,btc_ret,238,estimated,77.44213655017681,0.3062862794312573
full_macro,all,6,linear,M1,0.5,vixy_ret,238,estimated,-73.65512253767379,-1.106567606591526
full_macro,all,6,linear,M1,0.9,e_origin,238,estimated,0.2893097465349368,2.3975848511851
full_macro,all,6,linear,M1,0.9,downside,238,estimated,89594.08391062082,1.4433586153478648
full_macro,all,6,linear,M1,0.9,dxy_ret,238,estimated,3801.1224193598023,2.597821612965761
full_macro,all,6,linear,M1,0.9,fx_ret,238,estimated,-2106.274165359112,-1.8793358959113644
full_macro,all,6,linear,M1,0.9,btc_vol,238,estimated,-274.51397520004843,-0.5110784665682649
full_macro,all,6,linear,M1,0.9,btc_ret,238,estimated,383.4524160334486,1.5165673246852514
full_macro,all,6,linear,M1,0.9,vixy_ret,238,estimated,1.5306134125082154,0.022995375774845544
full_macro,all,6,linear,M2,0.1,e_origin,238,estimated,0.4253015778324497,3.5245844027348188
full_macro,all,6,linear,M2,0.1,downside,238,estimated,-294074.14444979123,-4.737527651558947
full_macro,all,6,linear,M2,0.1,dxy_ret,238,estimated,3735.4446996412885,2.552935134459815
full_macro,all,6,linear,M2,0.1,fx_ret,238,estimated,-708.9328634688728,-0.6325496462048316
full_macro,all,6,linear,M2,0.1,btc_vol,238,estimated,850.0370872631177,1.5825629670329147
full_macro,all,6,linear,M2,0.1,btc_ret,238,estimated,70.51227181550729,0.2788784291175128
full_macro,all,6,linear,M2,0.1,vixy_ret,238,estimated,13.611278940238966,0.20449087369104474
full_macro,all,6,linear,M2,0.1,account_ls,238,estimated,2.6026413735460703,1.460217934252367
full_macro,all,6,linear,M2,0.5,e_origin,238,estimated,0.2569408541773754,2.1293354510330778
full_macro,all,6,linear,M2,0.5,downside,238,estimated,-164590.35462003687,-2.6515467983464576
full_macro,all,6,linear,M2,0.5,dxy_ret,238,estimated,2486.6403819503535,1.6994580587573005
full_macro,all,6,linear,M2,0.5,fx_ret,238,estimated,-1359.4985889860125,-1.2130208596498895
full_macro,all,6,linear,M2,0.5,btc_vol,238,estimated,681.7773845780634,1.2693041947942962
full_macro,all,6,linear,M2,0.5,btc_ret,238,estimated,96.68218595659204,0.38238132808666575
full_macro,all,6,linear,M2,0.5,vixy_ret,238,estimated,-54.92052422611252,-0.8251058575668838
full_macro,all,6,linear,M2,0.5,account_ls,238,estimated,1.2515525141567756,0.7021864193069215
full_macro,all,6,linear,M2,0.9,e_origin,238,estimated,0.2946167098732224,2.441565031797963
full_macro,all,6,linear,M2,0.9,downside,238,estimated,36060.15994791927,0.5809283410227642
full_macro,all,6,linear,M2,0.9,dxy_ret,238,estimated,3518.7880437898484,2.4048643066703352
full_macro,all,6,linear,M2,0.9,fx_ret,238,estimated,-2115.992556653201,-1.8880071894731787
full_macro,all,6,linear,M2,0.9,btc_vol,238,estimated,-51.457721955153815,-0.09580180247934973
full_macro,all,6,linear,M2,0.9,btc_ret,238,estimated,473.1784015063583,1.8714366436766552
full_macro,all,6,linear,M2,0.9,vixy_ret,238,estimated,13.482575183722059,0.20255727555283776
full_macro,all,6,linear,M2,0.9,account_ls,238,estimated,1.5859715783696722,0.8898130051604417
full_macro,all,6,pca,M0,0.1,e_origin,238,estimated,0.43688304606836875,3.603441315813071
full_macro,all,6,pca,M0,0.1,downside,238,estimated,-170450.9746386165,-2.7459612510187537
full_macro,all,6,pca,M0,0.1,dxy_ret,238,estimated,3197.083664333008,2.185000146104974
full_macro,all,6,pca,M0,0.1,fx_ret,238,estimated,-1483.6126670570936,-1.3237623984025901
full_macro,all,6,pca,M0,0.5,e_origin,238,estimated,0.2840582191857294,2.34293166631593
full_macro,all,6,pca,M0,0.5,downside,238,estimated,-76461.04984714834,-1.2317857409594155
full_macro,all,6,pca,M0,0.5,dxy_ret,238,estimated,1999.5059311808734,1.3665331315874203
full_macro,all,6,pca,M0,0.5,fx_ret,238,estimated,-1028.3608073074158,-0.9175611660183417
full_macro,all,6,pca,M0,0.9,e_origin,238,estimated,0.253546258659152,2.0912669240528015
full_macro,all,6,pca,M0,0.9,downside,238,estimated,-14138.981136474451,-0.22777865842046016
full_macro,all,6,pca,M0,0.9,dxy_ret,238,estimated,4310.820731746021,2.9461674818767922
full_macro,all,6,pca,M0,0.9,fx_ret,238,estimated,-2146.829680070813,-1.9155217998304142
full_macro,all,6,pca,M1,0.1,e_origin,238,estimated,0.41378219926096577,3.412903947597053
full_macro,all,6,pca,M1,0.1,downside,238,estimated,-260603.41097905458,-4.198314911070476
full_macro,all,6,pca,M1,0.1,dxy_ret,238,estimated,3315.4861429659472,2.2659205911963403
full_macro,all,6,pca,M1,0.1,fx_ret,238,estimated,-1118.242073737683,-0.9977582710061317
full_macro,all,6,pca,M1,0.1,btc_vol,238,estimated,665.7394633263273,1.2394454737790668
full_macro,all,6,pca,M1,0.1,btc_ret,238,estimated,45.537448805376506,0.18010215614794112
full_macro,all,6,pca,M1,0.1,vixy_ret,238,estimated,44.10291269832317,0.6625860207256645
full_macro,all,6,pca,M1,0.5,e_origin,238,estimated,0.2179987123868297,1.7980683253289282
full_macro,all,6,pca,M1,0.5,downside,238,estimated,-184886.55612177696,-2.9785181341502507
full_macro,all,6,pca,M1,0.5,dxy_ret,238,estimated,2677.1461347960203,1.8296564337467962
full_macro,all,6,pca,M1,0.5,fx_ret,238,estimated,-1109.3736716087487,-0.9898453854310283
full_macro,all,6,pca,M1,0.5,btc_vol,238,estimated,954.0936110546393,1.776290986078357
full_macro,all,6,pca,M1,0.5,btc_ret,238,estimated,81.93467185482083,0.32405440909515726
full_macro,all,6,pca,M1,0.5,vixy_ret,238,estimated,-75.96881041537598,-1.1413276065619176
full_macro,all,6,pca,M1,0.9,e_origin,238,estimated,0.28792477938307953,2.3748233199074256
full_macro,all,6,pca,M1,0.9,downside,238,estimated,78644.61951998615,1.2669629977819405
full_macro,all,6,pca,M1,0.9,dxy_ret,238,estimated,3762.11777339939,2.571164457235664
full_macro,all,6,pca,M1,0.9,fx_ret,238,estimated,-2117.546378770341,-1.8893935966791486
full_macro,all,6,pca,M1,0.9,btc_vol,238,estimated,-222.5810538142515,-0.4143919579600188
full_macro,all,6,pca,M1,0.9,btc_ret,238,estimated,387.3242373576573,1.5318805094815684
full_macro,all,6,pca,M1,0.9,vixy_ret,238,estimated,3.948189167124243,0.05931614918976748
full_macro,all,6,pca,M2,0.1,e_origin,238,estimated,0.4283882000479924,3.533375243447095
full_macro,all,6,pca,M2,0.1,downside,238,estimated,-292087.77513364685,-4.705527287912394
full_macro,all,6,pca,M2,0.1,dxy_ret,238,estimated,3639.1210181302,2.4871041208635516
full_macro,all,6,pca,M2,0.1,fx_ret,238,estimated,-696.0608441376984,-0.6210645089041912
full_macro,all,6,pca,M2,0.1,btc_vol,238,estimated,861.0344891432377,1.6030374630400153
full_macro,all,6,pca,M2,0.1,btc_ret,238,estimated,67.7363083623211,0.26789939940850355
full_macro,all,6,pca,M2,0.1,vixy_ret,238,estimated,14.006883174885823,0.21043428693927788
full_macro,all,6,pca,M2,0.1,account_ls,238,estimated,2.5327826018186443,1.4210235095505712
full_macro,all,6,pca,M2,0.5,e_origin,238,estimated,0.25850235137801414,2.1321451165779317
full_macro,all,6,pca,M2,0.5,downside,238,estimated,-164160.3661641224,-2.6446196942871825
full_macro,all,6,pca,M2,0.5,dxy_ret,238,estimated,2454.435073383564,1.6774478108839557
full_macro,all,6,pca,M2,0.5,fx_ret,238,estimated,-1356.2088577771453,-1.2100855770307488
full_macro,all,6,pca,M2,0.5,btc_vol,238,estimated,683.5470195726625,1.272598826110484
full_macro,all,6,pca,M2,0.5,btc_ret,238,estimated,99.822989836648,0.3948033140712893
full_macro,all,6,pca,M2,0.5,vixy_ret,238,estimated,-56.081254793288224,-0.8425442488336999
full_macro,all,6,pca,M2,0.5,account_ls,238,estimated,1.28927102069511,0.72334847423324
full_macro,all,6,pca,M2,0.9,e_origin,238,estimated,0.29664138381214483,2.446718470831588
full_macro,all,6,pca,M2,0.9,downside,238,estimated,-3934.0655318284344,-0.0633777045409862
full_macro,all,6,pca,M2,0.9,dxy_ret,238,estimated,3675.395646318982,2.511895485811747
full_macro,all,6,pca,M2,0.9,fx_ret,238,estimated,-1901.6277551972153,-1.696738895524627
full_macro,all,6,pca,M2,0.9,btc_vol,238,estimated,121.03599301684359,0.22533967411144296
full_macro,all,6,pca,M2,0.9,btc_ret,238,estimated,463.6314800907799,1.833678245333584
full_macro,all,6,pca,M2,0.9,vixy_ret,238,estimated,14.0935706229986,0.21173664743607315
full_macro,all,6,pca,M2,0.9,account_ls,238,estimated,1.566371154879529,0.878816142438532
full_macro,all,6,ml,M0,0.1,e_origin,238,estimated,0.4378496901173595,3.6224650811865646
full_macro,all,6,ml,M0,0.1,downside,238,estimated,-159719.77549810926,-2.573081881573819
full_macro,all,6,ml,M0,0.1,dxy_ret,238,estimated,3147.7152645803594,2.1512600341786223
full_macro,all,6,ml,M0,0.1,fx_ret,238,estimated,-1269.4494969383716,-1.1326740112373495
full_macro,all,6,ml,M0,0.5,e_origin,238,estimated,0.2961971631434129,2.4505301815925464
full_macro,all,6,ml,M0,0.5,downside,238,estimated,-51214.98707441095,-0.8250722547989315
full_macro,all,6,ml,M0,0.5,dxy_ret,238,estimated,2572.2507504060686,1.7579672149832335
full_macro,all,6,ml,M0,0.5,fx_ret,238,estimated,-1208.7151172468,-1.0784833926808994
full_macro,all,6,ml,M0,0.9,e_origin,238,estimated,0.23664025971751076,1.957797611778225
full_macro,all,6,ml,M0,0.9,downside,238,estimated,-14073.317189238385,-0.22672081375232925
full_macro,all,6,ml,M0,0.9,dxy_ret,238,estimated,3723.676318784084,2.5448922064065775
full_macro,all,6,ml,M0,0.9,fx_ret,238,estimated,-1738.0135202027375,-1.550753102238892
full_macro,all,6,ml,M1,0.1,e_origin,238,estimated,0.438272532602625,3.625963387048802
full_macro,all,6,ml,M1,0.1,downside,238,estimated,-133739.58708744738,-2.154541648400629
full_macro,all,6,ml,M1,0.1,dxy_ret,238,estimated,2720.7908998703533,1.8594848111296038
full_macro,all,6,ml,M1,0.1,fx_ret,238,estimated,-1092.1502026812707,-0.9744776408420874
full_macro,all,6,ml,M1,0.1,btc_vol,238,estimated,411.5817801638333,0.7662654876505957
full_macro,all,6,ml,M1,0.1,btc_ret,238,estimated,-37.66545164342625,-0.1489681400962926
full_macro,all,6,ml,M1,0.1,vixy_ret,238,estimated,-58.528379394073966,-0.8793089532999461
full_macro,all,6,ml,M1,0.5,e_origin,238,estimated,0.22159587714072812,1.8333308100824208
full_macro,all,6,ml,M1,0.5,downside,238,estimated,-136488.26957743496,-2.1988228596102575
full_macro,all,6,ml,M1,0.5,dxy_ret,238,estimated,2529.343375662621,1.7286427962545876
full_macro,all,6,ml,M1,0.5,fx_ret,238,estimated,-1120.67165166412,-0.9999260766432901
full_macro,all,6,ml,M1,0.5,btc_vol,238,estimated,737.6457150539522,1.373317480997808
full_macro,all,6,ml,M1,0.5,btc_ret,238,estimated,-101.21227408646479,-0.4002979804493679
full_macro,all,6,ml,M1,0.5,vixy_ret,238,estimated,-27.393587886900626,-0.4115512396094046
full_macro,all,6,ml,M1,0.9,e_origin,238,estimated,0.304338137330906,2.51788296357837
full_macro,all,6,ml,M1,0.9,downside,238,estimated,73843.30531018098,1.1896139371382957
full_macro,all,6,ml,M1,0.9,dxy_ret,238,estimated,3506.9903219935345,2.396801325980704
full_macro,all,6,ml,M1,0.9,fx_ret,238,estimated,-1894.9959216669263,-1.6908216018436044
full_macro,all,6,ml,M1,0.9,btc_vol,238,estimated,-158.66787405664041,-0.29540111284833437
full_macro,all,6,ml,M1,0.9,btc_ret,238,estimated,257.44876683933796,1.0182186139492047
full_macro,all,6,ml,M1,0.9,vixy_ret,238,estimated,8.343152243157645,0.12534446608811864
full_macro,all,6,ml,M2,0.1,e_origin,238,estimated,0.30147637625273427,2.4942067344742744
full_macro,all,6,ml,M2,0.1,downside,238,estimated,-270774.13180162275,-4.362164987803181
full_macro,all,6,ml,M2,0.1,dxy_ret,238,estimated,3607.6147866826923,2.465571647039354
full_macro,all,6,ml,M2,0.1,fx_ret,238,estimated,-921.61302206145,-0.8223148073432939
full_macro,all,6,ml,M2,0.1,btc_vol,238,estimated,389.54687179534966,0.725241830579111
full_macro,all,6,ml,M2,0.1,btc_ret,238,estimated,77.329373793623,0.3058402989004787
full_macro,all,6,ml,M2,0.1,vixy_ret,238,estimated,-17.500635418461144,-0.26292314209282763
full_macro,all,6,ml,M2,0.1,account_ls,238,estimated,4.449383950495025,2.496337108495011
full_macro,all,6,ml,M2,0.5,e_origin,238,estimated,0.2405481879651459,1.9901291034667232
full_macro,all,6,ml,M2,0.5,downside,238,estimated,-157805.00823092487,-2.5422350252765464
full_macro,all,6,ml,M2,0.5,dxy_ret,238,estimated,2086.9627323769537,1.4263042053078747
full_macro,all,6,ml,M2,0.5,fx_ret,238,estimated,-671.7652837937705,-0.5993866478656974
full_macro,all,6,ml,M2,0.5,btc_vol,238,estimated,790.8177877769577,1.4723109889666697
full_macro,all,6,ml,M2,0.5,btc_ret,238,estimated,17.450569589449955,0.06901759522150822
full_macro,all,6,ml,M2,0.5,vixy_ret,238,estimated,-15.230254077083575,-0.22881376367596049
full_macro,all,6,ml,M2,0.5,account_ls,238,estimated,1.698453314567271,0.9529211422019241
full_macro,all,6,ml,M2,0.9,e_origin,238,estimated,0.27610515943413166,2.2843028586305643
full_macro,all,6,ml,M2,0.9,downside,238,estimated,-31083.33329347304,-0.5007517789636671
full_macro,all,6,ml,M2,0.9,dxy_ret,238,estimated,3371.7916900101955,2.304401795141896
full_macro,all,6,ml,M2,0.9,fx_ret,238,estimated,-1583.2097492820083,-1.4126284989472004
full_macro,all,6,ml,M2,0.9,btc_vol,238,estimated,259.51785879203175,0.4831593335889578
full_macro,all,6,ml,M2,0.9,btc_ret,238,estimated,488.5205171491533,1.9321152319512842
full_macro,all,6,ml,M2,0.9,vixy_ret,238,estimated,1.338666681993658,0.020111638339341025
full_macro,all,6,ml,M2,0.9,account_ls,238,estimated,3.5716993206012417,2.003910126347112
full_macro,all,6,joint_linear,M0,0.1,e_origin,238,estimated,0.44212742445983716,3.6774522243082064
full_macro,all,6,joint_linear,M0,0.1,downside,238,estimated,-169963.0568630914,-2.738100906963134
full_macro,all,6,joint_linear,M0,0.1,dxy_ret,238,estimated,3323.983430609649,2.271727938357791
full_macro,all,6,joint_linear,M0,0.1,fx_ret,238,estimated,-1386.9983809799965,-1.237557715807729
full_macro,all,6,joint_linear,M0,0.5,e_origin,238,estimated,0.28362999899082775,2.3591293210179574
full_macro,all,6,joint_linear,M0,0.5,downside,238,estimated,-78415.91903981712,-1.2632786383468302
full_macro,all,6,joint_linear,M0,0.5,dxy_ret,238,estimated,2049.32139907129,1.4005787857043752
full_macro,all,6,joint_linear,M0,0.5,fx_ret,238,estimated,-1005.1192709722878,-0.8968237642930126
full_macro,all,6,joint_linear,M0,0.9,e_origin,238,estimated,0.25750139707923986,2.1418012841172267
full_macro,all,6,joint_linear,M0,0.9,downside,238,estimated,-3453.448331890647,-0.055634972588878596
full_macro,all,6,joint_linear,M0,0.9,dxy_ret,238,estimated,4148.036545285002,2.834915006638516
full_macro,all,6,joint_linear,M0,0.9,fx_ret,238,estimated,-2098.090276623589,-1.8720337715622342
full_macro,all,6,joint_linear,M1,0.1,e_origin,238,estimated,0.41640029970181225,3.4634635257287365
full_macro,all,6,joint_linear,M1,0.1,downside,238,estimated,-262056.76533412357,-4.221728416047377
full_macro,all,6,joint_linear,M1,0.1,dxy_ret,238,estimated,3382.5647262322386,2.3117644694384003
full_macro,all,6,joint_linear,M1,0.1,fx_ret,238,estimated,-1141.6712684643155,-1.0186631120691898
full_macro,all,6,joint_linear,M1,0.1,btc_vol,238,estimated,690.9896203002194,1.286455144224517
full_macro,all,6,joint_linear,M1,0.1,btc_ret,238,estimated,45.09630198949291,0.17835740551296364
full_macro,all,6,joint_linear,M1,0.1,vixy_ret,238,estimated,39.45734855221034,0.5927927650589985
full_macro,all,6,joint_linear,M1,0.5,e_origin,238,estimated,0.21595785488226105,1.7962574811184158
full_macro,all,6,joint_linear,M1,0.5,downside,238,estimated,-182694.50309647087,-2.9432042107160736
full_macro,all,6,joint_linear,M1,0.5,dxy_ret,238,estimated,2701.9275297766967,1.8465929162847843
full_macro,all,6,joint_linear,M1,0.5,fx_ret,238,estimated,-1094.4967140494693,-0.976571329838965
full_macro,all,6,joint_linear,M1,0.5,btc_vol,238,estimated,915.1152919973434,1.703722806193547
full_macro,all,6,joint_linear,M1,0.5,btc_ret,238,estimated,77.4409559474616,0.30628161010743393
full_macro,all,6,joint_linear,M1,0.5,vixy_ret,238,estimated,-73.60650494391695,-1.1058371936547442
full_macro,all,6,joint_linear,M1,0.9,e_origin,238,estimated,0.28747712569515704,2.391128296592286
full_macro,all,6,joint_linear,M1,0.9,downside,238,estimated,96684.72527527329,1.5575886833981492
full_macro,all,6,joint_linear,M1,0.9,dxy_ret,238,estimated,3812.49539805302,2.6055943091837417
full_macro,all,6,joint_linear,M1,0.9,fx_ret,238,estimated,-2179.8166358255726,-1.944954611126464
full_macro,all,6,joint_linear,M1,0.9,btc_vol,238,estimated,-287.5405616092885,-0.5353308121976696
full_macro,all,6,joint_linear,M1,0.9,btc_ret,238,estimated,371.5084386103588,1.4693284884457731
full_macro,all,6,joint_linear,M1,0.9,vixy_ret,238,estimated,-0.009383795091709534,-0.00014097870341695686
full_macro,all,6,joint_linear,M2,0.1,e_origin,238,estimated,0.4433965792107887,3.6880085836373753
full_macro,all,6,joint_linear,M2,0.1,downside,238,estimated,-291575.9851646553,-4.697282363373298
full_macro,all,6,joint_linear,M2,0.1,dxy_ret,238,estimated,3543.442420236796,2.4217139802461896
full_macro,all,6,joint_linear,M2,0.1,fx_ret,238,estimated,-754.5401859912522,-0.6732430562757379
full_macro,all,6,joint_linear,M2,0.1,btc_vol,238,estimated,849.6669362646624,1.5818738356160118
full_macro,all,6,joint_linear,M2,0.1,btc_ret,238,estimated,61.73570869530543,0.24416682398845632
full_macro,all,6,joint_linear,M2,0.1,vixy_ret,238,estimated,12.828965745521307,0.19273768654454446
full_macro,all,6,joint_linear,M2,0.1,account_ls,238,estimated,2.105340318343894,1.1812060323784455
full_macro,all,6,joint_linear,M2,0.5,e_origin,238,estimated,0.2747620571989585,2.2853690644417277
full_macro,all,6,joint_linear,M2,0.5,downside,238,estimated,-148168.3611093156,-2.3869888634884786
full_macro,all,6,joint_linear,M2,0.5,dxy_ret,238,estimated,2478.1028482752436,1.6936232060333625
full_macro,all,6,joint_linear,M2,0.5,fx_ret,238,estimated,-1365.3441418802229,-1.2182365896655807
full_macro,all,6,joint_linear,M2,0.5,btc_vol,238,estimated,494.7052685513774,0.9210212699380088
full_macro,all,6,joint_linear,M2,0.5,btc_ret,238,estimated,89.4824059033747,0.35390595352369103
full_macro,all,6,joint_linear,M2,0.5,vixy_ret,238,estimated,-49.38531769587982,-0.7419469402897254
full_macro,all,6,joint_linear,M2,0.5,account_ls,238,estimated,1.312815378342706,0.736558090293646
full_macro,all,6,joint_linear,M2,0.9,e_origin,238,estimated,0.29597449961258027,2.461806306787162
full_macro,all,6,joint_linear,M2,0.9,downside,238,estimated,21675.407630372436,0.34919031457127514
full_macro,all,6,joint_linear,M2,0.9,dxy_ret,238,estimated,3694.126537760854,2.524696840056477
full_macro,all,6,joint_linear,M2,0.9,fx_ret,238,estimated,-1962.912020083472,-1.751420152480388
full_macro,all,6,joint_linear,M2,0.9,btc_vol,238,estimated,15.284363221999035,0.02845577866219422
full_macro,all,6,joint_linear,M2,0.9,btc_ret,238,estimated,463.52059509216326,1.8332396913992017
full_macro,all,6,joint_linear,M2,0.9,vixy_ret,238,estimated,11.12204848841253,0.1670935863275837
full_macro,all,6,joint_linear,M2,0.9,account_ls,238,estimated,1.4621431532506786,0.8203387821780336
full_macro,matched,6,linear,M0,,,0,insufficient,,
full_macro,matched,6,linear,M1,,,0,insufficient,,
full_macro,matched,6,linear,M2,,,0,insufficient,,
full_macro,matched,6,pca,M0,,,0,insufficient,,
full_macro,matched,6,pca,M1,,,0,insufficient,,
full_macro,matched,6,pca,M2,,,0,insufficient,,
full_macro,matched,6,ml,M0,,,0,insufficient,,
full_macro,matched,6,ml,M1,,,0,insufficient,,
full_macro,matched,6,ml,M2,,,0,insufficient,,
full_macro,matched,6,joint_linear,M0,,,0,insufficient,,
full_macro,matched,6,joint_linear,M1,,,0,insufficient,,
full_macro,matched,6,joint_linear,M2,,,0,insufficient,,
full_macro,all,12,linear,M0,0.1,e_origin,593,estimated,0.22731020808079275,2.1860227628557567
full_macro,all,12,linear,M0,0.1,downside,593,estimated,-119030.05527286921,-1.571983472159592
full_macro,all,12,linear,M0,0.1,dxy_ret,593,estimated,-22.481048239004416,-0.0216766049602284
full_macro,all,12,linear,M0,0.1,fx_ret,593,estimated,-413.76139000266477,-0.5400923906103113
full_macro,all,12,linear,M0,0.5,e_origin,593,estimated,0.2319353789526099,2.2305026341877827
full_macro,all,12,linear,M0,0.5,downside,593,estimated,-50083.66866879293,-0.6614354600774932
full_macro,all,12,linear,M0,0.5,dxy_ret,593,estimated,-455.4928149665317,-0.4391938359494028
full_macro,all,12,linear,M0,0.5,fx_ret,593,estimated,-230.90164948694053,-0.301401307324646
full_macro,all,12,linear,M0,0.9,e_origin,593,estimated,0.16837363402657868,1.619234788241552
full_macro,all,12,linear,M0,0.9,downside,593,estimated,53067.246922768594,0.700838413326508
full_macro,all,12,linear,M0,0.9,dxy_ret,593,estimated,781.566562863481,0.7535996299283535
full_macro,all,12,linear,M0,0.9,fx_ret,593,estimated,-261.95900347990613,-0.34194119569843423
full_macro,all,12,linear,M1,0.1,e_origin,593,estimated,0.2574625930071847,2.4759956609495104
full_macro,all,12,linear,M1,0.1,downside,593,estimated,32879.4742240963,0.4342263803464571
full_macro,all,12,linear,M1,0.1,dxy_ret,593,estimated,714.6231646839739,0.6890516790674682
full_macro,all,12,linear,M1,0.1,fx_ret,593,estimated,-546.5256776575475,-0.7133927111325786
full_macro,all,12,linear,M1,0.1,btc_vol,593,estimated,-1752.3703581102798,-3.1464354499613427
full_macro,all,12,linear,M1,0.1,btc_ret,593,estimated,71.09981442283137,0.4799857724991242
full_macro,all,12,linear,M1,0.1,vixy_ret,593,estimated,-12.30579128118072,-0.29017383073480374
full_macro,all,12,linear,M1,0.5,e_origin,593,estimated,0.2296281172648292,2.20831389655062
full_macro,all,12,linear,M1,0.5,downside,593,estimated,12339.429375245696,0.16296202660159634
full_macro,all,12,linear,M1,0.5,dxy_ret,593,estimated,-320.7160636024169,-0.30923982463804145
full_macro,all,12,linear,M1,0.5,fx_ret,593,estimated,-439.60502086860214,-0.5738266846108816
full_macro,all,12,linear,M1,0.5,btc_vol,593,estimated,-505.48076743261555,-0.9076064306627332
full_macro,all,12,linear,M1,0.5,btc_ret,593,estimated,24.482551221315838,0.1652785785181898
full_macro,all,12,linear,M1,0.5,vixy_ret,593,estimated,20.5152419154551,0.48375485972712184
full_macro,all,12,linear,M1,0.9,e_origin,593,estimated,0.22570933183580008,2.170627273398349
full_macro,all,12,linear,M1,0.9,downside,593,estimated,89180.2215240251,1.17776837083644
full_macro,all,12,linear,M1,0.9,dxy_ret,593,estimated,540.1204844568207,0.520793258749583
full_macro,all,12,linear,M1,0.9,fx_ret,593,estimated,-65.67919812462358,-0.08573258884369991
full_macro,all,12,linear,M1,0.9,btc_vol,593,estimated,31.50618287836411,0.056570330719558644
full_macro,all,12,linear,M1,0.9,btc_ret,593,estimated,155.73568639667374,1.051351741880004
full_macro,all,12,linear,M1,0.9,vixy_ret,593,estimated,8.159545189475708,0.19240424533323713
full_macro,all,12,linear,M2,0.1,e_origin,593,estimated,0.2490343768496236,2.3949422294901157
full_macro,all,12,linear,M2,0.1,downside,593,estimated,32051.30998048959,0.42328913848599703
full_macro,all,12,linear,M2,0.1,dxy_ret,593,estimated,587.6587591223519,0.5666304630231676
full_macro,all,12,linear,M2,0.1,fx_ret,593,estimated,-538.5461130950116,-0.7029767994386876
full_macro,all,12,linear,M2,0.1,btc_vol,593,estimated,-1675.1194769713152,-3.0077290915528927
full_macro,all,12,linear,M2,0.1,btc_ret,593,estimated,72.5621846183937,0.4898580470429419
full_macro,all,12,linear,M2,0.1,vixy_ret,593,estimated,-10.16349928713426,-0.2396580158423771
full_macro,all,12,linear,M2,0.1,account_ls,593,estimated,-0.3197318030443441,-0.17971061148016232
full_macro,all,12,linear,M2,0.5,e_origin,593,estimated,0.2208212085396462,2.123618611168627
full_macro,all,12,linear,M2,0.5,downside,593,estimated,-22718.47977254391,-0.3000340933486166
full_macro,all,12,linear,M2,0.5,dxy_ret,593,estimated,-194.44442726952732,-0.18748658834006685
full_macro,all,12,linear,M2,0.5,fx_ret,593,estimated,-341.8973617930766,-0.44628659883657096
full_macro,all,12,linear,M2,0.5,btc_vol,593,estimated,-524.2974838110432,-0.9413924298329082
full_macro,all,12,linear,M2,0.5,btc_ret,593,estimated,9.651573975269365,0.06515654404949468
full_macro,all,12,linear,M2,0.5,vixy_ret,593,estimated,14.349868829379965,0.3383737228772186
full_macro,all,12,linear,M2,0.5,account_ls,593,estimated,1.173234932628162,0.6594363311529942
full_macro,all,12,linear,M2,0.9,e_origin,593,estimated,0.22616855295121163,2.1750435634539054
full_macro,all,12,linear,M2,0.9,downside,593,estimated,83471.74360172024,1.1023787314341926
full_macro,all,12,linear,M2,0.9,dxy_ret,593,estimated,500.36508819023305,0.4824604367767619
full_macro,all,12,linear,M2,0.9,fx_ret,593,estimated,526.1668212455875,0.686817821122767
full_macro,all,12,linear,M2,0.9,btc_vol,593,estimated,-427.6154814620463,-0.7677968892805236
full_macro,all,12,linear,M2,0.9,btc_ret,593,estimated,139.30932705482283,0.9404594865056399
full_macro,all,12,linear,M2,0.9,vixy_ret,593,estimated,-2.634019864937009,-0.06211088884704427
full_macro,all,12,linear,M2,0.9,account_ls,593,estimated,4.894847380341477,2.7512308986705225
full_macro,all,12,pca,M0,0.1,e_origin,593,estimated,0.22613642626853087,2.16274581510677
full_macro,all,12,pca,M0,0.1,downside,593,estimated,-123474.75516662537,-1.6306828885017666
full_macro,all,12,pca,M0,0.1,dxy_ret,593,estimated,-78.2559831051415,-0.07545573558270975
full_macro,all,12,pca,M0,0.1,fx_ret,593,estimated,-444.87086896775764,-0.5807003189256865
full_macro,all,12,pca,M0,0.5,e_origin,593,estimated,0.24097477612518575,2.3046582861982814
full_macro,all,12,pca,M0,0.5,downside,593,estimated,-49251.917020173685,-0.6504508407595101
full_macro,all,12,pca,M0,0.5,dxy_ret,593,estimated,-416.271025287598,-0.40137552642643637
full_macro,all,12,pca,M0,0.5,fx_ret,593,estimated,-283.7128470945678,-0.3703369950327554
full_macro,all,12,pca,M0,0.9,e_origin,593,estimated,0.16979699549257582,1.6239212208262217
full_macro,all,12,pca,M0,0.9,downside,593,estimated,52141.535507171095,0.6886129040467487
full_macro,all,12,pca,M0,0.9,dxy_ret,593,estimated,769.5754802306132,0.7420376263013535
full_macro,all,12,pca,M0,0.9,fx_ret,593,estimated,-244.94956678278854,-0.3197383813454038
full_macro,all,12,pca,M1,0.1,e_origin,593,estimated,0.25724655837920074,2.460279959163124
full_macro,all,12,pca,M1,0.1,downside,593,estimated,31406.190452760133,0.4147692967297842
full_macro,all,12,pca,M1,0.1,dxy_ret,593,estimated,704.1937094828744,0.6789954228848765
full_macro,all,12,pca,M1,0.1,fx_ret,593,estimated,-536.7246991702182,-0.7005992653702569
full_macro,all,12,pca,M1,0.1,btc_vol,593,estimated,-1734.658631785594,-3.1146334947809886
full_macro,all,12,pca,M1,0.1,btc_ret,593,estimated,66.34211000142311,0.4478671171894019
full_macro,all,12,pca,M1,0.1,vixy_ret,593,estimated,-13.909927469287286,-0.3279997886181513
full_macro,all,12,pca,M1,0.5,e_origin,593,estimated,0.22809592811574944,2.18148629177254
full_macro,all,12,pca,M1,0.5,downside,593,estimated,11764.919298288927,0.15537469629670128
full_macro,all,12,pca,M1,0.5,dxy_ret,593,estimated,-341.05076895859224,-0.32884688967799325
full_macro,all,12,pca,M1,0.5,fx_ret,593,estimated,-411.9636213830355,-0.5377457213100812
full_macro,all,12,pca,M1,0.5,btc_vol,593,estimated,-480.577119393859,-0.8628911564857589
full_macro,all,12,pca,M1,0.5,btc_ret,593,estimated,21.246110665787356,0.14342978140383342
full_macro,all,12,pca,M1,0.5,vixy_ret,593,estimated,18.21542028044584,0.429524454010913
full_macro,all,12,pca,M1,0.9,e_origin,593,estimated,0.22552448610430886,2.156893281522927
full_macro,all,12,pca,M1,0.9,downside,593,estimated,83978.00280640896,1.1090646991133215
full_macro,all,12,pca,M1,0.9,dxy_ret,593,estimated,536.6124620862746,0.5174107645567171
full_macro,all,12,pca,M1,0.9,fx_ret,593,estimated,-91.27214455315394,-0.11913965860257124
full_macro,all,12,pca,M1,0.9,btc_vol,593,estimated,73.12117081421182,0.13129133514939084
full_macro,all,12,pca,M1,0.9,btc_ret,593,estimated,152.9690020243183,1.0326742088019452
full_macro,all,12,pca,M1,0.9,vixy_ret,593,estimated,8.042007636166193,0.18963267857091307
full_macro,all,12,pca,M2,0.1,e_origin,593,estimated,0.25954538032901786,2.4822656588298315
full_macro,all,12,pca,M2,0.1,downside,593,estimated,35935.13598117899,0.4745813122805178
full_macro,all,12,pca,M2,0.1,dxy_ret,593,estimated,720.6281285010307,0.6948417662146044
full_macro,all,12,pca,M2,0.1,fx_ret,593,estimated,-579.2365737456147,-0.7560910065610039
full_macro,all,12,pca,M2,0.1,btc_vol,593,estimated,-1676.122750533426,-3.009530500420159
full_macro,all,12,pca,M2,0.1,btc_ret,593,estimated,76.84821207342672,0.5187924713541237
full_macro,all,12,pca,M2,0.1,vixy_ret,593,estimated,-15.496196512126883,-0.36540443446491816
full_macro,all,12,pca,M2,0.1,account_ls,593,estimated,-0.27737418516301693,-0.15590280338031987
full_macro,all,12,pca,M2,0.5,e_origin,593,estimated,0.2202344485275223,2.1062998993786155
full_macro,all,12,pca,M2,0.5,downside,593,estimated,-28259.536154460384,-0.3732126618262078
full_macro,all,12,pca,M2,0.5,dxy_ret,593,estimated,-147.26616667653488,-0.14199651569253371
full_macro,all,12,pca,M2,0.5,fx_ret,593,estimated,-322.08156651072085,-0.4204205791825305
full_macro,all,12,pca,M2,0.5,btc_vol,593,estimated,-515.7003190045061,-0.925955953182151
full_macro,all,12,pca,M2,0.5,btc_ret,593,estimated,10.240110219055277,0.06912967711475626
full_macro,all,12,pca,M2,0.5,vixy_ret,593,estimated,12.351941547455151,0.29126206628571566
full_macro,all,12,pca,M2,0.5,account_ls,593,estimated,1.1806009780706468,0.6635765402846958
full_macro,all,12,pca,M2,0.9,e_origin,593,estimated,0.2302284385324409,2.201881404826526
full_macro,all,12,pca,M2,0.9,downside,593,estimated,83193.21717221577,1.0987003416129248
full_macro,all,12,pca,M2,0.9,dxy_ret,593,estimated,482.62413125997807,0.46535430760942403
full_macro,all,12,pca,M2,0.9,fx_ret,593,estimated,519.2358581313,0.6777706733509479
full_macro,all,12,pca,M2,0.9,btc_vol,593,estimated,-438.8607953676557,-0.7879881999556874
full_macro,all,12,pca,M2,0.9,btc_ret,593,estimated,137.07687535313406,0.9253884900016325
full_macro,all,12,pca,M2,0.9,vixy_ret,593,estimated,-1.9537577260042305,-0.0460701267174402
full_macro,all,12,pca,M2,0.9,account_ls,593,estimated,4.901344767736776,2.7548828640074547
full_macro,all,12,ml,M0,0.1,e_origin,593,estimated,0.24083352247211331,2.2927735309213375
full_macro,all,12,ml,M0,0.1,downside,593,estimated,-115749.5469196419,-1.5286590790075187
full_macro,all,12,ml,M0,0.1,dxy_ret,593,estimated,-280.6774242027821,-0.2706338948707134
full_macro,all,12,ml,M0,0.1,fx_ret,593,estimated,-205.6274971909876,-0.26841036698078646
full_macro,all,12,ml,M0,0.5,e_origin,593,estimated,0.21477630703327621,2.044704685544555
full_macro,all,12,ml,M0,0.5,downside,593,estimated,-6884.33396360767,-0.09091871110039623
full_macro,all,12,ml,M0,0.5,dxy_ret,593,estimated,-353.8036544741996,-0.3411434364620182
full_macro,all,12,ml,M0,0.5,fx_ret,593,estimated,-70.36368307592744,-0.0918473562851749
full_macro,all,12,ml,M0,0.9,e_origin,593,estimated,0.1601481992928343,1.5246363902925633
full_macro,all,12,ml,M0,0.9,downside,593,estimated,107522.64741170254,1.420009628883754
full_macro,all,12,ml,M0,0.9,dxy_ret,593,estimated,1077.2182573035402,1.0386719681069727
full_macro,all,12,ml,M0,0.9,fx_ret,593,estimated,-352.12574692902183,-0.459637948463756
full_macro,all,12,ml,M1,0.1,e_origin,593,estimated,0.29584817413886644,2.816521785979952
full_macro,all,12,ml,M1,0.1,downside,593,estimated,24581.060608079253,0.3246324713155143
full_macro,all,12,ml,M1,0.1,dxy_ret,593,estimated,341.09260815987886,0.3288872317398268
full_macro,all,12,ml,M1,0.1,fx_ret,593,estimated,-499.81919511839845,-0.6524256503553386
full_macro,all,12,ml,M1,0.1,btc_vol,593,estimated,-1741.1814182845972,-3.126345360699061
full_macro,all,12,ml,M1,0.1,btc_ret,593,estimated,50.88893693890104,0.3435447181762831
full_macro,all,12,ml,M1,0.1,vixy_ret,593,estimated,-7.3404990251574525,-0.17309091897995027
full_macro,all,12,ml,M1,0.5,e_origin,593,estimated,0.2242825626578596,2.1352057547083825
full_macro,all,12,ml,M1,0.5,downside,593,estimated,68912.33549178201,0.9100983123351524
full_macro,all,12,ml,M1,0.5,dxy_ret,593,estimated,-342.16101862304913,-0.32991741108463757
full_macro,all,12,ml,M1,0.5,fx_ret,593,estimated,-298.0704769107936,-0.38907834402835245
full_macro,all,12,ml,M1,0.5,btc_vol,593,estimated,-618.702813172039,-1.1109001332655521
full_macro,all,12,ml,M1,0.5,btc_ret,593,estimated,-2.940525447432893,-0.01985111198808111
full_macro,all,12,ml,M1,0.5,vixy_ret,593,estimated,11.248659503678454,0.26524638231152015
full_macro,all,12,ml,M1,0.9,e_origin,593,estimated,0.16418554488006767,1.5630725639720915
full_macro,all,12,ml,M1,0.9,downside,593,estimated,46275.462778267436,0.6111419715567717
full_macro,all,12,ml,M1,0.9,dxy_ret,593,estimated,1004.0843126863797,0.968154988213707
full_macro,all,12,ml,M1,0.9,fx_ret,593,estimated,-158.08134090257624,-0.20634726047881394
full_macro,all,12,ml,M1,0.9,btc_vol,593,estimated,568.00268343196,1.0198664743169654
full_macro,all,12,ml,M1,0.9,btc_ret,593,estimated,102.02914796642416,0.6887857556540348
full_macro,all,12,ml,M1,0.9,vixy_ret,593,estimated,9.840051507878696,0.23203103119712423
full_macro,all,12,ml,M2,0.1,e_origin,593,estimated,0.27607449687175756,2.6282732258059514
full_macro,all,12,ml,M2,0.1,downside,593,estimated,-24555.177106708834,-0.324290638017507
full_macro,all,12,ml,M2,0.1,dxy_ret,593,estimated,354.02151183515656,0.34135349819494704
full_macro,all,12,ml,M2,0.1,fx_ret,593,estimated,-629.935690714022,-0.8222697461604687
full_macro,all,12,ml,M2,0.1,btc_vol,593,estimated,-1465.1427342106163,-2.6307093228539182
full_macro,all,12,ml,M2,0.1,btc_ret,593,estimated,25.638096571320173,0.173079517690564
full_macro,all,12,ml,M2,0.1,vixy_ret,593,estimated,0.41127727771075373,0.009698027574221986
full_macro,all,12,ml,M2,0.1,account_ls,593,estimated,0.7977668793166077,0.44839822731279755
full_macro,all,12,ml,M2,0.5,e_origin,593,estimated,0.20766074009202456,1.9769633538024602
full_macro,all,12,ml,M2,0.5,downside,593,estimated,-42777.96822637832,-0.5649519263876415
full_macro,all,12,ml,M2,0.5,dxy_ret,593,estimated,-244.5337693931343,-0.23578357477895365
full_macro,all,12,ml,M2,0.5,fx_ret,593,estimated,-260.75762363858695,-0.34037300657734454
full_macro,all,12,ml,M2,0.5,btc_vol,593,estimated,-429.5098965946788,-0.7711983705385642
full_macro,all,12,ml,M2,0.5,btc_ret,593,estimated,-13.489919023539574,-0.09106872157158613
full_macro,all,12,ml,M2,0.5,vixy_ret,593,estimated,13.756527947749865,0.3243825871086903
full_macro,all,12,ml,M2,0.5,account_ls,593,estimated,2.265558963855389,1.2733953359101637
full_macro,all,12,ml,M2,0.9,e_origin,593,estimated,0.19263546557931288,1.8339203449058838
full_macro,all,12,ml,M2,0.9,downside,593,estimated,-38697.442853488334,-0.5110620207734163
full_macro,all,12,ml,M2,0.9,dxy_ret,593,estimated,960.4268227588861,0.926059701879526
full_macro,all,12,ml,M2,0.9,fx_ret,593,estimated,-123.69516601235318,-0.16146218456516906
full_macro,all,12,ml,M2,0.9,btc_vol,593,estimated,21.79218732347671,0.03912854974374671
full_macro,all,12,ml,M2,0.9,btc_ret,593,estimated,118.77167586586117,0.8018124246071799
full_macro,all,12,ml,M2,0.9,vixy_ret,593,estimated,17.285929322505236,0.4076068100548139
full_macro,all,12,ml,M2,0.9,account_ls,593,estimated,5.304282915995417,2.9813609944992208
full_macro,all,12,joint_linear,M0,0.1,e_origin,593,estimated,0.24559953215065194,2.3704780952241946
full_macro,all,12,joint_linear,M0,0.1,downside,593,estimated,-129698.76842139114,-1.712881001781347
full_macro,all,12,joint_linear,M0,0.1,dxy_ret,593,estimated,93.29970842704432,0.08996114865180753
full_macro,all,12,joint_linear,M0,0.1,fx_ret,593,estimated,-553.3413426352631,-0.7222893575581663
full_macro,all,12,joint_linear,M0,0.5,e_origin,593,estimated,0.23706179439086175,2.2880735394616996
full_macro,all,12,joint_linear,M0,0.5,downside,593,estimated,-50842.53779828695,-0.6714575484178036
full_macro,all,12,joint_linear,M0,0.5,dxy_ret,593,estimated,-438.02377756073344,-0.42234989616264706
full_macro,all,12,joint_linear,M0,0.5,fx_ret,593,estimated,-245.38813326333488,-0.32031085239911494
full_macro,all,12,joint_linear,M0,0.9,e_origin,593,estimated,0.17018265413807618,1.6425693090244506
full_macro,all,12,joint_linear,M0,0.9,downside,593,estimated,53623.30218593836,0.7081820181102442
full_macro,all,12,joint_linear,M0,0.9,dxy_ret,593,estimated,706.6118834362494,0.6813270668969862
full_macro,all,12,joint_linear,M0,0.9,fx_ret,593,estimated,-173.98766434808593,-0.22711015538172125
full_macro,all,12,joint_linear,M1,0.1,e_origin,593,estimated,0.2518990327578481,2.4312796287997966
full_macro,all,12,joint_linear,M1,0.1,downside,593,estimated,18970.57042828283,0.25053691777539977
full_macro,all,12,joint_linear,M1,0.1,dxy_ret,593,estimated,651.345040655736,0.6280378472122152
full_macro,all,12,joint_linear,M1,0.1,fx_ret,593,estimated,-658.2396399648368,-0.8592155511194258
full_macro,all,12,joint_linear,M1,0.1,btc_vol,593,estimated,-1666.39931568083,-2.992071770891893
full_macro,all,12,joint_linear,M1,0.1,btc_ret,593,estimated,61.95003830295822,0.4182168017255369
full_macro,all,12,joint_linear,M1,0.1,vixy_ret,593,estimated,-10.972521146348823,-0.25873496641568133
full_macro,all,12,joint_linear,M1,0.5,e_origin,593,estimated,0.23892819799194162,2.306087697772447
full_macro,all,12,joint_linear,M1,0.5,downside,593,estimated,16913.67437310224,0.22337229456085314
full_macro,all,12,joint_linear,M1,0.5,dxy_ret,593,estimated,-323.0173685937309,-0.31145878163058804
full_macro,all,12,joint_linear,M1,0.5,fx_ret,593,estimated,-438.52846676644907,-0.5724214334378579
full_macro,all,12,joint_linear,M1,0.5,btc_vol,593,estimated,-535.3668801970729,-0.9612678751333164
full_macro,all,12,joint_linear,M1,0.5,btc_ret,593,estimated,30.183266100445074,0.2037633770689078
full_macro,all,12,joint_linear,M1,0.5,vixy_ret,593,estimated,20.287348449890466,0.47838107120825996
full_macro,all,12,joint_linear,M1,0.9,e_origin,593,estimated,0.23918862266146376,2.3086012651605947
full_macro,all,12,joint_linear,M1,0.9,downside,593,estimated,103660.34868987284,1.3690017574571558
full_macro,all,12,joint_linear,M1,0.9,dxy_ret,593,estimated,591.3808498719349,0.5702193655488446
full_macro,all,12,joint_linear,M1,0.9,fx_ret,593,estimated,-84.0962149057098,-0.10977275030280322
full_macro,all,12,joint_linear,M1,0.9,btc_vol,593,estimated,-33.42455608039209,-0.0600148294359292
full_macro,all,12,joint_linear,M1,0.9,btc_ret,593,estimated,163.24598575889556,1.1020528143137198
full_macro,all,12,joint_linear,M1,0.9,vixy_ret,593,estimated,8.799903261038994,0.207504058943081
full_macro,all,12,joint_linear,M2,0.1,e_origin,593,estimated,0.27485418075444695,2.6528381758461683
full_macro,all,12,joint_linear,M2,0.1,downside,593,estimated,36059.54950107944,0.4762243930683773
full_macro,all,12,joint_linear,M2,0.1,dxy_ret,593,estimated,778.2884444839689,0.7504388130318237
full_macro,all,12,joint_linear,M2,0.1,fx_ret,593,estimated,-598.9834604396121,-0.7818670782278246
full_macro,all,12,joint_linear,M2,0.1,btc_vol,593,estimated,-1673.9610361105786,-3.005649074977609
full_macro,all,12,joint_linear,M2,0.1,btc_ret,593,estimated,71.52349031680502,0.48284595438439365
full_macro,all,12,joint_linear,M2,0.1,vixy_ret,593,estimated,-18.35926726349796,-0.432916404122704
full_macro,all,12,joint_linear,M2,0.1,account_ls,593,estimated,-0.36077283995800935,-0.20277841321057627
full_macro,all,12,joint_linear,M2,0.5,e_origin,593,estimated,0.22962437486634477,2.216289037620524
full_macro,all,12,joint_linear,M2,0.5,downside,593,estimated,-22465.568052398943,-0.2966939869942011
full_macro,all,12,joint_linear,M2,0.5,dxy_ret,593,estimated,-105.13628066150102,-0.10137417075299085
full_macro,all,12,joint_linear,M2,0.5,fx_ret,593,estimated,-364.08307857638385,-0.4752461322885022
full_macro,all,12,joint_linear,M2,0.5,btc_vol,593,estimated,-568.6882536472425,-1.021097436949276
full_macro,all,12,joint_linear,M2,0.5,btc_ret,593,estimated,12.48042254177203,0.08425373966805043
full_macro,all,12,joint_linear,M2,0.5,vixy_ret,593,estimated,11.626152852499686,0.27414777585879124
full_macro,all,12,joint_linear,M2,0.5,account_ls,593,estimated,1.1728789007363232,0.6592362174690266
full_macro,all,12,joint_linear,M2,0.9,e_origin,593,estimated,0.2541376057628316,2.4528858925675086
full_macro,all,12,joint_linear,M2,0.9,downside,593,estimated,94171.05371926916,1.243680343281217
full_macro,all,12,joint_linear,M2,0.9,dxy_ret,593,estimated,679.4676995677548,0.6551541881046039
full_macro,all,12,joint_linear,M2,0.9,fx_ret,593,estimated,482.69197625759114,0.6300690921975562
full_macro,all,12,joint_linear,M2,0.9,btc_vol,593,estimated,-562.2886431405408,-1.009606737354274
full_macro,all,12,joint_linear,M2,0.9,btc_ret,593,estimated,160.73187854744648,1.085080397411806
full_macro,all,12,joint_linear,M2,0.9,vixy_ret,593,estimated,-1.871903921947728,-0.04413999225143353
full_macro,all,12,joint_linear,M2,0.9,account_ls,593,estimated,5.285954191031266,2.9710590278521853
full_macro,matched,12,linear,M0,,,0,insufficient,,
full_macro,matched,12,linear,M1,,,0,insufficient,,
full_macro,matched,12,linear,M2,,,0,insufficient,,
full_macro,matched,12,pca,M0,,,0,insufficient,,
full_macro,matched,12,pca,M1,,,0,insufficient,,
full_macro,matched,12,pca,M2,,,0,insufficient,,
full_macro,matched,12,ml,M0,,,0,insufficient,,
full_macro,matched,12,ml,M1,,,0,insufficient,,
full_macro,matched,12,ml,M2,,,0,insufficient,,
full_macro,matched,12,joint_linear,M0,,,0,insufficient,,
full_macro,matched,12,joint_linear,M1,,,0,insufficient,,
full_macro,matched,12,joint_linear,M2,,,0,insufficient,,
