scope,sample,h,method,model,q,term,n,status,coef_raw,effect_bp_per_sd
core,all,1,sequential_ols,M0,0.1,e_origin,2523,estimated,0.5041246993175151,4.86012517501505
core,all,1,sequential_ols,M0,0.1,downside,2523,estimated,-99797.71448638446,-1.7499383691125583
core,all,1,sequential_ols,M0,0.5,e_origin,2523,estimated,0.39166276439311953,3.7759111265922702
core,all,1,sequential_ols,M0,0.5,downside,2523,estimated,-54468.400245616875,-0.9550954546858788
core,all,1,sequential_ols,M0,0.9,e_origin,2523,estimated,0.3217916096574404,3.1023028733208604
core,all,1,sequential_ols,M0,0.9,downside,2523,estimated,17931.889680481683,0.3144330703770737
core,all,1,sequential_ols,M1,0.1,e_origin,2523,estimated,0.5009320158800579,4.82934540728844
core,all,1,sequential_ols,M1,0.1,downside,2523,estimated,-55602.293033476686,-0.9749780993551271
core,all,1,sequential_ols,M1,0.1,btc_vol,2523,estimated,-557.3066454841544,-1.105452218932105
core,all,1,sequential_ols,M1,0.1,btc_ret,2523,estimated,233.06715145236439,1.221675497633877
core,all,1,sequential_ols,M1,0.5,e_origin,2523,estimated,0.3915200931888177,3.774535673430154
core,all,1,sequential_ols,M1,0.5,downside,2523,estimated,-86670.6033776456,-1.5197563902665412
core,all,1,sequential_ols,M1,0.5,btc_vol,2523,estimated,289.0608811004582,0.5733701455172335
core,all,1,sequential_ols,M1,0.5,btc_ret,2523,estimated,152.73633862236468,0.8006029220784078
core,all,1,sequential_ols,M1,0.9,e_origin,2523,estimated,0.31262793974779424,3.013958495662529
core,all,1,sequential_ols,M1,0.9,downside,2523,estimated,-52554.4544216937,-0.921534693791471
core,all,1,sequential_ols,M1,0.9,btc_vol,2523,estimated,645.7206806702067,1.2808269290187833
core,all,1,sequential_ols,M1,0.9,btc_ret,2523,estimated,119.09521571805429,0.624265178604138
core,all,1,sequential_ols,M2,0.1,e_origin,2523,estimated,0.5032373382383618,4.851570375129306
core,all,1,sequential_ols,M2,0.1,downside,2523,estimated,-60772.992084306214,-1.0656455531214652
core,all,1,sequential_ols,M2,0.1,btc_vol,2523,estimated,-509.78318466932603,-1.011186493528013
core,all,1,sequential_ols,M2,0.1,btc_ret,2523,estimated,211.65397383788454,1.109433363746387
core,all,1,sequential_ols,M2,0.1,account_ls,2523,estimated,0.6313261764846465,0.375606500319274
core,all,1,sequential_ols,M2,0.5,e_origin,2523,estimated,0.3965441433881278,3.822971135702213
core,all,1,sequential_ols,M2,0.5,downside,2523,estimated,-93536.51658031908,-1.640149176957002
core,all,1,sequential_ols,M2,0.5,btc_vol,2523,estimated,214.4190626162794,0.4253134795200417
core,all,1,sequential_ols,M2,0.5,btc_ret,2523,estimated,157.1925857572648,0.8239613743621537
core,all,1,sequential_ols,M2,0.5,account_ls,2523,estimated,0.9298562487110851,0.5532164899658218
core,all,1,sequential_ols,M2,0.9,e_origin,2523,estimated,0.3043541781359082,2.934193474911832
core,all,1,sequential_ols,M2,0.9,downside,2523,estimated,-77433.32144110749,-1.3577819986659823
core,all,1,sequential_ols,M2,0.9,btc_vol,2523,estimated,719.9214353002974,1.4280087175671896
core,all,1,sequential_ols,M2,0.9,btc_ret,2523,estimated,109.65301821844734,0.5747717117761997
core,all,1,sequential_ols,M2,0.9,account_ls,2523,estimated,0.8176766112173287,0.4864753938168657
core,all,1,pca_1,M0,0.1,e_origin,2523,estimated,0.5123706806522648,4.930832935125607
core,all,1,pca_1,M0,0.1,downside,2523,estimated,-101243.79624331716,-1.77529520182515
core,all,1,pca_1,M0,0.5,e_origin,2523,estimated,0.39314530699832767,3.78345971235045
core,all,1,pca_1,M0,0.5,downside,2523,estimated,-51885.737330923876,-0.909808837129903
core,all,1,pca_1,M0,0.9,e_origin,2523,estimated,0.32925052411912764,3.168564068043901
core,all,1,pca_1,M0,0.9,downside,2523,estimated,16409.6250104469,0.2877403813936825
core,all,1,pca_1,M1,0.1,e_origin,2523,estimated,0.5050903931838834,4.860770609973477
core,all,1,pca_1,M1,0.1,downside,2523,estimated,-55366.45054118177,-0.9708426356477864
core,all,1,pca_1,M1,0.1,btc_vol,2523,estimated,-544.4330230242022,-1.079916592128866
core,all,1,pca_1,M1,0.1,btc_ret,2523,estimated,223.01470517073395,1.168983270363666
core,all,1,pca_1,M1,0.5,e_origin,2523,estimated,0.4034273070318807,3.882409215744876
core,all,1,pca_1,M1,0.5,downside,2523,estimated,-78025.94892343556,-1.3681736351403622
core,all,1,pca_1,M1,0.5,btc_vol,2523,estimated,232.1282674559145,0.4604407832120527
core,all,1,pca_1,M1,0.5,btc_ret,2523,estimated,151.7553045124726,0.7954606043947287
core,all,1,pca_1,M1,0.9,e_origin,2523,estimated,0.3198236073514735,3.0778435146830745
core,all,1,pca_1,M1,0.9,downside,2523,estimated,-59212.40193512754,-1.0382808324506383
core,all,1,pca_1,M1,0.9,btc_vol,2523,estimated,694.4871688375908,1.3775582760985012
core,all,1,pca_1,M1,0.9,btc_ret,2523,estimated,106.88905115889884,0.5602837377658093
core,all,1,pca_1,M2,0.1,e_origin,2523,estimated,0.504783068148696,4.857813047289833
core,all,1,pca_1,M2,0.1,downside,2523,estimated,-60796.49203949836,-1.0660576214085478
core,all,1,pca_1,M2,0.1,btc_vol,2523,estimated,-497.72182671710976,-0.9872620436409517
core,all,1,pca_1,M2,0.1,btc_ret,2523,estimated,203.9162966038966,1.0688745349862792
core,all,1,pca_1,M2,0.1,account_ls,2523,estimated,0.6530291914963502,0.3885186744355344
core,all,1,pca_1,M2,0.5,e_origin,2523,estimated,0.40258170355897077,3.87427149512243
core,all,1,pca_1,M2,0.5,downside,2523,estimated,-92239.72341370948,-1.6174100979036163
core,all,1,pca_1,M2,0.5,btc_vol,2523,estimated,190.81859023328644,0.3785004820885097
core,all,1,pca_1,M2,0.5,btc_ret,2523,estimated,157.23961527120449,0.824207890460573
core,all,1,pca_1,M2,0.5,account_ls,2523,estimated,0.998063271208227,0.5937961490574206
core,all,1,pca_1,M2,0.9,e_origin,2523,estimated,0.31287869000287954,3.0110086459302834
core,all,1,pca_1,M2,0.9,downside,2523,estimated,-72273.02484758035,-1.2672969504713567
core,all,1,pca_1,M2,0.9,btc_vol,2523,estimated,642.7150288801816,1.274865032695559
core,all,1,pca_1,M2,0.9,btc_ret,2523,estimated,104.8512168121457,0.5496019566818976
core,all,1,pca_1,M2,0.9,account_ls,2523,estimated,0.7288976621557399,0.4336564998740808
core,all,1,pca_2,M0,0.1,e_origin,2523,estimated,0.5649023404632653,4.333482813838448
core,all,1,pca_2,M0,0.1,downside,2523,estimated,-42805.677593096916,-0.7505913138546044
core,all,1,pca_2,M0,0.5,e_origin,2523,estimated,0.47545237477164626,3.6472936068594466
core,all,1,pca_2,M0,0.5,downside,2523,estimated,-18012.204398660037,-0.31584137724730704
core,all,1,pca_2,M0,0.9,e_origin,2523,estimated,0.4467327598167135,3.426979494290547
core,all,1,pca_2,M0,0.9,downside,2523,estimated,-8439.830547073281,-0.14799119778586461
core,all,1,pca_2,M1,0.1,e_origin,2523,estimated,0.5361222624592886,4.112704876701767
core,all,1,pca_2,M1,0.1,downside,2523,estimated,8363.66801665375,0.146655698922431
core,all,1,pca_2,M1,0.1,btc_vol,2523,estimated,-526.2513287824564,-1.0438520764688706
core,all,1,pca_2,M1,0.1,btc_ret,2523,estimated,67.56241253979779,0.3541440458106454
core,all,1,pca_2,M1,0.5,e_origin,2523,estimated,0.48267458403601876,3.702696669447994
core,all,1,pca_2,M1,0.5,downside,2523,estimated,-22373.943879114006,-0.3923238429250238
core,all,1,pca_2,M1,0.5,btc_vol,2523,estimated,115.71778294250032,0.22953338338996673
core,all,1,pca_2,M1,0.5,btc_ret,2523,estimated,85.78765502259738,0.44967587876490445
core,all,1,pca_2,M1,0.9,e_origin,2523,estimated,0.4261800804960249,3.2693156358942503
core,all,1,pca_2,M1,0.9,downside,2523,estimated,-31177.611457899788,-0.5466948700003116
core,all,1,pca_2,M1,0.9,btc_vol,2523,estimated,267.3002387677917,0.5302065648440905
core,all,1,pca_2,M1,0.9,btc_ret,2523,estimated,125.90592175498304,0.6599650729695761
core,all,1,pca_2,M2,0.1,e_origin,2523,estimated,0.5410781617454978,4.150722606219916
core,all,1,pca_2,M2,0.1,downside,2523,estimated,-20149.56935497495,-0.3533197600449646
core,all,1,pca_2,M2,0.1,btc_vol,2523,estimated,-441.2331758544213,-0.8752133089871759
core,all,1,pca_2,M2,0.1,btc_ret,2523,estimated,43.49214382488603,0.22797415302555618
core,all,1,pca_2,M2,0.1,account_ls,2523,estimated,1.072165856202973,0.6378833636403328
core,all,1,pca_2,M2,0.5,e_origin,2523,estimated,0.4888479202753771,3.750053609897854
core,all,1,pca_2,M2,0.5,downside,2523,estimated,-25702.27124695283,-0.4506855779198988
core,all,1,pca_2,M2,0.5,btc_vol,2523,estimated,-8.124709711271557,-0.016115864490906615
core,all,1,pca_2,M2,0.5,btc_ret,2523,estimated,99.59985906368262,0.5220757478162164
core,all,1,pca_2,M2,0.5,account_ls,2523,estimated,0.9828740143258632,0.5847593249361672
core,all,1,pca_2,M2,0.9,e_origin,2523,estimated,0.4279363118956479,3.2827880505795006
core,all,1,pca_2,M2,0.9,downside,2523,estimated,-32496.227028793113,-0.5698166017302533
core,all,1,pca_2,M2,0.9,btc_vol,2523,estimated,264.75776617981455,0.5251634131308864
core,all,1,pca_2,M2,0.9,btc_ret,2523,estimated,124.42029815532372,0.6521778325150525
core,all,1,pca_2,M2,0.9,account_ls,2523,estimated,0.13013173944971596,0.07742167053381496
core,all,1,conditional_linear,M0,0.1,e_origin,2523,estimated,0.49369702981830255,5.633812740017429
core,all,1,conditional_linear,M0,0.1,downside,2523,estimated,-92503.89696608341,-1.622042342617667
core,all,1,conditional_linear,M0,0.5,e_origin,2523,estimated,0.43802775664523275,4.998544060063293
core,all,1,conditional_linear,M0,0.5,downside,2523,estimated,-56248.55681635887,-0.9863102405374551
core,all,1,conditional_linear,M0,0.9,e_origin,2523,estimated,0.5157731159505727,5.8857335088085225
core,all,1,conditional_linear,M0,0.9,downside,2523,estimated,14496.614912269652,0.2541960283137643
core,all,1,conditional_linear,M1,0.1,e_origin,2523,estimated,0.47332917505064964,5.401385415674281
core,all,1,conditional_linear,M1,0.1,downside,2523,estimated,-27003.675556411632,-0.4735055126906605
core,all,1,conditional_linear,M1,0.1,btc_vol,2523,estimated,-809.308478561967,-1.6053134493841767
core,all,1,conditional_linear,M1,0.1,btc_ret,2523,estimated,176.6004531559591,0.9256922099370595
core,all,1,conditional_linear,M1,0.5,e_origin,2523,estimated,0.4274174355174503,4.877464615110228
core,all,1,conditional_linear,M1,0.5,downside,2523,estimated,-36078.67777309302,-0.6326343530702556
core,all,1,conditional_linear,M1,0.5,btc_vol,2523,estimated,-158.32678990297632,-0.3140509854545036
core,all,1,conditional_linear,M1,0.5,btc_ret,2523,estimated,128.3721689526453,0.6728924793145582
core,all,1,conditional_linear,M1,0.9,e_origin,2523,estimated,0.5212750421844564,5.94851861837764
core,all,1,conditional_linear,M1,0.9,downside,2523,estimated,-36911.06876782713,-0.647230207767787
core,all,1,conditional_linear,M1,0.9,btc_vol,2523,estimated,581.5688172999636,1.153577738136345
core,all,1,conditional_linear,M1,0.9,btc_ret,2523,estimated,95.53572826447288,0.5007726641957495
core,all,1,conditional_linear,M2,0.1,e_origin,2523,estimated,0.47483211100815387,5.418536136123083
core,all,1,conditional_linear,M2,0.1,downside,2523,estimated,-38570.26433508113,-0.6763239600640419
core,all,1,conditional_linear,M2,0.1,btc_vol,2523,estimated,-802.9934187705262,-1.592787137495194
core,all,1,conditional_linear,M2,0.1,btc_ret,2523,estimated,177.75299580822556,0.9317335294000456
core,all,1,conditional_linear,M2,0.1,account_ls,2523,estimated,1.206692749199377,0.7179199237566289
core,all,1,conditional_linear,M2,0.5,e_origin,2523,estimated,0.42880016487840317,4.89324360064028
core,all,1,conditional_linear,M2,0.5,downside,2523,estimated,-50632.37312480612,-0.8878312785651025
core,all,1,conditional_linear,M2,0.5,btc_vol,2523,estimated,-153.91318063657877,-0.3052963183487492
core,all,1,conditional_linear,M2,0.5,btc_ret,2523,estimated,121.83756574010557,0.6386398419018121
core,all,1,conditional_linear,M2,0.5,account_ls,2523,estimated,0.7605974191093867,0.45251621964149075
core,all,1,conditional_linear,M2,0.9,e_origin,2523,estimated,0.5169312214576837,5.898949204196941
core,all,1,conditional_linear,M2,0.9,downside,2523,estimated,-50058.23944090698,-0.8777639281490554
core,all,1,conditional_linear,M2,0.9,btc_vol,2523,estimated,486.75247220781876,0.965503650159004
core,all,1,conditional_linear,M2,0.9,btc_ret,2523,estimated,78.84703024255342,0.41329498519319385
core,all,1,conditional_linear,M2,0.9,account_ls,2523,estimated,0.9947273129969226,0.5918114260479355
core,all,1,ae_relu_1,M0,0.1,e_origin,2523,estimated,0.9168518560060016,43.02751200430985
core,all,1,ae_relu_1,M0,0.1,downside,2523,estimated,-69822.26441795922,-1.22432322375458
core,all,1,ae_relu_1,M0,0.5,e_origin,2523,estimated,0.9518370863742291,44.669355678161345
core,all,1,ae_relu_1,M0,0.5,downside,2523,estimated,-16334.616846216793,-0.28642512417302873
core,all,1,ae_relu_1,M0,0.9,e_origin,2523,estimated,1.0078025896857303,47.29579565293858
core,all,1,ae_relu_1,M0,0.9,downside,2523,estimated,39112.03627356605,0.6858238519938578
core,all,1,ae_relu_1,M1,0.1,e_origin,2523,estimated,0.9180658138010137,43.084482586040636
core,all,1,ae_relu_1,M1,0.1,downside,2523,estimated,-15858.47557446523,-0.27807605641286687
core,all,1,ae_relu_1,M1,0.1,btc_vol,2523,estimated,-651.4524166734182,-1.2921961820761887
core,all,1,ae_relu_1,M1,0.1,btc_ret,2523,estimated,110.74585668954721,0.5805000779345995
core,all,1,ae_relu_1,M1,0.5,e_origin,2523,estimated,0.9495929348938296,44.56403849509644
core,all,1,ae_relu_1,M1,0.5,downside,2523,estimated,-53180.06021138331,-0.9325046000759097
core,all,1,ae_relu_1,M1,0.5,btc_vol,2523,estimated,359.833045774218,0.7137511137170117
core,all,1,ae_relu_1,M1,0.5,btc_ret,2523,estimated,96.52684840715237,0.505967850158154
core,all,1,ae_relu_1,M1,0.9,e_origin,2523,estimated,1.0021898470273334,47.03239175564669
core,all,1,ae_relu_1,M1,0.9,downside,2523,estimated,-69708.60737271559,-1.2223302640418712
core,all,1,ae_relu_1,M1,0.9,btc_vol,2523,estimated,1361.6653849423712,2.7009475545010013
core,all,1,ae_relu_1,M1,0.9,btc_ret,2523,estimated,-35.79223030498278,-0.1876132715261818
core,all,1,ae_relu_1,M2,0.1,e_origin,2523,estimated,0.9179227896558031,43.07777051681741
core,all,1,ae_relu_1,M2,0.1,downside,2523,estimated,-21065.60185228684,-0.36938225629199817
core,all,1,ae_relu_1,M2,0.1,btc_vol,2523,estimated,-597.963946962846,-1.1860984923968076
core,all,1,ae_relu_1,M2,0.1,btc_ret,2523,estimated,114.09941471154212,0.5980785296376147
core,all,1,ae_relu_1,M2,0.1,account_ls,2523,estimated,0.12111613481700736,0.07205785095768139
core,all,1,ae_relu_1,M2,0.5,e_origin,2523,estimated,0.9479064957391733,44.48489454125464
core,all,1,ae_relu_1,M2,0.5,downside,2523,estimated,-69321.45962369816,-1.2155416847241194
core,all,1,ae_relu_1,M2,0.5,btc_vol,2523,estimated,332.1689542705386,0.6588776762920624
core,all,1,ae_relu_1,M2,0.5,btc_ret,2523,estimated,107.0267944007289,0.5610057508957584
core,all,1,ae_relu_1,M2,0.5,account_ls,2523,estimated,0.8400578683106786,0.49979108697628527
core,all,1,ae_relu_1,M2,0.9,e_origin,2523,estimated,1.001713235970545,47.01002457840534
core,all,1,ae_relu_1,M2,0.9,downside,2523,estimated,-61689.37705609895,-1.0817142299571159
core,all,1,ae_relu_1,M2,0.9,btc_vol,2523,estimated,1313.6933642296733,2.605792082781408
core,all,1,ae_relu_1,M2,0.9,btc_ret,2523,estimated,1.831070792864688,0.00959798198989458
core,all,1,ae_relu_1,M2,0.9,account_ls,2523,estimated,-0.3689435978673066,-0.21950240425918843
core,all,1,ae_relu_2,M0,0.1,e_origin,2523,estimated,0.8986543911913927,49.49502083697865
core,all,1,ae_relu_2,M0,0.1,downside,2523,estimated,-13978.093740614788,-0.24510383518944337
core,all,1,ae_relu_2,M0,0.5,e_origin,2523,estimated,0.9614090669215418,52.951348445597716
core,all,1,ae_relu_2,M0,0.5,downside,2523,estimated,-6524.810882639991,-0.11441160725472
core,all,1,ae_relu_2,M0,0.9,e_origin,2523,estimated,1.0411362702098939,57.342468799218274
core,all,1,ae_relu_2,M0,0.9,downside,2523,estimated,19752.530234588452,0.34635773697280475
core,all,1,ae_relu_2,M1,0.1,e_origin,2523,estimated,0.8999770016763489,49.567866008775255
core,all,1,ae_relu_2,M1,0.1,downside,2523,estimated,-1497.152559281106,-0.026252351783652435
core,all,1,ae_relu_2,M1,0.1,btc_vol,2523,estimated,-109.07544865911575,-0.21635790229359955
core,all,1,ae_relu_2,M1,0.1,btc_ret,2523,estimated,30.168278159891404,0.15813402276586097
core,all,1,ae_relu_2,M1,0.5,e_origin,2523,estimated,0.963389891611361,53.06044595878855
core,all,1,ae_relu_2,M1,0.5,downside,2523,estimated,-19394.93329669508,-0.3400873268184505
core,all,1,ae_relu_2,M1,0.5,btc_vol,2523,estimated,121.41876714986051,0.24084163835729852
core,all,1,ae_relu_2,M1,0.5,btc_ret,2523,estimated,106.54060308667916,0.5584572664275025
core,all,1,ae_relu_2,M1,0.9,e_origin,2523,estimated,1.0424630327130062,57.41554265094698
core,all,1,ae_relu_2,M1,0.9,downside,2523,estimated,-16805.89286426934,-0.2946888804191224
core,all,1,ae_relu_2,M1,0.9,btc_vol,2523,estimated,288.3216287759125,0.5719037927846014
core,all,1,ae_relu_2,M1,0.9,btc_ret,2523,estimated,-42.92781820218562,-0.22501610946753475
core,all,1,ae_relu_2,M2,0.1,e_origin,2523,estimated,0.8999947504241179,49.56884355325651
core,all,1,ae_relu_2,M2,0.1,downside,2523,estimated,-1337.7019406088823,-0.02345640843936545
core,all,1,ae_relu_2,M2,0.1,btc_vol,2523,estimated,-110.56488641804587,-0.21931229425879886
core,all,1,ae_relu_2,M2,0.1,btc_ret,2523,estimated,30.56276104523088,0.16020179624767508
core,all,1,ae_relu_2,M2,0.1,account_ls,2523,estimated,0.005763036517711564,0.0034287093712523403
core,all,1,ae_relu_2,M2,0.5,e_origin,2523,estimated,0.9626407818493726,53.0191873796927
core,all,1,ae_relu_2,M2,0.5,downside,2523,estimated,-20398.676115847506,-0.3576878107673658
core,all,1,ae_relu_2,M2,0.5,btc_vol,2523,estimated,95.3857703282994,0.18920357817079855
core,all,1,ae_relu_2,M2,0.5,btc_ret,2523,estimated,99.88220394700414,0.5235557239676677
core,all,1,ae_relu_2,M2,0.5,account_ls,2523,estimated,0.42135546971649196,0.25068476370145293
core,all,1,ae_relu_2,M2,0.9,e_origin,2523,estimated,1.042816669022979,57.435019812247674
core,all,1,ae_relu_2,M2,0.9,downside,2523,estimated,-18288.384348341613,-0.3206841523871456
core,all,1,ae_relu_2,M2,0.9,btc_vol,2523,estimated,460.8790646988756,0.9141821452498918
core,all,1,ae_relu_2,M2,0.9,btc_ret,2523,estimated,-32.09379541401413,-0.1682270677744528
core,all,1,ae_relu_2,M2,0.9,account_ls,2523,estimated,-0.7931454614006592,-0.47188062541560477
core,all,1,ae_tanh_1,M0,0.1,e_origin,2523,estimated,0.8934101410120184,50.65204689559267
core,all,1,ae_tanh_1,M0,0.1,downside,2523,estimated,-59506.59199870388,-1.0434394123110433
core,all,1,ae_tanh_1,M0,0.5,e_origin,2523,estimated,0.9539506676217924,54.084402822791496
core,all,1,ae_tanh_1,M0,0.5,downside,2523,estimated,-17069.598005611766,-0.29931291161404844
core,all,1,ae_tanh_1,M0,0.9,e_origin,2523,estimated,1.0372846265096325,58.809036448285
core,all,1,ae_tanh_1,M0,0.9,downside,2523,estimated,43203.50278097106,0.7575671205055208
core,all,1,ae_tanh_1,M1,0.1,e_origin,2523,estimated,0.893534843562233,50.65911692886352
core,all,1,ae_tanh_1,M1,0.1,downside,2523,estimated,-22579.46469698258,-0.3959276204933837
core,all,1,ae_tanh_1,M1,0.1,btc_vol,2523,estimated,-470.0991499538195,-0.9324707549164183
core,all,1,ae_tanh_1,M1,0.1,btc_ret,2523,estimated,115.41437978330781,0.6049712238607594
core,all,1,ae_tanh_1,M1,0.5,e_origin,2523,estimated,0.9537241052923094,54.071557831212665
core,all,1,ae_tanh_1,M1,0.5,downside,2523,estimated,-47068.49073613709,-0.8253391206330958
core,all,1,ae_tanh_1,M1,0.5,btc_vol,2523,estimated,312.82227609876554,0.6205023429145602
core,all,1,ae_tanh_1,M1,0.5,btc_ret,2523,estimated,114.09234512532377,0.5980414727627718
core,all,1,ae_tanh_1,M1,0.9,e_origin,2523,estimated,1.0358025930585724,58.72501229810141
core,all,1,ae_tanh_1,M1,0.9,downside,2523,estimated,-45378.8961384658,-0.7957123257718399
core,all,1,ae_tanh_1,M1,0.9,btc_vol,2523,estimated,1152.7855540699763,2.286621483927316
core,all,1,ae_tanh_1,M1,0.9,btc_ret,2523,estimated,-30.85697950249327,-0.16174401048914688
core,all,1,ae_tanh_1,M2,0.1,e_origin,2523,estimated,0.8916182394490181,50.550454717672494
core,all,1,ae_tanh_1,M2,0.1,downside,2523,estimated,-27330.71080718292,-0.47924002811841715
core,all,1,ae_tanh_1,M2,0.1,btc_vol,2523,estimated,-511.9331078410759,-1.0154509991821306
core,all,1,ae_tanh_1,M2,0.1,btc_ret,2523,estimated,140.7723892635094,0.737891108356201
core,all,1,ae_tanh_1,M2,0.1,account_ls,2523,estimated,1.1888482358375205,0.7073033590339868
core,all,1,ae_tanh_1,M2,0.5,e_origin,2523,estimated,0.9538051297231446,54.07615152573431
core,all,1,ae_tanh_1,M2,0.5,downside,2523,estimated,-68646.81566503884,-1.203711901298478
core,all,1,ae_tanh_1,M2,0.5,btc_vol,2523,estimated,352.322868919147,0.698854213175303
core,all,1,ae_tanh_1,M2,0.5,btc_ret,2523,estimated,119.98675469806247,0.6289383868202005
core,all,1,ae_tanh_1,M2,0.5,account_ls,2523,estimated,0.7898834046818799,0.4699398699810588
core,all,1,ae_tanh_1,M2,0.9,e_origin,2523,estimated,1.0373312821328862,58.81168159714609
core,all,1,ae_tanh_1,M2,0.9,downside,2523,estimated,-51198.300269320134,-0.8977547285098654
core,all,1,ae_tanh_1,M2,0.9,btc_vol,2523,estimated,1261.1175938947604,2.5015047887939064
core,all,1,ae_tanh_1,M2,0.9,btc_ret,2523,estimated,-50.81218222527259,-0.2663438310336521
core,all,1,ae_tanh_1,M2,0.9,account_ls,2523,estimated,-0.8734004482699235,-0.5196282016668909
core,all,1,ae_tanh_2,M0,0.1,e_origin,2523,estimated,0.8920788574731349,50.45090073154354
core,all,1,ae_tanh_2,M0,0.1,downside,2523,estimated,-49221.93471424418,-0.8630994467329294
core,all,1,ae_tanh_2,M0,0.5,e_origin,2523,estimated,0.9538010993482905,53.94155928900809
core,all,1,ae_tanh_2,M0,0.5,downside,2523,estimated,-13996.632964106111,-0.24542891776962056
core,all,1,ae_tanh_2,M0,0.9,e_origin,2523,estimated,1.0380982540205963,58.708926373988184
core,all,1,ae_tanh_2,M0,0.9,downside,2523,estimated,41271.53521317769,0.7236903509606237
core,all,1,ae_tanh_2,M1,0.1,e_origin,2523,estimated,0.8910847101914,50.39467742190765
core,all,1,ae_tanh_2,M1,0.1,downside,2523,estimated,-47216.51770171944,-0.8279347518864666
core,all,1,ae_tanh_2,M1,0.1,btc_vol,2523,estimated,-173.15563355159276,-0.34346491447973426
core,all,1,ae_tanh_2,M1,0.1,btc_ret,2523,estimated,177.10588703199755,0.9283415587542673
core,all,1,ae_tanh_2,M1,0.5,e_origin,2523,estimated,0.9522654639358237,53.85471249390115
core,all,1,ae_tanh_2,M1,0.5,downside,2523,estimated,-62495.11723876575,-1.0958427665517767
core,all,1,ae_tanh_2,M1,0.5,btc_vol,2523,estimated,550.1777090173297,1.0913115322926499
core,all,1,ae_tanh_2,M1,0.5,btc_ret,2523,estimated,82.86058775296128,0.43433297719787956
core,all,1,ae_tanh_2,M1,0.9,e_origin,2523,estimated,1.036838914524532,58.637705302699466
core,all,1,ae_tanh_2,M1,0.9,downside,2523,estimated,-61093.78132664645,-1.0712705457022955
core,all,1,ae_tanh_2,M1,0.9,btc_vol,2523,estimated,1281.8878196114797,2.5427038168197096
core,all,1,ae_tanh_2,M1,0.9,btc_ret,2523,estimated,-81.78150065955374,-0.42867669207312487
core,all,1,ae_tanh_2,M2,0.1,e_origin,2523,estimated,0.8896487265953786,50.313466366126995
core,all,1,ae_tanh_2,M2,0.1,downside,2523,estimated,-48230.61317531853,-0.8457167681212827
core,all,1,ae_tanh_2,M2,0.1,btc_vol,2523,estimated,-220.28703763716544,-0.4369529710998367
core,all,1,ae_tanh_2,M2,0.1,btc_ret,2523,estimated,154.78976369077992,0.811366425543729
core,all,1,ae_tanh_2,M2,0.1,account_ls,2523,estimated,1.0809874713899457,0.6431317695055737
core,all,1,ae_tanh_2,M2,0.5,e_origin,2523,estimated,0.9527756987499965,53.88356846974225
core,all,1,ae_tanh_2,M2,0.5,downside,2523,estimated,-68606.14421310567,-1.2029987333203167
core,all,1,ae_tanh_2,M2,0.5,btc_vol,2523,estimated,376.49664506079847,0.7468043940896922
core,all,1,ae_tanh_2,M2,0.5,btc_ret,2523,estimated,102.80862806261835,0.5388952542938084
core,all,1,ae_tanh_2,M2,0.5,account_ls,2523,estimated,1.0483037878378363,0.6236866641799766
core,all,1,ae_tanh_2,M2,0.9,e_origin,2523,estimated,1.0376432149881984,58.68319195728257
core,all,1,ae_tanh_2,M2,0.9,downside,2523,estimated,-48645.895303381054,-0.8529986796724983
core,all,1,ae_tanh_2,M2,0.9,btc_vol,2523,estimated,1301.7603896215994,2.582122289202155
core,all,1,ae_tanh_2,M2,0.9,btc_ret,2523,estimated,-62.24186379092874,-0.32625515627835794
core,all,1,ae_tanh_2,M2,0.9,account_ls,2523,estimated,-0.9431415855316696,-0.5611205798873394
core,all,1,conditional_neural,M0,0.1,e_origin,2523,estimated,0.30792481877306804,3.00270425492972
core,all,1,conditional_neural,M0,0.1,downside,2523,estimated,-46763.849583390715,-0.8199972824482714
core,all,1,conditional_neural,M0,0.5,e_origin,2523,estimated,0.2615395785530326,2.5503822929339126
core,all,1,conditional_neural,M0,0.5,downside,2523,estimated,-43833.24566252103,-0.7686095700923814
core,all,1,conditional_neural,M0,0.9,e_origin,2523,estimated,0.28239841234255203,2.7537855431890357
core,all,1,conditional_neural,M0,0.9,downside,2523,estimated,35335.25887222886,0.6195986110631261
core,all,1,conditional_neural,M1,0.1,e_origin,2523,estimated,0.31428247008482507,3.0647003834692685
core,all,1,conditional_neural,M1,0.1,downside,2523,estimated,72108.72731652856,1.2644160172253633
core,all,1,conditional_neural,M1,0.1,btc_vol,2523,estimated,-1318.1935884899017,-2.6147185560873916
core,all,1,conditional_neural,M1,0.1,btc_ret,2523,estimated,227.42127134353615,1.1920813083688846
core,all,1,conditional_neural,M1,0.5,e_origin,2523,estimated,0.26555948480765235,2.5895820874268045
core,all,1,conditional_neural,M1,0.5,downside,2523,estimated,-8809.02679841744,-0.1544650002099453
core,all,1,conditional_neural,M1,0.5,btc_vol,2523,estimated,-275.10385992800144,-0.5456855303241542
core,all,1,conditional_neural,M1,0.5,btc_ret,2523,estimated,184.562606750615,0.967427683573621
core,all,1,conditional_neural,M1,0.9,e_origin,2523,estimated,0.27424213587614527,2.6742502652349978
core,all,1,conditional_neural,M1,0.9,downside,2523,estimated,-17375.04172142063,-0.30466882262512845
core,all,1,conditional_neural,M1,0.9,btc_vol,2523,estimated,602.5401115204044,1.1951755979819325
core,all,1,conditional_neural,M1,0.9,btc_ret,2523,estimated,122.27397152924179,0.6409273640013057
core,all,1,conditional_neural,M2,0.1,e_origin,2523,estimated,0.2900758179486587,2.828651150229523
core,all,1,conditional_neural,M2,0.1,downside,2523,estimated,49860.45354356362,0.8742957812840515
core,all,1,conditional_neural,M2,0.1,btc_vol,2523,estimated,-1363.5808037226602,-2.704746906182902
core,all,1,conditional_neural,M2,0.1,btc_ret,2523,estimated,180.25930503256853,0.9448709301439655
core,all,1,conditional_neural,M2,0.1,account_ls,2523,estimated,2.0108070836722542,1.1963264626866121
core,all,1,conditional_neural,M2,0.5,e_origin,2523,estimated,0.25326393495705113,2.4696830159579677
core,all,1,conditional_neural,M2,0.5,downside,2523,estimated,-28281.893902254986,-0.49591888497084474
core,all,1,conditional_neural,M2,0.5,btc_vol,2523,estimated,-297.301324084964,-0.5897155741174824
core,all,1,conditional_neural,M2,0.5,btc_ret,2523,estimated,171.04847902073533,0.8965902505994469
core,all,1,conditional_neural,M2,0.5,account_ls,2523,estimated,0.7834170212989184,0.4660927055157407
core,all,1,conditional_neural,M2,0.9,e_origin,2523,estimated,0.26322895700873983,2.5668561318967833
core,all,1,conditional_neural,M2,0.9,downside,2523,estimated,-18964.783688304942,-0.33254471616794967
core,all,1,conditional_neural,M2,0.9,btc_vol,2523,estimated,484.3768331572362,0.9607914230913241
core,all,1,conditional_neural,M2,0.9,btc_ret,2523,estimated,124.9451168433681,0.6549287913176498
core,all,1,conditional_neural,M2,0.9,account_ls,2523,estimated,0.9914704448690765,0.5898737575572778
core,all,1,pca_selected,M0,0.1,e_origin,2523,estimated,0.5649023404632653,4.333482813838448
core,all,1,pca_selected,M0,0.1,downside,2523,estimated,-42805.677593096916,-0.7505913138546044
core,all,1,pca_selected,M0,0.5,e_origin,2523,estimated,0.47545237477164626,3.6472936068594466
core,all,1,pca_selected,M0,0.5,downside,2523,estimated,-18012.204398660037,-0.31584137724730704
core,all,1,pca_selected,M0,0.9,e_origin,2523,estimated,0.4467327598167135,3.426979494290547
core,all,1,pca_selected,M0,0.9,downside,2523,estimated,-8439.830547073281,-0.14799119778586461
core,all,1,pca_selected,M1,0.1,e_origin,2523,estimated,0.5361222624592886,4.112704876701767
core,all,1,pca_selected,M1,0.1,downside,2523,estimated,8363.66801665375,0.146655698922431
core,all,1,pca_selected,M1,0.1,btc_vol,2523,estimated,-526.2513287824564,-1.0438520764688706
core,all,1,pca_selected,M1,0.1,btc_ret,2523,estimated,67.56241253979779,0.3541440458106454
core,all,1,pca_selected,M1,0.5,e_origin,2523,estimated,0.48267458403601876,3.702696669447994
core,all,1,pca_selected,M1,0.5,downside,2523,estimated,-22373.943879114006,-0.3923238429250238
core,all,1,pca_selected,M1,0.5,btc_vol,2523,estimated,115.71778294250032,0.22953338338996673
core,all,1,pca_selected,M1,0.5,btc_ret,2523,estimated,85.78765502259738,0.44967587876490445
core,all,1,pca_selected,M1,0.9,e_origin,2523,estimated,0.4261800804960249,3.2693156358942503
core,all,1,pca_selected,M1,0.9,downside,2523,estimated,-31177.611457899788,-0.5466948700003116
core,all,1,pca_selected,M1,0.9,btc_vol,2523,estimated,267.3002387677917,0.5302065648440905
core,all,1,pca_selected,M1,0.9,btc_ret,2523,estimated,125.90592175498304,0.6599650729695761
core,all,1,pca_selected,M2,0.1,e_origin,2523,estimated,0.5410781617454978,4.150722606219916
core,all,1,pca_selected,M2,0.1,downside,2523,estimated,-20149.56935497495,-0.3533197600449646
core,all,1,pca_selected,M2,0.1,btc_vol,2523,estimated,-441.2331758544213,-0.8752133089871759
core,all,1,pca_selected,M2,0.1,btc_ret,2523,estimated,43.49214382488603,0.22797415302555618
core,all,1,pca_selected,M2,0.1,account_ls,2523,estimated,1.072165856202973,0.6378833636403328
core,all,1,pca_selected,M2,0.5,e_origin,2523,estimated,0.4888479202753771,3.750053609897854
core,all,1,pca_selected,M2,0.5,downside,2523,estimated,-25702.27124695283,-0.4506855779198988
core,all,1,pca_selected,M2,0.5,btc_vol,2523,estimated,-8.124709711271557,-0.016115864490906615
core,all,1,pca_selected,M2,0.5,btc_ret,2523,estimated,99.59985906368262,0.5220757478162164
core,all,1,pca_selected,M2,0.5,account_ls,2523,estimated,0.9828740143258632,0.5847593249361672
core,all,1,pca_selected,M2,0.9,e_origin,2523,estimated,0.4279363118956479,3.2827880505795006
core,all,1,pca_selected,M2,0.9,downside,2523,estimated,-32496.227028793113,-0.5698166017302533
core,all,1,pca_selected,M2,0.9,btc_vol,2523,estimated,264.75776617981455,0.5251634131308864
core,all,1,pca_selected,M2,0.9,btc_ret,2523,estimated,124.42029815532372,0.6521778325150525
core,all,1,pca_selected,M2,0.9,account_ls,2523,estimated,0.13013173944971596,0.07742167053381496
core,all,1,ae_selected,M0,0.1,e_origin,2523,estimated,0.9137175562704499,42.83955494078102
core,all,1,ae_selected,M0,0.1,downside,2523,estimated,-10098.124358411465,-0.17706913792364706
core,all,1,ae_selected,M0,0.5,e_origin,2523,estimated,0.9574135155608319,44.88823555971441
core,all,1,ae_selected,M0,0.5,downside,2523,estimated,-7495.167582892539,-0.13142667047772655
core,all,1,ae_selected,M0,0.9,e_origin,2523,estimated,1.0192058302334595,47.78536196510059
core,all,1,ae_selected,M0,0.9,downside,2523,estimated,29895.508030754147,0.5242133733860884
core,all,1,ae_selected,M1,0.1,e_origin,2523,estimated,0.9138256295289784,42.84462194454448
core,all,1,ae_selected,M1,0.1,downside,2523,estimated,-16653.48620319292,-0.2920164518439936
core,all,1,ae_selected,M1,0.1,btc_vol,2523,estimated,75.24901509153487,0.14926107804282018
core,all,1,ae_selected,M1,0.1,btc_ret,2523,estimated,-7.60806161336159,-0.03987941844062225
core,all,1,ae_selected,M1,0.5,e_origin,2523,estimated,0.9563588262016367,44.83878655609329
core,all,1,ae_selected,M1,0.5,downside,2523,estimated,-24847.22923424202,-0.4356925409255495
core,all,1,ae_selected,M1,0.5,btc_vol,2523,estimated,175.3495388187813,0.34781666134188316
core,all,1,ae_selected,M1,0.5,btc_ret,2523,estimated,80.45116094023017,0.4217034080710723
core,all,1,ae_selected,M1,0.9,e_origin,2523,estimated,1.021795281930619,47.906768145255164
core,all,1,ae_selected,M1,0.9,downside,2523,estimated,17367.18403902638,0.30453103931030234
core,all,1,ae_selected,M1,0.9,btc_vol,2523,estimated,137.65653979963085,0.27305026524458376
core,all,1,ae_selected,M1,0.9,btc_ret,2523,estimated,0.3607603856012797,0.0018910091828024602
core,all,1,ae_selected,M2,0.1,e_origin,2523,estimated,0.9136943323127246,42.838466087878835
core,all,1,ae_selected,M2,0.1,downside,2523,estimated,-7665.533810597292,-0.13441401743447662
core,all,1,ae_selected,M2,0.1,btc_vol,2523,estimated,5.879991615455059,0.01166332723874146
core,all,1,ae_selected,M2,0.1,btc_ret,2523,estimated,8.324915630132855,0.04363697493115529
core,all,1,ae_selected,M2,0.1,account_ls,2523,estimated,-0.4696855491366836,-0.2794386672576953
core,all,1,ae_selected,M2,0.5,e_origin,2523,estimated,0.9562454680915324,44.83347177259978
core,all,1,ae_selected,M2,0.5,downside,2523,estimated,-31983.56573388692,-0.5608271606901213
core,all,1,ae_selected,M2,0.5,btc_vol,2523,estimated,184.85477520237478,0.3666708859179947
core,all,1,ae_selected,M2,0.5,btc_ret,2523,estimated,71.19444610939021,0.37318219164503025
core,all,1,ae_selected,M2,0.5,account_ls,2523,estimated,0.49213785742985666,0.29279663221496366
core,all,1,ae_selected,M2,0.9,e_origin,2523,estimated,1.0220030147493278,47.91650767738849
core,all,1,ae_selected,M2,0.9,downside,2523,estimated,11090.163895797232,0.19446440653357971
core,all,1,ae_selected,M2,0.9,btc_vol,2523,estimated,230.30272767190132,0.4568197120812158
core,all,1,ae_selected,M2,0.9,btc_ret,2523,estimated,12.283932355580767,0.0643890787693101
core,all,1,ae_selected,M2,0.9,account_ls,2523,estimated,-0.0992673966934743,-0.05905897910879309
core,all,1,ae_reconstruction_selected,M0,0.1,e_origin,2523,estimated,0.9137175562704499,42.83955494078102
core,all,1,ae_reconstruction_selected,M0,0.1,downside,2523,estimated,-10098.124358411465,-0.17706913792364706
core,all,1,ae_reconstruction_selected,M0,0.5,e_origin,2523,estimated,0.9574135155608319,44.88823555971441
core,all,1,ae_reconstruction_selected,M0,0.5,downside,2523,estimated,-7495.167582892539,-0.13142667047772655
core,all,1,ae_reconstruction_selected,M0,0.9,e_origin,2523,estimated,1.0192058302334595,47.78536196510059
core,all,1,ae_reconstruction_selected,M0,0.9,downside,2523,estimated,29895.508030754147,0.5242133733860884
core,all,1,ae_reconstruction_selected,M1,0.1,e_origin,2523,estimated,0.9138256295289784,42.84462194454448
core,all,1,ae_reconstruction_selected,M1,0.1,downside,2523,estimated,-16653.48620319292,-0.2920164518439936
core,all,1,ae_reconstruction_selected,M1,0.1,btc_vol,2523,estimated,75.24901509153487,0.14926107804282018
core,all,1,ae_reconstruction_selected,M1,0.1,btc_ret,2523,estimated,-7.60806161336159,-0.03987941844062225
core,all,1,ae_reconstruction_selected,M1,0.5,e_origin,2523,estimated,0.9563588262016367,44.83878655609329
core,all,1,ae_reconstruction_selected,M1,0.5,downside,2523,estimated,-24847.22923424202,-0.4356925409255495
core,all,1,ae_reconstruction_selected,M1,0.5,btc_vol,2523,estimated,175.3495388187813,0.34781666134188316
core,all,1,ae_reconstruction_selected,M1,0.5,btc_ret,2523,estimated,80.45116094023017,0.4217034080710723
core,all,1,ae_reconstruction_selected,M1,0.9,e_origin,2523,estimated,1.021795281930619,47.906768145255164
core,all,1,ae_reconstruction_selected,M1,0.9,downside,2523,estimated,17367.18403902638,0.30453103931030234
core,all,1,ae_reconstruction_selected,M1,0.9,btc_vol,2523,estimated,137.65653979963085,0.27305026524458376
core,all,1,ae_reconstruction_selected,M1,0.9,btc_ret,2523,estimated,0.3607603856012797,0.0018910091828024602
core,all,1,ae_reconstruction_selected,M2,0.1,e_origin,2523,estimated,0.9136943323127246,42.838466087878835
core,all,1,ae_reconstruction_selected,M2,0.1,downside,2523,estimated,-7665.533810597292,-0.13441401743447662
core,all,1,ae_reconstruction_selected,M2,0.1,btc_vol,2523,estimated,5.879991615455059,0.01166332723874146
core,all,1,ae_reconstruction_selected,M2,0.1,btc_ret,2523,estimated,8.324915630132855,0.04363697493115529
core,all,1,ae_reconstruction_selected,M2,0.1,account_ls,2523,estimated,-0.4696855491366836,-0.2794386672576953
core,all,1,ae_reconstruction_selected,M2,0.5,e_origin,2523,estimated,0.9562454680915324,44.83347177259978
core,all,1,ae_reconstruction_selected,M2,0.5,downside,2523,estimated,-31983.56573388692,-0.5608271606901213
core,all,1,ae_reconstruction_selected,M2,0.5,btc_vol,2523,estimated,184.85477520237478,0.3666708859179947
core,all,1,ae_reconstruction_selected,M2,0.5,btc_ret,2523,estimated,71.19444610939021,0.37318219164503025
core,all,1,ae_reconstruction_selected,M2,0.5,account_ls,2523,estimated,0.49213785742985666,0.29279663221496366
core,all,1,ae_reconstruction_selected,M2,0.9,e_origin,2523,estimated,1.0220030147493278,47.91650767738849
core,all,1,ae_reconstruction_selected,M2,0.9,downside,2523,estimated,11090.163895797232,0.19446440653357971
core,all,1,ae_reconstruction_selected,M2,0.9,btc_vol,2523,estimated,230.30272767190132,0.4568197120812158
core,all,1,ae_reconstruction_selected,M2,0.9,btc_ret,2523,estimated,12.283932355580767,0.0643890787693101
core,all,1,ae_reconstruction_selected,M2,0.9,account_ls,2523,estimated,-0.0992673966934743,-0.05905897910879309
core,matched,1,sequential_ols,M0,0.1,e_origin,727,estimated,0.5179515093259612,4.819285924743087
core,matched,1,sequential_ols,M0,0.1,downside,727,estimated,-148407.38755856323,-2.4047236428511765
core,matched,1,sequential_ols,M0,0.5,e_origin,727,estimated,0.3918208795120086,3.645701992663415
core,matched,1,sequential_ols,M0,0.5,downside,727,estimated,-44443.118609744444,-0.7201354315378546
core,matched,1,sequential_ols,M0,0.9,e_origin,727,estimated,0.35475445538678874,3.300817012407839
core,matched,1,sequential_ols,M0,0.9,downside,727,estimated,8385.168504113904,0.1358693342888796
core,matched,1,sequential_ols,M1,0.1,e_origin,727,estimated,0.5429053410596881,5.0514691462945756
core,matched,1,sequential_ols,M1,0.1,downside,727,estimated,-144768.98244317513,-2.345768634295475
core,matched,1,sequential_ols,M1,0.1,btc_vol,727,estimated,0.6993170993565438,0.0013445157649362458
core,matched,1,sequential_ols,M1,0.1,btc_ret,727,estimated,77.47631803607395,0.37579354728341385
core,matched,1,sequential_ols,M1,0.5,e_origin,727,estimated,0.3870742138467218,3.6015365860214934
core,matched,1,sequential_ols,M1,0.5,downside,727,estimated,-99355.41411812964,-1.6099084911177652
core,matched,1,sequential_ols,M1,0.5,btc_vol,727,estimated,415.6467754371609,0.7991276671689881
core,matched,1,sequential_ols,M1,0.5,btc_ret,727,estimated,111.81832659031089,0.5423670957246947
core,matched,1,sequential_ols,M1,0.9,e_origin,727,estimated,0.353273193696221,3.287034595545102
core,matched,1,sequential_ols,M1,0.9,downside,727,estimated,-29398.98066031204,-0.47636728219933966
core,matched,1,sequential_ols,M1,0.9,btc_vol,727,estimated,263.20614104442075,0.506043404898684
core,matched,1,sequential_ols,M1,0.9,btc_ret,727,estimated,40.41600592884413,0.1960350545821765
core,matched,1,sequential_ols,M2,0.1,e_origin,727,estimated,0.5073022554817591,4.7201998168038175
core,matched,1,sequential_ols,M2,0.1,downside,727,estimated,-145719.02732858364,-2.3611627156501527
core,matched,1,sequential_ols,M2,0.1,btc_vol,727,estimated,-60.23537942747008,-0.11580929069469077
core,matched,1,sequential_ols,M2,0.1,btc_ret,727,estimated,44.31755168521356,0.21495923369703773
core,matched,1,sequential_ols,M2,0.1,account_ls,727,estimated,0.4011306224607452,0.24997967530681156
core,matched,1,sequential_ols,M2,0.5,e_origin,727,estimated,0.3820036532961463,3.5543574956009505
core,matched,1,sequential_ols,M2,0.5,downside,727,estimated,-145035.10571381153,-2.3500807708497264
core,matched,1,sequential_ols,M2,0.5,btc_vol,727,estimated,565.9716282762889,1.0881441014731088
core,matched,1,sequential_ols,M2,0.5,btc_ret,727,estimated,65.69234101446605,0.31863617793095733
core,matched,1,sequential_ols,M2,0.5,account_ls,727,estimated,1.4996900440499756,0.9345884090640771
core,matched,1,sequential_ols,M2,0.9,e_origin,727,estimated,0.36618405276774135,3.4071638359844076
core,matched,1,sequential_ols,M2,0.9,downside,727,estimated,-56314.65963437439,-0.9124963095820157
core,matched,1,sequential_ols,M2,0.9,btc_vol,727,estimated,401.71008471373676,0.7723328120082523
core,matched,1,sequential_ols,M2,0.9,btc_ret,727,estimated,26.280071103454976,0.1274696758076365
core,matched,1,sequential_ols,M2,0.9,account_ls,727,estimated,0.6685319288511457,0.4166208839436092
core,matched,1,pca_1,M0,0.1,e_origin,727,estimated,0.5302539532345079,4.931329126070828
core,matched,1,pca_1,M0,0.1,downside,727,estimated,-145480.5108670326,-2.357297906871178
core,matched,1,pca_1,M0,0.5,e_origin,727,estimated,0.39789841198183484,3.700430739373614
core,matched,1,pca_1,M0,0.5,downside,727,estimated,-44016.8810550792,-0.7132288782857794
core,matched,1,pca_1,M0,0.9,e_origin,727,estimated,0.3586541113085195,3.3354611587375738
core,matched,1,pca_1,M0,0.9,downside,727,estimated,468.5554735692504,0.007592252945188993
core,matched,1,pca_1,M1,0.1,e_origin,727,estimated,0.5701069936916658,5.3019599492265135
core,matched,1,pca_1,M1,0.1,downside,727,estimated,-150733.67306166256,-2.442417681142346
core,matched,1,pca_1,M1,0.1,btc_vol,727,estimated,30.047931633143545,0.05777052759279133
core,matched,1,pca_1,M1,0.1,btc_ret,727,estimated,90.26784413336378,0.43783796406933706
core,matched,1,pca_1,M1,0.5,e_origin,727,estimated,0.3948881584930308,3.672435567219508
core,matched,1,pca_1,M1,0.5,downside,727,estimated,-90909.50392535547,-1.4730549270190967
core,matched,1,pca_1,M1,0.5,btc_vol,727,estimated,362.5282619174015,0.6970013515061659
core,matched,1,pca_1,M1,0.5,btc_ret,727,estimated,139.10677172046437,0.6747278203339153
core,matched,1,pca_1,M1,0.9,e_origin,727,estimated,0.3588785018506572,3.3375479769674214
core,matched,1,pca_1,M1,0.9,downside,727,estimated,-34648.98596377378,-0.5614359036879204
core,matched,1,pca_1,M1,0.9,btc_vol,727,estimated,314.71403607888925,0.6050731254020802
core,matched,1,pca_1,M1,0.9,btc_ret,727,estimated,35.02846183396642,0.16990314282022076
core,matched,1,pca_1,M2,0.1,e_origin,727,estimated,0.5746271769997345,5.34399737575825
core,matched,1,pca_1,M2,0.1,downside,727,estimated,-154020.39032900197,-2.4956741048969886
core,matched,1,pca_1,M2,0.1,btc_vol,727,estimated,40.182573623922565,0.07725551650715505
core,matched,1,pca_1,M2,0.1,btc_ret,727,estimated,92.97565777655046,0.4509720277438879
core,matched,1,pca_1,M2,0.1,account_ls,727,estimated,0.02244926997506261,0.013990109218825058
core,matched,1,pca_1,M2,0.5,e_origin,727,estimated,0.38978585511888214,3.624984459904781
core,matched,1,pca_1,M2,0.5,downside,727,estimated,-131931.4018944976,-2.1377545052803053
core,matched,1,pca_1,M2,0.5,btc_vol,727,estimated,503.8959691342831,0.9687966660793076
core,matched,1,pca_1,M2,0.5,btc_ret,727,estimated,76.95670373873291,0.37327319390361013
core,matched,1,pca_1,M2,0.5,account_ls,727,estimated,1.4474285466023051,0.9020196859811245
core,matched,1,pca_1,M2,0.9,e_origin,727,estimated,0.3790146024364253,3.5248124729667096
core,matched,1,pca_1,M2,0.9,downside,727,estimated,-65935.12223150185,-1.068381769484399
core,matched,1,pca_1,M2,0.9,btc_vol,727,estimated,464.58191089369325,0.893210968065158
core,matched,1,pca_1,M2,0.9,btc_ret,727,estimated,25.48395824638509,0.12360818519760354
core,matched,1,pca_1,M2,0.9,account_ls,727,estimated,0.7269771441545951,0.45304322401619423
core,matched,1,pca_2,M0,0.1,e_origin,727,estimated,0.6678348177832991,4.960421188269399
core,matched,1,pca_2,M0,0.1,downside,727,estimated,-44652.9049831338,-0.7235347114546871
core,matched,1,pca_2,M0,0.5,e_origin,727,estimated,0.5192284011369659,3.8566296544706113
core,matched,1,pca_2,M0,0.5,downside,727,estimated,-21999.90779838964,-0.3564761788051632
core,matched,1,pca_2,M0,0.9,e_origin,727,estimated,0.452587381464933,3.3616456895939955
core,matched,1,pca_2,M0,0.9,downside,727,estimated,-33524.06879371205,-0.5432082739209776
core,matched,1,pca_2,M1,0.1,e_origin,727,estimated,0.6275980088244411,4.6615575854845686
core,matched,1,pca_2,M1,0.1,downside,727,estimated,-54946.41059344998,-0.8903258444040542
core,matched,1,pca_2,M1,0.1,btc_vol,727,estimated,11.916810247943594,0.022911407801777566
core,matched,1,pca_2,M1,0.1,btc_ret,727,estimated,115.66275809172237,0.5610142460775398
core,matched,1,pca_2,M1,0.5,e_origin,727,estimated,0.5230333260901117,3.8848911794087786
core,matched,1,pca_2,M1,0.5,downside,727,estimated,-55932.53499482829,-0.9063045412991202
core,matched,1,pca_2,M1,0.5,btc_vol,727,estimated,260.50965561254606,0.5008591084237196
core,matched,1,pca_2,M1,0.5,btc_ret,727,estimated,97.08069621059377,0.4708832340836834
core,matched,1,pca_2,M1,0.9,e_origin,727,estimated,0.46461631565982653,3.450992004676372
core,matched,1,pca_2,M1,0.9,downside,727,estimated,-35157.02221869817,-0.5696678846811856
core,matched,1,pca_2,M1,0.9,btc_vol,727,estimated,254.86728609900288,0.49001101852353746
core,matched,1,pca_2,M1,0.9,btc_ret,727,estimated,160.68583356421155,0.7793955743375857
core,matched,1,pca_2,M2,0.1,e_origin,727,estimated,0.6213318188740614,4.615014727023317
core,matched,1,pca_2,M2,0.1,downside,727,estimated,-119556.7429726929,-1.9372413410030869
core,matched,1,pca_2,M2,0.1,btc_vol,727,estimated,81.62130255766203,0.15692613285787352
core,matched,1,pca_2,M2,0.1,btc_ret,727,estimated,44.6322753880754,0.2164857793526735
core,matched,1,pca_2,M2,0.1,account_ls,727,estimated,2.4647917036283933,1.5360279053046992
core,matched,1,pca_2,M2,0.5,e_origin,727,estimated,0.502968506525896,3.735857386238933
core,matched,1,pca_2,M2,0.5,downside,727,estimated,-57028.61466486095,-0.9240649017524429
core,matched,1,pca_2,M2,0.5,btc_vol,727,estimated,215.45678281886165,0.41423989407516215
core,matched,1,pca_2,M2,0.5,btc_ret,727,estimated,121.86079696670868,0.5910774069771983
core,matched,1,pca_2,M2,0.5,account_ls,727,estimated,1.0295209224974922,0.6415847893853516
core,matched,1,pca_2,M2,0.9,e_origin,727,estimated,0.46084816307214,3.423003610781854
core,matched,1,pca_2,M2,0.9,downside,727,estimated,-35878.99099495087,-0.5813663278262083
core,matched,1,pca_2,M2,0.9,btc_vol,727,estimated,259.8718138443674,0.49963278589615656
core,matched,1,pca_2,M2,0.9,btc_ret,727,estimated,170.50815005444167,0.8270380443202879
core,matched,1,pca_2,M2,0.9,account_ls,727,estimated,0.22011083197389228,0.13717036602891206
core,matched,1,conditional_linear,M0,0.1,e_origin,727,estimated,0.5093534577633633,5.891522942318834
core,matched,1,conditional_linear,M0,0.1,downside,727,estimated,-123028.95998771042,-1.9935035155921241
core,matched,1,conditional_linear,M0,0.5,e_origin,727,estimated,0.4445084390709404,5.141482063045976
core,matched,1,conditional_linear,M0,0.5,downside,727,estimated,-51023.71762893245,-0.826764368990986
core,matched,1,conditional_linear,M0,0.9,e_origin,727,estimated,0.6190615244449742,7.160479856149066
core,matched,1,conditional_linear,M0,0.9,downside,727,estimated,36864.01680029256,0.597327223586798
core,matched,1,conditional_linear,M1,0.1,e_origin,727,estimated,0.49816293027676356,5.762085812916678
core,matched,1,conditional_linear,M1,0.1,downside,727,estimated,-91600.33149524938,-1.4842487726745346
core,matched,1,conditional_linear,M1,0.1,btc_vol,727,estimated,-211.2472991154149,-0.4061466882794881
core,matched,1,conditional_linear,M1,0.1,btc_ret,727,estimated,23.840394723588368,0.11563619347066288
core,matched,1,conditional_linear,M1,0.5,e_origin,727,estimated,0.4414839321866013,5.10649859247815
core,matched,1,conditional_linear,M1,0.5,downside,727,estimated,-63029.083572661555,-1.02129368320436
core,matched,1,conditional_linear,M1,0.5,btc_vol,727,estimated,110.08099912077729,0.2116430999241991
core,matched,1,conditional_linear,M1,0.5,btc_ret,727,estimated,-19.21196373681683,-0.09318630758339742
core,matched,1,conditional_linear,M1,0.9,e_origin,727,estimated,0.609232644443553,7.046792452749569
core,matched,1,conditional_linear,M1,0.9,downside,727,estimated,-58765.517390556975,-0.9522088581856474
core,matched,1,conditional_linear,M1,0.9,btc_vol,727,estimated,689.0115810408222,1.3247022470713514
core,matched,1,conditional_linear,M1,0.9,btc_ret,727,estimated,34.59332973431379,0.1677925645246801
core,matched,1,conditional_linear,M2,0.1,e_origin,727,estimated,0.48932594608019103,5.659871340154222
core,matched,1,conditional_linear,M2,0.1,downside,727,estimated,-125410.20252366291,-2.0320880518458075
core,matched,1,conditional_linear,M2,0.1,btc_vol,727,estimated,-278.090695705018,-0.5346606350702932
core,matched,1,conditional_linear,M2,0.1,btc_ret,727,estimated,-16.436971523136688,-0.0797263988771375
core,matched,1,conditional_linear,M2,0.1,account_ls,727,estimated,1.2581510872747923,0.7840642989420304
core,matched,1,conditional_linear,M2,0.5,e_origin,727,estimated,0.4437153915711603,5.132309144970934
core,matched,1,conditional_linear,M2,0.5,downside,727,estimated,-86996.84128528542,-1.4096559782749574
core,matched,1,conditional_linear,M2,0.5,btc_vol,727,estimated,169.41582265534268,0.3257209706431297
core,matched,1,conditional_linear,M2,0.5,btc_ret,727,estimated,3.8246009944683146,0.018550963844018938
core,matched,1,conditional_linear,M2,0.5,account_ls,727,estimated,0.9783798370110652,0.6097142932703711
core,matched,1,conditional_linear,M2,0.9,e_origin,727,estimated,0.6072434357033974,7.023783933319566
core,matched,1,conditional_linear,M2,0.9,downside,727,estimated,-64373.623044589986,-1.043079969656017
core,matched,1,conditional_linear,M2,0.9,btc_vol,727,estimated,714.6586261042058,1.3740115753338493
core,matched,1,conditional_linear,M2,0.9,btc_ret,727,estimated,9.684953580887068,0.046976200646785204
core,matched,1,conditional_linear,M2,0.9,account_ls,727,estimated,0.22290309303378578,0.13891046881349148
core,matched,1,ae_relu_1,M0,0.1,e_origin,727,estimated,0.9204642551170973,46.60981920921937
core,matched,1,ae_relu_1,M0,0.1,downside,727,estimated,-159157.04490786477,-2.5789060444530754
core,matched,1,ae_relu_1,M0,0.5,e_origin,727,estimated,0.9405496446123986,47.626888984518416
core,matched,1,ae_relu_1,M0,0.5,downside,727,estimated,-7220.063449782522,-0.11699051891016084
core,matched,1,ae_relu_1,M0,0.9,e_origin,727,estimated,0.9656265040597702,48.896713291849395
core,matched,1,ae_relu_1,M0,0.9,downside,727,estimated,51878.536299025516,0.8406154494536229
core,matched,1,ae_relu_1,M1,0.1,e_origin,727,estimated,0.9153488048823037,46.35078665114664
core,matched,1,ae_relu_1,M1,0.1,downside,727,estimated,-160823.0635652646,-2.6059014287178894
core,matched,1,ae_relu_1,M1,0.1,btc_vol,727,estimated,291.7996872494267,0.5610177129535522
core,matched,1,ae_relu_1,M1,0.1,btc_ret,727,estimated,259.1511390849467,1.2569947605657346
core,matched,1,ae_relu_1,M1,0.5,e_origin,727,estimated,0.9370265746369443,47.44849025398165
core,matched,1,ae_relu_1,M1,0.5,downside,727,estimated,-83215.04641650595,-1.3483775494650803
core,matched,1,ae_relu_1,M1,0.5,btc_vol,727,estimated,627.8933921223336,1.2071956558541912
core,matched,1,ae_relu_1,M1,0.5,btc_ret,727,estimated,179.33576761203526,0.8698557956037812
core,matched,1,ae_relu_1,M1,0.9,e_origin,727,estimated,0.9608796087322545,48.65634335701423
core,matched,1,ae_relu_1,M1,0.9,downside,727,estimated,-97984.55418394582,-1.5876957202510291
core,matched,1,ae_relu_1,M1,0.9,btc_vol,727,estimated,1508.7482407177674,2.9007381584568175
core,matched,1,ae_relu_1,M1,0.9,btc_ret,727,estimated,-189.7230289444733,-0.9202384916536791
core,matched,1,ae_relu_1,M2,0.1,e_origin,727,estimated,0.920252220109062,46.599082330154694
core,matched,1,ae_relu_1,M2,0.1,downside,727,estimated,-130498.3759778007,-2.114534426014779
core,matched,1,ae_relu_1,M2,0.1,btc_vol,727,estimated,166.9747950098124,0.3210278204898151
core,matched,1,ae_relu_1,M2,0.1,btc_ret,727,estimated,214.96607774066223,1.042678162146942
core,matched,1,ae_relu_1,M2,0.1,account_ls,727,estimated,-0.8794746177809142,-0.5480777758745402
core,matched,1,ae_relu_1,M2,0.5,e_origin,727,estimated,0.9341083676849743,47.30072015026469
core,matched,1,ae_relu_1,M2,0.5,downside,727,estimated,-98834.29459711476,-1.6014645150222944
core,matched,1,ae_relu_1,M2,0.5,btc_vol,727,estimated,673.3839771564252,1.2946564212076856
core,matched,1,ae_relu_1,M2,0.5,btc_ret,727,estimated,176.58372364564923,0.8565071957912994
core,matched,1,ae_relu_1,M2,0.5,account_ls,727,estimated,0.9135988551482515,0.5693435813242708
core,matched,1,ae_relu_1,M2,0.9,e_origin,727,estimated,0.9626316700542732,48.745063001485775
core,matched,1,ae_relu_1,M2,0.9,downside,727,estimated,-86815.33682663072,-1.4067149652284363
core,matched,1,ae_relu_1,M2,0.9,btc_vol,727,estimated,1449.0253526769554,2.7859141900849895
core,matched,1,ae_relu_1,M2,0.9,btc_ret,727,estimated,-182.8473737360776,-0.8868885993748845
core,matched,1,ae_relu_1,M2,0.9,account_ls,727,estimated,-0.7892879324668751,-0.4918745416923697
core,matched,1,ae_relu_2,M0,0.1,e_origin,727,estimated,0.9024427977958117,53.53339906952117
core,matched,1,ae_relu_2,M0,0.1,downside,727,estimated,-46364.152602670445,-0.751262964590662
core,matched,1,ae_relu_2,M0,0.5,e_origin,727,estimated,0.9370397575991235,55.58570959852816
core,matched,1,ae_relu_2,M0,0.5,downside,727,estimated,1378.866053445219,0.02234249826502851
core,matched,1,ae_relu_2,M0,0.9,e_origin,727,estimated,0.9718655660090467,57.65159555172177
core,matched,1,ae_relu_2,M0,0.9,downside,727,estimated,-5527.60712214915,-0.08956675104720979
core,matched,1,ae_relu_2,M1,0.1,e_origin,727,estimated,0.8984708504647444,53.29778098704936
core,matched,1,ae_relu_2,M1,0.1,downside,727,estimated,-110889.99389965221,-1.7968094073543976
core,matched,1,ae_relu_2,M1,0.1,btc_vol,727,estimated,655.8779929321959,1.260999197908186
core,matched,1,ae_relu_2,M1,0.1,btc_ret,727,estimated,170.05407406381107,0.824835579985627
core,matched,1,ae_relu_2,M1,0.5,e_origin,727,estimated,0.9390485836173479,55.70487425379219
core,matched,1,ae_relu_2,M1,0.5,downside,727,estimated,-14266.630785944924,-0.2311697882374769
core,matched,1,ae_relu_2,M1,0.5,btc_vol,727,estimated,147.30544908032095,0.2832112910319782
core,matched,1,ae_relu_2,M1,0.5,btc_ret,727,estimated,175.87886764036074,0.8530883402588508
core,matched,1,ae_relu_2,M1,0.9,e_origin,727,estimated,0.9689230877100252,57.47704613383106
core,matched,1,ae_relu_2,M1,0.9,downside,727,estimated,-92947.80052668153,-1.5060825283332009
core,matched,1,ae_relu_2,M1,0.9,btc_vol,727,estimated,926.7262750615376,1.7817354784365342
core,matched,1,ae_relu_2,M1,0.9,btc_ret,727,estimated,-200.82721245856496,-0.9740985693938675
core,matched,1,ae_relu_2,M2,0.1,e_origin,727,estimated,0.8996316190320032,53.366638411686345
core,matched,1,ae_relu_2,M2,0.1,downside,727,estimated,-118764.87149206754,-1.9244102272500203
core,matched,1,ae_relu_2,M2,0.1,btc_vol,727,estimated,759.1821447116967,1.4596130467311375
core,matched,1,ae_relu_2,M2,0.1,btc_ret,727,estimated,177.527680866182,0.8610857953089306
core,matched,1,ae_relu_2,M2,0.1,account_ls,727,estimated,-0.31604590943948313,-0.19695592757059935
core,matched,1,ae_relu_2,M2,0.5,e_origin,727,estimated,0.9387896504263021,55.68951419564507
core,matched,1,ae_relu_2,M2,0.5,downside,727,estimated,-15912.916820130093,-0.2578454343385752
core,matched,1,ae_relu_2,M2,0.5,btc_vol,727,estimated,157.90089646452898,0.30358223013489444
core,matched,1,ae_relu_2,M2,0.5,btc_ret,727,estimated,178.30995300874363,0.8648801524860147
core,matched,1,ae_relu_2,M2,0.5,account_ls,727,estimated,0.0989273854627525,0.06165033111963605
core,matched,1,ae_relu_2,M2,0.9,e_origin,727,estimated,0.9708375691642208,57.59061421808967
core,matched,1,ae_relu_2,M2,0.9,downside,727,estimated,-98804.89496678342,-1.600988137213131
core,matched,1,ae_relu_2,M2,0.9,btc_vol,727,estimated,1127.756066018858,2.168237858276313
core,matched,1,ae_relu_2,M2,0.9,btc_ret,727,estimated,-154.01287494909124,-0.7470288479311517
core,matched,1,ae_relu_2,M2,0.9,account_ls,727,estimated,-1.0459406098789295,-0.6518173368160896
core,matched,1,ae_tanh_1,M0,0.1,e_origin,727,estimated,0.89441023064631,54.65531262030942
core,matched,1,ae_tanh_1,M0,0.1,downside,727,estimated,-94146.40728284567,-1.5255041895621047
core,matched,1,ae_tanh_1,M0,0.5,e_origin,727,estimated,0.9323863545018112,56.975944529819394
core,matched,1,ae_tanh_1,M0,0.5,downside,727,estimated,12073.77053398498,0.19563771008351172
core,matched,1,ae_tanh_1,M0,0.9,e_origin,727,estimated,0.9584887241901753,58.57099915527636
core,matched,1,ae_tanh_1,M0,0.9,downside,727,estimated,31173.863151143567,0.5051266449184019
core,matched,1,ae_tanh_1,M1,0.1,e_origin,727,estimated,0.8899372629761991,54.38198005100977
core,matched,1,ae_tanh_1,M1,0.1,downside,727,estimated,-139422.96728307984,-2.2591443141587906
core,matched,1,ae_tanh_1,M1,0.1,btc_vol,727,estimated,584.5560662625842,1.1238747734072645
core,matched,1,ae_tanh_1,M1,0.1,btc_ret,727,estimated,246.78298177858443,1.1970038649561492
core,matched,1,ae_tanh_1,M1,0.5,e_origin,727,estimated,0.9340715129760064,57.0789206140211
core,matched,1,ae_tanh_1,M1,0.5,downside,727,estimated,-56881.24261219184,-0.9216769541901353
core,matched,1,ae_tanh_1,M1,0.5,btc_vol,727,estimated,523.4162742282581,1.0063266477705368
core,matched,1,ae_tanh_1,M1,0.5,btc_ret,727,estimated,125.14180272527494,0.6069916995497343
core,matched,1,ae_tanh_1,M1,0.9,e_origin,727,estimated,0.9606838316759088,58.70513702820884
core,matched,1,ae_tanh_1,M1,0.9,downside,727,estimated,-40881.91615674726,-0.6624313786831908
core,matched,1,ae_tanh_1,M1,0.9,btc_vol,727,estimated,1019.0118270716871,1.9591648301107
core,matched,1,ae_tanh_1,M1,0.9,btc_ret,727,estimated,47.57071643090794,0.23073848535317112
core,matched,1,ae_tanh_1,M2,0.1,e_origin,727,estimated,0.888362615331046,54.28575702452393
core,matched,1,ae_tanh_1,M2,0.1,downside,727,estimated,-158714.87561710447,-2.571741340827965
core,matched,1,ae_tanh_1,M2,0.1,btc_vol,727,estimated,650.991198836613,1.2516037867169623
core,matched,1,ae_tanh_1,M2,0.1,btc_ret,727,estimated,264.72573832191927,1.2840339704178332
core,matched,1,ae_tanh_1,M2,0.1,account_ls,727,estimated,0.6700998120282908,0.41759796947534294
core,matched,1,ae_tanh_1,M2,0.5,e_origin,727,estimated,0.9324454597312088,56.97955631184015
core,matched,1,ae_tanh_1,M2,0.5,downside,727,estimated,-94251.48706385626,-1.5272068530072251
core,matched,1,ae_tanh_1,M2,0.5,btc_vol,727,estimated,622.6372717012532,1.197090173269755
core,matched,1,ae_tanh_1,M2,0.5,btc_ret,727,estimated,139.72773283351472,0.6777397494667582
core,matched,1,ae_tanh_1,M2,0.5,account_ls,727,estimated,0.750335408310461,0.46759980723986844
core,matched,1,ae_tanh_1,M2,0.9,e_origin,727,estimated,0.9610065099035051,58.72485513831174
core,matched,1,ae_tanh_1,M2,0.9,downside,727,estimated,-12153.095497759057,-0.19692305455991496
core,matched,1,ae_tanh_1,M2,0.9,btc_vol,727,estimated,645.514508665858,1.2410742339846943
core,matched,1,ae_tanh_1,M2,0.9,btc_ret,727,estimated,-2.077014136611588,-0.010074414091176117
core,matched,1,ae_tanh_1,M2,0.9,account_ls,727,estimated,-1.22171278174227,-0.7613563946442434
core,matched,1,ae_tanh_2,M0,0.1,e_origin,727,estimated,0.8913424399859934,54.294023963079695
core,matched,1,ae_tanh_2,M0,0.1,downside,727,estimated,-118754.69535032277,-1.9242453378260556
core,matched,1,ae_tanh_2,M0,0.5,e_origin,727,estimated,0.930825235980347,56.699025425683125
core,matched,1,ae_tanh_2,M0,0.5,downside,727,estimated,-4820.5200479934265,-0.07810944401722279
core,matched,1,ae_tanh_2,M0,0.9,e_origin,727,estimated,0.962057671638532,58.60147563334684
core,matched,1,ae_tanh_2,M0,0.9,downside,727,estimated,38705.733654088646,0.6271695389500631
core,matched,1,ae_tanh_2,M1,0.1,e_origin,727,estimated,0.8895873184293293,54.18711487002996
core,matched,1,ae_tanh_2,M1,0.1,downside,727,estimated,-149301.6500820385,-2.419213852998351
core,matched,1,ae_tanh_2,M1,0.1,btc_vol,727,estimated,601.6198312745588,1.1566817805416207
core,matched,1,ae_tanh_2,M1,0.1,btc_ret,727,estimated,220.6553027731298,1.0702733565294258
core,matched,1,ae_tanh_2,M1,0.5,e_origin,727,estimated,0.9327864998883418,56.81849119421566
core,matched,1,ae_tanh_2,M1,0.5,downside,727,estimated,-60782.06744629007,-0.9848840886831902
core,matched,1,ae_tanh_2,M1,0.5,btc_vol,727,estimated,588.8996733685719,1.1322258465271169
core,matched,1,ae_tanh_2,M1,0.5,btc_ret,727,estimated,85.17774602067051,0.413148793568243
core,matched,1,ae_tanh_2,M1,0.9,e_origin,727,estimated,0.9641958496062467,58.73171770486568
core,matched,1,ae_tanh_2,M1,0.9,downside,727,estimated,-61269.66739070711,-0.9927849292941732
core,matched,1,ae_tanh_2,M1,0.9,btc_vol,727,estimated,1316.8374916935763,2.5317681622116748
core,matched,1,ae_tanh_2,M1,0.9,btc_ret,727,estimated,-3.6159421794181954,-0.017538878625370215
core,matched,1,ae_tanh_2,M2,0.1,e_origin,727,estimated,0.8898106056470656,54.20071588464182
core,matched,1,ae_tanh_2,M2,0.1,downside,727,estimated,-157812.2737602415,-2.5571160040372125
core,matched,1,ae_tanh_2,M2,0.1,btc_vol,727,estimated,525.0480038209568,1.0094638314079956
core,matched,1,ae_tanh_2,M2,0.1,btc_ret,727,estimated,142.95662770162807,0.6934012817523858
core,matched,1,ae_tanh_2,M2,0.1,account_ls,727,estimated,0.3067286320729404,0.19114951479527004
core,matched,1,ae_tanh_2,M2,0.5,e_origin,727,estimated,0.9326080129694245,56.80761908421836
core,matched,1,ae_tanh_2,M2,0.5,downside,727,estimated,-86669.12185212543,-1.4043457664175414
core,matched,1,ae_tanh_2,M2,0.5,btc_vol,727,estimated,656.2003207094515,1.2616189093072006
core,matched,1,ae_tanh_2,M2,0.5,btc_ret,727,estimated,128.09507400272656,0.6213163385823612
core,matched,1,ae_tanh_2,M2,0.5,account_ls,727,estimated,0.7956598768142042,0.49584545911883543
core,matched,1,ae_tanh_2,M2,0.9,e_origin,727,estimated,0.9655071326160819,58.81159141890031
core,matched,1,ae_tanh_2,M2,0.9,downside,727,estimated,-60844.58401637425,-0.9858970778384104
core,matched,1,ae_tanh_2,M2,0.9,btc_vol,727,estimated,1252.6243138718985,2.4083111067824
core,matched,1,ae_tanh_2,M2,0.9,btc_ret,727,estimated,-142.09067735483927,-0.6892010492059766
core,matched,1,ae_tanh_2,M2,0.9,account_ls,727,estimated,-1.7175240942777512,-1.0703399126831654
core,matched,1,conditional_neural,M0,0.1,e_origin,727,estimated,0.47246824637247437,4.502906421254839
core,matched,1,conditional_neural,M0,0.1,downside,727,estimated,-79738.90721767301,-1.2920518216506431
core,matched,1,conditional_neural,M0,0.5,e_origin,727,estimated,0.3112001883378603,2.9659248788066392
core,matched,1,conditional_neural,M0,0.5,downside,727,estimated,-35731.11480034266,-0.5789702113845729
core,matched,1,conditional_neural,M0,0.9,e_origin,727,estimated,0.39208524328100425,3.736808078013003
core,matched,1,conditional_neural,M0,0.9,downside,727,estimated,38396.022644121505,0.6221511271285801
core,matched,1,conditional_neural,M1,0.1,e_origin,727,estimated,0.43995593281310535,4.193044527634759
core,matched,1,conditional_neural,M1,0.1,downside,727,estimated,-44109.88104977032,-0.7147358065438524
core,matched,1,conditional_neural,M1,0.1,btc_vol,727,estimated,-552.8328186807009,-1.0628832625060396
core,matched,1,conditional_neural,M1,0.1,btc_ret,727,estimated,51.34599858429834,0.2490502315535748
core,matched,1,conditional_neural,M1,0.5,e_origin,727,estimated,0.3059359259631004,2.9157532936631396
core,matched,1,conditional_neural,M1,0.5,downside,727,estimated,-54070.64291405708,-0.8761353160285716
core,matched,1,conditional_neural,M1,0.5,btc_vol,727,estimated,195.38606532316012,0.3756516826452082
core,matched,1,conditional_neural,M1,0.5,btc_ret,727,estimated,-22.93919294282612,-0.11126497627042001
core,matched,1,conditional_neural,M1,0.9,e_origin,727,estimated,0.4052270919070275,3.8620577958927247
core,matched,1,conditional_neural,M1,0.9,downside,727,estimated,33252.589009495234,0.5388093429351147
core,matched,1,conditional_neural,M1,0.9,btc_vol,727,estimated,45.690237858398625,0.08784462036010275
core,matched,1,conditional_neural,M1,0.9,btc_ret,727,estimated,69.89819169626465,0.3390363671387297
core,matched,1,conditional_neural,M2,0.1,e_origin,727,estimated,0.4248687756177962,4.04925484963028
core,matched,1,conditional_neural,M2,0.1,downside,727,estimated,-40716.588997417,-0.659752495001002
core,matched,1,conditional_neural,M2,0.1,btc_vol,727,estimated,-657.3292463825366,-1.2637893958665893
core,matched,1,conditional_neural,M2,0.1,btc_ret,727,estimated,57.564434304424914,0.2792123259464987
core,matched,1,conditional_neural,M2,0.1,account_ls,727,estimated,0.9743945701664958,0.607230723939002
core,matched,1,conditional_neural,M2,0.5,e_origin,727,estimated,0.288021074097226,2.7450139855254263
core,matched,1,conditional_neural,M2,0.5,downside,727,estimated,-119071.366706978,-1.929376531837958
core,matched,1,conditional_neural,M2,0.5,btc_vol,727,estimated,499.75334020368257,0.960831996102557
core,matched,1,conditional_neural,M2,0.5,btc_ret,727,estimated,-38.23784457347084,-0.18547003286921568
core,matched,1,conditional_neural,M2,0.5,account_ls,727,estimated,0.9936611687529749,0.6192374314533007
core,matched,1,conditional_neural,M2,0.9,e_origin,727,estimated,0.37417286516302445,3.566092346179866
core,matched,1,conditional_neural,M2,0.9,downside,727,estimated,26280.47890298713,0.4258365436055287
core,matched,1,conditional_neural,M2,0.9,btc_vol,727,estimated,-162.62648249841024,-0.312667700698909
core,matched,1,conditional_neural,M2,0.9,btc_ret,727,estimated,69.95810380027757,0.33932696667498735
core,matched,1,conditional_neural,M2,0.9,account_ls,727,estimated,1.2350583323046262,0.7696731777806268
core,matched,1,pca_selected,M0,0.1,e_origin,727,estimated,0.6678348177832991,4.960421188269399
core,matched,1,pca_selected,M0,0.1,downside,727,estimated,-44652.9049831338,-0.7235347114546871
core,matched,1,pca_selected,M0,0.5,e_origin,727,estimated,0.5192284011369659,3.8566296544706113
core,matched,1,pca_selected,M0,0.5,downside,727,estimated,-21999.90779838964,-0.3564761788051632
core,matched,1,pca_selected,M0,0.9,e_origin,727,estimated,0.452587381464933,3.3616456895939955
core,matched,1,pca_selected,M0,0.9,downside,727,estimated,-33524.06879371205,-0.5432082739209776
core,matched,1,pca_selected,M1,0.1,e_origin,727,estimated,0.6275980088244411,4.6615575854845686
core,matched,1,pca_selected,M1,0.1,downside,727,estimated,-54946.41059344998,-0.8903258444040542
core,matched,1,pca_selected,M1,0.1,btc_vol,727,estimated,11.916810247943594,0.022911407801777566
core,matched,1,pca_selected,M1,0.1,btc_ret,727,estimated,115.66275809172237,0.5610142460775398
core,matched,1,pca_selected,M1,0.5,e_origin,727,estimated,0.5230333260901117,3.8848911794087786
core,matched,1,pca_selected,M1,0.5,downside,727,estimated,-55932.53499482829,-0.9063045412991202
core,matched,1,pca_selected,M1,0.5,btc_vol,727,estimated,260.50965561254606,0.5008591084237196
core,matched,1,pca_selected,M1,0.5,btc_ret,727,estimated,97.08069621059377,0.4708832340836834
core,matched,1,pca_selected,M1,0.9,e_origin,727,estimated,0.46461631565982653,3.450992004676372
core,matched,1,pca_selected,M1,0.9,downside,727,estimated,-35157.02221869817,-0.5696678846811856
core,matched,1,pca_selected,M1,0.9,btc_vol,727,estimated,254.86728609900288,0.49001101852353746
core,matched,1,pca_selected,M1,0.9,btc_ret,727,estimated,160.68583356421155,0.7793955743375857
core,matched,1,pca_selected,M2,0.1,e_origin,727,estimated,0.6213318188740614,4.615014727023317
core,matched,1,pca_selected,M2,0.1,downside,727,estimated,-119556.7429726929,-1.9372413410030869
core,matched,1,pca_selected,M2,0.1,btc_vol,727,estimated,81.62130255766203,0.15692613285787352
core,matched,1,pca_selected,M2,0.1,btc_ret,727,estimated,44.6322753880754,0.2164857793526735
core,matched,1,pca_selected,M2,0.1,account_ls,727,estimated,2.4647917036283933,1.5360279053046992
core,matched,1,pca_selected,M2,0.5,e_origin,727,estimated,0.502968506525896,3.735857386238933
core,matched,1,pca_selected,M2,0.5,downside,727,estimated,-57028.61466486095,-0.9240649017524429
core,matched,1,pca_selected,M2,0.5,btc_vol,727,estimated,215.45678281886165,0.41423989407516215
core,matched,1,pca_selected,M2,0.5,btc_ret,727,estimated,121.86079696670868,0.5910774069771983
core,matched,1,pca_selected,M2,0.5,account_ls,727,estimated,1.0295209224974922,0.6415847893853516
core,matched,1,pca_selected,M2,0.9,e_origin,727,estimated,0.46084816307214,3.423003610781854
core,matched,1,pca_selected,M2,0.9,downside,727,estimated,-35878.99099495087,-0.5813663278262083
core,matched,1,pca_selected,M2,0.9,btc_vol,727,estimated,259.8718138443674,0.49963278589615656
core,matched,1,pca_selected,M2,0.9,btc_ret,727,estimated,170.50815005444167,0.8270380443202879
core,matched,1,pca_selected,M2,0.9,account_ls,727,estimated,0.22011083197389228,0.13717036602891206
core,matched,1,ae_selected,M0,0.1,e_origin,727,estimated,0.9203693537113378,46.53988556964746
core,matched,1,ae_selected,M0,0.1,downside,727,estimated,-43267.09523533118,-0.7010797008257886
core,matched,1,ae_selected,M0,0.5,e_origin,727,estimated,0.9404947955413033,47.55755935031851
core,matched,1,ae_selected,M0,0.5,downside,727,estimated,-10499.068708403598,-0.1701219808956896
core,matched,1,ae_selected,M0,0.9,e_origin,727,estimated,0.9722154036319973,49.16156046659596
core,matched,1,ae_selected,M0,0.9,downside,727,estimated,19063.63698250179,0.3088982248438545
core,matched,1,ae_selected,M1,0.1,e_origin,727,estimated,0.9171844967156639,46.37883839925152
core,matched,1,ae_selected,M1,0.1,downside,727,estimated,-109555.78393257795,-1.7751904953505389
core,matched,1,ae_selected,M1,0.1,btc_vol,727,estimated,721.7181310748997,1.387584267513802
core,matched,1,ae_selected,M1,0.1,btc_ret,727,estimated,149.32707761219172,0.7243007105116016
core,matched,1,ae_selected,M1,0.5,e_origin,727,estimated,0.9429040541644645,47.679387201471386
core,matched,1,ae_selected,M1,0.5,downside,727,estimated,-27245.630528504113,-0.4414754074855432
core,matched,1,ae_selected,M1,0.5,btc_vol,727,estimated,227.93213485004227,0.4382251612658046
core,matched,1,ae_selected,M1,0.5,btc_ret,727,estimated,119.49424966210005,0.5795986321856705
core,matched,1,ae_selected,M1,0.9,e_origin,727,estimated,0.9708326718831716,49.091640518583375
core,matched,1,ae_selected,M1,0.9,downside,727,estimated,-77357.1266937894,-1.253458568093065
core,matched,1,ae_selected,M1,0.9,btc_vol,727,estimated,812.7140222342829,1.562534101174077
core,matched,1,ae_selected,M1,0.9,btc_ret,727,estimated,-106.49235214420246,-0.5165338233057344
core,matched,1,ae_selected,M2,0.1,e_origin,727,estimated,0.9199069753084578,46.51650469774735
core,matched,1,ae_selected,M2,0.1,downside,727,estimated,-106135.29303772493,-1.7197664665314585
core,matched,1,ae_selected,M2,0.1,btc_vol,727,estimated,763.7422804373309,1.468380420471899
core,matched,1,ae_selected,M2,0.1,btc_ret,727,estimated,121.89784959942574,0.5912571282215462
core,matched,1,ae_selected,M2,0.1,account_ls,727,estimated,-0.8768172652341947,-0.5464217464177772
core,matched,1,ae_selected,M2,0.5,e_origin,727,estimated,0.943011524667628,47.684821612014474
core,matched,1,ae_selected,M2,0.5,downside,727,estimated,-28844.838930084657,-0.4673882297270198
core,matched,1,ae_selected,M2,0.5,btc_vol,727,estimated,251.58974076774325,0.4837095690491481
core,matched,1,ae_selected,M2,0.5,btc_ret,727,estimated,118.02633039597342,0.5724785908346277
core,matched,1,ae_selected,M2,0.5,account_ls,727,estimated,-0.08281209167258506,-0.05160747803495498
core,matched,1,ae_selected,M2,0.9,e_origin,727,estimated,0.9713792114171698,49.11927712693957
core,matched,1,ae_selected,M2,0.9,downside,727,estimated,-79975.4534049894,-1.2958847050308022
core,matched,1,ae_selected,M2,0.9,btc_vol,727,estimated,868.4980266262447,1.669785122785413
core,matched,1,ae_selected,M2,0.9,btc_ret,727,estimated,-103.28348383511347,-0.500969428466057
core,matched,1,ae_selected,M2,0.9,account_ls,727,estimated,-0.34451977814508833,-0.21470049269527397
core,matched,1,ae_reconstruction_selected,M0,0.1,e_origin,727,estimated,0.9203693537113378,46.53988556964746
core,matched,1,ae_reconstruction_selected,M0,0.1,downside,727,estimated,-43267.09523533118,-0.7010797008257886
core,matched,1,ae_reconstruction_selected,M0,0.5,e_origin,727,estimated,0.9404947955413033,47.55755935031851
core,matched,1,ae_reconstruction_selected,M0,0.5,downside,727,estimated,-10499.068708403598,-0.1701219808956896
core,matched,1,ae_reconstruction_selected,M0,0.9,e_origin,727,estimated,0.9722154036319973,49.16156046659596
core,matched,1,ae_reconstruction_selected,M0,0.9,downside,727,estimated,19063.63698250179,0.3088982248438545
core,matched,1,ae_reconstruction_selected,M1,0.1,e_origin,727,estimated,0.9171844967156639,46.37883839925152
core,matched,1,ae_reconstruction_selected,M1,0.1,downside,727,estimated,-109555.78393257795,-1.7751904953505389
core,matched,1,ae_reconstruction_selected,M1,0.1,btc_vol,727,estimated,721.7181310748997,1.387584267513802
core,matched,1,ae_reconstruction_selected,M1,0.1,btc_ret,727,estimated,149.32707761219172,0.7243007105116016
core,matched,1,ae_reconstruction_selected,M1,0.5,e_origin,727,estimated,0.9429040541644645,47.679387201471386
core,matched,1,ae_reconstruction_selected,M1,0.5,downside,727,estimated,-27245.630528504113,-0.4414754074855432
core,matched,1,ae_reconstruction_selected,M1,0.5,btc_vol,727,estimated,227.93213485004227,0.4382251612658046
core,matched,1,ae_reconstruction_selected,M1,0.5,btc_ret,727,estimated,119.49424966210005,0.5795986321856705
core,matched,1,ae_reconstruction_selected,M1,0.9,e_origin,727,estimated,0.9708326718831716,49.091640518583375
core,matched,1,ae_reconstruction_selected,M1,0.9,downside,727,estimated,-77357.1266937894,-1.253458568093065
core,matched,1,ae_reconstruction_selected,M1,0.9,btc_vol,727,estimated,812.7140222342829,1.562534101174077
core,matched,1,ae_reconstruction_selected,M1,0.9,btc_ret,727,estimated,-106.49235214420246,-0.5165338233057344
core,matched,1,ae_reconstruction_selected,M2,0.1,e_origin,727,estimated,0.9199069753084578,46.51650469774735
core,matched,1,ae_reconstruction_selected,M2,0.1,downside,727,estimated,-106135.29303772493,-1.7197664665314585
core,matched,1,ae_reconstruction_selected,M2,0.1,btc_vol,727,estimated,763.7422804373309,1.468380420471899
core,matched,1,ae_reconstruction_selected,M2,0.1,btc_ret,727,estimated,121.89784959942574,0.5912571282215462
core,matched,1,ae_reconstruction_selected,M2,0.1,account_ls,727,estimated,-0.8768172652341947,-0.5464217464177772
core,matched,1,ae_reconstruction_selected,M2,0.5,e_origin,727,estimated,0.943011524667628,47.684821612014474
core,matched,1,ae_reconstruction_selected,M2,0.5,downside,727,estimated,-28844.838930084657,-0.4673882297270198
core,matched,1,ae_reconstruction_selected,M2,0.5,btc_vol,727,estimated,251.58974076774325,0.4837095690491481
core,matched,1,ae_reconstruction_selected,M2,0.5,btc_ret,727,estimated,118.02633039597342,0.5724785908346277
core,matched,1,ae_reconstruction_selected,M2,0.5,account_ls,727,estimated,-0.08281209167258506,-0.05160747803495498
core,matched,1,ae_reconstruction_selected,M2,0.9,e_origin,727,estimated,0.9713792114171698,49.11927712693957
core,matched,1,ae_reconstruction_selected,M2,0.9,downside,727,estimated,-79975.4534049894,-1.2958847050308022
core,matched,1,ae_reconstruction_selected,M2,0.9,btc_vol,727,estimated,868.4980266262447,1.669785122785413
core,matched,1,ae_reconstruction_selected,M2,0.9,btc_ret,727,estimated,-103.28348383511347,-0.500969428466057
core,matched,1,ae_reconstruction_selected,M2,0.9,account_ls,727,estimated,-0.34451977814508833,-0.21470049269527397
core,all,6,sequential_ols,M0,0.1,e_origin,1729,estimated,0.4348376484277954,4.084883775102073
core,all,6,sequential_ols,M0,0.1,downside,1729,estimated,-137849.91077422342,-2.3744468935712004
core,all,6,sequential_ols,M0,0.5,e_origin,1729,estimated,0.29662605048627694,2.786518014907351
core,all,6,sequential_ols,M0,0.5,downside,1729,estimated,-50750.90700087028,-0.8741778126465833
core,all,6,sequential_ols,M0,0.9,e_origin,1729,estimated,0.24329404632986662,2.28551484910541
core,all,6,sequential_ols,M0,0.9,downside,1729,estimated,23971.09789110595,0.41289906249014996
core,all,6,sequential_ols,M1,0.1,e_origin,1729,estimated,0.39395826866806105,3.700861104294848
core,all,6,sequential_ols,M1,0.1,downside,1729,estimated,-13223.377036841435,-0.22777096010656284
core,all,6,sequential_ols,M1,0.1,btc_vol,1729,estimated,-1095.3834137740848,-2.1437579955544654
core,all,6,sequential_ols,M1,0.1,btc_ret,1729,estimated,77.92630551280622,0.34459610976431265
core,all,6,sequential_ols,M1,0.5,e_origin,1729,estimated,0.2948675977836518,2.7699990337652878
core,all,6,sequential_ols,M1,0.5,downside,1729,estimated,-49069.571316376096,-0.8452170228232494
core,all,6,sequential_ols,M1,0.5,btc_vol,1729,estimated,-3.094065731764171,-0.006055348353675652
core,all,6,sequential_ols,M1,0.5,btc_ret,1729,estimated,20.385590714142793,0.09014664828665162
core,all,6,sequential_ols,M1,0.9,e_origin,1729,estimated,0.24459374776284074,2.297724300874889
core,all,6,sequential_ols,M1,0.9,downside,1729,estimated,-25398.482782439263,-0.4374855827288748
core,all,6,sequential_ols,M1,0.9,btc_vol,1729,estimated,438.8147021932493,0.858797490051867
core,all,6,sequential_ols,M1,0.9,btc_ret,1729,estimated,14.744631490666302,0.06520189322663315
core,all,6,sequential_ols,M2,0.1,e_origin,1729,estimated,0.37590128788603444,3.531233041751229
core,all,6,sequential_ols,M2,0.1,downside,1729,estimated,-23443.632763221507,-0.40381354384644447
core,all,6,sequential_ols,M2,0.1,btc_vol,1729,estimated,-1207.578777906333,-2.363333813389751
core,all,6,sequential_ols,M2,0.1,btc_ret,1729,estimated,60.495603764081416,0.2675162074958102
core,all,6,sequential_ols,M2,0.1,account_ls,1729,estimated,1.5054369657913722,0.9126392409513999
core,all,6,sequential_ols,M2,0.5,e_origin,1729,estimated,0.28769198768464677,2.702591040515707
core,all,6,sequential_ols,M2,0.5,downside,1729,estimated,-57704.76059557865,-0.993957041908092
core,all,6,sequential_ols,M2,0.5,btc_vol,1729,estimated,-59.403416805259965,-0.11625751142311425
core,all,6,sequential_ols,M2,0.5,btc_ret,1729,estimated,19.791496543003372,0.08751951821983926
core,all,6,sequential_ols,M2,0.5,account_ls,1729,estimated,0.9481844570688059,0.5748167228817158
core,all,6,sequential_ols,M2,0.9,e_origin,1729,estimated,0.24001262146155375,2.2546890012234426
core,all,6,sequential_ols,M2,0.9,downside,1729,estimated,-76500.39570659366,-1.317709427030365
core,all,6,sequential_ols,M2,0.9,btc_vol,1729,estimated,592.2263469342697,1.159037055385063
core,all,6,sequential_ols,M2,0.9,btc_ret,1729,estimated,31.56723815954275,0.1395927523343749
core,all,6,sequential_ols,M2,0.9,account_ls,1729,estimated,1.3685190854501352,0.8296356790442998
core,all,6,pca_1,M0,0.1,e_origin,1729,estimated,0.44078587569862676,4.134214092031923
core,all,6,pca_1,M0,0.1,downside,1729,estimated,-119521.01215835872,-2.0587339842440264
core,all,6,pca_1,M0,0.5,e_origin,1729,estimated,0.3118849871258391,2.925228279661176
core,all,6,pca_1,M0,0.5,downside,1729,estimated,-48280.41788237902,-0.8316239569345497
core,all,6,pca_1,M0,0.9,e_origin,1729,estimated,0.26923660628772794,2.525221049883662
core,all,6,pca_1,M0,0.9,downside,1729,estimated,17103.237656471756,0.29460105773977147
core,all,6,pca_1,M1,0.1,e_origin,1729,estimated,0.3967274420731719,3.7209817104849567
core,all,6,pca_1,M1,0.1,downside,1729,estimated,-8931.809002008764,-0.15384925546688638
core,all,6,pca_1,M1,0.1,btc_vol,1729,estimated,-1124.6031825392351,-2.2009435546298217
core,all,6,pca_1,M1,0.1,btc_ret,1729,estimated,63.846215388186884,0.2823328695125676
core,all,6,pca_1,M1,0.5,e_origin,1729,estimated,0.3154938640087922,2.959076618477082
core,all,6,pca_1,M1,0.5,downside,1729,estimated,-46259.451076297824,-0.796813064945149
core,all,6,pca_1,M1,0.5,btc_vol,1729,estimated,9.708782005774637,0.019000907618514744
core,all,6,pca_1,M1,0.5,btc_ret,1729,estimated,22.671684061410012,0.10025592870027135
core,all,6,pca_1,M1,0.9,e_origin,1729,estimated,0.2707765651672586,2.5396646154602918
core,all,6,pca_1,M1,0.9,downside,1729,estimated,-34466.24472160658,-0.5936766099640195
core,all,6,pca_1,M1,0.9,btc_vol,1729,estimated,551.8551280580845,1.080027165178755
core,all,6,pca_1,M1,0.9,btc_ret,1729,estimated,39.31350386976716,0.1738473344216182
core,all,6,pca_1,M2,0.1,e_origin,1729,estimated,0.4062336602138069,3.810142328294347
core,all,6,pca_1,M2,0.1,downside,1729,estimated,-38452.20542790377,-0.6623342678747708
core,all,6,pca_1,M2,0.1,btc_vol,1729,estimated,-1031.2334093486872,-2.0182110106608606
core,all,6,pca_1,M2,0.1,btc_ret,1729,estimated,71.39307021785118,0.3157056413659817
core,all,6,pca_1,M2,0.1,account_ls,1729,estimated,1.4169160514905974,0.8589753135525434
core,all,6,pca_1,M2,0.5,e_origin,1729,estimated,0.297208031332266,2.787570335486472
core,all,6,pca_1,M2,0.5,downside,1729,estimated,-58172.72205080495,-1.0020176174821527
core,all,6,pca_1,M2,0.5,btc_vol,1729,estimated,-47.841373790416384,-0.09362961524873638
core,all,6,pca_1,M2,0.5,btc_ret,1729,estimated,14.69340691397101,0.06497537421309388
core,all,6,pca_1,M2,0.5,account_ls,1729,estimated,1.0451992103842855,0.6336298600896119
core,all,6,pca_1,M2,0.9,e_origin,1729,estimated,0.24668867481785298,2.3137397362386167
core,all,6,pca_1,M2,0.9,downside,1729,estimated,-75930.95313099954,-1.3079008522761806
core,all,6,pca_1,M2,0.9,btc_vol,1729,estimated,553.8245382805947,1.083881467569994
core,all,6,pca_1,M2,0.9,btc_ret,1729,estimated,34.44771355388164,0.15233043582429584
core,all,6,pca_1,M2,0.9,account_ls,1729,estimated,1.5842122350812575,0.9603950776978893
core,all,6,pca_2,M0,0.1,e_origin,1729,estimated,0.43734295509072746,3.2982803563055954
core,all,6,pca_2,M0,0.1,downside,1729,estimated,-15682.129397279468,-0.27012265167831123
core,all,6,pca_2,M0,0.5,e_origin,1729,estimated,0.33637827248275975,2.5368417062708515
core,all,6,pca_2,M0,0.5,downside,1729,estimated,-12227.940848171576,-0.21062470043428255
core,all,6,pca_2,M0,0.9,e_origin,1729,estimated,0.37415817570432414,2.8217638965298946
core,all,6,pca_2,M0,0.9,downside,1729,estimated,-17581.477622261995,-0.3028386793296185
core,all,6,pca_2,M1,0.1,e_origin,1729,estimated,0.40649201868452095,3.065613895493131
core,all,6,pca_2,M1,0.1,downside,1729,estimated,45688.56211529406,0.786979576389254
core,all,6,pca_2,M1,0.1,btc_vol,1729,estimated,-607.2500793589653,-1.188439770547185
core,all,6,pca_2,M1,0.1,btc_ret,1729,estimated,20.804279130507314,0.09199812063008106
core,all,6,pca_2,M1,0.5,e_origin,1729,estimated,0.33138265693147545,2.4991666038171316
core,all,6,pca_2,M1,0.5,downside,1729,estimated,18571.259452095594,0.3198875434018691
core,all,6,pca_2,M1,0.5,btc_vol,1729,estimated,-353.7962690862669,-0.6924092250382107
core,all,6,pca_2,M1,0.5,btc_ret,1729,estimated,49.56942870581407,0.21919982197097557
core,all,6,pca_2,M1,0.9,e_origin,1729,estimated,0.37337035350738795,2.815822430121965
core,all,6,pca_2,M1,0.9,downside,1729,estimated,17411.243569367805,0.2999064197742483
core,all,6,pca_2,M1,0.9,btc_vol,1729,estimated,-402.65618651775674,-0.7880322163477085
core,all,6,pca_2,M1,0.9,btc_ret,1729,estimated,-5.3909302393924,-0.02383910768360662
core,all,6,pca_2,M2,0.1,e_origin,1729,estimated,0.4011981104240491,3.025689178699703
core,all,6,pca_2,M2,0.1,downside,1729,estimated,4326.137516631793,0.07451715949495548
core,all,6,pca_2,M2,0.1,btc_vol,1729,estimated,-492.5628130799766,-0.9639870894291072
core,all,6,pca_2,M2,0.1,btc_ret,1729,estimated,17.475725680731685,0.07727900155485726
core,all,6,pca_2,M2,0.1,account_ls,1729,estimated,1.0194246043970308,0.6180045517050364
core,all,6,pca_2,M2,0.5,e_origin,1729,estimated,0.3335733971981649,2.51568836437891
core,all,6,pca_2,M2,0.5,downside,1729,estimated,12935.405011865525,0.22281067920177958
core,all,6,pca_2,M2,0.5,btc_vol,1729,estimated,-354.1113697295729,-0.6930259036504641
core,all,6,pca_2,M2,0.5,btc_ret,1729,estimated,40.40123193288892,0.17865735148282266
core,all,6,pca_2,M2,0.5,account_ls,1729,estimated,0.9601288631049645,0.5820577657856442
core,all,6,pca_2,M2,0.9,e_origin,1729,estimated,0.3662652746896557,2.762238528468244
core,all,6,pca_2,M2,0.9,downside,1729,estimated,7487.854184080297,0.12897732038451323
core,all,6,pca_2,M2,0.9,btc_vol,1729,estimated,-393.05743578342094,-0.7692466492345748
core,all,6,pca_2,M2,0.9,btc_ret,1729,estimated,4.307664599526577,0.019048823800871206
core,all,6,pca_2,M2,0.9,account_ls,1729,estimated,0.7741854197338204,0.4693334957734994
core,all,6,conditional_linear,M0,0.1,e_origin,1729,estimated,0.4247039984855476,4.783086875466665
core,all,6,conditional_linear,M0,0.1,downside,1729,estimated,-121243.69769478198,-2.0884070199216462
core,all,6,conditional_linear,M0,0.5,e_origin,1729,estimated,0.38534745748631277,4.339846982768524
core,all,6,conditional_linear,M0,0.5,downside,1729,estimated,-33650.07481393754,-0.5796181888086724
core,all,6,conditional_linear,M0,0.9,e_origin,1729,estimated,0.4774792220634283,5.3774501970867
core,all,6,conditional_linear,M0,0.9,downside,1729,estimated,23729.75785168925,0.40874201150862344
core,all,6,conditional_linear,M1,0.1,e_origin,1729,estimated,0.38646090670841104,4.352386832592655
core,all,6,conditional_linear,M1,0.1,downside,1729,estimated,57906.991397945436,0.9974404413369875
core,all,6,conditional_linear,M1,0.1,btc_vol,1729,estimated,-1644.9474824573913,-3.2193013637437735
core,all,6,conditional_linear,M1,0.1,btc_ret,1729,estimated,-11.682160957034052,-0.051659413248750924
core,all,6,conditional_linear,M1,0.5,e_origin,1729,estimated,0.3753468274130578,4.22721822810562
core,all,6,conditional_linear,M1,0.5,downside,1729,estimated,3149.4802028677623,0.05424938936893179
core,all,6,conditional_linear,M1,0.5,btc_vol,1729,estimated,-430.0890674402277,-0.8417206847681092
core,all,6,conditional_linear,M1,0.5,btc_ret,1729,estimated,69.84084456122642,0.30884158026069364
core,all,6,conditional_linear,M1,0.9,e_origin,1729,estimated,0.47039543563858593,5.297671419401316
core,all,6,conditional_linear,M1,0.9,downside,1729,estimated,-50607.3881782112,-0.8717057194786016
core,all,6,conditional_linear,M1,0.9,btc_vol,1729,estimated,758.359375942288,1.48417344578788
core,all,6,conditional_linear,M1,0.9,btc_ret,1729,estimated,-9.044860747046492,-0.03999706910627175
core,all,6,conditional_linear,M2,0.1,e_origin,1729,estimated,0.36013930018418994,4.055948534022024
core,all,6,conditional_linear,M2,0.1,downside,1729,estimated,30475.23307994246,0.5249319503444946
core,all,6,conditional_linear,M2,0.1,btc_vol,1729,estimated,-1718.2223038119203,-3.3627063872052605
core,all,6,conditional_linear,M2,0.1,btc_ret,1729,estimated,-0.8018000216408678,-0.003545621294993624
core,all,6,conditional_linear,M2,0.1,account_ls,1729,estimated,1.1320799229234302,0.686299449947438
core,all,6,conditional_linear,M2,0.5,e_origin,1729,estimated,0.375586569763602,4.229918246222875
core,all,6,conditional_linear,M2,0.5,downside,1729,estimated,-1228.1785671647192,-0.021155217055826375
core,all,6,conditional_linear,M2,0.5,btc_vol,1729,estimated,-477.5802483023664,-0.9346649428345642
core,all,6,conditional_linear,M2,0.5,btc_ret,1729,estimated,48.00203735932942,0.21226869702000384
core,all,6,conditional_linear,M2,0.5,account_ls,1729,estimated,0.7274208143335298,0.44098344529265615
core,all,6,conditional_linear,M2,0.9,e_origin,1729,estimated,0.47177799945538845,5.313242082428328
core,all,6,conditional_linear,M2,0.9,downside,1729,estimated,-67372.2223954127,-1.160477821721513
core,all,6,conditional_linear,M2,0.9,btc_vol,1729,estimated,812.6166582573738,1.5903595367195162
core,all,6,conditional_linear,M2,0.9,btc_ret,1729,estimated,20.61846222931795,0.09117642401740395
core,all,6,conditional_linear,M2,0.9,account_ls,1729,estimated,0.6681684847399288,0.4050629767950066
core,all,6,ae_relu_1,M0,0.1,e_origin,1729,estimated,0.668498011163359,31.237000484690494
core,all,6,ae_relu_1,M0,0.1,downside,1729,estimated,-54747.69260909277,-0.94302192809369
core,all,6,ae_relu_1,M0,0.5,e_origin,1729,estimated,0.886521127799361,41.42459728573511
core,all,6,ae_relu_1,M0,0.5,downside,1729,estimated,-2832.4758607336607,-0.04878903055403404
core,all,6,ae_relu_1,M0,0.9,e_origin,1729,estimated,1.0930248725611007,51.0739267788584
core,all,6,ae_relu_1,M0,0.9,downside,1729,estimated,98154.73963178342,1.6907027019386267
core,all,6,ae_relu_1,M1,0.1,e_origin,1729,estimated,0.6642948680549774,31.040599626166983
core,all,6,ae_relu_1,M1,0.1,downside,1729,estimated,53786.375068124886,0.9264633577176435
core,all,6,ae_relu_1,M1,0.1,btc_vol,1729,estimated,-1091.5652646233505,-2.1362855547020843
core,all,6,ae_relu_1,M1,0.1,btc_ret,1729,estimated,87.59284646693227,0.38734229650765606
core,all,6,ae_relu_1,M1,0.5,e_origin,1729,estimated,0.8855322697672071,41.37839077754232
core,all,6,ae_relu_1,M1,0.5,downside,1729,estimated,30143.04316666509,0.519210022029655
core,all,6,ae_relu_1,M1,0.5,btc_vol,1729,estimated,-278.91099338815945,-0.5458524062034243
core,all,6,ae_relu_1,M1,0.5,btc_ret,1729,estimated,51.66072677139667,0.22844770268359277
core,all,6,ae_relu_1,M1,0.9,e_origin,1729,estimated,1.0972157167780103,51.26975294535223
core,all,6,ae_relu_1,M1,0.9,downside,1729,estimated,32556.71547271395,0.5607852154919363
core,all,6,ae_relu_1,M1,0.9,btc_vol,1729,estimated,949.1826123943307,1.8576306606202533
core,all,6,ae_relu_1,M1,0.9,btc_ret,1729,estimated,86.08028139388587,0.3806536175499258
core,all,6,ae_relu_1,M2,0.1,e_origin,1729,estimated,0.6631912082944394,30.989028761483542
core,all,6,ae_relu_1,M2,0.1,downside,1729,estimated,32908.48286039186,0.5668443632725938
core,all,6,ae_relu_1,M2,0.1,btc_vol,1729,estimated,-921.9658035647913,-1.804365063562531
core,all,6,ae_relu_1,M2,0.1,btc_ret,1729,estimated,66.55052562521526,0.2942915371427511
core,all,6,ae_relu_1,M2,0.1,account_ls,1729,estimated,0.40748031002015056,0.24702629820435
core,all,6,ae_relu_1,M2,0.5,e_origin,1729,estimated,0.8853926139870494,41.3718650622827
core,all,6,ae_relu_1,M2,0.5,downside,1729,estimated,19535.63408102401,0.33649877172285353
core,all,6,ae_relu_1,M2,0.5,btc_vol,1729,estimated,-288.9386690192764,-0.5654774156208732
core,all,6,ae_relu_1,M2,0.5,btc_ret,1729,estimated,50.85732313802754,0.22489499009433728
core,all,6,ae_relu_1,M2,0.5,account_ls,1729,estimated,0.5338480582058812,0.32363406618508217
core,all,6,ae_relu_1,M2,0.9,e_origin,1729,estimated,1.0973370205544606,51.27542112395635
core,all,6,ae_relu_1,M2,0.9,downside,1729,estimated,41496.466373760275,0.7147712691431152
core,all,6,ae_relu_1,M2,0.9,btc_vol,1729,estimated,996.8650058698322,1.9509491379450912
core,all,6,ae_relu_1,M2,0.9,btc_ret,1729,estimated,78.80038534739306,0.34846135794514116
core,all,6,ae_relu_1,M2,0.9,account_ls,1729,estimated,-0.588376104575078,-0.35669053814622237
core,all,6,ae_relu_2,M0,0.1,e_origin,1729,estimated,0.6272672247244221,34.33821685947851
core,all,6,ae_relu_2,M0,0.1,downside,1729,estimated,-40646.974498225965,-0.7001388813987367
core,all,6,ae_relu_2,M0,0.5,e_origin,1729,estimated,0.8985022603171507,49.186318441963216
core,all,6,ae_relu_2,M0,0.5,downside,1729,estimated,17131.466171354867,0.2950872902596032
core,all,6,ae_relu_2,M0,0.9,e_origin,1729,estimated,1.1780551410774418,64.48976020469217
core,all,6,ae_relu_2,M0,0.9,downside,1729,estimated,98725.41206513345,1.700532460833676
core,all,6,ae_relu_2,M1,0.1,e_origin,1729,estimated,0.6271303708241752,34.330725125940525
core,all,6,ae_relu_2,M1,0.1,downside,1729,estimated,-41511.507563278574,-0.7150303516882307
core,all,6,ae_relu_2,M1,0.1,btc_vol,1729,estimated,25.03687875793528,0.04899928951464039
core,all,6,ae_relu_2,M1,0.1,btc_ret,1729,estimated,16.708542237678586,0.07388645742984104
core,all,6,ae_relu_2,M1,0.5,e_origin,1729,estimated,0.8991082031208667,49.21948930531828
core,all,6,ae_relu_2,M1,0.5,downside,1729,estimated,26129.30776987509,0.4500739486655301
core,all,6,ae_relu_2,M1,0.5,btc_vol,1729,estimated,-120.05847940815266,-0.23496459954470378
core,all,6,ae_relu_2,M1,0.5,btc_ret,1729,estimated,22.86526589285206,0.10111196243107638
core,all,6,ae_relu_2,M1,0.9,e_origin,1729,estimated,1.1784016432921474,64.50872862472413
core,all,6,ae_relu_2,M1,0.9,downside,1729,estimated,79563.47469075289,1.370470566575913
core,all,6,ae_relu_2,M1,0.9,btc_vol,1729,estimated,381.446408890776,0.7465228874679581
core,all,6,ae_relu_2,M1,0.9,btc_ret,1729,estimated,111.10453934620027,0.49131280873523203
core,all,6,ae_relu_2,M2,0.1,e_origin,1729,estimated,0.6274353806010523,34.34742214349515
core,all,6,ae_relu_2,M2,0.1,downside,1729,estimated,-38066.32493059616,-0.6556875261904586
core,all,6,ae_relu_2,M2,0.1,btc_vol,1729,estimated,7.909789792049488,0.015480127685554292
core,all,6,ae_relu_2,M2,0.1,btc_ret,1729,estimated,19.22313070610351,0.08500616082364595
core,all,6,ae_relu_2,M2,0.1,account_ls,1729,estimated,-0.10258427808649166,-0.06218954351050361
core,all,6,ae_relu_2,M2,0.5,e_origin,1729,estimated,0.8990099461579323,49.214110467132244
core,all,6,ae_relu_2,M2,0.5,downside,1729,estimated,29678.465679386427,0.5112077348660553
core,all,6,ae_relu_2,M2,0.5,btc_vol,1729,estimated,-172.26451345609104,-0.3371362241093411
core,all,6,ae_relu_2,M2,0.5,btc_ret,1729,estimated,25.932928330972675,0.11467740140948077
core,all,6,ae_relu_2,M2,0.5,account_ls,1729,estimated,0.13800357718419332,0.08366174259827115
core,all,6,ae_relu_2,M2,0.9,e_origin,1729,estimated,1.1783543381892068,64.50613902204873
core,all,6,ae_relu_2,M2,0.9,downside,1729,estimated,75953.19697256947,1.3082839995718165
core,all,6,ae_relu_2,M2,0.9,btc_vol,1729,estimated,416.3552907427856,0.8148425220772386
core,all,6,ae_relu_2,M2,0.9,btc_ret,1729,estimated,113.03734159692436,0.4998598087779041
core,all,6,ae_relu_2,M2,0.9,account_ls,1729,estimated,0.13990629759929726,0.08481522650682548
core,all,6,ae_tanh_1,M0,0.1,e_origin,1729,estimated,0.6684536970382312,37.62373811296512
core,all,6,ae_tanh_1,M0,0.1,downside,1729,estimated,-13448.001543582204,-0.2316400881985218
core,all,6,ae_tanh_1,M0,0.5,e_origin,1729,estimated,0.8903563086850382,50.113467445264675
core,all,6,ae_tanh_1,M0,0.5,downside,1729,estimated,25290.550079946763,0.4356264558806332
core,all,6,ae_tanh_1,M0,0.9,e_origin,1729,estimated,1.1240427636406392,63.26644725636129
core,all,6,ae_tanh_1,M0,0.9,downside,1729,estimated,90850.35607272996,1.5648856393534096
core,all,6,ae_tanh_1,M1,0.1,e_origin,1729,estimated,0.6642141611838253,37.38511696775576
core,all,6,ae_tanh_1,M1,0.1,downside,1729,estimated,-8440.602667927411,-0.14538828985935506
core,all,6,ae_tanh_1,M1,0.1,btc_vol,1729,estimated,-143.5937366524669,-0.28102508874007476
core,all,6,ae_tanh_1,M1,0.1,btc_ret,1729,estimated,78.72453959412125,0.3481259621972276
core,all,6,ae_tanh_1,M1,0.5,e_origin,1729,estimated,0.8906248877107817,50.12858434411942
core,all,6,ae_tanh_1,M1,0.5,downside,1729,estimated,55835.44148029308,0.9617582617895265
core,all,6,ae_tanh_1,M1,0.5,btc_vol,1729,estimated,-235.73261384694973,-0.4613486651273847
core,all,6,ae_tanh_1,M1,0.5,btc_ret,1729,estimated,-22.270522235197546,-0.09848196028499667
core,all,6,ae_tanh_1,M1,0.9,e_origin,1729,estimated,1.1258141737026213,63.366150599402076
core,all,6,ae_tanh_1,M1,0.9,downside,1729,estimated,25720.876588314964,0.443038774360039
core,all,6,ae_tanh_1,M1,0.9,btc_vol,1729,estimated,629.6783611003515,1.2323338150479912
core,all,6,ae_tanh_1,M1,0.9,btc_ret,1729,estimated,11.217615526055765,0.04960515766367642
core,all,6,ae_tanh_1,M2,0.1,e_origin,1729,estimated,0.6562888523843762,36.93904307504484
core,all,6,ae_tanh_1,M2,0.1,downside,1729,estimated,-74833.75809856845,-1.2890018096742255
core,all,6,ae_tanh_1,M2,0.1,btc_vol,1729,estimated,20.363057308790477,0.039852225595828315
core,all,6,ae_tanh_1,M2,0.1,btc_ret,1729,estimated,76.69491810142296,0.3391508200282852
core,all,6,ae_tanh_1,M2,0.1,account_ls,1729,estimated,3.241126131550951,1.9648639961298335
core,all,6,ae_tanh_1,M2,0.5,e_origin,1729,estimated,0.8898036063198215,50.08235874000136
core,all,6,ae_tanh_1,M2,0.5,downside,1729,estimated,34646.178401195284,0.5967759443353561
core,all,6,ae_tanh_1,M2,0.5,btc_vol,1729,estimated,-199.64788722391117,-0.39072780284044645
core,all,6,ae_tanh_1,M2,0.5,btc_ret,1729,estimated,-21.167165774877525,-0.09360283325071017
core,all,6,ae_tanh_1,M2,0.5,account_ls,1729,estimated,0.753454608356754,0.456765880928512
core,all,6,ae_tanh_1,M2,0.9,e_origin,1729,estimated,1.1276644528667303,63.4702930688278
core,all,6,ae_tanh_1,M2,0.9,downside,1729,estimated,72974.76925505845,1.2569809671516257
core,all,6,ae_tanh_1,M2,0.9,btc_vol,1729,estimated,656.5350506954252,1.2848946283025893
core,all,6,ae_tanh_1,M2,0.9,btc_ret,1729,estimated,51.94036218851091,0.22968427198141547
core,all,6,ae_tanh_1,M2,0.9,account_ls,1729,estimated,-2.254225577549999,-1.3665764603747401
core,all,6,ae_tanh_2,M0,0.1,e_origin,1729,estimated,0.6655812703539243,37.37828837829519
core,all,6,ae_tanh_2,M0,0.1,downside,1729,estimated,-39780.26444681265,-0.6852099128005931
core,all,6,ae_tanh_2,M0,0.5,e_origin,1729,estimated,0.8928879935871673,50.143575849229485
core,all,6,ae_tanh_2,M0,0.5,downside,1729,estimated,35051.67603351503,0.6037605886343943
core,all,6,ae_tanh_2,M0,0.9,e_origin,1729,estimated,1.1239379938801408,63.11908150936263
core,all,6,ae_tanh_2,M0,0.9,downside,1729,estimated,79230.5568436585,1.3647360996951734
core,all,6,ae_tanh_2,M1,0.1,e_origin,1729,estimated,0.6648478192072121,37.33709859472658
core,all,6,ae_tanh_2,M1,0.1,downside,1729,estimated,-49829.716392231974,-0.8583104234928053
core,all,6,ae_tanh_2,M1,0.1,btc_vol,1729,estimated,133.88783134526335,0.26202981106399387
core,all,6,ae_tanh_2,M1,0.1,btc_ret,1729,estimated,9.397718026798252,0.041557431106039495
core,all,6,ae_tanh_2,M1,0.5,e_origin,1729,estimated,0.891514817760279,50.06645985402691
core,all,6,ae_tanh_2,M1,0.5,downside,1729,estimated,14828.614704486668,0.2554209714266748
core,all,6,ae_tanh_2,M1,0.5,btc_vol,1729,estimated,166.72407630387872,0.32629311995551846
core,all,6,ae_tanh_2,M1,0.5,btc_ret,1729,estimated,-32.39790889006777,-0.14326604212208285
core,all,6,ae_tanh_2,M1,0.9,e_origin,1729,estimated,1.1281292809880747,63.35445943415501
core,all,6,ae_tanh_2,M1,0.9,downside,1729,estimated,-4851.645309653663,-0.083568963298673
core,all,6,ae_tanh_2,M1,0.9,btc_vol,1729,estimated,948.8066096852548,1.8568947915137872
core,all,6,ae_tanh_2,M1,0.9,btc_ret,1729,estimated,50.46927969917765,0.22317903219581656
core,all,6,ae_tanh_2,M2,0.1,e_origin,1729,estimated,0.6573143488446802,36.914027453391235
core,all,6,ae_tanh_2,M2,0.1,downside,1729,estimated,-48588.03914736739,-0.8369226934585392
core,all,6,ae_tanh_2,M2,0.1,btc_vol,1729,estimated,-39.348656478514236,-0.07700864909895223
core,all,6,ae_tanh_2,M2,0.1,btc_ret,1729,estimated,50.68882860504909,0.22414989432470162
core,all,6,ae_tanh_2,M2,0.1,account_ls,1729,estimated,2.443191827123178,1.4811332425547512
core,all,6,ae_tanh_2,M2,0.5,e_origin,1729,estimated,0.8911568412344104,50.046356298815
core,all,6,ae_tanh_2,M2,0.5,downside,1729,estimated,3862.9240365048995,0.06653836717822317
core,all,6,ae_tanh_2,M2,0.5,btc_vol,1729,estimated,153.37654197368542,0.3001708662482964
core,all,6,ae_tanh_2,M2,0.5,btc_ret,1729,estimated,-18.732283179659593,-0.0828355953517308
core,all,6,ae_tanh_2,M2,0.5,account_ls,1729,estimated,0.5391693498152933,0.32685998639672115
core,all,6,ae_tanh_2,M2,0.9,e_origin,1729,estimated,1.126555297406422,63.26606630346124
core,all,6,ae_tanh_2,M2,0.9,downside,1729,estimated,50942.01201214266,0.8774695717620811
core,all,6,ae_tanh_2,M2,0.9,btc_vol,1729,estimated,849.3922646279201,1.662332509111521
core,all,6,ae_tanh_2,M2,0.9,btc_ret,1729,estimated,13.656919349357347,0.06039194657290813
core,all,6,ae_tanh_2,M2,0.9,account_ls,1729,estimated,-2.776021007563391,-1.682903876268237
core,all,6,conditional_neural,M0,0.1,e_origin,1729,estimated,0.2693295391116953,2.5939809833613823
core,all,6,conditional_neural,M0,0.1,downside,1729,estimated,-11897.631779158555,-0.20493516941876436
core,all,6,conditional_neural,M0,0.5,e_origin,1729,estimated,0.18336678456552608,1.7660519292161205
core,all,6,conditional_neural,M0,0.5,downside,1729,estimated,-38801.777282002135,-0.6683555978733319
core,all,6,conditional_neural,M0,0.9,e_origin,1729,estimated,0.15118402030468509,1.4560915781905215
core,all,6,conditional_neural,M0,0.9,downside,1729,estimated,29539.399978898327,0.5088123461518247
core,all,6,conditional_neural,M1,0.1,e_origin,1729,estimated,0.2626149774673475,2.529311340089084
core,all,6,conditional_neural,M1,0.1,downside,1729,estimated,111898.05779953036,1.927429580813541
core,all,6,conditional_neural,M1,0.1,btc_vol,1729,estimated,-1647.792209841789,-3.2248687358609605
core,all,6,conditional_neural,M1,0.1,btc_ret,1729,estimated,72.81111092427562,0.321976326312556
core,all,6,conditional_neural,M1,0.5,e_origin,1729,estimated,0.20210440896105475,1.9465187339924521
core,all,6,conditional_neural,M1,0.5,downside,1729,estimated,12126.190689226803,0.2088720670994486
core,all,6,conditional_neural,M1,0.5,btc_vol,1729,estimated,-460.2646144840514,-0.9007767827808992
core,all,6,conditional_neural,M1,0.5,btc_ret,1729,estimated,4.425210550724906,0.019568621027686143
core,all,6,conditional_neural,M1,0.9,e_origin,1729,estimated,0.1413989901437821,1.3618494752161667
core,all,6,conditional_neural,M1,0.9,downside,1729,estimated,-28887.752081699542,-0.49758779535947706
core,all,6,conditional_neural,M1,0.9,btc_vol,1729,estimated,722.3007959898036,1.4136037547468752
core,all,6,conditional_neural,M1,0.9,btc_ret,1729,estimated,-5.424202350410919,-0.023986239514702395
core,all,6,conditional_neural,M2,0.1,e_origin,1729,estimated,0.2692577587910875,2.593289648919381
core,all,6,conditional_neural,M2,0.1,downside,1729,estimated,107959.80732979477,1.8595937255601798
core,all,6,conditional_neural,M2,0.1,btc_vol,1729,estimated,-1748.5934370989917,-3.422145264040069
core,all,6,conditional_neural,M2,0.1,btc_ret,1729,estimated,62.58881460595305,0.2767725466521289
core,all,6,conditional_neural,M2,0.1,account_ls,1729,estimated,1.867955277513392,1.1324082810101765
core,all,6,conditional_neural,M2,0.5,e_origin,1729,estimated,0.20007441671696566,1.9269673647111405
core,all,6,conditional_neural,M2,0.5,downside,1729,estimated,-1403.0458216718432,-0.024167282910056917
core,all,6,conditional_neural,M2,0.5,btc_vol,1729,estimated,-506.92171459160164,-0.9920886742585392
core,all,6,conditional_neural,M2,0.5,btc_ret,1729,estimated,-12.507720962925976,-0.05531010301949347
core,all,6,conditional_neural,M2,0.5,account_ls,1729,estimated,0.7199751072956551,0.436469643271181
core,all,6,conditional_neural,M2,0.9,e_origin,1729,estimated,0.13017968409542943,1.2537934980221137
core,all,6,conditional_neural,M2,0.9,downside,1729,estimated,-41574.87164612271,-0.7161217898243037
core,all,6,conditional_neural,M2,0.9,btc_vol,1729,estimated,585.3134153955534,1.1455078636221685
core,all,6,conditional_neural,M2,0.9,btc_ret,1729,estimated,29.821128494027054,0.13187132124638765
core,all,6,conditional_neural,M2,0.9,account_ls,1729,estimated,2.0709511395852576,1.255470218299696
core,all,6,pca_selected,M0,0.1,e_origin,1729,estimated,0.43734295509072746,3.2982803563055954
core,all,6,pca_selected,M0,0.1,downside,1729,estimated,-15682.129397279468,-0.27012265167831123
core,all,6,pca_selected,M0,0.5,e_origin,1729,estimated,0.33637827248275975,2.5368417062708515
core,all,6,pca_selected,M0,0.5,downside,1729,estimated,-12227.940848171576,-0.21062470043428255
core,all,6,pca_selected,M0,0.9,e_origin,1729,estimated,0.37415817570432414,2.8217638965298946
core,all,6,pca_selected,M0,0.9,downside,1729,estimated,-17581.477622261995,-0.3028386793296185
core,all,6,pca_selected,M1,0.1,e_origin,1729,estimated,0.40649201868452095,3.065613895493131
core,all,6,pca_selected,M1,0.1,downside,1729,estimated,45688.56211529406,0.786979576389254
core,all,6,pca_selected,M1,0.1,btc_vol,1729,estimated,-607.2500793589653,-1.188439770547185
core,all,6,pca_selected,M1,0.1,btc_ret,1729,estimated,20.804279130507314,0.09199812063008106
core,all,6,pca_selected,M1,0.5,e_origin,1729,estimated,0.33138265693147545,2.4991666038171316
core,all,6,pca_selected,M1,0.5,downside,1729,estimated,18571.259452095594,0.3198875434018691
core,all,6,pca_selected,M1,0.5,btc_vol,1729,estimated,-353.7962690862669,-0.6924092250382107
core,all,6,pca_selected,M1,0.5,btc_ret,1729,estimated,49.56942870581407,0.21919982197097557
core,all,6,pca_selected,M1,0.9,e_origin,1729,estimated,0.37337035350738795,2.815822430121965
core,all,6,pca_selected,M1,0.9,downside,1729,estimated,17411.243569367805,0.2999064197742483
core,all,6,pca_selected,M1,0.9,btc_vol,1729,estimated,-402.65618651775674,-0.7880322163477085
core,all,6,pca_selected,M1,0.9,btc_ret,1729,estimated,-5.3909302393924,-0.02383910768360662
core,all,6,pca_selected,M2,0.1,e_origin,1729,estimated,0.4011981104240491,3.025689178699703
core,all,6,pca_selected,M2,0.1,downside,1729,estimated,4326.137516631793,0.07451715949495548
core,all,6,pca_selected,M2,0.1,btc_vol,1729,estimated,-492.5628130799766,-0.9639870894291072
core,all,6,pca_selected,M2,0.1,btc_ret,1729,estimated,17.475725680731685,0.07727900155485726
core,all,6,pca_selected,M2,0.1,account_ls,1729,estimated,1.0194246043970308,0.6180045517050364
core,all,6,pca_selected,M2,0.5,e_origin,1729,estimated,0.3335733971981649,2.51568836437891
core,all,6,pca_selected,M2,0.5,downside,1729,estimated,12935.405011865525,0.22281067920177958
core,all,6,pca_selected,M2,0.5,btc_vol,1729,estimated,-354.1113697295729,-0.6930259036504641
core,all,6,pca_selected,M2,0.5,btc_ret,1729,estimated,40.40123193288892,0.17865735148282266
core,all,6,pca_selected,M2,0.5,account_ls,1729,estimated,0.9601288631049645,0.5820577657856442
core,all,6,pca_selected,M2,0.9,e_origin,1729,estimated,0.3662652746896557,2.762238528468244
core,all,6,pca_selected,M2,0.9,downside,1729,estimated,7487.854184080297,0.12897732038451323
core,all,6,pca_selected,M2,0.9,btc_vol,1729,estimated,-393.05743578342094,-0.7692466492345748
core,all,6,pca_selected,M2,0.9,btc_ret,1729,estimated,4.307664599526577,0.019048823800871206
core,all,6,pca_selected,M2,0.9,account_ls,1729,estimated,0.7741854197338204,0.4693334957734994
core,all,6,ae_selected,M0,0.1,e_origin,1729,estimated,0.6611199223149834,30.86621895108794
core,all,6,ae_selected,M0,0.1,downside,1729,estimated,-31211.605671629135,-0.5376158730472458
core,all,6,ae_selected,M0,0.5,e_origin,1729,estimated,0.8866282550849849,41.394701514736006
core,all,6,ae_selected,M0,0.5,downside,1729,estimated,13357.044308482842,0.23007336158175062
core,all,6,ae_selected,M0,0.9,e_origin,1729,estimated,1.147131596635554,53.557023215214095
core,all,6,ae_selected,M0,0.9,downside,1729,estimated,98407.91187887342,1.6950635611678058
core,all,6,ae_selected,M1,0.1,e_origin,1729,estimated,0.6607674311905717,30.84976192437135
core,all,6,ae_selected,M1,0.1,downside,1729,estimated,-21554.13705422039,-0.37126722450930677
core,all,6,ae_selected,M1,0.1,btc_vol,1729,estimated,-91.26889306064855,-0.17862094384836466
core,all,6,ae_selected,M1,0.1,btc_ret,1729,estimated,29.20200493743693,0.12913350931419817
core,all,6,ae_selected,M1,0.5,e_origin,1729,estimated,0.8867243555470461,41.399188231598046
core,all,6,ae_selected,M1,0.5,downside,1729,estimated,36652.44878105397,0.6313336922828444
core,all,6,ae_selected,M1,0.5,btc_vol,1729,estimated,-254.43969257142774,-0.49796000056005507
core,all,6,ae_selected,M1,0.5,btc_ret,1729,estimated,15.994475386931361,0.07072879895675059
core,all,6,ae_selected,M1,0.9,e_origin,1729,estimated,1.1475911133884593,53.57847703051768
core,all,6,ae_selected,M1,0.9,downside,1729,estimated,57864.518462359505,0.9967088505118905
core,all,6,ae_selected,M1,0.9,btc_vol,1729,estimated,447.02660386549763,0.8748688762415983
core,all,6,ae_selected,M1,0.9,btc_ret,1729,estimated,120.93814568507379,0.5347977714449376
core,all,6,ae_selected,M2,0.1,e_origin,1729,estimated,0.660888003553025,30.855391179841224
core,all,6,ae_selected,M2,0.1,downside,1729,estimated,-21687.294420020295,-0.3735608429222889
core,all,6,ae_selected,M2,0.1,btc_vol,1729,estimated,-102.87528601151683,-0.2013356365989548
core,all,6,ae_selected,M2,0.1,btc_ret,1729,estimated,22.729667730744882,0.10051233694073865
core,all,6,ae_selected,M2,0.1,account_ls,1729,estimated,0.025065399181054115,0.0151953667955243
core,all,6,ae_selected,M2,0.5,e_origin,1729,estimated,0.886404927506294,41.38427484673067
core,all,6,ae_selected,M2,0.5,downside,1729,estimated,35303.47507834096,0.6080977946320852
core,all,6,ae_selected,M2,0.5,btc_vol,1729,estimated,-238.04944677309936,-0.46588290313696396
core,all,6,ae_selected,M2,0.5,btc_ret,1729,estimated,8.372092515907644,0.03702203630190807
core,all,6,ae_selected,M2,0.5,account_ls,1729,estimated,0.06352554630190199,0.03851101552266873
core,all,6,ae_selected,M2,0.9,e_origin,1729,estimated,1.147195109919493,53.55998850919813
core,all,6,ae_selected,M2,0.9,downside,1729,estimated,60833.86327611225,1.0478554310889694
core,all,6,ae_selected,M2,0.9,btc_vol,1729,estimated,326.2541361225108,0.6385069411317522
core,all,6,ae_selected,M2,0.9,btc_ret,1729,estimated,117.16158066867659,0.5180975108030597
core,all,6,ae_selected,M2,0.9,account_ls,1729,estimated,0.2683760589295775,0.1626972953877638
core,all,6,ae_reconstruction_selected,M0,0.1,e_origin,1729,estimated,0.6611199223149834,30.86621895108794
core,all,6,ae_reconstruction_selected,M0,0.1,downside,1729,estimated,-31211.605671629135,-0.5376158730472458
core,all,6,ae_reconstruction_selected,M0,0.5,e_origin,1729,estimated,0.8866282550849849,41.394701514736006
core,all,6,ae_reconstruction_selected,M0,0.5,downside,1729,estimated,13357.044308482842,0.23007336158175062
core,all,6,ae_reconstruction_selected,M0,0.9,e_origin,1729,estimated,1.147131596635554,53.557023215214095
core,all,6,ae_reconstruction_selected,M0,0.9,downside,1729,estimated,98407.91187887342,1.6950635611678058
core,all,6,ae_reconstruction_selected,M1,0.1,e_origin,1729,estimated,0.6607674311905717,30.84976192437135
core,all,6,ae_reconstruction_selected,M1,0.1,downside,1729,estimated,-21554.13705422039,-0.37126722450930677
core,all,6,ae_reconstruction_selected,M1,0.1,btc_vol,1729,estimated,-91.26889306064855,-0.17862094384836466
core,all,6,ae_reconstruction_selected,M1,0.1,btc_ret,1729,estimated,29.20200493743693,0.12913350931419817
core,all,6,ae_reconstruction_selected,M1,0.5,e_origin,1729,estimated,0.8867243555470461,41.399188231598046
core,all,6,ae_reconstruction_selected,M1,0.5,downside,1729,estimated,36652.44878105397,0.6313336922828444
core,all,6,ae_reconstruction_selected,M1,0.5,btc_vol,1729,estimated,-254.43969257142774,-0.49796000056005507
core,all,6,ae_reconstruction_selected,M1,0.5,btc_ret,1729,estimated,15.994475386931361,0.07072879895675059
core,all,6,ae_reconstruction_selected,M1,0.9,e_origin,1729,estimated,1.1475911133884593,53.57847703051768
core,all,6,ae_reconstruction_selected,M1,0.9,downside,1729,estimated,57864.518462359505,0.9967088505118905
core,all,6,ae_reconstruction_selected,M1,0.9,btc_vol,1729,estimated,447.02660386549763,0.8748688762415983
core,all,6,ae_reconstruction_selected,M1,0.9,btc_ret,1729,estimated,120.93814568507379,0.5347977714449376
core,all,6,ae_reconstruction_selected,M2,0.1,e_origin,1729,estimated,0.660888003553025,30.855391179841224
core,all,6,ae_reconstruction_selected,M2,0.1,downside,1729,estimated,-21687.294420020295,-0.3735608429222889
core,all,6,ae_reconstruction_selected,M2,0.1,btc_vol,1729,estimated,-102.87528601151683,-0.2013356365989548
core,all,6,ae_reconstruction_selected,M2,0.1,btc_ret,1729,estimated,22.729667730744882,0.10051233694073865
core,all,6,ae_reconstruction_selected,M2,0.1,account_ls,1729,estimated,0.025065399181054115,0.0151953667955243
core,all,6,ae_reconstruction_selected,M2,0.5,e_origin,1729,estimated,0.886404927506294,41.38427484673067
core,all,6,ae_reconstruction_selected,M2,0.5,downside,1729,estimated,35303.47507834096,0.6080977946320852
core,all,6,ae_reconstruction_selected,M2,0.5,btc_vol,1729,estimated,-238.04944677309936,-0.46588290313696396
core,all,6,ae_reconstruction_selected,M2,0.5,btc_ret,1729,estimated,8.372092515907644,0.03702203630190807
core,all,6,ae_reconstruction_selected,M2,0.5,account_ls,1729,estimated,0.06352554630190199,0.03851101552266873
core,all,6,ae_reconstruction_selected,M2,0.9,e_origin,1729,estimated,1.147195109919493,53.55998850919813
core,all,6,ae_reconstruction_selected,M2,0.9,downside,1729,estimated,60833.86327611225,1.0478554310889694
core,all,6,ae_reconstruction_selected,M2,0.9,btc_vol,1729,estimated,326.2541361225108,0.6385069411317522
core,all,6,ae_reconstruction_selected,M2,0.9,btc_ret,1729,estimated,117.16158066867659,0.5180975108030597
core,all,6,ae_reconstruction_selected,M2,0.9,account_ls,1729,estimated,0.2683760589295775,0.1626972953877638
core,matched,6,sequential_ols,M0,0.1,e_origin,727,estimated,0.4537322352374108,4.22175693189407
core,matched,6,sequential_ols,M0,0.1,downside,727,estimated,-154628.869756962,-2.505533619916257
core,matched,6,sequential_ols,M0,0.5,e_origin,727,estimated,0.3237669382292584,3.0124932936984132
core,matched,6,sequential_ols,M0,0.5,downside,727,estimated,-55649.89452238275,-0.9017247677602307
core,matched,6,sequential_ols,M0,0.9,e_origin,727,estimated,0.27257948154311223,2.5362189995044107
core,matched,6,sequential_ols,M0,0.9,downside,727,estimated,-26071.036963009064,-0.42244284472600946
core,matched,6,sequential_ols,M1,0.1,e_origin,727,estimated,0.45713674229175977,4.253434207917581
core,matched,6,sequential_ols,M1,0.1,downside,727,estimated,-150178.04908533487,-2.4334146110500106
core,matched,6,sequential_ols,M1,0.1,btc_vol,727,estimated,-94.27854614273372,-0.1812611070154131
core,matched,6,sequential_ols,M1,0.1,btc_ret,727,estimated,-93.09186327369785,-0.4515356745083936
core,matched,6,sequential_ols,M1,0.5,e_origin,727,estimated,0.3258962372247,3.032305381304173
core,matched,6,sequential_ols,M1,0.5,downside,727,estimated,-54280.3095881573,-0.879532656394312
core,matched,6,sequential_ols,M1,0.5,btc_vol,727,estimated,27.16005743947682,0.0522182647007355
core,matched,6,sequential_ols,M1,0.5,btc_ret,727,estimated,-12.674385979517623,-0.0614762367084146
core,matched,6,sequential_ols,M1,0.9,e_origin,727,estimated,0.28594523819243317,2.660580839819228
core,matched,6,sequential_ols,M1,0.9,downside,727,estimated,-43307.74778595151,-0.7017384156729882
core,matched,6,sequential_ols,M1,0.9,btc_vol,727,estimated,77.64359028785881,0.1492785337071425
core,matched,6,sequential_ols,M1,0.9,btc_ret,727,estimated,20.35665560652596,0.09873855669859395
core,matched,6,sequential_ols,M2,0.1,e_origin,727,estimated,0.44953853437634145,4.182736592791988
core,matched,6,sequential_ols,M2,0.1,downside,727,estimated,-168073.85297516326,-2.723389816662443
core,matched,6,sequential_ols,M2,0.1,btc_vol,727,estimated,-45.452429218179006,-0.0873874065066055
core,matched,6,sequential_ols,M2,0.1,btc_ret,727,estimated,-78.79315255814518,-0.38218076248385735
core,matched,6,sequential_ols,M2,0.1,account_ls,727,estimated,0.6979034532274193,0.43492485705293094
core,matched,6,sequential_ols,M2,0.5,e_origin,727,estimated,0.3160313110118018,2.9405170590569454
core,matched,6,sequential_ols,M2,0.5,downside,727,estimated,-61597.58081593906,-0.9980982845080597
core,matched,6,sequential_ols,M2,0.5,btc_vol,727,estimated,71.92052385829291,0.13827529491116733
core,matched,6,sequential_ols,M2,0.5,btc_ret,727,estimated,-11.709317022120512,-0.056795236164422516
core,matched,6,sequential_ols,M2,0.5,account_ls,727,estimated,0.6612832411459493,0.4121035908288887
core,matched,6,sequential_ols,M2,0.9,e_origin,727,estimated,0.2715624590972964,2.5267561021674645
core,matched,6,sequential_ols,M2,0.9,downside,727,estimated,-67430.59494031241,-1.092613707255666
core,matched,6,sequential_ols,M2,0.9,btc_vol,727,estimated,219.37472844015497,0.4217725851230984
core,matched,6,sequential_ols,M2,0.9,btc_ret,727,estimated,-5.495199848270403,-0.026654088582930516
core,matched,6,sequential_ols,M2,0.9,account_ls,727,estimated,1.027920748342875,0.6405875805132099
core,matched,6,pca_1,M0,0.1,e_origin,727,estimated,0.45841666753761795,4.263246790929285
core,matched,6,pca_1,M0,0.1,downside,727,estimated,-149720.71384371258,-2.4260041654763076
core,matched,6,pca_1,M0,0.5,e_origin,727,estimated,0.3396569580474458,3.1587888027516993
core,matched,6,pca_1,M0,0.5,downside,727,estimated,-55283.496393669164,-0.8957878244765529
core,matched,6,pca_1,M0,0.9,e_origin,727,estimated,0.283624753994696,2.6376927540418698
core,matched,6,pca_1,M0,0.9,downside,727,estimated,-22590.787854988248,-0.36605052187235865
core,matched,6,pca_1,M1,0.1,e_origin,727,estimated,0.4589186026108023,4.267914756214017
core,matched,6,pca_1,M1,0.1,downside,727,estimated,-147412.5262744001,-2.388603377608718
core,matched,6,pca_1,M1,0.1,btc_vol,727,estimated,-69.57035930519218,-0.1337568392710211
core,matched,6,pca_1,M1,0.1,btc_ret,727,estimated,-50.138110490368774,-0.2431914535031279
core,matched,6,pca_1,M1,0.5,e_origin,727,estimated,0.33698119907898627,3.1339044090474735
core,matched,6,pca_1,M1,0.5,downside,727,estimated,-56250.962588366936,-0.9114641925490717
core,matched,6,pca_1,M1,0.5,btc_vol,727,estimated,79.04789804015142,0.15197847328178882
core,matched,6,pca_1,M1,0.5,btc_ret,727,estimated,-18.408754433096888,-0.08929039614739685
core,matched,6,pca_1,M1,0.9,e_origin,727,estimated,0.29372623382651675,2.731635894695918
core,matched,6,pca_1,M1,0.9,downside,727,estimated,-39900.62263145959,-0.6465309590365956
core,matched,6,pca_1,M1,0.9,btc_vol,727,estimated,102.91088708608996,0.19785775322544616
core,matched,6,pca_1,M1,0.9,btc_ret,727,estimated,17.435125195600023,0.08456787455405741
core,matched,6,pca_1,M2,0.1,e_origin,727,estimated,0.4696928998747509,4.368115057572557
core,matched,6,pca_1,M2,0.1,downside,727,estimated,-149239.81247405606,-2.41821186542631
core,matched,6,pca_1,M2,0.1,btc_vol,727,estimated,-38.15130271416723,-0.07335016975739682
core,matched,6,pca_1,M2,0.1,btc_ret,727,estimated,-51.28351943219969,-0.24874718072728902
core,matched,6,pca_1,M2,0.1,account_ls,727,estimated,0.7652808937048295,0.47691365010548653
core,matched,6,pca_1,M2,0.5,e_origin,727,estimated,0.3249851643398851,3.022342024372286
core,matched,6,pca_1,M2,0.5,downside,727,estimated,-58213.931413701794,-0.9432712179412531
core,matched,6,pca_1,M2,0.5,btc_vol,727,estimated,55.29018766168376,0.10630160341541448
core,matched,6,pca_1,M2,0.5,btc_ret,727,estimated,-15.359652820514748,-0.07450093867103219
core,matched,6,pca_1,M2,0.5,account_ls,727,estimated,0.4969160670588116,0.30967198748396635
core,matched,6,pca_1,M2,0.9,e_origin,727,estimated,0.29057070133536356,2.702289636762402
core,matched,6,pca_1,M2,0.9,downside,727,estimated,-68356.06860277403,-1.1076096480478945
core,matched,6,pca_1,M2,0.9,btc_vol,727,estimated,261.14203362954504,0.5020749262752159
core,matched,6,pca_1,M2,0.9,btc_ret,727,estimated,-1.118931289668345,-0.00542729919502742
core,matched,6,pca_1,M2,0.9,account_ls,727,estimated,1.0374684672294119,0.6465376016124113
core,matched,6,pca_2,M0,0.1,e_origin,727,estimated,0.4477867938149238,3.32598876356805
core,matched,6,pca_2,M0,0.1,downside,727,estimated,-28654.993618600274,-0.46431206541659564
core,matched,6,pca_2,M0,0.5,e_origin,727,estimated,0.37260038194706263,2.7675328990816515
core,matched,6,pca_2,M0,0.5,downside,727,estimated,-16330.742436160359,-0.2646156844857274
core,matched,6,pca_2,M0,0.9,e_origin,727,estimated,0.38096311194173915,2.8296480538366255
core,matched,6,pca_2,M0,0.9,downside,727,estimated,-19164.40537302417,-0.3105310285413497
core,matched,6,pca_2,M1,0.1,e_origin,727,estimated,0.45576547258937067,3.3852513329838354
core,matched,6,pca_2,M1,0.1,downside,727,estimated,-2125.3481286232427,-0.03443814339884533
core,matched,6,pca_2,M1,0.1,btc_vol,727,estimated,-254.4035790944885,-0.48911948966137375
core,matched,6,pca_2,M1,0.1,btc_ret,727,estimated,41.761415013115005,0.20256086872954046
core,matched,6,pca_2,M1,0.5,e_origin,727,estimated,0.3683247228467532,2.7357749412300536
core,matched,6,pca_2,M1,0.5,downside,727,estimated,21308.928074654672,0.34527986772030866
core,matched,6,pca_2,M1,0.5,btc_vol,727,estimated,-425.3716347696149,-0.8178248028407779
core,matched,6,pca_2,M1,0.5,btc_ret,727,estimated,15.158110027528958,0.07352336922755047
core,matched,6,pca_2,M1,0.9,e_origin,727,estimated,0.3934425234358804,2.9223403417262297
core,matched,6,pca_2,M1,0.9,downside,727,estimated,-21167.093423694994,-0.3429816456159428
core,matched,6,pca_2,M1,0.9,btc_vol,727,estimated,-20.357102527411744,-0.03913881885873047
core,matched,6,pca_2,M1,0.9,btc_ret,727,estimated,58.266055878405865,0.28261549309254336
core,matched,6,pca_2,M2,0.1,e_origin,727,estimated,0.43982273309047365,3.2668347714276678
core,matched,6,pca_2,M2,0.1,downside,727,estimated,-40443.958710687664,-0.6553349218124932
core,matched,6,pca_2,M2,0.1,btc_vol,727,estimated,-137.5844526722206,-0.26452158226666195
core,matched,6,pca_2,M2,0.1,btc_ret,727,estimated,54.288289050583295,0.26332160891754
core,matched,6,pca_2,M2,0.1,account_ls,727,estimated,0.9934300250251881,0.6190933855221601
core,matched,6,pca_2,M2,0.5,e_origin,727,estimated,0.37914957482624356,2.8161777948835556
core,matched,6,pca_2,M2,0.5,downside,727,estimated,27255.11568169417,0.44162910045533016
core,matched,6,pca_2,M2,0.5,btc_vol,727,estimated,-562.7113149763076,-1.0818757825166732
core,matched,6,pca_2,M2,0.5,btc_ret,727,estimated,9.55514280463842,0.0463465624125653
core,matched,6,pca_2,M2,0.5,account_ls,727,estimated,0.9455460524477276,0.5892526821525608
core,matched,6,pca_2,M2,0.9,e_origin,727,estimated,0.3941833699793175,2.92784306604288
core,matched,6,pca_2,M2,0.9,downside,727,estimated,-23478.9257503798,-0.3804414914210772
core,matched,6,pca_2,M2,0.9,btc_vol,727,estimated,-13.664502668211137,-0.02627154301579048
core,matched,6,pca_2,M2,0.9,btc_ret,727,estimated,57.985908632043945,0.2812566581589704
core,matched,6,pca_2,M2,0.9,account_ls,727,estimated,0.11191189666855406,0.0697421189650319
core,matched,6,conditional_linear,M0,0.1,e_origin,727,estimated,0.46547740931662185,5.384023204951069
core,matched,6,conditional_linear,M0,0.1,downside,727,estimated,-126277.4117717041,-2.0461399034171515
core,matched,6,conditional_linear,M0,0.5,e_origin,727,estimated,0.399495603322973,4.620833483035386
core,matched,6,conditional_linear,M0,0.5,downside,727,estimated,-35575.28336690741,-0.5764451919873191
core,matched,6,conditional_linear,M0,0.9,e_origin,727,estimated,0.49747061539973575,5.754078035764779
core,matched,6,conditional_linear,M0,0.9,downside,727,estimated,31954.57889023323,0.5177769962723336
core,matched,6,conditional_linear,M1,0.1,e_origin,727,estimated,0.48056968560778296,5.558590572004262
core,matched,6,conditional_linear,M1,0.1,downside,727,estimated,-56115.96202359225,-0.9092767067692021
core,matched,6,conditional_linear,M1,0.1,btc_vol,727,estimated,-939.4062354390503,-1.8061141281821496
core,matched,6,conditional_linear,M1,0.1,btc_ret,727,estimated,-204.4229022468359,-0.9915392151901214
core,matched,6,conditional_linear,M1,0.5,e_origin,727,estimated,0.40056809990829007,4.633238696235862
core,matched,6,conditional_linear,M1,0.5,downside,727,estimated,-30486.460089242497,-0.4939882883829531
core,matched,6,conditional_linear,M1,0.5,btc_vol,727,estimated,-67.59102087286256,-0.12995133854915966
core,matched,6,conditional_linear,M1,0.5,btc_ret,727,estimated,4.151208041593802,0.020135148842974362
core,matched,6,conditional_linear,M1,0.9,e_origin,727,estimated,0.49119242103600436,5.681460238503365
core,matched,6,conditional_linear,M1,0.9,downside,727,estimated,-86654.01311867258,-1.4041009515929879
core,matched,6,conditional_linear,M1,0.9,btc_vol,727,estimated,1157.1763670909766,2.224801695535591
core,matched,6,conditional_linear,M1,0.9,btc_ret,727,estimated,-27.575441801468266,-0.13375278220702358
core,matched,6,conditional_linear,M2,0.1,e_origin,727,estimated,0.4525746969858353,5.234781799878905
core,matched,6,conditional_linear,M2,0.1,downside,727,estimated,-77981.52566349613,-1.2635760358938724
core,matched,6,conditional_linear,M2,0.1,btc_vol,727,estimated,-995.8198354099846,-1.9145756180949778
core,matched,6,conditional_linear,M2,0.1,btc_ret,727,estimated,-192.498420459101,-0.9337003371416979
core,matched,6,conditional_linear,M2,0.1,account_ls,727,estimated,0.6077521247550881,0.3787436568200905
core,matched,6,conditional_linear,M2,0.5,e_origin,727,estimated,0.3985729351685491,4.61016128572901
core,matched,6,conditional_linear,M2,0.5,downside,727,estimated,-16811.51053629098,-0.27240582509888617
core,matched,6,conditional_linear,M2,0.5,btc_vol,727,estimated,-310.1026758274848,-0.5962072667500918
core,matched,6,conditional_linear,M2,0.5,btc_ret,727,estimated,-14.991773949097196,-0.072716567529437
core,matched,6,conditional_linear,M2,0.5,account_ls,727,estimated,0.5796173368781612,0.36121040270163063
core,matched,6,conditional_linear,M2,0.9,e_origin,727,estimated,0.4954756003280646,5.731002356418978
core,matched,6,conditional_linear,M2,0.9,downside,727,estimated,-80721.81896797089,-1.3079784622556792
core,matched,6,conditional_linear,M2,0.9,btc_vol,727,estimated,1150.693541240175,2.2123377338138503
core,matched,6,conditional_linear,M2,0.9,btc_ret,727,estimated,-26.224246032533845,-0.12719890014404556
core,matched,6,conditional_linear,M2,0.9,account_ls,727,estimated,-0.24356940207921007,-0.15178945868784582
core,matched,6,ae_relu_1,M0,0.1,e_origin,727,estimated,0.6317146336009266,31.98831969874995
core,matched,6,ae_relu_1,M0,0.1,downside,727,estimated,-52023.2551857448,-0.8429604063603243
core,matched,6,ae_relu_1,M0,0.5,e_origin,727,estimated,0.7915983631937737,40.084399138434755
core,matched,6,ae_relu_1,M0,0.5,downside,727,estimated,1372.289704227001,0.02223593818935536
core,matched,6,ae_relu_1,M0,0.9,e_origin,727,estimated,1.0096659596893895,51.126752159255346
core,matched,6,ae_relu_1,M0,0.9,downside,727,estimated,81865.7454794395,1.3265141104674458
core,matched,6,ae_relu_1,M1,0.1,e_origin,727,estimated,0.6312717222268219,31.965891865232287
core,matched,6,ae_relu_1,M1,0.1,downside,727,estimated,-64583.17299305127,-1.046475418654297
core,matched,6,ae_relu_1,M1,0.1,btc_vol,727,estimated,149.19988427251766,0.28685355572692434
core,matched,6,ae_relu_1,M1,0.1,btc_ret,727,estimated,91.06756613685292,0.4417169605956285
core,matched,6,ae_relu_1,M1,0.5,e_origin,727,estimated,0.7981267105277233,40.41497698247246
core,matched,6,ae_relu_1,M1,0.5,downside,727,estimated,-28090.669476911084,-0.4551680219287592
core,matched,6,ae_relu_1,M1,0.5,btc_vol,727,estimated,191.37344222166107,0.3679369634946584
core,matched,6,ae_relu_1,M1,0.5,btc_ret,727,estimated,65.5024261259645,0.31771500883772935
core,matched,6,ae_relu_1,M1,0.9,e_origin,727,estimated,1.0114321083936957,51.2161851506471
core,matched,6,ae_relu_1,M1,0.9,downside,727,estimated,35675.896127199696,0.5780754739256216
core,matched,6,ae_relu_1,M1,0.9,btc_vol,727,estimated,566.3055983346247,1.088786196466728
core,matched,6,ae_relu_1,M1,0.9,btc_ret,727,estimated,162.3963868445666,0.7876924952720911
core,matched,6,ae_relu_1,M2,0.1,e_origin,727,estimated,0.6309868005534722,31.951464202658983
core,matched,6,ae_relu_1,M2,0.1,downside,727,estimated,-64995.26786311205,-1.053152810483877
core,matched,6,ae_relu_1,M2,0.1,btc_vol,727,estimated,151.04312877369682,0.2903974005617607
core,matched,6,ae_relu_1,M2,0.1,btc_ret,727,estimated,79.03161758912948,0.3833374207010808
core,matched,6,ae_relu_1,M2,0.1,account_ls,727,estimated,0.14288247641820825,0.08904260373577488
core,matched,6,ae_relu_1,M2,0.5,e_origin,727,estimated,0.7956917422432531,40.291676777289695
core,matched,6,ae_relu_1,M2,0.5,downside,727,estimated,-18821.087669428845,-0.3049680696319136
core,matched,6,ae_relu_1,M2,0.5,btc_vol,727,estimated,170.45949960376254,0.3277275569427386
core,matched,6,ae_relu_1,M2,0.5,btc_ret,727,estimated,65.03464026688303,0.3154460457299137
core,matched,6,ae_relu_1,M2,0.5,account_ls,727,estimated,-0.15522940070612715,-0.0967370552478476
core,matched,6,ae_relu_1,M2,0.9,e_origin,727,estimated,1.0133208051085998,51.31182364169478
core,matched,6,ae_relu_1,M2,0.9,downside,727,estimated,58377.74425157349,0.9459255642693776
core,matched,6,ae_relu_1,M2,0.9,btc_vol,727,estimated,633.9881479987788,1.2189135094099792
core,matched,6,ae_relu_1,M2,0.9,btc_ret,727,estimated,47.97712164751778,0.23270972588002714
core,matched,6,ae_relu_1,M2,0.9,account_ls,727,estimated,-0.8402024878517272,-0.5236038670313783
core,matched,6,ae_relu_2,M0,0.1,e_origin,727,estimated,0.6012229674416145,35.66487441024049
core,matched,6,ae_relu_2,M0,0.1,downside,727,estimated,-38080.67898441287,-0.617041446494755
core,matched,6,ae_relu_2,M0,0.5,e_origin,727,estimated,0.8156739518305955,48.386223792370004
core,matched,6,ae_relu_2,M0,0.5,downside,727,estimated,10431.304366397995,0.16902395930765496
core,matched,6,ae_relu_2,M0,0.9,e_origin,727,estimated,1.0607541888529406,62.924517149705416
core,matched,6,ae_relu_2,M0,0.9,downside,727,estimated,40000.21062034958,0.6481446360601417
core,matched,6,ae_relu_2,M1,0.1,e_origin,727,estimated,0.5999539449339651,35.589595302804405
core,matched,6,ae_relu_2,M1,0.1,downside,727,estimated,-75126.32706568444,-1.2173117380974847
core,matched,6,ae_relu_2,M1,0.1,btc_vol,727,estimated,713.91093031458,1.3725740460964642
core,matched,6,ae_relu_2,M1,0.1,btc_ret,727,estimated,121.06014056078787,0.5871938781962349
core,matched,6,ae_relu_2,M1,0.5,e_origin,727,estimated,0.8165442319390409,48.43784928316174
core,matched,6,ae_relu_2,M1,0.5,downside,727,estimated,9228.450007583771,0.14953347191931166
core,matched,6,ae_relu_2,M1,0.5,btc_vol,727,estimated,42.38891167850051,0.08149744952994016
core,matched,6,ae_relu_2,M1,0.5,btc_ret,727,estimated,76.14880462446729,0.36935453486439707
core,matched,6,ae_relu_2,M1,0.9,e_origin,727,estimated,1.0585856497177133,62.79587822521343
core,matched,6,ae_relu_2,M1,0.9,downside,727,estimated,4975.118967830928,0.08061449234270315
core,matched,6,ae_relu_2,M1,0.9,btc_vol,727,estimated,273.69757142454114,0.5262143596140515
core,matched,6,ae_relu_2,M1,0.9,btc_ret,727,estimated,241.95427288157072,1.1735825448520774
core,matched,6,ae_relu_2,M2,0.1,e_origin,727,estimated,0.6002214524656336,35.605463995514775
core,matched,6,ae_relu_2,M2,0.1,downside,727,estimated,-75247.35728745398,-1.219272854997234
core,matched,6,ae_relu_2,M2,0.1,btc_vol,727,estimated,611.3422318805709,1.1753741890353309
core,matched,6,ae_relu_2,M2,0.1,btc_ret,727,estimated,75.83943341906172,0.3678539511292153
core,matched,6,ae_relu_2,M2,0.1,account_ls,727,estimated,0.22656524946069764,0.14119267970256857
core,matched,6,ae_relu_2,M2,0.5,e_origin,727,estimated,0.8166623025148478,48.44485329412895
core,matched,6,ae_relu_2,M2,0.5,downside,727,estimated,8500.254836080352,0.13773413918843036
core,matched,6,ae_relu_2,M2,0.5,btc_vol,727,estimated,59.66401079793047,0.11471077025137133
core,matched,6,ae_relu_2,M2,0.5,btc_ret,727,estimated,75.58225242029421,0.36660651239863784
core,matched,6,ae_relu_2,M2,0.5,account_ls,727,estimated,-0.06827789685987821,-0.042549946406384404
core,matched,6,ae_relu_2,M2,0.9,e_origin,727,estimated,1.0583252218326133,62.78042950099962
core,matched,6,ae_relu_2,M2,0.9,downside,727,estimated,4293.614178445645,0.06957170864634302
core,matched,6,ae_relu_2,M2,0.9,btc_vol,727,estimated,160.1439827094347,0.3078948156860877
core,matched,6,ae_relu_2,M2,0.9,btc_ret,727,estimated,257.70687038145167,1.249989434640668
core,matched,6,ae_relu_2,M2,0.9,account_ls,727,estimated,0.7803731610256082,0.48631896566416355
core,matched,6,ae_tanh_1,M0,0.1,e_origin,727,estimated,0.5672050208128231,34.66056924453165
core,matched,6,ae_tanh_1,M0,0.1,downside,727,estimated,-16527.52250102102,-0.26780421628456047
core,matched,6,ae_tanh_1,M0,0.5,e_origin,727,estimated,0.8035470438904723,49.10287626878281
core,matched,6,ae_tanh_1,M0,0.5,downside,727,estimated,34590.50032598505,0.5604882298674221
core,matched,6,ae_tanh_1,M0,0.9,e_origin,727,estimated,1.0278570407261758,62.80993437349275
core,matched,6,ae_tanh_1,M0,0.9,downside,727,estimated,84033.9936209769,1.3616473855374998
core,matched,6,ae_tanh_1,M1,0.1,e_origin,727,estimated,0.5699698254139139,34.8295199727646
core,matched,6,ae_tanh_1,M1,0.1,downside,727,estimated,-36021.039630931904,-0.5836680172434118
core,matched,6,ae_tanh_1,M1,0.1,btc_vol,727,estimated,351.3381443586118,0.675487092119221
core,matched,6,ae_tanh_1,M1,0.1,btc_ret,727,estimated,-53.378365111029105,-0.25890808548649674
core,matched,6,ae_tanh_1,M1,0.5,e_origin,727,estimated,0.8042188403899958,49.14392817811993
core,matched,6,ae_tanh_1,M1,0.5,downside,727,estimated,20494.86493530356,0.3320891707464213
core,matched,6,ae_tanh_1,M1,0.5,btc_vol,727,estimated,187.05114217580058,0.35962685559397745
core,matched,6,ae_tanh_1,M1,0.5,btc_ret,727,estimated,-5.792092983192478,-0.0280941482962033
core,matched,6,ae_tanh_1,M1,0.9,e_origin,727,estimated,1.0210170607386888,62.391959229958644
core,matched,6,ae_tanh_1,M1,0.9,downside,727,estimated,79983.44476196924,1.296014193228014
core,matched,6,ae_tanh_1,M1,0.9,btc_vol,727,estimated,151.77948624998123,0.29181313061670144
core,matched,6,ae_tanh_1,M1,0.9,btc_ret,727,estimated,142.0774871788921,0.6891370711655364
core,matched,6,ae_tanh_1,M2,0.1,e_origin,727,estimated,0.5620138519474679,34.34334908371598
core,matched,6,ae_tanh_1,M2,0.1,downside,727,estimated,-75725.4373078859,-1.227019439228789
core,matched,6,ae_tanh_1,M2,0.1,btc_vol,727,estimated,569.084036283352,1.094128055871279
core,matched,6,ae_tanh_1,M2,0.1,btc_ret,727,estimated,17.516599058626028,0.08496305791812964
core,matched,6,ae_tanh_1,M2,0.1,account_ls,727,estimated,2.8100679906819344,1.7511998450566493
core,matched,6,ae_tanh_1,M2,0.5,e_origin,727,estimated,0.799846339591869,48.87673490386425
core,matched,6,ae_tanh_1,M2,0.5,downside,727,estimated,14054.881569122246,0.2277387033270456
core,matched,6,ae_tanh_1,M2,0.5,btc_vol,727,estimated,287.8455931224176,0.5534155223383116
core,matched,6,ae_tanh_1,M2,0.5,btc_ret,727,estimated,22.583043493226626,0.10953749788191795
core,matched,6,ae_tanh_1,M2,0.5,account_ls,727,estimated,0.26457596526228344,0.16488049076014938
core,matched,6,ae_tanh_1,M2,0.9,e_origin,727,estimated,1.029571665939789,62.914711101067724
core,matched,6,ae_tanh_1,M2,0.9,downside,727,estimated,70219.21407712123,1.1377991827195826
core,matched,6,ae_tanh_1,M2,0.9,btc_vol,727,estimated,437.02889634567293,0.8402371991334139
core,matched,6,ae_tanh_1,M2,0.9,btc_ret,727,estimated,53.77801117618794,0.26084654121452927
core,matched,6,ae_tanh_1,M2,0.9,account_ls,727,estimated,-2.038213625997647,-1.2701896886036714
core,matched,6,ae_tanh_2,M0,0.1,e_origin,727,estimated,0.5643865614812141,34.37827721294491
core,matched,6,ae_tanh_2,M0,0.1,downside,727,estimated,-21467.14135010679,-0.3478434813675235
core,matched,6,ae_tanh_2,M0,0.5,e_origin,727,estimated,0.8049610611976619,49.032305862939374
core,matched,6,ae_tanh_2,M0,0.5,downside,727,estimated,54691.518935966145,0.8861956996370017
core,matched,6,ae_tanh_2,M0,0.9,e_origin,727,estimated,1.031504052241874,62.8316382324555
core,matched,6,ae_tanh_2,M0,0.9,downside,727,estimated,80163.15112629278,1.2989260707980517
core,matched,6,ae_tanh_2,M1,0.1,e_origin,727,estimated,0.5656646306793537,34.45612778592038
core,matched,6,ae_tanh_2,M1,0.1,downside,727,estimated,-81470.4412731722,-1.3201087866721302
core,matched,6,ae_tanh_2,M1,0.1,btc_vol,727,estimated,822.5296608853133,1.5814057702943818
core,matched,6,ae_tanh_2,M1,0.1,btc_ret,727,estimated,-26.420940968475477,-0.1281529553906536
core,matched,6,ae_tanh_2,M1,0.5,e_origin,727,estimated,0.8047342407739753,49.01848963141432
core,matched,6,ae_tanh_2,M1,0.5,downside,727,estimated,4959.649721447785,0.08036383593585848
core,matched,6,ae_tanh_2,M1,0.5,btc_vol,727,estimated,556.1696787289893,1.0692987511941292
core,matched,6,ae_tanh_2,M1,0.5,btc_ret,727,estimated,-21.55755675331822,-0.10456344504292205
core,matched,6,ae_tanh_2,M1,0.9,e_origin,727,estimated,1.0297158208306418,62.72271233065002
core,matched,6,ae_tanh_2,M1,0.9,downside,727,estimated,9375.896824486623,0.15192263092616715
core,matched,6,ae_tanh_2,M1,0.9,btc_vol,727,estimated,531.5072846354504,1.021882525149687
core,matched,6,ae_tanh_2,M1,0.9,btc_ret,727,estimated,61.70629682539592,0.29930214498502344
core,matched,6,ae_tanh_2,M2,0.1,e_origin,727,estimated,0.5544437202144377,33.772632471056546
core,matched,6,ae_tanh_2,M2,0.1,downside,727,estimated,-133156.6378498015,-2.157607653551836
core,matched,6,ae_tanh_2,M2,0.1,btc_vol,727,estimated,1332.336635252525,2.5615670086537117
core,matched,6,ae_tanh_2,M2,0.1,btc_ret,727,estimated,31.961472167547182,0.15502692057010536
core,matched,6,ae_tanh_2,M2,0.1,account_ls,727,estimated,2.2436439238278427,1.3982113261309819
core,matched,6,ae_tanh_2,M2,0.5,e_origin,727,estimated,0.8047429351587183,49.0190192293695
core,matched,6,ae_tanh_2,M2,0.5,downside,727,estimated,9168.767840468328,0.14856641009927612
core,matched,6,ae_tanh_2,M2,0.5,btc_vol,727,estimated,517.3731603792598,0.9947080818198991
core,matched,6,ae_tanh_2,M2,0.5,btc_ret,727,estimated,-21.11738156585626,-0.10242840559712066
core,matched,6,ae_tanh_2,M2,0.5,account_ls,727,estimated,-0.0952395122234066,-0.05935209382902734
core,matched,6,ae_tanh_2,M2,0.9,e_origin,727,estimated,1.034744738579299,63.029037002858196
core,matched,6,ae_tanh_2,M2,0.9,downside,727,estimated,70819.64275034665,1.1475282470883033
core,matched,6,ae_tanh_2,M2,0.9,btc_vol,727,estimated,504.8437064573431,0.9706187976603101
core,matched,6,ae_tanh_2,M2,0.9,btc_ret,727,estimated,-14.775389622013778,-0.07166701024648313
core,matched,6,ae_tanh_2,M2,0.9,account_ls,727,estimated,-2.5664232116090453,-1.5993634123524847
core,matched,6,conditional_neural,M0,0.1,e_origin,727,estimated,0.25481376920747295,2.428528406719452
core,matched,6,conditional_neural,M0,0.1,downside,727,estimated,-40493.932955189484,-0.6561446810115744
core,matched,6,conditional_neural,M0,0.5,e_origin,727,estimated,0.22306175587886068,2.1259126313675125
core,matched,6,conditional_neural,M0,0.5,downside,727,estimated,-57599.290240438604,-0.9333118608935286
core,matched,6,conditional_neural,M0,0.9,e_origin,727,estimated,0.21677418232995746,2.0659882755513377
core,matched,6,conditional_neural,M0,0.9,downside,727,estimated,16693.535013474047,0.27049420510703326
core,matched,6,conditional_neural,M1,0.1,e_origin,727,estimated,0.2675567163165138,2.549976353335053
core,matched,6,conditional_neural,M1,0.1,downside,727,estimated,100414.16343220728,1.627063968006746
core,matched,6,conditional_neural,M1,0.1,btc_vol,727,estimated,-1616.84753592837,-3.108571209761989
core,matched,6,conditional_neural,M1,0.1,btc_ret,727,estimated,-159.1570788987024,-0.7719804550696532
core,matched,6,conditional_neural,M1,0.5,e_origin,727,estimated,0.21968047063898322,2.0936869503071707
core,matched,6,conditional_neural,M1,0.5,downside,727,estimated,-34306.513164753684,-0.5558866352156075
core,matched,6,conditional_neural,M1,0.5,btc_vol,727,estimated,-273.7368926843933,-0.5262899591579737
core,matched,6,conditional_neural,M1,0.5,btc_ret,727,estimated,21.10028248533147,0.10234546768410956
core,matched,6,conditional_neural,M1,0.9,e_origin,727,estimated,0.22202628760109172,2.1160439961888096
core,matched,6,conditional_neural,M1,0.9,downside,727,estimated,-118785.15423650581,-1.9247388793198061
core,matched,6,conditional_neural,M1,0.9,btc_vol,727,estimated,1235.570268056603,2.375522785896628
core,matched,6,conditional_neural,M1,0.9,btc_ret,727,estimated,-123.53974022267248,-0.5992210056643795
core,matched,6,conditional_neural,M2,0.1,e_origin,727,estimated,0.2825764195737498,2.6931231547584686
core,matched,6,conditional_neural,M2,0.1,downside,727,estimated,87933.75125754734,1.4248372276627765
core,matched,6,conditional_neural,M2,0.1,btc_vol,727,estimated,-1634.2801778873027,-3.142087424308781
core,matched,6,conditional_neural,M2,0.1,btc_ret,727,estimated,-73.0070352110492,-0.3541155985991865
core,matched,6,conditional_neural,M2,0.1,account_ls,727,estimated,1.6675787856101256,1.0392146099893944
core,matched,6,conditional_neural,M2,0.5,e_origin,727,estimated,0.20523409892784134,1.956004343187259
core,matched,6,conditional_neural,M2,0.5,downside,727,estimated,-34680.42580204087,-0.5619453400687638
core,matched,6,conditional_neural,M2,0.5,btc_vol,727,estimated,-355.55073148510655,-0.683586264594699
core,matched,6,conditional_neural,M2,0.5,btc_ret,727,estimated,30.429558605519322,0.14759647929206252
core,matched,6,conditional_neural,M2,0.5,account_ls,727,estimated,0.6245951959656374,0.3892400518510997
core,matched,6,conditional_neural,M2,0.9,e_origin,727,estimated,0.21547784452780558,2.05363339697856
core,matched,6,conditional_neural,M2,0.9,downside,727,estimated,-222675.13497317734,-3.608123359315742
core,matched,6,conditional_neural,M2,0.9,btc_vol,727,estimated,1559.4713963435865,2.9982591291995306
core,matched,6,conditional_neural,M2,0.9,btc_ret,727,estimated,-42.71920845734835,-0.20720657989776683
core,matched,6,conditional_neural,M2,0.9,account_ls,727,estimated,1.7294617862895352,1.077779335668905
core,matched,6,pca_selected,M0,0.1,e_origin,727,estimated,0.4477867938149238,3.32598876356805
core,matched,6,pca_selected,M0,0.1,downside,727,estimated,-28654.993618600274,-0.46431206541659564
core,matched,6,pca_selected,M0,0.5,e_origin,727,estimated,0.37260038194706263,2.7675328990816515
core,matched,6,pca_selected,M0,0.5,downside,727,estimated,-16330.742436160359,-0.2646156844857274
core,matched,6,pca_selected,M0,0.9,e_origin,727,estimated,0.38096311194173915,2.8296480538366255
core,matched,6,pca_selected,M0,0.9,downside,727,estimated,-19164.40537302417,-0.3105310285413497
core,matched,6,pca_selected,M1,0.1,e_origin,727,estimated,0.45576547258937067,3.3852513329838354
core,matched,6,pca_selected,M1,0.1,downside,727,estimated,-2125.3481286232427,-0.03443814339884533
core,matched,6,pca_selected,M1,0.1,btc_vol,727,estimated,-254.4035790944885,-0.48911948966137375
core,matched,6,pca_selected,M1,0.1,btc_ret,727,estimated,41.761415013115005,0.20256086872954046
core,matched,6,pca_selected,M1,0.5,e_origin,727,estimated,0.3683247228467532,2.7357749412300536
core,matched,6,pca_selected,M1,0.5,downside,727,estimated,21308.928074654672,0.34527986772030866
core,matched,6,pca_selected,M1,0.5,btc_vol,727,estimated,-425.3716347696149,-0.8178248028407779
core,matched,6,pca_selected,M1,0.5,btc_ret,727,estimated,15.158110027528958,0.07352336922755047
core,matched,6,pca_selected,M1,0.9,e_origin,727,estimated,0.3934425234358804,2.9223403417262297
core,matched,6,pca_selected,M1,0.9,downside,727,estimated,-21167.093423694994,-0.3429816456159428
core,matched,6,pca_selected,M1,0.9,btc_vol,727,estimated,-20.357102527411744,-0.03913881885873047
core,matched,6,pca_selected,M1,0.9,btc_ret,727,estimated,58.266055878405865,0.28261549309254336
core,matched,6,pca_selected,M2,0.1,e_origin,727,estimated,0.43982273309047365,3.2668347714276678
core,matched,6,pca_selected,M2,0.1,downside,727,estimated,-40443.958710687664,-0.6553349218124932
core,matched,6,pca_selected,M2,0.1,btc_vol,727,estimated,-137.5844526722206,-0.26452158226666195
core,matched,6,pca_selected,M2,0.1,btc_ret,727,estimated,54.288289050583295,0.26332160891754
core,matched,6,pca_selected,M2,0.1,account_ls,727,estimated,0.9934300250251881,0.6190933855221601
core,matched,6,pca_selected,M2,0.5,e_origin,727,estimated,0.37914957482624356,2.8161777948835556
core,matched,6,pca_selected,M2,0.5,downside,727,estimated,27255.11568169417,0.44162910045533016
core,matched,6,pca_selected,M2,0.5,btc_vol,727,estimated,-562.7113149763076,-1.0818757825166732
core,matched,6,pca_selected,M2,0.5,btc_ret,727,estimated,9.55514280463842,0.0463465624125653
core,matched,6,pca_selected,M2,0.5,account_ls,727,estimated,0.9455460524477276,0.5892526821525608
core,matched,6,pca_selected,M2,0.9,e_origin,727,estimated,0.3941833699793175,2.92784306604288
core,matched,6,pca_selected,M2,0.9,downside,727,estimated,-23478.9257503798,-0.3804414914210772
core,matched,6,pca_selected,M2,0.9,btc_vol,727,estimated,-13.664502668211137,-0.02627154301579048
core,matched,6,pca_selected,M2,0.9,btc_ret,727,estimated,57.985908632043945,0.2812566581589704
core,matched,6,pca_selected,M2,0.9,account_ls,727,estimated,0.11191189666855406,0.0697421189650319
core,matched,6,ae_selected,M0,0.1,e_origin,727,estimated,0.6305710259893178,31.885789411326126
core,matched,6,ae_selected,M0,0.1,downside,727,estimated,-13409.62593169914,-0.21728328387306425
core,matched,6,ae_selected,M0,0.5,e_origin,727,estimated,0.8262631008447127,41.78125880514235
core,matched,6,ae_selected,M0,0.5,downside,727,estimated,-735.0789253406306,-0.011910873846699243
core,matched,6,ae_selected,M0,0.9,e_origin,727,estimated,1.0207401139369088,51.6152867404927
core,matched,6,ae_selected,M0,0.9,downside,727,estimated,46613.21221634817,0.7552986096575482
core,matched,6,ae_selected,M1,0.1,e_origin,727,estimated,0.6320824384664481,31.962216297391524
core,matched,6,ae_selected,M1,0.1,downside,727,estimated,-113810.23882464887,-1.8441276853025526
core,matched,6,ae_selected,M1,0.1,btc_vol,727,estimated,768.6642661302443,1.4778434914664478
core,matched,6,ae_selected,M1,0.1,btc_ret,727,estimated,68.0716890152647,0.33017704161817457
core,matched,6,ae_selected,M1,0.5,e_origin,727,estimated,0.8160534053120775,41.26498991822893
core,matched,6,ae_selected,M1,0.5,downside,727,estimated,8190.3463983089205,0.13271252833948288
core,matched,6,ae_selected,M1,0.5,btc_vol,727,estimated,41.491954567993,0.07977294861803817
core,matched,6,ae_selected,M1,0.5,btc_ret,727,estimated,76.93956551214052,0.3731900661152929
core,matched,6,ae_selected,M1,0.9,e_origin,727,estimated,1.00998954425883,51.07166772426975
core,matched,6,ae_selected,M1,0.9,downside,727,estimated,-67680.63254038608,-1.0966651991550276
core,matched,6,ae_selected,M1,0.9,btc_vol,727,estimated,841.4914913360534,1.6178620216809505
core,matched,6,ae_selected,M1,0.9,btc_ret,727,estimated,214.8279808802504,1.04200833283189
core,matched,6,ae_selected,M2,0.1,e_origin,727,estimated,0.6294054957604612,31.82685259073316
core,matched,6,ae_selected,M2,0.1,downside,727,estimated,-115445.15872671192,-1.8706191599342148
core,matched,6,ae_selected,M2,0.1,btc_vol,727,estimated,756.4195946654672,1.4543017336058064
core,matched,6,ae_selected,M2,0.1,btc_ret,727,estimated,102.38002136944162,0.4965872459692821
core,matched,6,ae_selected,M2,0.1,account_ls,727,estimated,0.3508159713422842,0.2186242029357157
core,matched,6,ae_selected,M2,0.5,e_origin,727,estimated,0.8021452451080933,40.56170250240221
core,matched,6,ae_selected,M2,0.5,downside,727,estimated,8146.16234485342,0.13199659067809447
core,matched,6,ae_selected,M2,0.5,btc_vol,727,estimated,90.10508632570627,0.1732371611924318
core,matched,6,ae_selected,M2,0.5,btc_ret,727,estimated,73.77950577728843,0.35786241390504436
core,matched,6,ae_selected,M2,0.5,account_ls,727,estimated,-0.6142704451060556,-0.38280579397353126
core,matched,6,ae_selected,M2,0.9,e_origin,727,estimated,1.0095731790499847,51.05061357997789
core,matched,6,ae_selected,M2,0.9,downside,727,estimated,-64979.341814470565,-1.0528947522676695
core,matched,6,ae_selected,M2,0.9,btc_vol,727,estimated,706.9088418230692,1.3591117435544882
core,matched,6,ae_selected,M2,0.9,btc_ret,727,estimated,199.53766681537743,0.9678437170219251
core,matched,6,ae_selected,M2,0.9,account_ls,727,estimated,1.130712369328079,0.7046460557313584
core,matched,6,ae_reconstruction_selected,M0,0.1,e_origin,727,estimated,0.6305710259893178,31.885789411326126
core,matched,6,ae_reconstruction_selected,M0,0.1,downside,727,estimated,-13409.62593169914,-0.21728328387306425
core,matched,6,ae_reconstruction_selected,M0,0.5,e_origin,727,estimated,0.8262631008447127,41.78125880514235
core,matched,6,ae_reconstruction_selected,M0,0.5,downside,727,estimated,-735.0789253406306,-0.011910873846699243
core,matched,6,ae_reconstruction_selected,M0,0.9,e_origin,727,estimated,1.0207401139369088,51.6152867404927
core,matched,6,ae_reconstruction_selected,M0,0.9,downside,727,estimated,46613.21221634817,0.7552986096575482
core,matched,6,ae_reconstruction_selected,M1,0.1,e_origin,727,estimated,0.6320824384664481,31.962216297391524
core,matched,6,ae_reconstruction_selected,M1,0.1,downside,727,estimated,-113810.23882464887,-1.8441276853025526
core,matched,6,ae_reconstruction_selected,M1,0.1,btc_vol,727,estimated,768.6642661302443,1.4778434914664478
core,matched,6,ae_reconstruction_selected,M1,0.1,btc_ret,727,estimated,68.0716890152647,0.33017704161817457
core,matched,6,ae_reconstruction_selected,M1,0.5,e_origin,727,estimated,0.8160534053120775,41.26498991822893
core,matched,6,ae_reconstruction_selected,M1,0.5,downside,727,estimated,8190.3463983089205,0.13271252833948288
core,matched,6,ae_reconstruction_selected,M1,0.5,btc_vol,727,estimated,41.491954567993,0.07977294861803817
core,matched,6,ae_reconstruction_selected,M1,0.5,btc_ret,727,estimated,76.93956551214052,0.3731900661152929
core,matched,6,ae_reconstruction_selected,M1,0.9,e_origin,727,estimated,1.00998954425883,51.07166772426975
core,matched,6,ae_reconstruction_selected,M1,0.9,downside,727,estimated,-67680.63254038608,-1.0966651991550276
core,matched,6,ae_reconstruction_selected,M1,0.9,btc_vol,727,estimated,841.4914913360534,1.6178620216809505
core,matched,6,ae_reconstruction_selected,M1,0.9,btc_ret,727,estimated,214.8279808802504,1.04200833283189
core,matched,6,ae_reconstruction_selected,M2,0.1,e_origin,727,estimated,0.6294054957604612,31.82685259073316
core,matched,6,ae_reconstruction_selected,M2,0.1,downside,727,estimated,-115445.15872671192,-1.8706191599342148
core,matched,6,ae_reconstruction_selected,M2,0.1,btc_vol,727,estimated,756.4195946654672,1.4543017336058064
core,matched,6,ae_reconstruction_selected,M2,0.1,btc_ret,727,estimated,102.38002136944162,0.4965872459692821
core,matched,6,ae_reconstruction_selected,M2,0.1,account_ls,727,estimated,0.3508159713422842,0.2186242029357157
core,matched,6,ae_reconstruction_selected,M2,0.5,e_origin,727,estimated,0.8021452451080933,40.56170250240221
core,matched,6,ae_reconstruction_selected,M2,0.5,downside,727,estimated,8146.16234485342,0.13199659067809447
core,matched,6,ae_reconstruction_selected,M2,0.5,btc_vol,727,estimated,90.10508632570627,0.1732371611924318
core,matched,6,ae_reconstruction_selected,M2,0.5,btc_ret,727,estimated,73.77950577728843,0.35786241390504436
core,matched,6,ae_reconstruction_selected,M2,0.5,account_ls,727,estimated,-0.6142704451060556,-0.38280579397353126
core,matched,6,ae_reconstruction_selected,M2,0.9,e_origin,727,estimated,1.0095731790499847,51.05061357997789
core,matched,6,ae_reconstruction_selected,M2,0.9,downside,727,estimated,-64979.341814470565,-1.0528947522676695
core,matched,6,ae_reconstruction_selected,M2,0.9,btc_vol,727,estimated,706.9088418230692,1.3591117435544882
core,matched,6,ae_reconstruction_selected,M2,0.9,btc_ret,727,estimated,199.53766681537743,0.9678437170219251
core,matched,6,ae_reconstruction_selected,M2,0.9,account_ls,727,estimated,1.130712369328079,0.7046460557313584
core,all,12,sequential_ols,M0,0.1,e_origin,1343,estimated,0.2618130193762972,2.5736679239609277
core,all,12,sequential_ols,M0,0.1,downside,1343,estimated,-65577.6170789116,-0.9850440711162366
core,all,12,sequential_ols,M0,0.5,e_origin,1343,estimated,0.24699659934114668,2.4280199149992647
core,all,12,sequential_ols,M0,0.5,downside,1343,estimated,-18460.62582048731,-0.27729781629125555
core,all,12,sequential_ols,M0,0.9,e_origin,1343,estimated,0.1943492027698376,1.9104867680288982
core,all,12,sequential_ols,M0,0.9,downside,1343,estimated,52649.2589885084,0.7908466749087032
core,all,12,sequential_ols,M1,0.1,e_origin,1343,estimated,0.25854556845481574,2.541548308023697
core,all,12,sequential_ols,M1,0.1,downside,1343,estimated,93153.54540043765,1.39926321948753
core,all,12,sequential_ols,M1,0.1,btc_vol,1343,estimated,-1688.9635976872976,-3.1582164341198387
core,all,12,sequential_ols,M1,0.1,btc_ret,1343,estimated,22.811347243934115,0.13616253649417479
core,all,12,sequential_ols,M1,0.5,e_origin,1343,estimated,0.253564675908495,2.4925852602360044
core,all,12,sequential_ols,M1,0.5,downside,1343,estimated,25070.56865007592,0.3765860381683718
core,all,12,sequential_ols,M1,0.5,btc_vol,1343,estimated,-415.3343249497552,-0.7766394092249959
core,all,12,sequential_ols,M1,0.5,btc_ret,1343,estimated,11.894449363106991,0.07099880503168617
core,all,12,sequential_ols,M1,0.9,e_origin,1343,estimated,0.1957137770984823,1.9239007731378104
core,all,12,sequential_ols,M1,0.9,downside,1343,estimated,-11420.680946239245,-0.17155051609554237
core,all,12,sequential_ols,M1,0.9,btc_vol,1343,estimated,492.23035841761055,0.9204283677018694
core,all,12,sequential_ols,M1,0.9,btc_ret,1343,estimated,-13.84316364953227,-0.08263081770084844
core,all,12,sequential_ols,M2,0.1,e_origin,1343,estimated,0.2680445415372417,2.634924880323452
core,all,12,sequential_ols,M2,0.1,downside,1343,estimated,60239.525317191474,0.9048603762035438
core,all,12,sequential_ols,M2,0.1,btc_vol,1343,estimated,-1532.3126614563794,-2.8652926778576018
core,all,12,sequential_ols,M2,0.1,btc_ret,1343,estimated,21.949281562631665,0.13101680579552286
core,all,12,sequential_ols,M2,0.1,account_ls,1343,estimated,0.831411245797221,0.49991897377224664
core,all,12,sequential_ols,M2,0.5,e_origin,1343,estimated,0.24983378979287055,2.4559099950157783
core,all,12,sequential_ols,M2,0.5,downside,1343,estimated,8374.537684641293,0.1257942734434643
core,all,12,sequential_ols,M2,0.5,btc_vol,1343,estimated,-461.2295862494602,-0.8624595942683142
core,all,12,sequential_ols,M2,0.5,btc_ret,1343,estimated,17.478283219637504,0.10432910214815404
core,all,12,sequential_ols,M2,0.5,account_ls,1343,estimated,0.8131236729943366,0.4889228455930603
core,all,12,sequential_ols,M2,0.9,e_origin,1343,estimated,0.17909645678194377,1.7605495983843849
core,all,12,sequential_ols,M2,0.9,downside,1343,estimated,-47868.45380126901,-0.7190340044485207
core,all,12,sequential_ols,M2,0.9,btc_vol,1343,estimated,257.0765914586488,0.4807110805016509
core,all,12,sequential_ols,M2,0.9,btc_ret,1343,estimated,-57.60934514070016,-0.3438742340048327
core,all,12,sequential_ols,M2,0.9,account_ls,1343,estimated,3.0410739188300875,1.8285662605024189
core,all,12,pca_1,M0,0.1,e_origin,1343,estimated,0.26434809681259175,2.594281287226839
core,all,12,pca_1,M0,0.1,downside,1343,estimated,-63696.84256364462,-0.9567928801170134
core,all,12,pca_1,M0,0.5,e_origin,1343,estimated,0.260065165399903,2.5522490995455644
core,all,12,pca_1,M0,0.5,downside,1343,estimated,-16480.525203767353,-0.24755464385535395
core,all,12,pca_1,M0,0.9,e_origin,1343,estimated,0.200218631377065,1.9649222180855372
core,all,12,pca_1,M0,0.9,downside,1343,estimated,49956.31312791142,0.7503958248781809
core,all,12,pca_1,M1,0.1,e_origin,1343,estimated,0.2749210440705826,2.69804295433537
core,all,12,pca_1,M1,0.1,downside,1343,estimated,72419.61965168135,1.0878180718970032
core,all,12,pca_1,M1,0.1,btc_vol,1343,estimated,-1629.870484540465,-3.047717403034041
core,all,12,pca_1,M1,0.1,btc_ret,1343,estimated,13.88539921949463,0.08288292478925732
core,all,12,pca_1,M1,0.5,e_origin,1343,estimated,0.26244453459839767,2.5755999504179083
core,all,12,pca_1,M1,0.5,downside,1343,estimated,27927.053176809517,0.41949340919876943
core,all,12,pca_1,M1,0.5,btc_vol,1343,estimated,-455.82699024783426,-0.852357205144825
core,all,12,pca_1,M1,0.5,btc_ret,1343,estimated,17.09970707564906,0.10206935451157559
core,all,12,pca_1,M1,0.9,e_origin,1343,estimated,0.19870806362029336,1.9500976828922343
core,all,12,pca_1,M1,0.9,downside,1343,estimated,4430.687837637546,0.06655354341680084
core,all,12,pca_1,M1,0.9,btc_vol,1343,estimated,414.49047573359854,0.7750614838830675
core,all,12,pca_1,M1,0.9,btc_ret,1343,estimated,-6.620759221613137,-0.03951977756911159
core,all,12,pca_1,M2,0.1,e_origin,1343,estimated,0.26894605638749897,2.6394051244264833
core,all,12,pca_1,M2,0.1,downside,1343,estimated,62460.032427332575,0.9382147044201958
core,all,12,pca_1,M2,0.1,btc_vol,1343,estimated,-1543.1610466749046,-2.885578223696318
core,all,12,pca_1,M2,0.1,btc_ret,1343,estimated,24.803118295502635,0.1480515580235523
core,all,12,pca_1,M2,0.1,account_ls,1343,estimated,0.7808444936688926,0.46951370927916203
core,all,12,pca_1,M2,0.5,e_origin,1343,estimated,0.26416284323831446,2.5924632303278696
core,all,12,pca_1,M2,0.5,downside,1343,estimated,10251.271130007071,0.1539847633662462
core,all,12,pca_1,M2,0.5,btc_vol,1343,estimated,-463.25497478026955,-0.8662468963464873
core,all,12,pca_1,M2,0.5,btc_ret,1343,estimated,20.16180481366069,0.12034723133060521
core,all,12,pca_1,M2,0.5,account_ls,1343,estimated,0.8210283223946716,0.49367582943375365
core,all,12,pca_1,M2,0.9,e_origin,1343,estimated,0.19713361722965397,1.9346462502614432
core,all,12,pca_1,M2,0.9,downside,1343,estimated,-42695.79697799671,-0.64133531451973
core,all,12,pca_1,M2,0.9,btc_vol,1343,estimated,162.90412484827695,0.3046166803039604
core,all,12,pca_1,M2,0.9,btc_ret,1343,estimated,-46.345206323247425,-0.2766377969629694
core,all,12,pca_1,M2,0.9,account_ls,1343,estimated,3.062820890908594,1.8416424896478594
core,all,12,pca_2,M0,0.1,e_origin,1343,estimated,0.3583335884968,2.7294120889036844
core,all,12,pca_2,M0,0.1,downside,1343,estimated,-32033.49087789074,-0.4811763780384384
core,all,12,pca_2,M0,0.5,e_origin,1343,estimated,0.33276128893265244,2.53462894322022
core,all,12,pca_2,M0,0.5,downside,1343,estimated,-3740.844432637126,-0.05619137738572036
core,all,12,pca_2,M0,0.9,e_origin,1343,estimated,0.3683532894162993,2.805731735441996
core,all,12,pca_2,M0,0.9,downside,1343,estimated,-7477.223879148697,-0.11231568603203683
core,all,12,pca_2,M1,0.1,e_origin,1343,estimated,0.36723481383376755,2.7972123532961244
core,all,12,pca_2,M1,0.1,downside,1343,estimated,49948.21634939549,0.7502742028365831
core,all,12,pca_2,M1,0.1,btc_vol,1343,estimated,-1050.341576213203,-1.9640482672202837
core,all,12,pca_2,M1,0.1,btc_ret,1343,estimated,-63.11759169539034,-0.3767533451989931
core,all,12,pca_2,M1,0.5,e_origin,1343,estimated,0.3358344835917712,2.558037339539807
core,all,12,pca_2,M1,0.5,downside,1343,estimated,4285.428568163367,0.06437159798261352
core,all,12,pca_2,M1,0.5,btc_vol,1343,estimated,-63.095821067740815,-0.11798375008986878
core,all,12,pca_2,M1,0.5,btc_ret,1343,estimated,-25.86434349186414,-0.15438608587861075
core,all,12,pca_2,M1,0.9,e_origin,1343,estimated,0.36309400123122093,2.7656719553594225
core,all,12,pca_2,M1,0.9,downside,1343,estimated,31291.976149155336,0.47003805493793244
core,all,12,pca_2,M1,0.9,btc_vol,1343,estimated,-337.9787479973981,-0.631991144018875
core,all,12,pca_2,M1,0.9,btc_ret,1343,estimated,67.85681955668703,0.40504212971125453
core,all,12,pca_2,M2,0.1,e_origin,1343,estimated,0.37357834429734793,2.845530761866913
core,all,12,pca_2,M2,0.1,downside,1343,estimated,39150.9479909322,0.5880879927466858
core,all,12,pca_2,M2,0.1,btc_vol,1343,estimated,-1048.4296201442507,-1.9604730740742924
core,all,12,pca_2,M2,0.1,btc_ret,1343,estimated,-50.90297341154753,-0.3038434293553147
core,all,12,pca_2,M2,0.1,account_ls,1343,estimated,1.2187198909396992,0.7328036519522806
core,all,12,pca_2,M2,0.5,e_origin,1343,estimated,0.3369222826464823,2.5663230598449602
core,all,12,pca_2,M2,0.5,downside,1343,estimated,-390.7684074514824,-0.005869748247735585
core,all,12,pca_2,M2,0.5,btc_vol,1343,estimated,-142.81280406207503,-0.26704764117425833
core,all,12,pca_2,M2,0.5,btc_ret,1343,estimated,-15.045238220197469,-0.08980608537998318
core,all,12,pca_2,M2,0.5,account_ls,1343,estimated,1.0938038535165935,0.65769293201443
core,all,12,pca_2,M2,0.9,e_origin,1343,estimated,0.3660992848390894,2.7885630760168807
core,all,12,pca_2,M2,0.9,downside,1343,estimated,-41018.02545511708,-0.6161334397808002
core,all,12,pca_2,M2,0.9,btc_vol,1343,estimated,3.363364415802214,0.006289201724930883
core,all,12,pca_2,M2,0.9,btc_ret,1343,estimated,17.25653268119142,0.10300545758385514
core,all,12,pca_2,M2,0.9,account_ls,1343,estimated,1.5982265851192334,0.960997097798698
core,all,12,conditional_linear,M0,0.1,e_origin,1343,estimated,0.3293078274864763,3.848271288993362
core,all,12,conditional_linear,M0,0.1,downside,1343,estimated,-86740.27900375825,-1.3029292823617546
core,all,12,conditional_linear,M0,0.5,e_origin,1343,estimated,0.3459404890318657,4.0426395625118365
core,all,12,conditional_linear,M0,0.5,downside,1343,estimated,-23332.889129532345,-0.35048428294369166
core,all,12,conditional_linear,M0,0.9,e_origin,1343,estimated,0.42594624395394237,4.977581959632691
core,all,12,conditional_linear,M0,0.9,downside,1343,estimated,24547.016344864318,0.36872173755575055
core,all,12,conditional_linear,M1,0.1,e_origin,1343,estimated,0.31857604251722255,3.7228603010674046
core,all,12,conditional_linear,M1,0.1,downside,1343,estimated,144785.27262258914,2.1748255080725247
core,all,12,conditional_linear,M1,0.1,btc_vol,1343,estimated,-2271.223576476988,-4.246992436433852
core,all,12,conditional_linear,M1,0.1,btc_ret,1343,estimated,48.644553593460785,0.2903627625796522
core,all,12,conditional_linear,M1,0.5,e_origin,1343,estimated,0.34395605224379083,4.019449554625721
core,all,12,conditional_linear,M1,0.5,downside,1343,estimated,78909.39801752099,1.1853012984441984
core,all,12,conditional_linear,M1,0.5,btc_vol,1343,estimated,-1078.4170128965773,-2.0165469152964985
core,all,12,conditional_linear,M1,0.5,btc_ret,1343,estimated,23.29776960874236,0.13906602580988794
core,all,12,conditional_linear,M1,0.9,e_origin,1343,estimated,0.4438587753010127,5.18690671398872
core,all,12,conditional_linear,M1,0.9,downside,1343,estimated,-18672.700971550355,-0.28048340581846204
core,all,12,conditional_linear,M1,0.9,btc_vol,1343,estimated,495.5720299576705,0.9266770056178666
core,all,12,conditional_linear,M1,0.9,btc_ret,1343,estimated,33.247358598829955,0.19845582245265717
core,all,12,conditional_linear,M2,0.1,e_origin,1343,estimated,0.32917702171058194,3.8467427006337993
core,all,12,conditional_linear,M2,0.1,downside,1343,estimated,94254.78242799413,1.4158049459668993
core,all,12,conditional_linear,M2,0.1,btc_vol,1343,estimated,-2127.191813925282,-3.9776654478895654
core,all,12,conditional_linear,M2,0.1,btc_ret,1343,estimated,3.483940331936058,0.020795884939102678
core,all,12,conditional_linear,M2,0.1,account_ls,1343,estimated,1.2717457710747775,0.7646875646543273
core,all,12,conditional_linear,M2,0.5,e_origin,1343,estimated,0.3435095420147602,4.0142316631843435
core,all,12,conditional_linear,M2,0.5,downside,1343,estimated,72958.17312435048,1.0959077056602036
core,all,12,conditional_linear,M2,0.5,btc_vol,1343,estimated,-1072.4638088579957,-2.0054149365753102
core,all,12,conditional_linear,M2,0.5,btc_ret,1343,estimated,31.407240608816185,0.18747202871660487
core,all,12,conditional_linear,M2,0.5,account_ls,1343,estimated,0.5433889257365009,0.3267341348659721
core,all,12,conditional_linear,M2,0.9,e_origin,1343,estimated,0.4228794746828653,4.9417438800281674
core,all,12,conditional_linear,M2,0.9,downside,1343,estimated,-92460.47909737146,-1.3888526421726468
core,all,12,conditional_linear,M2,0.9,btc_vol,1343,estimated,394.78162247385285,0.7382076260806749
core,all,12,conditional_linear,M2,0.9,btc_ret,1343,estimated,-52.70163558563718,-0.31457977040966867
core,all,12,conditional_linear,M2,0.9,account_ls,1343,estimated,3.686927859594639,2.216911547995107
core,all,12,ae_relu_1,M0,0.1,e_origin,1343,estimated,0.6176189857479938,29.89072720236251
core,all,12,ae_relu_1,M0,0.1,downside,1343,estimated,-44806.285693594546,-0.6730370519274149
core,all,12,ae_relu_1,M0,0.5,e_origin,1343,estimated,0.8906334499137023,43.103729164718196
core,all,12,ae_relu_1,M0,0.5,downside,1343,estimated,59861.43920734047,0.899181129267322
core,all,12,ae_relu_1,M0,0.9,e_origin,1343,estimated,1.148758396458851,55.596127454516896
core,all,12,ae_relu_1,M0,0.9,downside,1343,estimated,203684.25442391034,3.0595495252377045
core,all,12,ae_relu_1,M1,0.1,e_origin,1343,estimated,0.6152274203433347,29.774983304025742
core,all,12,ae_relu_1,M1,0.1,downside,1343,estimated,141579.87685620005,2.1266771270256317
core,all,12,ae_relu_1,M1,0.1,btc_vol,1343,estimated,-1737.5408256065057,-3.2490516657071287
core,all,12,ae_relu_1,M1,0.1,btc_ret,1343,estimated,-12.822139195678286,-0.07653625090596933
core,all,12,ae_relu_1,M1,0.5,e_origin,1343,estimated,0.8904834979632142,43.096471983593695
core,all,12,ae_relu_1,M1,0.5,downside,1343,estimated,63832.04911374105,0.9588238232418345
core,all,12,ae_relu_1,M1,0.5,btc_vol,1343,estimated,-67.13774442095867,-0.12554179857419664
core,all,12,ae_relu_1,M1,0.5,btc_ret,1343,estimated,49.56253198276328,0.2958422401658567
core,all,12,ae_relu_1,M1,0.9,e_origin,1343,estimated,1.1492485287389422,55.61984824454335
core,all,12,ae_relu_1,M1,0.9,downside,1343,estimated,194374.59808497832,2.9197087962011548
core,all,12,ae_relu_1,M1,0.9,btc_vol,1343,estimated,148.3373990531668,0.2773781578986055
core,all,12,ae_relu_1,M1,0.9,btc_ret,1343,estimated,28.490985118511933,0.17006469453425047
core,all,12,ae_relu_1,M2,0.1,e_origin,1343,estimated,0.6159646842652461,29.810664452556676
core,all,12,ae_relu_1,M2,0.1,downside,1343,estimated,145950.3981956062,2.192326907009075
core,all,12,ae_relu_1,M2,0.1,btc_vol,1343,estimated,-1713.6995571540474,-3.204470547475854
core,all,12,ae_relu_1,M2,0.1,btc_ret,1343,estimated,-9.947713630488462,-0.05937860248938908
core,all,12,ae_relu_1,M2,0.1,account_ls,1343,estimated,-0.18495998058280375,-0.11121452127247493
core,all,12,ae_relu_1,M2,0.5,e_origin,1343,estimated,0.8877605311660549,42.964689348031726
core,all,12,ae_relu_1,M2,0.5,downside,1343,estimated,45124.71200206498,0.677820146544421
core,all,12,ae_relu_1,M2,0.5,btc_vol,1343,estimated,-37.321058079276064,-0.0697871636346145
core,all,12,ae_relu_1,M2,0.5,btc_ret,1343,estimated,39.73778868010546,0.23719765621434213
core,all,12,ae_relu_1,M2,0.5,account_ls,1343,estimated,0.7882573481067608,0.47397098190090614
core,all,12,ae_relu_1,M2,0.9,e_origin,1343,estimated,1.1490930630693263,55.61232421755089
core,all,12,ae_relu_1,M2,0.9,downside,1343,estimated,200619.70585349455,3.0135168156882965
core,all,12,ae_relu_1,M2,0.9,btc_vol,1343,estimated,154.2195041956217,0.2883771878087583
core,all,12,ae_relu_1,M2,0.9,btc_ret,1343,estimated,29.275547890675295,0.17474780491586425
core,all,12,ae_relu_1,M2,0.9,account_ls,1343,estimated,-0.7153840393144707,-0.43015301584501386
core,all,12,ae_relu_2,M0,0.1,e_origin,1343,estimated,0.5784068607536635,32.73626782123878
core,all,12,ae_relu_2,M0,0.1,downside,1343,estimated,-23697.37404024612,-0.35595922571079314
core,all,12,ae_relu_2,M0,0.5,e_origin,1343,estimated,0.9024310557285503,51.075163064351614
core,all,12,ae_relu_2,M0,0.5,downside,1343,estimated,33522.99105465156,0.5035502211788391
core,all,12,ae_relu_2,M0,0.9,e_origin,1343,estimated,1.2049313993717108,68.19586639179143
core,all,12,ae_relu_2,M0,0.9,downside,1343,estimated,144518.54764139728,2.1708190212094007
core,all,12,ae_relu_2,M1,0.1,e_origin,1343,estimated,0.5770837149696428,32.661381339609214
core,all,12,ae_relu_2,M1,0.1,downside,1343,estimated,70070.23051854855,1.0525278015361181
core,all,12,ae_relu_2,M1,0.1,btc_vol,1343,estimated,-1013.0308365643149,-1.8942803981616267
core,all,12,ae_relu_2,M1,0.1,btc_ret,1343,estimated,-78.24799898932493,-0.4670678107718204
core,all,12,ae_relu_2,M1,0.5,e_origin,1343,estimated,0.9020885058896535,51.05577566764329
core,all,12,ae_relu_2,M1,0.5,downside,1343,estimated,14393.152682270484,0.2162001357457164
core,all,12,ae_relu_2,M1,0.5,btc_vol,1343,estimated,127.19472000533315,0.23784316938753156
core,all,12,ae_relu_2,M1,0.5,btc_ret,1343,estimated,12.584158612394056,0.0751157280622359
core,all,12,ae_relu_2,M1,0.9,e_origin,1343,estimated,1.1983382058835401,67.82270942829213
core,all,12,ae_relu_2,M1,0.9,downside,1343,estimated,195080.95595275317,2.930319026653729
core,all,12,ae_relu_2,M1,0.9,btc_vol,1343,estimated,-416.94996558700996,-0.7796605180394172
core,all,12,ae_relu_2,M1,0.9,btc_ret,1343,estimated,91.78610599560938,0.5478777239081624
core,all,12,ae_relu_2,M2,0.1,e_origin,1343,estimated,0.5786466992783523,32.749842034670195
core,all,12,ae_relu_2,M2,0.1,downside,1343,estimated,81978.24286620368,1.2313985425653577
core,all,12,ae_relu_2,M2,0.1,btc_vol,1343,estimated,-974.2021454092392,-1.8216740905483422
core,all,12,ae_relu_2,M2,0.1,btc_ret,1343,estimated,-79.72776514026054,-0.4759006390293971
core,all,12,ae_relu_2,M2,0.1,account_ls,1343,estimated,-0.6651950856962806,-0.39997491768439797
core,all,12,ae_relu_2,M2,0.5,e_origin,1343,estimated,0.9018905997899566,51.044574716335944
core,all,12,ae_relu_2,M2,0.5,downside,1343,estimated,18968.294184484574,0.2849235235725529
core,all,12,ae_relu_2,M2,0.5,btc_vol,1343,estimated,49.43518716464503,0.09243954146848232
core,all,12,ae_relu_2,M2,0.5,btc_ret,1343,estimated,10.422669382872542,0.06221364678885774
core,all,12,ae_relu_2,M2,0.5,account_ls,1343,estimated,0.37480493793686614,0.22536632849908345
core,all,12,ae_relu_2,M2,0.9,e_origin,1343,estimated,1.2079990564204754,68.3694875044477
core,all,12,ae_relu_2,M2,0.9,downside,1343,estimated,258904.56370867585,3.8890160519141554
core,all,12,ae_relu_2,M2,0.9,btc_vol,1343,estimated,-615.4847553942673,-1.1509034724597387
core,all,12,ae_relu_2,M2,0.9,btc_ret,1343,estimated,165.5366978827986,0.9881001952914223
core,all,12,ae_relu_2,M2,0.9,account_ls,1343,estimated,-1.7417647073883644,-1.0473050845437808
core,all,12,ae_tanh_1,M0,0.1,e_origin,1343,estimated,0.5678637725904676,33.077479228353546
core,all,12,ae_tanh_1,M0,0.1,downside,1343,estimated,37159.990783763424,0.5581817430211461
core,all,12,ae_tanh_1,M0,0.5,e_origin,1343,estimated,0.8884248941249296,51.74983402676541
core,all,12,ae_tanh_1,M0,0.5,downside,1343,estimated,56468.565829244566,0.8482166393390009
core,all,12,ae_tanh_1,M0,0.9,e_origin,1343,estimated,1.1834068134664066,68.93222667218306
core,all,12,ae_tanh_1,M0,0.9,downside,1343,estimated,123970.4876339387,1.8621657705288919
core,all,12,ae_tanh_1,M1,0.1,e_origin,1343,estimated,0.5691873252875701,33.154574808242934
core,all,12,ae_tanh_1,M1,0.1,downside,1343,estimated,197985.90738336902,2.973954421031744
core,all,12,ae_tanh_1,M1,0.1,btc_vol,1343,estimated,-1361.5785303715295,-2.546034560396875
core,all,12,ae_tanh_1,M1,0.1,btc_ret,1343,estimated,86.17626503212644,0.5143921885406763
core,all,12,ae_tanh_1,M1,0.5,e_origin,1343,estimated,0.891163441483951,51.90935158670882
core,all,12,ae_tanh_1,M1,0.5,downside,1343,estimated,65110.97488023841,0.9780346195440249
core,all,12,ae_tanh_1,M1,0.5,btc_vol,1343,estimated,95.26583719094504,0.1781389089963868
core,all,12,ae_tanh_1,M1,0.5,btc_ret,1343,estimated,122.01805134316648,0.7283343325274219
core,all,12,ae_tanh_1,M1,0.9,e_origin,1343,estimated,1.1834452078389646,68.93446310479607
core,all,12,ae_tanh_1,M1,0.9,downside,1343,estimated,95107.76044804728,1.428617563729981
core,all,12,ae_tanh_1,M1,0.9,btc_vol,1343,estimated,384.7080782594606,0.7193709661720243
core,all,12,ae_tanh_1,M1,0.9,btc_ret,1343,estimated,-4.137772448934704,-0.02469865484304009
core,all,12,ae_tanh_1,M2,0.1,e_origin,1343,estimated,0.5430577226475587,31.632552396728006
core,all,12,ae_tanh_1,M2,0.1,downside,1343,estimated,53853.73049733585,0.8089390907580196
core,all,12,ae_tanh_1,M2,0.1,btc_vol,1343,estimated,-803.6714431559819,-1.5027963674785831
core,all,12,ae_tanh_1,M2,0.1,btc_ret,1343,estimated,44.871699756136735,0.26784233260161006
core,all,12,ae_tanh_1,M2,0.1,account_ls,1343,estimated,4.176332211229753,2.511185317403286
core,all,12,ae_tanh_1,M2,0.5,e_origin,1343,estimated,0.8902897462147865,51.85845973814827
core,all,12,ae_tanh_1,M2,0.5,downside,1343,estimated,30495.727932387916,0.45807757787271974
core,all,12,ae_tanh_1,M2,0.5,btc_vol,1343,estimated,160.47479724102772,0.3000740469496469
core,all,12,ae_tanh_1,M2,0.5,btc_ret,1343,estimated,120.99758923465524,0.7222431224114549
core,all,12,ae_tanh_1,M2,0.5,account_ls,1343,estimated,1.0618089399119033,0.63845472173517
core,all,12,ae_tanh_1,M2,0.9,e_origin,1343,estimated,1.1891412110758401,69.26624942018806
core,all,12,ae_tanh_1,M2,0.9,downside,1343,estimated,165550.69780216124,2.486743809903031
core,all,12,ae_tanh_1,M2,0.9,btc_vol,1343,estimated,285.921178974404,0.534647974376928
core,all,12,ae_tanh_1,M2,0.9,btc_ret,1343,estimated,8.83800336228247,0.05275466382953027
core,all,12,ae_tanh_1,M2,0.9,account_ls,1343,estimated,-4.214501164911212,-2.534135914055486
core,all,12,ae_tanh_2,M0,0.1,e_origin,1343,estimated,0.5380194210684838,31.169505437853033
core,all,12,ae_tanh_2,M0,0.1,downside,1343,estimated,66554.93759840282,0.9997244426543882
core,all,12,ae_tanh_2,M0,0.5,e_origin,1343,estimated,0.8926193606724551,51.712824717662926
core,all,12,ae_tanh_2,M0,0.5,downside,1343,estimated,61907.80091758841,0.9299196123020653
core,all,12,ae_tanh_2,M0,0.9,e_origin,1343,estimated,1.1856975681648252,68.69195674231683
core,all,12,ae_tanh_2,M0,0.9,downside,1343,estimated,100077.28836851062,1.50326504609288
core,all,12,ae_tanh_2,M1,0.1,e_origin,1343,estimated,0.53662039382893,31.088454484219472
core,all,12,ae_tanh_2,M1,0.1,downside,1343,estimated,159495.4715563314,2.3957880085425662
core,all,12,ae_tanh_2,M1,0.1,btc_vol,1343,estimated,-1037.766432150425,-1.940533831092192
core,all,12,ae_tanh_2,M1,0.1,btc_ret,1343,estimated,49.62209488324427,0.2961977753091218
core,all,12,ae_tanh_2,M1,0.5,e_origin,1343,estimated,0.8903650212531402,51.582222285784994
core,all,12,ae_tanh_2,M1,0.5,downside,1343,estimated,58385.1891430272,0.8770063166085013
core,all,12,ae_tanh_2,M1,0.5,btc_vol,1343,estimated,158.72651537044945,0.2968049104551158
core,all,12,ae_tanh_2,M1,0.5,btc_ret,1343,estimated,123.41563795260622,0.7366766253204182
core,all,12,ae_tanh_2,M1,0.9,e_origin,1343,estimated,1.1867932579338496,68.75543420591096
core,all,12,ae_tanh_2,M1,0.9,downside,1343,estimated,41955.40284554746,0.6302138239419195
core,all,12,ae_tanh_2,M1,0.9,btc_vol,1343,estimated,447.1019200988855,0.836042075576023
core,all,12,ae_tanh_2,M1,0.9,btc_ret,1343,estimated,83.71969857383225,0.499728770529853
core,all,12,ae_tanh_2,M2,0.1,e_origin,1343,estimated,0.5334110562900299,30.902525389555958
core,all,12,ae_tanh_2,M2,0.1,downside,1343,estimated,130984.3917035923,1.9675219107325912
core,all,12,ae_tanh_2,M2,0.1,btc_vol,1343,estimated,-987.2297381681917,-1.8460345667626805
core,all,12,ae_tanh_2,M2,0.1,btc_ret,1343,estimated,0.9134532777948893,0.005452466877270663
core,all,12,ae_tanh_2,M2,0.1,account_ls,1343,estimated,2.8732413917199113,1.7276502996675738
core,all,12,ae_tanh_2,M2,0.5,e_origin,1343,estimated,0.8904091733115541,51.5847801819704
core,all,12,ae_tanh_2,M2,0.5,downside,1343,estimated,13564.837669837594,0.2037579820298874
core,all,12,ae_tanh_2,M2,0.5,btc_vol,1343,estimated,251.8633996843853,0.4709628609673507
core,all,12,ae_tanh_2,M2,0.5,btc_ret,1343,estimated,105.34189785841329,0.6287931991972118
core,all,12,ae_tanh_2,M2,0.5,account_ls,1343,estimated,0.9021674597680899,0.5424639526321471
core,all,12,ae_tanh_2,M2,0.9,e_origin,1343,estimated,1.198920221224315,69.45799517940915
core,all,12,ae_tanh_2,M2,0.9,downside,1343,estimated,103198.6014639078,1.550150417896169
core,all,12,ae_tanh_2,M2,0.9,btc_vol,1343,estimated,533.4766622261736,0.9975554027151021
core,all,12,ae_tanh_2,M2,0.9,btc_ret,1343,estimated,116.80956249946296,0.6972444961983173
core,all,12,ae_tanh_2,M2,0.9,account_ls,1343,estimated,-3.2488584005535444,-1.953504917988805
core,all,12,conditional_neural,M0,0.1,e_origin,1343,estimated,0.23007335246716326,2.2097049332621133
core,all,12,conditional_neural,M0,0.1,downside,1343,estimated,-44028.03852945595,-0.661346969410765
core,all,12,conditional_neural,M0,0.5,e_origin,1343,estimated,0.1570563473405214,1.5084240821327182
core,all,12,conditional_neural,M0,0.5,downside,1343,estimated,-25572.188809748895,-0.3841208951248797
core,all,12,conditional_neural,M0,0.9,e_origin,1343,estimated,0.16981713821700686,1.630983180132216
core,all,12,conditional_neural,M0,0.9,downside,1343,estimated,55132.45107329683,0.8281468048847619
core,all,12,conditional_neural,M1,0.1,e_origin,1343,estimated,0.20805287292093372,1.9982125471847398
core,all,12,conditional_neural,M1,0.1,downside,1343,estimated,154664.079906865,2.3232154767620874
core,all,12,conditional_neural,M1,0.1,btc_vol,1343,estimated,-2202.3014593089697,-4.118114014535105
core,all,12,conditional_neural,M1,0.1,btc_ret,1343,estimated,82.83468806404221,0.49444608053577305
core,all,12,conditional_neural,M1,0.5,e_origin,1343,estimated,0.15250138469513294,1.46467662802555
core,all,12,conditional_neural,M1,0.5,downside,1343,estimated,41300.638080613004,0.6203785755995104
core,all,12,conditional_neural,M1,0.5,btc_vol,1343,estimated,-627.4968930046728,-1.1733651350213468
core,all,12,conditional_neural,M1,0.5,btc_ret,1343,estimated,53.00001435189442,0.3163608142566248
core,all,12,conditional_neural,M1,0.9,e_origin,1343,estimated,0.17336519556715205,1.6650599636712036
core,all,12,conditional_neural,M1,0.9,downside,1343,estimated,66755.54204197243,1.0027377302146854
core,all,12,conditional_neural,M1,0.9,btc_vol,1343,estimated,-81.09728805109718,-0.15164494263596634
core,all,12,conditional_neural,M1,0.9,btc_ret,1343,estimated,5.166624924300199,0.030839947649028508
core,all,12,conditional_neural,M2,0.1,e_origin,1343,estimated,0.2144414315986219,2.0595704987907903
core,all,12,conditional_neural,M2,0.1,downside,1343,estimated,112380.26385186394,1.6880685445545955
core,all,12,conditional_neural,M2,0.1,btc_vol,1343,estimated,-2050.8342358077507,-3.8348833545332672
core,all,12,conditional_neural,M2,0.1,btc_ret,1343,estimated,39.050132523623304,0.23309298823918148
core,all,12,conditional_neural,M2,0.1,account_ls,1343,estimated,1.461995574709236,0.8790828017576114
core,all,12,conditional_neural,M2,0.5,e_origin,1343,estimated,0.12919671212046607,1.2408504030234635
core,all,12,conditional_neural,M2,0.5,downside,1343,estimated,15600.194850625827,0.23433116557705302
core,all,12,conditional_neural,M2,0.5,btc_vol,1343,estimated,-670.1335884594298,-1.2530920826394962
core,all,12,conditional_neural,M2,0.5,btc_ret,1343,estimated,58.673145887017235,0.3502241354987678
core,all,12,conditional_neural,M2,0.5,account_ls,1343,estimated,1.0557514007648208,0.6348123861650143
core,all,12,conditional_neural,M2,0.9,e_origin,1343,estimated,0.16865637418712523,1.6198347964724928
core,all,12,conditional_neural,M2,0.9,downside,1343,estimated,-2134.0468968181435,-0.032055605812348384
core,all,12,conditional_neural,M2,0.9,btc_vol,1343,estimated,-37.9062116617923,-0.07088135042663145
core,all,12,conditional_neural,M2,0.9,btc_ret,1343,estimated,18.170481704369035,0.10846088360019135
core,all,12,conditional_neural,M2,0.9,account_ls,1343,estimated,3.5964738823207805,2.162522508009239
core,all,12,pca_selected,M0,0.1,e_origin,1343,estimated,0.3583335884968,2.7294120889036844
core,all,12,pca_selected,M0,0.1,downside,1343,estimated,-32033.49087789074,-0.4811763780384384
core,all,12,pca_selected,M0,0.5,e_origin,1343,estimated,0.33276128893265244,2.53462894322022
core,all,12,pca_selected,M0,0.5,downside,1343,estimated,-3740.844432637126,-0.05619137738572036
core,all,12,pca_selected,M0,0.9,e_origin,1343,estimated,0.3683532894162993,2.805731735441996
core,all,12,pca_selected,M0,0.9,downside,1343,estimated,-7477.223879148697,-0.11231568603203683
core,all,12,pca_selected,M1,0.1,e_origin,1343,estimated,0.36723481383376755,2.7972123532961244
core,all,12,pca_selected,M1,0.1,downside,1343,estimated,49948.21634939549,0.7502742028365831
core,all,12,pca_selected,M1,0.1,btc_vol,1343,estimated,-1050.341576213203,-1.9640482672202837
core,all,12,pca_selected,M1,0.1,btc_ret,1343,estimated,-63.11759169539034,-0.3767533451989931
core,all,12,pca_selected,M1,0.5,e_origin,1343,estimated,0.3358344835917712,2.558037339539807
core,all,12,pca_selected,M1,0.5,downside,1343,estimated,4285.428568163367,0.06437159798261352
core,all,12,pca_selected,M1,0.5,btc_vol,1343,estimated,-63.095821067740815,-0.11798375008986878
core,all,12,pca_selected,M1,0.5,btc_ret,1343,estimated,-25.86434349186414,-0.15438608587861075
core,all,12,pca_selected,M1,0.9,e_origin,1343,estimated,0.36309400123122093,2.7656719553594225
core,all,12,pca_selected,M1,0.9,downside,1343,estimated,31291.976149155336,0.47003805493793244
core,all,12,pca_selected,M1,0.9,btc_vol,1343,estimated,-337.9787479973981,-0.631991144018875
core,all,12,pca_selected,M1,0.9,btc_ret,1343,estimated,67.85681955668703,0.40504212971125453
core,all,12,pca_selected,M2,0.1,e_origin,1343,estimated,0.37357834429734793,2.845530761866913
core,all,12,pca_selected,M2,0.1,downside,1343,estimated,39150.9479909322,0.5880879927466858
core,all,12,pca_selected,M2,0.1,btc_vol,1343,estimated,-1048.4296201442507,-1.9604730740742924
core,all,12,pca_selected,M2,0.1,btc_ret,1343,estimated,-50.90297341154753,-0.3038434293553147
core,all,12,pca_selected,M2,0.1,account_ls,1343,estimated,1.2187198909396992,0.7328036519522806
core,all,12,pca_selected,M2,0.5,e_origin,1343,estimated,0.3369222826464823,2.5663230598449602
core,all,12,pca_selected,M2,0.5,downside,1343,estimated,-390.7684074514824,-0.005869748247735585
core,all,12,pca_selected,M2,0.5,btc_vol,1343,estimated,-142.81280406207503,-0.26704764117425833
core,all,12,pca_selected,M2,0.5,btc_ret,1343,estimated,-15.045238220197469,-0.08980608537998318
core,all,12,pca_selected,M2,0.5,account_ls,1343,estimated,1.0938038535165935,0.65769293201443
core,all,12,pca_selected,M2,0.9,e_origin,1343,estimated,0.3660992848390894,2.7885630760168807
core,all,12,pca_selected,M2,0.9,downside,1343,estimated,-41018.02545511708,-0.6161334397808002
core,all,12,pca_selected,M2,0.9,btc_vol,1343,estimated,3.363364415802214,0.006289201724930883
core,all,12,pca_selected,M2,0.9,btc_ret,1343,estimated,17.25653268119142,0.10300545758385514
core,all,12,pca_selected,M2,0.9,account_ls,1343,estimated,1.5982265851192334,0.960997097798698
core,all,12,ae_selected,M0,0.1,e_origin,1343,estimated,0.6143649234415012,29.69388127085666
core,all,12,ae_selected,M0,0.1,downside,1343,estimated,-17307.369611853843,-0.25997470756308405
core,all,12,ae_selected,M0,0.5,e_origin,1343,estimated,0.8929897665919863,43.160556687929606
core,all,12,ae_selected,M0,0.5,downside,1343,estimated,28022.36180070697,0.420925043940597
core,all,12,ae_selected,M0,0.9,e_origin,1343,estimated,1.156445893470048,55.89408793801213
core,all,12,ae_selected,M0,0.9,downside,1343,estimated,148340.20840485915,2.228224344009339
core,all,12,ae_selected,M1,0.1,e_origin,1343,estimated,0.6130135394599848,29.628565309662623
core,all,12,ae_selected,M1,0.1,downside,1343,estimated,61690.7372549689,0.9266590901385224
core,all,12,ae_selected,M1,0.1,btc_vol,1343,estimated,-919.8909900015543,-1.720116908499269
core,all,12,ae_selected,M1,0.1,btc_ret,1343,estimated,-108.80554172794801,-0.6494679331243698
core,all,12,ae_selected,M1,0.5,e_origin,1343,estimated,0.8928283273703521,43.152753903465914
core,all,12,ae_selected,M1,0.5,downside,1343,estimated,7285.440982164022,0.10943490728417651
core,all,12,ae_selected,M1,0.5,btc_vol,1343,estimated,190.9725745676468,0.35710226335937006
core,all,12,ae_selected,M1,0.5,btc_ret,1343,estimated,16.787297634557287,0.1002045605794638
core,all,12,ae_selected,M1,0.9,e_origin,1343,estimated,1.1574925829384703,55.944677207706576
core,all,12,ae_selected,M1,0.9,downside,1343,estimated,159131.94835734574,2.3903275116867087
core,all,12,ae_selected,M1,0.9,btc_vol,1343,estimated,-106.06185558987177,-0.1983265333935251
core,all,12,ae_selected,M1,0.9,btc_ret,1343,estimated,158.82701524261753,0.9480496275810507
core,all,12,ae_selected,M2,0.1,e_origin,1343,estimated,0.614245616595196,29.68811485550023
core,all,12,ae_selected,M2,0.1,downside,1343,estimated,100741.31489502983,1.5132394157352622
core,all,12,ae_selected,M2,0.1,btc_vol,1343,estimated,-1115.6771677794513,-2.0862201952002675
core,all,12,ae_selected,M2,0.1,btc_ret,1343,estimated,-91.14936656696885,-0.5440769814635179
core,all,12,ae_selected,M2,0.1,account_ls,1343,estimated,-0.6909189688941514,-0.4154424223094836
core,all,12,ae_selected,M2,0.5,e_origin,1343,estimated,0.8928211598707612,43.15240747925818
core,all,12,ae_selected,M2,0.5,downside,1343,estimated,8993.981637499543,0.13509896642152078
core,all,12,ae_selected,M2,0.5,btc_vol,1343,estimated,132.27570313099264,0.24734417013788304
core,all,12,ae_selected,M2,0.5,btc_ret,1343,estimated,16.657685370296047,0.0994308958557699
core,all,12,ae_selected,M2,0.5,account_ls,1343,estimated,0.3459208069350248,0.20799859959027162
core,all,12,ae_selected,M2,0.9,e_origin,1343,estimated,1.1582074519831222,55.979228718911344
core,all,12,ae_selected,M2,0.9,downside,1343,estimated,176411.82016531675,2.6498891736118133
core,all,12,ae_selected,M2,0.9,btc_vol,1343,estimated,-177.54274389371756,-0.3319896368942834
core,all,12,ae_selected,M2,0.9,btc_ret,1343,estimated,181.43168312524892,1.0829784804275637
core,all,12,ae_selected,M2,0.9,account_ls,1343,estimated,-0.4316493597547164,-0.2595462907782891
core,all,12,ae_reconstruction_selected,M0,0.1,e_origin,1343,estimated,0.6143649234415012,29.69388127085666
core,all,12,ae_reconstruction_selected,M0,0.1,downside,1343,estimated,-17307.369611853843,-0.25997470756308405
core,all,12,ae_reconstruction_selected,M0,0.5,e_origin,1343,estimated,0.8929897665919863,43.160556687929606
core,all,12,ae_reconstruction_selected,M0,0.5,downside,1343,estimated,28022.36180070697,0.420925043940597
core,all,12,ae_reconstruction_selected,M0,0.9,e_origin,1343,estimated,1.156445893470048,55.89408793801213
core,all,12,ae_reconstruction_selected,M0,0.9,downside,1343,estimated,148340.20840485915,2.228224344009339
core,all,12,ae_reconstruction_selected,M1,0.1,e_origin,1343,estimated,0.6130135394599848,29.628565309662623
core,all,12,ae_reconstruction_selected,M1,0.1,downside,1343,estimated,61690.7372549689,0.9266590901385224
core,all,12,ae_reconstruction_selected,M1,0.1,btc_vol,1343,estimated,-919.8909900015543,-1.720116908499269
core,all,12,ae_reconstruction_selected,M1,0.1,btc_ret,1343,estimated,-108.80554172794801,-0.6494679331243698
core,all,12,ae_reconstruction_selected,M1,0.5,e_origin,1343,estimated,0.8928283273703521,43.152753903465914
core,all,12,ae_reconstruction_selected,M1,0.5,downside,1343,estimated,7285.440982164022,0.10943490728417651
core,all,12,ae_reconstruction_selected,M1,0.5,btc_vol,1343,estimated,190.9725745676468,0.35710226335937006
core,all,12,ae_reconstruction_selected,M1,0.5,btc_ret,1343,estimated,16.787297634557287,0.1002045605794638
core,all,12,ae_reconstruction_selected,M1,0.9,e_origin,1343,estimated,1.1574925829384703,55.944677207706576
core,all,12,ae_reconstruction_selected,M1,0.9,downside,1343,estimated,159131.94835734574,2.3903275116867087
core,all,12,ae_reconstruction_selected,M1,0.9,btc_vol,1343,estimated,-106.06185558987177,-0.1983265333935251
core,all,12,ae_reconstruction_selected,M1,0.9,btc_ret,1343,estimated,158.82701524261753,0.9480496275810507
core,all,12,ae_reconstruction_selected,M2,0.1,e_origin,1343,estimated,0.614245616595196,29.68811485550023
core,all,12,ae_reconstruction_selected,M2,0.1,downside,1343,estimated,100741.31489502983,1.5132394157352622
core,all,12,ae_reconstruction_selected,M2,0.1,btc_vol,1343,estimated,-1115.6771677794513,-2.0862201952002675
core,all,12,ae_reconstruction_selected,M2,0.1,btc_ret,1343,estimated,-91.14936656696885,-0.5440769814635179
core,all,12,ae_reconstruction_selected,M2,0.1,account_ls,1343,estimated,-0.6909189688941514,-0.4154424223094836
core,all,12,ae_reconstruction_selected,M2,0.5,e_origin,1343,estimated,0.8928211598707612,43.15240747925818
core,all,12,ae_reconstruction_selected,M2,0.5,downside,1343,estimated,8993.981637499543,0.13509896642152078
core,all,12,ae_reconstruction_selected,M2,0.5,btc_vol,1343,estimated,132.27570313099264,0.24734417013788304
core,all,12,ae_reconstruction_selected,M2,0.5,btc_ret,1343,estimated,16.657685370296047,0.0994308958557699
core,all,12,ae_reconstruction_selected,M2,0.5,account_ls,1343,estimated,0.3459208069350248,0.20799859959027162
core,all,12,ae_reconstruction_selected,M2,0.9,e_origin,1343,estimated,1.1582074519831222,55.979228718911344
core,all,12,ae_reconstruction_selected,M2,0.9,downside,1343,estimated,176411.82016531675,2.6498891736118133
core,all,12,ae_reconstruction_selected,M2,0.9,btc_vol,1343,estimated,-177.54274389371756,-0.3319896368942834
core,all,12,ae_reconstruction_selected,M2,0.9,btc_ret,1343,estimated,181.43168312524892,1.0829784804275637
core,all,12,ae_reconstruction_selected,M2,0.9,account_ls,1343,estimated,-0.4316493597547164,-0.2595462907782891
core,matched,12,sequential_ols,M0,0.1,e_origin,727,estimated,0.3986520470000428,3.7092626710896406
core,matched,12,sequential_ols,M0,0.1,downside,727,estimated,-135806.039562528,-2.200537315227133
core,matched,12,sequential_ols,M0,0.5,e_origin,727,estimated,0.29223028240131277,2.7190601077562184
core,matched,12,sequential_ols,M0,0.5,downside,727,estimated,-17986.27993865692,-0.29144123703653474
core,matched,12,sequential_ols,M0,0.9,e_origin,727,estimated,0.19821355023833084,1.8442803149662814
core,matched,12,sequential_ols,M0,0.9,downside,727,estimated,23765.97759773743,0.3850927448082619
core,matched,12,sequential_ols,M1,0.1,e_origin,727,estimated,0.40127114920710216,3.733632138452272
core,matched,12,sequential_ols,M1,0.1,downside,727,estimated,-16820.186224719226,-0.27254640188165025
core,matched,12,sequential_ols,M1,0.1,btc_vol,727,estimated,-1251.7888657520755,-2.406704863822058
core,matched,12,sequential_ols,M1,0.1,btc_ret,727,estimated,25.738225873708274,0.12484149282054229
core,matched,12,sequential_ols,M1,0.5,e_origin,727,estimated,0.30604532660531814,2.8476023494203253
core,matched,12,sequential_ols,M1,0.5,downside,727,estimated,-20337.98988016433,-0.32954724099297134
core,matched,12,sequential_ols,M1,0.5,btc_vol,727,estimated,-77.69546377488369,-0.14937826631935996
core,matched,12,sequential_ols,M1,0.5,btc_ret,727,estimated,112.36923708870782,0.5450392491733377
core,matched,12,sequential_ols,M1,0.9,e_origin,727,estimated,0.2179361784560899,2.0277897417318864
core,matched,12,sequential_ols,M1,0.9,downside,727,estimated,-73604.5043581068,-1.192652837315368
core,matched,12,sequential_ols,M1,0.9,btc_vol,727,estimated,893.2811050845672,1.7174333780926636
core,matched,12,sequential_ols,M1,0.9,btc_ret,727,estimated,-45.53363303724247,-0.2208577525818842
core,matched,12,sequential_ols,M2,0.1,e_origin,727,estimated,0.2692530484259588,2.505268163349963
core,matched,12,sequential_ols,M2,0.1,downside,727,estimated,-106295.2553251957,-1.7223584203484053
core,matched,12,sequential_ols,M2,0.1,btc_vol,727,estimated,-711.6226652482932,-1.3681745991805996
core,matched,12,sequential_ols,M2,0.1,btc_ret,727,estimated,96.22510184860505,0.4667332325286569
core,matched,12,sequential_ols,M2,0.1,account_ls,727,estimated,2.8516470825209357,1.7771114242168338
core,matched,12,sequential_ols,M2,0.5,e_origin,727,estimated,0.3074397054504692,2.8605763638236064
core,matched,12,sequential_ols,M2,0.5,downside,727,estimated,6744.259252235569,0.10928081104432104
core,matched,12,sequential_ols,M2,0.5,btc_vol,727,estimated,-518.3602255114885,-0.9966058255366214
core,matched,12,sequential_ols,M2,0.5,btc_ret,727,estimated,120.28319585489983,0.5834253613840035
core,matched,12,sequential_ols,M2,0.5,account_ls,727,estimated,0.826866624386161,0.5152931207746911
core,matched,12,sequential_ols,M2,0.9,e_origin,727,estimated,0.1731000484867545,1.6106114418513355
core,matched,12,sequential_ols,M2,0.9,downside,727,estimated,-129306.86995988163,-2.0952278218151816
core,matched,12,sequential_ols,M2,0.9,btc_vol,727,estimated,865.583778644002,1.664182153318966
core,matched,12,sequential_ols,M2,0.9,btc_ret,727,estimated,-133.58149030915166,-0.6479278232002166
core,matched,12,sequential_ols,M2,0.9,account_ls,727,estimated,3.292163265425659,2.051635696869927
core,matched,12,pca_1,M0,0.1,e_origin,727,estimated,0.39850173489381924,3.706041605318406
core,matched,12,pca_1,M0,0.1,downside,727,estimated,-138086.7557642714,-2.237492969950196
core,matched,12,pca_1,M0,0.5,e_origin,727,estimated,0.31004910390311263,2.883437581677757
core,matched,12,pca_1,M0,0.5,downside,727,estimated,-12232.866737066564,-0.198215630275572
core,matched,12,pca_1,M0,0.9,e_origin,727,estimated,0.2007596510886429,1.867052397656342
core,matched,12,pca_1,M0,0.9,downside,727,estimated,24854.35816426519,0.40272835260249157
core,matched,12,pca_1,M1,0.1,e_origin,727,estimated,0.40977180343838404,3.8108525490701974
core,matched,12,pca_1,M1,0.1,downside,727,estimated,-21602.144477645044,-0.3500310086732109
core,matched,12,pca_1,M1,0.1,btc_vol,727,estimated,-1245.42020929444,-2.3944604055975516
core,matched,12,pca_1,M1,0.1,btc_ret,727,estimated,16.501241194857226,0.08003813449559263
core,matched,12,pca_1,M1,0.5,e_origin,727,estimated,0.3147405737234258,2.927067962230075
core,matched,12,pca_1,M1,0.5,downside,727,estimated,-17396.34985513567,-0.2818822868871501
core,matched,12,pca_1,M1,0.5,btc_vol,727,estimated,-115.14546510651998,-0.221380105304276
core,matched,12,pca_1,M1,0.5,btc_ret,727,estimated,112.68817496739878,0.5465862353987352
core,matched,12,pca_1,M1,0.9,e_origin,727,estimated,0.22279585225413914,2.071987712089177
core,matched,12,pca_1,M1,0.9,downside,727,estimated,-69911.83089286585,-1.132818489893209
core,matched,12,pca_1,M1,0.9,btc_vol,727,estimated,881.6504415493246,1.695072119524567
core,matched,12,pca_1,M1,0.9,btc_ret,727,estimated,-48.79098272928199,-0.23665730303217944
core,matched,12,pca_1,M2,0.1,e_origin,727,estimated,0.28476694722582274,2.648315080785307
core,matched,12,pca_1,M2,0.1,downside,727,estimated,-117745.7693309619,-1.9078971742166975
core,matched,12,pca_1,M2,0.1,btc_vol,727,estimated,-695.0455708158112,-1.3363032709636624
core,matched,12,pca_1,M2,0.1,btc_ret,727,estimated,84.88021344638616,0.4117056322983616
core,matched,12,pca_1,M2,0.1,account_ls,727,estimated,2.9154403168152188,1.81686658401448
core,matched,12,pca_1,M2,0.5,e_origin,727,estimated,0.3157516241594474,2.9364706690513382
core,matched,12,pca_1,M2,0.5,downside,727,estimated,3115.243857526503,0.05047794911479546
core,matched,12,pca_1,M2,0.5,btc_vol,727,estimated,-490.97231396629485,-0.9439494856944034
core,matched,12,pca_1,M2,0.5,btc_ret,727,estimated,127.13367325420515,0.6166531304330068
core,matched,12,pca_1,M2,0.5,account_ls,727,estimated,0.8338710094371846,0.5196581674770284
core,matched,12,pca_1,M2,0.9,e_origin,727,estimated,0.2165994075078487,2.0143611573618108
core,matched,12,pca_1,M2,0.9,downside,727,estimated,-133596.30858906344,-2.1647318718213326
core,matched,12,pca_1,M2,0.9,btc_vol,727,estimated,872.5732752108662,1.6776202464697891
core,matched,12,pca_1,M2,0.9,btc_ret,727,estimated,-117.47545562413961,-0.5698066106752198
core,matched,12,pca_1,M2,0.9,account_ls,727,estimated,3.175679569522065,1.9790444887943899
core,matched,12,pca_2,M0,0.1,e_origin,727,estimated,0.45104108945349,3.3501604248959476
core,matched,12,pca_2,M0,0.1,downside,727,estimated,-33455.38207305015,-0.5420953065421776
core,matched,12,pca_2,M0,0.5,e_origin,727,estimated,0.3755250445914532,2.789256172806626
core,matched,12,pca_2,M0,0.5,downside,727,estimated,-9926.388337141072,-0.1608425369864142
core,matched,12,pca_2,M0,0.9,e_origin,727,estimated,0.3707211005551495,2.7535743168290696
core,matched,12,pca_2,M0,0.9,downside,727,estimated,-20550.820995446375,-0.3329958564781752
core,matched,12,pca_2,M1,0.1,e_origin,727,estimated,0.45533033196596884,3.382019275129524
core,matched,12,pca_2,M1,0.1,downside,727,estimated,132372.4208008904,2.1449005686171363
core,matched,12,pca_2,M1,0.1,btc_vol,727,estimated,-1386.3865938533297,-2.6654841322301257
core,matched,12,pca_2,M1,0.1,btc_ret,727,estimated,119.42172659818465,0.579246864056525
core,matched,12,pca_2,M1,0.5,e_origin,727,estimated,0.3775975162568274,2.8046496984019718
core,matched,12,pca_2,M1,0.5,downside,727,estimated,-13682.12984178657,-0.22169880931379102
core,matched,12,pca_2,M1,0.5,btc_vol,727,estimated,83.5748501204524,0.16068204773274386
core,matched,12,pca_2,M1,0.5,btc_ret,727,estimated,159.19186653248892,0.7721491900926075
core,matched,12,pca_2,M1,0.9,e_origin,727,estimated,0.37425946542737676,2.7798559356016317
core,matched,12,pca_2,M1,0.9,downside,727,estimated,73556.90210109139,1.1918815126880622
core,matched,12,pca_2,M1,0.9,btc_vol,727,estimated,-827.3375562749059,-1.5906494898508168
core,matched,12,pca_2,M1,0.9,btc_ret,727,estimated,101.70079942456684,0.49329272668226093
core,matched,12,pca_2,M2,0.1,e_origin,727,estimated,0.4547789451963952,3.3779237854337296
core,matched,12,pca_2,M2,0.1,downside,727,estimated,1530.20880962197,0.024794785243052966
core,matched,12,pca_2,M2,0.1,btc_vol,727,estimated,-636.6952132489832,-1.2241181467754316
core,matched,12,pca_2,M2,0.1,btc_ret,727,estimated,121.68517206504042,0.5902255504814046
core,matched,12,pca_2,M2,0.1,account_ls,727,estimated,2.218802949557304,1.3827307361816024
core,matched,12,pca_2,M2,0.5,e_origin,727,estimated,0.3771926107317632,2.8016422152754665
core,matched,12,pca_2,M2,0.5,downside,727,estimated,-18841.359147599967,-0.30529653914839505
core,matched,12,pca_2,M2,0.5,btc_vol,727,estimated,-29.741076788596164,-0.0571805646469108
core,matched,12,pca_2,M2,0.5,btc_ret,727,estimated,192.4343427502637,0.9333895326259936
core,matched,12,pca_2,M2,0.5,account_ls,727,estimated,0.9145329033179347,0.5699256686671567
core,matched,12,pca_2,M2,0.9,e_origin,727,estimated,0.3923564466562733,2.9142733794682085
core,matched,12,pca_2,M2,0.9,downside,727,estimated,18743.62323209299,0.30371287225255
core,matched,12,pca_2,M2,0.9,btc_vol,727,estimated,-544.5442216225239,-1.046947502570844
core,matched,12,pca_2,M2,0.9,btc_ret,727,estimated,56.75085938153097,0.2752661367882479
core,matched,12,pca_2,M2,0.9,account_ls,727,estimated,0.6904754946260835,0.4302958445184015
core,matched,12,conditional_linear,M0,0.1,e_origin,727,estimated,0.4093725711033186,4.735077101865366
core,matched,12,conditional_linear,M0,0.1,downside,727,estimated,-131409.46722871633,-2.129297320961684
core,matched,12,conditional_linear,M0,0.5,e_origin,727,estimated,0.3516529728981395,4.067453604146378
core,matched,12,conditional_linear,M0,0.5,downside,727,estimated,-34369.448573186455,-0.556906411030818
core,matched,12,conditional_linear,M0,0.9,e_origin,727,estimated,0.439083523617794,5.078733860662711
core,matched,12,conditional_linear,M0,0.9,downside,727,estimated,-2809.765621455697,-0.04552812317458704
core,matched,12,conditional_linear,M1,0.1,e_origin,727,estimated,0.3879236502516791,4.486984530077775
core,matched,12,conditional_linear,M1,0.1,downside,727,estimated,83538.7409743525,1.3536225441322676
core,matched,12,conditional_linear,M1,0.1,btc_vol,727,estimated,-2026.2418008887385,-3.8956777224157917
core,matched,12,conditional_linear,M1,0.1,btc_ret,727,estimated,52.00711566883495,0.2522569344618364
core,matched,12,conditional_linear,M1,0.5,e_origin,727,estimated,0.3368047844621505,3.8957095205651426
core,matched,12,conditional_linear,M1,0.5,downside,727,estimated,37389.424885296394,0.6058406895600152
core,matched,12,conditional_linear,M1,0.5,btc_vol,727,estimated,-821.0754163026678,-1.5786098215477558
core,matched,12,conditional_linear,M1,0.5,btc_ret,727,estimated,107.76900044766643,0.5227261180191809
core,matched,12,conditional_linear,M1,0.9,e_origin,727,estimated,0.46227769652835127,5.34701318565385
core,matched,12,conditional_linear,M1,0.9,downside,727,estimated,-44143.161197730755,-0.7152750624390918
core,matched,12,conditional_linear,M1,0.9,btc_vol,727,estimated,716.7350117475922,1.3780036602323724
core,matched,12,conditional_linear,M1,0.9,btc_ret,727,estimated,20.113748406187206,0.09756035204470888
core,matched,12,conditional_linear,M2,0.1,e_origin,727,estimated,0.3692301919336081,4.270763481857539
core,matched,12,conditional_linear,M2,0.1,downside,727,estimated,-99935.5346267115,-1.6193084915196263
core,matched,12,conditional_linear,M2,0.1,btc_vol,727,estimated,-1493.0267078106883,-2.8705117434842946
core,matched,12,conditional_linear,M2,0.1,btc_ret,727,estimated,-69.75317466433464,-0.33833297200810264
core,matched,12,conditional_linear,M2,0.1,account_ls,727,estimated,3.0074403586012988,1.8741998796696826
core,matched,12,conditional_linear,M2,0.5,e_origin,727,estimated,0.3163356950806968,3.6589503352466535
core,matched,12,conditional_linear,M2,0.5,downside,727,estimated,30858.075809006514,0.5000097750627793
core,matched,12,conditional_linear,M2,0.5,btc_vol,727,estimated,-826.6166099733963,-1.5892633895124382
core,matched,12,conditional_linear,M2,0.5,btc_ret,727,estimated,113.99474299504463,0.5529236536746981
core,matched,12,conditional_linear,M2,0.5,account_ls,727,estimated,0.6591429571390416,0.41076979213301995
core,matched,12,conditional_linear,M2,0.9,e_origin,727,estimated,0.432233764877604,4.999504967342962
core,matched,12,conditional_linear,M2,0.9,downside,727,estimated,-164866.19330261115,-2.67141440506265
core,matched,12,conditional_linear,M2,0.9,btc_vol,727,estimated,852.4962884561904,1.6390199816844502
core,matched,12,conditional_linear,M2,0.9,btc_ret,727,estimated,12.085881399483673,0.058621735754710004
core,matched,12,conditional_linear,M2,0.9,account_ls,727,estimated,3.15734115945139,1.967616216958676
core,matched,12,ae_relu_1,M0,0.1,e_origin,727,estimated,0.6129360162939945,31.037421331095388
core,matched,12,ae_relu_1,M0,0.1,downside,727,estimated,-131004.35108186533,-2.122733009087055
core,matched,12,ae_relu_1,M0,0.5,e_origin,727,estimated,0.8745159707527849,44.28312241975854
core,matched,12,ae_relu_1,M0,0.5,downside,727,estimated,19390.03005570043,0.31418694498707445
core,matched,12,ae_relu_1,M0,0.9,e_origin,727,estimated,1.1310574778977827,57.273690169907454
core,matched,12,ae_relu_1,M0,0.9,downside,727,estimated,141522.95742819906,2.293171568696439
core,matched,12,ae_relu_1,M1,0.1,e_origin,727,estimated,0.6134785452847121,31.064893531164568
core,matched,12,ae_relu_1,M1,0.1,downside,727,estimated,24574.91689241852,0.39820041740834283
core,matched,12,ae_relu_1,M1,0.1,btc_vol,727,estimated,-1252.9848149542252,-2.4090042106531775
core,matched,12,ae_relu_1,M1,0.1,btc_ret,727,estimated,92.11455771727984,0.4467953211831993
core,matched,12,ae_relu_1,M1,0.5,e_origin,727,estimated,0.8697770771798068,44.04315767212134
core,matched,12,ae_relu_1,M1,0.5,downside,727,estimated,-18705.563255828663,-0.30309616626321334
core,matched,12,ae_relu_1,M1,0.5,btc_vol,727,estimated,410.46850808749446,0.7891718658692812
core,matched,12,ae_relu_1,M1,0.5,btc_ret,727,estimated,207.4921522232704,1.0064264009183697
core,matched,12,ae_relu_1,M1,0.9,e_origin,727,estimated,1.1288498141731076,57.16190005257284
core,matched,12,ae_relu_1,M1,0.9,downside,727,estimated,126125.4501167872,2.043677588094464
core,matched,12,ae_relu_1,M1,0.9,btc_vol,727,estimated,246.11388092362134,0.4731816127132062
core,matched,12,ae_relu_1,M1,0.9,btc_ret,727,estimated,-50.01611184414548,-0.24259970746782095
core,matched,12,ae_relu_1,M2,0.1,e_origin,727,estimated,0.607655380348738,30.770024215618264
core,matched,12,ae_relu_1,M2,0.1,downside,727,estimated,-81875.30261713549,-1.326668969840376
core,matched,12,ae_relu_1,M2,0.1,btc_vol,727,estimated,-1045.1723623955393,-2.0094614011432896
core,matched,12,ae_relu_1,M2,0.1,btc_ret,727,estimated,78.19481248923306,0.37927855516840914
core,matched,12,ae_relu_1,M2,0.1,account_ls,727,estimated,1.6200729610268594,1.009609563803549
core,matched,12,ae_relu_1,M2,0.5,e_origin,727,estimated,0.8692289183187931,44.01540039065414
core,matched,12,ae_relu_1,M2,0.5,downside,727,estimated,-32325.867373172812,-0.5237931805602676
core,matched,12,ae_relu_1,M2,0.5,btc_vol,727,estimated,464.65253403104697,0.893346748988617
core,matched,12,ae_relu_1,M2,0.5,btc_ret,727,estimated,193.61743612412076,0.9391280455935591
core,matched,12,ae_relu_1,M2,0.5,account_ls,727,estimated,0.5402060671300468,0.33664978363289594
core,matched,12,ae_relu_1,M2,0.9,e_origin,727,estimated,1.1299173852205227,57.21595896169005
core,matched,12,ae_relu_1,M2,0.9,downside,727,estimated,3069.674857193864,0.049739570424329346
core,matched,12,ae_relu_1,M2,0.9,btc_vol,727,estimated,587.9884042462171,1.130473829162987
core,matched,12,ae_relu_1,M2,0.9,btc_ret,727,estimated,-40.69102670273029,-0.19736902391390426
core,matched,12,ae_relu_1,M2,0.9,account_ls,727,estimated,2.0090006224954,1.2519845037553292
core,matched,12,ae_relu_2,M0,0.1,e_origin,727,estimated,0.5681528162033918,33.703134998225416
core,matched,12,ae_relu_2,M0,0.1,downside,727,estimated,-64497.68084386104,-1.0450901440004003
core,matched,12,ae_relu_2,M0,0.5,e_origin,727,estimated,0.8730110271582414,51.787490379561014
core,matched,12,ae_relu_2,M0,0.5,downside,727,estimated,9184.098091839294,0.14881481429619028
core,matched,12,ae_relu_2,M0,0.9,e_origin,727,estimated,1.1821120678208061,70.12353273372402
core,matched,12,ae_relu_2,M0,0.9,downside,727,estimated,102919.8924336577,1.6676656245111297
core,matched,12,ae_relu_2,M1,0.1,e_origin,727,estimated,0.5701752970260947,33.82310966394014
core,matched,12,ae_relu_2,M1,0.1,downside,727,estimated,-16103.764675384184,-0.2609378433976313
core,matched,12,ae_relu_2,M1,0.1,btc_vol,727,estimated,-337.50808154501135,-0.6488972411059198
core,matched,12,ae_relu_2,M1,0.1,btc_ret,727,estimated,124.24339772470462,0.6026340479392863
core,matched,12,ae_relu_2,M1,0.5,e_origin,727,estimated,0.8739268958305105,51.84182020882842
core,matched,12,ae_relu_2,M1,0.5,downside,727,estimated,-7466.550004595952,-0.12098447133905113
core,matched,12,ae_relu_2,M1,0.5,btc_vol,727,estimated,198.63036626745873,0.3818892160471808
core,matched,12,ae_relu_2,M1,0.5,btc_ret,727,estimated,232.32252688688175,1.1268644239394177
core,matched,12,ae_relu_2,M1,0.9,e_origin,727,estimated,1.1846984715732762,70.27695961526607
core,matched,12,ae_relu_2,M1,0.9,downside,727,estimated,66960.93316670306,1.0850035283439448
core,matched,12,ae_relu_2,M1,0.9,btc_vol,727,estimated,300.69605104894015,0.5781219727951316
core,matched,12,ae_relu_2,M1,0.9,btc_ret,727,estimated,154.44287053512002,0.7491145119209495
core,matched,12,ae_relu_2,M2,0.1,e_origin,727,estimated,0.5705334772378622,33.84435710949811
core,matched,12,ae_relu_2,M2,0.1,downside,727,estimated,-18994.489550492603,-0.3077777923146495
core,matched,12,ae_relu_2,M2,0.1,btc_vol,727,estimated,-348.93892400457423,-0.6708743211852233
core,matched,12,ae_relu_2,M2,0.1,btc_ret,727,estimated,145.49875798621522,0.7057317097014372
core,matched,12,ae_relu_2,M2,0.1,account_ls,727,estimated,0.2593996775888931,0.1616546918820909
core,matched,12,ae_relu_2,M2,0.5,e_origin,727,estimated,0.876536200074862,51.996605560041644
core,matched,12,ae_relu_2,M2,0.5,downside,727,estimated,-6699.96821186155,-0.10856313981712658
core,matched,12,ae_relu_2,M2,0.5,btc_vol,727,estimated,201.54908019677418,0.38750077179909137
core,matched,12,ae_relu_2,M2,0.5,btc_ret,727,estimated,233.5281857571408,1.132712389293907
core,matched,12,ae_relu_2,M2,0.5,account_ls,727,estimated,-0.03877198621117667,-0.024162225423262473
core,matched,12,ae_relu_2,M2,0.9,e_origin,727,estimated,1.1858731892056014,70.34664450605234
core,matched,12,ae_relu_2,M2,0.9,downside,727,estimated,150495.822144602,2.4385636565338764
core,matched,12,ae_relu_2,M2,0.9,btc_vol,727,estimated,-243.40556774384422,-0.46797457606281473
core,matched,12,ae_relu_2,M2,0.9,btc_ret,727,estimated,119.43376153235008,0.5793052386762281
core,matched,12,ae_relu_2,M2,0.9,account_ls,727,estimated,-1.2466242168503594,-0.7768808949218465
core,matched,12,ae_tanh_1,M0,0.1,e_origin,727,estimated,0.5241041638305579,32.02677690646023
core,matched,12,ae_tanh_1,M0,0.1,downside,727,estimated,-30731.313892839724,-0.49795578447757943
core,matched,12,ae_tanh_1,M0,0.5,e_origin,727,estimated,0.8638646971290563,52.788746668427066
core,matched,12,ae_tanh_1,M0,0.5,downside,727,estimated,35005.39261035547,0.5672109496853178
core,matched,12,ae_tanh_1,M0,0.9,e_origin,727,estimated,1.1850233387711024,72.41399843570164
core,matched,12,ae_tanh_1,M0,0.9,downside,727,estimated,61077.048012944215,0.9896638153159695
core,matched,12,ae_tanh_1,M1,0.1,e_origin,727,estimated,0.5345509866785981,32.665157762452935
core,matched,12,ae_tanh_1,M1,0.1,downside,727,estimated,71518.03482358625,1.158844664405038
core,matched,12,ae_tanh_1,M1,0.1,btc_vol,727,estimated,-611.893498365309,-1.1764340608446908
core,matched,12,ae_tanh_1,M1,0.1,btc_ret,727,estimated,356.8844505939738,1.7310434602294353
core,matched,12,ae_tanh_1,M1,0.5,e_origin,727,estimated,0.8601580924668183,52.56224474611774
core,matched,12,ae_tanh_1,M1,0.5,downside,727,estimated,-10973.048227426438,-0.1778021225272622
core,matched,12,ae_tanh_1,M1,0.5,btc_vol,727,estimated,784.8603955099188,1.5089823715280908
core,matched,12,ae_tanh_1,M1,0.5,btc_ret,727,estimated,244.61548156658432,1.1864905543852233
core,matched,12,ae_tanh_1,M1,0.9,e_origin,727,estimated,1.1820754074561932,72.23385726325202
core,matched,12,ae_tanh_1,M1,0.9,downside,727,estimated,-31735.288108861852,-0.5142237113901038
core,matched,12,ae_tanh_1,M1,0.9,btc_vol,727,estimated,974.0450310037081,1.8727111079470349
core,matched,12,ae_tanh_1,M1,0.9,btc_ret,727,estimated,-97.15951894779579,-0.4712655583444458
core,matched,12,ae_tanh_1,M2,0.1,e_origin,727,estimated,0.5223758569217487,31.9211641225629
core,matched,12,ae_tanh_1,M2,0.1,downside,727,estimated,-144084.23515251742,-2.3346733106305857
core,matched,12,ae_tanh_1,M2,0.1,btc_vol,727,estimated,277.78512408510966,0.5340731392680858
core,matched,12,ae_tanh_1,M2,0.1,btc_ret,727,estimated,422.4260224592763,2.0489483427810913
core,matched,12,ae_tanh_1,M2,0.1,account_ls,727,estimated,6.2456783663178514,3.8922300185040157
core,matched,12,ae_tanh_1,M2,0.5,e_origin,727,estimated,0.8592020656676919,52.503824189432144
core,matched,12,ae_tanh_1,M2,0.5,downside,727,estimated,-12072.269593292924,-0.1956133895451067
core,matched,12,ae_tanh_1,M2,0.5,btc_vol,727,estimated,652.5665676897332,1.254632610494557
core,matched,12,ae_tanh_1,M2,0.5,btc_ret,727,estimated,242.9286965944664,1.1783089199936483
core,matched,12,ae_tanh_1,M2,0.5,account_ls,727,estimated,0.51096394967113,0.3184264553244744
core,matched,12,ae_tanh_1,M2,0.9,e_origin,727,estimated,1.1891362185558956,72.66532687840649
core,matched,12,ae_tanh_1,M2,0.9,downside,727,estimated,93518.14302777793,1.5153240904917433
core,matched,12,ae_tanh_1,M2,0.9,btc_vol,727,estimated,496.36857917264456,0.9543244123884452
core,matched,12,ae_tanh_1,M2,0.9,btc_ret,727,estimated,-61.79507605520381,-0.29973276252778097
core,matched,12,ae_tanh_1,M2,0.9,account_ls,727,estimated,-4.565000552226043,-2.844852254909947
core,matched,12,ae_tanh_2,M0,0.1,e_origin,727,estimated,0.5278078034707679,32.15016837972244
core,matched,12,ae_tanh_2,M0,0.1,downside,727,estimated,47944.19490658751,0.776865228382517
core,matched,12,ae_tanh_2,M0,0.5,e_origin,727,estimated,0.8637655469118646,52.61424251632443
core,matched,12,ae_tanh_2,M0,0.5,downside,727,estimated,16746.34442846573,0.2713499040778512
core,matched,12,ae_tanh_2,M0,0.9,e_origin,727,estimated,1.1875656788388849,72.33776440132551
core,matched,12,ae_tanh_2,M0,0.9,downside,727,estimated,35939.84873913888,0.5823524381452903
core,matched,12,ae_tanh_2,M1,0.1,e_origin,727,estimated,0.5311454904024133,32.353475712705325
core,matched,12,ae_tanh_2,M1,0.1,downside,727,estimated,101125.02795641065,1.638582483064101
core,matched,12,ae_tanh_2,M1,0.1,btc_vol,727,estimated,-305.5245385204698,-0.5874052829447649
core,matched,12,ae_tanh_2,M1,0.1,btc_ret,727,estimated,141.80010382940094,0.6877916423234726
core,matched,12,ae_tanh_2,M1,0.5,e_origin,727,estimated,0.8590314662121987,52.325877148066134
core,matched,12,ae_tanh_2,M1,0.5,downside,727,estimated,-22215.728647358486,-0.3599732385315923
core,matched,12,ae_tanh_2,M1,0.5,btc_vol,727,estimated,690.4246073662224,1.3274189490832409
core,matched,12,ae_tanh_2,M1,0.5,btc_ret,727,estimated,277.2883572257726,1.3449680886196116
core,matched,12,ae_tanh_2,M1,0.9,e_origin,727,estimated,1.1880539948683204,72.36750902136643
core,matched,12,ae_tanh_2,M1,0.9,downside,727,estimated,-138813.2068888678,-2.249264042963684
core,matched,12,ae_tanh_2,M1,0.9,btc_vol,727,estimated,1361.0350951598457,2.6167430250993085
core,matched,12,ae_tanh_2,M1,0.9,btc_ret,727,estimated,27.61860756492323,0.13396215477119713
core,matched,12,ae_tanh_2,M2,0.1,e_origin,727,estimated,0.5259504084742536,32.03702954112833
core,matched,12,ae_tanh_2,M2,0.1,downside,727,estimated,-154844.35880273167,-2.509025303259401
core,matched,12,ae_tanh_2,M2,0.1,btc_vol,727,estimated,817.7387958554748,1.572194793519716
core,matched,12,ae_tanh_2,M2,0.1,btc_ret,727,estimated,305.6263192060199,1.4824194224630869
core,matched,12,ae_tanh_2,M2,0.1,account_ls,727,estimated,5.629009098251601,3.5079293075355427
core,matched,12,ae_tanh_2,M2,0.5,e_origin,727,estimated,0.8582999851664733,52.28132070416363
core,matched,12,ae_tanh_2,M2,0.5,downside,727,estimated,-20782.77521673444,-0.3367543337963642
core,matched,12,ae_tanh_2,M2,0.5,btc_vol,727,estimated,636.7826232030062,1.224286202241692
core,matched,12,ae_tanh_2,M2,0.5,btc_ret,727,estimated,284.56130631040384,1.3802450274959874
core,matched,12,ae_tanh_2,M2,0.5,account_ls,727,estimated,0.7167800260011198,0.4466885052728741
core,matched,12,ae_tanh_2,M2,0.9,e_origin,727,estimated,1.1886271057694806,72.40241872116889
core,matched,12,ae_tanh_2,M2,0.9,downside,727,estimated,-76135.70272079013,-1.2336671873933847
core,matched,12,ae_tanh_2,M2,0.9,btc_vol,727,estimated,1258.9948039364172,2.4205590903223366
core,matched,12,ae_tanh_2,M2,0.9,btc_ret,727,estimated,0.3414054890846002,0.0016559638229761203
core,matched,12,ae_tanh_2,M2,0.9,account_ls,727,estimated,-1.5180753710230697,-0.94604591893692
core,matched,12,conditional_neural,M0,0.1,e_origin,727,estimated,0.2481394814747697,2.3649184322510326
core,matched,12,conditional_neural,M0,0.1,downside,727,estimated,22615.307912804506,0.36644783337904874
core,matched,12,conditional_neural,M0,0.5,e_origin,727,estimated,0.17305983351940268,1.649364251669658
core,matched,12,conditional_neural,M0,0.5,downside,727,estimated,-6952.923332283651,-0.11266190584667651
core,matched,12,conditional_neural,M0,0.9,e_origin,727,estimated,0.19172323291758378,1.8272376677939242
core,matched,12,conditional_neural,M0,0.9,downside,727,estimated,114083.37133139659,1.8485533962284877
core,matched,12,conditional_neural,M1,0.1,e_origin,727,estimated,0.241671684057554,2.3032764346248134
core,matched,12,conditional_neural,M1,0.1,downside,727,estimated,172672.51409572762,2.797904362764252
core,matched,12,conditional_neural,M1,0.1,btc_vol,727,estimated,-1933.4499227243468,-3.717274901771391
core,matched,12,conditional_neural,M1,0.1,btc_ret,727,estimated,79.62683109194613,0.38622446282291095
core,matched,12,conditional_neural,M1,0.5,e_origin,727,estimated,0.16118034554896501,1.5361455897299257
core,matched,12,conditional_neural,M1,0.5,downside,727,estimated,-26138.040875908664,-0.4235285446777698
core,matched,12,conditional_neural,M1,0.5,btc_vol,727,estimated,-70.04185295537815,-0.1346633388351325
core,matched,12,conditional_neural,M1,0.5,btc_ret,727,estimated,143.97171430915088,0.6983248894651745
core,matched,12,conditional_neural,M1,0.9,e_origin,727,estimated,0.15547264503855934,1.481747772572403
core,matched,12,conditional_neural,M1,0.9,downside,727,estimated,-15141.35212944165,-0.245343362277267
core,matched,12,conditional_neural,M1,0.9,btc_vol,727,estimated,652.2955806547361,1.254111607446037
core,matched,12,conditional_neural,M1,0.9,btc_ret,727,estimated,-46.84457461423776,-0.22721638445789813
core,matched,12,conditional_neural,M2,0.1,e_origin,727,estimated,0.24065547727942643,2.293591373117112
core,matched,12,conditional_neural,M2,0.1,downside,727,estimated,158184.4119960365,2.563145957321526
core,matched,12,conditional_neural,M2,0.1,btc_vol,727,estimated,-1931.5344509162146,-3.7135921918166446
core,matched,12,conditional_neural,M2,0.1,btc_ret,727,estimated,30.573192108004786,0.14829316370835888
core,matched,12,conditional_neural,M2,0.1,account_ls,727,estimated,1.8566761861130028,1.1570577865813216
core,matched,12,conditional_neural,M2,0.5,e_origin,727,estimated,0.1457582526732724,1.3891637733384006
core,matched,12,conditional_neural,M2,0.5,downside,727,estimated,-26217.392365645108,-0.4248143189684154
core,matched,12,conditional_neural,M2,0.5,btc_vol,727,estimated,-163.9683428380744,-0.31524757810027837
core,matched,12,conditional_neural,M2,0.5,btc_ret,727,estimated,156.66080788460746,0.7598724643552427
core,matched,12,conditional_neural,M2,0.5,account_ls,727,estimated,0.6706861152091205,0.4179633464138475
core,matched,12,conditional_neural,M2,0.9,e_origin,727,estimated,0.1750216435715057,1.6680614808458445
core,matched,12,conditional_neural,M2,0.9,downside,727,estimated,-39340.101585662305,-0.6374485391293487
core,matched,12,conditional_neural,M2,0.9,btc_vol,727,estimated,409.1231188189805,0.7865852037053538
core,matched,12,conditional_neural,M2,0.9,btc_ret,727,estimated,-109.82780730688178,-0.5327122189647076
core,matched,12,conditional_neural,M2,0.9,account_ls,727,estimated,3.536152886244831,2.203687030713375
core,matched,12,pca_selected,M0,0.1,e_origin,727,estimated,0.45104108945349,3.3501604248959476
core,matched,12,pca_selected,M0,0.1,downside,727,estimated,-33455.38207305015,-0.5420953065421776
core,matched,12,pca_selected,M0,0.5,e_origin,727,estimated,0.3755250445914532,2.789256172806626
core,matched,12,pca_selected,M0,0.5,downside,727,estimated,-9926.388337141072,-0.1608425369864142
core,matched,12,pca_selected,M0,0.9,e_origin,727,estimated,0.3707211005551495,2.7535743168290696
core,matched,12,pca_selected,M0,0.9,downside,727,estimated,-20550.820995446375,-0.3329958564781752
core,matched,12,pca_selected,M1,0.1,e_origin,727,estimated,0.45533033196596884,3.382019275129524
core,matched,12,pca_selected,M1,0.1,downside,727,estimated,132372.4208008904,2.1449005686171363
core,matched,12,pca_selected,M1,0.1,btc_vol,727,estimated,-1386.3865938533297,-2.6654841322301257
core,matched,12,pca_selected,M1,0.1,btc_ret,727,estimated,119.42172659818465,0.579246864056525
core,matched,12,pca_selected,M1,0.5,e_origin,727,estimated,0.3775975162568274,2.8046496984019718
core,matched,12,pca_selected,M1,0.5,downside,727,estimated,-13682.12984178657,-0.22169880931379102
core,matched,12,pca_selected,M1,0.5,btc_vol,727,estimated,83.5748501204524,0.16068204773274386
core,matched,12,pca_selected,M1,0.5,btc_ret,727,estimated,159.19186653248892,0.7721491900926075
core,matched,12,pca_selected,M1,0.9,e_origin,727,estimated,0.37425946542737676,2.7798559356016317
core,matched,12,pca_selected,M1,0.9,downside,727,estimated,73556.90210109139,1.1918815126880622
core,matched,12,pca_selected,M1,0.9,btc_vol,727,estimated,-827.3375562749059,-1.5906494898508168
core,matched,12,pca_selected,M1,0.9,btc_ret,727,estimated,101.70079942456684,0.49329272668226093
core,matched,12,pca_selected,M2,0.1,e_origin,727,estimated,0.4547789451963952,3.3779237854337296
core,matched,12,pca_selected,M2,0.1,downside,727,estimated,1530.20880962197,0.024794785243052966
core,matched,12,pca_selected,M2,0.1,btc_vol,727,estimated,-636.6952132489832,-1.2241181467754316
core,matched,12,pca_selected,M2,0.1,btc_ret,727,estimated,121.68517206504042,0.5902255504814046
core,matched,12,pca_selected,M2,0.1,account_ls,727,estimated,2.218802949557304,1.3827307361816024
core,matched,12,pca_selected,M2,0.5,e_origin,727,estimated,0.3771926107317632,2.8016422152754665
core,matched,12,pca_selected,M2,0.5,downside,727,estimated,-18841.359147599967,-0.30529653914839505
core,matched,12,pca_selected,M2,0.5,btc_vol,727,estimated,-29.741076788596164,-0.0571805646469108
core,matched,12,pca_selected,M2,0.5,btc_ret,727,estimated,192.4343427502637,0.9333895326259936
core,matched,12,pca_selected,M2,0.5,account_ls,727,estimated,0.9145329033179347,0.5699256686671567
core,matched,12,pca_selected,M2,0.9,e_origin,727,estimated,0.3923564466562733,2.9142733794682085
core,matched,12,pca_selected,M2,0.9,downside,727,estimated,18743.62323209299,0.30371287225255
core,matched,12,pca_selected,M2,0.9,btc_vol,727,estimated,-544.5442216225239,-1.046947502570844
core,matched,12,pca_selected,M2,0.9,btc_ret,727,estimated,56.75085938153097,0.2752661367882479
core,matched,12,pca_selected,M2,0.9,account_ls,727,estimated,0.6904754946260835,0.4302958445184015
core,matched,12,ae_selected,M0,0.1,e_origin,727,estimated,0.6091439468255737,30.802296345904928
core,matched,12,ae_selected,M0,0.1,downside,727,estimated,-59037.01944668339,-0.9566081500550785
core,matched,12,ae_selected,M0,0.5,e_origin,727,estimated,0.875526385816016,44.2723322378943
core,matched,12,ae_selected,M0,0.5,downside,727,estimated,9469.857452130578,0.15344512482966904
core,matched,12,ae_selected,M0,0.9,e_origin,727,estimated,1.1523344445948083,58.269555557394035
core,matched,12,ae_selected,M0,0.9,downside,727,estimated,139453.58542016413,2.25964043607939
core,matched,12,ae_selected,M1,0.1,e_origin,727,estimated,0.6125989952765027,30.97700616093236
core,matched,12,ae_selected,M1,0.1,downside,727,estimated,8288.946160287256,0.1343101925980444
core,matched,12,ae_selected,M1,0.1,btc_vol,727,estimated,-570.1146836542697,-1.096109591342904
core,matched,12,ae_selected,M1,0.1,btc_ret,727,estimated,117.09038995384203,0.5679388761487698
core,matched,12,ae_selected,M1,0.5,e_origin,727,estimated,0.870119535705467,43.99892658349861
core,matched,12,ae_selected,M1,0.5,downside,727,estimated,-29018.966584050744,-0.47020971249317406
core,matched,12,ae_selected,M1,0.5,btc_vol,727,estimated,343.40727790380015,0.6602391094974465
core,matched,12,ae_selected,M1,0.5,btc_ret,727,estimated,222.6923781871594,1.080154050596038
core,matched,12,ae_selected,M1,0.9,e_origin,727,estimated,1.1558833912911508,58.44901348097062
core,matched,12,ae_selected,M1,0.9,downside,727,estimated,79961.72485637006,1.2956622540734066
core,matched,12,ae_selected,M1,0.9,btc_vol,727,estimated,356.05529040102925,0.6845563358505304
core,matched,12,ae_selected,M1,0.9,btc_ret,727,estimated,192.99813390059055,0.9361241627901382
core,matched,12,ae_selected,M2,0.1,e_origin,727,estimated,0.6103638662391794,30.863983438901293
core,matched,12,ae_selected,M2,0.1,downside,727,estimated,-35248.53721686316,-0.5711507507526337
core,matched,12,ae_selected,M2,0.1,btc_vol,727,estimated,-449.62424723766554,-0.864453177628391
core,matched,12,ae_selected,M2,0.1,btc_ret,727,estimated,127.5554511021305,0.6186989348498305
core,matched,12,ae_selected,M2,0.1,account_ls,727,estimated,1.0834313895397227,0.6751811300590785
core,matched,12,ae_selected,M2,0.5,e_origin,727,estimated,0.8712211112779787,44.05462943897101
core,matched,12,ae_selected,M2,0.5,downside,727,estimated,-11757.93100110463,-0.19051999455358407
core,matched,12,ae_selected,M2,0.5,btc_vol,727,estimated,373.23903171736544,0.7175940109219088
core,matched,12,ae_selected,M2,0.5,btc_ret,727,estimated,225.1455772556511,1.0920531238033067
core,matched,12,ae_selected,M2,0.5,account_ls,727,estimated,-0.505815452536702,-0.3152179751688405
core,matched,12,ae_selected,M2,0.9,e_origin,727,estimated,1.1549319390256447,58.40090184037429
core,matched,12,ae_selected,M2,0.9,downside,727,estimated,85435.52934324414,1.3843572124745624
core,matched,12,ae_selected,M2,0.9,btc_vol,727,estimated,363.41930125665914,0.6987144748373594
core,matched,12,ae_selected,M2,0.9,btc_ret,727,estimated,143.63406995468551,0.6966871687667582
core,matched,12,ae_selected,M2,0.9,account_ls,727,estimated,0.33602035864737484,0.20940375889494509
core,matched,12,ae_reconstruction_selected,M0,0.1,e_origin,727,estimated,0.6091439468255737,30.802296345904928
core,matched,12,ae_reconstruction_selected,M0,0.1,downside,727,estimated,-59037.01944668339,-0.9566081500550785
core,matched,12,ae_reconstruction_selected,M0,0.5,e_origin,727,estimated,0.875526385816016,44.2723322378943
core,matched,12,ae_reconstruction_selected,M0,0.5,downside,727,estimated,9469.857452130578,0.15344512482966904
core,matched,12,ae_reconstruction_selected,M0,0.9,e_origin,727,estimated,1.1523344445948083,58.269555557394035
core,matched,12,ae_reconstruction_selected,M0,0.9,downside,727,estimated,139453.58542016413,2.25964043607939
core,matched,12,ae_reconstruction_selected,M1,0.1,e_origin,727,estimated,0.6125989952765027,30.97700616093236
core,matched,12,ae_reconstruction_selected,M1,0.1,downside,727,estimated,8288.946160287256,0.1343101925980444
core,matched,12,ae_reconstruction_selected,M1,0.1,btc_vol,727,estimated,-570.1146836542697,-1.096109591342904
core,matched,12,ae_reconstruction_selected,M1,0.1,btc_ret,727,estimated,117.09038995384203,0.5679388761487698
core,matched,12,ae_reconstruction_selected,M1,0.5,e_origin,727,estimated,0.870119535705467,43.99892658349861
core,matched,12,ae_reconstruction_selected,M1,0.5,downside,727,estimated,-29018.966584050744,-0.47020971249317406
core,matched,12,ae_reconstruction_selected,M1,0.5,btc_vol,727,estimated,343.40727790380015,0.6602391094974465
core,matched,12,ae_reconstruction_selected,M1,0.5,btc_ret,727,estimated,222.6923781871594,1.080154050596038
core,matched,12,ae_reconstruction_selected,M1,0.9,e_origin,727,estimated,1.1558833912911508,58.44901348097062
core,matched,12,ae_reconstruction_selected,M1,0.9,downside,727,estimated,79961.72485637006,1.2956622540734066
core,matched,12,ae_reconstruction_selected,M1,0.9,btc_vol,727,estimated,356.05529040102925,0.6845563358505304
core,matched,12,ae_reconstruction_selected,M1,0.9,btc_ret,727,estimated,192.99813390059055,0.9361241627901382
core,matched,12,ae_reconstruction_selected,M2,0.1,e_origin,727,estimated,0.6103638662391794,30.863983438901293
core,matched,12,ae_reconstruction_selected,M2,0.1,downside,727,estimated,-35248.53721686316,-0.5711507507526337
core,matched,12,ae_reconstruction_selected,M2,0.1,btc_vol,727,estimated,-449.62424723766554,-0.864453177628391
core,matched,12,ae_reconstruction_selected,M2,0.1,btc_ret,727,estimated,127.5554511021305,0.6186989348498305
core,matched,12,ae_reconstruction_selected,M2,0.1,account_ls,727,estimated,1.0834313895397227,0.6751811300590785
core,matched,12,ae_reconstruction_selected,M2,0.5,e_origin,727,estimated,0.8712211112779787,44.05462943897101
core,matched,12,ae_reconstruction_selected,M2,0.5,downside,727,estimated,-11757.93100110463,-0.19051999455358407
core,matched,12,ae_reconstruction_selected,M2,0.5,btc_vol,727,estimated,373.23903171736544,0.7175940109219088
core,matched,12,ae_reconstruction_selected,M2,0.5,btc_ret,727,estimated,225.1455772556511,1.0920531238033067
core,matched,12,ae_reconstruction_selected,M2,0.5,account_ls,727,estimated,-0.505815452536702,-0.3152179751688405
core,matched,12,ae_reconstruction_selected,M2,0.9,e_origin,727,estimated,1.1549319390256447,58.40090184037429
core,matched,12,ae_reconstruction_selected,M2,0.9,downside,727,estimated,85435.52934324414,1.3843572124745624
core,matched,12,ae_reconstruction_selected,M2,0.9,btc_vol,727,estimated,363.41930125665914,0.6987144748373594
core,matched,12,ae_reconstruction_selected,M2,0.9,btc_ret,727,estimated,143.63406995468551,0.6966871687667582
core,matched,12,ae_reconstruction_selected,M2,0.9,account_ls,727,estimated,0.33602035864737484,0.20940375889494509
full_macro,all,1,sequential_ols,M0,0.1,e_origin,1049,estimated,0.528782081169737,5.190869585827946
full_macro,all,1,sequential_ols,M0,0.1,downside,1049,estimated,-110652.93662607226,-1.957311721776674
full_macro,all,1,sequential_ols,M0,0.1,dxy_ret,1049,estimated,217.02426073979768,0.2155135770646145
full_macro,all,1,sequential_ols,M0,0.1,fx_ret,1049,estimated,-1011.3404963650223,-1.2836101525720423
full_macro,all,1,sequential_ols,M0,0.5,e_origin,1049,estimated,0.42327072228685086,4.15510131135659
full_macro,all,1,sequential_ols,M0,0.5,downside,1049,estimated,-28561.506607039082,-0.5052172439171159
full_macro,all,1,sequential_ols,M0,0.5,dxy_ret,1049,estimated,-200.62378758982933,-0.19922726593030504
full_macro,all,1,sequential_ols,M0,0.5,fx_ret,1049,estimated,-724.9449512082351,-0.9201121706995039
full_macro,all,1,sequential_ols,M0,0.9,e_origin,1049,estimated,0.3229543313194252,3.1703302281895662
full_macro,all,1,sequential_ols,M0,0.9,downside,1049,estimated,19811.72302342343,0.3504445420493486
full_macro,all,1,sequential_ols,M0,0.9,dxy_ret,1049,estimated,-546.0524068977652,-0.5422513919601589
full_macro,all,1,sequential_ols,M0,0.9,fx_ret,1049,estimated,-201.45178723151807,-0.25568595371546204
full_macro,all,1,sequential_ols,M1,0.1,e_origin,1049,estimated,0.4829239493403346,4.74069627199411
full_macro,all,1,sequential_ols,M1,0.1,downside,1049,estimated,6267.219783159066,0.11085926066274461
full_macro,all,1,sequential_ols,M1,0.1,dxy_ret,1049,estimated,389.1387312212187,0.3864299763261048
full_macro,all,1,sequential_ols,M1,0.1,fx_ret,1049,estimated,-253.10357379660016,-0.32124325896698014
full_macro,all,1,sequential_ols,M1,0.1,btc_vol,1049,estimated,-1110.630832463418,-2.2208031533126262
full_macro,all,1,sequential_ols,M1,0.1,btc_ret,1049,estimated,331.41648085859816,1.998994763577843
full_macro,all,1,sequential_ols,M1,0.1,vixy_ret,1049,estimated,-35.12953911118685,-0.7048819114797137
full_macro,all,1,sequential_ols,M1,0.5,e_origin,1049,estimated,0.4151693126575905,4.07557259367797
full_macro,all,1,sequential_ols,M1,0.5,downside,1049,estimated,-59035.793418330744,-1.0442691715680914
full_macro,all,1,sequential_ols,M1,0.5,dxy_ret,1049,estimated,-272.31780151423396,-0.27042222515882103
full_macro,all,1,sequential_ols,M1,0.5,fx_ret,1049,estimated,-499.8691959412267,-0.6344422844475878
full_macro,all,1,sequential_ols,M1,0.5,btc_vol,1049,estimated,247.34080724203397,0.49457950257660627
full_macro,all,1,sequential_ols,M1,0.5,btc_ret,1049,estimated,154.43882399616479,0.9315239835437535
full_macro,all,1,sequential_ols,M1,0.5,vixy_ret,1049,estimated,-22.086888530813965,-0.4431782653613507
full_macro,all,1,sequential_ols,M1,0.9,e_origin,1049,estimated,0.3083577774076076,3.0270409404906693
full_macro,all,1,sequential_ols,M1,0.9,downside,1049,estimated,-99256.08958625757,-1.7557157860293255
full_macro,all,1,sequential_ols,M1,0.9,dxy_ret,1049,estimated,-257.9418781212573,-0.2561463710977772
full_macro,all,1,sequential_ols,M1,0.9,fx_ret,1049,estimated,89.07725274867194,0.11305832842883842
full_macro,all,1,sequential_ols,M1,0.9,btc_vol,1049,estimated,1179.1001918336408,2.3577136052378784
full_macro,all,1,sequential_ols,M1,0.9,btc_ret,1049,estimated,47.274449614589415,0.2851438678781599
full_macro,all,1,sequential_ols,M1,0.9,vixy_ret,1049,estimated,-1.5174256743902115,-0.03044747915727578
full_macro,all,1,sequential_ols,M2,0.1,e_origin,1049,estimated,0.48820557373976015,4.792544139830509
full_macro,all,1,sequential_ols,M2,0.1,downside,1049,estimated,-1168.2466010991238,-0.020664817726295165
full_macro,all,1,sequential_ols,M2,0.1,dxy_ret,1049,estimated,141.02249358516926,0.14004085043538259
full_macro,all,1,sequential_ols,M2,0.1,fx_ret,1049,estimated,-184.0210657539516,-0.23356259255700176
full_macro,all,1,sequential_ols,M2,0.1,btc_vol,1049,estimated,-1115.1153048537094,-2.2297702467285476
full_macro,all,1,sequential_ols,M2,0.1,btc_ret,1049,estimated,326.9307348767819,1.9719382252151145
full_macro,all,1,sequential_ols,M2,0.1,vixy_ret,1049,estimated,-30.774839198352243,-0.6175039020852803
full_macro,all,1,sequential_ols,M2,0.1,account_ls,1049,estimated,0.23423391221139678,0.1339846127211348
full_macro,all,1,sequential_ols,M2,0.5,e_origin,1049,estimated,0.4140432767525451,4.064518691247842
full_macro,all,1,sequential_ols,M2,0.5,downside,1049,estimated,-60525.98450169424,-1.0706287835593307
full_macro,all,1,sequential_ols,M2,0.5,dxy_ret,1049,estimated,-313.50600884878213,-0.31132372559609306
full_macro,all,1,sequential_ols,M2,0.5,fx_ret,1049,estimated,-423.51850623788835,-0.5375367211765308
full_macro,all,1,sequential_ols,M2,0.5,btc_vol,1049,estimated,228.85057008481576,0.45760666175138903
full_macro,all,1,sequential_ols,M2,0.5,btc_ret,1049,estimated,159.41606425983312,0.9615450531006017
full_macro,all,1,sequential_ols,M2,0.5,vixy_ret,1049,estimated,-22.105207074552304,-0.44354583096148387
full_macro,all,1,sequential_ols,M2,0.5,account_ls,1049,estimated,0.3031558565558894,0.17340879316452978
full_macro,all,1,sequential_ols,M2,0.9,e_origin,1049,estimated,0.31307452588711837,3.0733436180930016
full_macro,all,1,sequential_ols,M2,0.9,downside,1049,estimated,-120610.30106914898,-2.133445015087248
full_macro,all,1,sequential_ols,M2,0.9,dxy_ret,1049,estimated,-182.8264997219369,-0.18155386316241437
full_macro,all,1,sequential_ols,M2,0.9,fx_ret,1049,estimated,187.50910394847526,0.23798966855676837
full_macro,all,1,sequential_ols,M2,0.9,btc_vol,1049,estimated,1248.526078851585,2.4965367175667494
full_macro,all,1,sequential_ols,M2,0.9,btc_ret,1049,estimated,58.25183822491541,0.3513558507371632
full_macro,all,1,sequential_ols,M2,0.9,vixy_ret,1049,estimated,-5.6227234383535505,-0.11282117970304727
full_macro,all,1,sequential_ols,M2,0.9,account_ls,1049,estimated,0.7915219396174783,0.452760061678077
full_macro,all,1,pca_1,M0,0.1,e_origin,1049,estimated,0.5271797791391667,5.1649682253598455
full_macro,all,1,pca_1,M0,0.1,downside,1049,estimated,-115216.72953935956,-2.0380394967215443
full_macro,all,1,pca_1,M0,0.1,dxy_ret,1049,estimated,282.54129254467824,0.28057455151417127
full_macro,all,1,pca_1,M0,0.1,fx_ret,1049,estimated,-1058.1839562403732,-1.3430646497406191
full_macro,all,1,pca_1,M0,0.5,e_origin,1049,estimated,0.4406449154023433,4.317155317367884
full_macro,all,1,pca_1,M0,0.5,downside,1049,estimated,-21220.535255899293,-0.37536466419419234
full_macro,all,1,pca_1,M0,0.5,dxy_ret,1049,estimated,-227.05355557569084,-0.2254730590052556
full_macro,all,1,pca_1,M0,0.5,fx_ret,1049,estimated,-727.5052952587657,-0.9233618018861822
full_macro,all,1,pca_1,M0,0.9,e_origin,1049,estimated,0.3306678099330891,3.239670410429152
full_macro,all,1,pca_1,M0,0.9,downside,1049,estimated,19095.5580674288,0.33777648184385306
full_macro,all,1,pca_1,M0,0.9,dxy_ret,1049,estimated,-563.8927238274051,-0.5599675242689005
full_macro,all,1,pca_1,M0,0.9,fx_ret,1049,estimated,-213.53399633402128,-0.2710208941486926
full_macro,all,1,pca_1,M1,0.1,e_origin,1049,estimated,0.4977950257171454,4.877075321002622
full_macro,all,1,pca_1,M1,0.1,downside,1049,estimated,-8783.168162529919,-0.15536323321404585
full_macro,all,1,pca_1,M1,0.1,dxy_ret,1049,estimated,401.7578002338226,0.39896120529037327
full_macro,all,1,pca_1,M1,0.1,fx_ret,1049,estimated,-270.16163616477814,-0.3428936349953296
full_macro,all,1,pca_1,M1,0.1,btc_vol,1049,estimated,-1064.4878047726802,-2.1285361475680706
full_macro,all,1,pca_1,M1,0.1,btc_ret,1049,estimated,314.82912606029305,1.898945317341743
full_macro,all,1,pca_1,M1,0.1,vixy_ret,1049,estimated,-33.076252433036025,-0.6636822636867288
full_macro,all,1,pca_1,M1,0.5,e_origin,1049,estimated,0.4241916537804694,4.155956847997006
full_macro,all,1,pca_1,M1,0.5,downside,1049,estimated,-58172.48004363442,-1.028998240317799
full_macro,all,1,pca_1,M1,0.5,dxy_ret,1049,estimated,-380.8152761445362,-0.37816445996863557
full_macro,all,1,pca_1,M1,0.5,fx_ret,1049,estimated,-437.1495875991182,-0.5548375160015163
full_macro,all,1,pca_1,M1,0.5,btc_vol,1049,estimated,239.11201620443896,0.478125317666479
full_macro,all,1,pca_1,M1,0.5,btc_ret,1049,estimated,152.57205566359548,0.9202642534544369
full_macro,all,1,pca_1,M1,0.5,vixy_ret,1049,estimated,-24.39681644100073,-0.4895274757953209
full_macro,all,1,pca_1,M1,0.9,e_origin,1049,estimated,0.32863331384785294,3.2197377270245977
full_macro,all,1,pca_1,M1,0.9,downside,1049,estimated,-94731.85849344722,-1.6756878100894834
full_macro,all,1,pca_1,M1,0.9,dxy_ret,1049,estimated,-309.77806745862495,-0.3076217340245458
full_macro,all,1,pca_1,M1,0.9,fx_ret,1049,estimated,72.6693788176941,0.09223318236218307
full_macro,all,1,pca_1,M1,0.9,btc_vol,1049,estimated,1161.1762313949594,2.3218730840686757
full_macro,all,1,pca_1,M1,0.9,btc_ret,1049,estimated,35.51571841817565,0.2142190845751248
full_macro,all,1,pca_1,M1,0.9,vixy_ret,1049,estimated,-3.876127967677645,-0.07777535829174984
full_macro,all,1,pca_1,M2,0.1,e_origin,1049,estimated,0.49690340638086505,4.868339808520478
full_macro,all,1,pca_1,M2,0.1,downside,1049,estimated,-4778.843114591972,-0.08453174339449644
full_macro,all,1,pca_1,M2,0.1,dxy_ret,1049,estimated,248.76212141572742,0.2470305137394905
full_macro,all,1,pca_1,M2,0.1,fx_ret,1049,estimated,-263.0476675912561,-0.33386446794538727
full_macro,all,1,pca_1,M2,0.1,btc_vol,1049,estimated,-1095.9160453548882,-2.19137965393213
full_macro,all,1,pca_1,M2,0.1,btc_ret,1049,estimated,311.06892170251325,1.8762650064479964
full_macro,all,1,pca_1,M2,0.1,vixy_ret,1049,estimated,-32.037033208899636,-0.6428301018966969
full_macro,all,1,pca_1,M2,0.1,account_ls,1049,estimated,0.14622935300259335,0.08364494724757152
full_macro,all,1,pca_1,M2,0.5,e_origin,1049,estimated,0.4243706317141175,4.157710358615039
full_macro,all,1,pca_1,M2,0.5,downside,1049,estimated,-59936.511588895046,-1.060201746762371
full_macro,all,1,pca_1,M2,0.5,dxy_ret,1049,estimated,-339.41622699895936,-0.3370535853686102
full_macro,all,1,pca_1,M2,0.5,fx_ret,1049,estimated,-456.7898341407004,-0.5797652430631781
full_macro,all,1,pca_1,M2,0.5,btc_vol,1049,estimated,227.43219619192263,0.45477049952552434
full_macro,all,1,pca_1,M2,0.5,btc_ret,1049,estimated,152.29400947312655,0.9185871706571656
full_macro,all,1,pca_1,M2,0.5,vixy_ret,1049,estimated,-24.743332992849833,-0.4964804064515895
full_macro,all,1,pca_1,M2,0.5,account_ls,1049,estimated,0.32805885555082404,0.18765360786463103
full_macro,all,1,pca_1,M2,0.9,e_origin,1049,estimated,0.32971930808258026,3.230377599677623
full_macro,all,1,pca_1,M2,0.9,downside,1049,estimated,-115306.20956805031,-2.0396222862467166
full_macro,all,1,pca_1,M2,0.9,dxy_ret,1049,estimated,-95.2517001912551,-0.09458866285145788
full_macro,all,1,pca_1,M2,0.9,fx_ret,1049,estimated,25.36226721295388,0.032190210719142895
full_macro,all,1,pca_1,M2,0.9,btc_vol,1049,estimated,1166.8688014684394,2.333255874101253
full_macro,all,1,pca_1,M2,0.9,btc_ret,1049,estimated,42.82006272732887,0.2582764772175767
full_macro,all,1,pca_1,M2,0.9,vixy_ret,1049,estimated,-6.353845862243823,-0.1274913115839789
full_macro,all,1,pca_1,M2,0.9,account_ls,1049,estimated,1.1069804279861282,0.6332061080879685
full_macro,all,1,pca_2,M0,0.1,e_origin,1049,estimated,0.5685695176191896,4.439095922087186
full_macro,all,1,pca_2,M0,0.1,downside,1049,estimated,-45185.78995993116,-0.7992799743325834
full_macro,all,1,pca_2,M0,0.1,dxy_ret,1049,estimated,369.9744167924384,0.3673990627293557
full_macro,all,1,pca_2,M0,0.1,fx_ret,1049,estimated,-129.48246479236582,-0.16434129453424412
full_macro,all,1,pca_2,M0,0.5,e_origin,1049,estimated,0.5463515088874125,4.265629232611604
full_macro,all,1,pca_2,M0,0.5,downside,1049,estimated,-6277.8891116769655,-0.11104798770793946
full_macro,all,1,pca_2,M0,0.5,dxy_ret,1049,estimated,-346.06884090869306,-0.34365989111354944
full_macro,all,1,pca_2,M0,0.5,fx_ret,1049,estimated,-81.90491788831811,-0.10395508191840336
full_macro,all,1,pca_2,M0,0.9,e_origin,1049,estimated,0.4475188108292409,3.4939947827803524
full_macro,all,1,pca_2,M0,0.9,downside,1049,estimated,-3720.913494873311,-0.06581829476287492
full_macro,all,1,pca_2,M0,0.9,dxy_ret,1049,estimated,-79.39849986281385,-0.07884581502855656
full_macro,all,1,pca_2,M0,0.9,fx_ret,1049,estimated,-493.9884784505904,-0.626978380151735
full_macro,all,1,pca_2,M1,0.1,e_origin,1049,estimated,0.5367601449689575,4.1907448374087926
full_macro,all,1,pca_2,M1,0.1,downside,1049,estimated,70275.49249476012,1.2430853568617592
full_macro,all,1,pca_2,M1,0.1,dxy_ret,1049,estimated,640.2629861598608,0.6358061810187278
full_macro,all,1,pca_2,M1,0.1,fx_ret,1049,estimated,-54.703908137681324,-0.06943110863579244
full_macro,all,1,pca_2,M1,0.1,btc_vol,1049,estimated,-1116.5611101211657,-2.2326612603788
full_macro,all,1,pca_2,M1,0.1,btc_ret,1049,estimated,72.52062112144219,0.437420436960791
full_macro,all,1,pca_2,M1,0.1,vixy_ret,1049,estimated,-14.638744004666956,-0.29372961094117894
full_macro,all,1,pca_2,M1,0.5,e_origin,1049,estimated,0.5514117745701707,4.305137162707946
full_macro,all,1,pca_2,M1,0.5,downside,1049,estimated,-15927.597968282887,-0.2817392394059685
full_macro,all,1,pca_2,M1,0.5,dxy_ret,1049,estimated,-357.02606670194535,-0.3545408447790924
full_macro,all,1,pca_2,M1,0.5,fx_ret,1049,estimated,84.8361711228218,0.10767547720079551
full_macro,all,1,pca_2,M1,0.5,btc_vol,1049,estimated,45.22829939572018,0.09043792678994557
full_macro,all,1,pca_2,M1,0.5,btc_ret,1049,estimated,85.85350379820214,0.5178399821360726
full_macro,all,1,pca_2,M1,0.5,vixy_ret,1049,estimated,-21.347786488110685,-0.4283480206778004
full_macro,all,1,pca_2,M1,0.9,e_origin,1049,estimated,0.43311738784486076,3.3815559409832927
full_macro,all,1,pca_2,M1,0.9,downside,1049,estimated,-24264.805747478807,-0.4292139925456231
full_macro,all,1,pca_2,M1,0.9,dxy_ret,1049,estimated,-247.15161260920698,-0.24543121552000052
full_macro,all,1,pca_2,M1,0.9,fx_ret,1049,estimated,-4.9528832046951035,-0.006286281612276658
full_macro,all,1,pca_2,M1,0.9,btc_vol,1049,estimated,212.85640576334242,0.4256249361216909
full_macro,all,1,pca_2,M1,0.9,btc_ret,1049,estimated,105.22316424713344,0.6346713772114874
full_macro,all,1,pca_2,M1,0.9,vixy_ret,1049,estimated,-2.854100372013114,-0.05726815029972641
full_macro,all,1,pca_2,M2,0.1,e_origin,1049,estimated,0.5397422141320606,4.2140272868738
full_macro,all,1,pca_2,M2,0.1,downside,1049,estimated,70641.87378211523,1.2495661824977127
full_macro,all,1,pca_2,M2,0.1,dxy_ret,1049,estimated,432.30002743938354,0.42929083117714206
full_macro,all,1,pca_2,M2,0.1,fx_ret,1049,estimated,-7.17478258550573,-0.009106353203845423
full_macro,all,1,pca_2,M2,0.1,btc_vol,1049,estimated,-1141.6633686611142,-2.2828554142698256
full_macro,all,1,pca_2,M2,0.1,btc_ret,1049,estimated,80.57112106701275,0.4859783939872114
full_macro,all,1,pca_2,M2,0.1,vixy_ret,1049,estimated,-20.162851349546106,-0.4045720370872585
full_macro,all,1,pca_2,M2,0.1,account_ls,1049,estimated,0.37556170336519695,0.21482580768604564
full_macro,all,1,pca_2,M2,0.5,e_origin,1049,estimated,0.5468526447246895,4.269541841330031
full_macro,all,1,pca_2,M2,0.5,downside,1049,estimated,-14508.114862772836,-0.25663036289537317
full_macro,all,1,pca_2,M2,0.5,dxy_ret,1049,estimated,-183.60311662294603,-0.18232507411263155
full_macro,all,1,pca_2,M2,0.5,fx_ret,1049,estimated,68.30641976658174,0.08669564228206887
full_macro,all,1,pca_2,M2,0.5,btc_vol,1049,estimated,-18.857667635259393,-0.037707550091704234
full_macro,all,1,pca_2,M2,0.5,btc_ret,1049,estimated,103.61314730694242,0.6249602867298808
full_macro,all,1,pca_2,M2,0.5,vixy_ret,1049,estimated,-18.89549308340357,-0.3791422153540241
full_macro,all,1,pca_2,M2,0.5,account_ls,1049,estimated,0.680920624909098,0.3894947804993354
full_macro,all,1,pca_2,M2,0.9,e_origin,1049,estimated,0.4624339059809315,3.6104441104591487
full_macro,all,1,pca_2,M2,0.9,downside,1049,estimated,-55017.132611602065,-0.9731841001484757
full_macro,all,1,pca_2,M2,0.9,dxy_ret,1049,estimated,-306.9051334111191,-0.30476879817701374
full_macro,all,1,pca_2,M2,0.9,fx_ret,1049,estimated,89.16218713833581,0.11316612856664256
full_macro,all,1,pca_2,M2,0.9,btc_vol,1049,estimated,308.74515128900214,0.6173628405685235
full_macro,all,1,pca_2,M2,0.9,btc_ret,1049,estimated,119.1680254656742,0.7187821748473362
full_macro,all,1,pca_2,M2,0.9,vixy_ret,1049,estimated,2.2733953223421186,0.045616176041753165
full_macro,all,1,pca_2,M2,0.9,account_ls,1049,estimated,0.9992489642903426,0.5715824161772354
full_macro,all,1,conditional_linear,M0,0.1,e_origin,1049,estimated,0.48331580745370173,5.494628916997212
full_macro,all,1,conditional_linear,M0,0.1,downside,1049,estimated,-113511.96466514525,-2.007884343384325
full_macro,all,1,conditional_linear,M0,0.1,dxy_ret,1049,estimated,-67.90224605855484,-0.06742958547084332
full_macro,all,1,conditional_linear,M0,0.1,fx_ret,1049,estimated,-884.7356543412569,-1.1229211846422642
full_macro,all,1,conditional_linear,M0,0.5,e_origin,1049,estimated,0.4603422350369155,5.233451332111174
full_macro,all,1,conditional_linear,M0,0.5,downside,1049,estimated,-38210.64632287803,-0.6758984282285169
full_macro,all,1,conditional_linear,M0,0.5,dxy_ret,1049,estimated,-466.6235774029914,-0.4633754584211074
full_macro,all,1,conditional_linear,M0,0.5,fx_ret,1049,estimated,-659.6796642384696,-0.8372763846650031
full_macro,all,1,conditional_linear,M0,0.9,e_origin,1049,estimated,0.46103447326475394,5.241321118543715
full_macro,all,1,conditional_linear,M0,0.9,downside,1049,estimated,3841.2336921536007,0.06794660820564444
full_macro,all,1,conditional_linear,M0,0.9,dxy_ret,1049,estimated,-317.27262378798093,-0.31506412151406377
full_macro,all,1,conditional_linear,M0,0.9,fx_ret,1049,estimated,52.85146483213675,0.06707995683023583
full_macro,all,1,conditional_linear,M1,0.1,e_origin,1049,estimated,0.46092020086437435,5.240022000191166
full_macro,all,1,conditional_linear,M1,0.1,downside,1049,estimated,50405.835453381995,0.8916160346674828
full_macro,all,1,conditional_linear,M1,0.1,dxy_ret,1049,estimated,-402.3980845423416,-0.3995970326453284
full_macro,all,1,conditional_linear,M1,0.1,fx_ret,1049,estimated,-357.66174103104754,-0.4539502211412913
full_macro,all,1,conditional_linear,M1,0.1,btc_vol,1049,estimated,-1422.962121097534,-2.8453367880743707
full_macro,all,1,conditional_linear,M1,0.1,btc_ret,1049,estimated,288.7557474596632,1.7416793082512676
full_macro,all,1,conditional_linear,M1,0.1,vixy_ret,1049,estimated,-32.685657701144734,-0.6558448946749116
full_macro,all,1,conditional_linear,M1,0.5,e_origin,1049,estimated,0.43360071026111713,4.929437366394205
full_macro,all,1,conditional_linear,M1,0.5,downside,1049,estimated,27536.046859781825,0.48707814662140214
full_macro,all,1,conditional_linear,M1,0.5,dxy_ret,1049,estimated,-488.9725787406403,-0.48556889064697895
full_macro,all,1,conditional_linear,M1,0.5,fx_ret,1049,estimated,-345.2282691687099,-0.4381694521801174
full_macro,all,1,conditional_linear,M1,0.5,btc_vol,1049,estimated,-484.521652398888,-0.9688432754104517
full_macro,all,1,conditional_linear,M1,0.5,btc_ret,1049,estimated,173.84981406775438,1.0486046652541012
full_macro,all,1,conditional_linear,M1,0.5,vixy_ret,1049,estimated,-17.031886317999763,-0.3417485366357615
full_macro,all,1,conditional_linear,M1,0.9,e_origin,1049,estimated,0.47734060490469216,5.426699169605599
full_macro,all,1,conditional_linear,M1,0.9,downside,1049,estimated,-110864.66789414288,-1.9610569824583832
full_macro,all,1,conditional_linear,M1,0.9,dxy_ret,1049,estimated,146.14126465586145,0.1451239902643549
full_macro,all,1,conditional_linear,M1,0.9,fx_ret,1049,estimated,65.51141369453661,0.08314817416082525
full_macro,all,1,conditional_linear,M1,0.9,btc_vol,1049,estimated,1206.9005305755963,2.413302805660448
full_macro,all,1,conditional_linear,M1,0.9,btc_ret,1049,estimated,56.03930400089707,0.3380105749784224
full_macro,all,1,conditional_linear,M1,0.9,vixy_ret,1049,estimated,-12.896969712177503,-0.25878052752820524
full_macro,all,1,conditional_linear,M2,0.1,e_origin,1049,estimated,0.4595770706648798,5.224752476787171
full_macro,all,1,conditional_linear,M2,0.1,downside,1049,estimated,19661.8459321684,0.34779340420805843
full_macro,all,1,conditional_linear,M2,0.1,dxy_ret,1049,estimated,-417.21902039698233,-0.41431480148182
full_macro,all,1,conditional_linear,M2,0.1,fx_ret,1049,estimated,-158.00179049973764,-0.20053849632144372
full_macro,all,1,conditional_linear,M2,0.1,btc_vol,1049,estimated,-1317.6927781232043,-2.6348415614057554
full_macro,all,1,conditional_linear,M2,0.1,btc_ret,1049,estimated,276.5612793854631,1.6681263040017784
full_macro,all,1,conditional_linear,M2,0.1,vixy_ret,1049,estimated,-34.35160146143229,-0.6892724218181653
full_macro,all,1,conditional_linear,M2,0.1,account_ls,1049,estimated,1.4176889793199083,0.8109351334309343
full_macro,all,1,conditional_linear,M2,0.5,e_origin,1049,estimated,0.4370421799657787,4.968562093259288
full_macro,all,1,conditional_linear,M2,0.5,downside,1049,estimated,26222.0245397487,0.4638347391882278
full_macro,all,1,conditional_linear,M2,0.5,dxy_ret,1049,estimated,-453.19450705633875,-0.450039866459205
full_macro,all,1,conditional_linear,M2,0.5,fx_ret,1049,estimated,-342.4670224323473,-0.4346648319683383
full_macro,all,1,conditional_linear,M2,0.5,btc_vol,1049,estimated,-479.70408931679066,-0.9592101381237136
full_macro,all,1,conditional_linear,M2,0.5,btc_ret,1049,estimated,169.57137644645374,1.02279854245925
full_macro,all,1,conditional_linear,M2,0.5,vixy_ret,1049,estimated,-18.30480303019631,-0.3672898898088764
full_macro,all,1,conditional_linear,M2,0.5,account_ls,1049,estimated,0.17810269044138774,0.10187687930450075
full_macro,all,1,conditional_linear,M2,0.9,e_origin,1049,estimated,0.477319147613065,5.4264552300256454
full_macro,all,1,conditional_linear,M2,0.9,downside,1049,estimated,-110428.00424912445,-1.953332950029343
full_macro,all,1,conditional_linear,M2,0.9,dxy_ret,1049,estimated,37.52893353421729,0.037267698467483665
full_macro,all,1,conditional_linear,M2,0.9,fx_ret,1049,estimated,224.98374519640387,0.28555310554236146
full_macro,all,1,conditional_linear,M2,0.9,btc_vol,1049,estimated,1126.8654536029978,2.253265693308608
full_macro,all,1,conditional_linear,M2,0.9,btc_ret,1049,estimated,73.59690027391527,0.44391219737164284
full_macro,all,1,conditional_linear,M2,0.9,vixy_ret,1049,estimated,-7.340532009618384,-0.14728938566034663
full_macro,all,1,conditional_linear,M2,0.9,account_ls,1049,estimated,0.9664098546916655,0.5527980508385619
full_macro,all,1,ae_relu_1,M0,0.1,e_origin,1049,estimated,0.936156509983418,44.9727470731295
full_macro,all,1,ae_relu_1,M0,0.1,downside,1049,estimated,-24284.687504946934,-0.4295656759091961
full_macro,all,1,ae_relu_1,M0,0.1,dxy_ret,1049,estimated,661.5127898598439,0.6569080670092299
full_macro,all,1,ae_relu_1,M0,0.1,fx_ret,1049,estimated,-861.8932253470804,-1.093929194435488
full_macro,all,1,ae_relu_1,M0,0.5,e_origin,1049,estimated,0.9608825774441878,46.16058176334175
full_macro,all,1,ae_relu_1,M0,0.5,downside,1049,estimated,-19039.739428674307,-0.33678912010489637
full_macro,all,1,ae_relu_1,M0,0.5,dxy_ret,1049,estimated,-334.2931412482816,-0.33196616089369824
full_macro,all,1,ae_relu_1,M0,0.5,fx_ret,1049,estimated,-471.8495890806311,-0.5988793341191788
full_macro,all,1,ae_relu_1,M0,0.9,e_origin,1049,estimated,1.031718602225038,49.56352837767608
full_macro,all,1,ae_relu_1,M0,0.9,downside,1049,estimated,41472.03946157248,0.7335883839977031
full_macro,all,1,ae_relu_1,M0,0.9,dxy_ret,1049,estimated,-914.5991047598347,-0.9082326739645497
full_macro,all,1,ae_relu_1,M0,0.9,fx_ret,1049,estimated,215.8430269904649,0.2739515542022196
full_macro,all,1,ae_relu_1,M1,0.1,e_origin,1049,estimated,0.9184446768305286,44.121874613138296
full_macro,all,1,ae_relu_1,M1,0.1,downside,1049,estimated,140783.7435090665,2.490287920121671
full_macro,all,1,ae_relu_1,M1,0.1,dxy_ret,1049,estimated,635.2197719010101,0.6307980720583598
full_macro,all,1,ae_relu_1,M1,0.1,fx_ret,1049,estimated,-696.2384001172594,-0.8836773393463204
full_macro,all,1,ae_relu_1,M1,0.1,btc_vol,1049,estimated,-1707.9557194730523,-3.4152063283809695
full_macro,all,1,ae_relu_1,M1,0.1,btc_ret,1049,estimated,84.91131036005562,0.5121569824727702
full_macro,all,1,ae_relu_1,M1,0.1,vixy_ret,1049,estimated,-41.99402464010029,-0.8426193200358223
full_macro,all,1,ae_relu_1,M1,0.5,e_origin,1049,estimated,0.9595846603391228,46.09823011907555
full_macro,all,1,ae_relu_1,M1,0.5,downside,1049,estimated,-65727.2320530012,-1.1626323318649485
full_macro,all,1,ae_relu_1,M1,0.5,dxy_ret,1049,estimated,-184.81140245266684,-0.1835249491883118
full_macro,all,1,ae_relu_1,M1,0.5,fx_ret,1049,estimated,-459.6383935413716,-0.5833806819584345
full_macro,all,1,ae_relu_1,M1,0.5,btc_vol,1049,estimated,562.7225657770654,1.1252128177875351
full_macro,all,1,ae_relu_1,M1,0.5,btc_ret,1049,estimated,127.89923315547605,0.7714459361859621
full_macro,all,1,ae_relu_1,M1,0.5,vixy_ret,1049,estimated,16.739895839623365,0.33588968360952615
full_macro,all,1,ae_relu_1,M1,0.9,e_origin,1049,estimated,1.0275809725259248,49.364757582455326
full_macro,all,1,ae_relu_1,M1,0.9,downside,1049,estimated,-92725.11831669399,-1.6401910922410228
full_macro,all,1,ae_relu_1,M1,0.9,dxy_ret,1049,estimated,-663.2320260148015,-0.6586153357372084
full_macro,all,1,ae_relu_1,M1,0.9,fx_ret,1049,estimated,339.7695027059296,0.4312410951358489
full_macro,all,1,ae_relu_1,M1,0.9,btc_vol,1049,estimated,1662.2749069307017,3.323863562112794
full_macro,all,1,ae_relu_1,M1,0.9,btc_ret,1049,estimated,-40.694286456409024,-0.2454544967804606
full_macro,all,1,ae_relu_1,M1,0.9,vixy_ret,1049,estimated,-1.3979531985227742,-0.02805023771063706
full_macro,all,1,ae_relu_1,M2,0.1,e_origin,1049,estimated,0.9213804314804863,44.26290760274348
full_macro,all,1,ae_relu_1,M2,0.1,downside,1049,estimated,163512.3961402793,2.8923292899372552
full_macro,all,1,ae_relu_1,M2,0.1,dxy_ret,1049,estimated,821.6842051236163,0.8159645454385436
full_macro,all,1,ae_relu_1,M2,0.1,fx_ret,1049,estimated,-723.0720595252913,-0.917735065473781
full_macro,all,1,ae_relu_1,M2,0.1,btc_vol,1049,estimated,-1851.5288538681853,-3.70229332459597
full_macro,all,1,ae_relu_1,M2,0.1,btc_ret,1049,estimated,89.05674600059555,0.5371608812430425
full_macro,all,1,ae_relu_1,M2,0.1,vixy_ret,1049,estimated,-42.41947609558946,-0.8511560968559752
full_macro,all,1,ae_relu_1,M2,0.1,account_ls,1049,estimated,-0.6028521025226334,-0.3448386474957525
full_macro,all,1,ae_relu_1,M2,0.5,e_origin,1049,estimated,0.9566010348068917,45.95489742310964
full_macro,all,1,ae_relu_1,M2,0.5,downside,1049,estimated,-82721.81386957917,-1.4632451778546423
full_macro,all,1,ae_relu_1,M2,0.5,dxy_ret,1049,estimated,-95.52196412524478,-0.09485704550585386
full_macro,all,1,ae_relu_1,M2,0.5,fx_ret,1049,estimated,-472.94642453813555,-0.6002714558961807
full_macro,all,1,ae_relu_1,M2,0.5,btc_vol,1049,estimated,417.1624866610778,0.8341527524189032
full_macro,all,1,ae_relu_1,M2,0.5,btc_ret,1049,estimated,97.62818213038236,0.5888609532955733
full_macro,all,1,ae_relu_1,M2,0.5,vixy_ret,1049,estimated,16.091480877538938,0.32287909509996693
full_macro,all,1,ae_relu_1,M2,0.5,account_ls,1049,estimated,1.6916446706675052,0.9676410811795736
full_macro,all,1,ae_relu_1,M2,0.9,e_origin,1049,estimated,1.0277576981325,49.37324744063726
full_macro,all,1,ae_relu_1,M2,0.9,downside,1049,estimated,-91989.50376686841,-1.6271789931048863
full_macro,all,1,ae_relu_1,M2,0.9,dxy_ret,1049,estimated,-680.0349957487863,-0.6753013417179926
full_macro,all,1,ae_relu_1,M2,0.9,fx_ret,1049,estimated,312.02963712012803,0.3960331970788655
full_macro,all,1,ae_relu_1,M2,0.9,btc_vol,1049,estimated,1652.86524536745,3.305048123660645
full_macro,all,1,ae_relu_1,M2,0.9,btc_ret,1049,estimated,-43.30989162334103,-0.2612309633542972
full_macro,all,1,ae_relu_1,M2,0.9,vixy_ret,1049,estimated,-3.1095914925221644,-0.06239463570053157
full_macro,all,1,ae_relu_1,M2,0.9,account_ls,1049,estimated,-0.08230739672212428,-0.047080820064798676
full_macro,all,1,ae_relu_2,M0,0.1,e_origin,1049,estimated,0.900135920841018,50.96655099408587
full_macro,all,1,ae_relu_2,M0,0.1,downside,1049,estimated,-26706.55884127607,-0.47240554351479763
full_macro,all,1,ae_relu_2,M0,0.1,dxy_ret,1049,estimated,784.582360081013,0.7791209625433794
full_macro,all,1,ae_relu_2,M0,0.1,fx_ret,1049,estimated,-157.55430197538817,-0.19997053645522755
full_macro,all,1,ae_relu_2,M0,0.5,e_origin,1049,estimated,0.9682332020679453,54.82228375160993
full_macro,all,1,ae_relu_2,M0,0.5,downside,1049,estimated,-5897.195166575792,-0.10431398910043788
full_macro,all,1,ae_relu_2,M0,0.5,dxy_ret,1049,estimated,-491.26582690504733,-0.4878461757455365
full_macro,all,1,ae_relu_2,M0,0.5,fx_ret,1049,estimated,-151.38716456818858,-0.19214310324490844
full_macro,all,1,ae_relu_2,M0,0.9,e_origin,1049,estimated,1.0682256739582836,60.48395250588213
full_macro,all,1,ae_relu_2,M0,0.9,downside,1049,estimated,22951.645790849554,0.40598583923990617
full_macro,all,1,ae_relu_2,M0,0.9,dxy_ret,1049,estimated,-874.4797524542348,-0.8683925883657243
full_macro,all,1,ae_relu_2,M0,0.9,fx_ret,1049,estimated,429.72636738419806,0.5454158416327977
full_macro,all,1,ae_relu_2,M1,0.1,e_origin,1049,estimated,0.8999120078127085,50.95387282569891
full_macro,all,1,ae_relu_2,M1,0.1,downside,1049,estimated,104564.47088773687,1.8496143960604072
full_macro,all,1,ae_relu_2,M1,0.1,dxy_ret,1049,estimated,420.4606913757399,0.4175339075205509
full_macro,all,1,ae_relu_2,M1,0.1,fx_ret,1049,estimated,-381.4048390098282,-0.4840853553800726
full_macro,all,1,ae_relu_2,M1,0.1,btc_vol,1049,estimated,-1188.6501932981084,-2.3768096655546884
full_macro,all,1,ae_relu_2,M1,0.1,btc_ret,1049,estimated,-0.1946059974125668,-0.0011737991085438554
full_macro,all,1,ae_relu_2,M1,0.1,vixy_ret,1049,estimated,-17.629961319891308,-0.35374904279689406
full_macro,all,1,ae_relu_2,M1,0.5,e_origin,1049,estimated,0.9689107699684791,54.860648289847944
full_macro,all,1,ae_relu_2,M1,0.5,downside,1049,estimated,-37190.138873779,-0.6578469308784565
full_macro,all,1,ae_relu_2,M1,0.5,dxy_ret,1049,estimated,-479.2831560872497,-0.47594691507335046
full_macro,all,1,ae_relu_2,M1,0.5,fx_ret,1049,estimated,-161.94577912458232,-0.2055442721790062
full_macro,all,1,ae_relu_2,M1,0.5,btc_vol,1049,estimated,361.2481112539387,0.7223470852340148
full_macro,all,1,ae_relu_2,M1,0.5,btc_ret,1049,estimated,125.91995983095143,0.7595076131394926
full_macro,all,1,ae_relu_2,M1,0.5,vixy_ret,1049,estimated,18.671932857691797,0.3746564303645943
full_macro,all,1,ae_relu_2,M1,0.9,e_origin,1049,estimated,1.068317337361995,60.489142574883246
full_macro,all,1,ae_relu_2,M1,0.9,downside,1049,estimated,-35668.45646218264,-0.6309302767718978
full_macro,all,1,ae_relu_2,M1,0.9,dxy_ret,1049,estimated,-871.2862360057632,-0.8652213016585206
full_macro,all,1,ae_relu_2,M1,0.9,fx_ret,1049,estimated,201.71003288942825,0.2560137233929768
full_macro,all,1,ae_relu_2,M1,0.9,btc_vol,1049,estimated,659.7678268185554,1.3192632758114318
full_macro,all,1,ae_relu_2,M1,0.9,btc_ret,1049,estimated,-44.40989533155517,-0.2678658224504399
full_macro,all,1,ae_relu_2,M1,0.9,vixy_ret,1049,estimated,-0.4123794619413568,-0.008274484400953441
full_macro,all,1,ae_relu_2,M2,0.1,e_origin,1049,estimated,0.899714884602089,50.942711522240685
full_macro,all,1,ae_relu_2,M2,0.1,downside,1049,estimated,110240.3537161244,1.950013647360677
full_macro,all,1,ae_relu_2,M2,0.1,dxy_ret,1049,estimated,505.1897776531027,0.5016732032969988
full_macro,all,1,ae_relu_2,M2,0.1,fx_ret,1049,estimated,-432.63800264775153,-0.5491113374606786
full_macro,all,1,ae_relu_2,M2,0.1,btc_vol,1049,estimated,-1229.0819682187991,-2.457656523586476
full_macro,all,1,ae_relu_2,M2,0.1,btc_ret,1049,estimated,-13.740266651548584,-0.08287675077428573
full_macro,all,1,ae_relu_2,M2,0.1,vixy_ret,1049,estimated,-20.555272490567408,-0.4124460533990768
full_macro,all,1,ae_relu_2,M2,0.1,account_ls,1049,estimated,-0.3973529229734931,-0.22729064718078001
full_macro,all,1,ae_relu_2,M2,0.5,e_origin,1049,estimated,0.9687511644412633,54.851611273266954
full_macro,all,1,ae_relu_2,M2,0.5,downside,1049,estimated,-46066.81686308634,-0.8148642356936137
full_macro,all,1,ae_relu_2,M2,0.5,dxy_ret,1049,estimated,-524.2011492227659,-0.5205522386542256
full_macro,all,1,ae_relu_2,M2,0.5,fx_ret,1049,estimated,-131.76097250809508,-0.16723321436454447
full_macro,all,1,ae_relu_2,M2,0.5,btc_vol,1049,estimated,246.5971575778402,0.4930925102557301
full_macro,all,1,ae_relu_2,M2,0.5,btc_ret,1049,estimated,127.4565679822849,0.7687759260496679
full_macro,all,1,ae_relu_2,M2,0.5,vixy_ret,1049,estimated,24.754131172493683,0.496697074295815
full_macro,all,1,ae_relu_2,M2,0.5,account_ls,1049,estimated,1.1627828419373503,0.6651257594807661
full_macro,all,1,ae_relu_2,M2,0.9,e_origin,1049,estimated,1.0685894730079133,60.504551153692155
full_macro,all,1,ae_relu_2,M2,0.9,downside,1049,estimated,-24771.709369715918,-0.4381804821108171
full_macro,all,1,ae_relu_2,M2,0.9,dxy_ret,1049,estimated,-795.3900180396984,-0.7898533895007496
full_macro,all,1,ae_relu_2,M2,0.9,fx_ret,1049,estimated,102.42963204148003,0.1300053899603833
full_macro,all,1,ae_relu_2,M2,0.9,btc_vol,1049,estimated,580.4085708362545,1.1605775264349911
full_macro,all,1,ae_relu_2,M2,0.9,btc_ret,1049,estimated,-51.40791073770354,-0.310075540313856
full_macro,all,1,ae_relu_2,M2,0.9,vixy_ret,1049,estimated,-0.5245446392133927,-0.01052510329768119
full_macro,all,1,ae_relu_2,M2,0.9,account_ls,1049,estimated,-0.10149513513808262,-0.05805643702984517
full_macro,all,1,ae_tanh_1,M0,0.1,e_origin,1049,estimated,0.8968184076381857,52.4008351367923
full_macro,all,1,ae_tanh_1,M0,0.1,downside,1049,estimated,760.0524936041038,0.013444375723385707
full_macro,all,1,ae_tanh_1,M0,0.1,dxy_ret,1049,estimated,581.0251297324314,0.5769806732492443
full_macro,all,1,ae_tanh_1,M0,0.1,fx_ret,1049,estimated,-1034.1558996428012,-1.3125678412907704
full_macro,all,1,ae_tanh_1,M0,0.5,e_origin,1049,estimated,0.9573871199409333,55.93984713832177
full_macro,all,1,ae_tanh_1,M0,0.5,downside,1049,estimated,-21743.337344847787,-0.38461237770338
full_macro,all,1,ae_tanh_1,M0,0.5,dxy_ret,1049,estimated,81.63546986833872,0.08106721371473813
full_macro,all,1,ae_tanh_1,M0,0.5,fx_ret,1049,estimated,-542.3847025383444,-0.6884036714443039
full_macro,all,1,ae_tanh_1,M0,0.9,e_origin,1049,estimated,1.0675173537281542,62.37472422727285
full_macro,all,1,ae_tanh_1,M0,0.9,downside,1049,estimated,42825.07348578109,0.757521859568221
full_macro,all,1,ae_tanh_1,M0,0.9,dxy_ret,1049,estimated,-777.0119234348726,-0.7716032229321989
full_macro,all,1,ae_tanh_1,M0,0.9,fx_ret,1049,estimated,400.7540499794391,0.5086436952607754
full_macro,all,1,ae_tanh_1,M1,0.1,e_origin,1049,estimated,0.8971939758021951,52.422779473881356
full_macro,all,1,ae_tanh_1,M1,0.1,downside,1049,estimated,178335.04871088447,3.1545234305438465
full_macro,all,1,ae_tanh_1,M1,0.1,dxy_ret,1049,estimated,1149.038286996213,1.1410399490389336
full_macro,all,1,ae_tanh_1,M1,0.1,fx_ret,1049,estimated,-756.2618925781906,-0.9598601527435942
full_macro,all,1,ae_tanh_1,M1,0.1,btc_vol,1049,estimated,-2151.9548004456706,-4.303021190232805
full_macro,all,1,ae_tanh_1,M1,0.1,btc_ret,1049,estimated,109.03914972444124,0.6576881413967363
full_macro,all,1,ae_tanh_1,M1,0.1,vixy_ret,1049,estimated,-47.67524695298971,-0.9566142924940704
full_macro,all,1,ae_tanh_1,M1,0.5,e_origin,1049,estimated,0.9582740092327464,55.991667818148436
full_macro,all,1,ae_tanh_1,M1,0.5,downside,1049,estimated,-64321.1914799019,-1.1377612368996082
full_macro,all,1,ae_tanh_1,M1,0.5,dxy_ret,1049,estimated,59.0371364937557,0.05862618502673235
full_macro,all,1,ae_tanh_1,M1,0.5,fx_ret,1049,estimated,-562.9441082736529,-0.7144980106184418
full_macro,all,1,ae_tanh_1,M1,0.5,btc_vol,1049,estimated,485.316606393801,0.9704328552123427
full_macro,all,1,ae_tanh_1,M1,0.5,btc_ret,1049,estimated,116.99999467836977,0.7057053291217725
full_macro,all,1,ae_tanh_1,M1,0.5,vixy_ret,1049,estimated,20.668187303674213,0.41471171390333755
full_macro,all,1,ae_tanh_1,M1,0.9,e_origin,1049,estimated,1.0558001938279131,61.6900940290358
full_macro,all,1,ae_tanh_1,M1,0.9,downside,1049,estimated,-72588.6872890247,-1.2840028726875439
full_macro,all,1,ae_tanh_1,M1,0.9,dxy_ret,1049,estimated,-974.6307465403434,-0.967846441628482
full_macro,all,1,ae_tanh_1,M1,0.9,fx_ret,1049,estimated,319.3083546626641,0.40527146625614496
full_macro,all,1,ae_tanh_1,M1,0.9,btc_vol,1049,estimated,1471.6254095989182,2.942643274978511
full_macro,all,1,ae_tanh_1,M1,0.9,btc_ret,1049,estimated,-83.18940932843348,-0.5017710441009228
full_macro,all,1,ae_tanh_1,M1,0.9,vixy_ret,1049,estimated,12.33227724120536,0.24744984917580143
full_macro,all,1,ae_tanh_1,M2,0.1,e_origin,1049,estimated,0.8976266398376226,52.448059905903
full_macro,all,1,ae_tanh_1,M2,0.1,downside,1049,estimated,144467.56166161995,2.555450044785859
full_macro,all,1,ae_tanh_1,M2,0.1,dxy_ret,1049,estimated,747.969732191283,0.7427631914105393
full_macro,all,1,ae_tanh_1,M2,0.1,fx_ret,1049,estimated,-426.2344791079279,-0.5409838790453428
full_macro,all,1,ae_tanh_1,M2,0.1,btc_vol,1049,estimated,-2135.3908125280195,-4.2699000526561
full_macro,all,1,ae_tanh_1,M2,0.1,btc_ret,1049,estimated,142.5552633846252,0.8598462704330923
full_macro,all,1,ae_tanh_1,M2,0.1,vixy_ret,1049,estimated,-47.4501608066698,-0.9520978895727734
full_macro,all,1,ae_tanh_1,M2,0.1,account_ls,1049,estimated,0.9123083352031839,0.5218513315191702
full_macro,all,1,ae_tanh_1,M2,0.5,e_origin,1049,estimated,0.9594293125949186,56.05917185296592
full_macro,all,1,ae_tanh_1,M2,0.5,downside,1049,estimated,-49044.88957734636,-0.8675426083573444
full_macro,all,1,ae_tanh_1,M2,0.5,dxy_ret,1049,estimated,16.804854744100687,0.016687877869537456
full_macro,all,1,ae_tanh_1,M2,0.5,fx_ret,1049,estimated,-584.9852660106709,-0.7424730140395117
full_macro,all,1,ae_tanh_1,M2,0.5,btc_vol,1049,estimated,254.6716052266353,0.5092380721072128
full_macro,all,1,ae_tanh_1,M2,0.5,btc_ret,1049,estimated,162.03260198439622,0.9773271445540956
full_macro,all,1,ae_tanh_1,M2,0.5,vixy_ret,1049,estimated,30.58316131476139,0.6136578432871197
full_macro,all,1,ae_tanh_1,M2,0.5,account_ls,1049,estimated,1.4318985994451707,0.8190632069085249
full_macro,all,1,ae_tanh_1,M2,0.9,e_origin,1049,estimated,1.0589576702755954,61.87458444691096
full_macro,all,1,ae_tanh_1,M2,0.9,downside,1049,estimated,-82125.44575452757,-1.4526961735744492
full_macro,all,1,ae_tanh_1,M2,0.9,dxy_ret,1049,estimated,-1031.1515845865938,-1.0239738439037587
full_macro,all,1,ae_tanh_1,M2,0.9,fx_ret,1049,estimated,298.5844996239018,0.3789684052951753
full_macro,all,1,ae_tanh_1,M2,0.9,btc_vol,1049,estimated,1658.438674752526,3.3161926815023253
full_macro,all,1,ae_tanh_1,M2,0.9,btc_ret,1049,estimated,-143.66883122023674,-0.8665629438661976
full_macro,all,1,ae_tanh_1,M2,0.9,vixy_ret,1049,estimated,20.496726424476293,0.4112713137349638
full_macro,all,1,ae_tanh_1,M2,0.9,account_ls,1049,estimated,-0.8803019761513249,-0.5035433095009636
full_macro,all,1,ae_tanh_2,M0,0.1,e_origin,1049,estimated,0.8966618014179052,52.2248356025364
full_macro,all,1,ae_tanh_2,M0,0.1,downside,1049,estimated,-27542.027406706347,-0.4871839349986014
full_macro,all,1,ae_tanh_2,M0,0.1,dxy_ret,1049,estimated,632.0304131839677,0.6276309141410424
full_macro,all,1,ae_tanh_2,M0,0.1,fx_ret,1049,estimated,-1176.277664205232,-1.4929511449847084
full_macro,all,1,ae_tanh_2,M0,0.5,e_origin,1049,estimated,0.9581979647136241,55.80892495110445
full_macro,all,1,ae_tanh_2,M0,0.5,downside,1049,estimated,-5379.520104204719,-0.09515696626357963
full_macro,all,1,ae_tanh_2,M0,0.5,dxy_ret,1049,estimated,-124.00342169507826,-0.12314024656349142
full_macro,all,1,ae_tanh_2,M0,0.5,fx_ret,1049,estimated,-568.0845938666082,-0.7210224002972727
full_macro,all,1,ae_tanh_2,M0,0.9,e_origin,1049,estimated,1.06254216536028,61.88630966430683
full_macro,all,1,ae_tanh_2,M0,0.9,downside,1049,estimated,42087.786257849766,0.744480172853454
full_macro,all,1,ae_tanh_2,M0,0.9,dxy_ret,1049,estimated,-705.8847273895898,-0.7009711360215394
full_macro,all,1,ae_tanh_2,M0,0.9,fx_ret,1049,estimated,431.94010639136064,0.548225555942619
full_macro,all,1,ae_tanh_2,M1,0.1,e_origin,1049,estimated,0.8993690122480515,52.382513380626456
full_macro,all,1,ae_tanh_2,M1,0.1,downside,1049,estimated,97614.66575883748,1.7266810563983375
full_macro,all,1,ae_tanh_2,M1,0.1,dxy_ret,1049,estimated,522.3221155782197,0.5186862847706345
full_macro,all,1,ae_tanh_2,M1,0.1,fx_ret,1049,estimated,-523.6695334305733,-0.6646500680237136
full_macro,all,1,ae_tanh_2,M1,0.1,btc_vol,1049,estimated,-1546.4102525781727,-3.092182086844504
full_macro,all,1,ae_tanh_2,M1,0.1,btc_ret,1049,estimated,172.97429046547524,1.0433237960233055
full_macro,all,1,ae_tanh_2,M1,0.1,vixy_ret,1049,estimated,-42.98562874921146,-0.8625160740936868
full_macro,all,1,ae_tanh_2,M1,0.5,e_origin,1049,estimated,0.9571961102288632,55.75057331207894
full_macro,all,1,ae_tanh_2,M1,0.5,downside,1049,estimated,-46555.52238389044,-0.8235088236596728
full_macro,all,1,ae_tanh_2,M1,0.5,dxy_ret,1049,estimated,-96.05686987602328,-0.09538822783242759
full_macro,all,1,ae_tanh_2,M1,0.5,fx_ret,1049,estimated,-568.174268032403,-0.7211362162376522
full_macro,all,1,ae_tanh_2,M1,0.5,btc_vol,1049,estimated,497.3499208507449,0.9944945163058939
full_macro,all,1,ae_tanh_2,M1,0.5,btc_ret,1049,estimated,131.82020295142925,0.7950959311106306
full_macro,all,1,ae_tanh_2,M1,0.5,vixy_ret,1049,estimated,21.074886206297627,0.4228722166349719
full_macro,all,1,ae_tanh_2,M1,0.9,e_origin,1049,estimated,1.0536958217681796,61.37106652687147
full_macro,all,1,ae_tanh_2,M1,0.9,downside,1049,estimated,-99480.449402457,-1.7596844298948453
full_macro,all,1,ae_tanh_2,M1,0.9,dxy_ret,1049,estimated,-727.8648540539947,-0.7227982612730277
full_macro,all,1,ae_tanh_2,M1,0.9,fx_ret,1049,estimated,328.82598658425377,0.4173514027433187
full_macro,all,1,ae_tanh_2,M1,0.9,btc_vol,1049,estimated,1749.3352089477846,3.497948224267404
full_macro,all,1,ae_tanh_2,M1,0.9,btc_ret,1049,estimated,-139.52340450178113,-0.8415590989109913
full_macro,all,1,ae_tanh_2,M1,0.9,vixy_ret,1049,estimated,-3.872963050917415,-0.07771185354241156
full_macro,all,1,ae_tanh_2,M2,0.1,e_origin,1049,estimated,0.8954369437004582,52.153495446382756
full_macro,all,1,ae_tanh_2,M2,0.1,downside,1049,estimated,102464.34398404388,1.8124657840926315
full_macro,all,1,ae_tanh_2,M2,0.1,dxy_ret,1049,estimated,329.8900198133357,0.3275936891365761
full_macro,all,1,ae_tanh_2,M2,0.1,fx_ret,1049,estimated,-106.2244926595104,-0.13482189007523826
full_macro,all,1,ae_tanh_2,M2,0.1,btc_vol,1049,estimated,-1628.6978143117044,-3.256723238804873
full_macro,all,1,ae_tanh_2,M2,0.1,btc_ret,1049,estimated,149.8495930726449,0.9038432581881551
full_macro,all,1,ae_tanh_2,M2,0.1,vixy_ret,1049,estimated,-51.736529212311815,-1.0381048122799674
full_macro,all,1,ae_tanh_2,M2,0.1,account_ls,1049,estimated,1.2915256156122876,0.7387681732056985
full_macro,all,1,ae_tanh_2,M2,0.5,e_origin,1049,estimated,0.9567212121114611,55.72291352321534
full_macro,all,1,ae_tanh_2,M2,0.5,downside,1049,estimated,-53409.461973859296,-0.9447464221260321
full_macro,all,1,ae_tanh_2,M2,0.5,dxy_ret,1049,estimated,-99.86963514041497,-0.09917445282789916
full_macro,all,1,ae_tanh_2,M2,0.5,fx_ret,1049,estimated,-610.7818174086774,-0.7752144254581605
full_macro,all,1,ae_tanh_2,M2,0.5,btc_vol,1049,estimated,346.20310253910395,0.6922632789692346
full_macro,all,1,ae_tanh_2,M2,0.5,btc_ret,1049,estimated,140.49332751222994,0.8474093541968414
full_macro,all,1,ae_tanh_2,M2,0.5,vixy_ret,1049,estimated,27.33719001111282,0.548526716747646
full_macro,all,1,ae_tanh_2,M2,0.5,account_ls,1049,estimated,1.7317322016167855,0.9905716306396295
full_macro,all,1,ae_tanh_2,M2,0.9,e_origin,1049,estimated,1.0551854476865268,61.457827743388044
full_macro,all,1,ae_tanh_2,M2,0.9,downside,1049,estimated,-91054.64830615181,-1.6106425720462119
full_macro,all,1,ae_tanh_2,M2,0.9,dxy_ret,1049,estimated,-733.5265673151174,-0.7284205639273915
full_macro,all,1,ae_tanh_2,M2,0.9,fx_ret,1049,estimated,335.1879876807318,0.42542616018402757
full_macro,all,1,ae_tanh_2,M2,0.9,btc_vol,1049,estimated,1698.0027969718908,3.3953045923322507
full_macro,all,1,ae_tanh_2,M2,0.9,btc_ret,1049,estimated,-123.89834331044315,-0.74731388991852
full_macro,all,1,ae_tanh_2,M2,0.9,vixy_ret,1049,estimated,-1.412298508887581,-0.028338079511200126
full_macro,all,1,ae_tanh_2,M2,0.9,account_ls,1049,estimated,-0.43031107865304874,-0.24614310830836764
full_macro,all,1,conditional_neural,M0,0.1,e_origin,1049,estimated,0.313412412872681,3.0317410037059074
full_macro,all,1,conditional_neural,M0,0.1,downside,1049,estimated,-21822.330610170895,-0.38600966953198124
full_macro,all,1,conditional_neural,M0,0.1,dxy_ret,1049,estimated,-103.78228026821797,-0.1030598624332716
full_macro,all,1,conditional_neural,M0,0.1,fx_ret,1049,estimated,-756.2743366697575,-0.9598759469912608
full_macro,all,1,conditional_neural,M0,0.5,e_origin,1049,estimated,0.3080341521054827,2.9797153243555434
full_macro,all,1,conditional_neural,M0,0.5,downside,1049,estimated,-20265.907602109124,-0.3584784978287224
full_macro,all,1,conditional_neural,M0,0.5,dxy_ret,1049,estimated,-503.16251374455453,-0.499660050965108
full_macro,all,1,conditional_neural,M0,0.5,fx_ret,1049,estimated,-393.9881276143598,-0.5000562742383352
full_macro,all,1,conditional_neural,M0,0.9,e_origin,1049,estimated,0.2669217364069098,2.582021450994504
full_macro,all,1,conditional_neural,M0,0.9,downside,1049,estimated,43888.60072380041,0.7763343230497687
full_macro,all,1,conditional_neural,M0,0.9,dxy_ret,1049,estimated,-133.29771127245132,-0.13236983954201834
full_macro,all,1,conditional_neural,M0,0.9,fx_ret,1049,estimated,-525.9585322146824,-0.667555303292219
full_macro,all,1,conditional_neural,M1,0.1,e_origin,1049,estimated,0.37049975826744774,3.583965608467636
full_macro,all,1,conditional_neural,M1,0.1,downside,1049,estimated,117493.6343846154,2.0783150888465824
full_macro,all,1,conditional_neural,M1,0.1,dxy_ret,1049,estimated,-121.49151438160801,-0.12064582437983615
full_macro,all,1,conditional_neural,M1,0.1,fx_ret,1049,estimated,-286.0763188092412,-0.3630928144910765
full_macro,all,1,conditional_neural,M1,0.1,btc_vol,1049,estimated,-1670.3897632824578,-3.340089924687914
full_macro,all,1,conditional_neural,M1,0.1,btc_ret,1049,estimated,363.1321142116762,2.1902929900031234
full_macro,all,1,conditional_neural,M1,0.1,vixy_ret,1049,estimated,-49.78446478773539,-0.9989362112182812
full_macro,all,1,conditional_neural,M1,0.5,e_origin,1049,estimated,0.29695111365777555,2.8725054605228286
full_macro,all,1,conditional_neural,M1,0.5,downside,1049,estimated,33794.898608015494,0.5977893872374392
full_macro,all,1,conditional_neural,M1,0.5,dxy_ret,1049,estimated,-183.26354063564145,-0.18198786187903243
full_macro,all,1,conditional_neural,M1,0.5,fx_ret,1049,estimated,-169.00211275838012,-0.21450028800634954
full_macro,all,1,conditional_neural,M1,0.5,btc_vol,1049,estimated,-398.7225915429886,-0.7972805748887917
full_macro,all,1,conditional_neural,M1,0.5,btc_ret,1049,estimated,217.61058272670434,1.312555169986862
full_macro,all,1,conditional_neural,M1,0.5,vixy_ret,1049,estimated,-27.1992540952857,-0.5457590023263952
full_macro,all,1,conditional_neural,M1,0.9,e_origin,1049,estimated,0.26410356991745343,2.5547604027704005
full_macro,all,1,conditional_neural,M1,0.9,downside,1049,estimated,-28996.862880138844,-0.5129181505759853
full_macro,all,1,conditional_neural,M1,0.9,dxy_ret,1049,estimated,-150.7172284356621,-0.14966810122845278
full_macro,all,1,conditional_neural,M1,0.9,fx_ret,1049,estimated,-14.785141195179738,-0.018765546730854933
full_macro,all,1,conditional_neural,M1,0.9,btc_vol,1049,estimated,665.1430056220743,1.3300114143355504
full_macro,all,1,conditional_neural,M1,0.9,btc_ret,1049,estimated,190.2395770291815,1.1474623027840634
full_macro,all,1,conditional_neural,M1,0.9,vixy_ret,1049,estimated,-22.61537733036089,-0.4537825091016742
full_macro,all,1,conditional_neural,M2,0.1,e_origin,1049,estimated,0.35003708690541774,3.386023480888832
full_macro,all,1,conditional_neural,M2,0.1,downside,1049,estimated,100863.8957306389,1.7841558609943189
full_macro,all,1,conditional_neural,M2,0.1,dxy_ret,1049,estimated,-202.6891637254244,-0.20127826519392958
full_macro,all,1,conditional_neural,M2,0.1,fx_ret,1049,estimated,-274.8157368429083,-0.348800696863229
full_macro,all,1,conditional_neural,M2,0.1,btc_vol,1049,estimated,-1593.6348937659473,-3.186611873051003
full_macro,all,1,conditional_neural,M2,0.1,btc_ret,1049,estimated,386.6104417400441,2.331906508030905
full_macro,all,1,conditional_neural,M2,0.1,vixy_ret,1049,estimated,-40.63152083241941,-0.8152803821318334
full_macro,all,1,conditional_neural,M2,0.1,account_ls,1049,estimated,1.9296829038755423,1.1038018112297043
full_macro,all,1,conditional_neural,M2,0.5,e_origin,1049,estimated,0.29915780580956924,2.8938515170425068
full_macro,all,1,conditional_neural,M2,0.5,downside,1049,estimated,37165.27636353494,0.657407144242717
full_macro,all,1,conditional_neural,M2,0.5,dxy_ret,1049,estimated,-169.11339180237636,-0.16793621078408913
full_macro,all,1,conditional_neural,M2,0.5,fx_ret,1049,estimated,-169.10188317696787,-0.21462691827843486
full_macro,all,1,conditional_neural,M2,0.5,btc_vol,1049,estimated,-543.0268445512253,-1.0858295064957941
full_macro,all,1,conditional_neural,M2,0.5,btc_ret,1049,estimated,216.9662403249342,1.308668709410874
full_macro,all,1,conditional_neural,M2,0.5,vixy_ret,1049,estimated,-27.77876443132796,-0.5573870043932267
full_macro,all,1,conditional_neural,M2,0.5,account_ls,1049,estimated,0.49288714995970745,0.28193737311177486
full_macro,all,1,conditional_neural,M2,0.9,e_origin,1049,estimated,0.26208524470468936,2.5352364813970754
full_macro,all,1,conditional_neural,M2,0.9,downside,1049,estimated,-31229.227133909764,-0.5524058754788193
full_macro,all,1,conditional_neural,M2,0.9,dxy_ret,1049,estimated,-149.59335690432326,-0.1485520528518599
full_macro,all,1,conditional_neural,M2,0.9,fx_ret,1049,estimated,-82.30076952399517,-0.10445750338802078
full_macro,all,1,conditional_neural,M2,0.9,btc_vol,1049,estimated,725.8542803783204,1.451408899871989
full_macro,all,1,conditional_neural,M2,0.9,btc_ret,1049,estimated,164.80191523372366,0.9940307275194649
full_macro,all,1,conditional_neural,M2,0.9,vixy_ret,1049,estimated,-22.62027033707819,-0.45388068835523226
full_macro,all,1,conditional_neural,M2,0.9,account_ls,1049,estimated,0.6372734023167457,0.3645280446403894
full_macro,all,1,pca_selected,M0,0.1,e_origin,1049,estimated,0.5685695176191896,4.439095922087186
full_macro,all,1,pca_selected,M0,0.1,downside,1049,estimated,-45185.78995993116,-0.7992799743325834
full_macro,all,1,pca_selected,M0,0.1,dxy_ret,1049,estimated,369.9744167924384,0.3673990627293557
full_macro,all,1,pca_selected,M0,0.1,fx_ret,1049,estimated,-129.48246479236582,-0.16434129453424412
full_macro,all,1,pca_selected,M0,0.5,e_origin,1049,estimated,0.5463515088874125,4.265629232611604
full_macro,all,1,pca_selected,M0,0.5,downside,1049,estimated,-6277.8891116769655,-0.11104798770793946
full_macro,all,1,pca_selected,M0,0.5,dxy_ret,1049,estimated,-346.06884090869306,-0.34365989111354944
full_macro,all,1,pca_selected,M0,0.5,fx_ret,1049,estimated,-81.90491788831811,-0.10395508191840336
full_macro,all,1,pca_selected,M0,0.9,e_origin,1049,estimated,0.4475188108292409,3.4939947827803524
full_macro,all,1,pca_selected,M0,0.9,downside,1049,estimated,-3720.913494873311,-0.06581829476287492
full_macro,all,1,pca_selected,M0,0.9,dxy_ret,1049,estimated,-79.39849986281385,-0.07884581502855656
full_macro,all,1,pca_selected,M0,0.9,fx_ret,1049,estimated,-493.9884784505904,-0.626978380151735
full_macro,all,1,pca_selected,M1,0.1,e_origin,1049,estimated,0.5367601449689575,4.1907448374087926
full_macro,all,1,pca_selected,M1,0.1,downside,1049,estimated,70275.49249476012,1.2430853568617592
full_macro,all,1,pca_selected,M1,0.1,dxy_ret,1049,estimated,640.2629861598608,0.6358061810187278
full_macro,all,1,pca_selected,M1,0.1,fx_ret,1049,estimated,-54.703908137681324,-0.06943110863579244
full_macro,all,1,pca_selected,M1,0.1,btc_vol,1049,estimated,-1116.5611101211657,-2.2326612603788
full_macro,all,1,pca_selected,M1,0.1,btc_ret,1049,estimated,72.52062112144219,0.437420436960791
full_macro,all,1,pca_selected,M1,0.1,vixy_ret,1049,estimated,-14.638744004666956,-0.29372961094117894
full_macro,all,1,pca_selected,M1,0.5,e_origin,1049,estimated,0.5514117745701707,4.305137162707946
full_macro,all,1,pca_selected,M1,0.5,downside,1049,estimated,-15927.597968282887,-0.2817392394059685
full_macro,all,1,pca_selected,M1,0.5,dxy_ret,1049,estimated,-357.02606670194535,-0.3545408447790924
full_macro,all,1,pca_selected,M1,0.5,fx_ret,1049,estimated,84.8361711228218,0.10767547720079551
full_macro,all,1,pca_selected,M1,0.5,btc_vol,1049,estimated,45.22829939572018,0.09043792678994557
full_macro,all,1,pca_selected,M1,0.5,btc_ret,1049,estimated,85.85350379820214,0.5178399821360726
full_macro,all,1,pca_selected,M1,0.5,vixy_ret,1049,estimated,-21.347786488110685,-0.4283480206778004
full_macro,all,1,pca_selected,M1,0.9,e_origin,1049,estimated,0.43311738784486076,3.3815559409832927
full_macro,all,1,pca_selected,M1,0.9,downside,1049,estimated,-24264.805747478807,-0.4292139925456231
full_macro,all,1,pca_selected,M1,0.9,dxy_ret,1049,estimated,-247.15161260920698,-0.24543121552000052
full_macro,all,1,pca_selected,M1,0.9,fx_ret,1049,estimated,-4.9528832046951035,-0.006286281612276658
full_macro,all,1,pca_selected,M1,0.9,btc_vol,1049,estimated,212.85640576334242,0.4256249361216909
full_macro,all,1,pca_selected,M1,0.9,btc_ret,1049,estimated,105.22316424713344,0.6346713772114874
full_macro,all,1,pca_selected,M1,0.9,vixy_ret,1049,estimated,-2.854100372013114,-0.05726815029972641
full_macro,all,1,pca_selected,M2,0.1,e_origin,1049,estimated,0.5397422141320606,4.2140272868738
full_macro,all,1,pca_selected,M2,0.1,downside,1049,estimated,70641.87378211523,1.2495661824977127
full_macro,all,1,pca_selected,M2,0.1,dxy_ret,1049,estimated,432.30002743938354,0.42929083117714206
full_macro,all,1,pca_selected,M2,0.1,fx_ret,1049,estimated,-7.17478258550573,-0.009106353203845423
full_macro,all,1,pca_selected,M2,0.1,btc_vol,1049,estimated,-1141.6633686611142,-2.2828554142698256
full_macro,all,1,pca_selected,M2,0.1,btc_ret,1049,estimated,80.57112106701275,0.4859783939872114
full_macro,all,1,pca_selected,M2,0.1,vixy_ret,1049,estimated,-20.162851349546106,-0.4045720370872585
full_macro,all,1,pca_selected,M2,0.1,account_ls,1049,estimated,0.37556170336519695,0.21482580768604564
full_macro,all,1,pca_selected,M2,0.5,e_origin,1049,estimated,0.5468526447246895,4.269541841330031
full_macro,all,1,pca_selected,M2,0.5,downside,1049,estimated,-14508.114862772836,-0.25663036289537317
full_macro,all,1,pca_selected,M2,0.5,dxy_ret,1049,estimated,-183.60311662294603,-0.18232507411263155
full_macro,all,1,pca_selected,M2,0.5,fx_ret,1049,estimated,68.30641976658174,0.08669564228206887
full_macro,all,1,pca_selected,M2,0.5,btc_vol,1049,estimated,-18.857667635259393,-0.037707550091704234
full_macro,all,1,pca_selected,M2,0.5,btc_ret,1049,estimated,103.61314730694242,0.6249602867298808
full_macro,all,1,pca_selected,M2,0.5,vixy_ret,1049,estimated,-18.89549308340357,-0.3791422153540241
full_macro,all,1,pca_selected,M2,0.5,account_ls,1049,estimated,0.680920624909098,0.3894947804993354
full_macro,all,1,pca_selected,M2,0.9,e_origin,1049,estimated,0.4624339059809315,3.6104441104591487
full_macro,all,1,pca_selected,M2,0.9,downside,1049,estimated,-55017.132611602065,-0.9731841001484757
full_macro,all,1,pca_selected,M2,0.9,dxy_ret,1049,estimated,-306.9051334111191,-0.30476879817701374
full_macro,all,1,pca_selected,M2,0.9,fx_ret,1049,estimated,89.16218713833581,0.11316612856664256
full_macro,all,1,pca_selected,M2,0.9,btc_vol,1049,estimated,308.74515128900214,0.6173628405685235
full_macro,all,1,pca_selected,M2,0.9,btc_ret,1049,estimated,119.1680254656742,0.7187821748473362
full_macro,all,1,pca_selected,M2,0.9,vixy_ret,1049,estimated,2.2733953223421186,0.045616176041753165
full_macro,all,1,pca_selected,M2,0.9,account_ls,1049,estimated,0.9992489642903426,0.5715824161772354
full_macro,all,1,ae_selected,M0,0.1,e_origin,1049,estimated,0.9243841095258559,44.36727887005684
full_macro,all,1,ae_selected,M0,0.1,downside,1049,estimated,-23663.743878284495,-0.4185819616392709
full_macro,all,1,ae_selected,M0,0.1,dxy_ret,1049,estimated,437.7405113596058,0.43469344444541347
full_macro,all,1,ae_selected,M0,0.1,fx_ret,1049,estimated,-339.7253004252676,-0.431184992867198
full_macro,all,1,ae_selected,M0,0.5,e_origin,1049,estimated,0.9618183311572268,46.16399360507587
full_macro,all,1,ae_selected,M0,0.5,downside,1049,estimated,-6142.6943049199135,-0.10865656107203253
full_macro,all,1,ae_selected,M0,0.5,dxy_ret,1049,estimated,-447.78240297302347,-0.44466543547869947
full_macro,all,1,ae_selected,M0,0.5,fx_ret,1049,estimated,-489.4400333142974,-0.621205418052079
full_macro,all,1,ae_selected,M0,0.9,e_origin,1049,estimated,1.0429405210770972,50.05758154718224
full_macro,all,1,ae_selected,M0,0.9,downside,1049,estimated,19210.489759730062,0.3398094793891879
full_macro,all,1,ae_selected,M0,0.9,dxy_ret,1049,estimated,-620.8494051879688,-0.616527735997771
full_macro,all,1,ae_selected,M0,0.9,fx_ret,1049,estimated,164.32511764897728,0.2085641681460879
full_macro,all,1,ae_selected,M1,0.1,e_origin,1049,estimated,0.9282059254532453,44.550712976391154
full_macro,all,1,ae_selected,M1,0.1,downside,1049,estimated,112194.37479473659,1.9845778304576955
full_macro,all,1,ae_selected,M1,0.1,dxy_ret,1049,estimated,402.40832102267683,0.3996071978705713
full_macro,all,1,ae_selected,M1,0.1,fx_ret,1049,estimated,-579.8755371658407,-0.7359876613361558
full_macro,all,1,ae_selected,M1,0.1,btc_vol,1049,estimated,-1229.893096460102,-2.459278445203789
full_macro,all,1,ae_selected,M1,0.1,btc_ret,1049,estimated,-16.907644805807298,-0.1019813297868649
full_macro,all,1,ae_selected,M1,0.1,vixy_ret,1049,estimated,-21.001213427606206,-0.42139395616296094
full_macro,all,1,ae_selected,M1,0.5,e_origin,1049,estimated,0.9645766297330071,46.296382512303296
full_macro,all,1,ae_selected,M1,0.5,downside,1049,estimated,-39099.91994986269,-0.6916285637950575
full_macro,all,1,ae_selected,M1,0.5,dxy_ret,1049,estimated,-402.7117560847669,-0.3999085207522387
full_macro,all,1,ae_selected,M1,0.5,fx_ret,1049,estimated,-300.96782855093846,-0.3819933659475555
full_macro,all,1,ae_selected,M1,0.5,btc_vol,1049,estimated,377.4454712962347,0.7547351184182598
full_macro,all,1,ae_selected,M1,0.5,btc_ret,1049,estimated,93.82269889248633,0.5659075351501339
full_macro,all,1,ae_selected,M1,0.5,vixy_ret,1049,estimated,23.045404972170463,0.4624111081045948
full_macro,all,1,ae_selected,M1,0.9,e_origin,1049,estimated,1.038325616180439,49.83608188010786
full_macro,all,1,ae_selected,M1,0.9,downside,1049,estimated,-25254.034464908375,-0.44671220834703523
full_macro,all,1,ae_selected,M1,0.9,dxy_ret,1049,estimated,-1018.4007869009397,-1.011311803216256
full_macro,all,1,ae_selected,M1,0.9,fx_ret,1049,estimated,347.7468660350934,0.44136609714741143
full_macro,all,1,ae_selected,M1,0.9,btc_vol,1049,estimated,636.5755303384268,1.272888257533405
full_macro,all,1,ae_selected,M1,0.9,btc_ret,1049,estimated,36.37588678832749,0.2194073361167325
full_macro,all,1,ae_selected,M1,0.9,vixy_ret,1049,estimated,-5.599679034359545,-0.11235878867978921
full_macro,all,1,ae_selected,M2,0.1,e_origin,1049,estimated,0.9276540541272743,44.52422503834957
full_macro,all,1,ae_selected,M2,0.1,downside,1049,estimated,129387.94768504573,2.2887105790637934
full_macro,all,1,ae_selected,M2,0.1,dxy_ret,1049,estimated,631.0256769967722,0.6266331718196511
full_macro,all,1,ae_selected,M2,0.1,fx_ret,1049,estimated,-602.8394786490577,-0.7651338772118905
full_macro,all,1,ae_selected,M2,0.1,btc_vol,1049,estimated,-1363.7179523943912,-2.7268729089656856
full_macro,all,1,ae_selected,M2,0.1,btc_ret,1049,estimated,-37.62678366807145,-0.2269523329916794
full_macro,all,1,ae_selected,M2,0.1,vixy_ret,1049,estimated,-30.752104644915907,-0.6170477282814589
full_macro,all,1,ae_selected,M2,0.1,account_ls,1049,estimated,-1.0582714620306322,-0.6053439941951514
full_macro,all,1,ae_selected,M2,0.5,e_origin,1049,estimated,0.9606027259433811,46.10564870822747
full_macro,all,1,ae_selected,M2,0.5,downside,1049,estimated,-62092.96353658558,-1.0983466781429656
full_macro,all,1,ae_selected,M2,0.5,dxy_ret,1049,estimated,-241.87842588176397,-0.2401947349058657
full_macro,all,1,ae_selected,M2,0.5,fx_ret,1049,estimated,-350.10659093779947,-0.4443610991801367
full_macro,all,1,ae_selected,M2,0.5,btc_vol,1049,estimated,280.4474636934409,0.5607791477636977
full_macro,all,1,ae_selected,M2,0.5,btc_ret,1049,estimated,117.9080885555393,0.7111826514945048
full_macro,all,1,ae_selected,M2,0.5,vixy_ret,1049,estimated,20.938001469028883,0.42012559434217717
full_macro,all,1,ae_selected,M2,0.5,account_ls,1049,estimated,1.6248848735812278,0.9294536749517609
full_macro,all,1,ae_selected,M2,0.9,e_origin,1049,estimated,1.0379937772100567,49.820154743339515
full_macro,all,1,ae_selected,M2,0.9,downside,1049,estimated,-32346.00795107886,-0.5721603280107673
full_macro,all,1,ae_selected,M2,0.9,dxy_ret,1049,estimated,-949.522057449265,-0.942912531553288
full_macro,all,1,ae_selected,M2,0.9,fx_ret,1049,estimated,327.4163861242881,0.41556231443133534
full_macro,all,1,ae_selected,M2,0.9,btc_vol,1049,estimated,664.5203729176453,1.328766405973695
full_macro,all,1,ae_selected,M2,0.9,btc_ret,1049,estimated,30.89731304739724,0.18636238858840706
full_macro,all,1,ae_selected,M2,0.9,vixy_ret,1049,estimated,-2.9139122683598813,-0.05846828912570691
full_macro,all,1,ae_selected,M2,0.9,account_ls,1049,estimated,0.21173212920334938,0.12111332242245554
full_macro,all,1,ae_reconstruction_selected,M0,0.1,e_origin,1049,estimated,0.9243841095258559,44.36727887005684
full_macro,all,1,ae_reconstruction_selected,M0,0.1,downside,1049,estimated,-23663.743878284495,-0.4185819616392709
full_macro,all,1,ae_reconstruction_selected,M0,0.1,dxy_ret,1049,estimated,437.7405113596058,0.43469344444541347
full_macro,all,1,ae_reconstruction_selected,M0,0.1,fx_ret,1049,estimated,-339.7253004252676,-0.431184992867198
full_macro,all,1,ae_reconstruction_selected,M0,0.5,e_origin,1049,estimated,0.9618183311572268,46.16399360507587
full_macro,all,1,ae_reconstruction_selected,M0,0.5,downside,1049,estimated,-6142.6943049199135,-0.10865656107203253
full_macro,all,1,ae_reconstruction_selected,M0,0.5,dxy_ret,1049,estimated,-447.78240297302347,-0.44466543547869947
full_macro,all,1,ae_reconstruction_selected,M0,0.5,fx_ret,1049,estimated,-489.4400333142974,-0.621205418052079
full_macro,all,1,ae_reconstruction_selected,M0,0.9,e_origin,1049,estimated,1.0429405210770972,50.05758154718224
full_macro,all,1,ae_reconstruction_selected,M0,0.9,downside,1049,estimated,19210.489759730062,0.3398094793891879
full_macro,all,1,ae_reconstruction_selected,M0,0.9,dxy_ret,1049,estimated,-620.8494051879688,-0.616527735997771
full_macro,all,1,ae_reconstruction_selected,M0,0.9,fx_ret,1049,estimated,164.32511764897728,0.2085641681460879
full_macro,all,1,ae_reconstruction_selected,M1,0.1,e_origin,1049,estimated,0.9282059254532453,44.550712976391154
full_macro,all,1,ae_reconstruction_selected,M1,0.1,downside,1049,estimated,112194.37479473659,1.9845778304576955
full_macro,all,1,ae_reconstruction_selected,M1,0.1,dxy_ret,1049,estimated,402.40832102267683,0.3996071978705713
full_macro,all,1,ae_reconstruction_selected,M1,0.1,fx_ret,1049,estimated,-579.8755371658407,-0.7359876613361558
full_macro,all,1,ae_reconstruction_selected,M1,0.1,btc_vol,1049,estimated,-1229.893096460102,-2.459278445203789
full_macro,all,1,ae_reconstruction_selected,M1,0.1,btc_ret,1049,estimated,-16.907644805807298,-0.1019813297868649
full_macro,all,1,ae_reconstruction_selected,M1,0.1,vixy_ret,1049,estimated,-21.001213427606206,-0.42139395616296094
full_macro,all,1,ae_reconstruction_selected,M1,0.5,e_origin,1049,estimated,0.9645766297330071,46.296382512303296
full_macro,all,1,ae_reconstruction_selected,M1,0.5,downside,1049,estimated,-39099.91994986269,-0.6916285637950575
full_macro,all,1,ae_reconstruction_selected,M1,0.5,dxy_ret,1049,estimated,-402.7117560847669,-0.3999085207522387
full_macro,all,1,ae_reconstruction_selected,M1,0.5,fx_ret,1049,estimated,-300.96782855093846,-0.3819933659475555
full_macro,all,1,ae_reconstruction_selected,M1,0.5,btc_vol,1049,estimated,377.4454712962347,0.7547351184182598
full_macro,all,1,ae_reconstruction_selected,M1,0.5,btc_ret,1049,estimated,93.82269889248633,0.5659075351501339
full_macro,all,1,ae_reconstruction_selected,M1,0.5,vixy_ret,1049,estimated,23.045404972170463,0.4624111081045948
full_macro,all,1,ae_reconstruction_selected,M1,0.9,e_origin,1049,estimated,1.038325616180439,49.83608188010786
full_macro,all,1,ae_reconstruction_selected,M1,0.9,downside,1049,estimated,-25254.034464908375,-0.44671220834703523
full_macro,all,1,ae_reconstruction_selected,M1,0.9,dxy_ret,1049,estimated,-1018.4007869009397,-1.011311803216256
full_macro,all,1,ae_reconstruction_selected,M1,0.9,fx_ret,1049,estimated,347.7468660350934,0.44136609714741143
full_macro,all,1,ae_reconstruction_selected,M1,0.9,btc_vol,1049,estimated,636.5755303384268,1.272888257533405
full_macro,all,1,ae_reconstruction_selected,M1,0.9,btc_ret,1049,estimated,36.37588678832749,0.2194073361167325
full_macro,all,1,ae_reconstruction_selected,M1,0.9,vixy_ret,1049,estimated,-5.599679034359545,-0.11235878867978921
full_macro,all,1,ae_reconstruction_selected,M2,0.1,e_origin,1049,estimated,0.9276540541272743,44.52422503834957
full_macro,all,1,ae_reconstruction_selected,M2,0.1,downside,1049,estimated,129387.94768504573,2.2887105790637934
full_macro,all,1,ae_reconstruction_selected,M2,0.1,dxy_ret,1049,estimated,631.0256769967722,0.6266331718196511
full_macro,all,1,ae_reconstruction_selected,M2,0.1,fx_ret,1049,estimated,-602.8394786490577,-0.7651338772118905
full_macro,all,1,ae_reconstruction_selected,M2,0.1,btc_vol,1049,estimated,-1363.7179523943912,-2.7268729089656856
full_macro,all,1,ae_reconstruction_selected,M2,0.1,btc_ret,1049,estimated,-37.62678366807145,-0.2269523329916794
full_macro,all,1,ae_reconstruction_selected,M2,0.1,vixy_ret,1049,estimated,-30.752104644915907,-0.6170477282814589
full_macro,all,1,ae_reconstruction_selected,M2,0.1,account_ls,1049,estimated,-1.0582714620306322,-0.6053439941951514
full_macro,all,1,ae_reconstruction_selected,M2,0.5,e_origin,1049,estimated,0.9606027259433811,46.10564870822747
full_macro,all,1,ae_reconstruction_selected,M2,0.5,downside,1049,estimated,-62092.96353658558,-1.0983466781429656
full_macro,all,1,ae_reconstruction_selected,M2,0.5,dxy_ret,1049,estimated,-241.87842588176397,-0.2401947349058657
full_macro,all,1,ae_reconstruction_selected,M2,0.5,fx_ret,1049,estimated,-350.10659093779947,-0.4443610991801367
full_macro,all,1,ae_reconstruction_selected,M2,0.5,btc_vol,1049,estimated,280.4474636934409,0.5607791477636977
full_macro,all,1,ae_reconstruction_selected,M2,0.5,btc_ret,1049,estimated,117.9080885555393,0.7111826514945048
full_macro,all,1,ae_reconstruction_selected,M2,0.5,vixy_ret,1049,estimated,20.938001469028883,0.42012559434217717
full_macro,all,1,ae_reconstruction_selected,M2,0.5,account_ls,1049,estimated,1.6248848735812278,0.9294536749517609
full_macro,all,1,ae_reconstruction_selected,M2,0.9,e_origin,1049,estimated,1.0379937772100567,49.820154743339515
full_macro,all,1,ae_reconstruction_selected,M2,0.9,downside,1049,estimated,-32346.00795107886,-0.5721603280107673
full_macro,all,1,ae_reconstruction_selected,M2,0.9,dxy_ret,1049,estimated,-949.522057449265,-0.942912531553288
full_macro,all,1,ae_reconstruction_selected,M2,0.9,fx_ret,1049,estimated,327.4163861242881,0.41556231443133534
full_macro,all,1,ae_reconstruction_selected,M2,0.9,btc_vol,1049,estimated,664.5203729176453,1.328766405973695
full_macro,all,1,ae_reconstruction_selected,M2,0.9,btc_ret,1049,estimated,30.89731304739724,0.18636238858840706
full_macro,all,1,ae_reconstruction_selected,M2,0.9,vixy_ret,1049,estimated,-2.9139122683598813,-0.05846828912570691
full_macro,all,1,ae_reconstruction_selected,M2,0.9,account_ls,1049,estimated,0.21173212920334938,0.12111332242245554
full_macro,matched,1,sequential_ols,M0,,,0,insufficient,,
full_macro,matched,1,sequential_ols,M1,,,0,insufficient,,
full_macro,matched,1,sequential_ols,M2,,,0,insufficient,,
full_macro,matched,1,pca_1,M0,,,0,insufficient,,
full_macro,matched,1,pca_1,M1,,,0,insufficient,,
full_macro,matched,1,pca_1,M2,,,0,insufficient,,
full_macro,matched,1,pca_2,M0,,,0,insufficient,,
full_macro,matched,1,pca_2,M1,,,0,insufficient,,
full_macro,matched,1,pca_2,M2,,,0,insufficient,,
full_macro,matched,1,conditional_linear,M0,,,0,insufficient,,
full_macro,matched,1,conditional_linear,M1,,,0,insufficient,,
full_macro,matched,1,conditional_linear,M2,,,0,insufficient,,
full_macro,matched,1,ae_relu_1,M0,,,0,insufficient,,
full_macro,matched,1,ae_relu_1,M1,,,0,insufficient,,
full_macro,matched,1,ae_relu_1,M2,,,0,insufficient,,
full_macro,matched,1,ae_relu_2,M0,,,0,insufficient,,
full_macro,matched,1,ae_relu_2,M1,,,0,insufficient,,
full_macro,matched,1,ae_relu_2,M2,,,0,insufficient,,
full_macro,matched,1,ae_tanh_1,M0,,,0,insufficient,,
full_macro,matched,1,ae_tanh_1,M1,,,0,insufficient,,
full_macro,matched,1,ae_tanh_1,M2,,,0,insufficient,,
full_macro,matched,1,ae_tanh_2,M0,,,0,insufficient,,
full_macro,matched,1,ae_tanh_2,M1,,,0,insufficient,,
full_macro,matched,1,ae_tanh_2,M2,,,0,insufficient,,
full_macro,matched,1,conditional_neural,M0,,,0,insufficient,,
full_macro,matched,1,conditional_neural,M1,,,0,insufficient,,
full_macro,matched,1,conditional_neural,M2,,,0,insufficient,,
full_macro,matched,1,pca_selected,M0,,,0,insufficient,,
full_macro,matched,1,pca_selected,M1,,,0,insufficient,,
full_macro,matched,1,pca_selected,M2,,,0,insufficient,,
full_macro,matched,1,ae_selected,M0,,,0,insufficient,,
full_macro,matched,1,ae_selected,M1,,,0,insufficient,,
full_macro,matched,1,ae_selected,M2,,,0,insufficient,,
full_macro,matched,1,ae_reconstruction_selected,M0,,,0,insufficient,,
full_macro,matched,1,ae_reconstruction_selected,M1,,,0,insufficient,,
full_macro,matched,1,ae_reconstruction_selected,M2,,,0,insufficient,,
full_macro,all,6,sequential_ols,M0,0.1,e_origin,237,estimated,0.5501527431169362,4.5453112985080315
full_macro,all,6,sequential_ols,M0,0.1,downside,237,estimated,-65258.88816228212,-1.0451370475351542
full_macro,all,6,sequential_ols,M0,0.1,dxy_ret,237,estimated,-195.4977317344718,-0.13373600969628163
full_macro,all,6,sequential_ols,M0,0.1,fx_ret,237,estimated,1365.0877749553702,1.212449977108861
full_macro,all,6,sequential_ols,M0,0.5,e_origin,237,estimated,0.3250473453540236,2.685511232784405
full_macro,all,6,sequential_ols,M0,0.5,downside,237,estimated,-81186.38782208263,-1.3002198483279857
full_macro,all,6,sequential_ols,M0,0.5,dxy_ret,237,estimated,277.1331625979395,0.18958114240782276
full_macro,all,6,sequential_ols,M0,0.5,fx_ret,237,estimated,1347.714887350732,1.197019645400523
full_macro,all,6,sequential_ols,M0,0.9,e_origin,237,estimated,0.22160509452107957,1.8308808826924399
full_macro,all,6,sequential_ols,M0,0.9,downside,237,estimated,104557.79203777792,1.674518600369247
full_macro,all,6,sequential_ols,M0,0.9,dxy_ret,237,estimated,-257.61700727365496,-0.17623053872292876
full_macro,all,6,sequential_ols,M0,0.9,fx_ret,237,estimated,-861.0901180118057,-0.7648070058397625
full_macro,all,6,sequential_ols,M1,0.1,e_origin,237,estimated,0.513066639416877,4.2389093251024565
full_macro,all,6,sequential_ols,M1,0.1,downside,237,estimated,11363.073013760419,0.18198239220679738
full_macro,all,6,sequential_ols,M1,0.1,dxy_ret,237,estimated,248.49489371381017,0.16999028694779847
full_macro,all,6,sequential_ols,M1,0.1,fx_ret,237,estimated,1417.957743015501,1.2594082700042373
full_macro,all,6,sequential_ols,M1,0.1,btc_vol,237,estimated,-1622.5020125247609,-3.0346367606733513
full_macro,all,6,sequential_ols,M1,0.1,btc_ret,237,estimated,-242.01812245713552,-0.7835314020323967
full_macro,all,6,sequential_ols,M1,0.1,vixy_ret,237,estimated,-4.777379637347866,-0.07187453174489164
full_macro,all,6,sequential_ols,M1,0.5,e_origin,237,estimated,0.3279938811565835,2.709855240230329
full_macro,all,6,sequential_ols,M1,0.5,downside,237,estimated,-49254.01711013379,-0.7888151249791538
full_macro,all,6,sequential_ols,M1,0.5,dxy_ret,237,estimated,460.1701678472962,0.3147930233418359
full_macro,all,6,sequential_ols,M1,0.5,fx_ret,237,estimated,1366.831055690492,1.2139983322594752
full_macro,all,6,sequential_ols,M1,0.5,btc_vol,237,estimated,-256.44399886242627,-0.4796384719369447
full_macro,all,6,sequential_ols,M1,0.5,btc_ret,237,estimated,10.908509277244832,0.03531619649514825
full_macro,all,6,sequential_ols,M1,0.5,vixy_ret,237,estimated,7.094618490429145,0.10673683496321955
full_macro,all,6,sequential_ols,M1,0.9,e_origin,237,estimated,0.19539354935947637,1.6143235104626967
full_macro,all,6,sequential_ols,M1,0.9,downside,237,estimated,3780.200711893986,0.06054083853366415
full_macro,all,6,sequential_ols,M1,0.9,dxy_ret,237,estimated,1630.6605886206285,1.1155016396165138
full_macro,all,6,sequential_ols,M1,0.9,fx_ret,237,estimated,-640.8130093330568,-0.5691602640880192
full_macro,all,6,sequential_ols,M1,0.9,btc_vol,237,estimated,569.0947030525757,1.0644028129743077
full_macro,all,6,sequential_ols,M1,0.9,btc_ret,237,estimated,-72.46469187813028,-0.2346037604484483
full_macro,all,6,sequential_ols,M1,0.9,vixy_ret,237,estimated,-101.92654319225886,-1.5334604156319511
full_macro,all,6,sequential_ols,M2,0.1,e_origin,237,estimated,0.48105837910607474,3.9744600261459446
full_macro,all,6,sequential_ols,M2,0.1,downside,237,estimated,-104612.70708058165,-1.6753980782046405
full_macro,all,6,sequential_ols,M2,0.1,dxy_ret,237,estimated,-225.16454037318982,-0.15403046821794916
full_macro,all,6,sequential_ols,M2,0.1,fx_ret,237,estimated,1399.1064121232896,1.242664807695024
full_macro,all,6,sequential_ols,M2,0.1,btc_vol,237,estimated,-1124.5117034213124,-2.1032236180093156
full_macro,all,6,sequential_ols,M2,0.1,btc_ret,237,estimated,-70.32772780319517,-0.22768535929432265
full_macro,all,6,sequential_ols,M2,0.1,vixy_ret,237,estimated,-21.5833872736476,-0.3247168890733723
full_macro,all,6,sequential_ols,M2,0.1,account_ls,237,estimated,2.8891562950269454,1.624686038765236
full_macro,all,6,sequential_ols,M2,0.5,e_origin,237,estimated,0.3225282710911191,2.664698873212971
full_macro,all,6,sequential_ols,M2,0.5,downside,237,estimated,-19971.2026188999,-0.31984369223297937
full_macro,all,6,sequential_ols,M2,0.5,dxy_ret,237,estimated,483.32739650232764,0.3306344110063978
full_macro,all,6,sequential_ols,M2,0.5,fx_ret,237,estimated,1378.4946884153778,1.224357791548279
full_macro,all,6,sequential_ols,M2,0.5,btc_vol,237,estimated,-418.3048745283315,-0.7823739752638096
full_macro,all,6,sequential_ols,M2,0.5,btc_ret,237,estimated,16.814905974098004,0.05443810041647353
full_macro,all,6,sequential_ols,M2,0.5,vixy_ret,237,estimated,4.166374650388954,0.06268210814343698
full_macro,all,6,sequential_ols,M2,0.5,account_ls,237,estimated,-0.23373431273340556,-0.1314379825459771
full_macro,all,6,sequential_ols,M2,0.9,e_origin,237,estimated,0.1664381590997578,1.3750967427207899
full_macro,all,6,sequential_ols,M2,0.9,downside,237,estimated,-59507.02247100207,-0.9530195123504579
full_macro,all,6,sequential_ols,M2,0.9,dxy_ret,237,estimated,727.6714426156562,0.497785187797118
full_macro,all,6,sequential_ols,M2,0.9,fx_ret,237,estimated,-750.534642923202,-0.666613332363477
full_macro,all,6,sequential_ols,M2,0.9,btc_vol,237,estimated,755.8154310208268,1.4136347896979709
full_macro,all,6,sequential_ols,M2,0.9,btc_ret,237,estimated,43.54911766660373,0.14098986008219816
full_macro,all,6,sequential_ols,M2,0.9,vixy_ret,237,estimated,-100.60903408777892,-1.513638806896101
full_macro,all,6,sequential_ols,M2,0.9,account_ls,237,estimated,2.691371510620165,1.5134638876967728
full_macro,all,6,pca_1,M0,0.1,e_origin,237,estimated,0.5542049754195812,4.5788180351064955
full_macro,all,6,pca_1,M0,0.1,downside,237,estimated,-63985.10915332115,-1.0247371653102657
full_macro,all,6,pca_1,M0,0.1,dxy_ret,237,estimated,-222.90705685397793,-0.1524861698000802
full_macro,all,6,pca_1,M0,0.1,fx_ret,237,estimated,1317.9100356257159,1.170547434268964
full_macro,all,6,pca_1,M0,0.5,e_origin,237,estimated,0.3398172249209794,2.80755552028385
full_macro,all,6,pca_1,M0,0.5,downside,237,estimated,-74079.90850143586,-1.186407844711241
full_macro,all,6,pca_1,M0,0.5,dxy_ret,237,estimated,139.35713098503908,0.09533137011520083
full_macro,all,6,pca_1,M0,0.5,fx_ret,237,estimated,1372.7003020332304,1.219211306636989
full_macro,all,6,pca_1,M0,0.9,e_origin,237,estimated,0.22500164780719017,1.8589540848641064
full_macro,all,6,pca_1,M0,0.9,downside,237,estimated,101985.25839110899,1.6333188451193807
full_macro,all,6,pca_1,M0,0.9,dxy_ret,237,estimated,-339.468090845214,-0.23222319505228614
full_macro,all,6,pca_1,M0,0.9,fx_ret,237,estimated,-931.3150758738688,-0.8271797338902447
full_macro,all,6,pca_1,M1,0.1,e_origin,237,estimated,0.5275161192741075,4.358315835964852
full_macro,all,6,pca_1,M1,0.1,downside,237,estimated,46237.89971238167,0.7405112675142947
full_macro,all,6,pca_1,M1,0.1,dxy_ret,237,estimated,200.45340244112188,0.13712608292013004
full_macro,all,6,pca_1,M1,0.1,fx_ret,237,estimated,1219.4113604079296,1.083062425096596
full_macro,all,6,pca_1,M1,0.1,btc_vol,237,estimated,-1680.9142893639887,-3.143887807021896
full_macro,all,6,pca_1,M1,0.1,btc_ret,237,estimated,-314.57143035153626,-1.0184220560025614
full_macro,all,6,pca_1,M1,0.1,vixy_ret,237,estimated,-1.8496939046703071,-0.02782820151662946
full_macro,all,6,pca_1,M1,0.5,e_origin,237,estimated,0.33938045819641005,2.803946972103498
full_macro,all,6,pca_1,M1,0.5,downside,237,estimated,-48077.19458004214,-0.7699680244659749
full_macro,all,6,pca_1,M1,0.5,dxy_ret,237,estimated,405.98897549717407,0.27772877507048693
full_macro,all,6,pca_1,M1,0.5,fx_ret,237,estimated,1385.574956693154,1.2306463769922409
full_macro,all,6,pca_1,M1,0.5,btc_vol,237,estimated,-244.58524209716572,-0.4574585184219753
full_macro,all,6,pca_1,M1,0.5,btc_ret,237,estimated,-15.531017722504284,-0.05028152424105792
full_macro,all,6,pca_1,M1,0.5,vixy_ret,237,estimated,11.534837180387404,0.17353886105525396
full_macro,all,6,pca_1,M1,0.9,e_origin,237,estimated,0.19571593449268265,1.6169967617745677
full_macro,all,6,pca_1,M1,0.9,downside,237,estimated,2842.960489224691,0.04553070724371785
full_macro,all,6,pca_1,M1,0.9,dxy_ret,237,estimated,1517.3671558533133,1.0379999136953477
full_macro,all,6,pca_1,M1,0.9,fx_ret,237,estimated,-696.7438641002874,-0.6188371895036211
full_macro,all,6,pca_1,M1,0.9,btc_vol,237,estimated,552.594634365501,1.0335420099645685
full_macro,all,6,pca_1,M1,0.9,btc_ret,237,estimated,-117.27787220995562,-0.37968601155608844
full_macro,all,6,pca_1,M1,0.9,vixy_ret,237,estimated,-94.35787991493677,-1.4195916904547583
full_macro,all,6,pca_1,M2,0.1,e_origin,237,estimated,0.4855028253914395,4.011203781262442
full_macro,all,6,pca_1,M2,0.1,downside,237,estimated,-102447.92775485797,-1.6407286080870107
full_macro,all,6,pca_1,M2,0.1,dxy_ret,237,estimated,-205.23087035694275,-0.14039425125050067
full_macro,all,6,pca_1,M2,0.1,fx_ret,237,estimated,1466.1221228481763,1.302187131771935
full_macro,all,6,pca_1,M2,0.1,btc_vol,237,estimated,-1064.6166080605353,-1.991199191066994
full_macro,all,6,pca_1,M2,0.1,btc_ret,237,estimated,-58.14725353086492,-0.18825118805489913
full_macro,all,6,pca_1,M2,0.1,vixy_ret,237,estimated,-23.916947651848826,-0.3598247457256764
full_macro,all,6,pca_1,M2,0.1,account_ls,237,estimated,2.7710596224904926,1.5582756422682147
full_macro,all,6,pca_1,M2,0.5,e_origin,237,estimated,0.33948383785396874,2.80480109045589
full_macro,all,6,pca_1,M2,0.5,downside,237,estimated,-19312.398200730415,-0.3092927784203421
full_macro,all,6,pca_1,M2,0.5,dxy_ret,237,estimated,403.6116407607441,0.2761024888801472
full_macro,all,6,pca_1,M2,0.5,fx_ret,237,estimated,1393.1937766077378,1.237413295721211
full_macro,all,6,pca_1,M2,0.5,btc_vol,237,estimated,-395.2872739579788,-0.739323146177567
full_macro,all,6,pca_1,M2,0.5,btc_ret,237,estimated,8.502932090938483,0.027528162911764048
full_macro,all,6,pca_1,M2,0.5,vixy_ret,237,estimated,8.485411898445305,0.12766098848318916
full_macro,all,6,pca_1,M2,0.5,account_ls,237,estimated,-0.19363007788458117,-0.10888579644015774
full_macro,all,6,pca_1,M2,0.9,e_origin,237,estimated,0.1749986080121952,1.4458310878175133
full_macro,all,6,pca_1,M2,0.9,downside,237,estimated,-61644.06848703498,-0.9872448267335232
full_macro,all,6,pca_1,M2,0.9,dxy_ret,237,estimated,811.4794725114339,0.5551165511808686
full_macro,all,6,pca_1,M2,0.9,fx_ret,237,estimated,-798.5334872461622,-0.7092451680361153
full_macro,all,6,pca_1,M2,0.9,btc_vol,237,estimated,744.193994343989,1.3918987063654815
full_macro,all,6,pca_1,M2,0.9,btc_ret,237,estimated,62.75696841614139,0.20317509677033008
full_macro,all,6,pca_1,M2,0.9,vixy_ret,237,estimated,-98.29433726103902,-1.4788147478548825
full_macro,all,6,pca_1,M2,0.9,account_ls,237,estimated,2.6349849059006103,1.4817554856214257
full_macro,all,6,pca_2,M0,0.1,e_origin,237,estimated,0.6527372427331767,4.767392902719022
full_macro,all,6,pca_2,M0,0.1,downside,237,estimated,-60714.45629889227,-0.9723568602813195
full_macro,all,6,pca_2,M0,0.1,dxy_ret,237,estimated,159.75379271418277,0.10928431026739367
full_macro,all,6,pca_2,M0,0.1,fx_ret,237,estimated,816.1051741831028,0.7248520702553914
full_macro,all,6,pca_2,M0,0.5,e_origin,237,estimated,0.4261861938785971,3.112733429191211
full_macro,all,6,pca_2,M0,0.5,downside,237,estimated,9327.753258477618,0.14938624875831466
full_macro,all,6,pca_2,M0,0.5,dxy_ret,237,estimated,-208.47130261975286,-0.1426109648495511
full_macro,all,6,pca_2,M0,0.5,fx_ret,237,estimated,420.1663621608954,0.37318530392710186
full_macro,all,6,pca_2,M0,0.9,e_origin,237,estimated,0.4536946290960536,3.3136466148269457
full_macro,all,6,pca_2,M0,0.9,downside,237,estimated,5631.26727837047,0.0901861221196696
full_macro,all,6,pca_2,M0,0.9,dxy_ret,237,estimated,1824.6426281600773,1.2482007952056313
full_macro,all,6,pca_2,M0,0.9,fx_ret,237,estimated,-955.0958826052358,-0.8483014808621703
full_macro,all,6,pca_2,M1,0.1,e_origin,237,estimated,0.5838690872373349,4.264400987688312
full_macro,all,6,pca_2,M1,0.1,downside,237,estimated,-32989.85736227134,-0.5283406305738751
full_macro,all,6,pca_2,M1,0.1,dxy_ret,237,estimated,799.5565723050919,0.5469603384030709
full_macro,all,6,pca_2,M1,0.1,fx_ret,237,estimated,519.2634138592229,0.46120178189103417
full_macro,all,6,pca_2,M1,0.1,btc_vol,237,estimated,-942.660973595466,-1.7631002126607696
full_macro,all,6,pca_2,M1,0.1,btc_ret,237,estimated,-399.53361681011455,-1.2934863379652406
full_macro,all,6,pca_2,M1,0.1,vixy_ret,237,estimated,-48.79160370698529,-0.7340579848640012
full_macro,all,6,pca_2,M1,0.5,e_origin,237,estimated,0.4140851561418522,3.024351155827846
full_macro,all,6,pca_2,M1,0.5,downside,237,estimated,7697.080320773121,0.12327062301596586
full_macro,all,6,pca_2,M1,0.5,dxy_ret,237,estimated,-221.7431091975113,-0.15168993695538097
full_macro,all,6,pca_2,M1,0.5,fx_ret,237,estimated,395.34289674956364,0.35113748354374535
full_macro,all,6,pca_2,M1,0.5,btc_vol,237,estimated,0.7850528548183509,0.001468318827288339
full_macro,all,6,pca_2,M1,0.5,btc_ret,237,estimated,-84.11269259353281,-0.2723140535403639
full_macro,all,6,pca_2,M1,0.5,vixy_ret,237,estimated,-14.151612011087208,-0.212907611273057
full_macro,all,6,pca_2,M1,0.9,e_origin,237,estimated,0.5096319226763267,3.7221954748479673
full_macro,all,6,pca_2,M1,0.9,downside,237,estimated,-7609.01345262224,-0.1218602105931248
full_macro,all,6,pca_2,M1,0.9,dxy_ret,237,estimated,3190.620387116894,2.182638311160412
full_macro,all,6,pca_2,M1,0.9,fx_ret,237,estimated,-694.3044053424902,-0.6166704997351584
full_macro,all,6,pca_2,M1,0.9,btc_vol,237,estimated,338.9615934326719,0.6339747525407172
full_macro,all,6,pca_2,M1,0.9,btc_ret,237,estimated,213.8597290841078,0.6923688675306435
full_macro,all,6,pca_2,M1,0.9,vixy_ret,237,estimated,-113.73994550637589,-1.7111902223660345
full_macro,all,6,pca_2,M2,0.1,e_origin,237,estimated,0.6018260532737645,4.395553167818219
full_macro,all,6,pca_2,M2,0.1,downside,237,estimated,-53269.220507372294,-0.8531195889689097
full_macro,all,6,pca_2,M2,0.1,dxy_ret,237,estimated,325.41572623525167,0.22261025912172447
full_macro,all,6,pca_2,M2,0.1,fx_ret,237,estimated,748.6014039482847,0.6648962592243808
full_macro,all,6,pca_2,M2,0.1,btc_vol,237,estimated,-869.1164224418897,-1.6255466091798256
full_macro,all,6,pca_2,M2,0.1,btc_ret,237,estimated,-272.0720082273256,-0.8808305753957849
full_macro,all,6,pca_2,M2,0.1,vixy_ret,237,estimated,-54.654184334235715,-0.8222591054335648
full_macro,all,6,pca_2,M2,0.1,account_ls,237,estimated,1.3547509400030044,0.7618296531813047
full_macro,all,6,pca_2,M2,0.5,e_origin,237,estimated,0.4162344846187248,3.0400491927337057
full_macro,all,6,pca_2,M2,0.5,downside,237,estimated,-3902.7671960856746,-0.06250377074140138
full_macro,all,6,pca_2,M2,0.5,dxy_ret,237,estimated,-139.83519324988862,-0.09565840275706382
full_macro,all,6,pca_2,M2,0.5,fx_ret,237,estimated,301.1157628451131,0.2674463917022557
full_macro,all,6,pca_2,M2,0.5,btc_vol,237,estimated,153.74875243313699,0.2875630430283633
full_macro,all,6,pca_2,M2,0.5,btc_ret,237,estimated,-56.06637388758266,-0.1815143597223415
full_macro,all,6,pca_2,M2,0.5,vixy_ret,237,estimated,-11.942009133721275,-0.1796646655144054
full_macro,all,6,pca_2,M2,0.5,account_ls,237,estimated,-0.12479753332167814,-0.07017855365217575
full_macro,all,6,pca_2,M2,0.9,e_origin,237,estimated,0.4952840900897966,3.6174033000426675
full_macro,all,6,pca_2,M2,0.9,downside,237,estimated,-75485.55784181504,-1.208919662531679
full_macro,all,6,pca_2,M2,0.9,dxy_ret,237,estimated,2973.252526094498,2.0339413922169514
full_macro,all,6,pca_2,M2,0.9,fx_ret,237,estimated,-703.0279627647209,-0.6244186293360093
full_macro,all,6,pca_2,M2,0.9,btc_vol,237,estimated,543.2498325721714,1.0160640168253696
full_macro,all,6,pca_2,M2,0.9,btc_ret,237,estimated,199.66499636537102,0.6464135534588354
full_macro,all,6,pca_2,M2,0.9,vixy_ret,237,estimated,-115.65694846596169,-1.7400310724832528
full_macro,all,6,pca_2,M2,0.9,account_ls,237,estimated,1.4028487087279142,0.788876917283156
full_macro,all,6,conditional_linear,M0,0.1,e_origin,237,estimated,0.44638949402914463,4.422758428612494
full_macro,all,6,conditional_linear,M0,0.1,downside,237,estimated,-70766.48130327165,-1.1333424981104765
full_macro,all,6,conditional_linear,M0,0.1,dxy_ret,237,estimated,-733.6171459662879,-0.501852522153873
full_macro,all,6,conditional_linear,M0,0.1,fx_ret,237,estimated,1874.692051657616,1.6650726618607012
full_macro,all,6,conditional_linear,M0,0.5,e_origin,237,estimated,0.4314390392470523,4.274631622799336
full_macro,all,6,conditional_linear,M0,0.5,downside,237,estimated,-67700.53230557861,-1.0842405753904034
full_macro,all,6,conditional_linear,M0,0.5,dxy_ret,237,estimated,808.5501449063948,0.5531126579309807
full_macro,all,6,conditional_linear,M0,0.5,fx_ret,237,estimated,1070.3885394519698,0.950702646354413
full_macro,all,6,conditional_linear,M0,0.9,e_origin,237,estimated,0.6128775082174477,6.072296058559938
full_macro,all,6,conditional_linear,M0,0.9,downside,237,estimated,62309.167540806375,0.997896550674153
full_macro,all,6,conditional_linear,M0,0.9,dxy_ret,237,estimated,-391.21365652733164,-0.2676212808121887
full_macro,all,6,conditional_linear,M0,0.9,fx_ret,237,estimated,-540.7263275430204,-0.48026481188957076
full_macro,all,6,conditional_linear,M1,0.1,e_origin,237,estimated,0.46608786530706336,4.617926860586534
full_macro,all,6,conditional_linear,M1,0.1,downside,237,estimated,-93726.87677400281,-1.5010588446232414
full_macro,all,6,conditional_linear,M1,0.1,dxy_ret,237,estimated,-347.67088649157677,-0.23783456019890872
full_macro,all,6,conditional_linear,M1,0.1,fx_ret,237,estimated,1279.0279775715626,1.1360129880138543
full_macro,all,6,conditional_linear,M1,0.1,btc_vol,237,estimated,-498.17430629856136,-0.9317572806976651
full_macro,all,6,conditional_linear,M1,0.1,btc_ret,237,estimated,-447.9492147396187,-1.4502313822652186
full_macro,all,6,conditional_linear,M1,0.1,vixy_ret,237,estimated,-0.6387309856648994,-0.009609554607450783
full_macro,all,6,conditional_linear,M1,0.5,e_origin,237,estimated,0.4054694376584425,4.017328805752676
full_macro,all,6,conditional_linear,M1,0.5,downside,237,estimated,67021.72734504551,1.073369348002349
full_macro,all,6,conditional_linear,M1,0.5,dxy_ret,237,estimated,659.8061590869071,0.45135993193599677
full_macro,all,6,conditional_linear,M1,0.5,fx_ret,237,estimated,1104.1203147900894,0.9806626906730881
full_macro,all,6,conditional_linear,M1,0.5,btc_vol,237,estimated,-1003.8184193401881,-1.8774856689580002
full_macro,all,6,conditional_linear,M1,0.5,btc_ret,237,estimated,108.00487864147351,0.3496647818317027
full_macro,all,6,conditional_linear,M1,0.5,vixy_ret,237,estimated,19.995946836116246,0.3008342281208063
full_macro,all,6,conditional_linear,M1,0.9,e_origin,237,estimated,0.6748152451638,6.685965626936424
full_macro,all,6,conditional_linear,M1,0.9,downside,237,estimated,2794.5136216190717,0.044754818815374554
full_macro,all,6,conditional_linear,M1,0.9,dxy_ret,237,estimated,430.8496676347571,0.29473546734906453
full_macro,all,6,conditional_linear,M1,0.9,fx_ret,237,estimated,-323.5690261995886,-0.2873890350542871
full_macro,all,6,conditional_linear,M1,0.9,btc_vol,237,estimated,787.3461489868057,1.4726080760738007
full_macro,all,6,conditional_linear,M1,0.9,btc_ret,237,estimated,423.76614343880044,1.371938915695342
full_macro,all,6,conditional_linear,M1,0.9,vixy_ret,237,estimated,-61.71251129748754,-0.9284499430676658
full_macro,all,6,conditional_linear,M2,0.1,e_origin,237,estimated,0.46105522077350464,4.568064192833977
full_macro,all,6,conditional_linear,M2,0.1,downside,237,estimated,-99166.94725619517,-1.5881829033108945
full_macro,all,6,conditional_linear,M2,0.1,dxy_ret,237,estimated,-391.42260733724606,-0.26776421979819554
full_macro,all,6,conditional_linear,M2,0.1,fx_ret,237,estimated,1596.7980284517769,1.4182514623333489
full_macro,all,6,conditional_linear,M2,0.1,btc_vol,237,estimated,-769.6625327642687,-1.4395336321370285
full_macro,all,6,conditional_linear,M2,0.1,btc_ret,237,estimated,-321.6210396069878,-1.0412450998623566
full_macro,all,6,conditional_linear,M2,0.1,vixy_ret,237,estimated,3.895628576573207,0.05860879834717435
full_macro,all,6,conditional_linear,M2,0.1,account_ls,237,estimated,2.1344076769084124,1.2002612526277663
full_macro,all,6,conditional_linear,M2,0.5,e_origin,237,estimated,0.412773348794213,4.089694833559451
full_macro,all,6,conditional_linear,M2,0.5,downside,237,estimated,74144.36311492494,1.1874401011032665
full_macro,all,6,conditional_linear,M2,0.5,dxy_ret,237,estimated,687.371041825822,0.4702165058335156
full_macro,all,6,conditional_linear,M2,0.5,fx_ret,237,estimated,1193.6342342348237,1.0601675778846382
full_macro,all,6,conditional_linear,M2,0.5,btc_vol,237,estimated,-1034.1952792502868,-1.9343008439441718
full_macro,all,6,conditional_linear,M2,0.5,btc_ret,237,estimated,109.79164684033142,0.35544942712084215
full_macro,all,6,conditional_linear,M2,0.5,vixy_ret,237,estimated,24.25865428337876,0.3649656401070517
full_macro,all,6,conditional_linear,M2,0.5,account_ls,237,estimated,-0.0888923915442415,-0.04998768247428274
full_macro,all,6,conditional_linear,M2,0.9,e_origin,237,estimated,0.6266976188223896,6.209223588172391
full_macro,all,6,conditional_linear,M2,0.9,downside,237,estimated,-60467.08815471308,-0.9683951989790494
full_macro,all,6,conditional_linear,M2,0.9,dxy_ret,237,estimated,1422.7047508318308,0.9732432937412041
full_macro,all,6,conditional_linear,M2,0.9,fx_ret,237,estimated,-408.6197104257367,-0.362929745355101
full_macro,all,6,conditional_linear,M2,0.9,btc_vol,237,estimated,878.5726012120409,1.6432329155695147
full_macro,all,6,conditional_linear,M2,0.9,btc_ret,237,estimated,578.9298616276168,1.8742799983494958
full_macro,all,6,conditional_linear,M2,0.9,vixy_ret,237,estimated,-88.32476427777402,-1.3288249115297779
full_macro,all,6,conditional_linear,M2,0.9,account_ls,237,estimated,2.123391400627141,1.1940663678774435
full_macro,all,6,ae_relu_1,M0,0.1,e_origin,237,estimated,0.7507158799492345,38.752752039296745
full_macro,all,6,ae_relu_1,M0,0.1,downside,237,estimated,-39030.32774739547,-0.6250802404846826
full_macro,all,6,ae_relu_1,M0,0.1,dxy_ret,237,estimated,-1125.0451772376714,-0.7696204523547518
full_macro,all,6,ae_relu_1,M0,0.1,fx_ret,237,estimated,404.6144187516476,0.3593723068609188
full_macro,all,6,ae_relu_1,M0,0.5,e_origin,237,estimated,1.0050712373018424,51.88284606903658
full_macro,all,6,ae_relu_1,M0,0.5,downside,237,estimated,-3123.1149613413186,-0.05001744960306702
full_macro,all,6,ae_relu_1,M0,0.5,dxy_ret,237,estimated,787.3740199093014,0.5386265028599467
full_macro,all,6,ae_relu_1,M0,0.5,fx_ret,237,estimated,1878.6350437411656,1.6685747668162574
full_macro,all,6,ae_relu_1,M0,0.9,e_origin,237,estimated,1.3523829273770727,69.81144484430777
full_macro,all,6,ae_relu_1,M0,0.9,downside,237,estimated,186607.60202909505,2.988566365815375
full_macro,all,6,ae_relu_1,M0,0.9,dxy_ret,237,estimated,-1293.145403812081,-0.8846143877403373
full_macro,all,6,ae_relu_1,M0,0.9,fx_ret,237,estimated,330.37591305203057,0.29343480731878174
full_macro,all,6,ae_relu_1,M1,0.1,e_origin,237,estimated,0.7550005177985494,38.97392960139109
full_macro,all,6,ae_relu_1,M1,0.1,downside,237,estimated,-117366.09601985484,-1.879646719844283
full_macro,all,6,ae_relu_1,M1,0.1,dxy_ret,237,estimated,-701.8891787705741,-0.48014806711552793
full_macro,all,6,ae_relu_1,M1,0.1,fx_ret,237,estimated,671.0183469775625,0.5959881806568594
full_macro,all,6,ae_relu_1,M1,0.1,btc_vol,237,estimated,-231.80219978380967,-0.43354983305955197
full_macro,all,6,ae_relu_1,M1,0.1,btc_ret,237,estimated,-362.83212269479003,-1.1746655949196154
full_macro,all,6,ae_relu_1,M1,0.1,vixy_ret,237,estimated,21.295792504274875,0.32039009469024476
full_macro,all,6,ae_relu_1,M1,0.5,e_origin,237,estimated,0.9926614538234243,51.24223984923339
full_macro,all,6,ae_relu_1,M1,0.5,downside,237,estimated,168392.679629957,2.6968499306536735
full_macro,all,6,ae_relu_1,M1,0.5,dxy_ret,237,estimated,-387.71529649494335,-0.2652281240882631
full_macro,all,6,ae_relu_1,M1,0.5,fx_ret,237,estimated,2619.6957897331786,2.3267735295615077
full_macro,all,6,ae_relu_1,M1,0.5,btc_vol,237,estimated,-1060.8931714352793,-1.9842350840447434
full_macro,all,6,ae_relu_1,M1,0.5,btc_ret,237,estimated,77.87965255373916,0.25213464485922865
full_macro,all,6,ae_relu_1,M1,0.5,vixy_ret,237,estimated,62.83791042828905,0.9453813032886783
full_macro,all,6,ae_relu_1,M1,0.9,e_origin,237,estimated,1.3359672878354925,68.96405207466987
full_macro,all,6,ae_relu_1,M1,0.9,downside,237,estimated,-119518.99747522005,-1.9141259629643799
full_macro,all,6,ae_relu_1,M1,0.9,dxy_ret,237,estimated,-961.3376600923146,-0.6576314798686574
full_macro,all,6,ae_relu_1,M1,0.9,fx_ret,237,estimated,198.39645581680796,0.17621268223681244
full_macro,all,6,ae_relu_1,M1,0.9,btc_vol,237,estimated,3025.7220875750127,5.659140884668901
full_macro,all,6,ae_relu_1,M1,0.9,btc_ret,237,estimated,-111.71180914434274,-0.3616659345745689
full_macro,all,6,ae_relu_1,M1,0.9,vixy_ret,237,estimated,112.44507009952581,1.6917091321868598
full_macro,all,6,ae_relu_1,M2,0.1,e_origin,237,estimated,0.7587524160694046,39.1676065799265
full_macro,all,6,ae_relu_1,M2,0.1,downside,237,estimated,-127061.53057898612,-2.0349214745183506
full_macro,all,6,ae_relu_1,M2,0.1,dxy_ret,237,estimated,-826.8733021943053,-0.5656471559989724
full_macro,all,6,ae_relu_1,M2,0.1,fx_ret,237,estimated,798.9395097951927,0.7096057910226437
full_macro,all,6,ae_relu_1,M2,0.1,btc_vol,237,estimated,-236.2166104039515,-0.4418062990862065
full_macro,all,6,ae_relu_1,M2,0.1,btc_ret,237,estimated,-342.65100104836114,-1.1093294028292342
full_macro,all,6,ae_relu_1,M2,0.1,vixy_ret,237,estimated,15.640959999744794,0.23531449484017208
full_macro,all,6,ae_relu_1,M2,0.1,account_ls,237,estimated,0.25178147594179445,0.1415866111108134
full_macro,all,6,ae_relu_1,M2,0.5,e_origin,237,estimated,0.9954704124607275,51.3872412811565
full_macro,all,6,ae_relu_1,M2,0.5,downside,237,estimated,138017.6647652618,2.2103866419200426
full_macro,all,6,ae_relu_1,M2,0.5,dxy_ret,237,estimated,-274.28964308923014,-0.18763594872596037
full_macro,all,6,ae_relu_1,M2,0.5,fx_ret,237,estimated,2684.295032267945,2.384149583738748
full_macro,all,6,ae_relu_1,M2,0.5,btc_vol,237,estimated,-831.1856316229812,-1.554602985509766
full_macro,all,6,ae_relu_1,M2,0.5,btc_ret,237,estimated,88.09633287118433,0.28521105158435894
full_macro,all,6,ae_relu_1,M2,0.5,vixy_ret,237,estimated,69.37600656098573,1.0437453927503932
full_macro,all,6,ae_relu_1,M2,0.5,account_ls,237,estimated,-0.22331757605084127,-0.12558024245528462
full_macro,all,6,ae_relu_1,M2,0.9,e_origin,237,estimated,1.3413997511162543,69.2444816061408
full_macro,all,6,ae_relu_1,M2,0.9,downside,237,estimated,-97501.34667269848,-1.561507902782542
full_macro,all,6,ae_relu_1,M2,0.9,dxy_ret,237,estimated,-1856.5501406188305,-1.2700280734953038
full_macro,all,6,ae_relu_1,M2,0.9,fx_ret,237,estimated,537.8402334405237,0.47770142747378064
full_macro,all,6,ae_relu_1,M2,0.9,btc_vol,237,estimated,2435.406038767368,4.555046856865785
full_macro,all,6,ae_relu_1,M2,0.9,btc_ret,237,estimated,194.77218028642156,0.6305731072835499
full_macro,all,6,ae_relu_1,M2,0.9,vixy_ret,237,estimated,50.84678222456567,0.7649776531374761
full_macro,all,6,ae_relu_1,M2,0.9,account_ls,237,estimated,3.4697687977385674,1.9511872490707578
full_macro,all,6,ae_relu_2,M0,0.1,e_origin,237,estimated,0.7649724675991249,46.66879027321616
full_macro,all,6,ae_relu_2,M0,0.1,downside,237,estimated,4111.437068067645,0.0658456697539994
full_macro,all,6,ae_relu_2,M0,0.1,dxy_ret,237,estimated,-1527.6356683147606,-1.0450243935700079
full_macro,all,6,ae_relu_2,M0,0.1,fx_ret,237,estimated,1786.76408666972,1.5869763950178686
full_macro,all,6,ae_relu_2,M0,0.5,e_origin,237,estimated,1.0050726105756844,61.31661577249181
full_macro,all,6,ae_relu_2,M0,0.5,downside,237,estimated,22821.444975860264,0.36549102036865716
full_macro,all,6,ae_relu_2,M0,0.5,dxy_ret,237,estimated,-370.4433912306054,-0.2534127660817463
full_macro,all,6,ae_relu_2,M0,0.5,fx_ret,237,estimated,2442.596040208537,2.1694762544729835
full_macro,all,6,ae_relu_2,M0,0.9,e_origin,237,estimated,1.4071283665462955,85.8448916886449
full_macro,all,6,ae_relu_2,M0,0.9,downside,237,estimated,173208.23550939732,2.773972235305313
full_macro,all,6,ae_relu_2,M0,0.9,dxy_ret,237,estimated,-428.2384087129659,-0.2929491583960866
full_macro,all,6,ae_relu_2,M0,0.9,fx_ret,237,estimated,-1117.8106580336719,-0.9928222430892957
full_macro,all,6,ae_relu_2,M1,0.1,e_origin,237,estimated,0.8299887402475056,50.635247787819914
full_macro,all,6,ae_relu_2,M1,0.1,downside,237,estimated,-123801.15480212611,-1.9827057593990718
full_macro,all,6,ae_relu_2,M1,0.1,dxy_ret,237,estimated,-133.7503277764493,-0.09149587043130916
full_macro,all,6,ae_relu_2,M1,0.1,fx_ret,237,estimated,693.6195354462237,0.616062208821354
full_macro,all,6,ae_relu_2,M1,0.1,btc_vol,237,estimated,553.0973154755736,1.0344821965182658
full_macro,all,6,ae_relu_2,M1,0.1,btc_ret,237,estimated,-410.5386981677294,-1.3291151856650232
full_macro,all,6,ae_relu_2,M1,0.1,vixy_ret,237,estimated,42.67052255974224,0.6419677859207967
full_macro,all,6,ae_relu_2,M1,0.5,e_origin,237,estimated,1.0037369133812835,61.23512869305526
full_macro,all,6,ae_relu_2,M1,0.5,downside,237,estimated,55790.20811538488,0.8934938218084114
full_macro,all,6,ae_relu_2,M1,0.5,dxy_ret,237,estimated,-163.60958537877292,-0.11192197936259758
full_macro,all,6,ae_relu_2,M1,0.5,fx_ret,237,estimated,3180.5815913782835,2.8249436764500664
full_macro,all,6,ae_relu_2,M1,0.5,btc_vol,237,estimated,-462.53197542699274,-0.8650938641570375
full_macro,all,6,ae_relu_2,M1,0.5,btc_ret,237,estimated,110.84022284339468,0.3588441820981815
full_macro,all,6,ae_relu_2,M1,0.5,vixy_ret,237,estimated,5.149687528621575,0.07747581474552025
full_macro,all,6,ae_relu_2,M1,0.9,e_origin,237,estimated,1.401462225492816,85.49921657001846
full_macro,all,6,ae_relu_2,M1,0.9,downside,237,estimated,20191.514368059405,0.3233720387546253
full_macro,all,6,ae_relu_2,M1,0.9,dxy_ret,237,estimated,1073.4582724749646,0.7343309032927868
full_macro,all,6,ae_relu_2,M1,0.9,fx_ret,237,estimated,-1028.152848049713,-0.913189554512742
full_macro,all,6,ae_relu_2,M1,0.9,btc_vol,237,estimated,1983.6566972818216,3.7101202264520703
full_macro,all,6,ae_relu_2,M1,0.9,btc_ret,237,estimated,72.1154434018673,0.23347307178147678
full_macro,all,6,ae_relu_2,M1,0.9,vixy_ret,237,estimated,-11.847364428906191,-0.1782407586120655
full_macro,all,6,ae_relu_2,M2,0.1,e_origin,237,estimated,0.8116257965586668,49.51497692303582
full_macro,all,6,ae_relu_2,M2,0.1,downside,237,estimated,-94502.60291385885,-1.5134822883921404
full_macro,all,6,ae_relu_2,M2,0.1,dxy_ret,237,estimated,-1257.599319353229,-0.8602980365802607
full_macro,all,6,ae_relu_2,M2,0.1,fx_ret,237,estimated,1632.6951052523896,1.4501346941252393
full_macro,all,6,ae_relu_2,M2,0.1,btc_vol,237,estimated,617.7839180601688,1.1554683898240103
full_macro,all,6,ae_relu_2,M2,0.1,btc_ret,237,estimated,-355.75213861487686,-1.1517442128504527
full_macro,all,6,ae_relu_2,M2,0.1,vixy_ret,237,estimated,-16.199505761083692,-0.2437176819640268
full_macro,all,6,ae_relu_2,M2,0.1,account_ls,237,estimated,-1.593803466970025,-0.8962582764314173
full_macro,all,6,ae_relu_2,M2,0.5,e_origin,237,estimated,1.0038278222812613,61.2406747859759
full_macro,all,6,ae_relu_2,M2,0.5,downside,237,estimated,50993.46192758466,0.8166727589667286
full_macro,all,6,ae_relu_2,M2,0.5,dxy_ret,237,estimated,-58.42468685587907,-0.039967136286125624
full_macro,all,6,ae_relu_2,M2,0.5,fx_ret,237,estimated,3193.5779667133147,2.836486857237816
full_macro,all,6,ae_relu_2,M2,0.5,btc_vol,237,estimated,-398.78549968648474,-0.7458660313702566
full_macro,all,6,ae_relu_2,M2,0.5,btc_ret,237,estimated,113.77463838786434,0.36834432490716135
full_macro,all,6,ae_relu_2,M2,0.5,vixy_ret,237,estimated,5.395335264027243,0.08117152605521992
full_macro,all,6,ae_relu_2,M2,0.5,account_ls,237,estimated,-0.16638039959603543,-0.09356223227284378
full_macro,all,6,ae_relu_2,M2,0.9,e_origin,237,estimated,1.4080572938387774,85.9015628955551
full_macro,all,6,ae_relu_2,M2,0.9,downside,237,estimated,-3338.379645786121,-0.05346496614946844
full_macro,all,6,ae_relu_2,M2,0.9,dxy_ret,237,estimated,-905.3692571203235,-0.6193446372739114
full_macro,all,6,ae_relu_2,M2,0.9,fx_ret,237,estimated,-1077.4151424682525,-0.9569435671380774
full_macro,all,6,ae_relu_2,M2,0.9,btc_vol,237,estimated,2718.2248829672017,5.084015360198761
full_macro,all,6,ae_relu_2,M2,0.9,btc_ret,237,estimated,595.3610667448095,1.9274758708397308
full_macro,all,6,ae_relu_2,M2,0.9,vixy_ret,237,estimated,-100.54615577581896,-1.5126928177614505
full_macro,all,6,ae_relu_2,M2,0.9,account_ls,237,estimated,2.308247315630885,1.2980181079777329
full_macro,all,6,ae_tanh_1,M0,0.1,e_origin,237,estimated,0.8361407435424326,52.66546478866388
full_macro,all,6,ae_tanh_1,M0,0.1,downside,237,estimated,-36502.096196599836,-0.5845899941306084
full_macro,all,6,ae_tanh_1,M0,0.1,dxy_ret,237,estimated,561.3439457722454,0.38400394065292726
full_macro,all,6,ae_tanh_1,M0,0.1,fx_ret,237,estimated,1695.05854623145,1.5055249437302243
full_macro,all,6,ae_tanh_1,M0,0.5,e_origin,237,estimated,0.9644479005174028,60.74706601427853
full_macro,all,6,ae_tanh_1,M0,0.5,downside,237,estimated,75749.75771837374,1.2131508881428028
full_macro,all,6,ae_tanh_1,M0,0.5,dxy_ret,237,estimated,213.28393184242816,0.14590318631257293
full_macro,all,6,ae_tanh_1,M0,0.5,fx_ret,237,estimated,1925.8434560395574,1.7105045529154714
full_macro,all,6,ae_tanh_1,M0,0.9,e_origin,237,estimated,1.2235797817809446,77.06884087539402
full_macro,all,6,ae_tanh_1,M0,0.9,downside,237,estimated,40968.37813933726,0.6561185913001518
full_macro,all,6,ae_tanh_1,M0,0.9,dxy_ret,237,estimated,2289.867463886084,1.5664516137169622
full_macro,all,6,ae_tanh_1,M0,0.9,fx_ret,237,estimated,-882.4661357658725,-0.7837928562093069
full_macro,all,6,ae_tanh_1,M1,0.1,e_origin,237,estimated,0.8459885127232359,53.28573995769967
full_macro,all,6,ae_tanh_1,M1,0.1,downside,237,estimated,2074.4443657005977,0.033222733648982844
full_macro,all,6,ae_tanh_1,M1,0.1,dxy_ret,237,estimated,-149.96407947807137,-0.10258736717422962
full_macro,all,6,ae_tanh_1,M1,0.1,fx_ret,237,estimated,2105.9439169854263,1.870467013760345
full_macro,all,6,ae_tanh_1,M1,0.1,btc_vol,237,estimated,-673.6465102264078,-1.2599506489679477
full_macro,all,6,ae_tanh_1,M1,0.1,btc_ret,237,estimated,-261.57616303536173,-0.8468503750071508
full_macro,all,6,ae_tanh_1,M1,0.1,vixy_ret,237,estimated,63.69549868721708,0.9582835131232285
full_macro,all,6,ae_tanh_1,M1,0.5,e_origin,237,estimated,0.9705922853186016,61.13407846869448
full_macro,all,6,ae_tanh_1,M1,0.5,downside,237,estimated,101455.11062725577,1.6248283990778687
full_macro,all,6,ae_tanh_1,M1,0.5,dxy_ret,237,estimated,215.8747910104047,0.14767554021016607
full_macro,all,6,ae_tanh_1,M1,0.5,fx_ret,237,estimated,1905.8955339298855,1.6927871151440932
full_macro,all,6,ae_tanh_1,M1,0.5,btc_vol,237,estimated,-288.74288784886613,-0.5400485023039562
full_macro,all,6,ae_tanh_1,M1,0.5,btc_ret,237,estimated,-160.95938100171995,-0.5211044866645522
full_macro,all,6,ae_tanh_1,M1,0.5,vixy_ret,237,estimated,108.5731624720834,1.633457209834633
full_macro,all,6,ae_tanh_1,M1,0.9,e_origin,237,estimated,1.2323309910959468,77.62004772615082
full_macro,all,6,ae_tanh_1,M1,0.9,downside,237,estimated,-76227.91873907228,-1.220808753783672
full_macro,all,6,ae_tanh_1,M1,0.9,dxy_ret,237,estimated,-860.9807039206966,-0.5889793336540614
full_macro,all,6,ae_tanh_1,M1,0.9,fx_ret,237,estimated,-3853.161594572287,-3.4223188961520434
full_macro,all,6,ae_tanh_1,M1,0.9,btc_vol,237,estimated,1833.5962446207545,3.4294555724465283
full_macro,all,6,ae_tanh_1,M1,0.9,btc_ret,237,estimated,118.89290152327219,0.38491465381369655
full_macro,all,6,ae_tanh_1,M1,0.9,vixy_ret,237,estimated,65.67364279358473,0.9880442171413042
full_macro,all,6,ae_tanh_1,M2,0.1,e_origin,237,estimated,0.8333301142374357,52.488433469667065
full_macro,all,6,ae_tanh_1,M2,0.1,downside,237,estimated,-141683.7380332578,-2.2690997015393366
full_macro,all,6,ae_tanh_1,M2,0.1,dxy_ret,237,estimated,-608.7319009106261,-0.4164210739446889
full_macro,all,6,ae_tanh_1,M2,0.1,fx_ret,237,estimated,1445.845871974924,1.284178077439929
full_macro,all,6,ae_tanh_1,M2,0.1,btc_vol,237,estimated,32.97322886382227,0.061671277851018155
full_macro,all,6,ae_tanh_1,M2,0.1,btc_ret,237,estimated,-106.2704529789672,-0.34404959501318155
full_macro,all,6,ae_tanh_1,M2,0.1,vixy_ret,237,estimated,45.14603806061333,0.6792113233741245
full_macro,all,6,ae_tanh_1,M2,0.1,account_ls,237,estimated,3.186325759656252,1.791796098252714
full_macro,all,6,ae_tanh_1,M2,0.5,e_origin,237,estimated,0.9692577028544648,61.050017972521566
full_macro,all,6,ae_tanh_1,M2,0.5,downside,237,estimated,115175.58739029606,1.8445651886357795
full_macro,all,6,ae_tanh_1,M2,0.5,dxy_ret,237,estimated,203.68636580901946,0.13933768720055267
full_macro,all,6,ae_tanh_1,M2,0.5,fx_ret,237,estimated,2008.6218489704015,1.7840270490182524
full_macro,all,6,ae_tanh_1,M2,0.5,btc_vol,237,estimated,-339.392864929947,-0.6347813785598894
full_macro,all,6,ae_tanh_1,M2,0.5,btc_ret,237,estimated,-211.0654518007936,-0.6833224210280671
full_macro,all,6,ae_tanh_1,M2,0.5,vixy_ret,237,estimated,99.42032711928411,1.4957549954287157
full_macro,all,6,ae_tanh_1,M2,0.5,account_ls,237,estimated,-0.1819712544998709,-0.10232958222143483
full_macro,all,6,ae_tanh_1,M2,0.9,e_origin,237,estimated,1.2307645758454715,77.52138492583227
full_macro,all,6,ae_tanh_1,M2,0.9,downside,237,estimated,-116149.78209026635,-1.8601671549138354
full_macro,all,6,ae_tanh_1,M2,0.9,dxy_ret,237,estimated,-1733.0804821881272,-1.1855649992151764
full_macro,all,6,ae_tanh_1,M2,0.9,fx_ret,237,estimated,-4088.768567034369,-3.631581387260118
full_macro,all,6,ae_tanh_1,M2,0.9,btc_vol,237,estimated,2012.8853997342994,3.7647879521278305
full_macro,all,6,ae_tanh_1,M2,0.9,btc_ret,237,estimated,95.16985897075325,0.30811152600271413
full_macro,all,6,ae_tanh_1,M2,0.9,vixy_ret,237,estimated,79.21294221362642,1.191739732222791
full_macro,all,6,ae_tanh_1,M2,0.9,account_ls,237,estimated,1.6824676318531984,0.946117618091965
full_macro,all,6,ae_tanh_2,M0,0.1,e_origin,237,estimated,0.832677598179261,52.26954065281914
full_macro,all,6,ae_tanh_2,M0,0.1,downside,237,estimated,-47422.58733043172,-0.7594843293338785
full_macro,all,6,ae_tanh_2,M0,0.1,dxy_ret,237,estimated,-24.870074515144413,-0.017013110571646225
full_macro,all,6,ae_tanh_2,M0,0.1,fx_ret,237,estimated,1469.1490091061683,1.3048755656159297
full_macro,all,6,ae_tanh_2,M0,0.5,e_origin,237,estimated,0.9717955387622007,61.002369381172876
full_macro,all,6,ae_tanh_2,M0,0.5,downside,237,estimated,73414.38915888639,1.1757493897430837
full_macro,all,6,ae_tanh_2,M0,0.5,dxy_ret,237,estimated,-182.0062190153974,-0.12450674110166554
full_macro,all,6,ae_tanh_2,M0,0.5,fx_ret,237,estimated,2314.411382923778,2.0556246123720245
full_macro,all,6,ae_tanh_2,M0,0.9,e_origin,237,estimated,1.2271746158961152,77.0332402528267
full_macro,all,6,ae_tanh_2,M0,0.9,downside,237,estimated,75215.40655148125,1.2045931235740255
full_macro,all,6,ae_tanh_2,M0,0.9,dxy_ret,237,estimated,960.4968181459434,0.657056277048168
full_macro,all,6,ae_tanh_2,M0,0.9,fx_ret,237,estimated,-1522.6440456357084,-1.3523890347170642
full_macro,all,6,ae_tanh_2,M1,0.1,e_origin,237,estimated,0.8412235495866447,52.80599432406236
full_macro,all,6,ae_tanh_2,M1,0.1,downside,237,estimated,30292.36708594165,0.485139664352274
full_macro,all,6,ae_tanh_2,M1,0.1,dxy_ret,237,estimated,-1022.3172815130964,-0.6993463947643542
full_macro,all,6,ae_tanh_2,M1,0.1,fx_ret,237,estimated,2639.768867879756,2.344602129000923
full_macro,all,6,ae_tanh_2,M1,0.1,btc_vol,237,estimated,-827.8724953831435,-1.5484062813153068
full_macro,all,6,ae_tanh_2,M1,0.1,btc_ret,237,estimated,-192.93801774836268,-0.6246350232656677
full_macro,all,6,ae_tanh_2,M1,0.1,vixy_ret,237,estimated,108.58796378969986,1.633679892111037
full_macro,all,6,ae_tanh_2,M1,0.5,e_origin,237,estimated,0.979088492620096,61.46016883319119
full_macro,all,6,ae_tanh_2,M1,0.5,downside,237,estimated,98088.02499869047,1.5709036995965389
full_macro,all,6,ae_tanh_2,M1,0.5,dxy_ret,237,estimated,450.0013161755112,0.3078367193800846
full_macro,all,6,ae_tanh_2,M1,0.5,fx_ret,237,estimated,2095.7413462528043,1.8614052472731142
full_macro,all,6,ae_tanh_2,M1,0.5,btc_vol,237,estimated,-336.2889378248297,-0.6289759673968042
full_macro,all,6,ae_tanh_2,M1,0.5,btc_ret,237,estimated,-175.09097684656584,-0.5668553956991779
full_macro,all,6,ae_tanh_2,M1,0.5,vixy_ret,237,estimated,96.1017859904897,1.4458283394343694
full_macro,all,6,ae_tanh_2,M1,0.9,e_origin,237,estimated,1.2254878859267428,76.92735941623734
full_macro,all,6,ae_tanh_2,M1,0.9,downside,237,estimated,-131260.45908051328,-2.102168340967934
full_macro,all,6,ae_tanh_2,M1,0.9,dxy_ret,237,estimated,1759.5654371721305,1.2036828165684592
full_macro,all,6,ae_tanh_2,M1,0.9,fx_ret,237,estimated,-4663.405677453851,-4.141965235212153
full_macro,all,6,ae_tanh_2,M1,0.9,btc_vol,237,estimated,1977.0917503047742,3.6978415178436177
full_macro,all,6,ae_tanh_2,M1,0.9,btc_ret,237,estimated,96.59980232670547,0.31274095420892045
full_macro,all,6,ae_tanh_2,M1,0.9,vixy_ret,237,estimated,55.29919534277298,0.8319631414801228
full_macro,all,6,ae_tanh_2,M2,0.1,e_origin,237,estimated,0.826651537775834,51.891267705495935
full_macro,all,6,ae_tanh_2,M2,0.1,downside,237,estimated,-155286.42888565687,-2.486950120943611
full_macro,all,6,ae_tanh_2,M2,0.1,dxy_ret,237,estimated,-891.4633640011497,-0.6098318995018579
full_macro,all,6,ae_tanh_2,M2,0.1,fx_ret,237,estimated,2175.394198246145,1.9321516859621128
full_macro,all,6,ae_tanh_2,M2,0.1,btc_vol,237,estimated,48.76250821404882,0.09120266035215814
full_macro,all,6,ae_tanh_2,M2,0.1,btc_ret,237,estimated,-168.03341210550303,-0.5440065960293153
full_macro,all,6,ae_tanh_2,M2,0.1,vixy_ret,237,estimated,106.51490662454155,1.60249124386937
full_macro,all,6,ae_tanh_2,M2,0.1,account_ls,237,estimated,3.371389309720024,1.8958645997008632
full_macro,all,6,ae_tanh_2,M2,0.5,e_origin,237,estimated,0.9811883552577765,61.591983182160796
full_macro,all,6,ae_tanh_2,M2,0.5,downside,237,estimated,104159.62436122031,1.6681418476904928
full_macro,all,6,ae_tanh_2,M2,0.5,dxy_ret,237,estimated,655.6758722719595,0.4485344869928171
full_macro,all,6,ae_tanh_2,M2,0.5,fx_ret,237,estimated,2251.38597594089,1.9996464147384125
full_macro,all,6,ae_tanh_2,M2,0.5,btc_vol,237,estimated,-259.17826463867436,-0.48475248928422787
full_macro,all,6,ae_tanh_2,M2,0.5,btc_ret,237,estimated,-268.7728740127441,-0.870149659312313
full_macro,all,6,ae_tanh_2,M2,0.5,vixy_ret,237,estimated,135.20613815733822,2.0341439464267976
full_macro,all,6,ae_tanh_2,M2,0.5,account_ls,237,estimated,-0.7980122128305299,-0.44875360435902695
full_macro,all,6,ae_tanh_2,M2,0.9,e_origin,237,estimated,1.2256984679944953,76.94057825144463
full_macro,all,6,ae_tanh_2,M2,0.9,downside,237,estimated,-84605.83953934479,-1.3549832035215537
full_macro,all,6,ae_tanh_2,M2,0.9,dxy_ret,237,estimated,-1273.4956947725439,-0.8711724226836283
full_macro,all,6,ae_tanh_2,M2,0.9,fx_ret,237,estimated,-4842.889415017963,-4.301379931829837
full_macro,all,6,ae_tanh_2,M2,0.9,btc_vol,237,estimated,1414.860429994013,2.646275590993396
full_macro,all,6,ae_tanh_2,M2,0.9,btc_ret,237,estimated,-54.01000240182512,-0.17485687631995533
full_macro,all,6,ae_tanh_2,M2,0.9,vixy_ret,237,estimated,127.46982309831212,1.9177529403716165
full_macro,all,6,ae_tanh_2,M2,0.9,account_ls,237,estimated,3.8162695634442687,2.1460382363408206
full_macro,all,6,conditional_neural,M0,0.1,e_origin,237,estimated,0.44124230167186124,3.5624540998686536
full_macro,all,6,conditional_neural,M0,0.1,downside,237,estimated,-11224.804296887512,-0.17976798490399956
full_macro,all,6,conditional_neural,M0,0.1,dxy_ret,237,estimated,248.71334458941638,0.17013972473492284
full_macro,all,6,conditional_neural,M0,0.1,fx_ret,237,estimated,1662.2231622200661,1.476361060408315
full_macro,all,6,conditional_neural,M0,0.5,e_origin,237,estimated,0.1294335274237224,1.045006334805154
full_macro,all,6,conditional_neural,M0,0.5,downside,237,estimated,-37273.01866138836,-0.5969365058689633
full_macro,all,6,conditional_neural,M0,0.5,dxy_ret,237,estimated,-272.3095826684966,-0.1862814297897197
full_macro,all,6,conditional_neural,M0,0.5,fx_ret,237,estimated,860.278797180209,0.7640864031490459
full_macro,all,6,conditional_neural,M0,0.9,e_origin,237,estimated,0.149916990027992,1.210383487126223
full_macro,all,6,conditional_neural,M0,0.9,downside,237,estimated,141513.0628871785,2.2663662973505097
full_macro,all,6,conditional_neural,M0,0.9,dxy_ret,237,estimated,-1857.9658025980252,-1.270996498972656
full_macro,all,6,conditional_neural,M0,0.9,fx_ret,237,estimated,-373.95462327189733,-0.3321407478288992
full_macro,all,6,conditional_neural,M1,0.1,e_origin,237,estimated,0.4354206211907373,3.5154516492433996
full_macro,all,6,conditional_neural,M1,0.1,downside,237,estimated,185414.2664746135,2.9694548051797094
full_macro,all,6,conditional_neural,M1,0.1,dxy_ret,237,estimated,-200.85925509627683,-0.13740371844123564
full_macro,all,6,conditional_neural,M1,0.1,fx_ret,237,estimated,1781.1104707774955,1.5819549402917548
full_macro,all,6,conditional_neural,M1,0.1,btc_vol,237,estimated,-2148.042993659456,-4.017579135031329
full_macro,all,6,conditional_neural,M1,0.1,btc_ret,237,estimated,-337.8811502885676,-1.0938870557216607
full_macro,all,6,conditional_neural,M1,0.1,vixy_ret,237,estimated,-16.79165109324395,-0.25262636657875187
full_macro,all,6,conditional_neural,M1,0.5,e_origin,237,estimated,0.17361458204743982,1.4017105279081794
full_macro,all,6,conditional_neural,M1,0.5,downside,237,estimated,122313.0432861869,1.9588732896777952
full_macro,all,6,conditional_neural,M1,0.5,dxy_ret,237,estimated,-59.34075801145175,-0.04059380187378855
full_macro,all,6,conditional_neural,M1,0.5,fx_ret,237,estimated,994.2252347893277,0.8830555699619996
full_macro,all,6,conditional_neural,M1,0.5,btc_vol,237,estimated,-1273.6513552607353,-2.3821660578043056
full_macro,all,6,conditional_neural,M1,0.5,btc_ret,237,estimated,-132.00356072025565,-0.4273602900242691
full_macro,all,6,conditional_neural,M1,0.5,vixy_ret,237,estimated,-2.4078671720728315,-0.0362257845584796
full_macro,all,6,conditional_neural,M1,0.9,e_origin,237,estimated,0.08312755419772037,0.6711462050253553
full_macro,all,6,conditional_neural,M1,0.9,downside,237,estimated,106722.55264512198,1.709187770707451
full_macro,all,6,conditional_neural,M1,0.9,dxy_ret,237,estimated,314.4561067361972,0.21511300702273933
full_macro,all,6,conditional_neural,M1,0.9,fx_ret,237,estimated,323.7047828935066,0.2875096120629257
full_macro,all,6,conditional_neural,M1,0.9,btc_vol,237,estimated,322.3455825357559,0.6028970977247047
full_macro,all,6,conditional_neural,M1,0.9,btc_ret,237,estimated,-68.3838515437116,-0.22139207813212203
full_macro,all,6,conditional_neural,M1,0.9,vixy_ret,237,estimated,-87.12759626099466,-1.3108138056186418
full_macro,all,6,conditional_neural,M2,0.1,e_origin,237,estimated,0.418977052703164,3.3826913546092046
full_macro,all,6,conditional_neural,M2,0.1,downside,237,estimated,126121.54721647382,2.0198674111732124
full_macro,all,6,conditional_neural,M2,0.1,dxy_ret,237,estimated,100.83655205997137,0.06898022797700862
full_macro,all,6,conditional_neural,M2,0.1,fx_ret,237,estimated,1786.920286709612,1.587115129492139
full_macro,all,6,conditional_neural,M2,0.1,btc_vol,237,estimated,-2032.3003762779156,-3.8011006352999073
full_macro,all,6,conditional_neural,M2,0.1,btc_ret,237,estimated,-215.28678055983286,-0.6969889333017317
full_macro,all,6,conditional_neural,M2,0.1,vixy_ret,237,estimated,-12.631369277988059,-0.19003592367974392
full_macro,all,6,conditional_neural,M2,0.1,account_ls,237,estimated,2.7072572716528267,1.5223970749422504
full_macro,all,6,conditional_neural,M2,0.5,e_origin,237,estimated,0.16598590380003403,1.340118935270581
full_macro,all,6,conditional_neural,M2,0.5,downside,237,estimated,118039.58160119604,1.890432756074169
full_macro,all,6,conditional_neural,M2,0.5,dxy_ret,237,estimated,3.826183002137629,0.0026174137292223065
full_macro,all,6,conditional_neural,M2,0.5,fx_ret,237,estimated,1029.2601456106156,0.9141730391845705
full_macro,all,6,conditional_neural,M2,0.5,btc_vol,237,estimated,-1192.5310917899187,-2.23044326691483
full_macro,all,6,conditional_neural,M2,0.5,btc_ret,237,estimated,-40.4468636912192,-0.13094634192696528
full_macro,all,6,conditional_neural,M2,0.5,vixy_ret,237,estimated,13.16844802429823,0.19811614470706151
full_macro,all,6,conditional_neural,M2,0.5,account_ls,237,estimated,-0.8289646323070137,-0.46615936529899693
full_macro,all,6,conditional_neural,M2,0.9,e_origin,237,estimated,0.06665558284573592,0.5381565944339504
full_macro,all,6,conditional_neural,M2,0.9,downside,237,estimated,85617.98603299925,1.3711929770534061
full_macro,all,6,conditional_neural,M2,0.9,dxy_ret,237,estimated,278.7090828710499,0.1906591973144214
full_macro,all,6,conditional_neural,M2,0.9,fx_ret,237,estimated,-241.36982303131248,-0.21438096639511142
full_macro,all,6,conditional_neural,M2,0.9,btc_vol,237,estimated,391.9344047272297,0.7330521276254673
full_macro,all,6,conditional_neural,M2,0.9,btc_ret,237,estimated,-49.40573774838245,-0.15995061267897906
full_macro,all,6,conditional_neural,M2,0.9,vixy_ret,237,estimated,-90.27824433587773,-1.3582145508524617
full_macro,all,6,conditional_neural,M2,0.9,account_ls,237,estimated,0.9233272059516413,0.5192231459765159
full_macro,all,6,pca_selected,M0,0.1,e_origin,237,estimated,0.6527372427331767,4.767392902719022
full_macro,all,6,pca_selected,M0,0.1,downside,237,estimated,-60714.45629889227,-0.9723568602813195
full_macro,all,6,pca_selected,M0,0.1,dxy_ret,237,estimated,159.75379271418277,0.10928431026739367
full_macro,all,6,pca_selected,M0,0.1,fx_ret,237,estimated,816.1051741831028,0.7248520702553914
full_macro,all,6,pca_selected,M0,0.5,e_origin,237,estimated,0.4261861938785971,3.112733429191211
full_macro,all,6,pca_selected,M0,0.5,downside,237,estimated,9327.753258477618,0.14938624875831466
full_macro,all,6,pca_selected,M0,0.5,dxy_ret,237,estimated,-208.47130261975286,-0.1426109648495511
full_macro,all,6,pca_selected,M0,0.5,fx_ret,237,estimated,420.1663621608954,0.37318530392710186
full_macro,all,6,pca_selected,M0,0.9,e_origin,237,estimated,0.4536946290960536,3.3136466148269457
full_macro,all,6,pca_selected,M0,0.9,downside,237,estimated,5631.26727837047,0.0901861221196696
full_macro,all,6,pca_selected,M0,0.9,dxy_ret,237,estimated,1824.6426281600773,1.2482007952056313
full_macro,all,6,pca_selected,M0,0.9,fx_ret,237,estimated,-955.0958826052358,-0.8483014808621703
full_macro,all,6,pca_selected,M1,0.1,e_origin,237,estimated,0.5838690872373349,4.264400987688312
full_macro,all,6,pca_selected,M1,0.1,downside,237,estimated,-32989.85736227134,-0.5283406305738751
full_macro,all,6,pca_selected,M1,0.1,dxy_ret,237,estimated,799.5565723050919,0.5469603384030709
full_macro,all,6,pca_selected,M1,0.1,fx_ret,237,estimated,519.2634138592229,0.46120178189103417
full_macro,all,6,pca_selected,M1,0.1,btc_vol,237,estimated,-942.660973595466,-1.7631002126607696
full_macro,all,6,pca_selected,M1,0.1,btc_ret,237,estimated,-399.53361681011455,-1.2934863379652406
full_macro,all,6,pca_selected,M1,0.1,vixy_ret,237,estimated,-48.79160370698529,-0.7340579848640012
full_macro,all,6,pca_selected,M1,0.5,e_origin,237,estimated,0.4140851561418522,3.024351155827846
full_macro,all,6,pca_selected,M1,0.5,downside,237,estimated,7697.080320773121,0.12327062301596586
full_macro,all,6,pca_selected,M1,0.5,dxy_ret,237,estimated,-221.7431091975113,-0.15168993695538097
full_macro,all,6,pca_selected,M1,0.5,fx_ret,237,estimated,395.34289674956364,0.35113748354374535
full_macro,all,6,pca_selected,M1,0.5,btc_vol,237,estimated,0.7850528548183509,0.001468318827288339
full_macro,all,6,pca_selected,M1,0.5,btc_ret,237,estimated,-84.11269259353281,-0.2723140535403639
full_macro,all,6,pca_selected,M1,0.5,vixy_ret,237,estimated,-14.151612011087208,-0.212907611273057
full_macro,all,6,pca_selected,M1,0.9,e_origin,237,estimated,0.5096319226763267,3.7221954748479673
full_macro,all,6,pca_selected,M1,0.9,downside,237,estimated,-7609.01345262224,-0.1218602105931248
full_macro,all,6,pca_selected,M1,0.9,dxy_ret,237,estimated,3190.620387116894,2.182638311160412
full_macro,all,6,pca_selected,M1,0.9,fx_ret,237,estimated,-694.3044053424902,-0.6166704997351584
full_macro,all,6,pca_selected,M1,0.9,btc_vol,237,estimated,338.9615934326719,0.6339747525407172
full_macro,all,6,pca_selected,M1,0.9,btc_ret,237,estimated,213.8597290841078,0.6923688675306435
full_macro,all,6,pca_selected,M1,0.9,vixy_ret,237,estimated,-113.73994550637589,-1.7111902223660345
full_macro,all,6,pca_selected,M2,0.1,e_origin,237,estimated,0.6018260532737645,4.395553167818219
full_macro,all,6,pca_selected,M2,0.1,downside,237,estimated,-53269.220507372294,-0.8531195889689097
full_macro,all,6,pca_selected,M2,0.1,dxy_ret,237,estimated,325.41572623525167,0.22261025912172447
full_macro,all,6,pca_selected,M2,0.1,fx_ret,237,estimated,748.6014039482847,0.6648962592243808
full_macro,all,6,pca_selected,M2,0.1,btc_vol,237,estimated,-869.1164224418897,-1.6255466091798256
full_macro,all,6,pca_selected,M2,0.1,btc_ret,237,estimated,-272.0720082273256,-0.8808305753957849
full_macro,all,6,pca_selected,M2,0.1,vixy_ret,237,estimated,-54.654184334235715,-0.8222591054335648
full_macro,all,6,pca_selected,M2,0.1,account_ls,237,estimated,1.3547509400030044,0.7618296531813047
full_macro,all,6,pca_selected,M2,0.5,e_origin,237,estimated,0.4162344846187248,3.0400491927337057
full_macro,all,6,pca_selected,M2,0.5,downside,237,estimated,-3902.7671960856746,-0.06250377074140138
full_macro,all,6,pca_selected,M2,0.5,dxy_ret,237,estimated,-139.83519324988862,-0.09565840275706382
full_macro,all,6,pca_selected,M2,0.5,fx_ret,237,estimated,301.1157628451131,0.2674463917022557
full_macro,all,6,pca_selected,M2,0.5,btc_vol,237,estimated,153.74875243313699,0.2875630430283633
full_macro,all,6,pca_selected,M2,0.5,btc_ret,237,estimated,-56.06637388758266,-0.1815143597223415
full_macro,all,6,pca_selected,M2,0.5,vixy_ret,237,estimated,-11.942009133721275,-0.1796646655144054
full_macro,all,6,pca_selected,M2,0.5,account_ls,237,estimated,-0.12479753332167814,-0.07017855365217575
full_macro,all,6,pca_selected,M2,0.9,e_origin,237,estimated,0.4952840900897966,3.6174033000426675
full_macro,all,6,pca_selected,M2,0.9,downside,237,estimated,-75485.55784181504,-1.208919662531679
full_macro,all,6,pca_selected,M2,0.9,dxy_ret,237,estimated,2973.252526094498,2.0339413922169514
full_macro,all,6,pca_selected,M2,0.9,fx_ret,237,estimated,-703.0279627647209,-0.6244186293360093
full_macro,all,6,pca_selected,M2,0.9,btc_vol,237,estimated,543.2498325721714,1.0160640168253696
full_macro,all,6,pca_selected,M2,0.9,btc_ret,237,estimated,199.66499636537102,0.6464135534588354
full_macro,all,6,pca_selected,M2,0.9,vixy_ret,237,estimated,-115.65694846596169,-1.7400310724832528
full_macro,all,6,pca_selected,M2,0.9,account_ls,237,estimated,1.4028487087279142,0.788876917283156
full_macro,all,6,ae_selected,M0,0.1,e_origin,237,estimated,0.759069337703096,39.186617838566065
full_macro,all,6,ae_selected,M0,0.1,downside,237,estimated,12610.363215127749,0.20195804970244588
full_macro,all,6,ae_selected,M0,0.1,dxy_ret,237,estimated,-1674.1706019595852,-1.145265952041823
full_macro,all,6,ae_selected,M0,0.1,fx_ret,237,estimated,1708.3433132500143,1.5173242695780302
full_macro,all,6,ae_selected,M0,0.5,e_origin,237,estimated,0.9898112673990423,51.09856760285101
full_macro,all,6,ae_selected,M0,0.5,downside,237,estimated,23432.66310152346,0.3752798280735487
full_macro,all,6,ae_selected,M0,0.5,dxy_ret,237,estimated,30.262348250653936,0.020701855019876304
full_macro,all,6,ae_selected,M0,0.5,fx_ret,237,estimated,2726.9936093629435,2.4220738035370712
full_macro,all,6,ae_selected,M0,0.9,e_origin,237,estimated,1.3546801659225085,69.9347626346284
full_macro,all,6,ae_selected,M0,0.9,downside,237,estimated,176172.8542651865,2.82145132942944
full_macro,all,6,ae_selected,M0,0.9,dxy_ret,237,estimated,-319.5704068838138,-0.2186115954107638
full_macro,all,6,ae_selected,M0,0.9,fx_ret,237,estimated,-161.13848991730524,-0.14312072966735095
full_macro,all,6,ae_selected,M1,0.1,e_origin,237,estimated,0.8039402309704147,41.503057798928765
full_macro,all,6,ae_selected,M1,0.1,downside,237,estimated,-85949.5396427842,-1.376502889167884
full_macro,all,6,ae_selected,M1,0.1,dxy_ret,237,estimated,-1151.1590702773885,-0.7874844338024274
full_macro,all,6,ae_selected,M1,0.1,fx_ret,237,estimated,1290.4054211504888,1.1461182585026164
full_macro,all,6,ae_selected,M1,0.1,btc_vol,237,estimated,520.8288353422113,0.9741290411644663
full_macro,all,6,ae_selected,M1,0.1,btc_ret,237,estimated,-237.63007326991118,-0.7693251339358332
full_macro,all,6,ae_selected,M1,0.1,vixy_ret,237,estimated,5.510531487086175,0.08290462562436726
full_macro,all,6,ae_selected,M1,0.5,e_origin,237,estimated,0.9928435949210316,51.25511016604441
full_macro,all,6,ae_selected,M1,0.5,downside,237,estimated,31249.57096828672,0.5004695185323752
full_macro,all,6,ae_selected,M1,0.5,dxy_ret,237,estimated,-212.12657682028313,-0.1451114633545089
full_macro,all,6,ae_selected,M1,0.5,fx_ret,237,estimated,3214.730187423402,2.8552739345131846
full_macro,all,6,ae_selected,M1,0.5,btc_vol,237,estimated,-145.2268007382113,-0.2716240625608679
full_macro,all,6,ae_selected,M1,0.5,btc_ret,237,estimated,127.75590552872883,0.41360854617229104
full_macro,all,6,ae_selected,M1,0.5,vixy_ret,237,estimated,4.282599884400307,0.06443068893576102
full_macro,all,6,ae_selected,M1,0.9,e_origin,237,estimated,1.3424719956988298,69.30452126233024
full_macro,all,6,ae_selected,M1,0.9,downside,237,estimated,-113088.95460753008,-1.811147254507834
full_macro,all,6,ae_selected,M1,0.9,dxy_ret,237,estimated,-1437.440778852472,-0.9833239098627755
full_macro,all,6,ae_selected,M1,0.9,fx_ret,237,estimated,373.2952145549452,0.33155507114316357
full_macro,all,6,ae_selected,M1,0.9,btc_vol,237,estimated,2699.7382524278214,5.04943900332356
full_macro,all,6,ae_selected,M1,0.9,btc_ret,237,estimated,213.11230460165552,0.6899490877773612
full_macro,all,6,ae_selected,M1,0.9,vixy_ret,237,estimated,115.2787840701951,1.73434167977604
full_macro,all,6,ae_selected,M2,0.1,e_origin,237,estimated,0.7820454759263132,40.37275078220955
full_macro,all,6,ae_selected,M2,0.1,downside,237,estimated,-12500.111741081992,-0.20019234539280398
full_macro,all,6,ae_selected,M2,0.1,dxy_ret,237,estimated,-1077.6855063739035,-0.7372226677581915
full_macro,all,6,ae_selected,M2,0.1,fx_ret,237,estimated,1513.2088122039306,1.344008805424666
full_macro,all,6,ae_selected,M2,0.1,btc_vol,237,estimated,526.2194772607448,0.9842113954563745
full_macro,all,6,ae_selected,M2,0.1,btc_ret,237,estimated,-318.14754064660735,-1.0299996795493924
full_macro,all,6,ae_selected,M2,0.1,vixy_ret,237,estimated,-43.73510993242436,-0.6579842478144405
full_macro,all,6,ae_selected,M2,0.1,account_ls,237,estimated,-3.515120750584474,-1.9766904330785986
full_macro,all,6,ae_selected,M2,0.5,e_origin,237,estimated,0.9907052637092475,51.14471976579189
full_macro,all,6,ae_selected,M2,0.5,downside,237,estimated,37390.345166040795,0.5988155185233796
full_macro,all,6,ae_selected,M2,0.5,dxy_ret,237,estimated,-275.0459722182058,-0.18815333805231663
full_macro,all,6,ae_selected,M2,0.5,fx_ret,237,estimated,3034.5806838393996,2.695267914751021
full_macro,all,6,ae_selected,M2,0.5,btc_vol,237,estimated,-237.17426863322865,-0.44359744932472206
full_macro,all,6,ae_selected,M2,0.5,btc_ret,237,estimated,99.95852548032356,0.3236147889237532
full_macro,all,6,ae_selected,M2,0.5,vixy_ret,237,estimated,0.13474606561083155,0.0020272222652209884
full_macro,all,6,ae_selected,M2,0.5,account_ls,237,estimated,0.3089683597281141,0.17374504153150375
full_macro,all,6,ae_selected,M2,0.9,e_origin,237,estimated,1.3391329793035995,69.13214602210182
full_macro,all,6,ae_selected,M2,0.9,downside,237,estimated,-68302.83767210327,-1.0938866430788197
full_macro,all,6,ae_selected,M2,0.9,dxy_ret,237,estimated,-1825.9330697067871,-1.2490835599398926
full_macro,all,6,ae_selected,M2,0.9,fx_ret,237,estimated,410.6577138196684,0.36473986864069047
full_macro,all,6,ae_selected,M2,0.9,btc_vol,237,estimated,1578.8461258075492,2.952985238746613
full_macro,all,6,ae_selected,M2,0.9,btc_ret,237,estimated,-243.81129865700396,-0.7893367931647194
full_macro,all,6,ae_selected,M2,0.9,vixy_ret,237,estimated,137.71711681982057,2.0719210186478203
full_macro,all,6,ae_selected,M2,0.9,account_ls,237,estimated,2.9793008584978593,1.6753778666853363
full_macro,all,6,ae_reconstruction_selected,M0,0.1,e_origin,237,estimated,0.759069337703096,39.186617838566065
full_macro,all,6,ae_reconstruction_selected,M0,0.1,downside,237,estimated,12610.363215127749,0.20195804970244588
full_macro,all,6,ae_reconstruction_selected,M0,0.1,dxy_ret,237,estimated,-1674.1706019595852,-1.145265952041823
full_macro,all,6,ae_reconstruction_selected,M0,0.1,fx_ret,237,estimated,1708.3433132500143,1.5173242695780302
full_macro,all,6,ae_reconstruction_selected,M0,0.5,e_origin,237,estimated,0.9898112673990423,51.09856760285101
full_macro,all,6,ae_reconstruction_selected,M0,0.5,downside,237,estimated,23432.66310152346,0.3752798280735487
full_macro,all,6,ae_reconstruction_selected,M0,0.5,dxy_ret,237,estimated,30.262348250653936,0.020701855019876304
full_macro,all,6,ae_reconstruction_selected,M0,0.5,fx_ret,237,estimated,2726.9936093629435,2.4220738035370712
full_macro,all,6,ae_reconstruction_selected,M0,0.9,e_origin,237,estimated,1.3546801659225085,69.9347626346284
full_macro,all,6,ae_reconstruction_selected,M0,0.9,downside,237,estimated,176172.8542651865,2.82145132942944
full_macro,all,6,ae_reconstruction_selected,M0,0.9,dxy_ret,237,estimated,-319.5704068838138,-0.2186115954107638
full_macro,all,6,ae_reconstruction_selected,M0,0.9,fx_ret,237,estimated,-161.13848991730524,-0.14312072966735095
full_macro,all,6,ae_reconstruction_selected,M1,0.1,e_origin,237,estimated,0.8039402309704147,41.503057798928765
full_macro,all,6,ae_reconstruction_selected,M1,0.1,downside,237,estimated,-85949.5396427842,-1.376502889167884
full_macro,all,6,ae_reconstruction_selected,M1,0.1,dxy_ret,237,estimated,-1151.1590702773885,-0.7874844338024274
full_macro,all,6,ae_reconstruction_selected,M1,0.1,fx_ret,237,estimated,1290.4054211504888,1.1461182585026164
full_macro,all,6,ae_reconstruction_selected,M1,0.1,btc_vol,237,estimated,520.8288353422113,0.9741290411644663
full_macro,all,6,ae_reconstruction_selected,M1,0.1,btc_ret,237,estimated,-237.63007326991118,-0.7693251339358332
full_macro,all,6,ae_reconstruction_selected,M1,0.1,vixy_ret,237,estimated,5.510531487086175,0.08290462562436726
full_macro,all,6,ae_reconstruction_selected,M1,0.5,e_origin,237,estimated,0.9928435949210316,51.25511016604441
full_macro,all,6,ae_reconstruction_selected,M1,0.5,downside,237,estimated,31249.57096828672,0.5004695185323752
full_macro,all,6,ae_reconstruction_selected,M1,0.5,dxy_ret,237,estimated,-212.12657682028313,-0.1451114633545089
full_macro,all,6,ae_reconstruction_selected,M1,0.5,fx_ret,237,estimated,3214.730187423402,2.8552739345131846
full_macro,all,6,ae_reconstruction_selected,M1,0.5,btc_vol,237,estimated,-145.2268007382113,-0.2716240625608679
full_macro,all,6,ae_reconstruction_selected,M1,0.5,btc_ret,237,estimated,127.75590552872883,0.41360854617229104
full_macro,all,6,ae_reconstruction_selected,M1,0.5,vixy_ret,237,estimated,4.282599884400307,0.06443068893576102
full_macro,all,6,ae_reconstruction_selected,M1,0.9,e_origin,237,estimated,1.3424719956988298,69.30452126233024
full_macro,all,6,ae_reconstruction_selected,M1,0.9,downside,237,estimated,-113088.95460753008,-1.811147254507834
full_macro,all,6,ae_reconstruction_selected,M1,0.9,dxy_ret,237,estimated,-1437.440778852472,-0.9833239098627755
full_macro,all,6,ae_reconstruction_selected,M1,0.9,fx_ret,237,estimated,373.2952145549452,0.33155507114316357
full_macro,all,6,ae_reconstruction_selected,M1,0.9,btc_vol,237,estimated,2699.7382524278214,5.04943900332356
full_macro,all,6,ae_reconstruction_selected,M1,0.9,btc_ret,237,estimated,213.11230460165552,0.6899490877773612
full_macro,all,6,ae_reconstruction_selected,M1,0.9,vixy_ret,237,estimated,115.2787840701951,1.73434167977604
full_macro,all,6,ae_reconstruction_selected,M2,0.1,e_origin,237,estimated,0.7820454759263132,40.37275078220955
full_macro,all,6,ae_reconstruction_selected,M2,0.1,downside,237,estimated,-12500.111741081992,-0.20019234539280398
full_macro,all,6,ae_reconstruction_selected,M2,0.1,dxy_ret,237,estimated,-1077.6855063739035,-0.7372226677581915
full_macro,all,6,ae_reconstruction_selected,M2,0.1,fx_ret,237,estimated,1513.2088122039306,1.344008805424666
full_macro,all,6,ae_reconstruction_selected,M2,0.1,btc_vol,237,estimated,526.2194772607448,0.9842113954563745
full_macro,all,6,ae_reconstruction_selected,M2,0.1,btc_ret,237,estimated,-318.14754064660735,-1.0299996795493924
full_macro,all,6,ae_reconstruction_selected,M2,0.1,vixy_ret,237,estimated,-43.73510993242436,-0.6579842478144405
full_macro,all,6,ae_reconstruction_selected,M2,0.1,account_ls,237,estimated,-3.515120750584474,-1.9766904330785986
full_macro,all,6,ae_reconstruction_selected,M2,0.5,e_origin,237,estimated,0.9907052637092475,51.14471976579189
full_macro,all,6,ae_reconstruction_selected,M2,0.5,downside,237,estimated,37390.345166040795,0.5988155185233796
full_macro,all,6,ae_reconstruction_selected,M2,0.5,dxy_ret,237,estimated,-275.0459722182058,-0.18815333805231663
full_macro,all,6,ae_reconstruction_selected,M2,0.5,fx_ret,237,estimated,3034.5806838393996,2.695267914751021
full_macro,all,6,ae_reconstruction_selected,M2,0.5,btc_vol,237,estimated,-237.17426863322865,-0.44359744932472206
full_macro,all,6,ae_reconstruction_selected,M2,0.5,btc_ret,237,estimated,99.95852548032356,0.3236147889237532
full_macro,all,6,ae_reconstruction_selected,M2,0.5,vixy_ret,237,estimated,0.13474606561083155,0.0020272222652209884
full_macro,all,6,ae_reconstruction_selected,M2,0.5,account_ls,237,estimated,0.3089683597281141,0.17374504153150375
full_macro,all,6,ae_reconstruction_selected,M2,0.9,e_origin,237,estimated,1.3391329793035995,69.13214602210182
full_macro,all,6,ae_reconstruction_selected,M2,0.9,downside,237,estimated,-68302.83767210327,-1.0938866430788197
full_macro,all,6,ae_reconstruction_selected,M2,0.9,dxy_ret,237,estimated,-1825.9330697067871,-1.2490835599398926
full_macro,all,6,ae_reconstruction_selected,M2,0.9,fx_ret,237,estimated,410.6577138196684,0.36473986864069047
full_macro,all,6,ae_reconstruction_selected,M2,0.9,btc_vol,237,estimated,1578.8461258075492,2.952985238746613
full_macro,all,6,ae_reconstruction_selected,M2,0.9,btc_ret,237,estimated,-243.81129865700396,-0.7893367931647194
full_macro,all,6,ae_reconstruction_selected,M2,0.9,vixy_ret,237,estimated,137.71711681982057,2.0719210186478203
full_macro,all,6,ae_reconstruction_selected,M2,0.9,account_ls,237,estimated,2.9793008584978593,1.6753778666853363
full_macro,matched,6,sequential_ols,M0,,,0,insufficient,,
full_macro,matched,6,sequential_ols,M1,,,0,insufficient,,
full_macro,matched,6,sequential_ols,M2,,,0,insufficient,,
full_macro,matched,6,pca_1,M0,,,0,insufficient,,
full_macro,matched,6,pca_1,M1,,,0,insufficient,,
full_macro,matched,6,pca_1,M2,,,0,insufficient,,
full_macro,matched,6,pca_2,M0,,,0,insufficient,,
full_macro,matched,6,pca_2,M1,,,0,insufficient,,
full_macro,matched,6,pca_2,M2,,,0,insufficient,,
full_macro,matched,6,conditional_linear,M0,,,0,insufficient,,
full_macro,matched,6,conditional_linear,M1,,,0,insufficient,,
full_macro,matched,6,conditional_linear,M2,,,0,insufficient,,
full_macro,matched,6,ae_relu_1,M0,,,0,insufficient,,
full_macro,matched,6,ae_relu_1,M1,,,0,insufficient,,
full_macro,matched,6,ae_relu_1,M2,,,0,insufficient,,
full_macro,matched,6,ae_relu_2,M0,,,0,insufficient,,
full_macro,matched,6,ae_relu_2,M1,,,0,insufficient,,
full_macro,matched,6,ae_relu_2,M2,,,0,insufficient,,
full_macro,matched,6,ae_tanh_1,M0,,,0,insufficient,,
full_macro,matched,6,ae_tanh_1,M1,,,0,insufficient,,
full_macro,matched,6,ae_tanh_1,M2,,,0,insufficient,,
full_macro,matched,6,ae_tanh_2,M0,,,0,insufficient,,
full_macro,matched,6,ae_tanh_2,M1,,,0,insufficient,,
full_macro,matched,6,ae_tanh_2,M2,,,0,insufficient,,
full_macro,matched,6,conditional_neural,M0,,,0,insufficient,,
full_macro,matched,6,conditional_neural,M1,,,0,insufficient,,
full_macro,matched,6,conditional_neural,M2,,,0,insufficient,,
full_macro,matched,6,pca_selected,M0,,,0,insufficient,,
full_macro,matched,6,pca_selected,M1,,,0,insufficient,,
full_macro,matched,6,pca_selected,M2,,,0,insufficient,,
full_macro,matched,6,ae_selected,M0,,,0,insufficient,,
full_macro,matched,6,ae_selected,M1,,,0,insufficient,,
full_macro,matched,6,ae_selected,M2,,,0,insufficient,,
full_macro,matched,6,ae_reconstruction_selected,M0,,,0,insufficient,,
full_macro,matched,6,ae_reconstruction_selected,M1,,,0,insufficient,,
full_macro,matched,6,ae_reconstruction_selected,M2,,,0,insufficient,,
full_macro,all,12,sequential_ols,M0,0.1,e_origin,593,estimated,0.23896850822639107,2.480790095788079
full_macro,all,12,sequential_ols,M0,0.1,downside,593,estimated,-65848.31679368779,-0.8864853214695861
full_macro,all,12,sequential_ols,M0,0.1,dxy_ret,593,estimated,-122.07729501917487,-0.11770898183265055
full_macro,all,12,sequential_ols,M0,0.1,fx_ret,593,estimated,-190.4392480757436,-0.24858479124549554
full_macro,all,12,sequential_ols,M0,0.5,e_origin,593,estimated,0.22260482101564816,2.3109146864118495
full_macro,all,12,sequential_ols,M0,0.5,downside,593,estimated,-13812.807938507387,-0.185955421216464
full_macro,all,12,sequential_ols,M0,0.5,dxy_ret,593,estimated,-777.3828137675055,-0.7495655886575898
full_macro,all,12,sequential_ols,M0,0.5,fx_ret,593,estimated,-211.99852118481053,-0.27672661316179753
full_macro,all,12,sequential_ols,M0,0.9,e_origin,593,estimated,0.20037948240807152,2.0801880509131747
full_macro,all,12,sequential_ols,M0,0.9,downside,593,estimated,59179.46233600601,0.7967056296625113
full_macro,all,12,sequential_ols,M0,0.9,dxy_ret,593,estimated,-1464.2520245469054,-1.411856438404384
full_macro,all,12,sequential_ols,M0,0.9,fx_ret,593,estimated,33.34549059283872,0.043526646433211
full_macro,all,12,sequential_ols,M1,0.1,e_origin,593,estimated,0.25988092060444123,2.697886925372645
full_macro,all,12,sequential_ols,M1,0.1,downside,593,estimated,93194.27664802055,1.254631284688594
full_macro,all,12,sequential_ols,M1,0.1,dxy_ret,593,estimated,54.86620515076778,0.052902918141361145
full_macro,all,12,sequential_ols,M1,0.1,fx_ret,593,estimated,-125.48328772545975,-0.16379626153336493
full_macro,all,12,sequential_ols,M1,0.1,btc_vol,593,estimated,-1929.3213910719014,-3.47060111630558
full_macro,all,12,sequential_ols,M1,0.1,btc_ret,593,estimated,51.67662550244642,0.37127131384139467
full_macro,all,12,sequential_ols,M1,0.1,vixy_ret,593,estimated,10.86861301582169,0.2562847850668671
full_macro,all,12,sequential_ols,M1,0.5,e_origin,593,estimated,0.23620447158574717,2.4520959604252357
full_macro,all,12,sequential_ols,M1,0.5,downside,593,estimated,50191.580159048426,0.675705944189385
full_macro,all,12,sequential_ols,M1,0.5,dxy_ret,593,estimated,-872.1060510340867,-0.8408993277676393
full_macro,all,12,sequential_ols,M1,0.5,fx_ret,593,estimated,-370.605984242559,-0.48376063315806705
full_macro,all,12,sequential_ols,M1,0.5,btc_vol,593,estimated,-610.1666830551723,-1.0976114094537783
full_macro,all,12,sequential_ols,M1,0.5,btc_ret,593,estimated,-87.19652201992287,-0.6264644213505054
full_macro,all,12,sequential_ols,M1,0.5,vixy_ret,593,estimated,18.503310392277193,0.4363129794028989
full_macro,all,12,sequential_ols,M1,0.9,e_origin,593,estimated,0.2033164517947389,2.110677443093565
full_macro,all,12,sequential_ols,M1,0.9,downside,593,estimated,53331.96312823026,0.7179834623026443
full_macro,all,12,sequential_ols,M1,0.9,dxy_ret,593,estimated,-1225.986458415359,-1.18211677067404
full_macro,all,12,sequential_ols,M1,0.9,fx_ret,593,estimated,-242.75702474441033,-0.31687640509620935
full_macro,all,12,sequential_ols,M1,0.9,btc_vol,593,estimated,32.074824362006204,0.05769848494461415
full_macro,all,12,sequential_ols,M1,0.9,btc_ret,593,estimated,21.456200481521485,0.154152320616247
full_macro,all,12,sequential_ols,M1,0.9,vixy_ret,593,estimated,21.845589697326307,0.5151248141863266
full_macro,all,12,sequential_ols,M2,0.1,e_origin,593,estimated,0.25133928413108725,2.6092141235788455
full_macro,all,12,sequential_ols,M2,0.1,downside,593,estimated,101512.61647026554,1.3666172322492611
full_macro,all,12,sequential_ols,M2,0.1,dxy_ret,593,estimated,67.59949863676937,0.06518057396080035
full_macro,all,12,sequential_ols,M2,0.1,fx_ret,593,estimated,-183.10386793694352,-0.23900974850123557
full_macro,all,12,sequential_ols,M2,0.1,btc_vol,593,estimated,-1963.89384151176,-3.5327925094271424
full_macro,all,12,sequential_ols,M2,0.1,btc_ret,593,estimated,54.74974170403909,0.39335015274891144
full_macro,all,12,sequential_ols,M2,0.1,vixy_ret,593,estimated,12.725649012378161,0.30007418768393407
full_macro,all,12,sequential_ols,M2,0.1,account_ls,593,estimated,-0.22480788013908312,-0.12855259847405287
full_macro,all,12,sequential_ols,M2,0.5,e_origin,593,estimated,0.2274268413084211,2.36097324966265
full_macro,all,12,sequential_ols,M2,0.5,downside,593,estimated,25495.424263746998,0.34323306160223377
full_macro,all,12,sequential_ols,M2,0.5,dxy_ret,593,estimated,-745.6036974873554,-0.7189236300502146
full_macro,all,12,sequential_ols,M2,0.5,fx_ret,593,estimated,-477.56106399930655,-0.6233715927823237
full_macro,all,12,sequential_ols,M2,0.5,btc_vol,593,estimated,-598.7268887547922,-1.0770326904010925
full_macro,all,12,sequential_ols,M2,0.5,btc_ret,593,estimated,-64.28373461015427,-0.46184723509497805
full_macro,all,12,sequential_ols,M2,0.5,vixy_ret,593,estimated,16.87343082325318,0.3978799857519039
full_macro,all,12,sequential_ols,M2,0.5,account_ls,593,estimated,0.9405413655338147,0.5378327327178318
full_macro,all,12,sequential_ols,M2,0.9,e_origin,593,estimated,0.19923812650068362,2.068339358163523
full_macro,all,12,sequential_ols,M2,0.9,downside,593,estimated,-4825.1122464835,-0.0649582463034316
full_macro,all,12,sequential_ols,M2,0.9,dxy_ret,593,estimated,-1323.6788192312263,-1.276313388666415
full_macro,all,12,sequential_ols,M2,0.9,fx_ret,593,estimated,-127.82496916878162,-0.16685291292551965
full_macro,all,12,sequential_ols,M2,0.9,btc_vol,593,estimated,-153.97743029296208,-0.27698559915085874
full_macro,all,12,sequential_ols,M2,0.9,btc_ret,593,estimated,43.86692618708978,0.31516243874889405
full_macro,all,12,sequential_ols,M2,0.9,vixy_ret,593,estimated,12.380174084754808,0.2919277970227657
full_macro,all,12,sequential_ols,M2,0.9,account_ls,593,estimated,4.232950353659618,2.420541338844299
full_macro,all,12,pca_1,M0,0.1,e_origin,593,estimated,0.2374126172449901,2.45848950858982
full_macro,all,12,pca_1,M0,0.1,downside,593,estimated,-69573.47297741304,-0.9366353699119885
full_macro,all,12,pca_1,M0,0.1,dxy_ret,593,estimated,-89.54698220881296,-0.08634270689181175
full_macro,all,12,pca_1,M0,0.1,fx_ret,593,estimated,-288.8942549158188,-0.37710040748380214
full_macro,all,12,pca_1,M0,0.5,e_origin,593,estimated,0.22435057477464918,2.323227555174135
full_macro,all,12,pca_1,M0,0.5,downside,593,estimated,-13270.440982590007,-0.1786537866617446
full_macro,all,12,pca_1,M0,0.5,dxy_ret,593,estimated,-757.3161538302496,-0.7302169775204785
full_macro,all,12,pca_1,M0,0.5,fx_ret,593,estimated,-186.62599721497733,-0.2436072659781553
full_macro,all,12,pca_1,M0,0.9,e_origin,593,estimated,0.20512223849272293,2.124111503275464
full_macro,all,12,pca_1,M0,0.9,downside,593,estimated,56022.64600882759,0.7542068768790924
full_macro,all,12,pca_1,M0,0.9,dxy_ret,593,estimated,-1528.6969137454132,-1.4739952848678712
full_macro,all,12,pca_1,M0,0.9,fx_ret,593,estimated,14.098696108037302,0.018403356788387427
full_macro,all,12,pca_1,M1,0.1,e_origin,593,estimated,0.260500913438752,2.6975767762433494
full_macro,all,12,pca_1,M1,0.1,downside,593,estimated,93277.52422103552,1.2557520081196418
full_macro,all,12,pca_1,M1,0.1,dxy_ret,593,estimated,31.46599873232577,0.030340045399496873
full_macro,all,12,pca_1,M1,0.1,fx_ret,593,estimated,-95.92284176994457,-0.12521032212631134
full_macro,all,12,pca_1,M1,0.1,btc_vol,593,estimated,-1896.2456730556214,-3.4111021523687666
full_macro,all,12,pca_1,M1,0.1,btc_ret,593,estimated,52.18018148614363,0.3748891176326099
full_macro,all,12,pca_1,M1,0.1,vixy_ret,593,estimated,10.185739289545262,0.24018244101323313
full_macro,all,12,pca_1,M1,0.5,e_origin,593,estimated,0.2359853569139478,2.4437097357596635
full_macro,all,12,pca_1,M1,0.5,downside,593,estimated,51842.86028002197,0.6979363619153836
full_macro,all,12,pca_1,M1,0.5,dxy_ret,593,estimated,-828.7549774845992,-0.7990994932606491
full_macro,all,12,pca_1,M1,0.5,fx_ret,593,estimated,-349.9457491847802,-0.45679234657421053
full_macro,all,12,pca_1,M1,0.5,btc_vol,593,estimated,-645.8678079212441,-1.161833142746599
full_macro,all,12,pca_1,M1,0.5,btc_ret,593,estimated,-89.68625729508646,-0.6443519532421436
full_macro,all,12,pca_1,M1,0.5,vixy_ret,593,estimated,20.10255257677994,0.4740235353798675
full_macro,all,12,pca_1,M1,0.9,e_origin,593,estimated,0.2200809012356564,2.279013613545728
full_macro,all,12,pca_1,M1,0.9,downside,593,estimated,44766.60860309325,0.6026720704639249
full_macro,all,12,pca_1,M1,0.9,dxy_ret,593,estimated,-1433.6956136353701,-1.3823934328856922
full_macro,all,12,pca_1,M1,0.9,fx_ret,593,estimated,-325.93727895453736,-0.42545353054436097
full_macro,all,12,pca_1,M1,0.9,btc_vol,593,estimated,112.08286593170403,0.20162266453967062
full_macro,all,12,pca_1,M1,0.9,btc_ret,593,estimated,28.446483135246012,0.20437408722227574
full_macro,all,12,pca_1,M1,0.9,vixy_ret,593,estimated,25.185968275358817,0.5938918293212662
full_macro,all,12,pca_1,M2,0.1,e_origin,593,estimated,0.24957578781632617,2.5844433335710795
full_macro,all,12,pca_1,M2,0.1,downside,593,estimated,99932.58591442004,1.3453460143437377
full_macro,all,12,pca_1,M2,0.1,dxy_ret,593,estimated,82.04168804597492,0.07910597598191212
full_macro,all,12,pca_1,M2,0.1,fx_ret,593,estimated,-126.6056605312178,-0.1652613209286216
full_macro,all,12,pca_1,M2,0.1,btc_vol,593,estimated,-1902.9701393749956,-3.4231986026660457
full_macro,all,12,pca_1,M2,0.1,btc_ret,593,estimated,69.74142889815931,0.5010581028548394
full_macro,all,12,pca_1,M2,0.1,vixy_ret,593,estimated,13.063792670061916,0.3080477050504141
full_macro,all,12,pca_1,M2,0.1,account_ls,593,estimated,-0.3143522547802878,-0.1797570403812461
full_macro,all,12,pca_1,M2,0.5,e_origin,593,estimated,0.23035638195727462,2.3854197592803787
full_macro,all,12,pca_1,M2,0.5,downside,593,estimated,27257.546440055467,0.36695569446508686
full_macro,all,12,pca_1,M2,0.5,dxy_ret,593,estimated,-745.6575262660737,-0.7189755326643349
full_macro,all,12,pca_1,M2,0.5,fx_ret,593,estimated,-428.1167641499271,-0.5588307952286118
full_macro,all,12,pca_1,M2,0.5,btc_vol,593,estimated,-587.4683768965263,-1.0567800751530294
full_macro,all,12,pca_1,M2,0.5,btc_ret,593,estimated,-60.446872500565114,-0.4342812548746173
full_macro,all,12,pca_1,M2,0.5,vixy_ret,593,estimated,16.893740766040267,0.39835889960359144
full_macro,all,12,pca_1,M2,0.5,account_ls,593,estimated,0.8563123743191347,0.4896678032643075
full_macro,all,12,pca_1,M2,0.9,e_origin,593,estimated,0.2015826765577401,2.087458119040289
full_macro,all,12,pca_1,M2,0.9,downside,593,estimated,11640.288120310766,0.15670779541203803
full_macro,all,12,pca_1,M2,0.9,dxy_ret,593,estimated,-1257.8367920290614,-1.2128273982326725
full_macro,all,12,pca_1,M2,0.9,fx_ret,593,estimated,-72.51689395799394,-0.09465799265889731
full_macro,all,12,pca_1,M2,0.9,btc_vol,593,estimated,-210.19210679949356,-0.37810857427525274
full_macro,all,12,pca_1,M2,0.9,btc_ret,593,estimated,50.544195499405,0.36313535738187896
full_macro,all,12,pca_1,M2,0.9,vixy_ret,593,estimated,12.29767749731636,0.28998250555368543
full_macro,all,12,pca_1,M2,0.9,account_ls,593,estimated,4.177305179297082,2.388721583449514
full_macro,all,12,pca_2,M0,0.1,e_origin,593,estimated,0.31548186313370397,2.4778903775607564
full_macro,all,12,pca_2,M0,0.1,downside,593,estimated,-35192.85441011321,-0.47378506200741916
full_macro,all,12,pca_2,M0,0.1,dxy_ret,593,estimated,-91.89190027039338,-0.08860371634050791
full_macro,all,12,pca_2,M0,0.1,fx_ret,593,estimated,505.23777423894387,0.6594986480338016
full_macro,all,12,pca_2,M0,0.5,e_origin,593,estimated,0.3126392960661055,2.4555639924100885
full_macro,all,12,pca_2,M0,0.5,downside,593,estimated,6303.124724122789,0.08485604217999565
full_macro,all,12,pca_2,M0,0.5,dxy_ret,593,estimated,-670.8735512183785,-0.6468675656678522
full_macro,all,12,pca_2,M0,0.5,fx_ret,593,estimated,123.24318238418509,0.16087219979580125
full_macro,all,12,pca_2,M0,0.9,e_origin,593,estimated,0.41583330338372276,3.2660810700459866
full_macro,all,12,pca_2,M0,0.9,downside,593,estimated,7672.459762450123,0.10329076414038353
full_macro,all,12,pca_2,M0,0.9,dxy_ret,593,estimated,-361.1522192624224,-0.3482290462719104
full_macro,all,12,pca_2,M0,0.9,fx_ret,593,estimated,660.7327273882901,0.8624698362679862
full_macro,all,12,pca_2,M1,0.1,e_origin,593,estimated,0.34099740497450237,2.6782971932729103
full_macro,all,12,pca_2,M1,0.1,downside,593,estimated,82327.13078858053,1.1083319446333897
full_macro,all,12,pca_2,M1,0.1,dxy_ret,593,estimated,213.34695845466658,0.20571272694768578
full_macro,all,12,pca_2,M1,0.1,fx_ret,593,estimated,-223.7962449752187,-0.2921264571290673
full_macro,all,12,pca_2,M1,0.1,btc_vol,593,estimated,-1289.728894621918,-2.320056452035458
full_macro,all,12,pca_2,M1,0.1,btc_ret,593,estimated,-90.51559904658514,-0.6503103686515991
full_macro,all,12,pca_2,M1,0.1,vixy_ret,593,estimated,-8.668445343381773,-0.2044042462877703
full_macro,all,12,pca_2,M1,0.5,e_origin,593,estimated,0.3415718856474185,2.68280933897084
full_macro,all,12,pca_2,M1,0.5,downside,593,estimated,12476.284785898079,0.1679624304418542
full_macro,all,12,pca_2,M1,0.5,dxy_ret,593,estimated,-699.495570088855,-0.674465397834018
full_macro,all,12,pca_2,M1,0.5,fx_ret,593,estimated,-136.74759560471713,-0.17849982527342176
full_macro,all,12,pca_2,M1,0.5,btc_vol,593,estimated,-148.71614521613412,-0.2675212237775591
full_macro,all,12,pca_2,M1,0.5,btc_ret,593,estimated,-117.66637755367213,-0.8453754509810495
full_macro,all,12,pca_2,M1,0.5,vixy_ret,593,estimated,8.410903883728869,0.19833135018438816
full_macro,all,12,pca_2,M1,0.9,e_origin,593,estimated,0.4028232536449166,3.163896187722935
full_macro,all,12,pca_2,M1,0.9,downside,593,estimated,-86365.33741991977,-1.1626964459305063
full_macro,all,12,pca_2,M1,0.9,dxy_ret,593,estimated,-725.6831204804424,-0.6997158745324149
full_macro,all,12,pca_2,M1,0.9,fx_ret,593,estimated,599.0563505864345,0.7819622234361511
full_macro,all,12,pca_2,M1,0.9,btc_vol,593,estimated,878.7504833444034,1.5807591324920398
full_macro,all,12,pca_2,M1,0.9,btc_ret,593,estimated,-63.347996682468754,-0.45512441512666224
full_macro,all,12,pca_2,M1,0.9,vixy_ret,593,estimated,-28.61429017248816,-0.6747325713061718
full_macro,all,12,pca_2,M2,0.1,e_origin,593,estimated,0.36537360134810043,2.869755243620709
full_macro,all,12,pca_2,M2,0.1,downside,593,estimated,31188.28113025099,0.4198733509082605
full_macro,all,12,pca_2,M2,0.1,dxy_ret,593,estimated,-23.613377063805103,-0.022768415464762555
full_macro,all,12,pca_2,M2,0.1,fx_ret,593,estimated,-129.21125973235587,-0.16866247032418488
full_macro,all,12,pca_2,M2,0.1,btc_vol,593,estimated,-1015.8757946362078,-1.82742993635364
full_macro,all,12,pca_2,M2,0.1,btc_ret,593,estimated,-106.70866992628308,-0.7666496737470463
full_macro,all,12,pca_2,M2,0.1,vixy_ret,593,estimated,-7.370545067290453,-0.17379941264321314
full_macro,all,12,pca_2,M2,0.1,account_ls,593,estimated,1.1276104914986633,0.6448050604768639
full_macro,all,12,pca_2,M2,0.5,e_origin,593,estimated,0.35225914911957523,2.7667503524321764
full_macro,all,12,pca_2,M2,0.5,downside,593,estimated,11321.104647365992,0.15241077648431425
full_macro,all,12,pca_2,M2,0.5,dxy_ret,593,estimated,-646.5466309729444,-0.6234111398618548
full_macro,all,12,pca_2,M2,0.5,fx_ret,593,estimated,-160.91279286699972,-0.2100432207528112
full_macro,all,12,pca_2,M2,0.5,btc_vol,593,estimated,-249.77387855676665,-0.44931109236365824
full_macro,all,12,pca_2,M2,0.5,btc_ret,593,estimated,-130.4375570365524,-0.9371301377434184
full_macro,all,12,pca_2,M2,0.5,vixy_ret,593,estimated,4.453019374446042,0.10500338098496724
full_macro,all,12,pca_2,M2,0.5,account_ls,593,estimated,0.5419096542533732,0.30988190515985187
full_macro,all,12,pca_2,M2,0.9,e_origin,593,estimated,0.35433882692441726,2.7830847735930555
full_macro,all,12,pca_2,M2,0.9,downside,593,estimated,-89352.99290122738,-1.2029178647723198
full_macro,all,12,pca_2,M2,0.9,dxy_ret,593,estimated,-542.0940722542094,-0.5226962253098388
full_macro,all,12,pca_2,M2,0.9,fx_ret,593,estimated,630.3603540345202,0.82282406909517
full_macro,all,12,pca_2,M2,0.9,btc_vol,593,estimated,673.738914168726,1.2119696793043784
full_macro,all,12,pca_2,M2,0.9,btc_ret,593,estimated,-23.841791830974152,-0.17129162926862848
full_macro,all,12,pca_2,M2,0.9,vixy_ret,593,estimated,-17.327240706178692,-0.40858094346725154
full_macro,all,12,pca_2,M2,0.9,account_ls,593,estimated,1.9091644790119218,1.091723539848797
full_macro,all,12,conditional_linear,M0,0.1,e_origin,593,estimated,0.26998562115859087,3.1972670942802406
full_macro,all,12,conditional_linear,M0,0.1,downside,593,estimated,-58461.112664588094,-0.7870348215021497
full_macro,all,12,conditional_linear,M0,0.1,dxy_ret,593,estimated,-60.40221277869799,-0.05824082984065869
full_macro,all,12,conditional_linear,M0,0.1,fx_ret,593,estimated,-402.78104567851346,-0.5257594911203007
full_macro,all,12,conditional_linear,M0,0.5,e_origin,593,estimated,0.33157372681737823,3.9266156528326515
full_macro,all,12,conditional_linear,M0,0.5,downside,593,estimated,-22811.03721140647,-0.3070944048390133
full_macro,all,12,conditional_linear,M0,0.5,dxy_ret,593,estimated,-617.1634629007136,-0.5950793948288683
full_macro,all,12,conditional_linear,M0,0.5,fx_ret,593,estimated,-619.5544414386659,-0.8087188594075685
full_macro,all,12,conditional_linear,M0,0.9,e_origin,593,estimated,0.46244168076443387,5.476401160131653
full_macro,all,12,conditional_linear,M0,0.9,downside,593,estimated,80219.00289164696,1.0799511973734794
full_macro,all,12,conditional_linear,M0,0.9,dxy_ret,593,estimated,-835.4279481207509,-0.8055336838221062
full_macro,all,12,conditional_linear,M0,0.9,fx_ret,593,estimated,361.47207109865906,0.4718379233433981
full_macro,all,12,conditional_linear,M1,0.1,e_origin,593,estimated,0.35380786770362,4.18992036780269
full_macro,all,12,conditional_linear,M1,0.1,downside,593,estimated,199060.4768947249,2.679858794337856
full_macro,all,12,conditional_linear,M1,0.1,dxy_ret,593,estimated,-257.03377924786935,-0.24783629459608142
full_macro,all,12,conditional_linear,M1,0.1,fx_ret,593,estimated,-265.831122902981,-0.34699556347287464
full_macro,all,12,conditional_linear,M1,0.1,btc_vol,593,estimated,-2716.6015201665873,-4.8868168424802505
full_macro,all,12,conditional_linear,M1,0.1,btc_ret,593,estimated,57.86585372400819,0.41573789561103236
full_macro,all,12,conditional_linear,M1,0.1,vixy_ret,593,estimated,21.983967845361793,0.5183878077141667
full_macro,all,12,conditional_linear,M1,0.5,e_origin,593,estimated,0.3440520636179469,4.074388617454233
full_macro,all,12,conditional_linear,M1,0.5,downside,593,estimated,136500.90252001415,1.8376482853840086
full_macro,all,12,conditional_linear,M1,0.5,dxy_ret,593,estimated,-504.4029240221303,-0.4863537860232813
full_macro,all,12,conditional_linear,M1,0.5,fx_ret,593,estimated,-516.0701964198648,-0.6736384613009508
full_macro,all,12,conditional_linear,M1,0.5,btc_vol,593,estimated,-1525.8087602020219,-2.7447337757883283
full_macro,all,12,conditional_linear,M1,0.5,btc_ret,593,estimated,-40.425397653216855,-0.29043673717743285
full_macro,all,12,conditional_linear,M1,0.5,vixy_ret,593,estimated,27.253936510165268,0.6426550702068293
full_macro,all,12,conditional_linear,M1,0.9,e_origin,593,estimated,0.5047724292765465,5.977697150315253
full_macro,all,12,conditional_linear,M1,0.9,downside,593,estimated,174776.5985738383,2.352936213351198
full_macro,all,12,conditional_linear,M1,0.9,dxy_ret,593,estimated,-922.7871338502914,-0.8897668805384855
full_macro,all,12,conditional_linear,M1,0.9,fx_ret,593,estimated,11.80020502798572,0.015403082784538155
full_macro,all,12,conditional_linear,M1,0.9,btc_vol,593,estimated,-639.6562339762432,-1.1506593198846873
full_macro,all,12,conditional_linear,M1,0.9,btc_ret,593,estimated,-52.453791257498814,-0.37685487020068487
full_macro,all,12,conditional_linear,M1,0.9,vixy_ret,593,estimated,37.539379796820185,0.8851885579849401
full_macro,all,12,conditional_linear,M2,0.1,e_origin,593,estimated,0.35065856218637764,4.152625156091399
full_macro,all,12,conditional_linear,M2,0.1,downside,593,estimated,191836.991788177,2.5826123675708357
full_macro,all,12,conditional_linear,M2,0.1,dxy_ret,593,estimated,-160.04664021941755,-0.15431966331663166
full_macro,all,12,conditional_linear,M2,0.1,fx_ret,593,estimated,-334.9186508583127,-0.43717712472128273
full_macro,all,12,conditional_linear,M2,0.1,btc_vol,593,estimated,-2699.0973178065497,-4.855329033071246
full_macro,all,12,conditional_linear,M2,0.1,btc_ret,593,estimated,50.75195697636397,0.3646280221169735
full_macro,all,12,conditional_linear,M2,0.1,vixy_ret,593,estimated,21.742591764318153,0.5126960955370472
full_macro,all,12,conditional_linear,M2,0.1,account_ls,593,estimated,0.28439519693729337,0.16262660159959894
full_macro,all,12,conditional_linear,M2,0.5,e_origin,593,estimated,0.3427201168924268,4.058615223972889
full_macro,all,12,conditional_linear,M2,0.5,downside,593,estimated,127362.5092683654,1.7146223391812363
full_macro,all,12,conditional_linear,M2,0.5,dxy_ret,593,estimated,-382.33126856520926,-0.3686502419514426
full_macro,all,12,conditional_linear,M2,0.5,fx_ret,593,estimated,-570.3554563762953,-0.7444982769656794
full_macro,all,12,conditional_linear,M2,0.5,btc_vol,593,estimated,-1689.5567811783685,-3.039295411305984
full_macro,all,12,conditional_linear,M2,0.5,btc_ret,593,estimated,-27.85508003593864,-0.20012514481253332
full_macro,all,12,conditional_linear,M2,0.5,vixy_ret,593,estimated,30.157088313000326,0.7111121617163866
full_macro,all,12,conditional_linear,M2,0.5,account_ls,593,estimated,0.8476443354048065,0.4847111312587635
full_macro,all,12,conditional_linear,M2,0.9,e_origin,593,estimated,0.45183218562904826,5.3507596924944965
full_macro,all,12,conditional_linear,M2,0.9,downside,593,estimated,22352.408882323587,0.30092010454496126
full_macro,all,12,conditional_linear,M2,0.9,dxy_ret,593,estimated,-628.8863314261112,-0.606382781900689
full_macro,all,12,conditional_linear,M2,0.9,fx_ret,593,estimated,348.7370086308538,0.45521454934331484
full_macro,all,12,conditional_linear,M2,0.9,btc_vol,593,estimated,-572.0712252642028,-1.0290825790850575
full_macro,all,12,conditional_linear,M2,0.9,btc_ret,593,estimated,-60.139912111585645,-0.4320758944083407
full_macro,all,12,conditional_linear,M2,0.9,vixy_ret,593,estimated,24.919189657263402,0.5876011185654881
full_macro,all,12,conditional_linear,M2,0.9,account_ls,593,estimated,5.017796439289554,2.8693423490557586
full_macro,all,12,ae_relu_1,M0,0.1,e_origin,593,estimated,0.7120507639725134,33.04269071368333
full_macro,all,12,ae_relu_1,M0,0.1,downside,593,estimated,28014.28522187104,0.3771433173980786
full_macro,all,12,ae_relu_1,M0,0.1,dxy_ret,593,estimated,-1757.1434875007922,-1.694267314942583
full_macro,all,12,ae_relu_1,M0,0.1,fx_ret,593,estimated,950.8497318710612,1.241166327274054
full_macro,all,12,ae_relu_1,M0,0.5,e_origin,593,estimated,0.9083090152448481,42.1500479765574
full_macro,all,12,ae_relu_1,M0,0.5,downside,593,estimated,134728.1353553757,1.8137823439847915
full_macro,all,12,ae_relu_1,M0,0.5,dxy_ret,593,estimated,141.0396981950106,0.13599285002105735
full_macro,all,12,ae_relu_1,M0,0.5,fx_ret,593,estimated,-981.180743276087,-1.2807581037306817
full_macro,all,12,ae_relu_1,M0,0.9,e_origin,593,estimated,1.2305819825442996,57.105113714353344
full_macro,all,12,ae_relu_1,M0,0.9,downside,593,estimated,343352.43667891185,4.622394466973656
full_macro,all,12,ae_relu_1,M0,0.9,dxy_ret,593,estimated,-56.37523780572022,-0.0543579528170457
full_macro,all,12,ae_relu_1,M0,0.9,fx_ret,593,estimated,-864.6214511414365,-1.128610541735002
full_macro,all,12,ae_relu_1,M1,0.1,e_origin,593,estimated,0.8005622595232872,37.15006355852543
full_macro,all,12,ae_relu_1,M1,0.1,downside,593,estimated,219730.08954581298,2.958124194394492
full_macro,all,12,ae_relu_1,M1,0.1,dxy_ret,593,estimated,-1803.5853390979337,-1.7390473296460867
full_macro,all,12,ae_relu_1,M1,0.1,fx_ret,593,estimated,82.18009836429756,0.10727159870058961
full_macro,all,12,ae_relu_1,M1,0.1,btc_vol,593,estimated,-2817.3983808841026,-5.068137434759564
full_macro,all,12,ae_relu_1,M1,0.1,btc_ret,593,estimated,-142.89351731233646,-1.0266201284651935
full_macro,all,12,ae_relu_1,M1,0.1,vixy_ret,593,estimated,67.06958137732438,1.5815185638489504
full_macro,all,12,ae_relu_1,M1,0.5,e_origin,593,estimated,0.9075489039892157,42.11477504041486
full_macro,all,12,ae_relu_1,M1,0.5,downside,593,estimated,250593.50348830916,3.373624009160985
full_macro,all,12,ae_relu_1,M1,0.5,dxy_ret,593,estimated,-41.06236125629979,-0.03959301960585164
full_macro,all,12,ae_relu_1,M1,0.5,fx_ret,593,estimated,-944.674478117198,-1.2331056245523047
full_macro,all,12,ae_relu_1,M1,0.5,btc_vol,593,estimated,-1118.53432635782,-2.0120994354013706
full_macro,all,12,ae_relu_1,M1,0.5,btc_ret,593,estimated,-43.73197906055708,-0.314192909556928
full_macro,all,12,ae_relu_1,M1,0.5,vixy_ret,593,estimated,2.671779060673739,0.06300126072334516
full_macro,all,12,ae_relu_1,M1,0.9,e_origin,593,estimated,1.2291447290176762,57.038418014888855
full_macro,all,12,ae_relu_1,M1,0.9,downside,593,estimated,353759.0787393363,4.762494258153718
full_macro,all,12,ae_relu_1,M1,0.9,dxy_ret,593,estimated,-587.0827301628383,-0.5660750462086009
full_macro,all,12,ae_relu_1,M1,0.9,fx_ret,593,estimated,-1213.9886619126157,-1.5846477086273683
full_macro,all,12,ae_relu_1,M1,0.9,btc_vol,593,estimated,-210.53750998939051,-0.37872991020299357
full_macro,all,12,ae_relu_1,M1,0.9,btc_ret,593,estimated,-109.25201775671569,-0.7849223856623332
full_macro,all,12,ae_relu_1,M1,0.9,vixy_ret,593,estimated,47.003705220234956,1.108359868198285
full_macro,all,12,ae_relu_1,M2,0.1,e_origin,593,estimated,0.8099093794789788,37.583816332044734
full_macro,all,12,ae_relu_1,M2,0.1,downside,593,estimated,252813.3750347031,3.40350910930093
full_macro,all,12,ae_relu_1,M2,0.1,dxy_ret,593,estimated,-1839.8400810973217,-1.7740047618752581
full_macro,all,12,ae_relu_1,M2,0.1,fx_ret,593,estimated,146.05454501143788,0.1906484033568738
full_macro,all,12,ae_relu_1,M2,0.1,btc_vol,593,estimated,-2954.7366937192596,-5.315191401010569
full_macro,all,12,ae_relu_1,M2,0.1,btc_ret,593,estimated,-116.61976320863947,-0.8378560381094189
full_macro,all,12,ae_relu_1,M2,0.1,vixy_ret,593,estimated,67.56218895143296,1.5931343814393777
full_macro,all,12,ae_relu_1,M2,0.1,account_ls,593,estimated,-0.7439122209301182,-0.4253936693767376
full_macro,all,12,ae_relu_1,M2,0.5,e_origin,593,estimated,0.9074060997696436,42.108148215617135
full_macro,all,12,ae_relu_1,M2,0.5,downside,593,estimated,262274.0103816212,3.5308732512439356
full_macro,all,12,ae_relu_1,M2,0.5,dxy_ret,593,estimated,-25.47216151096031,-0.024560686703133616
full_macro,all,12,ae_relu_1,M2,0.5,fx_ret,593,estimated,-906.8109789915844,-1.183681516228683
full_macro,all,12,ae_relu_1,M2,0.5,btc_vol,593,estimated,-1146.2517530618165,-2.061959522220065
full_macro,all,12,ae_relu_1,M2,0.5,btc_ret,593,estimated,-36.18053575157969,-0.25993947773038356
full_macro,all,12,ae_relu_1,M2,0.5,vixy_ret,593,estimated,3.4728491501545196,0.08189070645181254
full_macro,all,12,ae_relu_1,M2,0.5,account_ls,593,estimated,-0.13126435033207187,-0.07506130706697862
full_macro,all,12,ae_relu_1,M2,0.9,e_origin,593,estimated,1.2316657580110966,57.15540627685642
full_macro,all,12,ae_relu_1,M2,0.9,downside,593,estimated,330339.2275601772,4.447203673485093
full_macro,all,12,ae_relu_1,M2,0.9,dxy_ret,593,estimated,-645.3304982371737,-0.6222385242163456
full_macro,all,12,ae_relu_1,M2,0.9,fx_ret,593,estimated,-961.5518071747324,-1.255135995722853
full_macro,all,12,ae_relu_1,M2,0.9,btc_vol,593,estimated,425.62688339678954,0.7656480374303337
full_macro,all,12,ae_relu_1,M2,0.9,btc_ret,593,estimated,-75.36360935082278,-0.5414507233678596
full_macro,all,12,ae_relu_1,M2,0.9,vixy_ret,593,estimated,25.874504675952707,0.6101277007411098
full_macro,all,12,ae_relu_1,M2,0.9,account_ls,593,estimated,-2.543846218393403,-1.4546555987741483
full_macro,all,12,ae_relu_2,M0,0.1,e_origin,593,estimated,0.7464931629968543,40.42871302425072
full_macro,all,12,ae_relu_2,M0,0.1,downside,593,estimated,28861.161691027643,0.38854442217282187
full_macro,all,12,ae_relu_2,M0,0.1,dxy_ret,593,estimated,-1029.8801127795314,-0.9930277326830741
full_macro,all,12,ae_relu_2,M0,0.1,fx_ret,593,estimated,1270.3101571853233,1.6581654697321153
full_macro,all,12,ae_relu_2,M0,0.5,e_origin,593,estimated,0.9767127345483614,52.89698661627698
full_macro,all,12,ae_relu_2,M0,0.5,downside,593,estimated,130332.20667138521,1.7546019967514017
full_macro,all,12,ae_relu_2,M0,0.5,dxy_ret,593,estimated,-785.8452550672365,-0.7577252169410758
full_macro,all,12,ae_relu_2,M0,0.5,fx_ret,593,estimated,-125.31838894128938,-0.16358101530521704
full_macro,all,12,ae_relu_2,M0,0.9,e_origin,593,estimated,1.2840621132306516,69.54247038607332
full_macro,all,12,ae_relu_2,M0,0.9,downside,593,estimated,295261.18865929224,3.9749643193797723
full_macro,all,12,ae_relu_2,M0,0.9,dxy_ret,593,estimated,653.2506490335702,0.629875266872369
full_macro,all,12,ae_relu_2,M0,0.9,fx_ret,593,estimated,-755.0609335197832,-0.9855986433111283
full_macro,all,12,ae_relu_2,M1,0.1,e_origin,593,estimated,0.7483136554605893,40.52730758750657
full_macro,all,12,ae_relu_2,M1,0.1,downside,593,estimated,97278.11814899191,1.309610147051352
full_macro,all,12,ae_relu_2,M1,0.1,dxy_ret,593,estimated,-1246.9477432708195,-1.2023279942095295
full_macro,all,12,ae_relu_2,M1,0.1,fx_ret,593,estimated,611.7576997777011,0.7985415907102298
full_macro,all,12,ae_relu_2,M1,0.1,btc_vol,593,estimated,-1280.9482185566094,-2.304261144786391
full_macro,all,12,ae_relu_2,M1,0.1,btc_ret,593,estimated,-147.6712839193068,-1.060946047933628
full_macro,all,12,ae_relu_2,M1,0.1,vixy_ret,593,estimated,35.33282041593578,0.8331573010210556
full_macro,all,12,ae_relu_2,M1,0.5,e_origin,593,estimated,0.9754565230111459,52.828952482472
full_macro,all,12,ae_relu_2,M1,0.5,downside,593,estimated,187322.46625096252,2.521835405956475
full_macro,all,12,ae_relu_2,M1,0.5,dxy_ret,593,estimated,-690.8846588645708,-0.6661626123512415
full_macro,all,12,ae_relu_2,M1,0.5,fx_ret,593,estimated,-284.69999848824773,-0.37162554676568404
full_macro,all,12,ae_relu_2,M1,0.5,btc_vol,593,estimated,-626.6402255633466,-1.1272451943083652
full_macro,all,12,ae_relu_2,M1,0.5,btc_ret,593,estimated,-42.75949549565597,-0.30720609013287514
full_macro,all,12,ae_relu_2,M1,0.5,vixy_ret,593,estimated,18.47831415376982,0.43572356145195923
full_macro,all,12,ae_relu_2,M1,0.9,e_origin,593,estimated,1.2777951704268378,69.20306415341925
full_macro,all,12,ae_relu_2,M1,0.9,downside,593,estimated,342259.9403795012,4.60768669644367
full_macro,all,12,ae_relu_2,M1,0.9,dxy_ret,593,estimated,309.89260890901267,0.2988036675158483
full_macro,all,12,ae_relu_2,M1,0.9,fx_ret,593,estimated,-1025.415932143103,-1.3384993272511543
full_macro,all,12,ae_relu_2,M1,0.9,btc_vol,593,estimated,-831.2851348452506,-1.4953750734911337
full_macro,all,12,ae_relu_2,M1,0.9,btc_ret,593,estimated,-5.059995049765656,-0.03635359298119248
full_macro,all,12,ae_relu_2,M1,0.9,vixy_ret,593,estimated,49.426154616388814,1.1654818691311444
full_macro,all,12,ae_relu_2,M2,0.1,e_origin,593,estimated,0.745740460973662,40.38794805064232
full_macro,all,12,ae_relu_2,M2,0.1,downside,593,estimated,67422.9565465599,0.9076839654971497
full_macro,all,12,ae_relu_2,M2,0.1,dxy_ret,593,estimated,-1561.5537172049615,-1.5056763675859266
full_macro,all,12,ae_relu_2,M2,0.1,fx_ret,593,estimated,728.6809626296118,0.9511642521703519
full_macro,all,12,ae_relu_2,M2,0.1,btc_vol,593,estimated,-1186.2076669667688,-2.133835073926094
full_macro,all,12,ae_relu_2,M2,0.1,btc_ret,593,estimated,-158.52967499642733,-1.138958284263095
full_macro,all,12,ae_relu_2,M2,0.1,vixy_ret,593,estimated,51.69095520619644,1.218886469288792
full_macro,all,12,ae_relu_2,M2,0.1,account_ls,593,estimated,-0.9045309452123963,-0.5172407805958813
full_macro,all,12,ae_relu_2,M2,0.5,e_origin,593,estimated,0.9756433453237813,52.839070439391705
full_macro,all,12,ae_relu_2,M2,0.5,downside,593,estimated,186555.81522071164,2.511514339024175
full_macro,all,12,ae_relu_2,M2,0.5,dxy_ret,593,estimated,-701.7267733510301,-0.6766167615598532
full_macro,all,12,ae_relu_2,M2,0.5,fx_ret,593,estimated,-287.62850170714984,-0.375448190305229
full_macro,all,12,ae_relu_2,M2,0.5,btc_vol,593,estimated,-614.8857829028061,-1.106100463312273
full_macro,all,12,ae_relu_2,M2,0.5,btc_ret,593,estimated,-45.325803653889736,-0.32564376078890966
full_macro,all,12,ae_relu_2,M2,0.5,vixy_ret,593,estimated,17.53372738784101,0.41344995432925963
full_macro,all,12,ae_relu_2,M2,0.5,account_ls,593,estimated,-0.045782507244252084,-0.026179955379075522
full_macro,all,12,ae_relu_2,M2,0.9,e_origin,593,estimated,1.2803830594022305,69.34321951707288
full_macro,all,12,ae_relu_2,M2,0.9,downside,593,estimated,350385.25574944465,4.717074045407107
full_macro,all,12,ae_relu_2,M2,0.9,dxy_ret,593,estimated,133.9864845269921,0.1291920227306084
full_macro,all,12,ae_relu_2,M2,0.9,fx_ret,593,estimated,-974.9377974210181,-1.2726090409307593
full_macro,all,12,ae_relu_2,M2,0.9,btc_vol,593,estimated,-838.7051095590363,-1.5087226539636214
full_macro,all,12,ae_relu_2,M2,0.9,btc_ret,593,estimated,58.78712648893272,0.4223567904501242
full_macro,all,12,ae_relu_2,M2,0.9,vixy_ret,593,estimated,36.13565615720295,0.8520883812881637
full_macro,all,12,ae_relu_2,M2,0.9,account_ls,593,estimated,-2.04446077330275,-1.1690904461344471
full_macro,all,12,ae_tanh_1,M0,0.1,e_origin,593,estimated,0.7084735823622164,39.42772055728942
full_macro,all,12,ae_tanh_1,M0,0.1,downside,593,estimated,81275.79519836196,1.0941783016239959
full_macro,all,12,ae_tanh_1,M0,0.1,dxy_ret,593,estimated,-2365.63591725168,-2.2809859537165043
full_macro,all,12,ae_tanh_1,M0,0.1,fx_ret,593,estimated,278.0310891472643,0.36292046389482463
full_macro,all,12,ae_tanh_1,M0,0.5,e_origin,593,estimated,0.8964655111487173,49.88978070991553
full_macro,all,12,ae_tanh_1,M0,0.5,downside,593,estimated,104108.63679002482,1.4015662487125642
full_macro,all,12,ae_tanh_1,M0,0.5,dxy_ret,593,estimated,410.4701708457693,0.39578224497307674
full_macro,all,12,ae_tanh_1,M0,0.5,fx_ret,593,estimated,-1100.356553050072,-1.4363210672139026
full_macro,all,12,ae_tanh_1,M0,0.9,e_origin,593,estimated,1.193002168241457,66.39253358866398
full_macro,all,12,ae_tanh_1,M0,0.9,downside,593,estimated,206063.2332219215,2.7741336520132327
full_macro,all,12,ae_tanh_1,M0,0.9,dxy_ret,593,estimated,-761.0587502479141,-0.7338256519563318
full_macro,all,12,ae_tanh_1,M0,0.9,fx_ret,593,estimated,-806.9422705994225,-1.0533205623892261
full_macro,all,12,ae_tanh_1,M1,0.1,e_origin,593,estimated,0.7208838643090097,40.11837316709298
full_macro,all,12,ae_tanh_1,M1,0.1,downside,593,estimated,239806.65489455566,3.2284056739188305
full_macro,all,12,ae_tanh_1,M1,0.1,dxy_ret,593,estimated,-2964.2685648513734,-2.858197624647416
full_macro,all,12,ae_tanh_1,M1,0.1,fx_ret,593,estimated,-411.23574402821913,-0.5367956060259284
full_macro,all,12,ae_tanh_1,M1,0.1,btc_vol,593,estimated,-2044.621046404811,-3.678010371373095
full_macro,all,12,ae_tanh_1,M1,0.1,btc_ret,593,estimated,-82.93367847233601,-0.5958379725600758
full_macro,all,12,ae_tanh_1,M1,0.1,vixy_ret,593,estimated,57.598200066401205,1.3581808739318737
full_macro,all,12,ae_tanh_1,M1,0.5,e_origin,593,estimated,0.8954017117974732,49.830578525678774
full_macro,all,12,ae_tanh_1,M1,0.5,downside,593,estimated,228237.5548260711,3.0726562502022405
full_macro,all,12,ae_tanh_1,M1,0.5,dxy_ret,593,estimated,358.57764417804657,0.34574659765780913
full_macro,all,12,ae_tanh_1,M1,0.5,fx_ret,593,estimated,-1007.2206925974165,-1.314748656788901
full_macro,all,12,ae_tanh_1,M1,0.5,btc_vol,593,estimated,-1212.708946727987,-2.1815074687631775
full_macro,all,12,ae_tanh_1,M1,0.5,btc_ret,593,estimated,-5.0532085496296855,-0.0363048352924431
full_macro,all,12,ae_tanh_1,M1,0.5,vixy_ret,593,estimated,20.733325493718024,0.4888973284947893
full_macro,all,12,ae_tanh_1,M1,0.9,e_origin,593,estimated,1.1912251832895204,66.29364145229687
full_macro,all,12,ae_tanh_1,M1,0.9,downside,593,estimated,228510.11786607085,3.076325639882951
full_macro,all,12,ae_tanh_1,M1,0.9,dxy_ret,593,estimated,-999.7992766407796,-0.9640232843619418
full_macro,all,12,ae_tanh_1,M1,0.9,fx_ret,593,estimated,-890.9664082827787,-1.1629992286129682
full_macro,all,12,ae_tanh_1,M1,0.9,btc_vol,593,estimated,-47.20200482699601,-0.08491033759461829
full_macro,all,12,ae_tanh_1,M1,0.9,btc_ret,593,estimated,-162.38544548357282,-1.1666601119407867
full_macro,all,12,ae_tanh_1,M1,0.9,vixy_ret,593,estimated,7.979119499873786,0.18814975959408564
full_macro,all,12,ae_tanh_1,M2,0.1,e_origin,593,estimated,0.7253064426578955,40.36449692897156
full_macro,all,12,ae_tanh_1,M2,0.1,downside,593,estimated,123003.70249640256,1.655941747017069
full_macro,all,12,ae_tanh_1,M2,0.1,dxy_ret,593,estimated,-2531.7101812034125,-2.4411175532518214
full_macro,all,12,ae_tanh_1,M2,0.1,fx_ret,593,estimated,-295.9281510702155,-0.38628191615310625
full_macro,all,12,ae_tanh_1,M2,0.1,btc_vol,593,estimated,-1551.8862452249973,-2.7916438183815417
full_macro,all,12,ae_tanh_1,M2,0.1,btc_ret,593,estimated,-191.10469254701235,-1.3729938747611556
full_macro,all,12,ae_tanh_1,M2,0.1,vixy_ret,593,estimated,67.93127367622498,1.60183749739604
full_macro,all,12,ae_tanh_1,M2,0.1,account_ls,593,estimated,3.7072267219616126,2.1199151379647634
full_macro,all,12,ae_tanh_1,M2,0.5,e_origin,593,estimated,0.8948659912172928,49.80076479393494
full_macro,all,12,ae_tanh_1,M2,0.5,downside,593,estimated,196830.18765361924,2.6498334456100165
full_macro,all,12,ae_tanh_1,M2,0.5,dxy_ret,593,estimated,405.290926894756,0.3907883308136834
full_macro,all,12,ae_tanh_1,M2,0.5,fx_ret,593,estimated,-1089.0394614660943,-1.4215486036732445
full_macro,all,12,ae_tanh_1,M2,0.5,btc_vol,593,estimated,-1025.9527688415828,-1.8455571172826435
full_macro,all,12,ae_tanh_1,M2,0.5,btc_ret,593,estimated,-1.147122815707653,-0.008241517142117922
full_macro,all,12,ae_tanh_1,M2,0.5,vixy_ret,593,estimated,28.300476417331527,0.6673327595110268
full_macro,all,12,ae_tanh_1,M2,0.5,account_ls,593,estimated,0.7044964508678039,0.4028544253821256
full_macro,all,12,ae_tanh_1,M2,0.9,e_origin,593,estimated,1.2053367838763405,67.07897524371093
full_macro,all,12,ae_tanh_1,M2,0.9,downside,593,estimated,330146.92055095924,4.444614733491052
full_macro,all,12,ae_tanh_1,M2,0.9,dxy_ret,593,estimated,-302.2975166616661,-0.29148035178199466
full_macro,all,12,ae_tanh_1,M2,0.9,fx_ret,593,estimated,-1055.0575956965965,-1.3771912818827108
full_macro,all,12,ae_tanh_1,M2,0.9,btc_vol,593,estimated,-389.0154249957147,-0.699788731155939
full_macro,all,12,ae_tanh_1,M2,0.9,btc_ret,593,estimated,-75.86023740573447,-0.5450187533745562
full_macro,all,12,ae_tanh_1,M2,0.9,vixy_ret,593,estimated,-8.9400761283472,-0.21080937242861908
full_macro,all,12,ae_tanh_1,M2,0.9,account_ls,593,estimated,-5.7495695597344465,-3.2877944783514814
full_macro,all,12,ae_tanh_2,M0,0.1,e_origin,593,estimated,0.6864068484758762,37.87619752166935
full_macro,all,12,ae_tanh_2,M0,0.1,downside,593,estimated,55334.580530553336,0.7449437707527631
full_macro,all,12,ae_tanh_2,M0,0.1,dxy_ret,593,estimated,-1503.8577055404498,-1.450044902391947
full_macro,all,12,ae_tanh_2,M0,0.1,fx_ret,593,estimated,583.7787391780141,0.7620200010157943
full_macro,all,12,ae_tanh_2,M0,0.5,e_origin,593,estimated,0.8981880362630537,49.56236603501103
full_macro,all,12,ae_tanh_2,M0,0.5,downside,593,estimated,115621.59716941041,1.5565598898554855
full_macro,all,12,ae_tanh_2,M0,0.5,dxy_ret,593,estimated,-42.59574817936619,-0.04107153707661716
full_macro,all,12,ae_tanh_2,M0,0.5,fx_ret,593,estimated,-701.5095245934876,-0.9156967405082421
full_macro,all,12,ae_tanh_2,M0,0.9,e_origin,593,estimated,1.206589537449123,66.58008111294187
full_macro,all,12,ae_tanh_2,M0,0.9,downside,593,estimated,242174.23161188583,3.2602792602087014
full_macro,all,12,ae_tanh_2,M0,0.9,dxy_ret,593,estimated,-212.99470042441908,-0.20537307382810857
full_macro,all,12,ae_tanh_2,M0,0.9,fx_ret,593,estimated,-1263.2886010890365,-1.649000068828412
full_macro,all,12,ae_tanh_2,M1,0.1,e_origin,593,estimated,0.6991173474950642,38.57756781323727
full_macro,all,12,ae_tanh_2,M1,0.1,downside,593,estimated,267062.9384638111,3.5953443669405756
full_macro,all,12,ae_tanh_2,M1,0.1,dxy_ret,593,estimated,-2675.911390146854,-2.5801587851295733
full_macro,all,12,ae_tanh_2,M1,0.1,fx_ret,593,estimated,-29.030341042828603,-0.03789398110334306
full_macro,all,12,ae_tanh_2,M1,0.1,btc_vol,593,estimated,-2164.956504939586,-3.89447838891262
full_macro,all,12,ae_tanh_2,M1,0.1,btc_ret,593,estimated,-125.68424042219421,-0.9029798795298021
full_macro,all,12,ae_tanh_2,M1,0.1,vixy_ret,593,estimated,75.31261174299493,1.7758914118370266
full_macro,all,12,ae_tanh_2,M1,0.5,e_origin,593,estimated,0.897875446512423,49.54511721069579
full_macro,all,12,ae_tanh_2,M1,0.5,downside,593,estimated,158695.40202468671,2.1364425292809504
full_macro,all,12,ae_tanh_2,M1,0.5,dxy_ret,593,estimated,-22.31036356662417,-0.021512027927315252
full_macro,all,12,ae_tanh_2,M1,0.5,fx_ret,593,estimated,-655.3579276841599,-0.8554539848826346
full_macro,all,12,ae_tanh_2,M1,0.5,btc_vol,593,estimated,-558.7533258829461,-1.0051253904728714
full_macro,all,12,ae_tanh_2,M1,0.5,btc_ret,593,estimated,-58.54098866702453,-0.4205884104207125
full_macro,all,12,ae_tanh_2,M1,0.5,vixy_ret,593,estimated,14.237532685016951,0.33572480672099836
full_macro,all,12,ae_tanh_2,M1,0.9,e_origin,593,estimated,1.2057268609468055,66.53247828719554
full_macro,all,12,ae_tanh_2,M1,0.9,downside,593,estimated,261673.74726743964,3.5227921875865484
full_macro,all,12,ae_tanh_2,M1,0.9,dxy_ret,593,estimated,-210.24862340511405,-0.2027252601627938
full_macro,all,12,ae_tanh_2,M1,0.9,fx_ret,593,estimated,-1319.3762691734037,-1.7222126098517503
full_macro,all,12,ae_tanh_2,M1,0.9,btc_vol,593,estimated,-212.05669368389016,-0.38146272633741396
full_macro,all,12,ae_tanh_2,M1,0.9,btc_ret,593,estimated,-49.93138912748482,-0.3587326429124055
full_macro,all,12,ae_tanh_2,M1,0.9,vixy_ret,593,estimated,10.120543976433183,0.23864511819347928
full_macro,all,12,ae_tanh_2,M2,0.1,e_origin,593,estimated,0.6961506809919796,38.413865998925175
full_macro,all,12,ae_tanh_2,M2,0.1,downside,593,estimated,140801.2354687726,1.8955416716105766
full_macro,all,12,ae_tanh_2,M2,0.1,dxy_ret,593,estimated,-2089.0164062053195,-2.0142647669864213
full_macro,all,12,ae_tanh_2,M2,0.1,fx_ret,593,estimated,-170.52487365031976,-0.22259009393730364
full_macro,all,12,ae_tanh_2,M2,0.1,btc_vol,593,estimated,-1636.8277297648262,-2.9444426275528834
full_macro,all,12,ae_tanh_2,M2,0.1,btc_ret,593,estimated,-196.8466138119761,-1.4142467745255958
full_macro,all,12,ae_tanh_2,M2,0.1,vixy_ret,593,estimated,61.96347072204801,1.46111511679364
full_macro,all,12,ae_tanh_2,M2,0.1,account_ls,593,estimated,2.1936099665424202,1.254378899276775
full_macro,all,12,ae_tanh_2,M2,0.5,e_origin,593,estimated,0.8987455346757727,49.5931290147876
full_macro,all,12,ae_tanh_2,M2,0.5,downside,593,estimated,178873.03728001472,2.4080846660398683
full_macro,all,12,ae_tanh_2,M2,0.5,dxy_ret,593,estimated,-16.60860190143957,-0.016014293396451846
full_macro,all,12,ae_tanh_2,M2,0.5,fx_ret,593,estimated,-730.666113128863,-0.9537555154074918
full_macro,all,12,ae_tanh_2,M2,0.5,btc_vol,593,estimated,-648.2050112914645,-1.1660374710991779
full_macro,all,12,ae_tanh_2,M2,0.5,btc_ret,593,estimated,-90.1690196992038,-0.6478203653202772
full_macro,all,12,ae_tanh_2,M2,0.5,vixy_ret,593,estimated,13.639522446574867,0.32162356627718003
full_macro,all,12,ae_tanh_2,M2,0.5,account_ls,593,estimated,-0.5176541227590232,-0.29601178815577345
full_macro,all,12,ae_tanh_2,M2,0.9,e_origin,593,estimated,1.2166930240002696,67.13759544007668
full_macro,all,12,ae_tanh_2,M2,0.9,downside,593,estimated,342969.67943972634,4.617241583942685
full_macro,all,12,ae_tanh_2,M2,0.9,dxy_ret,593,estimated,107.74046554197723,0.10388516963068296
full_macro,all,12,ae_tanh_2,M2,0.9,fx_ret,593,estimated,-1582.9179037142092,-2.066219650778348
full_macro,all,12,ae_tanh_2,M2,0.9,btc_vol,593,estimated,-405.7532418092557,-0.7298979115063002
full_macro,all,12,ae_tanh_2,M2,0.9,btc_ret,593,estimated,-31.71972288653397,-0.22789071608808717
full_macro,all,12,ae_tanh_2,M2,0.9,vixy_ret,593,estimated,17.269198319517955,0.4072122885553082
full_macro,all,12,ae_tanh_2,M2,0.9,account_ls,593,estimated,-5.591188813093944,-3.1972271169391466
full_macro,all,12,conditional_neural,M0,0.1,e_origin,593,estimated,0.1558865786121041,1.494607983895352
full_macro,all,12,conditional_neural,M0,0.1,downside,593,estimated,-111984.22604494757,-1.5075916509151284
full_macro,all,12,conditional_neural,M0,0.1,dxy_ret,593,estimated,-478.6364069799632,-0.46150927676436676
full_macro,all,12,conditional_neural,M0,0.1,fx_ret,593,estimated,-596.5857249164569,-0.7787372581381738
full_macro,all,12,conditional_neural,M0,0.5,e_origin,593,estimated,0.10211458376828834,0.9790533189647153
full_macro,all,12,conditional_neural,M0,0.5,downside,593,estimated,-29903.38865786746,-0.4025754400139922
full_macro,all,12,conditional_neural,M0,0.5,dxy_ret,593,estimated,-703.6706106931582,-0.6784910422305892
full_macro,all,12,conditional_neural,M0,0.5,fx_ret,593,estimated,25.2310610420995,0.032934692325386976
full_macro,all,12,conditional_neural,M0,0.9,e_origin,593,estimated,0.1820580406303101,1.7455345000257627
full_macro,all,12,conditional_neural,M0,0.9,downside,593,estimated,80933.90956884439,1.0895756541009272
full_macro,all,12,conditional_neural,M0,0.9,dxy_ret,593,estimated,-1422.882926514726,-1.371967658038321
full_macro,all,12,conditional_neural,M0,0.9,fx_ret,593,estimated,278.23343021800804,0.3631845844127297
full_macro,all,12,conditional_neural,M1,0.1,e_origin,593,estimated,0.26454207172969496,2.5363741766843715
full_macro,all,12,conditional_neural,M1,0.1,downside,593,estimated,70316.96310349763,0.946644632343048
full_macro,all,12,conditional_neural,M1,0.1,dxy_ret,593,estimated,-127.18995833940849,-0.12263869782761351
full_macro,all,12,conditional_neural,M1,0.1,fx_ret,593,estimated,-655.4755455233803,-0.8556075141908248
full_macro,all,12,conditional_neural,M1,0.1,btc_vol,593,estimated,-2205.8732133766166,-3.9680822864458416
full_macro,all,12,conditional_neural,M1,0.1,btc_ret,593,estimated,-65.67357281902964,-0.4718325437876229
full_macro,all,12,conditional_neural,M1,0.1,vixy_ret,593,estimated,18.66470477564571,0.44011870188031044
full_macro,all,12,conditional_neural,M1,0.5,e_origin,593,estimated,0.12502826643907372,1.198744926575258
full_macro,all,12,conditional_neural,M1,0.5,downside,593,estimated,61243.400532139574,0.8244914714939037
full_macro,all,12,conditional_neural,M1,0.5,dxy_ret,593,estimated,-752.938005348734,-0.7259954930913681
full_macro,all,12,conditional_neural,M1,0.5,fx_ret,593,estimated,122.95168071340342,0.16049169586758708
full_macro,all,12,conditional_neural,M1,0.5,btc_vol,593,estimated,-944.0484440600391,-1.698221768007761
full_macro,all,12,conditional_neural,M1,0.5,btc_ret,593,estimated,-52.087167297770755,-0.37422085612003386
full_macro,all,12,conditional_neural,M1,0.5,vixy_ret,593,estimated,21.664010194098836,0.5108431212150655
full_macro,all,12,conditional_neural,M1,0.9,e_origin,593,estimated,0.21102000787268926,2.023215797897384
full_macro,all,12,conditional_neural,M1,0.9,downside,593,estimated,141087.84057099203,1.899400103056469
full_macro,all,12,conditional_neural,M1,0.9,dxy_ret,593,estimated,-1639.0809793714513,-1.5804294581787113
full_macro,all,12,conditional_neural,M1,0.9,fx_ret,593,estimated,118.35102622159418,0.15448635427967983
full_macro,all,12,conditional_neural,M1,0.9,btc_vol,593,estimated,-483.6520402122161,-0.8700278338444194
full_macro,all,12,conditional_neural,M1,0.9,btc_ret,593,estimated,96.79482207466616,0.6954235191499499
full_macro,all,12,conditional_neural,M1,0.9,vixy_ret,593,estimated,49.678810277443375,1.1714395568043585
full_macro,all,12,conditional_neural,M2,0.1,e_origin,593,estimated,0.26409335478692597,2.5320719722794593
full_macro,all,12,conditional_neural,M2,0.1,downside,593,estimated,62691.96772060462,0.8439928591111469
full_macro,all,12,conditional_neural,M2,0.1,dxy_ret,593,estimated,-198.32269235652902,-0.19122607678954784
full_macro,all,12,conditional_neural,M2,0.1,fx_ret,593,estimated,-624.8860504561821,-0.8156783329825469
full_macro,all,12,conditional_neural,M2,0.1,btc_vol,593,estimated,-2144.548890455446,-3.857767714404191
full_macro,all,12,conditional_neural,M2,0.1,btc_ret,593,estimated,-56.262034229039564,-0.4042152358926021
full_macro,all,12,conditional_neural,M2,0.1,vixy_ret,593,estimated,15.18349516570478,0.35803085356354225
full_macro,all,12,conditional_neural,M2,0.1,account_ls,593,estimated,0.8615908049664813,0.49268618489382016
full_macro,all,12,conditional_neural,M2,0.5,e_origin,593,estimated,0.13489076817966625,1.2933045350669594
full_macro,all,12,conditional_neural,M2,0.5,downside,593,estimated,28593.084664509355,0.3849354256091549
full_macro,all,12,conditional_neural,M2,0.5,dxy_ret,593,estimated,-797.2428728115357,-0.7687149917373511
full_macro,all,12,conditional_neural,M2,0.5,fx_ret,593,estimated,-147.3534255346493,-0.19234386239159404
full_macro,all,12,conditional_neural,M2,0.5,btc_vol,593,estimated,-947.4507650269218,-1.7043421059671782
full_macro,all,12,conditional_neural,M2,0.5,btc_ret,593,estimated,-45.973974960185956,-0.3303005550385941
full_macro,all,12,conditional_neural,M2,0.5,vixy_ret,593,estimated,32.038152017057,0.755468144065695
full_macro,all,12,conditional_neural,M2,0.5,account_ls,593,estimated,1.6437779340523173,0.939966715606242
full_macro,all,12,conditional_neural,M2,0.9,e_origin,593,estimated,0.19534321851826938,1.8729100131430427
full_macro,all,12,conditional_neural,M2,0.9,downside,593,estimated,65757.36798050838,0.8852609198172062
full_macro,all,12,conditional_neural,M2,0.9,dxy_ret,593,estimated,-813.7539574039525,-0.7846352573036949
full_macro,all,12,conditional_neural,M2,0.9,fx_ret,593,estimated,547.4049069298159,0.7145403896038611
full_macro,all,12,conditional_neural,M2,0.9,btc_vol,593,estimated,-791.7750648179879,-1.4243015375958283
full_macro,all,12,conditional_neural,M2,0.9,btc_ret,593,estimated,48.1574501005464,0.34598775744818777
full_macro,all,12,conditional_neural,M2,0.9,vixy_ret,593,estimated,24.3462202505656,0.5740903475929939
full_macro,all,12,conditional_neural,M2,0.9,account_ls,593,estimated,4.617162524674737,2.6402465952561
full_macro,all,12,pca_selected,M0,0.1,e_origin,593,estimated,0.31548186313370397,2.4778903775607564
full_macro,all,12,pca_selected,M0,0.1,downside,593,estimated,-35192.85441011321,-0.47378506200741916
full_macro,all,12,pca_selected,M0,0.1,dxy_ret,593,estimated,-91.89190027039338,-0.08860371634050791
full_macro,all,12,pca_selected,M0,0.1,fx_ret,593,estimated,505.23777423894387,0.6594986480338016
full_macro,all,12,pca_selected,M0,0.5,e_origin,593,estimated,0.3126392960661055,2.4555639924100885
full_macro,all,12,pca_selected,M0,0.5,downside,593,estimated,6303.124724122789,0.08485604217999565
full_macro,all,12,pca_selected,M0,0.5,dxy_ret,593,estimated,-670.8735512183785,-0.6468675656678522
full_macro,all,12,pca_selected,M0,0.5,fx_ret,593,estimated,123.24318238418509,0.16087219979580125
full_macro,all,12,pca_selected,M0,0.9,e_origin,593,estimated,0.41583330338372276,3.2660810700459866
full_macro,all,12,pca_selected,M0,0.9,downside,593,estimated,7672.459762450123,0.10329076414038353
full_macro,all,12,pca_selected,M0,0.9,dxy_ret,593,estimated,-361.1522192624224,-0.3482290462719104
full_macro,all,12,pca_selected,M0,0.9,fx_ret,593,estimated,660.7327273882901,0.8624698362679862
full_macro,all,12,pca_selected,M1,0.1,e_origin,593,estimated,0.34099740497450237,2.6782971932729103
full_macro,all,12,pca_selected,M1,0.1,downside,593,estimated,82327.13078858053,1.1083319446333897
full_macro,all,12,pca_selected,M1,0.1,dxy_ret,593,estimated,213.34695845466658,0.20571272694768578
full_macro,all,12,pca_selected,M1,0.1,fx_ret,593,estimated,-223.7962449752187,-0.2921264571290673
full_macro,all,12,pca_selected,M1,0.1,btc_vol,593,estimated,-1289.728894621918,-2.320056452035458
full_macro,all,12,pca_selected,M1,0.1,btc_ret,593,estimated,-90.51559904658514,-0.6503103686515991
full_macro,all,12,pca_selected,M1,0.1,vixy_ret,593,estimated,-8.668445343381773,-0.2044042462877703
full_macro,all,12,pca_selected,M1,0.5,e_origin,593,estimated,0.3415718856474185,2.68280933897084
full_macro,all,12,pca_selected,M1,0.5,downside,593,estimated,12476.284785898079,0.1679624304418542
full_macro,all,12,pca_selected,M1,0.5,dxy_ret,593,estimated,-699.495570088855,-0.674465397834018
full_macro,all,12,pca_selected,M1,0.5,fx_ret,593,estimated,-136.74759560471713,-0.17849982527342176
full_macro,all,12,pca_selected,M1,0.5,btc_vol,593,estimated,-148.71614521613412,-0.2675212237775591
full_macro,all,12,pca_selected,M1,0.5,btc_ret,593,estimated,-117.66637755367213,-0.8453754509810495
full_macro,all,12,pca_selected,M1,0.5,vixy_ret,593,estimated,8.410903883728869,0.19833135018438816
full_macro,all,12,pca_selected,M1,0.9,e_origin,593,estimated,0.4028232536449166,3.163896187722935
full_macro,all,12,pca_selected,M1,0.9,downside,593,estimated,-86365.33741991977,-1.1626964459305063
full_macro,all,12,pca_selected,M1,0.9,dxy_ret,593,estimated,-725.6831204804424,-0.6997158745324149
full_macro,all,12,pca_selected,M1,0.9,fx_ret,593,estimated,599.0563505864345,0.7819622234361511
full_macro,all,12,pca_selected,M1,0.9,btc_vol,593,estimated,878.7504833444034,1.5807591324920398
full_macro,all,12,pca_selected,M1,0.9,btc_ret,593,estimated,-63.347996682468754,-0.45512441512666224
full_macro,all,12,pca_selected,M1,0.9,vixy_ret,593,estimated,-28.61429017248816,-0.6747325713061718
full_macro,all,12,pca_selected,M2,0.1,e_origin,593,estimated,0.36537360134810043,2.869755243620709
full_macro,all,12,pca_selected,M2,0.1,downside,593,estimated,31188.28113025099,0.4198733509082605
full_macro,all,12,pca_selected,M2,0.1,dxy_ret,593,estimated,-23.613377063805103,-0.022768415464762555
full_macro,all,12,pca_selected,M2,0.1,fx_ret,593,estimated,-129.21125973235587,-0.16866247032418488
full_macro,all,12,pca_selected,M2,0.1,btc_vol,593,estimated,-1015.8757946362078,-1.82742993635364
full_macro,all,12,pca_selected,M2,0.1,btc_ret,593,estimated,-106.70866992628308,-0.7666496737470463
full_macro,all,12,pca_selected,M2,0.1,vixy_ret,593,estimated,-7.370545067290453,-0.17379941264321314
full_macro,all,12,pca_selected,M2,0.1,account_ls,593,estimated,1.1276104914986633,0.6448050604768639
full_macro,all,12,pca_selected,M2,0.5,e_origin,593,estimated,0.35225914911957523,2.7667503524321764
full_macro,all,12,pca_selected,M2,0.5,downside,593,estimated,11321.104647365992,0.15241077648431425
full_macro,all,12,pca_selected,M2,0.5,dxy_ret,593,estimated,-646.5466309729444,-0.6234111398618548
full_macro,all,12,pca_selected,M2,0.5,fx_ret,593,estimated,-160.91279286699972,-0.2100432207528112
full_macro,all,12,pca_selected,M2,0.5,btc_vol,593,estimated,-249.77387855676665,-0.44931109236365824
full_macro,all,12,pca_selected,M2,0.5,btc_ret,593,estimated,-130.4375570365524,-0.9371301377434184
full_macro,all,12,pca_selected,M2,0.5,vixy_ret,593,estimated,4.453019374446042,0.10500338098496724
full_macro,all,12,pca_selected,M2,0.5,account_ls,593,estimated,0.5419096542533732,0.30988190515985187
full_macro,all,12,pca_selected,M2,0.9,e_origin,593,estimated,0.35433882692441726,2.7830847735930555
full_macro,all,12,pca_selected,M2,0.9,downside,593,estimated,-89352.99290122738,-1.2029178647723198
full_macro,all,12,pca_selected,M2,0.9,dxy_ret,593,estimated,-542.0940722542094,-0.5226962253098388
full_macro,all,12,pca_selected,M2,0.9,fx_ret,593,estimated,630.3603540345202,0.82282406909517
full_macro,all,12,pca_selected,M2,0.9,btc_vol,593,estimated,673.738914168726,1.2119696793043784
full_macro,all,12,pca_selected,M2,0.9,btc_ret,593,estimated,-23.841791830974152,-0.17129162926862848
full_macro,all,12,pca_selected,M2,0.9,vixy_ret,593,estimated,-17.327240706178692,-0.40858094346725154
full_macro,all,12,pca_selected,M2,0.9,account_ls,593,estimated,1.9091644790119218,1.091723539848797
full_macro,all,12,ae_selected,M0,0.1,e_origin,593,estimated,0.7079385815254777,32.816791450028454
full_macro,all,12,ae_selected,M0,0.1,downside,593,estimated,35154.419284333795,0.47326762775106546
full_macro,all,12,ae_selected,M0,0.1,dxy_ret,593,estimated,-897.9009736665157,-0.8657712261746141
full_macro,all,12,ae_selected,M0,0.1,fx_ret,593,estimated,1375.835880982299,1.795910657691835
full_macro,all,12,ae_selected,M0,0.5,e_origin,593,estimated,0.9438407561638611,43.752136223913205
full_macro,all,12,ae_selected,M0,0.5,downside,593,estimated,134205.66265432478,1.806748536548204
full_macro,all,12,ae_selected,M0,0.5,dxy_ret,593,estimated,-528.2655485342082,-0.509362530071307
full_macro,all,12,ae_selected,M0,0.5,fx_ret,593,estimated,-217.21903434856955,-0.28354107072829265
full_macro,all,12,ae_selected,M0,0.9,e_origin,593,estimated,1.2354848284428204,57.27142016658555
full_macro,all,12,ae_selected,M0,0.9,downside,593,estimated,349662.29389878485,4.707341145618637
full_macro,all,12,ae_selected,M0,0.9,dxy_ret,593,estimated,215.86244829286107,0.20813820457329785
full_macro,all,12,ae_selected,M0,0.9,fx_ret,593,estimated,-961.7839058312532,-1.255438959511371
full_macro,all,12,ae_selected,M1,0.1,e_origin,593,estimated,0.7098722690733854,32.90642835165411
full_macro,all,12,ae_selected,M1,0.1,downside,593,estimated,83699.47122461448,1.1268071268679625
full_macro,all,12,ae_selected,M1,0.1,dxy_ret,593,estimated,-1130.2291442352846,-1.0897859572054476
full_macro,all,12,ae_selected,M1,0.1,fx_ret,593,estimated,394.4473723424052,0.5148813529870275
full_macro,all,12,ae_selected,M1,0.1,btc_vol,593,estimated,-1247.9458158715909,-2.2448940657038565
full_macro,all,12,ae_selected,M1,0.1,btc_ret,593,estimated,-140.63706011817226,-1.0104085856456153
full_macro,all,12,ae_selected,M1,0.1,vixy_ret,593,estimated,52.97843512272719,1.2492455880839555
full_macro,all,12,ae_selected,M1,0.5,e_origin,593,estimated,0.941625231324552,43.6494346358075
full_macro,all,12,ae_selected,M1,0.5,downside,593,estimated,203703.10632628849,2.7423603592145804
full_macro,all,12,ae_selected,M1,0.5,dxy_ret,593,estimated,-548.4339704636226,-0.5288092618334237
full_macro,all,12,ae_selected,M1,0.5,fx_ret,593,estimated,-341.2315054004936,-0.44541744096064884
full_macro,all,12,ae_selected,M1,0.5,btc_vol,593,estimated,-730.4146553160695,-1.3139220504353146
full_macro,all,12,ae_selected,M1,0.5,btc_ret,593,estimated,-27.53517533457177,-0.19782678578413865
full_macro,all,12,ae_selected,M1,0.5,vixy_ret,593,estimated,16.413057996341266,0.38702427207215556
full_macro,all,12,ae_selected,M1,0.9,e_origin,593,estimated,1.240896899623846,57.522299008190316
full_macro,all,12,ae_selected,M1,0.9,downside,593,estimated,438831.85451096774,5.907789546634867
full_macro,all,12,ae_selected,M1,0.9,dxy_ret,593,estimated,278.8280690479449,0.26885071551464507
full_macro,all,12,ae_selected,M1,0.9,fx_ret,593,estimated,-1035.2923193317615,-1.3513912057497286
full_macro,all,12,ae_selected,M1,0.9,btc_vol,593,estimated,-1104.7727877366442,-1.987344196838344
full_macro,all,12,ae_selected,M1,0.9,btc_ret,593,estimated,34.25498528354889,0.2461053381134331
full_macro,all,12,ae_selected,M1,0.9,vixy_ret,593,estimated,42.39421408561158,0.9996668414997657
full_macro,all,12,ae_selected,M2,0.1,e_origin,593,estimated,0.709233608003742,32.87682294847834
full_macro,all,12,ae_selected,M2,0.1,downside,593,estimated,128727.08696178226,1.732993015215507
full_macro,all,12,ae_selected,M2,0.1,dxy_ret,593,estimated,-1340.6497081169177,-1.2926770052686343
full_macro,all,12,ae_selected,M2,0.1,fx_ret,593,estimated,721.1949273212259,0.9413925557201991
full_macro,all,12,ae_selected,M2,0.1,btc_vol,593,estimated,-1475.0492476229172,-2.6534239391611125
full_macro,all,12,ae_selected,M2,0.1,btc_ret,593,estimated,-88.46189943124459,-0.6355555400030651
full_macro,all,12,ae_selected,M2,0.1,vixy_ret,593,estimated,58.22563534844613,1.3729759647284796
full_macro,all,12,ae_selected,M2,0.1,account_ls,593,estimated,-1.582799604751073,-0.9050972854179778
full_macro,all,12,ae_selected,M2,0.5,e_origin,593,estimated,0.9408770765982452,43.61475360800893
full_macro,all,12,ae_selected,M2,0.5,downside,593,estimated,205538.77661877763,2.767073136223717
full_macro,all,12,ae_selected,M2,0.5,dxy_ret,593,estimated,-513.2615765426972,-0.49489544783223094
full_macro,all,12,ae_selected,M2,0.5,fx_ret,593,estimated,-288.68126422748185,-0.3768223857717209
full_macro,all,12,ae_selected,M2,0.5,btc_vol,593,estimated,-772.5675316438078,-1.3897496550612396
full_macro,all,12,ae_selected,M2,0.5,btc_ret,593,estimated,-26.70848843721496,-0.19188744420498313
full_macro,all,12,ae_selected,M2,0.5,vixy_ret,593,estimated,18.567785747557384,0.4378333254255275
full_macro,all,12,ae_selected,M2,0.5,account_ls,593,estimated,0.25695297507349907,0.14693422940023618
full_macro,all,12,ae_selected,M2,0.9,e_origin,593,estimated,1.2407216905742184,57.514177118817656
full_macro,all,12,ae_selected,M2,0.9,downside,593,estimated,461823.7052884086,6.217318160577726
full_macro,all,12,ae_selected,M2,0.9,dxy_ret,593,estimated,198.4849491735514,0.19138252754252455
full_macro,all,12,ae_selected,M2,0.9,fx_ret,593,estimated,-1088.16617014859,-1.420408676152779
full_macro,all,12,ae_selected,M2,0.9,btc_vol,593,estimated,-1175.531518104195,-2.1146300548288313
full_macro,all,12,ae_selected,M2,0.9,btc_ret,593,estimated,8.292545839588916,0.05957789153257338
full_macro,all,12,ae_selected,M2,0.9,vixy_ret,593,estimated,29.469271871991182,0.6948932671350011
full_macro,all,12,ae_selected,M2,0.9,account_ls,593,estimated,-2.043332907163563,-1.1684454948861471
full_macro,all,12,ae_reconstruction_selected,M0,0.1,e_origin,593,estimated,0.7079385815254777,32.816791450028454
full_macro,all,12,ae_reconstruction_selected,M0,0.1,downside,593,estimated,35154.419284333795,0.47326762775106546
full_macro,all,12,ae_reconstruction_selected,M0,0.1,dxy_ret,593,estimated,-897.9009736665157,-0.8657712261746141
full_macro,all,12,ae_reconstruction_selected,M0,0.1,fx_ret,593,estimated,1375.835880982299,1.795910657691835
full_macro,all,12,ae_reconstruction_selected,M0,0.5,e_origin,593,estimated,0.9438407561638611,43.752136223913205
full_macro,all,12,ae_reconstruction_selected,M0,0.5,downside,593,estimated,134205.66265432478,1.806748536548204
full_macro,all,12,ae_reconstruction_selected,M0,0.5,dxy_ret,593,estimated,-528.2655485342082,-0.509362530071307
full_macro,all,12,ae_reconstruction_selected,M0,0.5,fx_ret,593,estimated,-217.21903434856955,-0.28354107072829265
full_macro,all,12,ae_reconstruction_selected,M0,0.9,e_origin,593,estimated,1.2354848284428204,57.27142016658555
full_macro,all,12,ae_reconstruction_selected,M0,0.9,downside,593,estimated,349662.29389878485,4.707341145618637
full_macro,all,12,ae_reconstruction_selected,M0,0.9,dxy_ret,593,estimated,215.86244829286107,0.20813820457329785
full_macro,all,12,ae_reconstruction_selected,M0,0.9,fx_ret,593,estimated,-961.7839058312532,-1.255438959511371
full_macro,all,12,ae_reconstruction_selected,M1,0.1,e_origin,593,estimated,0.7098722690733854,32.90642835165411
full_macro,all,12,ae_reconstruction_selected,M1,0.1,downside,593,estimated,83699.47122461448,1.1268071268679625
full_macro,all,12,ae_reconstruction_selected,M1,0.1,dxy_ret,593,estimated,-1130.2291442352846,-1.0897859572054476
full_macro,all,12,ae_reconstruction_selected,M1,0.1,fx_ret,593,estimated,394.4473723424052,0.5148813529870275
full_macro,all,12,ae_reconstruction_selected,M1,0.1,btc_vol,593,estimated,-1247.9458158715909,-2.2448940657038565
full_macro,all,12,ae_reconstruction_selected,M1,0.1,btc_ret,593,estimated,-140.63706011817226,-1.0104085856456153
full_macro,all,12,ae_reconstruction_selected,M1,0.1,vixy_ret,593,estimated,52.97843512272719,1.2492455880839555
full_macro,all,12,ae_reconstruction_selected,M1,0.5,e_origin,593,estimated,0.941625231324552,43.6494346358075
full_macro,all,12,ae_reconstruction_selected,M1,0.5,downside,593,estimated,203703.10632628849,2.7423603592145804
full_macro,all,12,ae_reconstruction_selected,M1,0.5,dxy_ret,593,estimated,-548.4339704636226,-0.5288092618334237
full_macro,all,12,ae_reconstruction_selected,M1,0.5,fx_ret,593,estimated,-341.2315054004936,-0.44541744096064884
full_macro,all,12,ae_reconstruction_selected,M1,0.5,btc_vol,593,estimated,-730.4146553160695,-1.3139220504353146
full_macro,all,12,ae_reconstruction_selected,M1,0.5,btc_ret,593,estimated,-27.53517533457177,-0.19782678578413865
full_macro,all,12,ae_reconstruction_selected,M1,0.5,vixy_ret,593,estimated,16.413057996341266,0.38702427207215556
full_macro,all,12,ae_reconstruction_selected,M1,0.9,e_origin,593,estimated,1.240896899623846,57.522299008190316
full_macro,all,12,ae_reconstruction_selected,M1,0.9,downside,593,estimated,438831.85451096774,5.907789546634867
full_macro,all,12,ae_reconstruction_selected,M1,0.9,dxy_ret,593,estimated,278.8280690479449,0.26885071551464507
full_macro,all,12,ae_reconstruction_selected,M1,0.9,fx_ret,593,estimated,-1035.2923193317615,-1.3513912057497286
full_macro,all,12,ae_reconstruction_selected,M1,0.9,btc_vol,593,estimated,-1104.7727877366442,-1.987344196838344
full_macro,all,12,ae_reconstruction_selected,M1,0.9,btc_ret,593,estimated,34.25498528354889,0.2461053381134331
full_macro,all,12,ae_reconstruction_selected,M1,0.9,vixy_ret,593,estimated,42.39421408561158,0.9996668414997657
full_macro,all,12,ae_reconstruction_selected,M2,0.1,e_origin,593,estimated,0.709233608003742,32.87682294847834
full_macro,all,12,ae_reconstruction_selected,M2,0.1,downside,593,estimated,128727.08696178226,1.732993015215507
full_macro,all,12,ae_reconstruction_selected,M2,0.1,dxy_ret,593,estimated,-1340.6497081169177,-1.2926770052686343
full_macro,all,12,ae_reconstruction_selected,M2,0.1,fx_ret,593,estimated,721.1949273212259,0.9413925557201991
full_macro,all,12,ae_reconstruction_selected,M2,0.1,btc_vol,593,estimated,-1475.0492476229172,-2.6534239391611125
full_macro,all,12,ae_reconstruction_selected,M2,0.1,btc_ret,593,estimated,-88.46189943124459,-0.6355555400030651
full_macro,all,12,ae_reconstruction_selected,M2,0.1,vixy_ret,593,estimated,58.22563534844613,1.3729759647284796
full_macro,all,12,ae_reconstruction_selected,M2,0.1,account_ls,593,estimated,-1.582799604751073,-0.9050972854179778
full_macro,all,12,ae_reconstruction_selected,M2,0.5,e_origin,593,estimated,0.9408770765982452,43.61475360800893
full_macro,all,12,ae_reconstruction_selected,M2,0.5,downside,593,estimated,205538.77661877763,2.767073136223717
full_macro,all,12,ae_reconstruction_selected,M2,0.5,dxy_ret,593,estimated,-513.2615765426972,-0.49489544783223094
full_macro,all,12,ae_reconstruction_selected,M2,0.5,fx_ret,593,estimated,-288.68126422748185,-0.3768223857717209
full_macro,all,12,ae_reconstruction_selected,M2,0.5,btc_vol,593,estimated,-772.5675316438078,-1.3897496550612396
full_macro,all,12,ae_reconstruction_selected,M2,0.5,btc_ret,593,estimated,-26.70848843721496,-0.19188744420498313
full_macro,all,12,ae_reconstruction_selected,M2,0.5,vixy_ret,593,estimated,18.567785747557384,0.4378333254255275
full_macro,all,12,ae_reconstruction_selected,M2,0.5,account_ls,593,estimated,0.25695297507349907,0.14693422940023618
full_macro,all,12,ae_reconstruction_selected,M2,0.9,e_origin,593,estimated,1.2407216905742184,57.514177118817656
full_macro,all,12,ae_reconstruction_selected,M2,0.9,downside,593,estimated,461823.7052884086,6.217318160577726
full_macro,all,12,ae_reconstruction_selected,M2,0.9,dxy_ret,593,estimated,198.4849491735514,0.19138252754252455
full_macro,all,12,ae_reconstruction_selected,M2,0.9,fx_ret,593,estimated,-1088.16617014859,-1.420408676152779
full_macro,all,12,ae_reconstruction_selected,M2,0.9,btc_vol,593,estimated,-1175.531518104195,-2.1146300548288313
full_macro,all,12,ae_reconstruction_selected,M2,0.9,btc_ret,593,estimated,8.292545839588916,0.05957789153257338
full_macro,all,12,ae_reconstruction_selected,M2,0.9,vixy_ret,593,estimated,29.469271871991182,0.6948932671350011
full_macro,all,12,ae_reconstruction_selected,M2,0.9,account_ls,593,estimated,-2.043332907163563,-1.1684454948861471
full_macro,matched,12,sequential_ols,M0,,,0,insufficient,,
full_macro,matched,12,sequential_ols,M1,,,0,insufficient,,
full_macro,matched,12,sequential_ols,M2,,,0,insufficient,,
full_macro,matched,12,pca_1,M0,,,0,insufficient,,
full_macro,matched,12,pca_1,M1,,,0,insufficient,,
full_macro,matched,12,pca_1,M2,,,0,insufficient,,
full_macro,matched,12,pca_2,M0,,,0,insufficient,,
full_macro,matched,12,pca_2,M1,,,0,insufficient,,
full_macro,matched,12,pca_2,M2,,,0,insufficient,,
full_macro,matched,12,conditional_linear,M0,,,0,insufficient,,
full_macro,matched,12,conditional_linear,M1,,,0,insufficient,,
full_macro,matched,12,conditional_linear,M2,,,0,insufficient,,
full_macro,matched,12,ae_relu_1,M0,,,0,insufficient,,
full_macro,matched,12,ae_relu_1,M1,,,0,insufficient,,
full_macro,matched,12,ae_relu_1,M2,,,0,insufficient,,
full_macro,matched,12,ae_relu_2,M0,,,0,insufficient,,
full_macro,matched,12,ae_relu_2,M1,,,0,insufficient,,
full_macro,matched,12,ae_relu_2,M2,,,0,insufficient,,
full_macro,matched,12,ae_tanh_1,M0,,,0,insufficient,,
full_macro,matched,12,ae_tanh_1,M1,,,0,insufficient,,
full_macro,matched,12,ae_tanh_1,M2,,,0,insufficient,,
full_macro,matched,12,ae_tanh_2,M0,,,0,insufficient,,
full_macro,matched,12,ae_tanh_2,M1,,,0,insufficient,,
full_macro,matched,12,ae_tanh_2,M2,,,0,insufficient,,
full_macro,matched,12,conditional_neural,M0,,,0,insufficient,,
full_macro,matched,12,conditional_neural,M1,,,0,insufficient,,
full_macro,matched,12,conditional_neural,M2,,,0,insufficient,,
full_macro,matched,12,pca_selected,M0,,,0,insufficient,,
full_macro,matched,12,pca_selected,M1,,,0,insufficient,,
full_macro,matched,12,pca_selected,M2,,,0,insufficient,,
full_macro,matched,12,ae_selected,M0,,,0,insufficient,,
full_macro,matched,12,ae_selected,M1,,,0,insufficient,,
full_macro,matched,12,ae_selected,M2,,,0,insufficient,,
full_macro,matched,12,ae_reconstruction_selected,M0,,,0,insufficient,,
full_macro,matched,12,ae_reconstruction_selected,M1,,,0,insufficient,,
full_macro,matched,12,ae_reconstruction_selected,M2,,,0,insufficient,,
