month,method,feature,bin,n,residual_mean_bp,cuts,scenario
2025-08,sequential_ols,m,0,24,0.7638509849471955,"[-126.50664618745843, -41.40261622423078, 63.826953282859215, 136.6620644165647]",clock_UTC_quote
2025-08,sequential_ols,m,1,71,1.18381815469629,"[-126.50664618745843, -41.40261622423078, 63.826953282859215, 136.6620644165647]",clock_UTC_quote
2025-08,sequential_ols,m,2,178,2.1170196539343897,"[-126.50664618745843, -41.40261622423078, 63.826953282859215, 136.6620644165647]",clock_UTC_quote
2025-08,sequential_ols,m,3,76,-0.0955702100169894,"[-126.50664618745843, -41.40261622423078, 63.826953282859215, 136.6620644165647]",clock_UTC_quote
2025-08,sequential_ols,m,4,8,-3.0416521255155224,"[-126.50664618745843, -41.40261622423078, 63.826953282859215, 136.6620644165647]",clock_UTC_quote
2025-08,sequential_ols,g,0,167,2.9201815930462334,"[1.9999999999997797, 2.9999999999996696, 3.9999999999995595, 6.000000000000449]",clock_UTC_quote
2025-08,sequential_ols,g,1,83,1.3174475219461732,"[1.9999999999997797, 2.9999999999996696, 3.9999999999995595, 6.000000000000449]",clock_UTC_quote
2025-08,sequential_ols,g,2,34,1.363364490961643,"[1.9999999999997797, 2.9999999999996696, 3.9999999999995595, 6.000000000000449]",clock_UTC_quote
2025-08,sequential_ols,g,3,36,0.0623634680894981,"[1.9999999999997797, 2.9999999999996696, 3.9999999999995595, 6.000000000000449]",clock_UTC_quote
2025-08,sequential_ols,g,4,37,-5.351391617489078,"[1.9999999999997797, 2.9999999999996696, 3.9999999999995595, 6.000000000000449]",clock_UTC_quote
2025-08,pca_1,m,0,24,0.7675983167882047,"[-126.50664618745843, -41.40261622423078, 63.826953282859215, 136.6620644165647]",clock_UTC_quote
2025-08,pca_1,m,1,71,1.1825939830160104,"[-126.50664618745843, -41.40261622423078, 63.826953282859215, 136.6620644165647]",clock_UTC_quote
2025-08,pca_1,m,2,178,2.1142437718344653,"[-126.50664618745843, -41.40261622423078, 63.826953282859215, 136.6620644165647]",clock_UTC_quote
2025-08,pca_1,m,3,76,-0.0957599551750236,"[-126.50664618745843, -41.40261622423078, 63.826953282859215, 136.6620644165647]",clock_UTC_quote
2025-08,pca_1,m,4,8,-3.032825385568259,"[-126.50664618745843, -41.40261622423078, 63.826953282859215, 136.6620644165647]",clock_UTC_quote
2025-08,pca_1,g,0,167,2.918699218133592,"[1.9999999999997797, 2.9999999999996696, 3.9999999999995595, 6.000000000000449]",clock_UTC_quote
2025-08,pca_1,g,1,83,1.3151988227234783,"[1.9999999999997797, 2.9999999999996696, 3.9999999999995595, 6.000000000000449]",clock_UTC_quote
2025-08,pca_1,g,2,34,1.3600809545273322,"[1.9999999999997797, 2.9999999999996696, 3.9999999999995595, 6.000000000000449]",clock_UTC_quote
2025-08,pca_1,g,3,36,0.061125595205097,"[1.9999999999997797, 2.9999999999996696, 3.9999999999995595, 6.000000000000449]",clock_UTC_quote
2025-08,pca_1,g,4,37,-5.347188688917048,"[1.9999999999997797, 2.9999999999996696, 3.9999999999995595, 6.000000000000449]",clock_UTC_quote
2025-08,pca_2,m,0,24,1.5843483709087198,"[-126.50664618745843, -41.40261622423078, 63.826953282859215, 136.6620644165647]",clock_UTC_quote
2025-08,pca_2,m,1,71,-0.5322582772028216,"[-126.50664618745843, -41.40261622423078, 63.826953282859215, 136.6620644165647]",clock_UTC_quote
2025-08,pca_2,m,2,178,-0.1707279022072766,"[-126.50664618745843, -41.40261622423078, 63.826953282859215, 136.6620644165647]",clock_UTC_quote
2025-08,pca_2,m,3,76,1.9794530273675504,"[-126.50664618745843, -41.40261622423078, 63.826953282859215, 136.6620644165647]",clock_UTC_quote
2025-08,pca_2,m,4,8,4.582844401915583,"[-126.50664618745843, -41.40261622423078, 63.826953282859215, 136.6620644165647]",clock_UTC_quote
2025-08,pca_2,g,0,167,2.02959648156952,"[1.9999999999997797, 2.9999999999996696, 3.9999999999995595, 6.000000000000449]",clock_UTC_quote
2025-08,pca_2,g,1,83,-0.0081978808584732,"[1.9999999999997797, 2.9999999999996696, 3.9999999999995595, 6.000000000000449]",clock_UTC_quote
2025-08,pca_2,g,2,34,-0.6567819793253392,"[1.9999999999997797, 2.9999999999996696, 3.9999999999995595, 6.000000000000449]",clock_UTC_quote
2025-08,pca_2,g,3,36,0.2532697176433661,"[1.9999999999997797, 2.9999999999996696, 3.9999999999995595, 6.000000000000449]",clock_UTC_quote
2025-08,pca_2,g,4,37,-4.5433424034103815,"[1.9999999999997797, 2.9999999999996696, 3.9999999999995595, 6.000000000000449]",clock_UTC_quote
2025-08,conditional_linear,m,0,24,-1.831897454014087,"[-126.50664618745843, -41.40261622423078, 63.826953282859215, 136.6620644165647]",clock_UTC_quote
2025-08,conditional_linear,m,1,71,-1.277922507336601,"[-126.50664618745843, -41.40261622423078, 63.826953282859215, 136.6620644165647]",clock_UTC_quote
2025-08,conditional_linear,m,2,178,2.984734017525482,"[-126.50664618745843, -41.40261622423078, 63.826953282859215, 136.6620644165647]",clock_UTC_quote
2025-08,conditional_linear,m,3,76,2.630017908046423,"[-126.50664618745843, -41.40261622423078, 63.826953282859215, 136.6620644165647]",clock_UTC_quote
2025-08,conditional_linear,m,4,8,5.935233510185633,"[-126.50664618745843, -41.40261622423078, 63.826953282859215, 136.6620644165647]",clock_UTC_quote
2025-08,conditional_linear,g,0,167,2.789141367184232,"[1.9999999999997797, 2.9999999999996696, 3.9999999999995595, 6.000000000000449]",clock_UTC_quote
2025-08,conditional_linear,g,1,83,2.555732637398329,"[1.9999999999997797, 2.9999999999996696, 3.9999999999995595, 6.000000000000449]",clock_UTC_quote
2025-08,conditional_linear,g,2,34,2.037133779665906,"[1.9999999999997797, 2.9999999999996696, 3.9999999999995595, 6.000000000000449]",clock_UTC_quote
2025-08,conditional_linear,g,3,36,-0.5186736055656387,"[1.9999999999997797, 2.9999999999996696, 3.9999999999995595, 6.000000000000449]",clock_UTC_quote
2025-08,conditional_linear,g,4,37,-2.2852667199133405,"[1.9999999999997797, 2.9999999999996696, 3.9999999999995595, 6.000000000000449]",clock_UTC_quote
2025-08,ae_relu_1,m,0,24,0.7676963596254319,"[-126.50664618745843, -41.40261622423078, 63.826953282859215, 136.6620644165647]",clock_UTC_quote
2025-08,ae_relu_1,m,1,71,1.1825503511837423,"[-126.50664618745843, -41.40261622423078, 63.826953282859215, 136.6620644165647]",clock_UTC_quote
2025-08,ae_relu_1,m,2,178,2.114143045548538,"[-126.50664618745843, -41.40261622423078, 63.826953282859215, 136.6620644165647]",clock_UTC_quote
2025-08,ae_relu_1,m,3,76,-0.0958009674952566,"[-126.50664618745843, -41.40261622423078, 63.826953282859215, 136.6620644165647]",clock_UTC_quote
2025-08,ae_relu_1,m,4,8,-3.032774892550364,"[-126.50664618745843, -41.40261622423078, 63.826953282859215, 136.6620644165647]",clock_UTC_quote
2025-08,ae_relu_1,g,0,167,2.9186255920686217,"[1.9999999999997797, 2.9999999999996696, 3.9999999999995595, 6.000000000000449]",clock_UTC_quote
2025-08,ae_relu_1,g,1,83,1.3150994354422747,"[1.9999999999997797, 2.9999999999996696, 3.9999999999995595, 6.000000000000449]",clock_UTC_quote
2025-08,ae_relu_1,g,2,34,1.3599729734447357,"[1.9999999999997797, 2.9999999999996696, 3.9999999999995595, 6.000000000000449]",clock_UTC_quote
2025-08,ae_relu_1,g,3,36,0.0611054278287561,"[1.9999999999997797, 2.9999999999996696, 3.9999999999995595, 6.000000000000449]",clock_UTC_quote
2025-08,ae_relu_1,g,4,37,-5.347092608472203,"[1.9999999999997797, 2.9999999999996696, 3.9999999999995595, 6.000000000000449]",clock_UTC_quote
2025-08,ae_relu_2,m,0,24,0.9892627833851784,"[-126.50664618745843, -41.40261622423078, 63.826953282859215, 136.6620644165647]",clock_UTC_quote
2025-08,ae_relu_2,m,1,71,0.9938983122401044,"[-126.50664618745843, -41.40261622423078, 63.826953282859215, 136.6620644165647]",clock_UTC_quote
2025-08,ae_relu_2,m,2,178,1.8038688602994453,"[-126.50664618745843, -41.40261622423078, 63.826953282859215, 136.6620644165647]",clock_UTC_quote
2025-08,ae_relu_2,m,3,76,-0.3067873117827464,"[-126.50664618745843, -41.40261622423078, 63.826953282859215, 136.6620644165647]",clock_UTC_quote
2025-08,ae_relu_2,m,4,8,-3.027845724974558,"[-126.50664618745843, -41.40261622423078, 63.826953282859215, 136.6620644165647]",clock_UTC_quote
2025-08,ae_relu_2,g,0,167,2.5393408318909896,"[1.9999999999997797, 2.9999999999996696, 3.9999999999995595, 6.000000000000449]",clock_UTC_quote
2025-08,ae_relu_2,g,1,83,0.9572352536024736,"[1.9999999999997797, 2.9999999999996696, 3.9999999999995595, 6.000000000000449]",clock_UTC_quote
2025-08,ae_relu_2,g,2,34,1.0854901502283514,"[1.9999999999997797, 2.9999999999996696, 3.9999999999995595, 6.000000000000449]",clock_UTC_quote
2025-08,ae_relu_2,g,3,36,0.2230649633285445,"[1.9999999999997797, 2.9999999999996696, 3.9999999999995595, 6.000000000000449]",clock_UTC_quote
2025-08,ae_relu_2,g,4,37,-4.881035301461737,"[1.9999999999997797, 2.9999999999996696, 3.9999999999995595, 6.000000000000449]",clock_UTC_quote
2025-08,ae_tanh_1,m,0,24,-4.1393516415927065,"[-126.50664618745843, -41.40261622423078, 63.826953282859215, 136.6620644165647]",clock_UTC_quote
2025-08,ae_tanh_1,m,1,71,-0.6996711375820355,"[-126.50664618745843, -41.40261622423078, 63.826953282859215, 136.6620644165647]",clock_UTC_quote
2025-08,ae_tanh_1,m,2,178,5.751663574731047,"[-126.50664618745843, -41.40261622423078, 63.826953282859215, 136.6620644165647]",clock_UTC_quote
2025-08,ae_tanh_1,m,3,76,4.149307570481779,"[-126.50664618745843, -41.40261622423078, 63.826953282859215, 136.6620644165647]",clock_UTC_quote
2025-08,ae_tanh_1,m,4,8,-6.612213923117892,"[-126.50664618745843, -41.40261622423078, 63.826953282859215, 136.6620644165647]",clock_UTC_quote
2025-08,ae_tanh_1,g,0,167,4.14030111884141,"[1.9999999999997797, 2.9999999999996696, 3.9999999999995595, 6.000000000000449]",clock_UTC_quote
2025-08,ae_tanh_1,g,1,83,3.4248441996228784,"[1.9999999999997797, 2.9999999999996696, 3.9999999999995595, 6.000000000000449]",clock_UTC_quote
2025-08,ae_tanh_1,g,2,34,3.4116538380811328,"[1.9999999999997797, 2.9999999999996696, 3.9999999999995595, 6.000000000000449]",clock_UTC_quote
2025-08,ae_tanh_1,g,3,36,0.6608986759555546,"[1.9999999999997797, 2.9999999999996696, 3.9999999999995595, 6.000000000000449]",clock_UTC_quote
2025-08,ae_tanh_1,g,4,37,0.5876689692669251,"[1.9999999999997797, 2.9999999999996696, 3.9999999999995595, 6.000000000000449]",clock_UTC_quote
2025-08,ae_tanh_2,m,0,24,-3.354073953993177,"[-126.50664618745843, -41.40261622423078, 63.826953282859215, 136.6620644165647]",clock_UTC_quote
2025-08,ae_tanh_2,m,1,71,-1.47639679140824,"[-126.50664618745843, -41.40261622423078, 63.826953282859215, 136.6620644165647]",clock_UTC_quote
2025-08,ae_tanh_2,m,2,178,4.742111479330249,"[-126.50664618745843, -41.40261622423078, 63.826953282859215, 136.6620644165647]",clock_UTC_quote
2025-08,ae_tanh_2,m,3,76,5.024656783468539,"[-126.50664618745843, -41.40261622423078, 63.826953282859215, 136.6620644165647]",clock_UTC_quote
2025-08,ae_tanh_2,m,4,8,-3.671743945989366,"[-126.50664618745843, -41.40261622423078, 63.826953282859215, 136.6620644165647]",clock_UTC_quote
2025-08,ae_tanh_2,g,0,167,4.605376243152461,"[1.9999999999997797, 2.9999999999996696, 3.9999999999995595, 6.000000000000449]",clock_UTC_quote
2025-08,ae_tanh_2,g,1,83,3.352382117610498,"[1.9999999999997797, 2.9999999999996696, 3.9999999999995595, 6.000000000000449]",clock_UTC_quote
2025-08,ae_tanh_2,g,2,34,2.9489088125873764,"[1.9999999999997797, 2.9999999999996696, 3.9999999999995595, 6.000000000000449]",clock_UTC_quote
2025-08,ae_tanh_2,g,3,36,-1.082805040407522,"[1.9999999999997797, 2.9999999999996696, 3.9999999999995595, 6.000000000000449]",clock_UTC_quote
2025-08,ae_tanh_2,g,4,37,-2.631178549480413,"[1.9999999999997797, 2.9999999999996696, 3.9999999999995595, 6.000000000000449]",clock_UTC_quote
2025-08,conditional_neural,m,0,24,1.863659293348914,"[-126.50664618745843, -41.40261622423078, 63.826953282859215, 136.6620644165647]",clock_UTC_quote
2025-08,conditional_neural,m,1,71,1.1148829957792123,"[-126.50664618745843, -41.40261622423078, 63.826953282859215, 136.6620644165647]",clock_UTC_quote
2025-08,conditional_neural,m,2,178,1.7998042251244275,"[-126.50664618745843, -41.40261622423078, 63.826953282859215, 136.6620644165647]",clock_UTC_quote
2025-08,conditional_neural,m,3,76,-0.8522383342110998,"[-126.50664618745843, -41.40261622423078, 63.826953282859215, 136.6620644165647]",clock_UTC_quote
2025-08,conditional_neural,m,4,8,0.1320478264252074,"[-126.50664618745843, -41.40261622423078, 63.826953282859215, 136.6620644165647]",clock_UTC_quote
2025-08,conditional_neural,g,0,167,2.102024371567459,"[1.9999999999997797, 2.9999999999996696, 3.9999999999995595, 6.000000000000449]",clock_UTC_quote
2025-08,conditional_neural,g,1,83,1.2395878995237155,"[1.9999999999997797, 2.9999999999996696, 3.9999999999995595, 6.000000000000449]",clock_UTC_quote
2025-08,conditional_neural,g,2,34,1.1347706109988152,"[1.9999999999997797, 2.9999999999996696, 3.9999999999995595, 6.000000000000449]",clock_UTC_quote
2025-08,conditional_neural,g,3,36,0.9834520786809056,"[1.9999999999997797, 2.9999999999996696, 3.9999999999995595, 6.000000000000449]",clock_UTC_quote
2025-08,conditional_neural,g,4,37,-3.9830920079595176,"[1.9999999999997797, 2.9999999999996696, 3.9999999999995595, 6.000000000000449]",clock_UTC_quote
2025-08,pca_selected,m,0,24,0.7675983167882047,"[-126.50664618745843, -41.40261622423078, 63.826953282859215, 136.6620644165647]",clock_UTC_quote
2025-08,pca_selected,m,1,71,1.1825939830160104,"[-126.50664618745843, -41.40261622423078, 63.826953282859215, 136.6620644165647]",clock_UTC_quote
2025-08,pca_selected,m,2,178,2.1142437718344653,"[-126.50664618745843, -41.40261622423078, 63.826953282859215, 136.6620644165647]",clock_UTC_quote
2025-08,pca_selected,m,3,76,-0.0957599551750236,"[-126.50664618745843, -41.40261622423078, 63.826953282859215, 136.6620644165647]",clock_UTC_quote
2025-08,pca_selected,m,4,8,-3.032825385568259,"[-126.50664618745843, -41.40261622423078, 63.826953282859215, 136.6620644165647]",clock_UTC_quote
2025-08,pca_selected,g,0,167,2.918699218133592,"[1.9999999999997797, 2.9999999999996696, 3.9999999999995595, 6.000000000000449]",clock_UTC_quote
2025-08,pca_selected,g,1,83,1.3151988227234783,"[1.9999999999997797, 2.9999999999996696, 3.9999999999995595, 6.000000000000449]",clock_UTC_quote
2025-08,pca_selected,g,2,34,1.3600809545273322,"[1.9999999999997797, 2.9999999999996696, 3.9999999999995595, 6.000000000000449]",clock_UTC_quote
2025-08,pca_selected,g,3,36,0.061125595205097,"[1.9999999999997797, 2.9999999999996696, 3.9999999999995595, 6.000000000000449]",clock_UTC_quote
2025-08,pca_selected,g,4,37,-5.347188688917048,"[1.9999999999997797, 2.9999999999996696, 3.9999999999995595, 6.000000000000449]",clock_UTC_quote
2025-08,ae_selected,m,0,24,0.7676963596254319,"[-126.50664618745843, -41.40261622423078, 63.826953282859215, 136.6620644165647]",clock_UTC_quote
2025-08,ae_selected,m,1,71,1.1825503511837423,"[-126.50664618745843, -41.40261622423078, 63.826953282859215, 136.6620644165647]",clock_UTC_quote
2025-08,ae_selected,m,2,178,2.114143045548538,"[-126.50664618745843, -41.40261622423078, 63.826953282859215, 136.6620644165647]",clock_UTC_quote
2025-08,ae_selected,m,3,76,-0.0958009674952566,"[-126.50664618745843, -41.40261622423078, 63.826953282859215, 136.6620644165647]",clock_UTC_quote
2025-08,ae_selected,m,4,8,-3.032774892550364,"[-126.50664618745843, -41.40261622423078, 63.826953282859215, 136.6620644165647]",clock_UTC_quote
2025-08,ae_selected,g,0,167,2.9186255920686217,"[1.9999999999997797, 2.9999999999996696, 3.9999999999995595, 6.000000000000449]",clock_UTC_quote
2025-08,ae_selected,g,1,83,1.3150994354422747,"[1.9999999999997797, 2.9999999999996696, 3.9999999999995595, 6.000000000000449]",clock_UTC_quote
2025-08,ae_selected,g,2,34,1.3599729734447357,"[1.9999999999997797, 2.9999999999996696, 3.9999999999995595, 6.000000000000449]",clock_UTC_quote
2025-08,ae_selected,g,3,36,0.0611054278287561,"[1.9999999999997797, 2.9999999999996696, 3.9999999999995595, 6.000000000000449]",clock_UTC_quote
2025-08,ae_selected,g,4,37,-5.347092608472203,"[1.9999999999997797, 2.9999999999996696, 3.9999999999995595, 6.000000000000449]",clock_UTC_quote
2025-08,ae_reconstruction_selected,m,0,24,0.7676963596254319,"[-126.50664618745843, -41.40261622423078, 63.826953282859215, 136.6620644165647]",clock_UTC_quote
2025-08,ae_reconstruction_selected,m,1,71,1.1825503511837423,"[-126.50664618745843, -41.40261622423078, 63.826953282859215, 136.6620644165647]",clock_UTC_quote
2025-08,ae_reconstruction_selected,m,2,178,2.114143045548538,"[-126.50664618745843, -41.40261622423078, 63.826953282859215, 136.6620644165647]",clock_UTC_quote
2025-08,ae_reconstruction_selected,m,3,76,-0.0958009674952566,"[-126.50664618745843, -41.40261622423078, 63.826953282859215, 136.6620644165647]",clock_UTC_quote
2025-08,ae_reconstruction_selected,m,4,8,-3.032774892550364,"[-126.50664618745843, -41.40261622423078, 63.826953282859215, 136.6620644165647]",clock_UTC_quote
2025-08,ae_reconstruction_selected,g,0,167,2.9186255920686217,"[1.9999999999997797, 2.9999999999996696, 3.9999999999995595, 6.000000000000449]",clock_UTC_quote
2025-08,ae_reconstruction_selected,g,1,83,1.3150994354422747,"[1.9999999999997797, 2.9999999999996696, 3.9999999999995595, 6.000000000000449]",clock_UTC_quote
2025-08,ae_reconstruction_selected,g,2,34,1.3599729734447357,"[1.9999999999997797, 2.9999999999996696, 3.9999999999995595, 6.000000000000449]",clock_UTC_quote
2025-08,ae_reconstruction_selected,g,3,36,0.0611054278287561,"[1.9999999999997797, 2.9999999999996696, 3.9999999999995595, 6.000000000000449]",clock_UTC_quote
2025-08,ae_reconstruction_selected,g,4,37,-5.347092608472203,"[1.9999999999997797, 2.9999999999996696, 3.9999999999995595, 6.000000000000449]",clock_UTC_quote
2025-09,sequential_ols,m,1,43,1.1736816116068676,"[-111.77033250585522, -18.791084915962266, 50.55019301740904, 110.02482053949603]",clock_UTC_quote
2025-09,sequential_ols,m,2,151,0.047031693295258,"[-111.77033250585522, -18.791084915962266, 50.55019301740904, 110.02482053949603]",clock_UTC_quote
2025-09,sequential_ols,m,3,66,-0.4706043358024347,"[-111.77033250585522, -18.791084915962266, 50.55019301740904, 110.02482053949603]",clock_UTC_quote
2025-09,sequential_ols,m,4,114,1.63358813431238,"[-111.77033250585522, -18.791084915962266, 50.55019301740904, 110.02482053949603]",clock_UTC_quote
2025-09,sequential_ols,g,0,9,0.737371104945416,"[0.9999999999998899, 1.9999999999997797, 3.9999999999995595, 4.999999999999449]",clock_UTC_quote
2025-09,sequential_ols,g,1,60,1.0173688693221077,"[0.9999999999998899, 1.9999999999997797, 3.9999999999995595, 4.999999999999449]",clock_UTC_quote
2025-09,sequential_ols,g,2,80,0.1113783999326531,"[0.9999999999998899, 1.9999999999997797, 3.9999999999995595, 4.999999999999449]",clock_UTC_quote
2025-09,sequential_ols,g,3,70,1.1932536541646117,"[0.9999999999998899, 1.9999999999997797, 3.9999999999995595, 4.999999999999449]",clock_UTC_quote
2025-09,sequential_ols,g,4,155,0.3395016531958687,"[0.9999999999998899, 1.9999999999997797, 3.9999999999995595, 4.999999999999449]",clock_UTC_quote
2025-09,pca_1,m,1,43,1.168426632129485,"[-111.77033250585522, -18.791084915962266, 50.55019301740904, 110.02482053949603]",clock_UTC_quote
2025-09,pca_1,m,2,151,0.046228917185064,"[-111.77033250585522, -18.791084915962266, 50.55019301740904, 110.02482053949603]",clock_UTC_quote
2025-09,pca_1,m,3,66,-0.461343512120883,"[-111.77033250585522, -18.791084915962266, 50.55019301740904, 110.02482053949603]",clock_UTC_quote
2025-09,pca_1,m,4,114,1.633154796186679,"[-111.77033250585522, -18.791084915962266, 50.55019301740904, 110.02482053949603]",clock_UTC_quote
2025-09,pca_1,g,0,9,0.7400525777454957,"[0.9999999999998899, 1.9999999999997797, 3.9999999999995595, 4.999999999999449]",clock_UTC_quote
2025-09,pca_1,g,1,60,1.014473761542227,"[0.9999999999998899, 1.9999999999997797, 3.9999999999995595, 4.999999999999449]",clock_UTC_quote
2025-09,pca_1,g,2,80,0.1126470774144147,"[0.9999999999998899, 1.9999999999997797, 3.9999999999995595, 4.999999999999449]",clock_UTC_quote
2025-09,pca_1,g,3,70,1.1908136133026488,"[0.9999999999998899, 1.9999999999997797, 3.9999999999995595, 4.999999999999449]",clock_UTC_quote
2025-09,pca_1,g,4,155,0.342298507259574,"[0.9999999999998899, 1.9999999999997797, 3.9999999999995595, 4.999999999999449]",clock_UTC_quote
2025-09,pca_2,m,1,43,0.3071456589122949,"[-111.77033250585522, -18.791084915962266, 50.55019301740904, 110.02482053949603]",clock_UTC_quote
2025-09,pca_2,m,2,151,-0.1743749074832676,"[-111.77033250585522, -18.791084915962266, 50.55019301740904, 110.02482053949603]",clock_UTC_quote
2025-09,pca_2,m,3,66,0.4827578729391075,"[-111.77033250585522, -18.791084915962266, 50.55019301740904, 110.02482053949603]",clock_UTC_quote
2025-09,pca_2,m,4,114,1.8141747505476,"[-111.77033250585522, -18.791084915962266, 50.55019301740904, 110.02482053949603]",clock_UTC_quote
2025-09,pca_2,g,0,9,0.2303888922763192,"[0.9999999999998899, 1.9999999999997797, 3.9999999999995595, 4.999999999999449]",clock_UTC_quote
2025-09,pca_2,g,1,60,0.6460252183825242,"[0.9999999999998899, 1.9999999999997797, 3.9999999999995595, 4.999999999999449]",clock_UTC_quote
2025-09,pca_2,g,2,80,0.3339045102729955,"[0.9999999999998899, 1.9999999999997797, 3.9999999999995595, 4.999999999999449]",clock_UTC_quote
2025-09,pca_2,g,3,70,0.8985999708833255,"[0.9999999999998899, 1.9999999999997797, 3.9999999999995595, 4.999999999999449]",clock_UTC_quote
2025-09,pca_2,g,4,155,0.6135820745971098,"[0.9999999999998899, 1.9999999999997797, 3.9999999999995595, 4.999999999999449]",clock_UTC_quote
2025-09,conditional_linear,m,1,43,1.2729613078603617,"[-111.77033250585522, -18.791084915962266, 50.55019301740904, 110.02482053949603]",clock_UTC_quote
2025-09,conditional_linear,m,2,151,0.5765973115774384,"[-111.77033250585522, -18.791084915962266, 50.55019301740904, 110.02482053949603]",clock_UTC_quote
2025-09,conditional_linear,m,3,66,1.178684956819991,"[-111.77033250585522, -18.791084915962266, 50.55019301740904, 110.02482053949603]",clock_UTC_quote
2025-09,conditional_linear,m,4,114,5.905953135186076,"[-111.77033250585522, -18.791084915962266, 50.55019301740904, 110.02482053949603]",clock_UTC_quote
2025-09,conditional_linear,g,0,9,0.6486397202645912,"[0.9999999999998899, 1.9999999999997797, 3.9999999999995595, 4.999999999999449]",clock_UTC_quote
2025-09,conditional_linear,g,1,60,1.01595126360272,"[0.9999999999998899, 1.9999999999997797, 3.9999999999995595, 4.999999999999449]",clock_UTC_quote
2025-09,conditional_linear,g,2,80,1.042305109667499,"[0.9999999999998899, 1.9999999999997797, 3.9999999999995595, 4.999999999999449]",clock_UTC_quote
2025-09,conditional_linear,g,3,70,2.470312617955093,"[0.9999999999998899, 1.9999999999997797, 3.9999999999995595, 4.999999999999449]",clock_UTC_quote
2025-09,conditional_linear,g,4,155,3.6759630291530314,"[0.9999999999998899, 1.9999999999997797, 3.9999999999995595, 4.999999999999449]",clock_UTC_quote
2025-09,ae_relu_1,m,1,43,1.1682798765315865,"[-111.77033250585522, -18.791084915962266, 50.55019301740904, 110.02482053949603]",clock_UTC_quote
2025-09,ae_relu_1,m,2,151,0.0461554276135934,"[-111.77033250585522, -18.791084915962266, 50.55019301740904, 110.02482053949603]",clock_UTC_quote
2025-09,ae_relu_1,m,3,66,-0.4612768607938513,"[-111.77033250585522, -18.791084915962266, 50.55019301740904, 110.02482053949603]",clock_UTC_quote
2025-09,ae_relu_1,m,4,114,1.632869187152411,"[-111.77033250585522, -18.791084915962266, 50.55019301740904, 110.02482053949603]",clock_UTC_quote
2025-09,ae_relu_1,g,0,9,0.7400460971512032,"[0.9999999999998899, 1.9999999999997797, 3.9999999999995595, 4.999999999999449]",clock_UTC_quote
2025-09,ae_relu_1,g,1,60,1.0143709966761822,"[0.9999999999998899, 1.9999999999997797, 3.9999999999995595, 4.999999999999449]",clock_UTC_quote
2025-09,ae_relu_1,g,2,80,0.1126065071610487,"[0.9999999999998899, 1.9999999999997797, 3.9999999999995595, 4.999999999999449]",clock_UTC_quote
2025-09,ae_relu_1,g,3,70,1.190636108574983,"[0.9999999999998899, 1.9999999999997797, 3.9999999999995595, 4.999999999999449]",clock_UTC_quote
2025-09,ae_relu_1,g,4,155,0.3421457802285615,"[0.9999999999998899, 1.9999999999997797, 3.9999999999995595, 4.999999999999449]",clock_UTC_quote
2025-09,ae_relu_2,m,1,43,0.9111325909086748,"[-111.77033250585522, -18.791084915962266, 50.55019301740904, 110.02482053949603]",clock_UTC_quote
2025-09,ae_relu_2,m,2,151,-0.1411081666399018,"[-111.77033250585522, -18.791084915962266, 50.55019301740904, 110.02482053949603]",clock_UTC_quote
2025-09,ae_relu_2,m,3,66,-0.251055007857343,"[-111.77033250585522, -18.791084915962266, 50.55019301740904, 110.02482053949603]",clock_UTC_quote
2025-09,ae_relu_2,m,4,114,1.6407662242323742,"[-111.77033250585522, -18.791084915962266, 50.55019301740904, 110.02482053949603]",clock_UTC_quote
2025-09,ae_relu_2,g,0,9,0.0479345349580558,"[0.9999999999998899, 1.9999999999997797, 3.9999999999995595, 4.999999999999449]",clock_UTC_quote
2025-09,ae_relu_2,g,1,60,0.5921962089668149,"[0.9999999999998899, 1.9999999999997797, 3.9999999999995595, 4.999999999999449]",clock_UTC_quote
2025-09,ae_relu_2,g,2,80,0.0209401189557287,"[0.9999999999998899, 1.9999999999997797, 3.9999999999995595, 4.999999999999449]",clock_UTC_quote
2025-09,ae_relu_2,g,3,70,1.0182663562926606,"[0.9999999999998899, 1.9999999999997797, 3.9999999999995595, 4.999999999999449]",clock_UTC_quote
2025-09,ae_relu_2,g,4,155,0.5124648353598577,"[0.9999999999998899, 1.9999999999997797, 3.9999999999995595, 4.999999999999449]",clock_UTC_quote
2025-09,ae_tanh_1,m,1,43,2.645084005919596,"[-111.77033250585522, -18.791084915962266, 50.55019301740904, 110.02482053949603]",clock_UTC_quote
2025-09,ae_tanh_1,m,2,151,3.424128386890967,"[-111.77033250585522, -18.791084915962266, 50.55019301740904, 110.02482053949603]",clock_UTC_quote
2025-09,ae_tanh_1,m,3,66,4.704364577457185,"[-111.77033250585522, -18.791084915962266, 50.55019301740904, 110.02482053949603]",clock_UTC_quote
2025-09,ae_tanh_1,m,4,114,-6.220497297237633,"[-111.77033250585522, -18.791084915962266, 50.55019301740904, 110.02482053949603]",clock_UTC_quote
2025-09,ae_tanh_1,g,0,9,2.9429510710561337,"[0.9999999999998899, 1.9999999999997797, 3.9999999999995595, 4.999999999999449]",clock_UTC_quote
2025-09,ae_tanh_1,g,1,60,3.319466831015721,"[0.9999999999998899, 1.9999999999997797, 3.9999999999995595, 4.999999999999449]",clock_UTC_quote
2025-09,ae_tanh_1,g,2,80,2.38213717925481,"[0.9999999999998899, 1.9999999999997797, 3.9999999999995595, 4.999999999999449]",clock_UTC_quote
2025-09,ae_tanh_1,g,3,70,2.552502200863948,"[0.9999999999998899, 1.9999999999997797, 3.9999999999995595, 4.999999999999449]",clock_UTC_quote
2025-09,ae_tanh_1,g,4,155,-2.340434380639657,"[0.9999999999998899, 1.9999999999997797, 3.9999999999995595, 4.999999999999449]",clock_UTC_quote
2025-09,ae_tanh_2,m,1,43,-0.2785318463695166,"[-111.77033250585522, -18.791084915962266, 50.55019301740904, 110.02482053949603]",clock_UTC_quote
2025-09,ae_tanh_2,m,2,151,1.3840152846136669,"[-111.77033250585522, -18.791084915962266, 50.55019301740904, 110.02482053949603]",clock_UTC_quote
2025-09,ae_tanh_2,m,3,66,3.4491249217223783,"[-111.77033250585522, -18.791084915962266, 50.55019301740904, 110.02482053949603]",clock_UTC_quote
2025-09,ae_tanh_2,m,4,114,-3.4567560778946147,"[-111.77033250585522, -18.791084915962266, 50.55019301740904, 110.02482053949603]",clock_UTC_quote
2025-09,ae_tanh_2,g,0,9,2.987893283813481,"[0.9999999999998899, 1.9999999999997797, 3.9999999999995595, 4.999999999999449]",clock_UTC_quote
2025-09,ae_tanh_2,g,1,60,2.664833009305484,"[0.9999999999998899, 1.9999999999997797, 3.9999999999995595, 4.999999999999449]",clock_UTC_quote
2025-09,ae_tanh_2,g,2,80,1.6927352646172185,"[0.9999999999998899, 1.9999999999997797, 3.9999999999995595, 4.999999999999449]",clock_UTC_quote
2025-09,ae_tanh_2,g,3,70,1.767878779770498,"[0.9999999999998899, 1.9999999999997797, 3.9999999999995595, 4.999999999999449]",clock_UTC_quote
2025-09,ae_tanh_2,g,4,155,-2.679805582770951,"[0.9999999999998899, 1.9999999999997797, 3.9999999999995595, 4.999999999999449]",clock_UTC_quote
2025-09,conditional_neural,m,1,43,1.5236385608000071,"[-111.77033250585522, -18.791084915962266, 50.55019301740904, 110.02482053949603]",clock_UTC_quote
2025-09,conditional_neural,m,2,151,-0.0449300819171268,"[-111.77033250585522, -18.791084915962266, 50.55019301740904, 110.02482053949603]",clock_UTC_quote
2025-09,conditional_neural,m,3,66,-0.8859737684974274,"[-111.77033250585522, -18.791084915962266, 50.55019301740904, 110.02482053949603]",clock_UTC_quote
2025-09,conditional_neural,m,4,114,1.6930183821659208,"[-111.77033250585522, -18.791084915962266, 50.55019301740904, 110.02482053949603]",clock_UTC_quote
2025-09,conditional_neural,g,0,9,0.0899885071891487,"[0.9999999999998899, 1.9999999999997797, 3.9999999999995595, 4.999999999999449]",clock_UTC_quote
2025-09,conditional_neural,g,1,60,0.4229092876025184,"[0.9999999999998899, 1.9999999999997797, 3.9999999999995595, 4.999999999999449]",clock_UTC_quote
2025-09,conditional_neural,g,2,80,-0.2565465541010351,"[0.9999999999998899, 1.9999999999997797, 3.9999999999995595, 4.999999999999449]",clock_UTC_quote
2025-09,conditional_neural,g,3,70,1.3416325008652024,"[0.9999999999998899, 1.9999999999997797, 3.9999999999995595, 4.999999999999449]",clock_UTC_quote
2025-09,conditional_neural,g,4,155,0.6044312131462198,"[0.9999999999998899, 1.9999999999997797, 3.9999999999995595, 4.999999999999449]",clock_UTC_quote
2025-09,pca_selected,m,1,43,0.3071456589122949,"[-111.77033250585522, -18.791084915962266, 50.55019301740904, 110.02482053949603]",clock_UTC_quote
2025-09,pca_selected,m,2,151,-0.1743749074832676,"[-111.77033250585522, -18.791084915962266, 50.55019301740904, 110.02482053949603]",clock_UTC_quote
2025-09,pca_selected,m,3,66,0.4827578729391075,"[-111.77033250585522, -18.791084915962266, 50.55019301740904, 110.02482053949603]",clock_UTC_quote
2025-09,pca_selected,m,4,114,1.8141747505476,"[-111.77033250585522, -18.791084915962266, 50.55019301740904, 110.02482053949603]",clock_UTC_quote
2025-09,pca_selected,g,0,9,0.2303888922763192,"[0.9999999999998899, 1.9999999999997797, 3.9999999999995595, 4.999999999999449]",clock_UTC_quote
2025-09,pca_selected,g,1,60,0.6460252183825242,"[0.9999999999998899, 1.9999999999997797, 3.9999999999995595, 4.999999999999449]",clock_UTC_quote
2025-09,pca_selected,g,2,80,0.3339045102729955,"[0.9999999999998899, 1.9999999999997797, 3.9999999999995595, 4.999999999999449]",clock_UTC_quote
2025-09,pca_selected,g,3,70,0.8985999708833255,"[0.9999999999998899, 1.9999999999997797, 3.9999999999995595, 4.999999999999449]",clock_UTC_quote
2025-09,pca_selected,g,4,155,0.6135820745971098,"[0.9999999999998899, 1.9999999999997797, 3.9999999999995595, 4.999999999999449]",clock_UTC_quote
2025-09,ae_selected,m,1,43,1.1682798765315865,"[-111.77033250585522, -18.791084915962266, 50.55019301740904, 110.02482053949603]",clock_UTC_quote
2025-09,ae_selected,m,2,151,0.0461554276135934,"[-111.77033250585522, -18.791084915962266, 50.55019301740904, 110.02482053949603]",clock_UTC_quote
2025-09,ae_selected,m,3,66,-0.4612768607938513,"[-111.77033250585522, -18.791084915962266, 50.55019301740904, 110.02482053949603]",clock_UTC_quote
2025-09,ae_selected,m,4,114,1.632869187152411,"[-111.77033250585522, -18.791084915962266, 50.55019301740904, 110.02482053949603]",clock_UTC_quote
2025-09,ae_selected,g,0,9,0.7400460971512032,"[0.9999999999998899, 1.9999999999997797, 3.9999999999995595, 4.999999999999449]",clock_UTC_quote
2025-09,ae_selected,g,1,60,1.0143709966761822,"[0.9999999999998899, 1.9999999999997797, 3.9999999999995595, 4.999999999999449]",clock_UTC_quote
2025-09,ae_selected,g,2,80,0.1126065071610487,"[0.9999999999998899, 1.9999999999997797, 3.9999999999995595, 4.999999999999449]",clock_UTC_quote
2025-09,ae_selected,g,3,70,1.190636108574983,"[0.9999999999998899, 1.9999999999997797, 3.9999999999995595, 4.999999999999449]",clock_UTC_quote
2025-09,ae_selected,g,4,155,0.3421457802285615,"[0.9999999999998899, 1.9999999999997797, 3.9999999999995595, 4.999999999999449]",clock_UTC_quote
2025-09,ae_reconstruction_selected,m,1,43,1.1682798765315865,"[-111.77033250585522, -18.791084915962266, 50.55019301740904, 110.02482053949603]",clock_UTC_quote
2025-09,ae_reconstruction_selected,m,2,151,0.0461554276135934,"[-111.77033250585522, -18.791084915962266, 50.55019301740904, 110.02482053949603]",clock_UTC_quote
2025-09,ae_reconstruction_selected,m,3,66,-0.4612768607938513,"[-111.77033250585522, -18.791084915962266, 50.55019301740904, 110.02482053949603]",clock_UTC_quote
2025-09,ae_reconstruction_selected,m,4,114,1.632869187152411,"[-111.77033250585522, -18.791084915962266, 50.55019301740904, 110.02482053949603]",clock_UTC_quote
2025-09,ae_reconstruction_selected,g,0,9,0.7400460971512032,"[0.9999999999998899, 1.9999999999997797, 3.9999999999995595, 4.999999999999449]",clock_UTC_quote
2025-09,ae_reconstruction_selected,g,1,60,1.0143709966761822,"[0.9999999999998899, 1.9999999999997797, 3.9999999999995595, 4.999999999999449]",clock_UTC_quote
2025-09,ae_reconstruction_selected,g,2,80,0.1126065071610487,"[0.9999999999998899, 1.9999999999997797, 3.9999999999995595, 4.999999999999449]",clock_UTC_quote
2025-09,ae_reconstruction_selected,g,3,70,1.190636108574983,"[0.9999999999998899, 1.9999999999997797, 3.9999999999995595, 4.999999999999449]",clock_UTC_quote
2025-09,ae_reconstruction_selected,g,4,155,0.3421457802285615,"[0.9999999999998899, 1.9999999999997797, 3.9999999999995595, 4.999999999999449]",clock_UTC_quote
2025-10,sequential_ols,m,2,9,5.581518870711388,"[-89.49661799989674, 2.264598500000368, 54.76738597791132, 124.31975082866843]",clock_UTC_quote
2025-10,sequential_ols,m,3,40,2.564536271527408,"[-89.49661799989674, 2.264598500000368, 54.76738597791132, 124.31975082866843]",clock_UTC_quote
2025-10,sequential_ols,m,4,338,6.746608249331803,"[-89.49661799989674, 2.264598500000368, 54.76738597791132, 124.31975082866843]",clock_UTC_quote
2025-10,sequential_ols,g,0,9,8.97162068251615,"[0.9999999999998899, 1.9999999999997797, 3.9999999999995595, 4.999999999999449]",clock_UTC_quote
2025-10,sequential_ols,g,1,35,5.3321326858143365,"[0.9999999999998899, 1.9999999999997797, 3.9999999999995595, 4.999999999999449]",clock_UTC_quote
2025-10,sequential_ols,g,2,85,6.605445747932464,"[0.9999999999998899, 1.9999999999997797, 3.9999999999995595, 4.999999999999449]",clock_UTC_quote
2025-10,sequential_ols,g,3,58,6.485777573769402,"[0.9999999999998899, 1.9999999999997797, 3.9999999999995595, 4.999999999999449]",clock_UTC_quote
2025-10,sequential_ols,g,4,200,6.140807454863083,"[0.9999999999998899, 1.9999999999997797, 3.9999999999995595, 4.999999999999449]",clock_UTC_quote
2025-10,pca_1,m,2,9,5.556569293639553,"[-89.49661799989674, 2.264598500000368, 54.76738597791132, 124.31975082866843]",clock_UTC_quote
2025-10,pca_1,m,3,40,2.5551616542111524,"[-89.49661799989674, 2.264598500000368, 54.76738597791132, 124.31975082866843]",clock_UTC_quote
2025-10,pca_1,m,4,338,6.737385339512877,"[-89.49661799989674, 2.264598500000368, 54.76738597791132, 124.31975082866843]",clock_UTC_quote
2025-10,pca_1,g,0,9,8.963062502315255,"[0.9999999999998899, 1.9999999999997797, 3.9999999999995595, 4.999999999999449]",clock_UTC_quote
2025-10,pca_1,g,1,35,5.338824748797271,"[0.9999999999998899, 1.9999999999997797, 3.9999999999995595, 4.999999999999449]",clock_UTC_quote
2025-10,pca_1,g,2,85,6.601296437391895,"[0.9999999999998899, 1.9999999999997797, 3.9999999999995595, 4.999999999999449]",clock_UTC_quote
2025-10,pca_1,g,3,58,6.470930435822592,"[0.9999999999998899, 1.9999999999997797, 3.9999999999995595, 4.999999999999449]",clock_UTC_quote
2025-10,pca_1,g,4,200,6.127506216908955,"[0.9999999999998899, 1.9999999999997797, 3.9999999999995595, 4.999999999999449]",clock_UTC_quote
2025-10,pca_2,m,2,9,3.251334081248128,"[-89.49661799989674, 2.264598500000368, 54.76738597791132, 124.31975082866843]",clock_UTC_quote
2025-10,pca_2,m,3,40,1.8510232755176208,"[-89.49661799989674, 2.264598500000368, 54.76738597791132, 124.31975082866843]",clock_UTC_quote
2025-10,pca_2,m,4,338,6.847703757599528,"[-89.49661799989674, 2.264598500000368, 54.76738597791132, 124.31975082866843]",clock_UTC_quote
2025-10,pca_2,g,0,9,9.388773593052797,"[0.9999999999998899, 1.9999999999997797, 3.9999999999995595, 4.999999999999449]",clock_UTC_quote
2025-10,pca_2,g,1,35,6.825206327201197,"[0.9999999999998899, 1.9999999999997797, 3.9999999999995595, 4.999999999999449]",clock_UTC_quote
2025-10,pca_2,g,2,85,7.037801261634398,"[0.9999999999998899, 1.9999999999997797, 3.9999999999995595, 4.999999999999449]",clock_UTC_quote
2025-10,pca_2,g,3,58,5.936857027825225,"[0.9999999999998899, 1.9999999999997797, 3.9999999999995595, 4.999999999999449]",clock_UTC_quote
2025-10,pca_2,g,4,200,5.7594740458913725,"[0.9999999999998899, 1.9999999999997797, 3.9999999999995595, 4.999999999999449]",clock_UTC_quote
2025-10,conditional_linear,m,2,9,6.294222030402716,"[-89.49661799989674, 2.264598500000368, 54.76738597791132, 124.31975082866843]",clock_UTC_quote
2025-10,conditional_linear,m,3,40,3.4298246191951725,"[-89.49661799989674, 2.264598500000368, 54.76738597791132, 124.31975082866843]",clock_UTC_quote
2025-10,conditional_linear,m,4,338,14.438504496501114,"[-89.49661799989674, 2.264598500000368, 54.76738597791132, 124.31975082866843]",clock_UTC_quote
2025-10,conditional_linear,g,0,9,15.403629367705188,"[0.9999999999998899, 1.9999999999997797, 3.9999999999995595, 4.999999999999449]",clock_UTC_quote
2025-10,conditional_linear,g,1,35,10.828842749162815,"[0.9999999999998899, 1.9999999999997797, 3.9999999999995595, 4.999999999999449]",clock_UTC_quote
2025-10,conditional_linear,g,2,85,17.33125321558437,"[0.9999999999998899, 1.9999999999997797, 3.9999999999995595, 4.999999999999449]",clock_UTC_quote
2025-10,conditional_linear,g,3,58,14.609239190866733,"[0.9999999999998899, 1.9999999999997797, 3.9999999999995595, 4.999999999999449]",clock_UTC_quote
2025-10,conditional_linear,g,4,200,11.179604729669109,"[0.9999999999998899, 1.9999999999997797, 3.9999999999995595, 4.999999999999449]",clock_UTC_quote
2025-10,ae_relu_1,m,2,9,5.557677912618391,"[-89.49661799989674, 2.264598500000368, 54.76738597791132, 124.31975082866843]",clock_UTC_quote
2025-10,ae_relu_1,m,3,40,2.555539125604706,"[-89.49661799989674, 2.264598500000368, 54.76738597791132, 124.31975082866843]",clock_UTC_quote
2025-10,ae_relu_1,m,4,338,98.10056402146576,"[-89.49661799989674, 2.264598500000368, 54.76738597791132, 124.31975082866843]",clock_UTC_quote
2025-10,ae_relu_1,g,0,9,136.93104435853115,"[0.9999999999998899, 1.9999999999997797, 3.9999999999995595, 4.999999999999449]",clock_UTC_quote
2025-10,ae_relu_1,g,1,35,63.74261144806626,"[0.9999999999998899, 1.9999999999997797, 3.9999999999995595, 4.999999999999449]",clock_UTC_quote
2025-10,ae_relu_1,g,2,85,103.5275194410128,"[0.9999999999998899, 1.9999999999997797, 3.9999999999995595, 4.999999999999449]",clock_UTC_quote
2025-10,ae_relu_1,g,3,58,78.68728877773569,"[0.9999999999998899, 1.9999999999997797, 3.9999999999995595, 4.999999999999449]",clock_UTC_quote
2025-10,ae_relu_1,g,4,200,82.41579301994666,"[0.9999999999998899, 1.9999999999997797, 3.9999999999995595, 4.999999999999449]",clock_UTC_quote
2025-10,ae_relu_2,m,2,9,2.197384350551494,"[-89.49661799989674, 2.264598500000368, 54.76738597791132, 124.31975082866843]",clock_UTC_quote
2025-10,ae_relu_2,m,3,40,-0.4264448522850152,"[-89.49661799989674, 2.264598500000368, 54.76738597791132, 124.31975082866843]",clock_UTC_quote
2025-10,ae_relu_2,m,4,338,113.01372906306064,"[-89.49661799989674, 2.264598500000368, 54.76738597791132, 124.31975082866843]",clock_UTC_quote
2025-10,ae_relu_2,g,0,9,157.04386507904354,"[0.9999999999998899, 1.9999999999997797, 3.9999999999995595, 4.999999999999449]",clock_UTC_quote
2025-10,ae_relu_2,g,1,35,80.09986744867705,"[0.9999999999998899, 1.9999999999997797, 3.9999999999995595, 4.999999999999449]",clock_UTC_quote
2025-10,ae_relu_2,g,2,85,121.38764881796668,"[0.9999999999998899, 1.9999999999997797, 3.9999999999995595, 4.999999999999449]",clock_UTC_quote
2025-10,ae_relu_2,g,3,58,90.4303886609795,"[0.9999999999998899, 1.9999999999997797, 3.9999999999995595, 4.999999999999449]",clock_UTC_quote
2025-10,ae_relu_2,g,4,200,92.10778125049497,"[0.9999999999998899, 1.9999999999997797, 3.9999999999995595, 4.999999999999449]",clock_UTC_quote
2025-10,ae_tanh_1,m,2,9,12.703805932450866,"[-89.49661799989674, 2.264598500000368, 54.76738597791132, 124.31975082866843]",clock_UTC_quote
2025-10,ae_tanh_1,m,3,40,10.3495392685467,"[-89.49661799989674, 2.264598500000368, 54.76738597791132, 124.31975082866843]",clock_UTC_quote
2025-10,ae_tanh_1,m,4,338,107.08109326180708,"[-89.49661799989674, 2.264598500000368, 54.76738597791132, 124.31975082866843]",clock_UTC_quote
2025-10,ae_tanh_1,g,0,9,149.46979673550027,"[0.9999999999998899, 1.9999999999997797, 3.9999999999995595, 4.999999999999449]",clock_UTC_quote
2025-10,ae_tanh_1,g,1,35,51.76526199205048,"[0.9999999999998899, 1.9999999999997797, 3.9999999999995595, 4.999999999999449]",clock_UTC_quote
2025-10,ae_tanh_1,g,2,85,107.32668289439724,"[0.9999999999998899, 1.9999999999997797, 3.9999999999995595, 4.999999999999449]",clock_UTC_quote
2025-10,ae_tanh_1,g,3,58,85.02723458488205,"[0.9999999999998899, 1.9999999999997797, 3.9999999999995595, 4.999999999999449]",clock_UTC_quote
2025-10,ae_tanh_1,g,4,200,97.55182677168258,"[0.9999999999998899, 1.9999999999997797, 3.9999999999995595, 4.999999999999449]",clock_UTC_quote
2025-10,ae_tanh_2,m,2,9,6.870749542929223,"[-89.49661799989674, 2.264598500000368, 54.76738597791132, 124.31975082866843]",clock_UTC_quote
2025-10,ae_tanh_2,m,3,40,6.717108537296662,"[-89.49661799989674, 2.264598500000368, 54.76738597791132, 124.31975082866843]",clock_UTC_quote
2025-10,ae_tanh_2,m,4,338,104.96142158846982,"[-89.49661799989674, 2.264598500000368, 54.76738597791132, 124.31975082866843]",clock_UTC_quote
2025-10,ae_tanh_2,g,0,9,146.98976336013556,"[0.9999999999998899, 1.9999999999997797, 3.9999999999995595, 4.999999999999449]",clock_UTC_quote
2025-10,ae_tanh_2,g,1,35,55.061622458908055,"[0.9999999999998899, 1.9999999999997797, 3.9999999999995595, 4.999999999999449]",clock_UTC_quote
2025-10,ae_tanh_2,g,2,85,105.49175312747958,"[0.9999999999998899, 1.9999999999997797, 3.9999999999995595, 4.999999999999449]",clock_UTC_quote
2025-10,ae_tanh_2,g,3,58,84.27005872977388,"[0.9999999999998899, 1.9999999999997797, 3.9999999999995595, 4.999999999999449]",clock_UTC_quote
2025-10,ae_tanh_2,g,4,200,93.51477252907688,"[0.9999999999998899, 1.9999999999997797, 3.9999999999995595, 4.999999999999449]",clock_UTC_quote
2025-10,conditional_neural,m,2,9,6.239630283836807,"[-89.49661799989674, 2.264598500000368, 54.76738597791132, 124.31975082866843]",clock_UTC_quote
2025-10,conditional_neural,m,3,40,2.780080961397656,"[-89.49661799989674, 2.264598500000368, 54.76738597791132, 124.31975082866843]",clock_UTC_quote
2025-10,conditional_neural,m,4,338,7.050022480471767,"[-89.49661799989674, 2.264598500000368, 54.76738597791132, 124.31975082866843]",clock_UTC_quote
2025-10,conditional_neural,g,0,9,6.754120810708666,"[0.9999999999998899, 1.9999999999997797, 3.9999999999995595, 4.999999999999449]",clock_UTC_quote
2025-10,conditional_neural,g,1,35,3.7693901001320618,"[0.9999999999998899, 1.9999999999997797, 3.9999999999995595, 4.999999999999449]",clock_UTC_quote
2025-10,conditional_neural,g,2,85,8.455255658954615,"[0.9999999999998899, 1.9999999999997797, 3.9999999999995595, 4.999999999999449]",clock_UTC_quote
2025-10,conditional_neural,g,3,58,7.681680980088789,"[0.9999999999998899, 1.9999999999997797, 3.9999999999995595, 4.999999999999449]",clock_UTC_quote
2025-10,conditional_neural,g,4,200,5.966587703763012,"[0.9999999999998899, 1.9999999999997797, 3.9999999999995595, 4.999999999999449]",clock_UTC_quote
2025-10,pca_selected,m,2,9,3.251334081248128,"[-89.49661799989674, 2.264598500000368, 54.76738597791132, 124.31975082866843]",clock_UTC_quote
2025-10,pca_selected,m,3,40,1.8510232755176208,"[-89.49661799989674, 2.264598500000368, 54.76738597791132, 124.31975082866843]",clock_UTC_quote
2025-10,pca_selected,m,4,338,6.847703757599528,"[-89.49661799989674, 2.264598500000368, 54.76738597791132, 124.31975082866843]",clock_UTC_quote
2025-10,pca_selected,g,0,9,9.388773593052797,"[0.9999999999998899, 1.9999999999997797, 3.9999999999995595, 4.999999999999449]",clock_UTC_quote
2025-10,pca_selected,g,1,35,6.825206327201197,"[0.9999999999998899, 1.9999999999997797, 3.9999999999995595, 4.999999999999449]",clock_UTC_quote
2025-10,pca_selected,g,2,85,7.037801261634398,"[0.9999999999998899, 1.9999999999997797, 3.9999999999995595, 4.999999999999449]",clock_UTC_quote
2025-10,pca_selected,g,3,58,5.936857027825225,"[0.9999999999998899, 1.9999999999997797, 3.9999999999995595, 4.999999999999449]",clock_UTC_quote
2025-10,pca_selected,g,4,200,5.7594740458913725,"[0.9999999999998899, 1.9999999999997797, 3.9999999999995595, 4.999999999999449]",clock_UTC_quote
2025-10,ae_selected,m,2,9,5.557677912618391,"[-89.49661799989674, 2.264598500000368, 54.76738597791132, 124.31975082866843]",clock_UTC_quote
2025-10,ae_selected,m,3,40,2.555539125604706,"[-89.49661799989674, 2.264598500000368, 54.76738597791132, 124.31975082866843]",clock_UTC_quote
2025-10,ae_selected,m,4,338,98.10056402146576,"[-89.49661799989674, 2.264598500000368, 54.76738597791132, 124.31975082866843]",clock_UTC_quote
2025-10,ae_selected,g,0,9,136.93104435853115,"[0.9999999999998899, 1.9999999999997797, 3.9999999999995595, 4.999999999999449]",clock_UTC_quote
2025-10,ae_selected,g,1,35,63.74261144806626,"[0.9999999999998899, 1.9999999999997797, 3.9999999999995595, 4.999999999999449]",clock_UTC_quote
2025-10,ae_selected,g,2,85,103.5275194410128,"[0.9999999999998899, 1.9999999999997797, 3.9999999999995595, 4.999999999999449]",clock_UTC_quote
2025-10,ae_selected,g,3,58,78.68728877773569,"[0.9999999999998899, 1.9999999999997797, 3.9999999999995595, 4.999999999999449]",clock_UTC_quote
2025-10,ae_selected,g,4,200,82.41579301994666,"[0.9999999999998899, 1.9999999999997797, 3.9999999999995595, 4.999999999999449]",clock_UTC_quote
2025-10,ae_reconstruction_selected,m,2,9,5.557677912618391,"[-89.49661799989674, 2.264598500000368, 54.76738597791132, 124.31975082866843]",clock_UTC_quote
2025-10,ae_reconstruction_selected,m,3,40,2.555539125604706,"[-89.49661799989674, 2.264598500000368, 54.76738597791132, 124.31975082866843]",clock_UTC_quote
2025-10,ae_reconstruction_selected,m,4,338,98.10056402146576,"[-89.49661799989674, 2.264598500000368, 54.76738597791132, 124.31975082866843]",clock_UTC_quote
2025-10,ae_reconstruction_selected,g,0,9,136.93104435853115,"[0.9999999999998899, 1.9999999999997797, 3.9999999999995595, 4.999999999999449]",clock_UTC_quote
2025-10,ae_reconstruction_selected,g,1,35,63.74261144806626,"[0.9999999999998899, 1.9999999999997797, 3.9999999999995595, 4.999999999999449]",clock_UTC_quote
2025-10,ae_reconstruction_selected,g,2,85,103.5275194410128,"[0.9999999999998899, 1.9999999999997797, 3.9999999999995595, 4.999999999999449]",clock_UTC_quote
2025-10,ae_reconstruction_selected,g,3,58,78.68728877773569,"[0.9999999999998899, 1.9999999999997797, 3.9999999999995595, 4.999999999999449]",clock_UTC_quote
2025-10,ae_reconstruction_selected,g,4,200,82.41579301994666,"[0.9999999999998899, 1.9999999999997797, 3.9999999999995595, 4.999999999999449]",clock_UTC_quote
2025-11,sequential_ols,m,2,5,4.26588338876247,"[-52.3859754613992, 32.588408162444026, 97.38499892452984, 199.05880409635063]",clock_UTC_quote
2025-11,sequential_ols,m,3,123,-0.1404603648663954,"[-52.3859754613992, 32.588408162444026, 97.38499892452984, 199.05880409635063]",clock_UTC_quote
2025-11,sequential_ols,m,4,196,-1.4829526387560112,"[-52.3859754613992, 32.588408162444026, 97.38499892452984, 199.05880409635063]",clock_UTC_quote
2025-11,sequential_ols,g,0,59,-1.652251668904327,"[0.9999999999998899, 2.9999999999996696, 3.9999999999995595, 6.000000000000449]",clock_UTC_quote
2025-11,sequential_ols,g,1,145,-1.7978398356733132,"[0.9999999999998899, 2.9999999999996696, 3.9999999999995595, 6.000000000000449]",clock_UTC_quote
2025-11,sequential_ols,g,2,31,1.029497174766598,"[0.9999999999998899, 2.9999999999996696, 3.9999999999995595, 6.000000000000449]",clock_UTC_quote
2025-11,sequential_ols,g,3,46,1.5409437141563906,"[0.9999999999998899, 2.9999999999996696, 3.9999999999995595, 6.000000000000449]",clock_UTC_quote
2025-11,sequential_ols,g,4,43,-0.7263749712071005,"[0.9999999999998899, 2.9999999999996696, 3.9999999999995595, 6.000000000000449]",clock_UTC_quote
2025-11,pca_1,m,2,5,4.236907716985743,"[-52.3859754613992, 32.588408162444026, 97.38499892452984, 199.05880409635063]",clock_UTC_quote
2025-11,pca_1,m,3,123,-0.1488872759616336,"[-52.3859754613992, 32.588408162444026, 97.38499892452984, 199.05880409635063]",clock_UTC_quote
2025-11,pca_1,m,4,196,-1.48493144302876,"[-52.3859754613992, 32.588408162444026, 97.38499892452984, 199.05880409635063]",clock_UTC_quote
2025-11,pca_1,g,0,59,-1.6626087829008849,"[0.9999999999998899, 2.9999999999996696, 3.9999999999995595, 6.000000000000449]",clock_UTC_quote
2025-11,pca_1,g,1,145,-1.804425300062754,"[0.9999999999998899, 2.9999999999996696, 3.9999999999995595, 6.000000000000449]",clock_UTC_quote
2025-11,pca_1,g,2,31,1.01137665549642,"[0.9999999999998899, 2.9999999999996696, 3.9999999999995595, 6.000000000000449]",clock_UTC_quote
2025-11,pca_1,g,3,46,1.532251776944903,"[0.9999999999998899, 2.9999999999996696, 3.9999999999995595, 6.000000000000449]",clock_UTC_quote
2025-11,pca_1,g,4,43,-0.704089082595167,"[0.9999999999998899, 2.9999999999996696, 3.9999999999995595, 6.000000000000449]",clock_UTC_quote
2025-11,pca_2,m,2,5,1.09126981623904,"[-52.3859754613992, 32.588408162444026, 97.38499892452984, 199.05880409635063]",clock_UTC_quote
2025-11,pca_2,m,3,123,-1.1055851876942815,"[-52.3859754613992, 32.588408162444026, 97.38499892452984, 199.05880409635063]",clock_UTC_quote
2025-11,pca_2,m,4,196,-1.6870915306243743,"[-52.3859754613992, 32.588408162444026, 97.38499892452984, 199.05880409635063]",clock_UTC_quote
2025-11,pca_2,g,0,59,-2.793452469054985,"[0.9999999999998899, 2.9999999999996696, 3.9999999999995595, 6.000000000000449]",clock_UTC_quote
2025-11,pca_2,g,1,145,-2.5436464588344045,"[0.9999999999998899, 2.9999999999996696, 3.9999999999995595, 6.000000000000449]",clock_UTC_quote
2025-11,pca_2,g,2,31,-0.7736420894129846,"[0.9999999999998899, 2.9999999999996696, 3.9999999999995595, 6.000000000000449]",clock_UTC_quote
2025-11,pca_2,g,3,46,0.6055439241644377,"[0.9999999999998899, 2.9999999999996696, 3.9999999999995595, 6.000000000000449]",clock_UTC_quote
2025-11,pca_2,g,4,43,1.5946452897184258,"[0.9999999999998899, 2.9999999999996696, 3.9999999999995595, 6.000000000000449]",clock_UTC_quote
2025-11,conditional_linear,m,2,5,3.8727678488339934,"[-52.3859754613992, 32.588408162444026, 97.38499892452984, 199.05880409635063]",clock_UTC_quote
2025-11,conditional_linear,m,3,123,-0.2319073591266376,"[-52.3859754613992, 32.588408162444026, 97.38499892452984, 199.05880409635063]",clock_UTC_quote
2025-11,conditional_linear,m,4,196,-1.534600284926397,"[-52.3859754613992, 32.588408162444026, 97.38499892452984, 199.05880409635063]",clock_UTC_quote
2025-11,conditional_linear,g,0,59,-1.8978933607954624,"[0.9999999999998899, 2.9999999999996696, 3.9999999999995595, 6.000000000000449]",clock_UTC_quote
2025-11,conditional_linear,g,1,145,-2.025589616355021,"[0.9999999999998899, 2.9999999999996696, 3.9999999999995595, 6.000000000000449]",clock_UTC_quote
2025-11,conditional_linear,g,2,31,0.8691862212893237,"[0.9999999999998899, 2.9999999999996696, 3.9999999999995595, 6.000000000000449]",clock_UTC_quote
2025-11,conditional_linear,g,3,46,1.777969464581943,"[0.9999999999998899, 2.9999999999996696, 3.9999999999995595, 6.000000000000449]",clock_UTC_quote
2025-11,conditional_linear,g,4,43,-0.3020369150304246,"[0.9999999999998899, 2.9999999999996696, 3.9999999999995595, 6.000000000000449]",clock_UTC_quote
2025-11,ae_relu_1,m,2,5,4.243241534080229,"[-52.3859754613992, 32.588408162444026, 97.38499892452984, 199.05880409635063]",clock_UTC_quote
2025-11,ae_relu_1,m,3,123,-0.1491916811452637,"[-52.3859754613992, 32.588408162444026, 97.38499892452984, 199.05880409635063]",clock_UTC_quote
2025-11,ae_relu_1,m,4,196,-1.5163122672141858,"[-52.3859754613992, 32.588408162444026, 97.38499892452984, 199.05880409635063]",clock_UTC_quote
2025-11,ae_relu_1,g,0,59,-1.708200857405942,"[0.9999999999998899, 2.9999999999996696, 3.9999999999995595, 6.000000000000449]",clock_UTC_quote
2025-11,ae_relu_1,g,1,145,-1.8355376454350771,"[0.9999999999998899, 2.9999999999996696, 3.9999999999995595, 6.000000000000449]",clock_UTC_quote
2025-11,ae_relu_1,g,2,31,0.98857533859973,"[0.9999999999998899, 2.9999999999996696, 3.9999999999995595, 6.000000000000449]",clock_UTC_quote
2025-11,ae_relu_1,g,3,46,1.529362462313954,"[0.9999999999998899, 2.9999999999996696, 3.9999999999995595, 6.000000000000449]",clock_UTC_quote
2025-11,ae_relu_1,g,4,43,-0.6602621644754305,"[0.9999999999998899, 2.9999999999996696, 3.9999999999995595, 6.000000000000449]",clock_UTC_quote
2025-11,ae_relu_2,m,2,5,3.252001425819347,"[-52.3859754613992, 32.588408162444026, 97.38499892452984, 199.05880409635063]",clock_UTC_quote
2025-11,ae_relu_2,m,3,123,-0.2221012611056701,"[-52.3859754613992, 32.588408162444026, 97.38499892452984, 199.05880409635063]",clock_UTC_quote
2025-11,ae_relu_2,m,4,196,-1.2987411997457077,"[-52.3859754613992, 32.588408162444026, 97.38499892452984, 199.05880409635063]",clock_UTC_quote
2025-11,ae_relu_2,g,0,59,-1.9169768252109471,"[0.9999999999998899, 2.9999999999996696, 3.9999999999995595, 6.000000000000449]",clock_UTC_quote
2025-11,ae_relu_2,g,1,145,-1.847094929985166,"[0.9999999999998899, 2.9999999999996696, 3.9999999999995595, 6.000000000000449]",clock_UTC_quote
2025-11,ae_relu_2,g,2,31,0.4935728920458881,"[0.9999999999998899, 2.9999999999996696, 3.9999999999995595, 6.000000000000449]",clock_UTC_quote
2025-11,ae_relu_2,g,3,46,1.5227897042290848,"[0.9999999999998899, 2.9999999999996696, 3.9999999999995595, 6.000000000000449]",clock_UTC_quote
2025-11,ae_relu_2,g,4,43,0.696967170936631,"[0.9999999999998899, 2.9999999999996696, 3.9999999999995595, 6.000000000000449]",clock_UTC_quote
2025-11,ae_tanh_1,m,2,5,0.7309952391942488,"[-52.3859754613992, 32.588408162444026, 97.38499892452984, 199.05880409635063]",clock_UTC_quote
2025-11,ae_tanh_1,m,3,123,-0.1342524754629045,"[-52.3859754613992, 32.588408162444026, 97.38499892452984, 199.05880409635063]",clock_UTC_quote
2025-11,ae_tanh_1,m,4,196,7.356349795493455,"[-52.3859754613992, 32.588408162444026, 97.38499892452984, 199.05880409635063]",clock_UTC_quote
2025-11,ae_tanh_1,g,0,59,6.902526535047725,"[0.9999999999998899, 2.9999999999996696, 3.9999999999995595, 6.000000000000449]",clock_UTC_quote
2025-11,ae_tanh_1,g,1,145,4.296693558303965,"[0.9999999999998899, 2.9999999999996696, 3.9999999999995595, 6.000000000000449]",clock_UTC_quote
2025-11,ae_tanh_1,g,2,31,8.468416144902262,"[0.9999999999998899, 2.9999999999996696, 3.9999999999995595, 6.000000000000449]",clock_UTC_quote
2025-11,ae_tanh_1,g,3,46,5.610290235880808,"[0.9999999999998899, 2.9999999999996696, 3.9999999999995595, 6.000000000000449]",clock_UTC_quote
2025-11,ae_tanh_1,g,4,43,-2.834358168223888,"[0.9999999999998899, 2.9999999999996696, 3.9999999999995595, 6.000000000000449]",clock_UTC_quote
2025-11,ae_tanh_2,m,2,5,0.8243898847247124,"[-52.3859754613992, 32.588408162444026, 97.38499892452984, 199.05880409635063]",clock_UTC_quote
2025-11,ae_tanh_2,m,3,123,0.973020484745744,"[-52.3859754613992, 32.588408162444026, 97.38499892452984, 199.05880409635063]",clock_UTC_quote
2025-11,ae_tanh_2,m,4,196,10.781824498209806,"[-52.3859754613992, 32.588408162444026, 97.38499892452984, 199.05880409635063]",clock_UTC_quote
2025-11,ae_tanh_2,g,0,59,10.422333350702248,"[0.9999999999998899, 2.9999999999996696, 3.9999999999995595, 6.000000000000449]",clock_UTC_quote
2025-11,ae_tanh_2,g,1,145,7.16740083735307,"[0.9999999999998899, 2.9999999999996696, 3.9999999999995595, 6.000000000000449]",clock_UTC_quote
2025-11,ae_tanh_2,g,2,31,11.42091783241456,"[0.9999999999998899, 2.9999999999996696, 3.9999999999995595, 6.000000000000449]",clock_UTC_quote
2025-11,ae_tanh_2,g,3,46,7.589248690778612,"[0.9999999999998899, 2.9999999999996696, 3.9999999999995595, 6.000000000000449]",clock_UTC_quote
2025-11,ae_tanh_2,g,4,43,-2.797758395158678,"[0.9999999999998899, 2.9999999999996696, 3.9999999999995595, 6.000000000000449]",clock_UTC_quote
2025-11,conditional_neural,m,2,5,4.350147451230495,"[-52.3859754613992, 32.588408162444026, 97.38499892452984, 199.05880409635063]",clock_UTC_quote
2025-11,conditional_neural,m,3,123,0.2835356321408749,"[-52.3859754613992, 32.588408162444026, 97.38499892452984, 199.05880409635063]",clock_UTC_quote
2025-11,conditional_neural,m,4,196,-1.3813585415980807,"[-52.3859754613992, 32.588408162444026, 97.38499892452984, 199.05880409635063]",clock_UTC_quote
2025-11,conditional_neural,g,0,59,-1.990647001311323,"[0.9999999999998899, 2.9999999999996696, 3.9999999999995595, 6.000000000000449]",clock_UTC_quote
2025-11,conditional_neural,g,1,145,-1.7317375175640035,"[0.9999999999998899, 2.9999999999996696, 3.9999999999995595, 6.000000000000449]",clock_UTC_quote
2025-11,conditional_neural,g,2,31,1.0262982809461354,"[0.9999999999998899, 2.9999999999996696, 3.9999999999995595, 6.000000000000449]",clock_UTC_quote
2025-11,conditional_neural,g,3,46,2.3521009570159,"[0.9999999999998899, 2.9999999999996696, 3.9999999999995595, 6.000000000000449]",clock_UTC_quote
2025-11,conditional_neural,g,4,43,0.335292284845195,"[0.9999999999998899, 2.9999999999996696, 3.9999999999995595, 6.000000000000449]",clock_UTC_quote
2025-11,pca_selected,m,2,5,1.09126981623904,"[-52.3859754613992, 32.588408162444026, 97.38499892452984, 199.05880409635063]",clock_UTC_quote
2025-11,pca_selected,m,3,123,-1.1055851876942815,"[-52.3859754613992, 32.588408162444026, 97.38499892452984, 199.05880409635063]",clock_UTC_quote
2025-11,pca_selected,m,4,196,-1.6870915306243743,"[-52.3859754613992, 32.588408162444026, 97.38499892452984, 199.05880409635063]",clock_UTC_quote
2025-11,pca_selected,g,0,59,-2.793452469054985,"[0.9999999999998899, 2.9999999999996696, 3.9999999999995595, 6.000000000000449]",clock_UTC_quote
2025-11,pca_selected,g,1,145,-2.5436464588344045,"[0.9999999999998899, 2.9999999999996696, 3.9999999999995595, 6.000000000000449]",clock_UTC_quote
2025-11,pca_selected,g,2,31,-0.7736420894129846,"[0.9999999999998899, 2.9999999999996696, 3.9999999999995595, 6.000000000000449]",clock_UTC_quote
2025-11,pca_selected,g,3,46,0.6055439241644377,"[0.9999999999998899, 2.9999999999996696, 3.9999999999995595, 6.000000000000449]",clock_UTC_quote
2025-11,pca_selected,g,4,43,1.5946452897184258,"[0.9999999999998899, 2.9999999999996696, 3.9999999999995595, 6.000000000000449]",clock_UTC_quote
2025-11,ae_selected,m,2,5,4.243241534080229,"[-52.3859754613992, 32.588408162444026, 97.38499892452984, 199.05880409635063]",clock_UTC_quote
2025-11,ae_selected,m,3,123,-0.1491916811452637,"[-52.3859754613992, 32.588408162444026, 97.38499892452984, 199.05880409635063]",clock_UTC_quote
2025-11,ae_selected,m,4,196,-1.5163122672141858,"[-52.3859754613992, 32.588408162444026, 97.38499892452984, 199.05880409635063]",clock_UTC_quote
2025-11,ae_selected,g,0,59,-1.708200857405942,"[0.9999999999998899, 2.9999999999996696, 3.9999999999995595, 6.000000000000449]",clock_UTC_quote
2025-11,ae_selected,g,1,145,-1.8355376454350771,"[0.9999999999998899, 2.9999999999996696, 3.9999999999995595, 6.000000000000449]",clock_UTC_quote
2025-11,ae_selected,g,2,31,0.98857533859973,"[0.9999999999998899, 2.9999999999996696, 3.9999999999995595, 6.000000000000449]",clock_UTC_quote
2025-11,ae_selected,g,3,46,1.529362462313954,"[0.9999999999998899, 2.9999999999996696, 3.9999999999995595, 6.000000000000449]",clock_UTC_quote
2025-11,ae_selected,g,4,43,-0.6602621644754305,"[0.9999999999998899, 2.9999999999996696, 3.9999999999995595, 6.000000000000449]",clock_UTC_quote
2025-11,ae_reconstruction_selected,m,2,5,4.243241534080229,"[-52.3859754613992, 32.588408162444026, 97.38499892452984, 199.05880409635063]",clock_UTC_quote
2025-11,ae_reconstruction_selected,m,3,123,-0.1491916811452637,"[-52.3859754613992, 32.588408162444026, 97.38499892452984, 199.05880409635063]",clock_UTC_quote
2025-11,ae_reconstruction_selected,m,4,196,-1.5163122672141858,"[-52.3859754613992, 32.588408162444026, 97.38499892452984, 199.05880409635063]",clock_UTC_quote
2025-11,ae_reconstruction_selected,g,0,59,-1.708200857405942,"[0.9999999999998899, 2.9999999999996696, 3.9999999999995595, 6.000000000000449]",clock_UTC_quote
2025-11,ae_reconstruction_selected,g,1,145,-1.8355376454350771,"[0.9999999999998899, 2.9999999999996696, 3.9999999999995595, 6.000000000000449]",clock_UTC_quote
2025-11,ae_reconstruction_selected,g,2,31,0.98857533859973,"[0.9999999999998899, 2.9999999999996696, 3.9999999999995595, 6.000000000000449]",clock_UTC_quote
2025-11,ae_reconstruction_selected,g,3,46,1.529362462313954,"[0.9999999999998899, 2.9999999999996696, 3.9999999999995595, 6.000000000000449]",clock_UTC_quote
2025-11,ae_reconstruction_selected,g,4,43,-0.6602621644754305,"[0.9999999999998899, 2.9999999999996696, 3.9999999999995595, 6.000000000000449]",clock_UTC_quote
2025-12,sequential_ols,m,1,21,5.731159232005977,"[-32.03034747615341, 52.62861675526009, 135.7855239401542, 240.60847403749187]",clock_UTC_quote
2025-12,sequential_ols,m,2,206,-0.2563702995350165,"[-32.03034747615341, 52.62861675526009, 135.7855239401542, 240.60847403749187]",clock_UTC_quote
2025-12,sequential_ols,m,3,117,-5.903262530861333,"[-32.03034747615341, 52.62861675526009, 135.7855239401542, 240.60847403749187]",clock_UTC_quote
2025-12,sequential_ols,m,4,17,-35.68424004964859,"[-32.03034747615341, 52.62861675526009, 135.7855239401542, 240.60847403749187]",clock_UTC_quote
2025-12,sequential_ols,g,0,20,-2.0761358796155367,"[0.9999999999998899, 1.9999999999997797, 3.9999999999995595, 6.000000000000449]",clock_UTC_quote
2025-12,sequential_ols,g,1,46,-6.913560158652125,"[0.9999999999998899, 1.9999999999997797, 3.9999999999995595, 6.000000000000449]",clock_UTC_quote
2025-12,sequential_ols,g,2,153,-4.956038493769047,"[0.9999999999998899, 1.9999999999997797, 3.9999999999995595, 6.000000000000449]",clock_UTC_quote
2025-12,sequential_ols,g,3,97,0.2026235236135184,"[0.9999999999998899, 1.9999999999997797, 3.9999999999995595, 6.000000000000449]",clock_UTC_quote
2025-12,sequential_ols,g,4,45,-2.9245742697873007,"[0.9999999999998899, 1.9999999999997797, 3.9999999999995595, 6.000000000000449]",clock_UTC_quote
2025-12,pca_1,m,1,21,5.706488985436941,"[-32.03034747615341, 52.62861675526009, 135.7855239401542, 240.60847403749187]",clock_UTC_quote
2025-12,pca_1,m,2,206,-0.252554795465875,"[-32.03034747615341, 52.62861675526009, 135.7855239401542, 240.60847403749187]",clock_UTC_quote
2025-12,pca_1,m,3,117,-5.872770717217707,"[-32.03034747615341, 52.62861675526009, 135.7855239401542, 240.60847403749187]",clock_UTC_quote
2025-12,pca_1,m,4,17,-35.56523578917067,"[-32.03034747615341, 52.62861675526009, 135.7855239401542, 240.60847403749187]",clock_UTC_quote
2025-12,pca_1,g,0,20,-2.064242952317413,"[0.9999999999998899, 1.9999999999997797, 3.9999999999995595, 6.000000000000449]",clock_UTC_quote
2025-12,pca_1,g,1,46,-6.89924360664816,"[0.9999999999998899, 1.9999999999997797, 3.9999999999995595, 6.000000000000449]",clock_UTC_quote
2025-12,pca_1,g,2,153,-4.933773185032382,"[0.9999999999998899, 1.9999999999997797, 3.9999999999995595, 6.000000000000449]",clock_UTC_quote
2025-12,pca_1,g,3,97,0.2070051372079778,"[0.9999999999998899, 1.9999999999997797, 3.9999999999995595, 6.000000000000449]",clock_UTC_quote
2025-12,pca_1,g,4,45,-2.899451945538292,"[0.9999999999998899, 1.9999999999997797, 3.9999999999995595, 6.000000000000449]",clock_UTC_quote
2025-12,pca_2,m,1,21,3.02993821880805,"[-32.03034747615341, 52.62861675526009, 135.7855239401542, 240.60847403749187]",clock_UTC_quote
2025-12,pca_2,m,2,206,-0.0164105600825526,"[-32.03034747615341, 52.62861675526009, 135.7855239401542, 240.60847403749187]",clock_UTC_quote
2025-12,pca_2,m,3,117,-2.652892650477056,"[-32.03034747615341, 52.62861675526009, 135.7855239401542, 240.60847403749187]",clock_UTC_quote
2025-12,pca_2,m,4,17,-20.77530577036932,"[-32.03034747615341, 52.62861675526009, 135.7855239401542, 240.60847403749187]",clock_UTC_quote
2025-12,pca_2,g,0,20,-0.5604082879351268,"[0.9999999999998899, 1.9999999999997797, 3.9999999999995595, 6.000000000000449]",clock_UTC_quote
2025-12,pca_2,g,1,46,-4.730673155420147,"[0.9999999999998899, 1.9999999999997797, 3.9999999999995595, 6.000000000000449]",clock_UTC_quote
2025-12,pca_2,g,2,153,-2.54367223108243,"[0.9999999999998899, 1.9999999999997797, 3.9999999999995595, 6.000000000000449]",clock_UTC_quote
2025-12,pca_2,g,3,97,0.4867420125384031,"[0.9999999999998899, 1.9999999999997797, 3.9999999999995595, 6.000000000000449]",clock_UTC_quote
2025-12,pca_2,g,4,45,-0.7229667541492157,"[0.9999999999998899, 1.9999999999997797, 3.9999999999995595, 6.000000000000449]",clock_UTC_quote
2025-12,conditional_linear,m,1,21,5.105732216421865,"[-32.03034747615341, 52.62861675526009, 135.7855239401542, 240.60847403749187]",clock_UTC_quote
2025-12,conditional_linear,m,2,206,-0.599710475870779,"[-32.03034747615341, 52.62861675526009, 135.7855239401542, 240.60847403749187]",clock_UTC_quote
2025-12,conditional_linear,m,3,117,-5.818827951262534,"[-32.03034747615341, 52.62861675526009, 135.7855239401542, 240.60847403749187]",clock_UTC_quote
2025-12,conditional_linear,m,4,17,-33.04564747509797,"[-32.03034747615341, 52.62861675526009, 135.7855239401542, 240.60847403749187]",clock_UTC_quote
2025-12,conditional_linear,g,0,20,-2.1845706303529004,"[0.9999999999998899, 1.9999999999997797, 3.9999999999995595, 6.000000000000449]",clock_UTC_quote
2025-12,conditional_linear,g,1,46,-6.711413335615509,"[0.9999999999998899, 1.9999999999997797, 3.9999999999995595, 6.000000000000449]",clock_UTC_quote
2025-12,conditional_linear,g,2,153,-4.983417495440775,"[0.9999999999998899, 1.9999999999997797, 3.9999999999995595, 6.000000000000449]",clock_UTC_quote
2025-12,conditional_linear,g,3,97,-0.0013523190129185,"[0.9999999999998899, 1.9999999999997797, 3.9999999999995595, 6.000000000000449]",clock_UTC_quote
2025-12,conditional_linear,g,4,45,-3.1975195792631195,"[0.9999999999998899, 1.9999999999997797, 3.9999999999995595, 6.000000000000449]",clock_UTC_quote
2025-12,ae_relu_1,m,1,21,5.7110824311536295,"[-32.03034747615341, 52.62861675526009, 135.7855239401542, 240.60847403749187]",clock_UTC_quote
2025-12,ae_relu_1,m,2,206,-0.2503238025733361,"[-32.03034747615341, 52.62861675526009, 135.7855239401542, 240.60847403749187]",clock_UTC_quote
2025-12,ae_relu_1,m,3,117,-5.874098492780442,"[-32.03034747615341, 52.62861675526009, 135.7855239401542, 240.60847403749187]",clock_UTC_quote
2025-12,ae_relu_1,m,4,17,-35.574504290815774,"[-32.03034747615341, 52.62861675526009, 135.7855239401542, 240.60847403749187]",clock_UTC_quote
2025-12,ae_relu_1,g,0,20,-2.0683517186563742,"[0.9999999999998899, 1.9999999999997797, 3.9999999999995595, 6.000000000000449]",clock_UTC_quote
2025-12,ae_relu_1,g,1,46,-6.90268592796065,"[0.9999999999998899, 1.9999999999997797, 3.9999999999995595, 6.000000000000449]",clock_UTC_quote
2025-12,ae_relu_1,g,2,153,-4.934679513418412,"[0.9999999999998899, 1.9999999999997797, 3.9999999999995595, 6.000000000000449]",clock_UTC_quote
2025-12,ae_relu_1,g,3,97,0.2090803203828696,"[0.9999999999998899, 1.9999999999997797, 3.9999999999995595, 6.000000000000449]",clock_UTC_quote
2025-12,ae_relu_1,g,4,45,-2.890095718663665,"[0.9999999999998899, 1.9999999999997797, 3.9999999999995595, 6.000000000000449]",clock_UTC_quote
2025-12,ae_relu_2,m,1,21,4.92787075128292,"[-32.03034747615341, 52.62861675526009, 135.7855239401542, 240.60847403749187]",clock_UTC_quote
2025-12,ae_relu_2,m,2,206,0.0507950469808997,"[-32.03034747615341, 52.62861675526009, 135.7855239401542, 240.60847403749187]",clock_UTC_quote
2025-12,ae_relu_2,m,3,117,-4.415332031181963,"[-32.03034747615341, 52.62861675526009, 135.7855239401542, 240.60847403749187]",clock_UTC_quote
2025-12,ae_relu_2,m,4,17,-30.541018862058944,"[-32.03034747615341, 52.62861675526009, 135.7855239401542, 240.60847403749187]",clock_UTC_quote
2025-12,ae_relu_2,g,0,20,-1.3561412966289803,"[0.9999999999998899, 1.9999999999997797, 3.9999999999995595, 6.000000000000449]",clock_UTC_quote
2025-12,ae_relu_2,g,1,46,-5.938705727947204,"[0.9999999999998899, 1.9999999999997797, 3.9999999999995595, 6.000000000000449]",clock_UTC_quote
2025-12,ae_relu_2,g,2,153,-3.864515047963421,"[0.9999999999998899, 1.9999999999997797, 3.9999999999995595, 6.000000000000449]",clock_UTC_quote
2025-12,ae_relu_2,g,3,97,0.6242694090281835,"[0.9999999999998899, 1.9999999999997797, 3.9999999999995595, 6.000000000000449]",clock_UTC_quote
2025-12,ae_relu_2,g,4,45,-2.018269861499208,"[0.9999999999998899, 1.9999999999997797, 3.9999999999995595, 6.000000000000449]",clock_UTC_quote
2025-12,ae_tanh_1,m,1,21,0.0482649711881039,"[-32.03034747615341, 52.62861675526009, 135.7855239401542, 240.60847403749187]",clock_UTC_quote
2025-12,ae_tanh_1,m,2,206,-4.257671544734056,"[-32.03034747615341, 52.62861675526009, 135.7855239401542, 240.60847403749187]",clock_UTC_quote
2025-12,ae_tanh_1,m,3,117,-6.052353599002342,"[-32.03034747615341, 52.62861675526009, 135.7855239401542, 240.60847403749187]",clock_UTC_quote
2025-12,ae_tanh_1,m,4,17,-30.42425212706173,"[-32.03034747615341, 52.62861675526009, 135.7855239401542, 240.60847403749187]",clock_UTC_quote
2025-12,ae_tanh_1,g,0,20,-4.4635009728942805,"[0.9999999999998899, 1.9999999999997797, 3.9999999999995595, 6.000000000000449]",clock_UTC_quote
2025-12,ae_tanh_1,g,1,46,-8.541584630395446,"[0.9999999999998899, 1.9999999999997797, 3.9999999999995595, 6.000000000000449]",clock_UTC_quote
2025-12,ae_tanh_1,g,2,153,-7.091845104779753,"[0.9999999999998899, 1.9999999999997797, 3.9999999999995595, 6.000000000000449]",clock_UTC_quote
2025-12,ae_tanh_1,g,3,97,-1.8766759810258196,"[0.9999999999998899, 1.9999999999997797, 3.9999999999995595, 6.000000000000449]",clock_UTC_quote
2025-12,ae_tanh_1,g,4,45,-7.8251477203712385,"[0.9999999999998899, 1.9999999999997797, 3.9999999999995595, 6.000000000000449]",clock_UTC_quote
2025-12,ae_tanh_2,m,1,21,-0.9068148521442808,"[-32.03034747615341, 52.62861675526009, 135.7855239401542, 240.60847403749187]",clock_UTC_quote
2025-12,ae_tanh_2,m,2,206,-4.683776810533796,"[-32.03034747615341, 52.62861675526009, 135.7855239401542, 240.60847403749187]",clock_UTC_quote
2025-12,ae_tanh_2,m,3,117,-4.978575059681461,"[-32.03034747615341, 52.62861675526009, 135.7855239401542, 240.60847403749187]",clock_UTC_quote
2025-12,ae_tanh_2,m,4,17,-27.311654763251703,"[-32.03034747615341, 52.62861675526009, 135.7855239401542, 240.60847403749187]",clock_UTC_quote
2025-12,ae_tanh_2,g,0,20,-4.084141179663702,"[0.9999999999998899, 1.9999999999997797, 3.9999999999995595, 6.000000000000449]",clock_UTC_quote
2025-12,ae_tanh_2,g,1,46,-7.906472941273892,"[0.9999999999998899, 1.9999999999997797, 3.9999999999995595, 6.000000000000449]",clock_UTC_quote
2025-12,ae_tanh_2,g,2,153,-6.750289702479063,"[0.9999999999998899, 1.9999999999997797, 3.9999999999995595, 6.000000000000449]",clock_UTC_quote
2025-12,ae_tanh_2,g,3,97,-1.5991678745502993,"[0.9999999999998899, 1.9999999999997797, 3.9999999999995595, 6.000000000000449]",clock_UTC_quote
2025-12,ae_tanh_2,g,4,45,-8.831074680454508,"[0.9999999999998899, 1.9999999999997797, 3.9999999999995595, 6.000000000000449]",clock_UTC_quote
2025-12,conditional_neural,m,1,21,5.53726875246081,"[-32.03034747615341, 52.62861675526009, 135.7855239401542, 240.60847403749187]",clock_UTC_quote
2025-12,conditional_neural,m,2,206,-0.2763447790694746,"[-32.03034747615341, 52.62861675526009, 135.7855239401542, 240.60847403749187]",clock_UTC_quote
2025-12,conditional_neural,m,3,117,-3.606489691166504,"[-32.03034747615341, 52.62861675526009, 135.7855239401542, 240.60847403749187]",clock_UTC_quote
2025-12,conditional_neural,m,4,17,-2.686479719714197,"[-32.03034747615341, 52.62861675526009, 135.7855239401542, 240.60847403749187]",clock_UTC_quote
2025-12,conditional_neural,g,0,20,1.4956423758565929,"[0.9999999999998899, 1.9999999999997797, 3.9999999999995595, 6.000000000000449]",clock_UTC_quote
2025-12,conditional_neural,g,1,46,-0.021307231809444,"[0.9999999999998899, 1.9999999999997797, 3.9999999999995595, 6.000000000000449]",clock_UTC_quote
2025-12,conditional_neural,g,2,153,-2.364006191997065,"[0.9999999999998899, 1.9999999999997797, 3.9999999999995595, 6.000000000000449]",clock_UTC_quote
2025-12,conditional_neural,g,3,97,0.4218121326447147,"[0.9999999999998899, 1.9999999999997797, 3.9999999999995595, 6.000000000000449]",clock_UTC_quote
2025-12,conditional_neural,g,4,45,-2.587319425180908,"[0.9999999999998899, 1.9999999999997797, 3.9999999999995595, 6.000000000000449]",clock_UTC_quote
2025-12,pca_selected,m,1,21,3.02993821880805,"[-32.03034747615341, 52.62861675526009, 135.7855239401542, 240.60847403749187]",clock_UTC_quote
2025-12,pca_selected,m,2,206,-0.0164105600825526,"[-32.03034747615341, 52.62861675526009, 135.7855239401542, 240.60847403749187]",clock_UTC_quote
2025-12,pca_selected,m,3,117,-2.652892650477056,"[-32.03034747615341, 52.62861675526009, 135.7855239401542, 240.60847403749187]",clock_UTC_quote
2025-12,pca_selected,m,4,17,-20.77530577036932,"[-32.03034747615341, 52.62861675526009, 135.7855239401542, 240.60847403749187]",clock_UTC_quote
2025-12,pca_selected,g,0,20,-0.5604082879351268,"[0.9999999999998899, 1.9999999999997797, 3.9999999999995595, 6.000000000000449]",clock_UTC_quote
2025-12,pca_selected,g,1,46,-4.730673155420147,"[0.9999999999998899, 1.9999999999997797, 3.9999999999995595, 6.000000000000449]",clock_UTC_quote
2025-12,pca_selected,g,2,153,-2.54367223108243,"[0.9999999999998899, 1.9999999999997797, 3.9999999999995595, 6.000000000000449]",clock_UTC_quote
2025-12,pca_selected,g,3,97,0.4867420125384031,"[0.9999999999998899, 1.9999999999997797, 3.9999999999995595, 6.000000000000449]",clock_UTC_quote
2025-12,pca_selected,g,4,45,-0.7229667541492157,"[0.9999999999998899, 1.9999999999997797, 3.9999999999995595, 6.000000000000449]",clock_UTC_quote
2025-12,ae_selected,m,1,21,5.7110824311536295,"[-32.03034747615341, 52.62861675526009, 135.7855239401542, 240.60847403749187]",clock_UTC_quote
2025-12,ae_selected,m,2,206,-0.2503238025733361,"[-32.03034747615341, 52.62861675526009, 135.7855239401542, 240.60847403749187]",clock_UTC_quote
2025-12,ae_selected,m,3,117,-5.874098492780442,"[-32.03034747615341, 52.62861675526009, 135.7855239401542, 240.60847403749187]",clock_UTC_quote
2025-12,ae_selected,m,4,17,-35.574504290815774,"[-32.03034747615341, 52.62861675526009, 135.7855239401542, 240.60847403749187]",clock_UTC_quote
2025-12,ae_selected,g,0,20,-2.0683517186563742,"[0.9999999999998899, 1.9999999999997797, 3.9999999999995595, 6.000000000000449]",clock_UTC_quote
2025-12,ae_selected,g,1,46,-6.90268592796065,"[0.9999999999998899, 1.9999999999997797, 3.9999999999995595, 6.000000000000449]",clock_UTC_quote
2025-12,ae_selected,g,2,153,-4.934679513418412,"[0.9999999999998899, 1.9999999999997797, 3.9999999999995595, 6.000000000000449]",clock_UTC_quote
2025-12,ae_selected,g,3,97,0.2090803203828696,"[0.9999999999998899, 1.9999999999997797, 3.9999999999995595, 6.000000000000449]",clock_UTC_quote
2025-12,ae_selected,g,4,45,-2.890095718663665,"[0.9999999999998899, 1.9999999999997797, 3.9999999999995595, 6.000000000000449]",clock_UTC_quote
2025-12,ae_reconstruction_selected,m,1,21,5.7110824311536295,"[-32.03034747615341, 52.62861675526009, 135.7855239401542, 240.60847403749187]",clock_UTC_quote
2025-12,ae_reconstruction_selected,m,2,206,-0.2503238025733361,"[-32.03034747615341, 52.62861675526009, 135.7855239401542, 240.60847403749187]",clock_UTC_quote
2025-12,ae_reconstruction_selected,m,3,117,-5.874098492780442,"[-32.03034747615341, 52.62861675526009, 135.7855239401542, 240.60847403749187]",clock_UTC_quote
2025-12,ae_reconstruction_selected,m,4,17,-35.574504290815774,"[-32.03034747615341, 52.62861675526009, 135.7855239401542, 240.60847403749187]",clock_UTC_quote
2025-12,ae_reconstruction_selected,g,0,20,-2.0683517186563742,"[0.9999999999998899, 1.9999999999997797, 3.9999999999995595, 6.000000000000449]",clock_UTC_quote
2025-12,ae_reconstruction_selected,g,1,46,-6.90268592796065,"[0.9999999999998899, 1.9999999999997797, 3.9999999999995595, 6.000000000000449]",clock_UTC_quote
2025-12,ae_reconstruction_selected,g,2,153,-4.934679513418412,"[0.9999999999998899, 1.9999999999997797, 3.9999999999995595, 6.000000000000449]",clock_UTC_quote
2025-12,ae_reconstruction_selected,g,3,97,0.2090803203828696,"[0.9999999999998899, 1.9999999999997797, 3.9999999999995595, 6.000000000000449]",clock_UTC_quote
2025-12,ae_reconstruction_selected,g,4,45,-2.890095718663665,"[0.9999999999998899, 1.9999999999997797, 3.9999999999995595, 6.000000000000449]",clock_UTC_quote
2026-01,sequential_ols,m,0,25,4.290453106269366,"[-13.130844490974125, 66.17036534375443, 134.544451914018, 220.34387889103152]",clock_UTC_quote
2026-01,sequential_ols,m,1,161,-1.7341341568009587,"[-13.130844490974125, 66.17036534375443, 134.544451914018, 220.34387889103152]",clock_UTC_quote
2026-01,sequential_ols,m,2,85,-2.8268401564710746,"[-13.130844490974125, 66.17036534375443, 134.544451914018, 220.34387889103152]",clock_UTC_quote
2026-01,sequential_ols,m,3,61,-2.9300701631658974,"[-13.130844490974125, 66.17036534375443, 134.544451914018, 220.34387889103152]",clock_UTC_quote
2026-01,sequential_ols,m,4,14,-6.420199870675952,"[-13.130844490974125, 66.17036534375443, 134.544451914018, 220.34387889103152]",clock_UTC_quote
2026-01,sequential_ols,g,0,12,-1.3044888210317434,"[0.9999999999998899, 1.9999999999997797, 3.9999999999995595, 5.999999999999339]",clock_UTC_quote
2026-01,sequential_ols,g,1,34,-1.377163553484752,"[0.9999999999998899, 1.9999999999997797, 3.9999999999995595, 5.999999999999339]",clock_UTC_quote
2026-01,sequential_ols,g,2,52,-3.613989502233663,"[0.9999999999998899, 1.9999999999997797, 3.9999999999995595, 5.999999999999339]",clock_UTC_quote
2026-01,sequential_ols,g,3,28,-2.1495101581710903,"[0.9999999999998899, 1.9999999999997797, 3.9999999999995595, 5.999999999999339]",clock_UTC_quote
2026-01,sequential_ols,g,4,220,-1.6829163537047322,"[0.9999999999998899, 1.9999999999997797, 3.9999999999995595, 5.999999999999339]",clock_UTC_quote
2026-01,pca_1,m,0,25,4.279157468538861,"[-13.130844490974125, 66.17036534375443, 134.544451914018, 220.34387889103152]",clock_UTC_quote
2026-01,pca_1,m,1,161,-1.732169209476666,"[-13.130844490974125, 66.17036534375443, 134.544451914018, 220.34387889103152]",clock_UTC_quote
2026-01,pca_1,m,2,85,-2.8272111831581688,"[-13.130844490974125, 66.17036534375443, 134.544451914018, 220.34387889103152]",clock_UTC_quote
2026-01,pca_1,m,3,61,-2.922301247522922,"[-13.130844490974125, 66.17036534375443, 134.544451914018, 220.34387889103152]",clock_UTC_quote
2026-01,pca_1,m,4,14,-6.424791138599848,"[-13.130844490974125, 66.17036534375443, 134.544451914018, 220.34387889103152]",clock_UTC_quote
2026-01,pca_1,g,0,12,-1.2821186719792266,"[0.9999999999998899, 1.9999999999997797, 3.9999999999995595, 5.999999999999339]",clock_UTC_quote
2026-01,pca_1,g,1,34,-1.3675582272297986,"[0.9999999999998899, 1.9999999999997797, 3.9999999999995595, 5.999999999999339]",clock_UTC_quote
2026-01,pca_1,g,2,52,-3.5953307504724825,"[0.9999999999998899, 1.9999999999997797, 3.9999999999995595, 5.999999999999339]",clock_UTC_quote
2026-01,pca_1,g,3,28,-2.153864880137244,"[0.9999999999998899, 1.9999999999997797, 3.9999999999995595, 5.999999999999339]",clock_UTC_quote
2026-01,pca_1,g,4,220,-1.6876040416456202,"[0.9999999999998899, 1.9999999999997797, 3.9999999999995595, 5.999999999999339]",clock_UTC_quote
2026-01,pca_2,m,0,25,3.2707478657938185,"[-13.130844490974125, 66.17036534375443, 134.544451914018, 220.34387889103152]",clock_UTC_quote
2026-01,pca_2,m,1,161,-1.760740254688317,"[-13.130844490974125, 66.17036534375443, 134.544451914018, 220.34387889103152]",clock_UTC_quote
2026-01,pca_2,m,2,85,-3.038503699109941,"[-13.130844490974125, 66.17036534375443, 134.544451914018, 220.34387889103152]",clock_UTC_quote
2026-01,pca_2,m,3,61,-2.3783900102710493,"[-13.130844490974125, 66.17036534375443, 134.544451914018, 220.34387889103152]",clock_UTC_quote
2026-01,pca_2,m,4,14,-6.718991276023867,"[-13.130844490974125, 66.17036534375443, 134.544451914018, 220.34387889103152]",clock_UTC_quote
2026-01,pca_2,g,0,12,0.0482521632248251,"[0.9999999999998899, 1.9999999999997797, 3.9999999999995595, 5.999999999999339]",clock_UTC_quote
2026-01,pca_2,g,1,34,-0.8872981461714913,"[0.9999999999998899, 1.9999999999997797, 3.9999999999995595, 5.999999999999339]",clock_UTC_quote
2026-01,pca_2,g,2,52,-2.2852506879839325,"[0.9999999999998899, 1.9999999999997797, 3.9999999999995595, 5.999999999999339]",clock_UTC_quote
2026-01,pca_2,g,3,28,-2.683100321329527,"[0.9999999999998899, 1.9999999999997797, 3.9999999999995595, 5.999999999999339]",clock_UTC_quote
2026-01,pca_2,g,4,220,-2.161736415871194,"[0.9999999999998899, 1.9999999999997797, 3.9999999999995595, 5.999999999999339]",clock_UTC_quote
2026-01,conditional_linear,m,0,25,2.538462126939078,"[-13.130844490974125, 66.17036534375443, 134.544451914018, 220.34387889103152]",clock_UTC_quote
2026-01,conditional_linear,m,1,161,-2.456982128319628,"[-13.130844490974125, 66.17036534375443, 134.544451914018, 220.34387889103152]",clock_UTC_quote
2026-01,conditional_linear,m,2,85,-3.0822217454998904,"[-13.130844490974125, 66.17036534375443, 134.544451914018, 220.34387889103152]",clock_UTC_quote
2026-01,conditional_linear,m,3,61,-2.651813228746003,"[-13.130844490974125, 66.17036534375443, 134.544451914018, 220.34387889103152]",clock_UTC_quote
2026-01,conditional_linear,m,4,14,-5.23080588655099,"[-13.130844490974125, 66.17036534375443, 134.544451914018, 220.34387889103152]",clock_UTC_quote
2026-01,conditional_linear,g,0,12,-2.8024175299268954,"[0.9999999999998899, 1.9999999999997797, 3.9999999999995595, 5.999999999999339]",clock_UTC_quote
2026-01,conditional_linear,g,1,34,-2.917661862267744,"[0.9999999999998899, 1.9999999999997797, 3.9999999999995595, 5.999999999999339]",clock_UTC_quote
2026-01,conditional_linear,g,2,52,-4.604575293621132,"[0.9999999999998899, 1.9999999999997797, 3.9999999999995595, 5.999999999999339]",clock_UTC_quote
2026-01,conditional_linear,g,3,28,-2.92923982287633,"[0.9999999999998899, 1.9999999999997797, 3.9999999999995595, 5.999999999999339]",clock_UTC_quote
2026-01,conditional_linear,g,4,220,-1.7036689237892346,"[0.9999999999998899, 1.9999999999997797, 3.9999999999995595, 5.999999999999339]",clock_UTC_quote
2026-01,ae_relu_1,m,0,25,4.29618482981684,"[-13.130844490974125, 66.17036534375443, 134.544451914018, 220.34387889103152]",clock_UTC_quote
2026-01,ae_relu_1,m,1,161,-1.7129741517136083,"[-13.130844490974125, 66.17036534375443, 134.544451914018, 220.34387889103152]",clock_UTC_quote
2026-01,ae_relu_1,m,2,85,-2.802689335159521,"[-13.130844490974125, 66.17036534375443, 134.544451914018, 220.34387889103152]",clock_UTC_quote
2026-01,ae_relu_1,m,3,61,-2.895837673891227,"[-13.130844490974125, 66.17036534375443, 134.544451914018, 220.34387889103152]",clock_UTC_quote
2026-01,ae_relu_1,m,4,14,-6.410520253571771,"[-13.130844490974125, 66.17036534375443, 134.544451914018, 220.34387889103152]",clock_UTC_quote
2026-01,ae_relu_1,g,0,12,-1.2806943758450264,"[0.9999999999998899, 1.9999999999997797, 3.9999999999995595, 5.999999999999339]",clock_UTC_quote
2026-01,ae_relu_1,g,1,34,-1.36153314785331,"[0.9999999999998899, 1.9999999999997797, 3.9999999999995595, 5.999999999999339]",clock_UTC_quote
2026-01,ae_relu_1,g,2,52,-3.585648986671155,"[0.9999999999998899, 1.9999999999997797, 3.9999999999995595, 5.999999999999339]",clock_UTC_quote
2026-01,ae_relu_1,g,3,28,-2.1389114483931637,"[0.9999999999998899, 1.9999999999997797, 3.9999999999995595, 5.999999999999339]",clock_UTC_quote
2026-01,ae_relu_1,g,4,220,-1.6591021155788073,"[0.9999999999998899, 1.9999999999997797, 3.9999999999995595, 5.999999999999339]",clock_UTC_quote
2026-01,ae_relu_2,m,0,25,5.793643516463764,"[-13.130844490974125, 66.17036534375443, 134.544451914018, 220.34387889103152]",clock_UTC_quote
2026-01,ae_relu_2,m,1,161,-1.453133409404405,"[-13.130844490974125, 66.17036534375443, 134.544451914018, 220.34387889103152]",clock_UTC_quote
2026-01,ae_relu_2,m,2,85,-4.524644249717061,"[-13.130844490974125, 66.17036534375443, 134.544451914018, 220.34387889103152]",clock_UTC_quote
2026-01,ae_relu_2,m,3,61,-5.765465327714748,"[-13.130844490974125, 66.17036534375443, 134.544451914018, 220.34387889103152]",clock_UTC_quote
2026-01,ae_relu_2,m,4,14,-12.750880578180295,"[-13.130844490974125, 66.17036534375443, 134.544451914018, 220.34387889103152]",clock_UTC_quote
2026-01,ae_relu_2,g,0,12,0.9542879220273404,"[0.9999999999998899, 1.9999999999997797, 3.9999999999995595, 5.999999999999339]",clock_UTC_quote
2026-01,ae_relu_2,g,1,34,0.2717254579086204,"[0.9999999999998899, 1.9999999999997797, 3.9999999999995595, 5.999999999999339]",clock_UTC_quote
2026-01,ae_relu_2,g,2,52,-1.8605804451638952,"[0.9999999999998899, 1.9999999999997797, 3.9999999999995595, 5.999999999999339]",clock_UTC_quote
2026-01,ae_relu_2,g,3,28,-2.4303508691633637,"[0.9999999999998899, 1.9999999999997797, 3.9999999999995595, 5.999999999999339]",clock_UTC_quote
2026-01,ae_relu_2,g,4,220,-3.9081999020986977,"[0.9999999999998899, 1.9999999999997797, 3.9999999999995595, 5.999999999999339]",clock_UTC_quote
2026-01,ae_tanh_1,m,0,25,-0.4063000583675228,"[-13.130844490974125, 66.17036534375443, 134.544451914018, 220.34387889103152]",clock_UTC_quote
2026-01,ae_tanh_1,m,1,161,-7.5663891272244195,"[-13.130844490974125, 66.17036534375443, 134.544451914018, 220.34387889103152]",clock_UTC_quote
2026-01,ae_tanh_1,m,2,85,-6.730939863884188,"[-13.130844490974125, 66.17036534375443, 134.544451914018, 220.34387889103152]",clock_UTC_quote
2026-01,ae_tanh_1,m,3,61,-4.099181995649425,"[-13.130844490974125, 66.17036534375443, 134.544451914018, 220.34387889103152]",clock_UTC_quote
2026-01,ae_tanh_1,m,4,14,-1.8223404951414304,"[-13.130844490974125, 66.17036534375443, 134.544451914018, 220.34387889103152]",clock_UTC_quote
2026-01,ae_tanh_1,g,0,12,-6.611774359555756,"[0.9999999999998899, 1.9999999999997797, 3.9999999999995595, 5.999999999999339]",clock_UTC_quote
2026-01,ae_tanh_1,g,1,34,-6.560237942208508,"[0.9999999999998899, 1.9999999999997797, 3.9999999999995595, 5.999999999999339]",clock_UTC_quote
2026-01,ae_tanh_1,g,2,52,-8.746767036837321,"[0.9999999999998899, 1.9999999999997797, 3.9999999999995595, 5.999999999999339]",clock_UTC_quote
2026-01,ae_tanh_1,g,3,28,-7.455163159182933,"[0.9999999999998899, 1.9999999999997797, 3.9999999999995595, 5.999999999999339]",clock_UTC_quote
2026-01,ae_tanh_1,g,4,220,-5.045786687802951,"[0.9999999999998899, 1.9999999999997797, 3.9999999999995595, 5.999999999999339]",clock_UTC_quote
2026-01,ae_tanh_2,m,0,25,-0.628216793693644,"[-13.130844490974125, 66.17036534375443, 134.544451914018, 220.34387889103152]",clock_UTC_quote
2026-01,ae_tanh_2,m,1,161,-8.434397659709619,"[-13.130844490974125, 66.17036534375443, 134.544451914018, 220.34387889103152]",clock_UTC_quote
2026-01,ae_tanh_2,m,2,85,-7.778227031670758,"[-13.130844490974125, 66.17036534375443, 134.544451914018, 220.34387889103152]",clock_UTC_quote
2026-01,ae_tanh_2,m,3,61,-4.471784085929016,"[-13.130844490974125, 66.17036534375443, 134.544451914018, 220.34387889103152]",clock_UTC_quote
2026-01,ae_tanh_2,m,4,14,-0.7333206354364583,"[-13.130844490974125, 66.17036534375443, 134.544451914018, 220.34387889103152]",clock_UTC_quote
2026-01,ae_tanh_2,g,0,12,-6.9008892808280216,"[0.9999999999998899, 1.9999999999997797, 3.9999999999995595, 5.999999999999339]",clock_UTC_quote
2026-01,ae_tanh_2,g,1,34,-6.934397508852081,"[0.9999999999998899, 1.9999999999997797, 3.9999999999995595, 5.999999999999339]",clock_UTC_quote
2026-01,ae_tanh_2,g,2,52,-9.32173294445851,"[0.9999999999998899, 1.9999999999997797, 3.9999999999995595, 5.999999999999339]",clock_UTC_quote
2026-01,ae_tanh_2,g,3,28,-8.29181899920511,"[0.9999999999998899, 1.9999999999997797, 3.9999999999995595, 5.999999999999339]",clock_UTC_quote
2026-01,ae_tanh_2,g,4,220,-5.828894668749511,"[0.9999999999998899, 1.9999999999997797, 3.9999999999995595, 5.999999999999339]",clock_UTC_quote
2026-01,conditional_neural,m,0,25,4.231606216842139,"[-13.130844490974125, 66.17036534375443, 134.544451914018, 220.34387889103152]",clock_UTC_quote
2026-01,conditional_neural,m,1,161,-1.681259852072994,"[-13.130844490974125, 66.17036534375443, 134.544451914018, 220.34387889103152]",clock_UTC_quote
2026-01,conditional_neural,m,2,85,-2.2193227874676884,"[-13.130844490974125, 66.17036534375443, 134.544451914018, 220.34387889103152]",clock_UTC_quote
2026-01,conditional_neural,m,3,61,-1.8050780118095813,"[-13.130844490974125, 66.17036534375443, 134.544451914018, 220.34387889103152]",clock_UTC_quote
2026-01,conditional_neural,m,4,14,-3.152614141185633,"[-13.130844490974125, 66.17036534375443, 134.544451914018, 220.34387889103152]",clock_UTC_quote
2026-01,conditional_neural,g,0,12,-1.4663465793965986,"[0.9999999999998899, 1.9999999999997797, 3.9999999999995595, 5.999999999999339]",clock_UTC_quote
2026-01,conditional_neural,g,1,34,-1.9772183796663496,"[0.9999999999998899, 1.9999999999997797, 3.9999999999995595, 5.999999999999339]",clock_UTC_quote
2026-01,conditional_neural,g,2,52,-3.942215887752163,"[0.9999999999998899, 1.9999999999997797, 3.9999999999995595, 5.999999999999339]",clock_UTC_quote
2026-01,conditional_neural,g,3,28,-2.37768045472692,"[0.9999999999998899, 1.9999999999997797, 3.9999999999995595, 5.999999999999339]",clock_UTC_quote
2026-01,conditional_neural,g,4,220,-0.6881345983525186,"[0.9999999999998899, 1.9999999999997797, 3.9999999999995595, 5.999999999999339]",clock_UTC_quote
2026-01,pca_selected,m,0,25,3.2707478657938185,"[-13.130844490974125, 66.17036534375443, 134.544451914018, 220.34387889103152]",clock_UTC_quote
2026-01,pca_selected,m,1,161,-1.760740254688317,"[-13.130844490974125, 66.17036534375443, 134.544451914018, 220.34387889103152]",clock_UTC_quote
2026-01,pca_selected,m,2,85,-3.038503699109941,"[-13.130844490974125, 66.17036534375443, 134.544451914018, 220.34387889103152]",clock_UTC_quote
2026-01,pca_selected,m,3,61,-2.3783900102710493,"[-13.130844490974125, 66.17036534375443, 134.544451914018, 220.34387889103152]",clock_UTC_quote
2026-01,pca_selected,m,4,14,-6.718991276023867,"[-13.130844490974125, 66.17036534375443, 134.544451914018, 220.34387889103152]",clock_UTC_quote
2026-01,pca_selected,g,0,12,0.0482521632248251,"[0.9999999999998899, 1.9999999999997797, 3.9999999999995595, 5.999999999999339]",clock_UTC_quote
2026-01,pca_selected,g,1,34,-0.8872981461714913,"[0.9999999999998899, 1.9999999999997797, 3.9999999999995595, 5.999999999999339]",clock_UTC_quote
2026-01,pca_selected,g,2,52,-2.2852506879839325,"[0.9999999999998899, 1.9999999999997797, 3.9999999999995595, 5.999999999999339]",clock_UTC_quote
2026-01,pca_selected,g,3,28,-2.683100321329527,"[0.9999999999998899, 1.9999999999997797, 3.9999999999995595, 5.999999999999339]",clock_UTC_quote
2026-01,pca_selected,g,4,220,-2.161736415871194,"[0.9999999999998899, 1.9999999999997797, 3.9999999999995595, 5.999999999999339]",clock_UTC_quote
2026-01,ae_selected,m,0,25,4.29618482981684,"[-13.130844490974125, 66.17036534375443, 134.544451914018, 220.34387889103152]",clock_UTC_quote
2026-01,ae_selected,m,1,161,-1.7129741517136083,"[-13.130844490974125, 66.17036534375443, 134.544451914018, 220.34387889103152]",clock_UTC_quote
2026-01,ae_selected,m,2,85,-2.802689335159521,"[-13.130844490974125, 66.17036534375443, 134.544451914018, 220.34387889103152]",clock_UTC_quote
2026-01,ae_selected,m,3,61,-2.895837673891227,"[-13.130844490974125, 66.17036534375443, 134.544451914018, 220.34387889103152]",clock_UTC_quote
2026-01,ae_selected,m,4,14,-6.410520253571771,"[-13.130844490974125, 66.17036534375443, 134.544451914018, 220.34387889103152]",clock_UTC_quote
2026-01,ae_selected,g,0,12,-1.2806943758450264,"[0.9999999999998899, 1.9999999999997797, 3.9999999999995595, 5.999999999999339]",clock_UTC_quote
2026-01,ae_selected,g,1,34,-1.36153314785331,"[0.9999999999998899, 1.9999999999997797, 3.9999999999995595, 5.999999999999339]",clock_UTC_quote
2026-01,ae_selected,g,2,52,-3.585648986671155,"[0.9999999999998899, 1.9999999999997797, 3.9999999999995595, 5.999999999999339]",clock_UTC_quote
2026-01,ae_selected,g,3,28,-2.1389114483931637,"[0.9999999999998899, 1.9999999999997797, 3.9999999999995595, 5.999999999999339]",clock_UTC_quote
2026-01,ae_selected,g,4,220,-1.6591021155788073,"[0.9999999999998899, 1.9999999999997797, 3.9999999999995595, 5.999999999999339]",clock_UTC_quote
2026-01,ae_reconstruction_selected,m,0,25,4.29618482981684,"[-13.130844490974125, 66.17036534375443, 134.544451914018, 220.34387889103152]",clock_UTC_quote
2026-01,ae_reconstruction_selected,m,1,161,-1.7129741517136083,"[-13.130844490974125, 66.17036534375443, 134.544451914018, 220.34387889103152]",clock_UTC_quote
2026-01,ae_reconstruction_selected,m,2,85,-2.802689335159521,"[-13.130844490974125, 66.17036534375443, 134.544451914018, 220.34387889103152]",clock_UTC_quote
2026-01,ae_reconstruction_selected,m,3,61,-2.895837673891227,"[-13.130844490974125, 66.17036534375443, 134.544451914018, 220.34387889103152]",clock_UTC_quote
2026-01,ae_reconstruction_selected,m,4,14,-6.410520253571771,"[-13.130844490974125, 66.17036534375443, 134.544451914018, 220.34387889103152]",clock_UTC_quote
2026-01,ae_reconstruction_selected,g,0,12,-1.2806943758450264,"[0.9999999999998899, 1.9999999999997797, 3.9999999999995595, 5.999999999999339]",clock_UTC_quote
2026-01,ae_reconstruction_selected,g,1,34,-1.36153314785331,"[0.9999999999998899, 1.9999999999997797, 3.9999999999995595, 5.999999999999339]",clock_UTC_quote
2026-01,ae_reconstruction_selected,g,2,52,-3.585648986671155,"[0.9999999999998899, 1.9999999999997797, 3.9999999999995595, 5.999999999999339]",clock_UTC_quote
2026-01,ae_reconstruction_selected,g,3,28,-2.1389114483931637,"[0.9999999999998899, 1.9999999999997797, 3.9999999999995595, 5.999999999999339]",clock_UTC_quote
2026-01,ae_reconstruction_selected,g,4,220,-1.6591021155788073,"[0.9999999999998899, 1.9999999999997797, 3.9999999999995595, 5.999999999999339]",clock_UTC_quote
2026-02,sequential_ols,m,1,20,1.0581749904060245,"[-4.816681003881798, 60.97947548905837, 126.75056035821159, 208.14874491444186]",clock_UTC_quote
2026-02,sequential_ols,m,2,50,0.3726440185125771,"[-4.816681003881798, 60.97947548905837, 126.75056035821159, 208.14874491444186]",clock_UTC_quote
2026-02,sequential_ols,m,3,148,1.3917314758727592,"[-4.816681003881798, 60.97947548905837, 126.75056035821159, 208.14874491444186]",clock_UTC_quote
2026-02,sequential_ols,m,4,106,-2.8829229371708918,"[-4.816681003881798, 60.97947548905837, 126.75056035821159, 208.14874491444186]",clock_UTC_quote
2026-02,sequential_ols,g,0,20,-1.899346489029483,"[0.9999999999998899, 2.9999999999996696, 3.9999999999995595, 6.000000000000449]",clock_UTC_quote
2026-02,sequential_ols,g,1,44,-1.018978304220242,"[0.9999999999998899, 2.9999999999996696, 3.9999999999995595, 6.000000000000449]",clock_UTC_quote
2026-02,sequential_ols,g,2,24,1.1507908159141376,"[0.9999999999998899, 2.9999999999996696, 3.9999999999995595, 6.000000000000449]",clock_UTC_quote
2026-02,sequential_ols,g,3,143,-0.2593706307171354,"[0.9999999999998899, 2.9999999999996696, 3.9999999999995595, 6.000000000000449]",clock_UTC_quote
2026-02,sequential_ols,g,4,93,0.3491948774160712,"[0.9999999999998899, 2.9999999999996696, 3.9999999999995595, 6.000000000000449]",clock_UTC_quote
2026-02,pca_1,m,1,20,1.0249746497924532,"[-4.816681003881798, 60.97947548905837, 126.75056035821159, 208.14874491444186]",clock_UTC_quote
2026-02,pca_1,m,2,50,0.3673523339585124,"[-4.816681003881798, 60.97947548905837, 126.75056035821159, 208.14874491444186]",clock_UTC_quote
2026-02,pca_1,m,3,148,1.3630724536893897,"[-4.816681003881798, 60.97947548905837, 126.75056035821159, 208.14874491444186]",clock_UTC_quote
2026-02,pca_1,m,4,106,-2.851328232021026,"[-4.816681003881798, 60.97947548905837, 126.75056035821159, 208.14874491444186]",clock_UTC_quote
2026-02,pca_1,g,0,20,-1.9073436601470772,"[0.9999999999998899, 2.9999999999996696, 3.9999999999995595, 6.000000000000449]",clock_UTC_quote
2026-02,pca_1,g,1,44,-1.042549580869797,"[0.9999999999998899, 2.9999999999996696, 3.9999999999995595, 6.000000000000449]",clock_UTC_quote
2026-02,pca_1,g,2,24,1.1215931460876316,"[0.9999999999998899, 2.9999999999996696, 3.9999999999995595, 6.000000000000449]",clock_UTC_quote
2026-02,pca_1,g,3,143,-0.257534550204972,"[0.9999999999998899, 2.9999999999996696, 3.9999999999995595, 6.000000000000449]",clock_UTC_quote
2026-02,pca_1,g,4,93,0.3471967761289898,"[0.9999999999998899, 2.9999999999996696, 3.9999999999995595, 6.000000000000449]",clock_UTC_quote
2026-02,pca_2,m,1,20,-1.2628214924092642,"[-4.816681003881798, 60.97947548905837, 126.75056035821159, 208.14874491444186]",clock_UTC_quote
2026-02,pca_2,m,2,50,-0.0051938148482528,"[-4.816681003881798, 60.97947548905837, 126.75056035821159, 208.14874491444186]",clock_UTC_quote
2026-02,pca_2,m,3,148,-0.6955079034066416,"[-4.816681003881798, 60.97947548905837, 126.75056035821159, 208.14874491444186]",clock_UTC_quote
2026-02,pca_2,m,4,106,-0.59126267996155,"[-4.816681003881798, 60.97947548905837, 126.75056035821159, 208.14874491444186]",clock_UTC_quote
2026-02,pca_2,g,0,20,-2.5715573090152306,"[0.9999999999998899, 2.9999999999996696, 3.9999999999995595, 6.000000000000449]",clock_UTC_quote
2026-02,pca_2,g,1,44,-2.7237997581538487,"[0.9999999999998899, 2.9999999999996696, 3.9999999999995595, 6.000000000000449]",clock_UTC_quote
2026-02,pca_2,g,2,24,-0.9570763138741092,"[0.9999999999998899, 2.9999999999996696, 3.9999999999995595, 6.000000000000449]",clock_UTC_quote
2026-02,pca_2,g,3,143,-0.0972741140701946,"[0.9999999999998899, 2.9999999999996696, 3.9999999999995595, 6.000000000000449]",clock_UTC_quote
2026-02,pca_2,g,4,93,0.1831530216493036,"[0.9999999999998899, 2.9999999999996696, 3.9999999999995595, 6.000000000000449]",clock_UTC_quote
2026-02,conditional_linear,m,1,20,-0.0593113699762618,"[-4.816681003881798, 60.97947548905837, 126.75056035821159, 208.14874491444186]",clock_UTC_quote
2026-02,conditional_linear,m,2,50,-0.0950335987266738,"[-4.816681003881798, 60.97947548905837, 126.75056035821159, 208.14874491444186]",clock_UTC_quote
2026-02,conditional_linear,m,3,148,1.6785187106266888,"[-4.816681003881798, 60.97947548905837, 126.75056035821159, 208.14874491444186]",clock_UTC_quote
2026-02,conditional_linear,m,4,106,-1.81440275395686,"[-4.816681003881798, 60.97947548905837, 126.75056035821159, 208.14874491444186]",clock_UTC_quote
2026-02,conditional_linear,g,0,20,-2.316407964381996,"[0.9999999999998899, 2.9999999999996696, 3.9999999999995595, 6.000000000000449]",clock_UTC_quote
2026-02,conditional_linear,g,1,44,-1.5215262281483843,"[0.9999999999998899, 2.9999999999996696, 3.9999999999995595, 6.000000000000449]",clock_UTC_quote
2026-02,conditional_linear,g,2,24,1.5616223119599937,"[0.9999999999998899, 2.9999999999996696, 3.9999999999995595, 6.000000000000449]",clock_UTC_quote
2026-02,conditional_linear,g,3,143,0.4810101993384892,"[0.9999999999998899, 2.9999999999996696, 3.9999999999995595, 6.000000000000449]",clock_UTC_quote
2026-02,conditional_linear,g,4,93,0.6147106371095576,"[0.9999999999998899, 2.9999999999996696, 3.9999999999995595, 6.000000000000449]",clock_UTC_quote
2026-02,ae_relu_1,m,1,20,1.0463212931299912,"[-4.816681003881798, 60.97947548905837, 126.75056035821159, 208.14874491444186]",clock_UTC_quote
2026-02,ae_relu_1,m,2,50,0.3799147418043213,"[-4.816681003881798, 60.97947548905837, 126.75056035821159, 208.14874491444186]",clock_UTC_quote
2026-02,ae_relu_1,m,3,148,1.3650614860561328,"[-4.816681003881798, 60.97947548905837, 126.75056035821159, 208.14874491444186]",clock_UTC_quote
2026-02,ae_relu_1,m,4,106,-2.860348698350228,"[-4.816681003881798, 60.97947548905837, 126.75056035821159, 208.14874491444186]",clock_UTC_quote
2026-02,ae_relu_1,g,0,20,-1.9179020473875676,"[0.9999999999998899, 2.9999999999996696, 3.9999999999995595, 6.000000000000449]",clock_UTC_quote
2026-02,ae_relu_1,g,1,44,-1.0475301458850226,"[0.9999999999998899, 2.9999999999996696, 3.9999999999995595, 6.000000000000449]",clock_UTC_quote
2026-02,ae_relu_1,g,2,24,1.1139850135325335,"[0.9999999999998899, 2.9999999999996696, 3.9999999999995595, 6.000000000000449]",clock_UTC_quote
2026-02,ae_relu_1,g,3,143,-0.2618753508550159,"[0.9999999999998899, 2.9999999999996696, 3.9999999999995595, 6.000000000000449]",clock_UTC_quote
2026-02,ae_relu_1,g,4,93,0.3646903556793361,"[0.9999999999998899, 2.9999999999996696, 3.9999999999995595, 6.000000000000449]",clock_UTC_quote
2026-02,ae_relu_2,m,1,20,0.8948342011153729,"[-4.816681003881798, 60.97947548905837, 126.75056035821159, 208.14874491444186]",clock_UTC_quote
2026-02,ae_relu_2,m,2,50,-1.4026040836991265,"[-4.816681003881798, 60.97947548905837, 126.75056035821159, 208.14874491444186]",clock_UTC_quote
2026-02,ae_relu_2,m,3,148,-4.229940942428764,"[-4.816681003881798, 60.97947548905837, 126.75056035821159, 208.14874491444186]",clock_UTC_quote
2026-02,ae_relu_2,m,4,106,-9.466377671231552,"[-4.816681003881798, 60.97947548905837, 126.75056035821159, 208.14874491444186]",clock_UTC_quote
2026-02,ae_relu_2,g,0,20,-6.654866692755846,"[0.9999999999998899, 2.9999999999996696, 3.9999999999995595, 6.000000000000449]",clock_UTC_quote
2026-02,ae_relu_2,g,1,44,-5.634465728976899,"[0.9999999999998899, 2.9999999999996696, 3.9999999999995595, 6.000000000000449]",clock_UTC_quote
2026-02,ae_relu_2,g,2,24,-5.901932486728143,"[0.9999999999998899, 2.9999999999996696, 3.9999999999995595, 6.000000000000449]",clock_UTC_quote
2026-02,ae_relu_2,g,3,143,-6.407691940945382,"[0.9999999999998899, 2.9999999999996696, 3.9999999999995595, 6.000000000000449]",clock_UTC_quote
2026-02,ae_relu_2,g,4,93,-2.6101146196331757,"[0.9999999999998899, 2.9999999999996696, 3.9999999999995595, 6.000000000000449]",clock_UTC_quote
2026-02,ae_tanh_1,m,1,20,-3.939229891184573,"[-4.816681003881798, 60.97947548905837, 126.75056035821159, 208.14874491444186]",clock_UTC_quote
2026-02,ae_tanh_1,m,2,50,-2.06211665000618,"[-4.816681003881798, 60.97947548905837, 126.75056035821159, 208.14874491444186]",clock_UTC_quote
2026-02,ae_tanh_1,m,3,148,2.921730882306396,"[-4.816681003881798, 60.97947548905837, 126.75056035821159, 208.14874491444186]",clock_UTC_quote
2026-02,ae_tanh_1,m,4,106,3.1699733036439497,"[-4.816681003881798, 60.97947548905837, 126.75056035821159, 208.14874491444186]",clock_UTC_quote
2026-02,ae_tanh_1,g,0,20,-1.7549802829720142,"[0.9999999999998899, 2.9999999999996696, 3.9999999999995595, 6.000000000000449]",clock_UTC_quote
2026-02,ae_tanh_1,g,1,44,-1.2463845821314536,"[0.9999999999998899, 2.9999999999996696, 3.9999999999995595, 6.000000000000449]",clock_UTC_quote
2026-02,ae_tanh_1,g,2,24,4.288601301927631,"[0.9999999999998899, 2.9999999999996696, 3.9999999999995595, 6.000000000000449]",clock_UTC_quote
2026-02,ae_tanh_1,g,3,143,3.6899249349848655,"[0.9999999999998899, 2.9999999999996696, 3.9999999999995595, 6.000000000000449]",clock_UTC_quote
2026-02,ae_tanh_1,g,4,93,0.4935240942766682,"[0.9999999999998899, 2.9999999999996696, 3.9999999999995595, 6.000000000000449]",clock_UTC_quote
2026-02,ae_tanh_2,m,1,20,-0.8781572699578428,"[-4.816681003881798, 60.97947548905837, 126.75056035821159, 208.14874491444186]",clock_UTC_quote
2026-02,ae_tanh_2,m,2,50,-2.4647680966956766,"[-4.816681003881798, 60.97947548905837, 126.75056035821159, 208.14874491444186]",clock_UTC_quote
2026-02,ae_tanh_2,m,3,148,5.513870052079752,"[-4.816681003881798, 60.97947548905837, 126.75056035821159, 208.14874491444186]",clock_UTC_quote
2026-02,ae_tanh_2,m,4,106,8.413270848911308,"[-4.816681003881798, 60.97947548905837, 126.75056035821159, 208.14874491444186]",clock_UTC_quote
2026-02,ae_tanh_2,g,0,20,-2.593771525720008,"[0.9999999999998899, 2.9999999999996696, 3.9999999999995595, 6.000000000000449]",clock_UTC_quote
2026-02,ae_tanh_2,g,1,44,-1.045855982048134,"[0.9999999999998899, 2.9999999999996696, 3.9999999999995595, 6.000000000000449]",clock_UTC_quote
2026-02,ae_tanh_2,g,2,24,6.776834639091843,"[0.9999999999998899, 2.9999999999996696, 3.9999999999995595, 6.000000000000449]",clock_UTC_quote
2026-02,ae_tanh_2,g,3,143,7.323676682159519,"[0.9999999999998899, 2.9999999999996696, 3.9999999999995595, 6.000000000000449]",clock_UTC_quote
2026-02,ae_tanh_2,g,4,93,4.892701336515741,"[0.9999999999998899, 2.9999999999996696, 3.9999999999995595, 6.000000000000449]",clock_UTC_quote
2026-02,conditional_neural,m,1,20,-0.8950153298647179,"[-4.816681003881798, 60.97947548905837, 126.75056035821159, 208.14874491444186]",clock_UTC_quote
2026-02,conditional_neural,m,2,50,0.1810900654740181,"[-4.816681003881798, 60.97947548905837, 126.75056035821159, 208.14874491444186]",clock_UTC_quote
2026-02,conditional_neural,m,3,148,2.645895109401207,"[-4.816681003881798, 60.97947548905837, 126.75056035821159, 208.14874491444186]",clock_UTC_quote
2026-02,conditional_neural,m,4,106,-0.5483735822540787,"[-4.816681003881798, 60.97947548905837, 126.75056035821159, 208.14874491444186]",clock_UTC_quote
2026-02,conditional_neural,g,0,20,-1.8795926085357932,"[0.9999999999998899, 2.9999999999996696, 3.9999999999995595, 6.000000000000449]",clock_UTC_quote
2026-02,conditional_neural,g,1,44,-1.3753424477606406,"[0.9999999999998899, 2.9999999999996696, 3.9999999999995595, 6.000000000000449]",clock_UTC_quote
2026-02,conditional_neural,g,2,24,1.848539055235328,"[0.9999999999998899, 2.9999999999996696, 3.9999999999995595, 6.000000000000449]",clock_UTC_quote
2026-02,conditional_neural,g,3,143,1.7481724677788275,"[0.9999999999998899, 2.9999999999996696, 3.9999999999995595, 6.000000000000449]",clock_UTC_quote
2026-02,conditional_neural,g,4,93,1.3803483097098568,"[0.9999999999998899, 2.9999999999996696, 3.9999999999995595, 6.000000000000449]",clock_UTC_quote
2026-02,pca_selected,m,1,20,-1.2628214924092642,"[-4.816681003881798, 60.97947548905837, 126.75056035821159, 208.14874491444186]",clock_UTC_quote
2026-02,pca_selected,m,2,50,-0.0051938148482528,"[-4.816681003881798, 60.97947548905837, 126.75056035821159, 208.14874491444186]",clock_UTC_quote
2026-02,pca_selected,m,3,148,-0.6955079034066416,"[-4.816681003881798, 60.97947548905837, 126.75056035821159, 208.14874491444186]",clock_UTC_quote
2026-02,pca_selected,m,4,106,-0.59126267996155,"[-4.816681003881798, 60.97947548905837, 126.75056035821159, 208.14874491444186]",clock_UTC_quote
2026-02,pca_selected,g,0,20,-2.5715573090152306,"[0.9999999999998899, 2.9999999999996696, 3.9999999999995595, 6.000000000000449]",clock_UTC_quote
2026-02,pca_selected,g,1,44,-2.7237997581538487,"[0.9999999999998899, 2.9999999999996696, 3.9999999999995595, 6.000000000000449]",clock_UTC_quote
2026-02,pca_selected,g,2,24,-0.9570763138741092,"[0.9999999999998899, 2.9999999999996696, 3.9999999999995595, 6.000000000000449]",clock_UTC_quote
2026-02,pca_selected,g,3,143,-0.0972741140701946,"[0.9999999999998899, 2.9999999999996696, 3.9999999999995595, 6.000000000000449]",clock_UTC_quote
2026-02,pca_selected,g,4,93,0.1831530216493036,"[0.9999999999998899, 2.9999999999996696, 3.9999999999995595, 6.000000000000449]",clock_UTC_quote
2026-02,ae_selected,m,1,20,0.8948342011153729,"[-4.816681003881798, 60.97947548905837, 126.75056035821159, 208.14874491444186]",clock_UTC_quote
2026-02,ae_selected,m,2,50,-1.4026040836991265,"[-4.816681003881798, 60.97947548905837, 126.75056035821159, 208.14874491444186]",clock_UTC_quote
2026-02,ae_selected,m,3,148,-4.229940942428764,"[-4.816681003881798, 60.97947548905837, 126.75056035821159, 208.14874491444186]",clock_UTC_quote
2026-02,ae_selected,m,4,106,-9.466377671231552,"[-4.816681003881798, 60.97947548905837, 126.75056035821159, 208.14874491444186]",clock_UTC_quote
2026-02,ae_selected,g,0,20,-6.654866692755846,"[0.9999999999998899, 2.9999999999996696, 3.9999999999995595, 6.000000000000449]",clock_UTC_quote
2026-02,ae_selected,g,1,44,-5.634465728976899,"[0.9999999999998899, 2.9999999999996696, 3.9999999999995595, 6.000000000000449]",clock_UTC_quote
2026-02,ae_selected,g,2,24,-5.901932486728143,"[0.9999999999998899, 2.9999999999996696, 3.9999999999995595, 6.000000000000449]",clock_UTC_quote
2026-02,ae_selected,g,3,143,-6.407691940945382,"[0.9999999999998899, 2.9999999999996696, 3.9999999999995595, 6.000000000000449]",clock_UTC_quote
2026-02,ae_selected,g,4,93,-2.6101146196331757,"[0.9999999999998899, 2.9999999999996696, 3.9999999999995595, 6.000000000000449]",clock_UTC_quote
2026-02,ae_reconstruction_selected,m,1,20,0.8948342011153729,"[-4.816681003881798, 60.97947548905837, 126.75056035821159, 208.14874491444186]",clock_UTC_quote
2026-02,ae_reconstruction_selected,m,2,50,-1.4026040836991265,"[-4.816681003881798, 60.97947548905837, 126.75056035821159, 208.14874491444186]",clock_UTC_quote
2026-02,ae_reconstruction_selected,m,3,148,-4.229940942428764,"[-4.816681003881798, 60.97947548905837, 126.75056035821159, 208.14874491444186]",clock_UTC_quote
2026-02,ae_reconstruction_selected,m,4,106,-9.466377671231552,"[-4.816681003881798, 60.97947548905837, 126.75056035821159, 208.14874491444186]",clock_UTC_quote
2026-02,ae_reconstruction_selected,g,0,20,-6.654866692755846,"[0.9999999999998899, 2.9999999999996696, 3.9999999999995595, 6.000000000000449]",clock_UTC_quote
2026-02,ae_reconstruction_selected,g,1,44,-5.634465728976899,"[0.9999999999998899, 2.9999999999996696, 3.9999999999995595, 6.000000000000449]",clock_UTC_quote
2026-02,ae_reconstruction_selected,g,2,24,-5.901932486728143,"[0.9999999999998899, 2.9999999999996696, 3.9999999999995595, 6.000000000000449]",clock_UTC_quote
2026-02,ae_reconstruction_selected,g,3,143,-6.407691940945382,"[0.9999999999998899, 2.9999999999996696, 3.9999999999995595, 6.000000000000449]",clock_UTC_quote
2026-02,ae_reconstruction_selected,g,4,93,-2.6101146196331757,"[0.9999999999998899, 2.9999999999996696, 3.9999999999995595, 6.000000000000449]",clock_UTC_quote
2026-03,sequential_ols,m,0,228,-2.884016190381064,"[3.8010047987667184, 71.12713385870758, 139.75663359004056, 214.12742997857694]",clock_UTC_quote
2026-03,sequential_ols,m,1,9,-4.850620065357755,"[3.8010047987667184, 71.12713385870758, 139.75663359004056, 214.12742997857694]",clock_UTC_quote
2026-03,sequential_ols,g,0,80,-3.621408792081553,"[0.9999999999998899, 2.9999999999996696, 3.9999999999995595, 6.000000000000449]",clock_UTC_quote
2026-03,sequential_ols,g,1,138,-1.9968005034109624,"[0.9999999999998899, 2.9999999999996696, 3.9999999999995595, 6.000000000000449]",clock_UTC_quote
2026-03,sequential_ols,g,2,15,-10.654870387969568,"[0.9999999999998899, 2.9999999999996696, 3.9999999999995595, 6.000000000000449]",clock_UTC_quote
2026-03,sequential_ols,g,3,4,5.97073916541957,"[0.9999999999998899, 2.9999999999996696, 3.9999999999995595, 6.000000000000449]",clock_UTC_quote
2026-03,pca_1,m,0,228,-2.867233523923844,"[3.8010047987667184, 71.12713385870758, 139.75663359004056, 214.12742997857694]",clock_UTC_quote
2026-03,pca_1,m,1,9,-4.822069328688313,"[3.8010047987667184, 71.12713385870758, 139.75663359004056, 214.12742997857694]",clock_UTC_quote
2026-03,pca_1,g,0,80,-3.5889738253042696,"[0.9999999999998899, 2.9999999999996696, 3.9999999999995595, 6.000000000000449]",clock_UTC_quote
2026-03,pca_1,g,1,138,-1.989791337703697,"[0.9999999999998899, 2.9999999999996696, 3.9999999999995595, 6.000000000000449]",clock_UTC_quote
2026-03,pca_1,g,2,15,-10.586542453194587,"[0.9999999999998899, 2.9999999999996696, 3.9999999999995595, 6.000000000000449]",clock_UTC_quote
2026-03,pca_1,g,3,4,5.844845003134843,"[0.9999999999998899, 2.9999999999996696, 3.9999999999995595, 6.000000000000449]",clock_UTC_quote
2026-03,pca_2,m,0,228,-2.2090293852413576,"[3.8010047987667184, 71.12713385870758, 139.75663359004056, 214.12742997857694]",clock_UTC_quote
2026-03,pca_2,m,1,9,-3.3056160637534635,"[3.8010047987667184, 71.12713385870758, 139.75663359004056, 214.12742997857694]",clock_UTC_quote
2026-03,pca_2,g,0,80,-2.009155086716869,"[0.9999999999998899, 2.9999999999996696, 3.9999999999995595, 6.000000000000449]",clock_UTC_quote
2026-03,pca_2,g,1,138,-1.8815570617209905,"[0.9999999999998899, 2.9999999999996696, 3.9999999999995595, 6.000000000000449]",clock_UTC_quote
2026-03,pca_2,g,2,15,-7.105959805356227,"[0.9999999999998899, 2.9999999999996696, 3.9999999999995595, 6.000000000000449]",clock_UTC_quote
2026-03,pca_2,g,3,4,-1.608141468405261,"[0.9999999999998899, 2.9999999999996696, 3.9999999999995595, 6.000000000000449]",clock_UTC_quote
2026-03,conditional_linear,m,0,228,-5.052666288094258,"[3.8010047987667184, 71.12713385870758, 139.75663359004056, 214.12742997857694]",clock_UTC_quote
2026-03,conditional_linear,m,1,9,-5.186216562906117,"[3.8010047987667184, 71.12713385870758, 139.75663359004056, 214.12742997857694]",clock_UTC_quote
2026-03,conditional_linear,g,0,80,-5.715311217037147,"[0.9999999999998899, 2.9999999999996696, 3.9999999999995595, 6.000000000000449]",clock_UTC_quote
2026-03,conditional_linear,g,1,138,-4.206840497434608,"[0.9999999999998899, 2.9999999999996696, 3.9999999999995595, 6.000000000000449]",clock_UTC_quote
2026-03,conditional_linear,g,2,15,-11.638335298146693,"[0.9999999999998899, 2.9999999999996696, 3.9999999999995595, 6.000000000000449]",clock_UTC_quote
2026-03,conditional_linear,g,3,4,3.415013182375528,"[0.9999999999998899, 2.9999999999996696, 3.9999999999995595, 6.000000000000449]",clock_UTC_quote
2026-03,ae_relu_1,m,0,228,-2.819137862699212,"[3.8010047987667184, 71.12713385870758, 139.75663359004056, 214.12742997857694]",clock_UTC_quote
2026-03,ae_relu_1,m,1,9,-4.809779000817681,"[3.8010047987667184, 71.12713385870758, 139.75663359004056, 214.12742997857694]",clock_UTC_quote
2026-03,ae_relu_1,g,0,80,-3.5518190705875696,"[0.9999999999998899, 2.9999999999996696, 3.9999999999995595, 6.000000000000449]",clock_UTC_quote
2026-03,ae_relu_1,g,1,138,-1.9395939707537184,"[0.9999999999998899, 2.9999999999996696, 3.9999999999995595, 6.000000000000449]",clock_UTC_quote
2026-03,ae_relu_1,g,2,15,-10.527012618731693,"[0.9999999999998899, 2.9999999999996696, 3.9999999999995595, 6.000000000000449]",clock_UTC_quote
2026-03,ae_relu_1,g,3,4,5.915809797303719,"[0.9999999999998899, 2.9999999999996696, 3.9999999999995595, 6.000000000000449]",clock_UTC_quote
2026-03,ae_relu_2,m,0,228,-0.5316119289373766,"[3.8010047987667184, 71.12713385870758, 139.75663359004056, 214.12742997857694]",clock_UTC_quote
2026-03,ae_relu_2,m,1,9,-2.9148479662306013,"[3.8010047987667184, 71.12713385870758, 139.75663359004056, 214.12742997857694]",clock_UTC_quote
2026-03,ae_relu_2,g,0,80,-0.6679722606331705,"[0.9999999999998899, 2.9999999999996696, 3.9999999999995595, 6.000000000000449]",clock_UTC_quote
2026-03,ae_relu_2,g,1,138,-0.1198513213513227,"[0.9999999999998899, 2.9999999999996696, 3.9999999999995595, 6.000000000000449]",clock_UTC_quote
2026-03,ae_relu_2,g,2,15,-5.393885919578919,"[0.9999999999998899, 2.9999999999996696, 3.9999999999995595, 6.000000000000449]",clock_UTC_quote
2026-03,ae_relu_2,g,3,4,0.8611001242556604,"[0.9999999999998899, 2.9999999999996696, 3.9999999999995595, 6.000000000000449]",clock_UTC_quote
2026-03,ae_tanh_1,m,0,228,-3.420890967185565,"[3.8010047987667184, 71.12713385870758, 139.75663359004056, 214.12742997857694]",clock_UTC_quote
2026-03,ae_tanh_1,m,1,9,-9.761468517415835,"[3.8010047987667184, 71.12713385870758, 139.75663359004056, 214.12742997857694]",clock_UTC_quote
2026-03,ae_tanh_1,g,0,80,-5.532805091859244,"[0.9999999999998899, 2.9999999999996696, 3.9999999999995595, 6.000000000000449]",clock_UTC_quote
2026-03,ae_tanh_1,g,1,138,-1.950892635470928,"[0.9999999999998899, 2.9999999999996696, 3.9999999999995595, 6.000000000000449]",clock_UTC_quote
2026-03,ae_tanh_1,g,2,15,-12.020048051814866,"[0.9999999999998899, 2.9999999999996696, 3.9999999999995595, 6.000000000000449]",clock_UTC_quote
2026-03,ae_tanh_1,g,3,4,6.0829886614747934,"[0.9999999999998899, 2.9999999999996696, 3.9999999999995595, 6.000000000000449]",clock_UTC_quote
2026-03,ae_tanh_2,m,0,228,-0.3712730351519655,"[3.8010047987667184, 71.12713385870758, 139.75663359004056, 214.12742997857694]",clock_UTC_quote
2026-03,ae_tanh_2,m,1,9,-10.546242754966736,"[3.8010047987667184, 71.12713385870758, 139.75663359004056, 214.12742997857694]",clock_UTC_quote
2026-03,ae_tanh_2,g,0,80,-3.312434614312588,"[0.9999999999998899, 2.9999999999996696, 3.9999999999995595, 6.000000000000449]",clock_UTC_quote
2026-03,ae_tanh_2,g,1,138,1.379676008936793,"[0.9999999999998899, 2.9999999999996696, 3.9999999999995595, 6.000000000000449]",clock_UTC_quote
2026-03,ae_tanh_2,g,2,15,-9.2460095208832,"[0.9999999999998899, 2.9999999999996696, 3.9999999999995595, 6.000000000000449]",clock_UTC_quote
2026-03,ae_tanh_2,g,3,4,8.43079647890719,"[0.9999999999998899, 2.9999999999996696, 3.9999999999995595, 6.000000000000449]",clock_UTC_quote
2026-03,conditional_neural,m,0,228,-5.957130726864639,"[3.8010047987667184, 71.12713385870758, 139.75663359004056, 214.12742997857694]",clock_UTC_quote
2026-03,conditional_neural,m,1,9,-5.784343293801723,"[3.8010047987667184, 71.12713385870758, 139.75663359004056, 214.12742997857694]",clock_UTC_quote
2026-03,conditional_neural,g,0,80,-6.510760569800334,"[0.9999999999998899, 2.9999999999996696, 3.9999999999995595, 6.000000000000449]",clock_UTC_quote
2026-03,conditional_neural,g,1,138,-4.883173734630173,"[0.9999999999998899, 2.9999999999996696, 3.9999999999995595, 6.000000000000449]",clock_UTC_quote
2026-03,conditional_neural,g,2,15,-13.068617604871184,"[0.9999999999998899, 2.9999999999996696, 3.9999999999995595, 6.000000000000449]",clock_UTC_quote
2026-03,conditional_neural,g,3,4,-4.87920258332375,"[0.9999999999998899, 2.9999999999996696, 3.9999999999995595, 6.000000000000449]",clock_UTC_quote
2026-03,pca_selected,m,0,228,-2.2090293852413576,"[3.8010047987667184, 71.12713385870758, 139.75663359004056, 214.12742997857694]",clock_UTC_quote
2026-03,pca_selected,m,1,9,-3.3056160637534635,"[3.8010047987667184, 71.12713385870758, 139.75663359004056, 214.12742997857694]",clock_UTC_quote
2026-03,pca_selected,g,0,80,-2.009155086716869,"[0.9999999999998899, 2.9999999999996696, 3.9999999999995595, 6.000000000000449]",clock_UTC_quote
2026-03,pca_selected,g,1,138,-1.8815570617209905,"[0.9999999999998899, 2.9999999999996696, 3.9999999999995595, 6.000000000000449]",clock_UTC_quote
2026-03,pca_selected,g,2,15,-7.105959805356227,"[0.9999999999998899, 2.9999999999996696, 3.9999999999995595, 6.000000000000449]",clock_UTC_quote
2026-03,pca_selected,g,3,4,-1.608141468405261,"[0.9999999999998899, 2.9999999999996696, 3.9999999999995595, 6.000000000000449]",clock_UTC_quote
2026-03,ae_selected,m,0,228,-0.5316119289373766,"[3.8010047987667184, 71.12713385870758, 139.75663359004056, 214.12742997857694]",clock_UTC_quote
2026-03,ae_selected,m,1,9,-2.9148479662306013,"[3.8010047987667184, 71.12713385870758, 139.75663359004056, 214.12742997857694]",clock_UTC_quote
2026-03,ae_selected,g,0,80,-0.6679722606331705,"[0.9999999999998899, 2.9999999999996696, 3.9999999999995595, 6.000000000000449]",clock_UTC_quote
2026-03,ae_selected,g,1,138,-0.1198513213513227,"[0.9999999999998899, 2.9999999999996696, 3.9999999999995595, 6.000000000000449]",clock_UTC_quote
2026-03,ae_selected,g,2,15,-5.393885919578919,"[0.9999999999998899, 2.9999999999996696, 3.9999999999995595, 6.000000000000449]",clock_UTC_quote
2026-03,ae_selected,g,3,4,0.8611001242556604,"[0.9999999999998899, 2.9999999999996696, 3.9999999999995595, 6.000000000000449]",clock_UTC_quote
2026-03,ae_reconstruction_selected,m,0,228,-0.5316119289373766,"[3.8010047987667184, 71.12713385870758, 139.75663359004056, 214.12742997857694]",clock_UTC_quote
2026-03,ae_reconstruction_selected,m,1,9,-2.9148479662306013,"[3.8010047987667184, 71.12713385870758, 139.75663359004056, 214.12742997857694]",clock_UTC_quote
2026-03,ae_reconstruction_selected,g,0,80,-0.6679722606331705,"[0.9999999999998899, 2.9999999999996696, 3.9999999999995595, 6.000000000000449]",clock_UTC_quote
2026-03,ae_reconstruction_selected,g,1,138,-0.1198513213513227,"[0.9999999999998899, 2.9999999999996696, 3.9999999999995595, 6.000000000000449]",clock_UTC_quote
2026-03,ae_reconstruction_selected,g,2,15,-5.393885919578919,"[0.9999999999998899, 2.9999999999996696, 3.9999999999995595, 6.000000000000449]",clock_UTC_quote
2026-03,ae_reconstruction_selected,g,3,4,0.8611001242556604,"[0.9999999999998899, 2.9999999999996696, 3.9999999999995595, 6.000000000000449]",clock_UTC_quote
2025-08,sequential_ols,m,0,20,1.0939586637775782,"[-122.27730229814391, -40.81283893584801, 74.68033258496645, 125.27400435085063]",clock_NY_quote
2025-08,sequential_ols,m,1,74,0.4279780237968167,"[-122.27730229814391, -40.81283893584801, 74.68033258496645, 125.27400435085063]",clock_NY_quote
2025-08,sequential_ols,m,2,198,2.2667071657514266,"[-122.27730229814391, -40.81283893584801, 74.68033258496645, 125.27400435085063]",clock_NY_quote
2025-08,sequential_ols,m,3,55,0.3932880081448989,"[-122.27730229814391, -40.81283893584801, 74.68033258496645, 125.27400435085063]",clock_NY_quote
2025-08,sequential_ols,m,4,10,-2.62658001013766,"[-122.27730229814391, -40.81283893584801, 74.68033258496645, 125.27400435085063]",clock_NY_quote
2025-08,sequential_ols,g,0,177,2.774698540138589,"[1.9999999999997797, 2.9999999999996696, 3.9999999999995595, 6.000000000000449]",clock_NY_quote
2025-08,sequential_ols,g,1,75,2.131754796787376,"[1.9999999999997797, 2.9999999999996696, 3.9999999999995595, 6.000000000000449]",clock_NY_quote
2025-08,sequential_ols,g,2,36,0.6089242829620409,"[1.9999999999997797, 2.9999999999996696, 3.9999999999995595, 6.000000000000449]",clock_NY_quote
2025-08,sequential_ols,g,3,33,0.9664227386631974,"[1.9999999999997797, 2.9999999999996696, 3.9999999999995595, 6.000000000000449]",clock_NY_quote
2025-08,sequential_ols,g,4,36,-5.752607492339192,"[1.9999999999997797, 2.9999999999996696, 3.9999999999995595, 6.000000000000449]",clock_NY_quote
2025-08,pca_1,m,0,20,1.0929363690452198,"[-122.27730229814391, -40.81283893584801, 74.68033258496645, 125.27400435085063]",clock_NY_quote
2025-08,pca_1,m,1,74,0.4262076392750198,"[-122.27730229814391, -40.81283893584801, 74.68033258496645, 125.27400435085063]",clock_NY_quote
2025-08,pca_1,m,2,198,2.2653861974358525,"[-122.27730229814391, -40.81283893584801, 74.68033258496645, 125.27400435085063]",clock_NY_quote
2025-08,pca_1,m,3,55,0.3938974470829156,"[-122.27730229814391, -40.81283893584801, 74.68033258496645, 125.27400435085063]",clock_NY_quote
2025-08,pca_1,m,4,10,-2.625278372390383,"[-122.27730229814391, -40.81283893584801, 74.68033258496645, 125.27400435085063]",clock_NY_quote
2025-08,pca_1,g,0,177,2.774404364146108,"[1.9999999999997797, 2.9999999999996696, 3.9999999999995595, 6.000000000000449]",clock_NY_quote
2025-08,pca_1,g,1,75,2.1280717540641985,"[1.9999999999997797, 2.9999999999996696, 3.9999999999995595, 6.000000000000449]",clock_NY_quote
2025-08,pca_1,g,2,36,0.6068960188525955,"[1.9999999999997797, 2.9999999999996696, 3.9999999999995595, 6.000000000000449]",clock_NY_quote
2025-08,pca_1,g,3,33,0.9632599943180624,"[1.9999999999997797, 2.9999999999996696, 3.9999999999995595, 6.000000000000449]",clock_NY_quote
2025-08,pca_1,g,4,36,-5.748740412629284,"[1.9999999999997797, 2.9999999999996696, 3.9999999999995595, 6.000000000000449]",clock_NY_quote
2025-08,pca_2,m,0,20,0.4879564122419061,"[-122.27730229814391, -40.81283893584801, 74.68033258496645, 125.27400435085063]",clock_NY_quote
2025-08,pca_2,m,1,74,-1.0638253506138209,"[-122.27730229814391, -40.81283893584801, 74.68033258496645, 125.27400435085063]",clock_NY_quote
2025-08,pca_2,m,2,198,0.8120422533566702,"[-122.27730229814391, -40.81283893584801, 74.68033258496645, 125.27400435085063]",clock_NY_quote
2025-08,pca_2,m,3,55,1.622962462263264,"[-122.27730229814391, -40.81283893584801, 74.68033258496645, 125.27400435085063]",clock_NY_quote
2025-08,pca_2,m,4,10,0.3799047215253537,"[-122.27730229814391, -40.81283893584801, 74.68033258496645, 125.27400435085063]",clock_NY_quote
2025-08,pca_2,g,0,177,2.103613505462656,"[1.9999999999997797, 2.9999999999996696, 3.9999999999995595, 6.000000000000449]",clock_NY_quote
2025-08,pca_2,g,1,75,1.0386364596043007,"[1.9999999999997797, 2.9999999999996696, 3.9999999999995595, 6.000000000000449]",clock_NY_quote
2025-08,pca_2,g,2,36,-1.2594127347279784,"[1.9999999999997797, 2.9999999999996696, 3.9999999999995595, 6.000000000000449]",clock_NY_quote
2025-08,pca_2,g,3,33,-1.2053700166134709,"[1.9999999999997797, 2.9999999999996696, 3.9999999999995595, 6.000000000000449]",clock_NY_quote
2025-08,pca_2,g,4,36,-5.006634856527549,"[1.9999999999997797, 2.9999999999996696, 3.9999999999995595, 6.000000000000449]",clock_NY_quote
2025-08,conditional_linear,m,0,20,-2.6091909396776174,"[-122.27730229814391, -40.81283893584801, 74.68033258496645, 125.27400435085063]",clock_NY_quote
2025-08,conditional_linear,m,1,74,-2.249685830155458,"[-122.27730229814391, -40.81283893584801, 74.68033258496645, 125.27400435085063]",clock_NY_quote
2025-08,conditional_linear,m,2,198,3.242249153489687,"[-122.27730229814391, -40.81283893584801, 74.68033258496645, 125.27400435085063]",clock_NY_quote
2025-08,conditional_linear,m,3,55,3.621041344713895,"[-122.27730229814391, -40.81283893584801, 74.68033258496645, 125.27400435085063]",clock_NY_quote
2025-08,conditional_linear,m,4,10,-0.8783018026250332,"[-122.27730229814391, -40.81283893584801, 74.68033258496645, 125.27400435085063]",clock_NY_quote
2025-08,conditional_linear,g,0,177,2.571121094461434,"[1.9999999999997797, 2.9999999999996696, 3.9999999999995595, 6.000000000000449]",clock_NY_quote
2025-08,conditional_linear,g,1,75,2.823599274886968,"[1.9999999999997797, 2.9999999999996696, 3.9999999999995595, 6.000000000000449]",clock_NY_quote
2025-08,conditional_linear,g,2,36,0.9010552078571384,"[1.9999999999997797, 2.9999999999996696, 3.9999999999995595, 6.000000000000449]",clock_NY_quote
2025-08,conditional_linear,g,3,33,0.8282858680300738,"[1.9999999999997797, 2.9999999999996696, 3.9999999999995595, 6.000000000000449]",clock_NY_quote
2025-08,conditional_linear,g,4,36,-3.137521732364726,"[1.9999999999997797, 2.9999999999996696, 3.9999999999995595, 6.000000000000449]",clock_NY_quote
2025-08,ae_relu_1,m,0,20,1.0929339312687738,"[-122.27730229814391, -40.81283893584801, 74.68033258496645, 125.27400435085063]",clock_NY_quote
2025-08,ae_relu_1,m,1,74,0.4262040689567313,"[-122.27730229814391, -40.81283893584801, 74.68033258496645, 125.27400435085063]",clock_NY_quote
2025-08,ae_relu_1,m,2,198,2.265386069426313,"[-122.27730229814391, -40.81283893584801, 74.68033258496645, 125.27400435085063]",clock_NY_quote
2025-08,ae_relu_1,m,3,55,0.3939062669546945,"[-122.27730229814391, -40.81283893584801, 74.68033258496645, 125.27400435085063]",clock_NY_quote
2025-08,ae_relu_1,m,4,10,-2.625271561190567,"[-122.27730229814391, -40.81283893584801, 74.68033258496645, 125.27400435085063]",clock_NY_quote
2025-08,ae_relu_1,g,0,177,2.7744055724729644,"[1.9999999999997797, 2.9999999999996696, 3.9999999999995595, 6.000000000000449]",clock_NY_quote
2025-08,ae_relu_1,g,1,75,2.128071532935332,"[1.9999999999997797, 2.9999999999996696, 3.9999999999995595, 6.000000000000449]",clock_NY_quote
2025-08,ae_relu_1,g,2,36,0.6068950419917815,"[1.9999999999997797, 2.9999999999996696, 3.9999999999995595, 6.000000000000449]",clock_NY_quote
2025-08,ae_relu_1,g,3,33,0.963258368586976,"[1.9999999999997797, 2.9999999999996696, 3.9999999999995595, 6.000000000000449]",clock_NY_quote
2025-08,ae_relu_1,g,4,36,-5.748737456326466,"[1.9999999999997797, 2.9999999999996696, 3.9999999999995595, 6.000000000000449]",clock_NY_quote
2025-08,ae_relu_2,m,0,20,0.5511940477040312,"[-122.27730229814391, -40.81283893584801, 74.68033258496645, 125.27400435085063]",clock_NY_quote
2025-08,ae_relu_2,m,1,74,0.8790644895264043,"[-122.27730229814391, -40.81283893584801, 74.68033258496645, 125.27400435085063]",clock_NY_quote
2025-08,ae_relu_2,m,2,198,2.166454237551242,"[-122.27730229814391, -40.81283893584801, 74.68033258496645, 125.27400435085063]",clock_NY_quote
2025-08,ae_relu_2,m,3,55,0.0164254193829832,"[-122.27730229814391, -40.81283893584801, 74.68033258496645, 125.27400435085063]",clock_NY_quote
2025-08,ae_relu_2,m,4,10,-2.911718549285996,"[-122.27730229814391, -40.81283893584801, 74.68033258496645, 125.27400435085063]",clock_NY_quote
2025-08,ae_relu_2,g,0,177,2.271547062885669,"[1.9999999999997797, 2.9999999999996696, 3.9999999999995595, 6.000000000000449]",clock_NY_quote
2025-08,ae_relu_2,g,1,75,1.886216948305932,"[1.9999999999997797, 2.9999999999996696, 3.9999999999995595, 6.000000000000449]",clock_NY_quote
2025-08,ae_relu_2,g,2,36,0.6111780734836861,"[1.9999999999997797, 2.9999999999996696, 3.9999999999995595, 6.000000000000449]",clock_NY_quote
2025-08,ae_relu_2,g,3,33,1.605196773444206,"[1.9999999999997797, 2.9999999999996696, 3.9999999999995595, 6.000000000000449]",clock_NY_quote
2025-08,ae_relu_2,g,4,36,-3.935700017649869,"[1.9999999999997797, 2.9999999999996696, 3.9999999999995595, 6.000000000000449]",clock_NY_quote
2025-08,ae_tanh_1,m,0,20,-4.658237448002437,"[-122.27730229814391, -40.81283893584801, 74.68033258496645, 125.27400435085063]",clock_NY_quote
2025-08,ae_tanh_1,m,1,74,-1.083147811527967,"[-122.27730229814391, -40.81283893584801, 74.68033258496645, 125.27400435085063]",clock_NY_quote
2025-08,ae_tanh_1,m,2,198,6.243013872103901,"[-122.27730229814391, -40.81283893584801, 74.68033258496645, 125.27400435085063]",clock_NY_quote
2025-08,ae_tanh_1,m,3,55,3.982224248470127,"[-122.27730229814391, -40.81283893584801, 74.68033258496645, 125.27400435085063]",clock_NY_quote
2025-08,ae_tanh_1,m,4,10,-4.10488816347227,"[-122.27730229814391, -40.81283893584801, 74.68033258496645, 125.27400435085063]",clock_NY_quote
2025-08,ae_tanh_1,g,0,177,3.518455562650136,"[1.9999999999997797, 2.9999999999996696, 3.9999999999995595, 6.000000000000449]",clock_NY_quote
2025-08,ae_tanh_1,g,1,75,4.709265597190227,"[1.9999999999997797, 2.9999999999996696, 3.9999999999995595, 6.000000000000449]",clock_NY_quote
2025-08,ae_tanh_1,g,2,36,2.651481922034678,"[1.9999999999997797, 2.9999999999996696, 3.9999999999995595, 6.000000000000449]",clock_NY_quote
2025-08,ae_tanh_1,g,3,33,3.337537076899717,"[1.9999999999997797, 2.9999999999996696, 3.9999999999995595, 6.000000000000449]",clock_NY_quote
2025-08,ae_tanh_1,g,4,36,1.644969016258563,"[1.9999999999997797, 2.9999999999996696, 3.9999999999995595, 6.000000000000449]",clock_NY_quote
2025-08,ae_tanh_2,m,0,20,-4.30038375069193,"[-122.27730229814391, -40.81283893584801, 74.68033258496645, 125.27400435085063]",clock_NY_quote
2025-08,ae_tanh_2,m,1,74,-2.053994872600183,"[-122.27730229814391, -40.81283893584801, 74.68033258496645, 125.27400435085063]",clock_NY_quote
2025-08,ae_tanh_2,m,2,198,5.673565427936265,"[-122.27730229814391, -40.81283893584801, 74.68033258496645, 125.27400435085063]",clock_NY_quote
2025-08,ae_tanh_2,m,3,55,5.199816474301941,"[-122.27730229814391, -40.81283893584801, 74.68033258496645, 125.27400435085063]",clock_NY_quote
2025-08,ae_tanh_2,m,4,10,-1.9051318006173676,"[-122.27730229814391, -40.81283893584801, 74.68033258496645, 125.27400435085063]",clock_NY_quote
2025-08,ae_tanh_2,g,0,177,3.948135388080245,"[1.9999999999997797, 2.9999999999996696, 3.9999999999995595, 6.000000000000449]",clock_NY_quote
2025-08,ae_tanh_2,g,1,75,4.761751101982955,"[1.9999999999997797, 2.9999999999996696, 3.9999999999995595, 6.000000000000449]",clock_NY_quote
2025-08,ae_tanh_2,g,2,36,2.2243479547389544,"[1.9999999999997797, 2.9999999999996696, 3.9999999999995595, 6.000000000000449]",clock_NY_quote
2025-08,ae_tanh_2,g,3,33,1.6478324359283425,"[1.9999999999997797, 2.9999999999996696, 3.9999999999995595, 6.000000000000449]",clock_NY_quote
2025-08,ae_tanh_2,g,4,36,-1.058473496377819,"[1.9999999999997797, 2.9999999999996696, 3.9999999999995595, 6.000000000000449]",clock_NY_quote
2025-08,conditional_neural,m,0,20,1.0901302499465857,"[-122.27730229814391, -40.81283893584801, 74.68033258496645, 125.27400435085063]",clock_NY_quote
2025-08,conditional_neural,m,1,74,0.1626342062977571,"[-122.27730229814391, -40.81283893584801, 74.68033258496645, 125.27400435085063]",clock_NY_quote
2025-08,conditional_neural,m,2,198,1.976198271501757,"[-122.27730229814391, -40.81283893584801, 74.68033258496645, 125.27400435085063]",clock_NY_quote
2025-08,conditional_neural,m,3,55,-0.0259060651747943,"[-122.27730229814391, -40.81283893584801, 74.68033258496645, 125.27400435085063]",clock_NY_quote
2025-08,conditional_neural,m,4,10,-3.894730422312868,"[-122.27730229814391, -40.81283893584801, 74.68033258496645, 125.27400435085063]",clock_NY_quote
2025-08,conditional_neural,g,0,177,1.9816555524168509,"[1.9999999999997797, 2.9999999999996696, 3.9999999999995595, 6.000000000000449]",clock_NY_quote
2025-08,conditional_neural,g,1,75,1.620816775500128,"[1.9999999999997797, 2.9999999999996696, 3.9999999999995595, 6.000000000000449]",clock_NY_quote
2025-08,conditional_neural,g,2,36,0.2797424712829947,"[1.9999999999997797, 2.9999999999996696, 3.9999999999995595, 6.000000000000449]",clock_NY_quote
2025-08,conditional_neural,g,3,33,1.8461795781557944,"[1.9999999999997797, 2.9999999999996696, 3.9999999999995595, 6.000000000000449]",clock_NY_quote
2025-08,conditional_neural,g,4,36,-4.404341382529166,"[1.9999999999997797, 2.9999999999996696, 3.9999999999995595, 6.000000000000449]",clock_NY_quote
2025-08,pca_selected,m,0,20,0.4879564122419061,"[-122.27730229814391, -40.81283893584801, 74.68033258496645, 125.27400435085063]",clock_NY_quote
2025-08,pca_selected,m,1,74,-1.0638253506138209,"[-122.27730229814391, -40.81283893584801, 74.68033258496645, 125.27400435085063]",clock_NY_quote
2025-08,pca_selected,m,2,198,0.8120422533566702,"[-122.27730229814391, -40.81283893584801, 74.68033258496645, 125.27400435085063]",clock_NY_quote
2025-08,pca_selected,m,3,55,1.622962462263264,"[-122.27730229814391, -40.81283893584801, 74.68033258496645, 125.27400435085063]",clock_NY_quote
2025-08,pca_selected,m,4,10,0.3799047215253537,"[-122.27730229814391, -40.81283893584801, 74.68033258496645, 125.27400435085063]",clock_NY_quote
2025-08,pca_selected,g,0,177,2.103613505462656,"[1.9999999999997797, 2.9999999999996696, 3.9999999999995595, 6.000000000000449]",clock_NY_quote
2025-08,pca_selected,g,1,75,1.0386364596043007,"[1.9999999999997797, 2.9999999999996696, 3.9999999999995595, 6.000000000000449]",clock_NY_quote
2025-08,pca_selected,g,2,36,-1.2594127347279784,"[1.9999999999997797, 2.9999999999996696, 3.9999999999995595, 6.000000000000449]",clock_NY_quote
2025-08,pca_selected,g,3,33,-1.2053700166134709,"[1.9999999999997797, 2.9999999999996696, 3.9999999999995595, 6.000000000000449]",clock_NY_quote
2025-08,pca_selected,g,4,36,-5.006634856527549,"[1.9999999999997797, 2.9999999999996696, 3.9999999999995595, 6.000000000000449]",clock_NY_quote
2025-08,ae_selected,m,0,20,1.0929339312687738,"[-122.27730229814391, -40.81283893584801, 74.68033258496645, 125.27400435085063]",clock_NY_quote
2025-08,ae_selected,m,1,74,0.4262040689567313,"[-122.27730229814391, -40.81283893584801, 74.68033258496645, 125.27400435085063]",clock_NY_quote
2025-08,ae_selected,m,2,198,2.265386069426313,"[-122.27730229814391, -40.81283893584801, 74.68033258496645, 125.27400435085063]",clock_NY_quote
2025-08,ae_selected,m,3,55,0.3939062669546945,"[-122.27730229814391, -40.81283893584801, 74.68033258496645, 125.27400435085063]",clock_NY_quote
2025-08,ae_selected,m,4,10,-2.625271561190567,"[-122.27730229814391, -40.81283893584801, 74.68033258496645, 125.27400435085063]",clock_NY_quote
2025-08,ae_selected,g,0,177,2.7744055724729644,"[1.9999999999997797, 2.9999999999996696, 3.9999999999995595, 6.000000000000449]",clock_NY_quote
2025-08,ae_selected,g,1,75,2.128071532935332,"[1.9999999999997797, 2.9999999999996696, 3.9999999999995595, 6.000000000000449]",clock_NY_quote
2025-08,ae_selected,g,2,36,0.6068950419917815,"[1.9999999999997797, 2.9999999999996696, 3.9999999999995595, 6.000000000000449]",clock_NY_quote
2025-08,ae_selected,g,3,33,0.963258368586976,"[1.9999999999997797, 2.9999999999996696, 3.9999999999995595, 6.000000000000449]",clock_NY_quote
2025-08,ae_selected,g,4,36,-5.748737456326466,"[1.9999999999997797, 2.9999999999996696, 3.9999999999995595, 6.000000000000449]",clock_NY_quote
2025-08,ae_reconstruction_selected,m,0,20,1.0929339312687738,"[-122.27730229814391, -40.81283893584801, 74.68033258496645, 125.27400435085063]",clock_NY_quote
2025-08,ae_reconstruction_selected,m,1,74,0.4262040689567313,"[-122.27730229814391, -40.81283893584801, 74.68033258496645, 125.27400435085063]",clock_NY_quote
2025-08,ae_reconstruction_selected,m,2,198,2.265386069426313,"[-122.27730229814391, -40.81283893584801, 74.68033258496645, 125.27400435085063]",clock_NY_quote
2025-08,ae_reconstruction_selected,m,3,55,0.3939062669546945,"[-122.27730229814391, -40.81283893584801, 74.68033258496645, 125.27400435085063]",clock_NY_quote
2025-08,ae_reconstruction_selected,m,4,10,-2.625271561190567,"[-122.27730229814391, -40.81283893584801, 74.68033258496645, 125.27400435085063]",clock_NY_quote
2025-08,ae_reconstruction_selected,g,0,177,2.7744055724729644,"[1.9999999999997797, 2.9999999999996696, 3.9999999999995595, 6.000000000000449]",clock_NY_quote
2025-08,ae_reconstruction_selected,g,1,75,2.128071532935332,"[1.9999999999997797, 2.9999999999996696, 3.9999999999995595, 6.000000000000449]",clock_NY_quote
2025-08,ae_reconstruction_selected,g,2,36,0.6068950419917815,"[1.9999999999997797, 2.9999999999996696, 3.9999999999995595, 6.000000000000449]",clock_NY_quote
2025-08,ae_reconstruction_selected,g,3,33,0.963258368586976,"[1.9999999999997797, 2.9999999999996696, 3.9999999999995595, 6.000000000000449]",clock_NY_quote
2025-08,ae_reconstruction_selected,g,4,36,-5.748737456326466,"[1.9999999999997797, 2.9999999999996696, 3.9999999999995595, 6.000000000000449]",clock_NY_quote
2025-09,sequential_ols,m,1,35,2.085510748288061,"[-104.04065190027451, -19.148076637516972, 54.70825328393917, 104.7639542761488]",clock_NY_quote
2025-09,sequential_ols,m,2,176,0.3539617339123543,"[-104.04065190027451, -19.148076637516972, 54.70825328393917, 104.7639542761488]",clock_NY_quote
2025-09,sequential_ols,m,3,44,-0.1109930680173613,"[-104.04065190027451, -19.148076637516972, 54.70825328393917, 104.7639542761488]",clock_NY_quote
2025-09,sequential_ols,m,4,119,1.9921425986756152,"[-104.04065190027451, -19.148076637516972, 54.70825328393917, 104.7639542761488]",clock_NY_quote
2025-09,sequential_ols,g,0,10,3.591571932009061,"[0.9999999999998899, 1.9999999999997797, 3.9999999999995595, 4.999999999999449]",clock_NY_quote
2025-09,sequential_ols,g,1,56,1.0390854920300514,"[0.9999999999998899, 1.9999999999997797, 3.9999999999995595, 4.999999999999449]",clock_NY_quote
2025-09,sequential_ols,g,2,91,0.7902821064625104,"[0.9999999999998899, 1.9999999999997797, 3.9999999999995595, 4.999999999999449]",clock_NY_quote
2025-09,sequential_ols,g,3,66,1.5444043959124407,"[0.9999999999998899, 1.9999999999997797, 3.9999999999995595, 4.999999999999449]",clock_NY_quote
2025-09,sequential_ols,g,4,151,0.6590764696437597,"[0.9999999999998899, 1.9999999999997797, 3.9999999999995595, 4.999999999999449]",clock_NY_quote
2025-09,pca_1,m,1,35,2.0851357603763687,"[-104.04065190027451, -19.148076637516972, 54.70825328393917, 104.7639542761488]",clock_NY_quote
2025-09,pca_1,m,2,176,0.3526776943151113,"[-104.04065190027451, -19.148076637516972, 54.70825328393917, 104.7639542761488]",clock_NY_quote
2025-09,pca_1,m,3,44,-0.1002712128709912,"[-104.04065190027451, -19.148076637516972, 54.70825328393917, 104.7639542761488]",clock_NY_quote
2025-09,pca_1,m,4,119,1.9929042689825585,"[-104.04065190027451, -19.148076637516972, 54.70825328393917, 104.7639542761488]",clock_NY_quote
2025-09,pca_1,g,0,10,3.582092933477999,"[0.9999999999998899, 1.9999999999997797, 3.9999999999995595, 4.999999999999449]",clock_NY_quote
2025-09,pca_1,g,1,56,1.0334513537455263,"[0.9999999999998899, 1.9999999999997797, 3.9999999999995595, 4.999999999999449]",clock_NY_quote
2025-09,pca_1,g,2,91,0.7919990250170044,"[0.9999999999998899, 1.9999999999997797, 3.9999999999995595, 4.999999999999449]",clock_NY_quote
2025-09,pca_1,g,3,66,1.5462812988625458,"[0.9999999999998899, 1.9999999999997797, 3.9999999999995595, 4.999999999999449]",clock_NY_quote
2025-09,pca_1,g,4,151,0.6620795914518433,"[0.9999999999998899, 1.9999999999997797, 3.9999999999995595, 4.999999999999449]",clock_NY_quote
2025-09,pca_2,m,1,35,1.8918467066252465,"[-104.04065190027451, -19.148076637516972, 54.70825328393917, 104.7639542761488]",clock_NY_quote
2025-09,pca_2,m,2,176,0.2332329775062802,"[-104.04065190027451, -19.148076637516972, 54.70825328393917, 104.7639542761488]",clock_NY_quote
2025-09,pca_2,m,3,44,0.6545433726351042,"[-104.04065190027451, -19.148076637516972, 54.70825328393917, 104.7639542761488]",clock_NY_quote
2025-09,pca_2,m,4,119,2.2041199261790068,"[-104.04065190027451, -19.148076637516972, 54.70825328393917, 104.7639542761488]",clock_NY_quote
2025-09,pca_2,g,0,10,1.994000590443281,"[0.9999999999998899, 1.9999999999997797, 3.9999999999995595, 4.999999999999449]",clock_NY_quote
2025-09,pca_2,g,1,56,0.5690529770523718,"[0.9999999999998899, 1.9999999999997797, 3.9999999999995595, 4.999999999999449]",clock_NY_quote
2025-09,pca_2,g,2,91,1.025871011552134,"[0.9999999999998899, 1.9999999999997797, 3.9999999999995595, 4.999999999999449]",clock_NY_quote
2025-09,pca_2,g,3,66,1.7516023205028826,"[0.9999999999998899, 1.9999999999997797, 3.9999999999995595, 4.999999999999449]",clock_NY_quote
2025-09,pca_2,g,4,151,0.9111710633141396,"[0.9999999999998899, 1.9999999999997797, 3.9999999999995595, 4.999999999999449]",clock_NY_quote
2025-09,conditional_linear,m,1,35,2.378841641821644,"[-104.04065190027451, -19.148076637516972, 54.70825328393917, 104.7639542761488]",clock_NY_quote
2025-09,conditional_linear,m,2,176,0.9540482784836024,"[-104.04065190027451, -19.148076637516972, 54.70825328393917, 104.7639542761488]",clock_NY_quote
2025-09,conditional_linear,m,3,44,1.7825729328044602,"[-104.04065190027451, -19.148076637516972, 54.70825328393917, 104.7639542761488]",clock_NY_quote
2025-09,conditional_linear,m,4,119,6.603171998407754,"[-104.04065190027451, -19.148076637516972, 54.70825328393917, 104.7639542761488]",clock_NY_quote
2025-09,conditional_linear,g,0,10,3.289854487803592,"[0.9999999999998899, 1.9999999999997797, 3.9999999999995595, 4.999999999999449]",clock_NY_quote
2025-09,conditional_linear,g,1,56,1.0721316497429243,"[0.9999999999998899, 1.9999999999997797, 3.9999999999995595, 4.999999999999449]",clock_NY_quote
2025-09,conditional_linear,g,2,91,1.8735387145561504,"[0.9999999999998899, 1.9999999999997797, 3.9999999999995595, 4.999999999999449]",clock_NY_quote
2025-09,conditional_linear,g,3,66,3.3073974739458616,"[0.9999999999998899, 1.9999999999997797, 3.9999999999995595, 4.999999999999449]",clock_NY_quote
2025-09,conditional_linear,g,4,151,4.19645336266301,"[0.9999999999998899, 1.9999999999997797, 3.9999999999995595, 4.999999999999449]",clock_NY_quote
2025-09,ae_relu_1,m,1,35,2.0932760118557945,"[-104.04065190027451, -19.148076637516972, 54.70825328393917, 104.7639542761488]",clock_NY_quote
2025-09,ae_relu_1,m,2,176,0.3530621465149804,"[-104.04065190027451, -19.148076637516972, 54.70825328393917, 104.7639542761488]",clock_NY_quote
2025-09,ae_relu_1,m,3,44,-0.104145792197059,"[-104.04065190027451, -19.148076637516972, 54.70825328393917, 104.7639542761488]",clock_NY_quote
2025-09,ae_relu_1,m,4,119,2.0837984421688627,"[-104.04065190027451, -19.148076637516972, 54.70825328393917, 104.7639542761488]",clock_NY_quote
2025-09,ae_relu_1,g,0,10,3.570129439501369,"[0.9999999999998899, 1.9999999999997797, 3.9999999999995595, 4.999999999999449]",clock_NY_quote
2025-09,ae_relu_1,g,1,56,1.0264225352778569,"[0.9999999999998899, 1.9999999999997797, 3.9999999999995595, 4.999999999999449]",clock_NY_quote
2025-09,ae_relu_1,g,2,91,0.7875911950425737,"[0.9999999999998899, 1.9999999999997797, 3.9999999999995595, 4.999999999999449]",clock_NY_quote
2025-09,ae_relu_1,g,3,66,1.545139408332827,"[0.9999999999998899, 1.9999999999997797, 3.9999999999995595, 4.999999999999449]",clock_NY_quote
2025-09,ae_relu_1,g,4,151,0.7414718006198608,"[0.9999999999998899, 1.9999999999997797, 3.9999999999995595, 4.999999999999449]",clock_NY_quote
2025-09,ae_relu_2,m,1,35,2.080148072718312,"[-104.04065190027451, -19.148076637516972, 54.70825328393917, 104.7639542761488]",clock_NY_quote
2025-09,ae_relu_2,m,2,176,0.2504595449165059,"[-104.04065190027451, -19.148076637516972, 54.70825328393917, 104.7639542761488]",clock_NY_quote
2025-09,ae_relu_2,m,3,44,0.3480753567146175,"[-104.04065190027451, -19.148076637516972, 54.70825328393917, 104.7639542761488]",clock_NY_quote
2025-09,ae_relu_2,m,4,119,2.3179764707700428,"[-104.04065190027451, -19.148076637516972, 54.70825328393917, 104.7639542761488]",clock_NY_quote
2025-09,ae_relu_2,g,0,10,2.083270354744351,"[0.9999999999998899, 1.9999999999997797, 3.9999999999995595, 4.999999999999449]",clock_NY_quote
2025-09,ae_relu_2,g,1,56,0.4889555033187221,"[0.9999999999998899, 1.9999999999997797, 3.9999999999995595, 4.999999999999449]",clock_NY_quote
2025-09,ae_relu_2,g,2,91,0.8408819395039264,"[0.9999999999998899, 1.9999999999997797, 3.9999999999995595, 4.999999999999449]",clock_NY_quote
2025-09,ae_relu_2,g,3,66,1.6827786998637144,"[0.9999999999998899, 1.9999999999997797, 3.9999999999995595, 4.999999999999449]",clock_NY_quote
2025-09,ae_relu_2,g,4,151,1.1406802367441715,"[0.9999999999998899, 1.9999999999997797, 3.9999999999995595, 4.999999999999449]",clock_NY_quote
2025-09,ae_tanh_1,m,1,35,4.818836684570834,"[-104.04065190027451, -19.148076637516972, 54.70825328393917, 104.7639542761488]",clock_NY_quote
2025-09,ae_tanh_1,m,2,176,4.584527645574995,"[-104.04065190027451, -19.148076637516972, 54.70825328393917, 104.7639542761488]",clock_NY_quote
2025-09,ae_tanh_1,m,3,44,5.744722181534764,"[-104.04065190027451, -19.148076637516972, 54.70825328393917, 104.7639542761488]",clock_NY_quote
2025-09,ae_tanh_1,m,4,119,-9.743644358432324,"[-104.04065190027451, -19.148076637516972, 54.70825328393917, 104.7639542761488]",clock_NY_quote
2025-09,ae_tanh_1,g,0,10,5.576300442499495,"[0.9999999999998899, 1.9999999999997797, 3.9999999999995595, 4.999999999999449]",clock_NY_quote
2025-09,ae_tanh_1,g,1,56,3.381391788134074,"[0.9999999999998899, 1.9999999999997797, 3.9999999999995595, 4.999999999999449]",clock_NY_quote
2025-09,ae_tanh_1,g,2,91,2.556791430529689,"[0.9999999999998899, 1.9999999999997797, 3.9999999999995595, 4.999999999999449]",clock_NY_quote
2025-09,ae_tanh_1,g,3,66,2.9618810657758097,"[0.9999999999998899, 1.9999999999997797, 3.9999999999995595, 4.999999999999449]",clock_NY_quote
2025-09,ae_tanh_1,g,4,151,-4.003065352083752,"[0.9999999999998899, 1.9999999999997797, 3.9999999999995595, 4.999999999999449]",clock_NY_quote
2025-09,ae_tanh_2,m,1,35,2.0057083554487605,"[-104.04065190027451, -19.148076637516972, 54.70825328393917, 104.7639542761488]",clock_NY_quote
2025-09,ae_tanh_2,m,2,176,2.5463573841310008,"[-104.04065190027451, -19.148076637516972, 54.70825328393917, 104.7639542761488]",clock_NY_quote
2025-09,ae_tanh_2,m,3,44,4.6111971889750905,"[-104.04065190027451, -19.148076637516972, 54.70825328393917, 104.7639542761488]",clock_NY_quote
2025-09,ae_tanh_2,m,4,119,-7.077319015901329,"[-104.04065190027451, -19.148076637516972, 54.70825328393917, 104.7639542761488]",clock_NY_quote
2025-09,ae_tanh_2,g,0,10,5.6699883337672095,"[0.9999999999998899, 1.9999999999997797, 3.9999999999995595, 4.999999999999449]",clock_NY_quote
2025-09,ae_tanh_2,g,1,56,2.729860780536893,"[0.9999999999998899, 1.9999999999997797, 3.9999999999995595, 4.999999999999449]",clock_NY_quote
2025-09,ae_tanh_2,g,2,91,1.9095166225946727,"[0.9999999999998899, 1.9999999999997797, 3.9999999999995595, 4.999999999999449]",clock_NY_quote
2025-09,ae_tanh_2,g,3,66,2.02911020981196,"[0.9999999999998899, 1.9999999999997797, 3.9999999999995595, 4.999999999999449]",clock_NY_quote
2025-09,ae_tanh_2,g,4,151,-4.226549457490292,"[0.9999999999998899, 1.9999999999997797, 3.9999999999995595, 4.999999999999449]",clock_NY_quote
2025-09,conditional_neural,m,1,35,2.451024457791415,"[-104.04065190027451, -19.148076637516972, 54.70825328393917, 104.7639542761488]",clock_NY_quote
2025-09,conditional_neural,m,2,176,0.3345767296427122,"[-104.04065190027451, -19.148076637516972, 54.70825328393917, 104.7639542761488]",clock_NY_quote
2025-09,conditional_neural,m,3,44,-0.5664224526920645,"[-104.04065190027451, -19.148076637516972, 54.70825328393917, 104.7639542761488]",clock_NY_quote
2025-09,conditional_neural,m,4,119,2.595730461480533,"[-104.04065190027451, -19.148076637516972, 54.70825328393917, 104.7639542761488]",clock_NY_quote
2025-09,conditional_neural,g,0,10,2.671025136499087,"[0.9999999999998899, 1.9999999999997797, 3.9999999999995595, 4.999999999999449]",clock_NY_quote
2025-09,conditional_neural,g,1,56,0.4795437324208687,"[0.9999999999998899, 1.9999999999997797, 3.9999999999995595, 4.999999999999449]",clock_NY_quote
2025-09,conditional_neural,g,2,91,0.5841546625143975,"[0.9999999999998899, 1.9999999999997797, 3.9999999999995595, 4.999999999999449]",clock_NY_quote
2025-09,conditional_neural,g,3,66,1.733537595780937,"[0.9999999999998899, 1.9999999999997797, 3.9999999999995595, 4.999999999999449]",clock_NY_quote
2025-09,conditional_neural,g,4,151,1.3742015989843572,"[0.9999999999998899, 1.9999999999997797, 3.9999999999995595, 4.999999999999449]",clock_NY_quote
2025-09,pca_selected,m,1,35,1.8918467066252465,"[-104.04065190027451, -19.148076637516972, 54.70825328393917, 104.7639542761488]",clock_NY_quote
2025-09,pca_selected,m,2,176,0.2332329775062802,"[-104.04065190027451, -19.148076637516972, 54.70825328393917, 104.7639542761488]",clock_NY_quote
2025-09,pca_selected,m,3,44,0.6545433726351042,"[-104.04065190027451, -19.148076637516972, 54.70825328393917, 104.7639542761488]",clock_NY_quote
2025-09,pca_selected,m,4,119,2.2041199261790068,"[-104.04065190027451, -19.148076637516972, 54.70825328393917, 104.7639542761488]",clock_NY_quote
2025-09,pca_selected,g,0,10,1.994000590443281,"[0.9999999999998899, 1.9999999999997797, 3.9999999999995595, 4.999999999999449]",clock_NY_quote
2025-09,pca_selected,g,1,56,0.5690529770523718,"[0.9999999999998899, 1.9999999999997797, 3.9999999999995595, 4.999999999999449]",clock_NY_quote
2025-09,pca_selected,g,2,91,1.025871011552134,"[0.9999999999998899, 1.9999999999997797, 3.9999999999995595, 4.999999999999449]",clock_NY_quote
2025-09,pca_selected,g,3,66,1.7516023205028826,"[0.9999999999998899, 1.9999999999997797, 3.9999999999995595, 4.999999999999449]",clock_NY_quote
2025-09,pca_selected,g,4,151,0.9111710633141396,"[0.9999999999998899, 1.9999999999997797, 3.9999999999995595, 4.999999999999449]",clock_NY_quote
2025-09,ae_selected,m,1,35,2.0932760118557945,"[-104.04065190027451, -19.148076637516972, 54.70825328393917, 104.7639542761488]",clock_NY_quote
2025-09,ae_selected,m,2,176,0.3530621465149804,"[-104.04065190027451, -19.148076637516972, 54.70825328393917, 104.7639542761488]",clock_NY_quote
2025-09,ae_selected,m,3,44,-0.104145792197059,"[-104.04065190027451, -19.148076637516972, 54.70825328393917, 104.7639542761488]",clock_NY_quote
2025-09,ae_selected,m,4,119,2.0837984421688627,"[-104.04065190027451, -19.148076637516972, 54.70825328393917, 104.7639542761488]",clock_NY_quote
2025-09,ae_selected,g,0,10,3.570129439501369,"[0.9999999999998899, 1.9999999999997797, 3.9999999999995595, 4.999999999999449]",clock_NY_quote
2025-09,ae_selected,g,1,56,1.0264225352778569,"[0.9999999999998899, 1.9999999999997797, 3.9999999999995595, 4.999999999999449]",clock_NY_quote
2025-09,ae_selected,g,2,91,0.7875911950425737,"[0.9999999999998899, 1.9999999999997797, 3.9999999999995595, 4.999999999999449]",clock_NY_quote
2025-09,ae_selected,g,3,66,1.545139408332827,"[0.9999999999998899, 1.9999999999997797, 3.9999999999995595, 4.999999999999449]",clock_NY_quote
2025-09,ae_selected,g,4,151,0.7414718006198608,"[0.9999999999998899, 1.9999999999997797, 3.9999999999995595, 4.999999999999449]",clock_NY_quote
2025-09,ae_reconstruction_selected,m,1,35,2.0932760118557945,"[-104.04065190027451, -19.148076637516972, 54.70825328393917, 104.7639542761488]",clock_NY_quote
2025-09,ae_reconstruction_selected,m,2,176,0.3530621465149804,"[-104.04065190027451, -19.148076637516972, 54.70825328393917, 104.7639542761488]",clock_NY_quote
2025-09,ae_reconstruction_selected,m,3,44,-0.104145792197059,"[-104.04065190027451, -19.148076637516972, 54.70825328393917, 104.7639542761488]",clock_NY_quote
2025-09,ae_reconstruction_selected,m,4,119,2.0837984421688627,"[-104.04065190027451, -19.148076637516972, 54.70825328393917, 104.7639542761488]",clock_NY_quote
2025-09,ae_reconstruction_selected,g,0,10,3.570129439501369,"[0.9999999999998899, 1.9999999999997797, 3.9999999999995595, 4.999999999999449]",clock_NY_quote
2025-09,ae_reconstruction_selected,g,1,56,1.0264225352778569,"[0.9999999999998899, 1.9999999999997797, 3.9999999999995595, 4.999999999999449]",clock_NY_quote
2025-09,ae_reconstruction_selected,g,2,91,0.7875911950425737,"[0.9999999999998899, 1.9999999999997797, 3.9999999999995595, 4.999999999999449]",clock_NY_quote
2025-09,ae_reconstruction_selected,g,3,66,1.545139408332827,"[0.9999999999998899, 1.9999999999997797, 3.9999999999995595, 4.999999999999449]",clock_NY_quote
2025-09,ae_reconstruction_selected,g,4,151,0.7414718006198608,"[0.9999999999998899, 1.9999999999997797, 3.9999999999995595, 4.999999999999449]",clock_NY_quote
2025-10,sequential_ols,m,2,9,5.424884382164881,"[-85.57463450346432, 4.8886481198123155, 57.3262711836354, 117.09287493561665]",clock_NY_quote
2025-10,sequential_ols,m,3,45,2.1000323316025478,"[-85.57463450346432, 4.8886481198123155, 57.3262711836354, 117.09287493561665]",clock_NY_quote
2025-10,sequential_ols,m,4,337,6.803416454011996,"[-85.57463450346432, 4.8886481198123155, 57.3262711836354, 117.09287493561665]",clock_NY_quote
2025-10,sequential_ols,g,0,10,10.674204057310272,"[0.9999999999998899, 1.9999999999997797, 3.9999999999995595, 4.999999999999449]",clock_NY_quote
2025-10,sequential_ols,g,1,36,4.9752899545490585,"[0.9999999999998899, 1.9999999999997797, 3.9999999999995595, 4.999999999999449]",clock_NY_quote
2025-10,sequential_ols,g,2,85,6.732696697902662,"[0.9999999999998899, 1.9999999999997797, 3.9999999999995595, 4.999999999999449]",clock_NY_quote
2025-10,sequential_ols,g,3,61,7.832616690570753,"[0.9999999999998899, 1.9999999999997797, 3.9999999999995595, 4.999999999999449]",clock_NY_quote
2025-10,sequential_ols,g,4,199,5.528419311458444,"[0.9999999999998899, 1.9999999999997797, 3.9999999999995595, 4.999999999999449]",clock_NY_quote
2025-10,pca_1,m,2,9,5.39598310834744,"[-85.57463450346432, 4.8886481198123155, 57.3262711836354, 117.09287493561665]",clock_NY_quote
2025-10,pca_1,m,3,45,2.103081222189016,"[-85.57463450346432, 4.8886481198123155, 57.3262711836354, 117.09287493561665]",clock_NY_quote
2025-10,pca_1,m,4,337,6.798061850056983,"[-85.57463450346432, 4.8886481198123155, 57.3262711836354, 117.09287493561665]",clock_NY_quote
2025-10,pca_1,g,0,10,10.66955918254427,"[0.9999999999998899, 1.9999999999997797, 3.9999999999995595, 4.999999999999449]",clock_NY_quote
2025-10,pca_1,g,1,36,4.984497911957124,"[0.9999999999998899, 1.9999999999997797, 3.9999999999995595, 4.999999999999449]",clock_NY_quote
2025-10,pca_1,g,2,85,6.737291152450095,"[0.9999999999998899, 1.9999999999997797, 3.9999999999995595, 4.999999999999449]",clock_NY_quote
2025-10,pca_1,g,3,61,7.81370269114474,"[0.9999999999998899, 1.9999999999997797, 3.9999999999995595, 4.999999999999449]",clock_NY_quote
2025-10,pca_1,g,4,199,5.521136772205273,"[0.9999999999998899, 1.9999999999997797, 3.9999999999995595, 4.999999999999449]",clock_NY_quote
2025-10,pca_2,m,2,9,3.190498965591388,"[-85.57463450346432, 4.8886481198123155, 57.3262711836354, 117.09287493561665]",clock_NY_quote
2025-10,pca_2,m,3,45,2.4841024656546677,"[-85.57463450346432, 4.8886481198123155, 57.3262711836354, 117.09287493561665]",clock_NY_quote
2025-10,pca_2,m,4,337,6.932867646119917,"[-85.57463450346432, 4.8886481198123155, 57.3262711836354, 117.09287493561665]",clock_NY_quote
2025-10,pca_2,g,0,10,10.917184816515066,"[0.9999999999998899, 1.9999999999997797, 3.9999999999995595, 4.999999999999449]",clock_NY_quote
2025-10,pca_2,g,1,36,6.099757590306663,"[0.9999999999998899, 1.9999999999997797, 3.9999999999995595, 4.999999999999449]",clock_NY_quote
2025-10,pca_2,g,2,85,7.552966581811776,"[0.9999999999998899, 1.9999999999997797, 3.9999999999995595, 4.999999999999449]",clock_NY_quote
2025-10,pca_2,g,3,61,6.72152975597967,"[0.9999999999998899, 1.9999999999997797, 3.9999999999995595, 4.999999999999449]",clock_NY_quote
2025-10,pca_2,g,4,199,5.508024635187151,"[0.9999999999998899, 1.9999999999997797, 3.9999999999995595, 4.999999999999449]",clock_NY_quote
2025-10,conditional_linear,m,2,9,6.030240032711041,"[-85.57463450346432, 4.8886481198123155, 57.3262711836354, 117.09287493561665]",clock_NY_quote
2025-10,conditional_linear,m,3,45,3.142858815107287,"[-85.57463450346432, 4.8886481198123155, 57.3262711836354, 117.09287493561665]",clock_NY_quote
2025-10,conditional_linear,m,4,337,13.925783669978651,"[-85.57463450346432, 4.8886481198123155, 57.3262711836354, 117.09287493561665]",clock_NY_quote
2025-10,conditional_linear,g,0,10,13.423394460430217,"[0.9999999999998899, 1.9999999999997797, 3.9999999999995595, 4.999999999999449]",clock_NY_quote
2025-10,conditional_linear,g,1,36,9.333188978833828,"[0.9999999999998899, 1.9999999999997797, 3.9999999999995595, 4.999999999999449]",clock_NY_quote
2025-10,conditional_linear,g,2,85,16.697815451924438,"[0.9999999999998899, 1.9999999999997797, 3.9999999999995595, 4.999999999999449]",clock_NY_quote
2025-10,conditional_linear,g,3,61,16.078108656007124,"[0.9999999999998899, 1.9999999999997797, 3.9999999999995595, 4.999999999999449]",clock_NY_quote
2025-10,conditional_linear,g,4,199,10.142624193390455,"[0.9999999999998899, 1.9999999999997797, 3.9999999999995595, 4.999999999999449]",clock_NY_quote
2025-10,ae_relu_1,m,2,9,5.396059187162644,"[-85.57463450346432, 4.8886481198123155, 57.3262711836354, 117.09287493561665]",clock_NY_quote
2025-10,ae_relu_1,m,3,45,2.1040710066237733,"[-85.57463450346432, 4.8886481198123155, 57.3262711836354, 117.09287493561665]",clock_NY_quote
2025-10,ae_relu_1,m,4,337,107.474963379311,"[-85.57463450346432, 4.8886481198123155, 57.3262711836354, 117.09287493561665]",clock_NY_quote
2025-10,ae_relu_1,g,0,10,119.62072772923064,"[0.9999999999998899, 1.9999999999997797, 3.9999999999995595, 4.999999999999449]",clock_NY_quote
2025-10,ae_relu_1,g,1,36,66.29693833261402,"[0.9999999999998899, 1.9999999999997797, 3.9999999999995595, 4.999999999999449]",clock_NY_quote
2025-10,ae_relu_1,g,2,85,121.68903255862122,"[0.9999999999998899, 1.9999999999997797, 3.9999999999995595, 4.999999999999449]",clock_NY_quote
2025-10,ae_relu_1,g,3,61,84.8295804773747,"[0.9999999999998899, 1.9999999999997797, 3.9999999999995595, 4.999999999999449]",clock_NY_quote
2025-10,ae_relu_1,g,4,199,86.73990529116215,"[0.9999999999998899, 1.9999999999997797, 3.9999999999995595, 4.999999999999449]",clock_NY_quote
2025-10,ae_relu_2,m,2,9,4.576540760991688,"[-85.57463450346432, 4.8886481198123155, 57.3262711836354, 117.09287493561665]",clock_NY_quote
2025-10,ae_relu_2,m,3,45,2.749073967858271,"[-85.57463450346432, 4.8886481198123155, 57.3262711836354, 117.09287493561665]",clock_NY_quote
2025-10,ae_relu_2,m,4,337,110.3446431373742,"[-85.57463450346432, 4.8886481198123155, 57.3262711836354, 117.09287493561665]",clock_NY_quote
2025-10,ae_relu_2,g,0,10,122.65317751459972,"[0.9999999999998899, 1.9999999999997797, 3.9999999999995595, 4.999999999999449]",clock_NY_quote
2025-10,ae_relu_2,g,1,36,68.97459824243549,"[0.9999999999998899, 1.9999999999997797, 3.9999999999995595, 4.999999999999449]",clock_NY_quote
2025-10,ae_relu_2,g,2,85,125.3566111205092,"[0.9999999999998899, 1.9999999999997797, 3.9999999999995595, 4.999999999999449]",clock_NY_quote
2025-10,ae_relu_2,g,3,61,86.69531092683772,"[0.9999999999998899, 1.9999999999997797, 3.9999999999995595, 4.999999999999449]",clock_NY_quote
2025-10,ae_relu_2,g,4,199,88.93315934192759,"[0.9999999999998899, 1.9999999999997797, 3.9999999999995595, 4.999999999999449]",clock_NY_quote
2025-10,ae_tanh_1,m,2,9,13.944190089764854,"[-85.57463450346432, 4.8886481198123155, 57.3262711836354, 117.09287493561665]",clock_NY_quote
2025-10,ae_tanh_1,m,3,45,10.242776790468906,"[-85.57463450346432, 4.8886481198123155, 57.3262711836354, 117.09287493561665]",clock_NY_quote
2025-10,ae_tanh_1,m,4,337,102.07227587288706,"[-85.57463450346432, 4.8886481198123155, 57.3262711836354, 117.09287493561665]",clock_NY_quote
2025-10,ae_tanh_1,g,0,10,103.94466721693512,"[0.9999999999998899, 1.9999999999997797, 3.9999999999995595, 4.999999999999449]",clock_NY_quote
2025-10,ae_tanh_1,g,1,36,40.24169481243856,"[0.9999999999998899, 1.9999999999997797, 3.9999999999995595, 4.999999999999449]",clock_NY_quote
2025-10,ae_tanh_1,g,2,85,110.4707734731204,"[0.9999999999998899, 1.9999999999997797, 3.9999999999995595, 4.999999999999449]",clock_NY_quote
2025-10,ae_tanh_1,g,3,61,75.72081513006684,"[0.9999999999998899, 1.9999999999997797, 3.9999999999995595, 4.999999999999449]",clock_NY_quote
2025-10,ae_tanh_1,g,4,199,92.90274614058026,"[0.9999999999998899, 1.9999999999997797, 3.9999999999995595, 4.999999999999449]",clock_NY_quote
2025-10,ae_tanh_2,m,2,9,8.118699896343717,"[-85.57463450346432, 4.8886481198123155, 57.3262711836354, 117.09287493561665]",clock_NY_quote
2025-10,ae_tanh_2,m,3,45,7.130126519376952,"[-85.57463450346432, 4.8886481198123155, 57.3262711836354, 117.09287493561665]",clock_NY_quote
2025-10,ae_tanh_2,m,4,337,107.96011522720676,"[-85.57463450346432, 4.8886481198123155, 57.3262711836354, 117.09287493561665]",clock_NY_quote
2025-10,ae_tanh_2,g,0,10,113.6235771598248,"[0.9999999999998899, 1.9999999999997797, 3.9999999999995595, 4.999999999999449]",clock_NY_quote
2025-10,ae_tanh_2,g,1,36,48.1738013982246,"[0.9999999999998899, 1.9999999999997797, 3.9999999999995595, 4.999999999999449]",clock_NY_quote
2025-10,ae_tanh_2,g,2,85,118.11101730225504,"[0.9999999999998899, 1.9999999999997797, 3.9999999999995595, 4.999999999999449]",clock_NY_quote
2025-10,ae_tanh_2,g,3,61,81.59667310499486,"[0.9999999999998899, 1.9999999999997797, 3.9999999999995595, 4.999999999999449]",clock_NY_quote
2025-10,ae_tanh_2,g,4,199,94.92038528631676,"[0.9999999999998899, 1.9999999999997797, 3.9999999999995595, 4.999999999999449]",clock_NY_quote
2025-10,conditional_neural,m,2,9,6.22106688157387,"[-85.57463450346432, 4.8886481198123155, 57.3262711836354, 117.09287493561665]",clock_NY_quote
2025-10,conditional_neural,m,3,45,2.299838943976833,"[-85.57463450346432, 4.8886481198123155, 57.3262711836354, 117.09287493561665]",clock_NY_quote
2025-10,conditional_neural,m,4,337,6.580175233537199,"[-85.57463450346432, 4.8886481198123155, 57.3262711836354, 117.09287493561665]",clock_NY_quote
2025-10,conditional_neural,g,0,10,7.142912211415256,"[0.9999999999998899, 1.9999999999997797, 3.9999999999995595, 4.999999999999449]",clock_NY_quote
2025-10,conditional_neural,g,1,36,2.9355408261084284,"[0.9999999999998899, 1.9999999999997797, 3.9999999999995595, 4.999999999999449]",clock_NY_quote
2025-10,conditional_neural,g,2,85,6.957569430935208,"[0.9999999999998899, 1.9999999999997797, 3.9999999999995595, 4.999999999999449]",clock_NY_quote
2025-10,conditional_neural,g,3,61,8.872820572577163,"[0.9999999999998899, 1.9999999999997797, 3.9999999999995595, 4.999999999999449]",clock_NY_quote
2025-10,conditional_neural,g,4,199,5.363102310072376,"[0.9999999999998899, 1.9999999999997797, 3.9999999999995595, 4.999999999999449]",clock_NY_quote
2025-10,pca_selected,m,2,9,3.190498965591388,"[-85.57463450346432, 4.8886481198123155, 57.3262711836354, 117.09287493561665]",clock_NY_quote
2025-10,pca_selected,m,3,45,2.4841024656546677,"[-85.57463450346432, 4.8886481198123155, 57.3262711836354, 117.09287493561665]",clock_NY_quote
2025-10,pca_selected,m,4,337,6.932867646119917,"[-85.57463450346432, 4.8886481198123155, 57.3262711836354, 117.09287493561665]",clock_NY_quote
2025-10,pca_selected,g,0,10,10.917184816515066,"[0.9999999999998899, 1.9999999999997797, 3.9999999999995595, 4.999999999999449]",clock_NY_quote
2025-10,pca_selected,g,1,36,6.099757590306663,"[0.9999999999998899, 1.9999999999997797, 3.9999999999995595, 4.999999999999449]",clock_NY_quote
2025-10,pca_selected,g,2,85,7.552966581811776,"[0.9999999999998899, 1.9999999999997797, 3.9999999999995595, 4.999999999999449]",clock_NY_quote
2025-10,pca_selected,g,3,61,6.72152975597967,"[0.9999999999998899, 1.9999999999997797, 3.9999999999995595, 4.999999999999449]",clock_NY_quote
2025-10,pca_selected,g,4,199,5.508024635187151,"[0.9999999999998899, 1.9999999999997797, 3.9999999999995595, 4.999999999999449]",clock_NY_quote
2025-10,ae_selected,m,2,9,5.396059187162644,"[-85.57463450346432, 4.8886481198123155, 57.3262711836354, 117.09287493561665]",clock_NY_quote
2025-10,ae_selected,m,3,45,2.1040710066237733,"[-85.57463450346432, 4.8886481198123155, 57.3262711836354, 117.09287493561665]",clock_NY_quote
2025-10,ae_selected,m,4,337,107.474963379311,"[-85.57463450346432, 4.8886481198123155, 57.3262711836354, 117.09287493561665]",clock_NY_quote
2025-10,ae_selected,g,0,10,119.62072772923064,"[0.9999999999998899, 1.9999999999997797, 3.9999999999995595, 4.999999999999449]",clock_NY_quote
2025-10,ae_selected,g,1,36,66.29693833261402,"[0.9999999999998899, 1.9999999999997797, 3.9999999999995595, 4.999999999999449]",clock_NY_quote
2025-10,ae_selected,g,2,85,121.68903255862122,"[0.9999999999998899, 1.9999999999997797, 3.9999999999995595, 4.999999999999449]",clock_NY_quote
2025-10,ae_selected,g,3,61,84.8295804773747,"[0.9999999999998899, 1.9999999999997797, 3.9999999999995595, 4.999999999999449]",clock_NY_quote
2025-10,ae_selected,g,4,199,86.73990529116215,"[0.9999999999998899, 1.9999999999997797, 3.9999999999995595, 4.999999999999449]",clock_NY_quote
2025-10,ae_reconstruction_selected,m,2,9,5.396059187162644,"[-85.57463450346432, 4.8886481198123155, 57.3262711836354, 117.09287493561665]",clock_NY_quote
2025-10,ae_reconstruction_selected,m,3,45,2.1040710066237733,"[-85.57463450346432, 4.8886481198123155, 57.3262711836354, 117.09287493561665]",clock_NY_quote
2025-10,ae_reconstruction_selected,m,4,337,107.474963379311,"[-85.57463450346432, 4.8886481198123155, 57.3262711836354, 117.09287493561665]",clock_NY_quote
2025-10,ae_reconstruction_selected,g,0,10,119.62072772923064,"[0.9999999999998899, 1.9999999999997797, 3.9999999999995595, 4.999999999999449]",clock_NY_quote
2025-10,ae_reconstruction_selected,g,1,36,66.29693833261402,"[0.9999999999998899, 1.9999999999997797, 3.9999999999995595, 4.999999999999449]",clock_NY_quote
2025-10,ae_reconstruction_selected,g,2,85,121.68903255862122,"[0.9999999999998899, 1.9999999999997797, 3.9999999999995595, 4.999999999999449]",clock_NY_quote
2025-10,ae_reconstruction_selected,g,3,61,84.8295804773747,"[0.9999999999998899, 1.9999999999997797, 3.9999999999995595, 4.999999999999449]",clock_NY_quote
2025-10,ae_reconstruction_selected,g,4,199,86.73990529116215,"[0.9999999999998899, 1.9999999999997797, 3.9999999999995595, 4.999999999999449]",clock_NY_quote
2025-11,sequential_ols,m,3,131,0.5456203646807812,"[-49.96291495352545, 28.904182107119965, 96.21021469783234, 196.94547953675036]",clock_NY_quote
2025-11,sequential_ols,m,4,189,-1.6259996747750454,"[-49.96291495352545, 28.904182107119965, 96.21021469783234, 196.94547953675036]",clock_NY_quote
2025-11,sequential_ols,g,0,59,-2.855307951363016,"[0.9999999999998899, 2.9999999999996696, 3.9999999999995595, 6.000000000000449]",clock_NY_quote
2025-11,sequential_ols,g,1,135,-2.268144213844471,"[0.9999999999998899, 2.9999999999996696, 3.9999999999995595, 6.000000000000449]",clock_NY_quote
2025-11,sequential_ols,g,2,30,0.2070744318256477,"[0.9999999999998899, 2.9999999999996696, 3.9999999999995595, 6.000000000000449]",clock_NY_quote
2025-11,sequential_ols,g,3,50,2.5270349816410103,"[0.9999999999998899, 2.9999999999996696, 3.9999999999995595, 6.000000000000449]",clock_NY_quote
2025-11,sequential_ols,g,4,46,2.3100214174630493,"[0.9999999999998899, 2.9999999999996696, 3.9999999999995595, 6.000000000000449]",clock_NY_quote
2025-11,pca_1,m,3,131,0.532854193374289,"[-49.96291495352545, 28.904182107119965, 96.21021469783234, 196.94547953675036]",clock_NY_quote
2025-11,pca_1,m,4,189,-1.629162166274375,"[-49.96291495352545, 28.904182107119965, 96.21021469783234, 196.94547953675036]",clock_NY_quote
2025-11,pca_1,g,0,59,-2.8718891477313826,"[0.9999999999998899, 2.9999999999996696, 3.9999999999995595, 6.000000000000449]",clock_NY_quote
2025-11,pca_1,g,1,135,-2.273205153388113,"[0.9999999999998899, 2.9999999999996696, 3.9999999999995595, 6.000000000000449]",clock_NY_quote
2025-11,pca_1,g,2,30,0.1887664345842429,"[0.9999999999998899, 2.9999999999996696, 3.9999999999995595, 6.000000000000449]",clock_NY_quote
2025-11,pca_1,g,3,50,2.5212743474484056,"[0.9999999999998899, 2.9999999999996696, 3.9999999999995595, 6.000000000000449]",clock_NY_quote
2025-11,pca_1,g,4,46,2.3149933678211783,"[0.9999999999998899, 2.9999999999996696, 3.9999999999995595, 6.000000000000449]",clock_NY_quote
2025-11,pca_2,m,3,131,-0.7464219256348328,"[-49.96291495352545, 28.904182107119965, 96.21021469783234, 196.94547953675036]",clock_NY_quote
2025-11,pca_2,m,4,189,-1.959507767575807,"[-49.96291495352545, 28.904182107119965, 96.21021469783234, 196.94547953675036]",clock_NY_quote
2025-11,pca_2,g,0,59,-4.515438081263603,"[0.9999999999998899, 2.9999999999996696, 3.9999999999995595, 6.000000000000449]",clock_NY_quote
2025-11,pca_2,g,1,135,-2.7792997598408298,"[0.9999999999998899, 2.9999999999996696, 3.9999999999995595, 6.000000000000449]",clock_NY_quote
2025-11,pca_2,g,2,30,-1.446225955290252,"[0.9999999999998899, 2.9999999999996696, 3.9999999999995595, 6.000000000000449]",clock_NY_quote
2025-11,pca_2,g,3,50,1.9339583303014216,"[0.9999999999998899, 2.9999999999996696, 3.9999999999995595, 6.000000000000449]",clock_NY_quote
2025-11,pca_2,g,4,46,2.6125420910154444,"[0.9999999999998899, 2.9999999999996696, 3.9999999999995595, 6.000000000000449]",clock_NY_quote
2025-11,conditional_linear,m,3,131,0.4467304519660812,"[-49.96291495352545, 28.904182107119965, 96.21021469783234, 196.94547953675036]",clock_NY_quote
2025-11,conditional_linear,m,4,189,-1.6193422728699765,"[-49.96291495352545, 28.904182107119965, 96.21021469783234, 196.94547953675036]",clock_NY_quote
2025-11,conditional_linear,g,0,59,-2.953445097009888,"[0.9999999999998899, 2.9999999999996696, 3.9999999999995595, 6.000000000000449]",clock_NY_quote
2025-11,conditional_linear,g,1,135,-2.3772644640400387,"[0.9999999999998899, 2.9999999999996696, 3.9999999999995595, 6.000000000000449]",clock_NY_quote
2025-11,conditional_linear,g,2,30,0.1227258302695323,"[0.9999999999998899, 2.9999999999996696, 3.9999999999995595, 6.000000000000449]",clock_NY_quote
2025-11,conditional_linear,g,3,50,2.6277329228528434,"[0.9999999999998899, 2.9999999999996696, 3.9999999999995595, 6.000000000000449]",clock_NY_quote
2025-11,conditional_linear,g,4,46,2.447424825073729,"[0.9999999999998899, 2.9999999999996696, 3.9999999999995595, 6.000000000000449]",clock_NY_quote
2025-11,ae_relu_1,m,3,131,0.5335426401212027,"[-49.96291495352545, 28.904182107119965, 96.21021469783234, 196.94547953675036]",clock_NY_quote
2025-11,ae_relu_1,m,4,189,-1.642961388260202,"[-49.96291495352545, 28.904182107119965, 96.21021469783234, 196.94547953675036]",clock_NY_quote
2025-11,ae_relu_1,g,0,59,-2.890909520327021,"[0.9999999999998899, 2.9999999999996696, 3.9999999999995595, 6.000000000000449]",clock_NY_quote
2025-11,ae_relu_1,g,1,135,-2.2877025246501463,"[0.9999999999998899, 2.9999999999996696, 3.9999999999995595, 6.000000000000449]",clock_NY_quote
2025-11,ae_relu_1,g,2,30,0.1785332626897438,"[0.9999999999998899, 2.9999999999996696, 3.9999999999995595, 6.000000000000449]",clock_NY_quote
2025-11,ae_relu_1,g,3,50,2.521679770349985,"[0.9999999999998899, 2.9999999999996696, 3.9999999999995595, 6.000000000000449]",clock_NY_quote
2025-11,ae_relu_1,g,4,46,2.333432600077647,"[0.9999999999998899, 2.9999999999996696, 3.9999999999995595, 6.000000000000449]",clock_NY_quote
2025-11,ae_relu_2,m,3,131,1.240719514811213,"[-49.96291495352545, 28.904182107119965, 96.21021469783234, 196.94547953675036]",clock_NY_quote
2025-11,ae_relu_2,m,4,189,-1.2597978244712411,"[-49.96291495352545, 28.904182107119965, 96.21021469783234, 196.94547953675036]",clock_NY_quote
2025-11,ae_relu_2,g,0,59,-2.438800960322264,"[0.9999999999998899, 2.9999999999996696, 3.9999999999995595, 6.000000000000449]",clock_NY_quote
2025-11,ae_relu_2,g,1,135,-1.8451973769519645,"[0.9999999999998899, 2.9999999999996696, 3.9999999999995595, 6.000000000000449]",clock_NY_quote
2025-11,ae_relu_2,g,2,30,0.7018665546061025,"[0.9999999999998899, 2.9999999999996696, 3.9999999999995595, 6.000000000000449]",clock_NY_quote
2025-11,ae_relu_2,g,3,50,3.1004473570104096,"[0.9999999999998899, 2.9999999999996696, 3.9999999999995595, 6.000000000000449]",clock_NY_quote
2025-11,ae_relu_2,g,4,46,3.0727175146528114,"[0.9999999999998899, 2.9999999999996696, 3.9999999999995595, 6.000000000000449]",clock_NY_quote
2025-11,ae_tanh_1,m,3,131,1.359379249109911,"[-49.96291495352545, 28.904182107119965, 96.21021469783234, 196.94547953675036]",clock_NY_quote
2025-11,ae_tanh_1,m,4,189,7.096400536180549,"[-49.96291495352545, 28.904182107119965, 96.21021469783234, 196.94547953675036]",clock_NY_quote
2025-11,ae_tanh_1,g,0,59,4.840404003651394,"[0.9999999999998899, 2.9999999999996696, 3.9999999999995595, 6.000000000000449]",clock_NY_quote
2025-11,ae_tanh_1,g,1,135,4.671432406211574,"[0.9999999999998899, 2.9999999999996696, 3.9999999999995595, 6.000000000000449]",clock_NY_quote
2025-11,ae_tanh_1,g,2,30,8.608812255270097,"[0.9999999999998899, 2.9999999999996696, 3.9999999999995595, 6.000000000000449]",clock_NY_quote
2025-11,ae_tanh_1,g,3,50,6.290980455586617,"[0.9999999999998899, 2.9999999999996696, 3.9999999999995595, 6.000000000000449]",clock_NY_quote
2025-11,ae_tanh_1,g,4,46,0.6577778582629049,"[0.9999999999998899, 2.9999999999996696, 3.9999999999995595, 6.000000000000449]",clock_NY_quote
2025-11,ae_tanh_2,m,3,131,1.9135943806088989,"[-49.96291495352545, 28.904182107119965, 96.21021469783234, 196.94547953675036]",clock_NY_quote
2025-11,ae_tanh_2,m,4,189,9.93081368169242,"[-49.96291495352545, 28.904182107119965, 96.21021469783234, 196.94547953675036]",clock_NY_quote
2025-11,ae_tanh_2,g,0,59,7.707230090822974,"[0.9999999999998899, 2.9999999999996696, 3.9999999999995595, 6.000000000000449]",clock_NY_quote
2025-11,ae_tanh_2,g,1,135,7.181740066541047,"[0.9999999999998899, 2.9999999999996696, 3.9999999999995595, 6.000000000000449]",clock_NY_quote
2025-11,ae_tanh_2,g,2,30,11.16769784994717,"[0.9999999999998899, 2.9999999999996696, 3.9999999999995595, 6.000000000000449]",clock_NY_quote
2025-11,ae_tanh_2,g,3,50,7.473270187878289,"[0.9999999999998899, 2.9999999999996696, 3.9999999999995595, 6.000000000000449]",clock_NY_quote
2025-11,ae_tanh_2,g,4,46,-0.1163321637889878,"[0.9999999999998899, 2.9999999999996696, 3.9999999999995595, 6.000000000000449]",clock_NY_quote
2025-11,conditional_neural,m,3,131,0.8886618740696419,"[-49.96291495352545, 28.904182107119965, 96.21021469783234, 196.94547953675036]",clock_NY_quote
2025-11,conditional_neural,m,4,189,-1.3006675662065077,"[-49.96291495352545, 28.904182107119965, 96.21021469783234, 196.94547953675036]",clock_NY_quote
2025-11,conditional_neural,g,0,59,-3.038727366690257,"[0.9999999999998899, 2.9999999999996696, 3.9999999999995595, 6.000000000000449]",clock_NY_quote
2025-11,conditional_neural,g,1,135,-1.9652894661248608,"[0.9999999999998899, 2.9999999999996696, 3.9999999999995595, 6.000000000000449]",clock_NY_quote
2025-11,conditional_neural,g,2,30,0.6126721418081544,"[0.9999999999998899, 2.9999999999996696, 3.9999999999995595, 6.000000000000449]",clock_NY_quote
2025-11,conditional_neural,g,3,50,3.0361460018202457,"[0.9999999999998899, 2.9999999999996696, 3.9999999999995595, 6.000000000000449]",clock_NY_quote
2025-11,conditional_neural,g,4,46,3.1521752979656017,"[0.9999999999998899, 2.9999999999996696, 3.9999999999995595, 6.000000000000449]",clock_NY_quote
2025-11,pca_selected,m,3,131,-0.7464219256348328,"[-49.96291495352545, 28.904182107119965, 96.21021469783234, 196.94547953675036]",clock_NY_quote
2025-11,pca_selected,m,4,189,-1.959507767575807,"[-49.96291495352545, 28.904182107119965, 96.21021469783234, 196.94547953675036]",clock_NY_quote
2025-11,pca_selected,g,0,59,-4.515438081263603,"[0.9999999999998899, 2.9999999999996696, 3.9999999999995595, 6.000000000000449]",clock_NY_quote
2025-11,pca_selected,g,1,135,-2.7792997598408298,"[0.9999999999998899, 2.9999999999996696, 3.9999999999995595, 6.000000000000449]",clock_NY_quote
2025-11,pca_selected,g,2,30,-1.446225955290252,"[0.9999999999998899, 2.9999999999996696, 3.9999999999995595, 6.000000000000449]",clock_NY_quote
2025-11,pca_selected,g,3,50,1.9339583303014216,"[0.9999999999998899, 2.9999999999996696, 3.9999999999995595, 6.000000000000449]",clock_NY_quote
2025-11,pca_selected,g,4,46,2.6125420910154444,"[0.9999999999998899, 2.9999999999996696, 3.9999999999995595, 6.000000000000449]",clock_NY_quote
2025-11,ae_selected,m,3,131,0.5335426401212027,"[-49.96291495352545, 28.904182107119965, 96.21021469783234, 196.94547953675036]",clock_NY_quote
2025-11,ae_selected,m,4,189,-1.642961388260202,"[-49.96291495352545, 28.904182107119965, 96.21021469783234, 196.94547953675036]",clock_NY_quote
2025-11,ae_selected,g,0,59,-2.890909520327021,"[0.9999999999998899, 2.9999999999996696, 3.9999999999995595, 6.000000000000449]",clock_NY_quote
2025-11,ae_selected,g,1,135,-2.2877025246501463,"[0.9999999999998899, 2.9999999999996696, 3.9999999999995595, 6.000000000000449]",clock_NY_quote
2025-11,ae_selected,g,2,30,0.1785332626897438,"[0.9999999999998899, 2.9999999999996696, 3.9999999999995595, 6.000000000000449]",clock_NY_quote
2025-11,ae_selected,g,3,50,2.521679770349985,"[0.9999999999998899, 2.9999999999996696, 3.9999999999995595, 6.000000000000449]",clock_NY_quote
2025-11,ae_selected,g,4,46,2.333432600077647,"[0.9999999999998899, 2.9999999999996696, 3.9999999999995595, 6.000000000000449]",clock_NY_quote
2025-11,ae_reconstruction_selected,m,3,131,0.5335426401212027,"[-49.96291495352545, 28.904182107119965, 96.21021469783234, 196.94547953675036]",clock_NY_quote
2025-11,ae_reconstruction_selected,m,4,189,-1.642961388260202,"[-49.96291495352545, 28.904182107119965, 96.21021469783234, 196.94547953675036]",clock_NY_quote
2025-11,ae_reconstruction_selected,g,0,59,-2.890909520327021,"[0.9999999999998899, 2.9999999999996696, 3.9999999999995595, 6.000000000000449]",clock_NY_quote
2025-11,ae_reconstruction_selected,g,1,135,-2.2877025246501463,"[0.9999999999998899, 2.9999999999996696, 3.9999999999995595, 6.000000000000449]",clock_NY_quote
2025-11,ae_reconstruction_selected,g,2,30,0.1785332626897438,"[0.9999999999998899, 2.9999999999996696, 3.9999999999995595, 6.000000000000449]",clock_NY_quote
2025-11,ae_reconstruction_selected,g,3,50,2.521679770349985,"[0.9999999999998899, 2.9999999999996696, 3.9999999999995595, 6.000000000000449]",clock_NY_quote
2025-11,ae_reconstruction_selected,g,4,46,2.333432600077647,"[0.9999999999998899, 2.9999999999996696, 3.9999999999995595, 6.000000000000449]",clock_NY_quote
2025-12,sequential_ols,m,1,13,3.5906921995796197,"[-27.853165376847627, 52.61443786473256, 130.07622668052338, 231.25426685888945]",clock_NY_quote
2025-12,sequential_ols,m,2,217,1.1737134552393114,"[-27.853165376847627, 52.61443786473256, 130.07622668052338, 231.25426685888945]",clock_NY_quote
2025-12,sequential_ols,m,3,120,-6.234192951844349,"[-27.853165376847627, 52.61443786473256, 130.07622668052338, 231.25426685888945]",clock_NY_quote
2025-12,sequential_ols,m,4,15,-36.24920857691741,"[-27.853165376847627, 52.61443786473256, 130.07622668052338, 231.25426685888945]",clock_NY_quote
2025-12,sequential_ols,g,0,21,-9.729510358472105,"[0.9999999999998899, 1.9999999999997797, 3.9999999999995595, 6.000000000000449]",clock_NY_quote
2025-12,sequential_ols,g,1,53,-4.1778405638796405,"[0.9999999999998899, 1.9999999999997797, 3.9999999999995595, 6.000000000000449]",clock_NY_quote
2025-12,sequential_ols,g,2,164,-2.634840226879982,"[0.9999999999998899, 1.9999999999997797, 3.9999999999995595, 6.000000000000449]",clock_NY_quote
2025-12,sequential_ols,g,3,76,-1.7306040768629136,"[0.9999999999998899, 1.9999999999997797, 3.9999999999995595, 6.000000000000449]",clock_NY_quote
2025-12,sequential_ols,g,4,51,-0.0212056868663454,"[0.9999999999998899, 1.9999999999997797, 3.9999999999995595, 6.000000000000449]",clock_NY_quote
2025-12,pca_1,m,1,13,3.562150217884809,"[-27.853165376847627, 52.61443786473256, 130.07622668052338, 231.25426685888945]",clock_NY_quote
2025-12,pca_1,m,2,217,1.1713247507278914,"[-27.853165376847627, 52.61443786473256, 130.07622668052338, 231.25426685888945]",clock_NY_quote
2025-12,pca_1,m,3,120,-6.207959421619749,"[-27.853165376847627, 52.61443786473256, 130.07622668052338, 231.25426685888945]",clock_NY_quote
2025-12,pca_1,m,4,15,-36.1208003174977,"[-27.853165376847627, 52.61443786473256, 130.07622668052338, 231.25426685888945]",clock_NY_quote
2025-12,pca_1,g,0,21,-9.673000645217648,"[0.9999999999998899, 1.9999999999997797, 3.9999999999995595, 6.000000000000449]",clock_NY_quote
2025-12,pca_1,g,1,53,-4.175078984175211,"[0.9999999999998899, 1.9999999999997797, 3.9999999999995595, 6.000000000000449]",clock_NY_quote
2025-12,pca_1,g,2,164,-2.624989249979368,"[0.9999999999998899, 1.9999999999997797, 3.9999999999995595, 6.000000000000449]",clock_NY_quote
2025-12,pca_1,g,3,76,-1.724100538167891,"[0.9999999999998899, 1.9999999999997797, 3.9999999999995595, 6.000000000000449]",clock_NY_quote
2025-12,pca_1,g,4,51,-0.0066594903558373,"[0.9999999999998899, 1.9999999999997797, 3.9999999999995595, 6.000000000000449]",clock_NY_quote
2025-12,pca_2,m,1,13,0.529672683134303,"[-27.853165376847627, 52.61443786473256, 130.07622668052338, 231.25426685888945]",clock_NY_quote
2025-12,pca_2,m,2,217,0.8073357877359044,"[-27.853165376847627, 52.61443786473256, 130.07622668052338, 231.25426685888945]",clock_NY_quote
2025-12,pca_2,m,3,120,-3.437656685510824,"[-27.853165376847627, 52.61443786473256, 130.07622668052338, 231.25426685888945]",clock_NY_quote
2025-12,pca_2,m,4,15,-20.43048834388835,"[-27.853165376847627, 52.61443786473256, 130.07622668052338, 231.25426685888945]",clock_NY_quote
2025-12,pca_2,g,0,21,-3.237391345969053,"[0.9999999999998899, 1.9999999999997797, 3.9999999999995595, 6.000000000000449]",clock_NY_quote
2025-12,pca_2,g,1,53,-3.1941663306356705,"[0.9999999999998899, 1.9999999999997797, 3.9999999999995595, 6.000000000000449]",clock_NY_quote
2025-12,pca_2,g,2,164,-1.5548147809817214,"[0.9999999999998899, 1.9999999999997797, 3.9999999999995595, 6.000000000000449]",clock_NY_quote
2025-12,pca_2,g,3,76,-1.2590676494769002,"[0.9999999999998899, 1.9999999999997797, 3.9999999999995595, 6.000000000000449]",clock_NY_quote
2025-12,pca_2,g,4,51,1.001103580982363,"[0.9999999999998899, 1.9999999999997797, 3.9999999999995595, 6.000000000000449]",clock_NY_quote
2025-12,conditional_linear,m,1,13,3.1868682957549126,"[-27.853165376847627, 52.61443786473256, 130.07622668052338, 231.25426685888945]",clock_NY_quote
2025-12,conditional_linear,m,2,217,0.8292750740405805,"[-27.853165376847627, 52.61443786473256, 130.07622668052338, 231.25426685888945]",clock_NY_quote
2025-12,conditional_linear,m,3,120,-6.137621128660149,"[-27.853165376847627, 52.61443786473256, 130.07622668052338, 231.25426685888945]",clock_NY_quote
2025-12,conditional_linear,m,4,15,-33.39595886137412,"[-27.853165376847627, 52.61443786473256, 130.07622668052338, 231.25426685888945]",clock_NY_quote
2025-12,conditional_linear,g,0,21,-8.896294487939432,"[0.9999999999998899, 1.9999999999997797, 3.9999999999995595, 6.000000000000449]",clock_NY_quote
2025-12,conditional_linear,g,1,53,-4.160356521344083,"[0.9999999999998899, 1.9999999999997797, 3.9999999999995595, 6.000000000000449]",clock_NY_quote
2025-12,conditional_linear,g,2,164,-2.755615313969916,"[0.9999999999998899, 1.9999999999997797, 3.9999999999995595, 6.000000000000449]",clock_NY_quote
2025-12,conditional_linear,g,3,76,-1.9302551529903904,"[0.9999999999998899, 1.9999999999997797, 3.9999999999995595, 6.000000000000449]",clock_NY_quote
2025-12,conditional_linear,g,4,51,-0.1986383618021502,"[0.9999999999998899, 1.9999999999997797, 3.9999999999995595, 6.000000000000449]",clock_NY_quote
2025-12,ae_relu_1,m,1,13,3.562687990695518,"[-27.853165376847627, 52.61443786473256, 130.07622668052338, 231.25426685888945]",clock_NY_quote
2025-12,ae_relu_1,m,2,217,1.171221752499194,"[-27.853165376847627, 52.61443786473256, 130.07622668052338, 231.25426685888945]",clock_NY_quote
2025-12,ae_relu_1,m,3,120,-6.208537776064174,"[-27.853165376847627, 52.61443786473256, 130.07622668052338, 231.25426685888945]",clock_NY_quote
2025-12,ae_relu_1,m,4,15,-36.12354902420893,"[-27.853165376847627, 52.61443786473256, 130.07622668052338, 231.25426685888945]",clock_NY_quote
2025-12,ae_relu_1,g,0,21,-9.674475258693713,"[0.9999999999998899, 1.9999999999997797, 3.9999999999995595, 6.000000000000449]",clock_NY_quote
2025-12,ae_relu_1,g,1,53,-4.175540131579799,"[0.9999999999998899, 1.9999999999997797, 3.9999999999995595, 6.000000000000449]",clock_NY_quote
2025-12,ae_relu_1,g,2,164,-2.625358062100764,"[0.9999999999998899, 1.9999999999997797, 3.9999999999995595, 6.000000000000449]",clock_NY_quote
2025-12,ae_relu_1,g,3,76,-1.7242566197827165,"[0.9999999999998899, 1.9999999999997797, 3.9999999999995595, 6.000000000000449]",clock_NY_quote
2025-12,ae_relu_1,g,4,51,-0.0066249338266414,"[0.9999999999998899, 1.9999999999997797, 3.9999999999995595, 6.000000000000449]",clock_NY_quote
2025-12,ae_relu_2,m,1,13,2.8798805197958286,"[-27.853165376847627, 52.61443786473256, 130.07622668052338, 231.25426685888945]",clock_NY_quote
2025-12,ae_relu_2,m,2,217,1.5056231585180535,"[-27.853165376847627, 52.61443786473256, 130.07622668052338, 231.25426685888945]",clock_NY_quote
2025-12,ae_relu_2,m,3,120,-4.752844920820983,"[-27.853165376847627, 52.61443786473256, 130.07622668052338, 231.25426685888945]",clock_NY_quote
2025-12,ae_relu_2,m,4,15,-30.97951974524636,"[-27.853165376847627, 52.61443786473256, 130.07622668052338, 231.25426685888945]",clock_NY_quote
2025-12,ae_relu_2,g,0,21,-7.268773121408122,"[0.9999999999998899, 1.9999999999997797, 3.9999999999995595, 6.000000000000449]",clock_NY_quote
2025-12,ae_relu_2,g,1,53,-3.377783112494513,"[0.9999999999998899, 1.9999999999997797, 3.9999999999995595, 6.000000000000449]",clock_NY_quote
2025-12,ae_relu_2,g,2,164,-1.8072166913214025,"[0.9999999999998899, 1.9999999999997797, 3.9999999999995595, 6.000000000000449]",clock_NY_quote
2025-12,ae_relu_2,g,3,76,-1.1100143721918692,"[0.9999999999998899, 1.9999999999997797, 3.9999999999995595, 6.000000000000449]",clock_NY_quote
2025-12,ae_relu_2,g,4,51,0.8144285422278777,"[0.9999999999998899, 1.9999999999997797, 3.9999999999995595, 6.000000000000449]",clock_NY_quote
2025-12,ae_tanh_1,m,1,13,-1.562722240974817,"[-27.853165376847627, 52.61443786473256, 130.07622668052338, 231.25426685888945]",clock_NY_quote
2025-12,ae_tanh_1,m,2,217,-2.0594827114562806,"[-27.853165376847627, 52.61443786473256, 130.07622668052338, 231.25426685888945]",clock_NY_quote
2025-12,ae_tanh_1,m,3,120,-6.029427227422761,"[-27.853165376847627, 52.61443786473256, 130.07622668052338, 231.25426685888945]",clock_NY_quote
2025-12,ae_tanh_1,m,4,15,-30.407782382002853,"[-27.853165376847627, 52.61443786473256, 130.07622668052338, 231.25426685888945]",clock_NY_quote
2025-12,ae_tanh_1,g,0,21,-9.494734299036915,"[0.9999999999998899, 1.9999999999997797, 3.9999999999995595, 6.000000000000449]",clock_NY_quote
2025-12,ae_tanh_1,g,1,53,-5.130154450974099,"[0.9999999999998899, 1.9999999999997797, 3.9999999999995595, 6.000000000000449]",clock_NY_quote
2025-12,ae_tanh_1,g,2,164,-4.454936769107171,"[0.9999999999998899, 1.9999999999997797, 3.9999999999995595, 6.000000000000449]",clock_NY_quote
2025-12,ae_tanh_1,g,3,76,-3.186302404243616,"[0.9999999999998899, 1.9999999999997797, 3.9999999999995595, 6.000000000000449]",clock_NY_quote
2025-12,ae_tanh_1,g,4,51,-3.976763166705224,"[0.9999999999998899, 1.9999999999997797, 3.9999999999995595, 6.000000000000449]",clock_NY_quote
2025-12,ae_tanh_2,m,1,13,-2.91092536984882,"[-27.853165376847627, 52.61443786473256, 130.07622668052338, 231.25426685888945]",clock_NY_quote
2025-12,ae_tanh_2,m,2,217,-3.0637969305956374,"[-27.853165376847627, 52.61443786473256, 130.07622668052338, 231.25426685888945]",clock_NY_quote
2025-12,ae_tanh_2,m,3,120,-6.243968827759215,"[-27.853165376847627, 52.61443786473256, 130.07622668052338, 231.25426685888945]",clock_NY_quote
2025-12,ae_tanh_2,m,4,15,-29.625186495058557,"[-27.853165376847627, 52.61443786473256, 130.07622668052338, 231.25426685888945]",clock_NY_quote
2025-12,ae_tanh_2,g,0,21,-9.621884326113028,"[0.9999999999998899, 1.9999999999997797, 3.9999999999995595, 6.000000000000449]",clock_NY_quote
2025-12,ae_tanh_2,g,1,53,-5.623918336702161,"[0.9999999999998899, 1.9999999999997797, 3.9999999999995595, 6.000000000000449]",clock_NY_quote
2025-12,ae_tanh_2,g,2,164,-5.105612311486706,"[0.9999999999998899, 1.9999999999997797, 3.9999999999995595, 6.000000000000449]",clock_NY_quote
2025-12,ae_tanh_2,g,3,76,-3.758751677182809,"[0.9999999999998899, 1.9999999999997797, 3.9999999999995595, 6.000000000000449]",clock_NY_quote
2025-12,ae_tanh_2,g,4,51,-5.357396691391586,"[0.9999999999998899, 1.9999999999997797, 3.9999999999995595, 6.000000000000449]",clock_NY_quote
2025-12,conditional_neural,m,1,13,3.559670048114827,"[-27.853165376847627, 52.61443786473256, 130.07622668052338, 231.25426685888945]",clock_NY_quote
2025-12,conditional_neural,m,2,217,1.081236913803919,"[-27.853165376847627, 52.61443786473256, 130.07622668052338, 231.25426685888945]",clock_NY_quote
2025-12,conditional_neural,m,3,120,-3.992635128251116,"[-27.853165376847627, 52.61443786473256, 130.07622668052338, 231.25426685888945]",clock_NY_quote
2025-12,conditional_neural,m,4,15,-6.436302097346758,"[-27.853165376847627, 52.61443786473256, 130.07622668052338, 231.25426685888945]",clock_NY_quote
2025-12,conditional_neural,g,0,21,2.70715691871548,"[0.9999999999998899, 1.9999999999997797, 3.9999999999995595, 6.000000000000449]",clock_NY_quote
2025-12,conditional_neural,g,1,53,-1.0722918526488487,"[0.9999999999998899, 1.9999999999997797, 3.9999999999995595, 6.000000000000449]",clock_NY_quote
2025-12,conditional_neural,g,2,164,-1.1673407217646117,"[0.9999999999998899, 1.9999999999997797, 3.9999999999995595, 6.000000000000449]",clock_NY_quote
2025-12,conditional_neural,g,3,76,-1.4775714684166017,"[0.9999999999998899, 1.9999999999997797, 3.9999999999995595, 6.000000000000449]",clock_NY_quote
2025-12,conditional_neural,g,4,51,0.1757619007260763,"[0.9999999999998899, 1.9999999999997797, 3.9999999999995595, 6.000000000000449]",clock_NY_quote
2025-12,pca_selected,m,1,13,0.529672683134303,"[-27.853165376847627, 52.61443786473256, 130.07622668052338, 231.25426685888945]",clock_NY_quote
2025-12,pca_selected,m,2,217,0.8073357877359044,"[-27.853165376847627, 52.61443786473256, 130.07622668052338, 231.25426685888945]",clock_NY_quote
2025-12,pca_selected,m,3,120,-3.437656685510824,"[-27.853165376847627, 52.61443786473256, 130.07622668052338, 231.25426685888945]",clock_NY_quote
2025-12,pca_selected,m,4,15,-20.43048834388835,"[-27.853165376847627, 52.61443786473256, 130.07622668052338, 231.25426685888945]",clock_NY_quote
2025-12,pca_selected,g,0,21,-3.237391345969053,"[0.9999999999998899, 1.9999999999997797, 3.9999999999995595, 6.000000000000449]",clock_NY_quote
2025-12,pca_selected,g,1,53,-3.1941663306356705,"[0.9999999999998899, 1.9999999999997797, 3.9999999999995595, 6.000000000000449]",clock_NY_quote
2025-12,pca_selected,g,2,164,-1.5548147809817214,"[0.9999999999998899, 1.9999999999997797, 3.9999999999995595, 6.000000000000449]",clock_NY_quote
2025-12,pca_selected,g,3,76,-1.2590676494769002,"[0.9999999999998899, 1.9999999999997797, 3.9999999999995595, 6.000000000000449]",clock_NY_quote
2025-12,pca_selected,g,4,51,1.001103580982363,"[0.9999999999998899, 1.9999999999997797, 3.9999999999995595, 6.000000000000449]",clock_NY_quote
2025-12,ae_selected,m,1,13,3.562687990695518,"[-27.853165376847627, 52.61443786473256, 130.07622668052338, 231.25426685888945]",clock_NY_quote
2025-12,ae_selected,m,2,217,1.171221752499194,"[-27.853165376847627, 52.61443786473256, 130.07622668052338, 231.25426685888945]",clock_NY_quote
2025-12,ae_selected,m,3,120,-6.208537776064174,"[-27.853165376847627, 52.61443786473256, 130.07622668052338, 231.25426685888945]",clock_NY_quote
2025-12,ae_selected,m,4,15,-36.12354902420893,"[-27.853165376847627, 52.61443786473256, 130.07622668052338, 231.25426685888945]",clock_NY_quote
2025-12,ae_selected,g,0,21,-9.674475258693713,"[0.9999999999998899, 1.9999999999997797, 3.9999999999995595, 6.000000000000449]",clock_NY_quote
2025-12,ae_selected,g,1,53,-4.175540131579799,"[0.9999999999998899, 1.9999999999997797, 3.9999999999995595, 6.000000000000449]",clock_NY_quote
2025-12,ae_selected,g,2,164,-2.625358062100764,"[0.9999999999998899, 1.9999999999997797, 3.9999999999995595, 6.000000000000449]",clock_NY_quote
2025-12,ae_selected,g,3,76,-1.7242566197827165,"[0.9999999999998899, 1.9999999999997797, 3.9999999999995595, 6.000000000000449]",clock_NY_quote
2025-12,ae_selected,g,4,51,-0.0066249338266414,"[0.9999999999998899, 1.9999999999997797, 3.9999999999995595, 6.000000000000449]",clock_NY_quote
2025-12,ae_reconstruction_selected,m,1,13,3.562687990695518,"[-27.853165376847627, 52.61443786473256, 130.07622668052338, 231.25426685888945]",clock_NY_quote
2025-12,ae_reconstruction_selected,m,2,217,1.171221752499194,"[-27.853165376847627, 52.61443786473256, 130.07622668052338, 231.25426685888945]",clock_NY_quote
2025-12,ae_reconstruction_selected,m,3,120,-6.208537776064174,"[-27.853165376847627, 52.61443786473256, 130.07622668052338, 231.25426685888945]",clock_NY_quote
2025-12,ae_reconstruction_selected,m,4,15,-36.12354902420893,"[-27.853165376847627, 52.61443786473256, 130.07622668052338, 231.25426685888945]",clock_NY_quote
2025-12,ae_reconstruction_selected,g,0,21,-9.674475258693713,"[0.9999999999998899, 1.9999999999997797, 3.9999999999995595, 6.000000000000449]",clock_NY_quote
2025-12,ae_reconstruction_selected,g,1,53,-4.175540131579799,"[0.9999999999998899, 1.9999999999997797, 3.9999999999995595, 6.000000000000449]",clock_NY_quote
2025-12,ae_reconstruction_selected,g,2,164,-2.625358062100764,"[0.9999999999998899, 1.9999999999997797, 3.9999999999995595, 6.000000000000449]",clock_NY_quote
2025-12,ae_reconstruction_selected,g,3,76,-1.7242566197827165,"[0.9999999999998899, 1.9999999999997797, 3.9999999999995595, 6.000000000000449]",clock_NY_quote
2025-12,ae_reconstruction_selected,g,4,51,-0.0066249338266414,"[0.9999999999998899, 1.9999999999997797, 3.9999999999995595, 6.000000000000449]",clock_NY_quote
2026-01,sequential_ols,m,0,23,4.140153495169696,"[-11.375497983788735, 69.6089841422766, 128.78743444171172, 216.53455974109795]",clock_NY_quote
2026-01,sequential_ols,m,1,155,-1.704833773591519,"[-11.375497983788735, 69.6089841422766, 128.78743444171172, 216.53455974109795]",clock_NY_quote
2026-01,sequential_ols,m,2,89,-4.057638157139184,"[-11.375497983788735, 69.6089841422766, 128.78743444171172, 216.53455974109795]",clock_NY_quote
2026-01,sequential_ols,m,3,70,-5.322247516403422,"[-11.375497983788735, 69.6089841422766, 128.78743444171172, 216.53455974109795]",clock_NY_quote
2026-01,sequential_ols,m,4,9,-10.079895424723333,"[-11.375497983788735, 69.6089841422766, 128.78743444171172, 216.53455974109795]",clock_NY_quote
2026-01,sequential_ols,g,0,11,-4.712071053259408,"[0.9999999999998899, 1.9999999999997797, 3.9999999999995595, 5.999999999999339]",clock_NY_quote
2026-01,sequential_ols,g,1,35,-2.117814713918187,"[0.9999999999998899, 1.9999999999997797, 3.9999999999995595, 5.999999999999339]",clock_NY_quote
2026-01,sequential_ols,g,2,44,-3.569096350753492,"[0.9999999999998899, 1.9999999999997797, 3.9999999999995595, 5.999999999999339]",clock_NY_quote
2026-01,sequential_ols,g,3,31,-0.6735449079098965,"[0.9999999999998899, 1.9999999999997797, 3.9999999999995595, 5.999999999999339]",clock_NY_quote
2026-01,sequential_ols,g,4,225,-3.06469092143364,"[0.9999999999998899, 1.9999999999997797, 3.9999999999995595, 5.999999999999339]",clock_NY_quote
2026-01,pca_1,m,0,23,4.148344226836693,"[-11.375497983788735, 69.6089841422766, 128.78743444171172, 216.53455974109795]",clock_NY_quote
2026-01,pca_1,m,1,155,-1.7010204082158842,"[-11.375497983788735, 69.6089841422766, 128.78743444171172, 216.53455974109795]",clock_NY_quote
2026-01,pca_1,m,2,89,-4.05424906398697,"[-11.375497983788735, 69.6089841422766, 128.78743444171172, 216.53455974109795]",clock_NY_quote
2026-01,pca_1,m,3,70,-5.3015758827042845,"[-11.375497983788735, 69.6089841422766, 128.78743444171172, 216.53455974109795]",clock_NY_quote
2026-01,pca_1,m,4,9,-10.047201578384094,"[-11.375497983788735, 69.6089841422766, 128.78743444171172, 216.53455974109795]",clock_NY_quote
2026-01,pca_1,g,0,11,-4.659810983902341,"[0.9999999999998899, 1.9999999999997797, 3.9999999999995595, 5.999999999999339]",clock_NY_quote
2026-01,pca_1,g,1,35,-2.099185083149136,"[0.9999999999998899, 1.9999999999997797, 3.9999999999995595, 5.999999999999339]",clock_NY_quote
2026-01,pca_1,g,2,44,-3.5465116518039603,"[0.9999999999998899, 1.9999999999997797, 3.9999999999995595, 5.999999999999339]",clock_NY_quote
2026-01,pca_1,g,3,31,-0.6779863245466091,"[0.9999999999998899, 1.9999999999997797, 3.9999999999995595, 5.999999999999339]",clock_NY_quote
2026-01,pca_1,g,4,225,-3.0614046723215576,"[0.9999999999998899, 1.9999999999997797, 3.9999999999995595, 5.999999999999339]",clock_NY_quote
2026-01,pca_2,m,0,23,4.549244687502265,"[-11.375497983788735, 69.6089841422766, 128.78743444171172, 216.53455974109795]",clock_NY_quote
2026-01,pca_2,m,1,155,-1.6085794001777511,"[-11.375497983788735, 69.6089841422766, 128.78743444171172, 216.53455974109795]",clock_NY_quote
2026-01,pca_2,m,2,89,-4.028767421267757,"[-11.375497983788735, 69.6089841422766, 128.78743444171172, 216.53455974109795]",clock_NY_quote
2026-01,pca_2,m,3,70,-4.059310071769003,"[-11.375497983788735, 69.6089841422766, 128.78743444171172, 216.53455974109795]",clock_NY_quote
2026-01,pca_2,m,4,9,-7.725769153162143,"[-11.375497983788735, 69.6089841422766, 128.78743444171172, 216.53455974109795]",clock_NY_quote
2026-01,pca_2,g,0,11,-1.2856898278223292,"[0.9999999999998899, 1.9999999999997797, 3.9999999999995595, 5.999999999999339]",clock_NY_quote
2026-01,pca_2,g,1,35,-1.0389703764561768,"[0.9999999999998899, 1.9999999999997797, 3.9999999999995595, 5.999999999999339]",clock_NY_quote
2026-01,pca_2,g,2,44,-2.093633402689831,"[0.9999999999998899, 1.9999999999997797, 3.9999999999995595, 5.999999999999339]",clock_NY_quote
2026-01,pca_2,g,3,31,-1.2378542924485625,"[0.9999999999998899, 1.9999999999997797, 3.9999999999995595, 5.999999999999339]",clock_NY_quote
2026-01,pca_2,g,4,225,-3.0041831246393302,"[0.9999999999998899, 1.9999999999997797, 3.9999999999995595, 5.999999999999339]",clock_NY_quote
2026-01,conditional_linear,m,0,23,2.851943042243088,"[-11.375497983788735, 69.6089841422766, 128.78743444171172, 216.53455974109795]",clock_NY_quote
2026-01,conditional_linear,m,1,155,-2.4389660953939067,"[-11.375497983788735, 69.6089841422766, 128.78743444171172, 216.53455974109795]",clock_NY_quote
2026-01,conditional_linear,m,2,89,-4.232071056709688,"[-11.375497983788735, 69.6089841422766, 128.78743444171172, 216.53455974109795]",clock_NY_quote
2026-01,conditional_linear,m,3,70,-5.036785118479396,"[-11.375497983788735, 69.6089841422766, 128.78743444171172, 216.53455974109795]",clock_NY_quote
2026-01,conditional_linear,m,4,9,-8.573795092316033,"[-11.375497983788735, 69.6089841422766, 128.78743444171172, 216.53455974109795]",clock_NY_quote
2026-01,conditional_linear,g,0,11,-6.332398209819021,"[0.9999999999998899, 1.9999999999997797, 3.9999999999995595, 5.999999999999339]",clock_NY_quote
2026-01,conditional_linear,g,1,35,-3.445757611440188,"[0.9999999999998899, 1.9999999999997797, 3.9999999999995595, 5.999999999999339]",clock_NY_quote
2026-01,conditional_linear,g,2,44,-4.456559613845291,"[0.9999999999998899, 1.9999999999997797, 3.9999999999995595, 5.999999999999339]",clock_NY_quote
2026-01,conditional_linear,g,3,31,-1.4749687979741282,"[0.9999999999998899, 1.9999999999997797, 3.9999999999995595, 5.999999999999339]",clock_NY_quote
2026-01,conditional_linear,g,4,225,-3.052301957916543,"[0.9999999999998899, 1.9999999999997797, 3.9999999999995595, 5.999999999999339]",clock_NY_quote
2026-01,ae_relu_1,m,0,23,4.15351921773946,"[-11.375497983788735, 69.6089841422766, 128.78743444171172, 216.53455974109795]",clock_NY_quote
2026-01,ae_relu_1,m,1,155,-1.694883869555865,"[-11.375497983788735, 69.6089841422766, 128.78743444171172, 216.53455974109795]",clock_NY_quote
2026-01,ae_relu_1,m,2,89,-4.046318648314701,"[-11.375497983788735, 69.6089841422766, 128.78743444171172, 216.53455974109795]",clock_NY_quote
2026-01,ae_relu_1,m,3,70,-5.292188620358167,"[-11.375497983788735, 69.6089841422766, 128.78743444171172, 216.53455974109795]",clock_NY_quote
2026-01,ae_relu_1,m,4,9,-10.037890803922055,"[-11.375497983788735, 69.6089841422766, 128.78743444171172, 216.53455974109795]",clock_NY_quote
2026-01,ae_relu_1,g,0,11,-4.65829696712371,"[0.9999999999998899, 1.9999999999997797, 3.9999999999995595, 5.999999999999339]",clock_NY_quote
2026-01,ae_relu_1,g,1,35,-2.096779259915522,"[0.9999999999998899, 1.9999999999997797, 3.9999999999995595, 5.999999999999339]",clock_NY_quote
2026-01,ae_relu_1,g,2,44,-3.5429881411384354,"[0.9999999999998899, 1.9999999999997797, 3.9999999999995595, 5.999999999999339]",clock_NY_quote
2026-01,ae_relu_1,g,3,31,-0.6730863148063156,"[0.9999999999998899, 1.9999999999997797, 3.9999999999995595, 5.999999999999339]",clock_NY_quote
2026-01,ae_relu_1,g,4,225,-3.052030859684618,"[0.9999999999998899, 1.9999999999997797, 3.9999999999995595, 5.999999999999339]",clock_NY_quote
2026-01,ae_relu_2,m,0,23,5.508941346592742,"[-11.375497983788735, 69.6089841422766, 128.78743444171172, 216.53455974109795]",clock_NY_quote
2026-01,ae_relu_2,m,1,155,-1.2195630673389335,"[-11.375497983788735, 69.6089841422766, 128.78743444171172, 216.53455974109795]",clock_NY_quote
2026-01,ae_relu_2,m,2,89,-4.478356576124396,"[-11.375497983788735, 69.6089841422766, 128.78743444171172, 216.53455974109795]",clock_NY_quote
2026-01,ae_relu_2,m,3,70,-5.8544043071818335,"[-11.375497983788735, 69.6089841422766, 128.78743444171172, 216.53455974109795]",clock_NY_quote
2026-01,ae_relu_2,m,4,9,-10.944240856575275,"[-11.375497983788735, 69.6089841422766, 128.78743444171172, 216.53455974109795]",clock_NY_quote
2026-01,ae_relu_2,g,0,11,-1.7603314048864844,"[0.9999999999998899, 1.9999999999997797, 3.9999999999995595, 5.999999999999339]",clock_NY_quote
2026-01,ae_relu_2,g,1,35,-0.773101902451991,"[0.9999999999998899, 1.9999999999997797, 3.9999999999995595, 5.999999999999339]",clock_NY_quote
2026-01,ae_relu_2,g,2,44,-2.060053766613551,"[0.9999999999998899, 1.9999999999997797, 3.9999999999995595, 5.999999999999339]",clock_NY_quote
2026-01,ae_relu_2,g,3,31,-0.6136888053581199,"[0.9999999999998899, 1.9999999999997797, 3.9999999999995595, 5.999999999999339]",clock_NY_quote
2026-01,ae_relu_2,g,4,225,-3.613857325405376,"[0.9999999999998899, 1.9999999999997797, 3.9999999999995595, 5.999999999999339]",clock_NY_quote
2026-01,ae_tanh_1,m,0,23,-0.553652213481981,"[-11.375497983788735, 69.6089841422766, 128.78743444171172, 216.53455974109795]",clock_NY_quote
2026-01,ae_tanh_1,m,1,155,-6.683906722780789,"[-11.375497983788735, 69.6089841422766, 128.78743444171172, 216.53455974109795]",clock_NY_quote
2026-01,ae_tanh_1,m,2,89,-7.04554853531285,"[-11.375497983788735, 69.6089841422766, 128.78743444171172, 216.53455974109795]",clock_NY_quote
2026-01,ae_tanh_1,m,3,70,-5.510093958864751,"[-11.375497983788735, 69.6089841422766, 128.78743444171172, 216.53455974109795]",clock_NY_quote
2026-01,ae_tanh_1,m,4,9,-6.432078589075423,"[-11.375497983788735, 69.6089841422766, 128.78743444171172, 216.53455974109795]",clock_NY_quote
2026-01,ae_tanh_1,g,0,11,-9.377615209557842,"[0.9999999999998899, 1.9999999999997797, 3.9999999999995595, 5.999999999999339]",clock_NY_quote
2026-01,ae_tanh_1,g,1,35,-6.972847023473662,"[0.9999999999998899, 1.9999999999997797, 3.9999999999995595, 5.999999999999339]",clock_NY_quote
2026-01,ae_tanh_1,g,2,44,-7.930290537681591,"[0.9999999999998899, 1.9999999999997797, 3.9999999999995595, 5.999999999999339]",clock_NY_quote
2026-01,ae_tanh_1,g,3,31,-5.098348396410439,"[0.9999999999998899, 1.9999999999997797, 3.9999999999995595, 5.999999999999339]",clock_NY_quote
2026-01,ae_tanh_1,g,4,225,-5.623127333034378,"[0.9999999999998899, 1.9999999999997797, 3.9999999999995595, 5.999999999999339]",clock_NY_quote
2026-01,ae_tanh_2,m,0,23,-0.7159512418189277,"[-11.375497983788735, 69.6089841422766, 128.78743444171172, 216.53455974109795]",clock_NY_quote
2026-01,ae_tanh_2,m,1,155,-7.839474255590654,"[-11.375497983788735, 69.6089841422766, 128.78743444171172, 216.53455974109795]",clock_NY_quote
2026-01,ae_tanh_2,m,2,89,-8.514397437999051,"[-11.375497983788735, 69.6089841422766, 128.78743444171172, 216.53455974109795]",clock_NY_quote
2026-01,ae_tanh_2,m,3,70,-6.519205319896171,"[-11.375497983788735, 69.6089841422766, 128.78743444171172, 216.53455974109795]",clock_NY_quote
2026-01,ae_tanh_2,m,4,9,-6.449868965647444,"[-11.375497983788735, 69.6089841422766, 128.78743444171172, 216.53455974109795]",clock_NY_quote
2026-01,ae_tanh_2,g,0,11,-10.09992645322504,"[0.9999999999998899, 1.9999999999997797, 3.9999999999995595, 5.999999999999339]",clock_NY_quote
2026-01,ae_tanh_2,g,1,35,-7.597776464370283,"[0.9999999999998899, 1.9999999999997797, 3.9999999999995595, 5.999999999999339]",clock_NY_quote
2026-01,ae_tanh_2,g,2,44,-8.780196337489587,"[0.9999999999998899, 1.9999999999997797, 3.9999999999995595, 5.999999999999339]",clock_NY_quote
2026-01,ae_tanh_2,g,3,31,-6.1529524860248745,"[0.9999999999998899, 1.9999999999997797, 3.9999999999995595, 5.999999999999339]",clock_NY_quote
2026-01,ae_tanh_2,g,4,225,-6.887415200396059,"[0.9999999999998899, 1.9999999999997797, 3.9999999999995595, 5.999999999999339]",clock_NY_quote
2026-01,conditional_neural,m,0,23,4.14823315828844,"[-11.375497983788735, 69.6089841422766, 128.78743444171172, 216.53455974109795]",clock_NY_quote
2026-01,conditional_neural,m,1,155,-1.6170071830053805,"[-11.375497983788735, 69.6089841422766, 128.78743444171172, 216.53455974109795]",clock_NY_quote
2026-01,conditional_neural,m,2,89,-3.4028266008462755,"[-11.375497983788735, 69.6089841422766, 128.78743444171172, 216.53455974109795]",clock_NY_quote
2026-01,conditional_neural,m,3,70,-3.886688744732739,"[-11.375497983788735, 69.6089841422766, 128.78743444171172, 216.53455974109795]",clock_NY_quote
2026-01,conditional_neural,m,4,9,-6.393138711383923,"[-11.375497983788735, 69.6089841422766, 128.78743444171172, 216.53455974109795]",clock_NY_quote
2026-01,conditional_neural,g,0,11,-5.609666929613205,"[0.9999999999998899, 1.9999999999997797, 3.9999999999995595, 5.999999999999339]",clock_NY_quote
2026-01,conditional_neural,g,1,35,-2.777624108478746,"[0.9999999999998899, 1.9999999999997797, 3.9999999999995595, 5.999999999999339]",clock_NY_quote
2026-01,conditional_neural,g,2,44,-3.8671381441457697,"[0.9999999999998899, 1.9999999999997797, 3.9999999999995595, 5.999999999999339]",clock_NY_quote
2026-01,conditional_neural,g,3,31,-0.7649681191644826,"[0.9999999999998899, 1.9999999999997797, 3.9999999999995595, 5.999999999999339]",clock_NY_quote
2026-01,conditional_neural,g,4,225,-1.932860038556672,"[0.9999999999998899, 1.9999999999997797, 3.9999999999995595, 5.999999999999339]",clock_NY_quote
2026-01,pca_selected,m,0,23,4.549244687502265,"[-11.375497983788735, 69.6089841422766, 128.78743444171172, 216.53455974109795]",clock_NY_quote
2026-01,pca_selected,m,1,155,-1.6085794001777511,"[-11.375497983788735, 69.6089841422766, 128.78743444171172, 216.53455974109795]",clock_NY_quote
2026-01,pca_selected,m,2,89,-4.028767421267757,"[-11.375497983788735, 69.6089841422766, 128.78743444171172, 216.53455974109795]",clock_NY_quote
2026-01,pca_selected,m,3,70,-4.059310071769003,"[-11.375497983788735, 69.6089841422766, 128.78743444171172, 216.53455974109795]",clock_NY_quote
2026-01,pca_selected,m,4,9,-7.725769153162143,"[-11.375497983788735, 69.6089841422766, 128.78743444171172, 216.53455974109795]",clock_NY_quote
2026-01,pca_selected,g,0,11,-1.2856898278223292,"[0.9999999999998899, 1.9999999999997797, 3.9999999999995595, 5.999999999999339]",clock_NY_quote
2026-01,pca_selected,g,1,35,-1.0389703764561768,"[0.9999999999998899, 1.9999999999997797, 3.9999999999995595, 5.999999999999339]",clock_NY_quote
2026-01,pca_selected,g,2,44,-2.093633402689831,"[0.9999999999998899, 1.9999999999997797, 3.9999999999995595, 5.999999999999339]",clock_NY_quote
2026-01,pca_selected,g,3,31,-1.2378542924485625,"[0.9999999999998899, 1.9999999999997797, 3.9999999999995595, 5.999999999999339]",clock_NY_quote
2026-01,pca_selected,g,4,225,-3.0041831246393302,"[0.9999999999998899, 1.9999999999997797, 3.9999999999995595, 5.999999999999339]",clock_NY_quote
2026-01,ae_selected,m,0,23,4.15351921773946,"[-11.375497983788735, 69.6089841422766, 128.78743444171172, 216.53455974109795]",clock_NY_quote
2026-01,ae_selected,m,1,155,-1.694883869555865,"[-11.375497983788735, 69.6089841422766, 128.78743444171172, 216.53455974109795]",clock_NY_quote
2026-01,ae_selected,m,2,89,-4.046318648314701,"[-11.375497983788735, 69.6089841422766, 128.78743444171172, 216.53455974109795]",clock_NY_quote
2026-01,ae_selected,m,3,70,-5.292188620358167,"[-11.375497983788735, 69.6089841422766, 128.78743444171172, 216.53455974109795]",clock_NY_quote
2026-01,ae_selected,m,4,9,-10.037890803922055,"[-11.375497983788735, 69.6089841422766, 128.78743444171172, 216.53455974109795]",clock_NY_quote
2026-01,ae_selected,g,0,11,-4.65829696712371,"[0.9999999999998899, 1.9999999999997797, 3.9999999999995595, 5.999999999999339]",clock_NY_quote
2026-01,ae_selected,g,1,35,-2.096779259915522,"[0.9999999999998899, 1.9999999999997797, 3.9999999999995595, 5.999999999999339]",clock_NY_quote
2026-01,ae_selected,g,2,44,-3.5429881411384354,"[0.9999999999998899, 1.9999999999997797, 3.9999999999995595, 5.999999999999339]",clock_NY_quote
2026-01,ae_selected,g,3,31,-0.6730863148063156,"[0.9999999999998899, 1.9999999999997797, 3.9999999999995595, 5.999999999999339]",clock_NY_quote
2026-01,ae_selected,g,4,225,-3.052030859684618,"[0.9999999999998899, 1.9999999999997797, 3.9999999999995595, 5.999999999999339]",clock_NY_quote
2026-01,ae_reconstruction_selected,m,0,23,4.15351921773946,"[-11.375497983788735, 69.6089841422766, 128.78743444171172, 216.53455974109795]",clock_NY_quote
2026-01,ae_reconstruction_selected,m,1,155,-1.694883869555865,"[-11.375497983788735, 69.6089841422766, 128.78743444171172, 216.53455974109795]",clock_NY_quote
2026-01,ae_reconstruction_selected,m,2,89,-4.046318648314701,"[-11.375497983788735, 69.6089841422766, 128.78743444171172, 216.53455974109795]",clock_NY_quote
2026-01,ae_reconstruction_selected,m,3,70,-5.292188620358167,"[-11.375497983788735, 69.6089841422766, 128.78743444171172, 216.53455974109795]",clock_NY_quote
2026-01,ae_reconstruction_selected,m,4,9,-10.037890803922055,"[-11.375497983788735, 69.6089841422766, 128.78743444171172, 216.53455974109795]",clock_NY_quote
2026-01,ae_reconstruction_selected,g,0,11,-4.65829696712371,"[0.9999999999998899, 1.9999999999997797, 3.9999999999995595, 5.999999999999339]",clock_NY_quote
2026-01,ae_reconstruction_selected,g,1,35,-2.096779259915522,"[0.9999999999998899, 1.9999999999997797, 3.9999999999995595, 5.999999999999339]",clock_NY_quote
2026-01,ae_reconstruction_selected,g,2,44,-3.5429881411384354,"[0.9999999999998899, 1.9999999999997797, 3.9999999999995595, 5.999999999999339]",clock_NY_quote
2026-01,ae_reconstruction_selected,g,3,31,-0.6730863148063156,"[0.9999999999998899, 1.9999999999997797, 3.9999999999995595, 5.999999999999339]",clock_NY_quote
2026-01,ae_reconstruction_selected,g,4,225,-3.052030859684618,"[0.9999999999998899, 1.9999999999997797, 3.9999999999995595, 5.999999999999339]",clock_NY_quote
2026-02,sequential_ols,m,1,19,3.4933589063432136,"[-2.7951421400018717, 66.69867301566646, 123.22559556831436, 204.11532225744767]",clock_NY_quote
2026-02,sequential_ols,m,2,42,-1.0593776433542803,"[-2.7951421400018717, 66.69867301566646, 123.22559556831436, 204.11532225744767]",clock_NY_quote
2026-02,sequential_ols,m,3,170,1.1293601576168202,"[-2.7951421400018717, 66.69867301566646, 123.22559556831436, 204.11532225744767]",clock_NY_quote
2026-02,sequential_ols,m,4,93,-3.383976513337159,"[-2.7951421400018717, 66.69867301566646, 123.22559556831436, 204.11532225744767]",clock_NY_quote
2026-02,sequential_ols,g,0,25,-0.5300929091813674,"[0.9999999999998899, 2.9999999999996696, 3.9999999999995595, 6.000000000000449]",clock_NY_quote
2026-02,sequential_ols,g,1,48,-0.0708133845514069,"[0.9999999999998899, 2.9999999999996696, 3.9999999999995595, 6.000000000000449]",clock_NY_quote
2026-02,sequential_ols,g,2,33,0.9212293988842836,"[0.9999999999998899, 2.9999999999996696, 3.9999999999995595, 6.000000000000449]",clock_NY_quote
2026-02,sequential_ols,g,3,122,-0.8347024925549209,"[0.9999999999998899, 2.9999999999996696, 3.9999999999995595, 6.000000000000449]",clock_NY_quote
2026-02,sequential_ols,g,4,96,-0.132855537805566,"[0.9999999999998899, 2.9999999999996696, 3.9999999999995595, 6.000000000000449]",clock_NY_quote
2026-02,pca_1,m,1,19,3.4519316030201828,"[-2.7951421400018717, 66.69867301566646, 123.22559556831436, 204.11532225744767]",clock_NY_quote
2026-02,pca_1,m,2,42,-1.0804491442508937,"[-2.7951421400018717, 66.69867301566646, 123.22559556831436, 204.11532225744767]",clock_NY_quote
2026-02,pca_1,m,3,170,1.107586615338367,"[-2.7951421400018717, 66.69867301566646, 123.22559556831436, 204.11532225744767]",clock_NY_quote
2026-02,pca_1,m,4,93,-3.3506865852840013,"[-2.7951421400018717, 66.69867301566646, 123.22559556831436, 204.11532225744767]",clock_NY_quote
2026-02,pca_1,g,0,25,-0.5457659488568956,"[0.9999999999998899, 2.9999999999996696, 3.9999999999995595, 6.000000000000449]",clock_NY_quote
2026-02,pca_1,g,1,48,-0.1086371250457995,"[0.9999999999998899, 2.9999999999996696, 3.9999999999995595, 6.000000000000449]",clock_NY_quote
2026-02,pca_1,g,2,33,0.9146762040457784,"[0.9999999999998899, 2.9999999999996696, 3.9999999999995595, 6.000000000000449]",clock_NY_quote
2026-02,pca_1,g,3,122,-0.829416621127957,"[0.9999999999998899, 2.9999999999996696, 3.9999999999995595, 6.000000000000449]",clock_NY_quote
2026-02,pca_1,g,4,96,-0.1380525797637808,"[0.9999999999998899, 2.9999999999996696, 3.9999999999995595, 6.000000000000449]",clock_NY_quote
2026-02,pca_2,m,1,19,0.8344914986054172,"[-2.7951421400018717, 66.69867301566646, 123.22559556831436, 204.11532225744767]",clock_NY_quote
2026-02,pca_2,m,2,42,-2.5463259104788043,"[-2.7951421400018717, 66.69867301566646, 123.22559556831436, 204.11532225744767]",clock_NY_quote
2026-02,pca_2,m,3,170,-0.4300426238917105,"[-2.7951421400018717, 66.69867301566646, 123.22559556831436, 204.11532225744767]",clock_NY_quote
2026-02,pca_2,m,4,93,-1.1300952881664736,"[-2.7951421400018717, 66.69867301566646, 123.22559556831436, 204.11532225744767]",clock_NY_quote
2026-02,pca_2,g,0,25,-1.7899044157061297,"[0.9999999999998899, 2.9999999999996696, 3.9999999999995595, 6.000000000000449]",clock_NY_quote
2026-02,pca_2,g,1,48,-2.6194485446654285,"[0.9999999999998899, 2.9999999999996696, 3.9999999999995595, 6.000000000000449]",clock_NY_quote
2026-02,pca_2,g,2,33,0.4473331608561819,"[0.9999999999998899, 2.9999999999996696, 3.9999999999995595, 6.000000000000449]",clock_NY_quote
2026-02,pca_2,g,3,122,-0.4968570659015944,"[0.9999999999998899, 2.9999999999996696, 3.9999999999995595, 6.000000000000449]",clock_NY_quote
2026-02,pca_2,g,4,96,-0.5516744724931811,"[0.9999999999998899, 2.9999999999996696, 3.9999999999995595, 6.000000000000449]",clock_NY_quote
2026-02,conditional_linear,m,1,19,2.754847827430936,"[-2.7951421400018717, 66.69867301566646, 123.22559556831436, 204.11532225744767]",clock_NY_quote
2026-02,conditional_linear,m,2,42,-1.592710574050986,"[-2.7951421400018717, 66.69867301566646, 123.22559556831436, 204.11532225744767]",clock_NY_quote
2026-02,conditional_linear,m,3,170,1.4007181236691153,"[-2.7951421400018717, 66.69867301566646, 123.22559556831436, 204.11532225744767]",clock_NY_quote
2026-02,conditional_linear,m,4,93,-2.3144918865900705,"[-2.7951421400018717, 66.69867301566646, 123.22559556831436, 204.11532225744767]",clock_NY_quote
2026-02,conditional_linear,g,0,25,-1.1664372670434593,"[0.9999999999998899, 2.9999999999996696, 3.9999999999995595, 6.000000000000449]",clock_NY_quote
2026-02,conditional_linear,g,1,48,-0.4338536867270505,"[0.9999999999998899, 2.9999999999996696, 3.9999999999995595, 6.000000000000449]",clock_NY_quote
2026-02,conditional_linear,g,2,33,1.256089716134326,"[0.9999999999998899, 2.9999999999996696, 3.9999999999995595, 6.000000000000449]",clock_NY_quote
2026-02,conditional_linear,g,3,122,-0.0188264130234471,"[0.9999999999998899, 2.9999999999996696, 3.9999999999995595, 6.000000000000449]",clock_NY_quote
2026-02,conditional_linear,g,4,96,0.1995246935138762,"[0.9999999999998899, 2.9999999999996696, 3.9999999999995595, 6.000000000000449]",clock_NY_quote
2026-02,ae_relu_1,m,1,19,3.4761484660615856,"[-2.7951421400018717, 66.69867301566646, 123.22559556831436, 204.11532225744767]",clock_NY_quote
2026-02,ae_relu_1,m,2,42,-1.0730729363400149,"[-2.7951421400018717, 66.69867301566646, 123.22559556831436, 204.11532225744767]",clock_NY_quote
2026-02,ae_relu_1,m,3,170,1.111513965538396,"[-2.7951421400018717, 66.69867301566646, 123.22559556831436, 204.11532225744767]",clock_NY_quote
2026-02,ae_relu_1,m,4,93,-3.3603972420717194,"[-2.7951421400018717, 66.69867301566646, 123.22559556831436, 204.11532225744767]",clock_NY_quote
2026-02,ae_relu_1,g,0,25,-0.5488638175029262,"[0.9999999999998899, 2.9999999999996696, 3.9999999999995595, 6.000000000000449]",clock_NY_quote
2026-02,ae_relu_1,g,1,48,-0.1088598937903289,"[0.9999999999998899, 2.9999999999996696, 3.9999999999995595, 6.000000000000449]",clock_NY_quote
2026-02,ae_relu_1,g,2,33,0.9093896646257652,"[0.9999999999998899, 2.9999999999996696, 3.9999999999995595, 6.000000000000449]",clock_NY_quote
2026-02,ae_relu_1,g,3,122,-0.8330313863709266,"[0.9999999999998899, 2.9999999999996696, 3.9999999999995595, 6.000000000000449]",clock_NY_quote
2026-02,ae_relu_1,g,4,96,-0.1251559510223063,"[0.9999999999998899, 2.9999999999996696, 3.9999999999995595, 6.000000000000449]",clock_NY_quote
2026-02,ae_relu_2,m,1,19,2.564256036890588,"[-2.7951421400018717, 66.69867301566646, 123.22559556831436, 204.11532225744767]",clock_NY_quote
2026-02,ae_relu_2,m,2,42,-4.386309469975035,"[-2.7951421400018717, 66.69867301566646, 123.22559556831436, 204.11532225744767]",clock_NY_quote
2026-02,ae_relu_2,m,3,170,-4.871433870298066,"[-2.7951421400018717, 66.69867301566646, 123.22559556831436, 204.11532225744767]",clock_NY_quote
2026-02,ae_relu_2,m,4,93,-8.623570450963319,"[-2.7951421400018717, 66.69867301566646, 123.22559556831436, 204.11532225744767]",clock_NY_quote
2026-02,ae_relu_2,g,0,25,-5.367483887646236,"[0.9999999999998899, 2.9999999999996696, 3.9999999999995595, 6.000000000000449]",clock_NY_quote
2026-02,ae_relu_2,g,1,48,-6.4257630194128135,"[0.9999999999998899, 2.9999999999996696, 3.9999999999995595, 6.000000000000449]",clock_NY_quote
2026-02,ae_relu_2,g,2,33,-5.9320699205314575,"[0.9999999999998899, 2.9999999999996696, 3.9999999999995595, 6.000000000000449]",clock_NY_quote
2026-02,ae_relu_2,g,3,122,-6.505259349299481,"[0.9999999999998899, 2.9999999999996696, 3.9999999999995595, 6.000000000000449]",clock_NY_quote
2026-02,ae_relu_2,g,4,96,-3.4751695084712977,"[0.9999999999998899, 2.9999999999996696, 3.9999999999995595, 6.000000000000449]",clock_NY_quote
2026-02,ae_tanh_1,m,1,19,-0.9861717837856162,"[-2.7951421400018717, 66.69867301566646, 123.22559556831436, 204.11532225744767]",clock_NY_quote
2026-02,ae_tanh_1,m,2,42,-2.90560113958648,"[-2.7951421400018717, 66.69867301566646, 123.22559556831436, 204.11532225744767]",clock_NY_quote
2026-02,ae_tanh_1,m,3,170,2.9041423368612795,"[-2.7951421400018717, 66.69867301566646, 123.22559556831436, 204.11532225744767]",clock_NY_quote
2026-02,ae_tanh_1,m,4,93,2.5400775677822622,"[-2.7951421400018717, 66.69867301566646, 123.22559556831436, 204.11532225744767]",clock_NY_quote
2026-02,ae_tanh_1,g,0,25,-1.2052151811502958,"[0.9999999999998899, 2.9999999999996696, 3.9999999999995595, 6.000000000000449]",clock_NY_quote
2026-02,ae_tanh_1,g,1,48,0.4809298634227008,"[0.9999999999998899, 2.9999999999996696, 3.9999999999995595, 6.000000000000449]",clock_NY_quote
2026-02,ae_tanh_1,g,2,33,4.713700092016291,"[0.9999999999998899, 2.9999999999996696, 3.9999999999995595, 6.000000000000449]",clock_NY_quote
2026-02,ae_tanh_1,g,3,122,3.33179507898514,"[0.9999999999998899, 2.9999999999996696, 3.9999999999995595, 6.000000000000449]",clock_NY_quote
2026-02,ae_tanh_1,g,4,96,0.3559744034099183,"[0.9999999999998899, 2.9999999999996696, 3.9999999999995595, 6.000000000000449]",clock_NY_quote
2026-02,ae_tanh_2,m,1,19,2.4273194049796785,"[-2.7951421400018717, 66.69867301566646, 123.22559556831436, 204.11532225744767]",clock_NY_quote
2026-02,ae_tanh_2,m,2,42,-4.48937635836757,"[-2.7951421400018717, 66.69867301566646, 123.22559556831436, 204.11532225744767]",clock_NY_quote
2026-02,ae_tanh_2,m,3,170,5.072134507365647,"[-2.7951421400018717, 66.69867301566646, 123.22559556831436, 204.11532225744767]",clock_NY_quote
2026-02,ae_tanh_2,m,4,93,7.754187353307754,"[-2.7951421400018717, 66.69867301566646, 123.22559556831436, 204.11532225744767]",clock_NY_quote
2026-02,ae_tanh_2,g,0,25,-4.344591748053046,"[0.9999999999998899, 2.9999999999996696, 3.9999999999995595, 6.000000000000449]",clock_NY_quote
2026-02,ae_tanh_2,g,1,48,-0.2839061693980686,"[0.9999999999998899, 2.9999999999996696, 3.9999999999995595, 6.000000000000449]",clock_NY_quote
2026-02,ae_tanh_2,g,2,33,7.571116942153759,"[0.9999999999998899, 2.9999999999996696, 3.9999999999995595, 6.000000000000449]",clock_NY_quote
2026-02,ae_tanh_2,g,3,122,6.983561509052378,"[0.9999999999998899, 2.9999999999996696, 3.9999999999995595, 6.000000000000449]",clock_NY_quote
2026-02,ae_tanh_2,g,4,96,4.805921649895066,"[0.9999999999998899, 2.9999999999996696, 3.9999999999995595, 6.000000000000449]",clock_NY_quote
2026-02,conditional_neural,m,1,19,2.8174122080715915,"[-2.7951421400018717, 66.69867301566646, 123.22559556831436, 204.11532225744767]",clock_NY_quote
2026-02,conditional_neural,m,2,42,-1.487212977068473,"[-2.7951421400018717, 66.69867301566646, 123.22559556831436, 204.11532225744767]",clock_NY_quote
2026-02,conditional_neural,m,3,170,2.2401407793525547,"[-2.7951421400018717, 66.69867301566646, 123.22559556831436, 204.11532225744767]",clock_NY_quote
2026-02,conditional_neural,m,4,93,-0.3222954941922741,"[-2.7951421400018717, 66.69867301566646, 123.22559556831436, 204.11532225744767]",clock_NY_quote
2026-02,conditional_neural,g,0,25,-1.4749743350960856,"[0.9999999999998899, 2.9999999999996696, 3.9999999999995595, 6.000000000000449]",clock_NY_quote
2026-02,conditional_neural,g,1,48,-0.2232669651911114,"[0.9999999999998899, 2.9999999999996696, 3.9999999999995595, 6.000000000000449]",clock_NY_quote
2026-02,conditional_neural,g,2,33,1.947750060680028,"[0.9999999999998899, 2.9999999999996696, 3.9999999999995595, 6.000000000000449]",clock_NY_quote
2026-02,conditional_neural,g,3,122,1.6890259627381647,"[0.9999999999998899, 2.9999999999996696, 3.9999999999995595, 6.000000000000449]",clock_NY_quote
2026-02,conditional_neural,g,4,96,1.2413811635064127,"[0.9999999999998899, 2.9999999999996696, 3.9999999999995595, 6.000000000000449]",clock_NY_quote
2026-02,pca_selected,m,1,19,0.8344914986054172,"[-2.7951421400018717, 66.69867301566646, 123.22559556831436, 204.11532225744767]",clock_NY_quote
2026-02,pca_selected,m,2,42,-2.5463259104788043,"[-2.7951421400018717, 66.69867301566646, 123.22559556831436, 204.11532225744767]",clock_NY_quote
2026-02,pca_selected,m,3,170,-0.4300426238917105,"[-2.7951421400018717, 66.69867301566646, 123.22559556831436, 204.11532225744767]",clock_NY_quote
2026-02,pca_selected,m,4,93,-1.1300952881664736,"[-2.7951421400018717, 66.69867301566646, 123.22559556831436, 204.11532225744767]",clock_NY_quote
2026-02,pca_selected,g,0,25,-1.7899044157061297,"[0.9999999999998899, 2.9999999999996696, 3.9999999999995595, 6.000000000000449]",clock_NY_quote
2026-02,pca_selected,g,1,48,-2.6194485446654285,"[0.9999999999998899, 2.9999999999996696, 3.9999999999995595, 6.000000000000449]",clock_NY_quote
2026-02,pca_selected,g,2,33,0.4473331608561819,"[0.9999999999998899, 2.9999999999996696, 3.9999999999995595, 6.000000000000449]",clock_NY_quote
2026-02,pca_selected,g,3,122,-0.4968570659015944,"[0.9999999999998899, 2.9999999999996696, 3.9999999999995595, 6.000000000000449]",clock_NY_quote
2026-02,pca_selected,g,4,96,-0.5516744724931811,"[0.9999999999998899, 2.9999999999996696, 3.9999999999995595, 6.000000000000449]",clock_NY_quote
2026-02,ae_selected,m,1,19,2.564256036890588,"[-2.7951421400018717, 66.69867301566646, 123.22559556831436, 204.11532225744767]",clock_NY_quote
2026-02,ae_selected,m,2,42,-4.386309469975035,"[-2.7951421400018717, 66.69867301566646, 123.22559556831436, 204.11532225744767]",clock_NY_quote
2026-02,ae_selected,m,3,170,-4.871433870298066,"[-2.7951421400018717, 66.69867301566646, 123.22559556831436, 204.11532225744767]",clock_NY_quote
2026-02,ae_selected,m,4,93,-8.623570450963319,"[-2.7951421400018717, 66.69867301566646, 123.22559556831436, 204.11532225744767]",clock_NY_quote
2026-02,ae_selected,g,0,25,-5.367483887646236,"[0.9999999999998899, 2.9999999999996696, 3.9999999999995595, 6.000000000000449]",clock_NY_quote
2026-02,ae_selected,g,1,48,-6.4257630194128135,"[0.9999999999998899, 2.9999999999996696, 3.9999999999995595, 6.000000000000449]",clock_NY_quote
2026-02,ae_selected,g,2,33,-5.9320699205314575,"[0.9999999999998899, 2.9999999999996696, 3.9999999999995595, 6.000000000000449]",clock_NY_quote
2026-02,ae_selected,g,3,122,-6.505259349299481,"[0.9999999999998899, 2.9999999999996696, 3.9999999999995595, 6.000000000000449]",clock_NY_quote
2026-02,ae_selected,g,4,96,-3.4751695084712977,"[0.9999999999998899, 2.9999999999996696, 3.9999999999995595, 6.000000000000449]",clock_NY_quote
2026-02,ae_reconstruction_selected,m,1,19,2.564256036890588,"[-2.7951421400018717, 66.69867301566646, 123.22559556831436, 204.11532225744767]",clock_NY_quote
2026-02,ae_reconstruction_selected,m,2,42,-4.386309469975035,"[-2.7951421400018717, 66.69867301566646, 123.22559556831436, 204.11532225744767]",clock_NY_quote
2026-02,ae_reconstruction_selected,m,3,170,-4.871433870298066,"[-2.7951421400018717, 66.69867301566646, 123.22559556831436, 204.11532225744767]",clock_NY_quote
2026-02,ae_reconstruction_selected,m,4,93,-8.623570450963319,"[-2.7951421400018717, 66.69867301566646, 123.22559556831436, 204.11532225744767]",clock_NY_quote
2026-02,ae_reconstruction_selected,g,0,25,-5.367483887646236,"[0.9999999999998899, 2.9999999999996696, 3.9999999999995595, 6.000000000000449]",clock_NY_quote
2026-02,ae_reconstruction_selected,g,1,48,-6.4257630194128135,"[0.9999999999998899, 2.9999999999996696, 3.9999999999995595, 6.000000000000449]",clock_NY_quote
2026-02,ae_reconstruction_selected,g,2,33,-5.9320699205314575,"[0.9999999999998899, 2.9999999999996696, 3.9999999999995595, 6.000000000000449]",clock_NY_quote
2026-02,ae_reconstruction_selected,g,3,122,-6.505259349299481,"[0.9999999999998899, 2.9999999999996696, 3.9999999999995595, 6.000000000000449]",clock_NY_quote
2026-02,ae_reconstruction_selected,g,4,96,-3.4751695084712977,"[0.9999999999998899, 2.9999999999996696, 3.9999999999995595, 6.000000000000449]",clock_NY_quote
2026-03,sequential_ols,m,0,227,-3.549994818237801,"[6.174078065200532, 75.65623924052584, 134.6939792301035, 206.53069307421117]",clock_NY_quote
2026-03,sequential_ols,m,1,9,-4.5728773141551216,"[6.174078065200532, 75.65623924052584, 134.6939792301035, 206.53069307421117]",clock_NY_quote
2026-03,sequential_ols,m,2,1,-5.722755424086927,"[6.174078065200532, 75.65623924052584, 134.6939792301035, 206.53069307421117]",clock_NY_quote
2026-03,sequential_ols,g,0,78,-3.4828648615491145,"[0.9999999999998899, 2.9999999999996696, 3.9999999999995595, 6.000000000000449]",clock_NY_quote
2026-03,sequential_ols,g,1,139,-3.000991144662285,"[0.9999999999998899, 2.9999999999996696, 3.9999999999995595, 6.000000000000449]",clock_NY_quote
2026-03,sequential_ols,g,2,19,-8.099594939310101,"[0.9999999999998899, 2.9999999999996696, 3.9999999999995595, 6.000000000000449]",clock_NY_quote
2026-03,sequential_ols,g,3,1,-10.033942835683265,"[0.9999999999998899, 2.9999999999996696, 3.9999999999995595, 6.000000000000449]",clock_NY_quote
2026-03,pca_1,m,0,227,-3.534199616207342,"[6.174078065200532, 75.65623924052584, 134.6939792301035, 206.53069307421117]",clock_NY_quote
2026-03,pca_1,m,1,9,-4.53046934805046,"[6.174078065200532, 75.65623924052584, 134.6939792301035, 206.53069307421117]",clock_NY_quote
2026-03,pca_1,m,2,1,-5.739027143789315,"[6.174078065200532, 75.65623924052584, 134.6939792301035, 206.53069307421117]",clock_NY_quote
2026-03,pca_1,g,0,78,-3.456694662729756,"[0.9999999999998899, 2.9999999999996696, 3.9999999999995595, 6.000000000000449]",clock_NY_quote
2026-03,pca_1,g,1,139,-2.9953620326049712,"[0.9999999999998899, 2.9999999999996696, 3.9999999999995595, 6.000000000000449]",clock_NY_quote
2026-03,pca_1,g,2,19,-8.041308319477459,"[0.9999999999998899, 2.9999999999996696, 3.9999999999995595, 6.000000000000449]",clock_NY_quote
2026-03,pca_1,g,3,1,-10.014199860226569,"[0.9999999999998899, 2.9999999999996696, 3.9999999999995595, 6.000000000000449]",clock_NY_quote
2026-03,pca_2,m,0,227,-3.007029458895844,"[6.174078065200532, 75.65623924052584, 134.6939792301035, 206.53069307421117]",clock_NY_quote
2026-03,pca_2,m,1,9,-2.4831198320958694,"[6.174078065200532, 75.65623924052584, 134.6939792301035, 206.53069307421117]",clock_NY_quote
2026-03,pca_2,m,2,1,-6.529720182779485,"[6.174078065200532, 75.65623924052584, 134.6939792301035, 206.53069307421117]",clock_NY_quote
2026-03,pca_2,g,0,78,-2.325490761658545,"[0.9999999999998899, 2.9999999999996696, 3.9999999999995595, 6.000000000000449]",clock_NY_quote
2026-03,pca_2,g,1,139,-3.0151948481521256,"[0.9999999999998899, 2.9999999999996696, 3.9999999999995595, 6.000000000000449]",clock_NY_quote
2026-03,pca_2,g,2,19,-5.358594068284695,"[0.9999999999998899, 2.9999999999996696, 3.9999999999995595, 6.000000000000449]",clock_NY_quote
2026-03,pca_2,g,3,1,-9.159835241077616,"[0.9999999999998899, 2.9999999999996696, 3.9999999999995595, 6.000000000000449]",clock_NY_quote
2026-03,conditional_linear,m,0,227,-5.753470548952198,"[6.174078065200532, 75.65623924052584, 134.6939792301035, 206.53069307421117]",clock_NY_quote
2026-03,conditional_linear,m,1,9,-5.697873025073033,"[6.174078065200532, 75.65623924052584, 134.6939792301035, 206.53069307421117]",clock_NY_quote
2026-03,conditional_linear,m,2,1,-5.252628396330834,"[6.174078065200532, 75.65623924052584, 134.6939792301035, 206.53069307421117]",clock_NY_quote
2026-03,conditional_linear,g,0,78,-5.79541513210035,"[0.9999999999998899, 2.9999999999996696, 3.9999999999995595, 6.000000000000449]",clock_NY_quote
2026-03,conditional_linear,g,1,139,-5.13603101080188,"[0.9999999999998899, 2.9999999999996696, 3.9999999999995595, 6.000000000000449]",clock_NY_quote
2026-03,conditional_linear,g,2,19,-9.979459527298502,"[0.9999999999998899, 2.9999999999996696, 3.9999999999995595, 6.000000000000449]",clock_NY_quote
2026-03,conditional_linear,g,3,1,-7.010878410176886,"[0.9999999999998899, 2.9999999999996696, 3.9999999999995595, 6.000000000000449]",clock_NY_quote
2026-03,ae_relu_1,m,0,227,-3.4845561054304097,"[6.174078065200532, 75.65623924052584, 134.6939792301035, 206.53069307421117]",clock_NY_quote
2026-03,ae_relu_1,m,1,9,-4.51640911254637,"[6.174078065200532, 75.65623924052584, 134.6939792301035, 206.53069307421117]",clock_NY_quote
2026-03,ae_relu_1,m,2,1,-5.7381727843632575,"[6.174078065200532, 75.65623924052584, 134.6939792301035, 206.53069307421117]",clock_NY_quote
2026-03,ae_relu_1,g,0,78,-3.4178320754940184,"[0.9999999999998899, 2.9999999999996696, 3.9999999999995595, 6.000000000000449]",clock_NY_quote
2026-03,ae_relu_1,g,1,139,-2.9413390419868053,"[0.9999999999998899, 2.9999999999996696, 3.9999999999995595, 6.000000000000449]",clock_NY_quote
2026-03,ae_relu_1,g,2,19,-7.999638641532777,"[0.9999999999998899, 2.9999999999996696, 3.9999999999995595, 6.000000000000449]",clock_NY_quote
2026-03,ae_relu_1,g,3,1,-9.949927816161477,"[0.9999999999998899, 2.9999999999996696, 3.9999999999995595, 6.000000000000449]",clock_NY_quote
2026-03,ae_relu_2,m,0,227,4.070864654617614,"[6.174078065200532, 75.65623924052584, 134.6939792301035, 206.53069307421117]",clock_NY_quote
2026-03,ae_relu_2,m,1,9,-2.7315322812084,"[6.174078065200532, 75.65623924052584, 134.6939792301035, 206.53069307421117]",clock_NY_quote
2026-03,ae_relu_2,m,2,1,-8.778593924639537,"[6.174078065200532, 75.65623924052584, 134.6939792301035, 206.53069307421117]",clock_NY_quote
2026-03,ae_relu_2,g,0,78,3.068953141488981,"[0.9999999999998899, 2.9999999999996696, 3.9999999999995595, 6.000000000000449]",clock_NY_quote
2026-03,ae_relu_2,g,1,139,4.547429977291257,"[0.9999999999998899, 2.9999999999996696, 3.9999999999995595, 6.000000000000449]",clock_NY_quote
2026-03,ae_relu_2,g,2,19,1.1202879441170273,"[0.9999999999998899, 2.9999999999996696, 3.9999999999995595, 6.000000000000449]",clock_NY_quote
2026-03,ae_relu_2,g,3,1,-2.032690675165483,"[0.9999999999998899, 2.9999999999996696, 3.9999999999995595, 6.000000000000449]",clock_NY_quote
2026-03,ae_tanh_1,m,0,227,-4.349837816978522,"[6.174078065200532, 75.65623924052584, 134.6939792301035, 206.53069307421117]",clock_NY_quote
2026-03,ae_tanh_1,m,1,9,-9.333785361762915,"[6.174078065200532, 75.65623924052584, 134.6939792301035, 206.53069307421117]",clock_NY_quote
2026-03,ae_tanh_1,m,2,1,-8.553735488967462,"[6.174078065200532, 75.65623924052584, 134.6939792301035, 206.53069307421117]",clock_NY_quote
2026-03,ae_tanh_1,g,0,78,-5.670154133602173,"[0.9999999999998899, 2.9999999999996696, 3.9999999999995595, 6.000000000000449]",clock_NY_quote
2026-03,ae_tanh_1,g,1,139,-3.138996362782484,"[0.9999999999998899, 2.9999999999996696, 3.9999999999995595, 6.000000000000449]",clock_NY_quote
2026-03,ae_tanh_1,g,2,19,-9.865402673690568,"[0.9999999999998899, 2.9999999999996696, 3.9999999999995595, 6.000000000000449]",clock_NY_quote
2026-03,ae_tanh_1,g,3,1,-13.935820551102864,"[0.9999999999998899, 2.9999999999996696, 3.9999999999995595, 6.000000000000449]",clock_NY_quote
2026-03,ae_tanh_2,m,0,227,-2.131911846675742,"[6.174078065200532, 75.65623924052584, 134.6939792301035, 206.53069307421117]",clock_NY_quote
2026-03,ae_tanh_2,m,1,9,-10.12828523426314,"[6.174078065200532, 75.65623924052584, 134.6939792301035, 206.53069307421117]",clock_NY_quote
2026-03,ae_tanh_2,m,2,1,-9.721117202021276,"[6.174078065200532, 75.65623924052584, 134.6939792301035, 206.53069307421117]",clock_NY_quote
2026-03,ae_tanh_2,g,0,78,-4.222318545885066,"[0.9999999999998899, 2.9999999999996696, 3.9999999999995595, 6.000000000000449]",clock_NY_quote
2026-03,ae_tanh_2,g,1,139,-0.6761018641493192,"[0.9999999999998899, 2.9999999999996696, 3.9999999999995595, 6.000000000000449]",clock_NY_quote
2026-03,ae_tanh_2,g,2,19,-7.829710409882532,"[0.9999999999998899, 2.9999999999996696, 3.9999999999995595, 6.000000000000449]",clock_NY_quote
2026-03,ae_tanh_2,g,3,1,-12.736170022224243,"[0.9999999999998899, 2.9999999999996696, 3.9999999999995595, 6.000000000000449]",clock_NY_quote
2026-03,conditional_neural,m,0,227,-7.72984828805812,"[6.174078065200532, 75.65623924052584, 134.6939792301035, 206.53069307421117]",clock_NY_quote
2026-03,conditional_neural,m,1,9,-6.380578123318194,"[6.174078065200532, 75.65623924052584, 134.6939792301035, 206.53069307421117]",clock_NY_quote
2026-03,conditional_neural,m,2,1,-5.96333947140819,"[6.174078065200532, 75.65623924052584, 134.6939792301035, 206.53069307421117]",clock_NY_quote
2026-03,conditional_neural,g,0,78,-7.167441902642056,"[0.9999999999998899, 2.9999999999996696, 3.9999999999995595, 6.000000000000449]",clock_NY_quote
2026-03,conditional_neural,g,1,139,-7.230914842924196,"[0.9999999999998899, 2.9999999999996696, 3.9999999999995595, 6.000000000000449]",clock_NY_quote
2026-03,conditional_neural,g,2,19,-12.7892306164841,"[0.9999999999998899, 2.9999999999996696, 3.9999999999995595, 6.000000000000449]",clock_NY_quote
2026-03,conditional_neural,g,3,1,-10.911090684723789,"[0.9999999999998899, 2.9999999999996696, 3.9999999999995595, 6.000000000000449]",clock_NY_quote
2026-03,pca_selected,m,0,227,-3.007029458895844,"[6.174078065200532, 75.65623924052584, 134.6939792301035, 206.53069307421117]",clock_NY_quote
2026-03,pca_selected,m,1,9,-2.4831198320958694,"[6.174078065200532, 75.65623924052584, 134.6939792301035, 206.53069307421117]",clock_NY_quote
2026-03,pca_selected,m,2,1,-6.529720182779485,"[6.174078065200532, 75.65623924052584, 134.6939792301035, 206.53069307421117]",clock_NY_quote
2026-03,pca_selected,g,0,78,-2.325490761658545,"[0.9999999999998899, 2.9999999999996696, 3.9999999999995595, 6.000000000000449]",clock_NY_quote
2026-03,pca_selected,g,1,139,-3.0151948481521256,"[0.9999999999998899, 2.9999999999996696, 3.9999999999995595, 6.000000000000449]",clock_NY_quote
2026-03,pca_selected,g,2,19,-5.358594068284695,"[0.9999999999998899, 2.9999999999996696, 3.9999999999995595, 6.000000000000449]",clock_NY_quote
2026-03,pca_selected,g,3,1,-9.159835241077616,"[0.9999999999998899, 2.9999999999996696, 3.9999999999995595, 6.000000000000449]",clock_NY_quote
2026-03,ae_selected,m,0,227,4.070864654617614,"[6.174078065200532, 75.65623924052584, 134.6939792301035, 206.53069307421117]",clock_NY_quote
2026-03,ae_selected,m,1,9,-2.7315322812084,"[6.174078065200532, 75.65623924052584, 134.6939792301035, 206.53069307421117]",clock_NY_quote
2026-03,ae_selected,m,2,1,-8.778593924639537,"[6.174078065200532, 75.65623924052584, 134.6939792301035, 206.53069307421117]",clock_NY_quote
2026-03,ae_selected,g,0,78,3.068953141488981,"[0.9999999999998899, 2.9999999999996696, 3.9999999999995595, 6.000000000000449]",clock_NY_quote
2026-03,ae_selected,g,1,139,4.547429977291257,"[0.9999999999998899, 2.9999999999996696, 3.9999999999995595, 6.000000000000449]",clock_NY_quote
2026-03,ae_selected,g,2,19,1.1202879441170273,"[0.9999999999998899, 2.9999999999996696, 3.9999999999995595, 6.000000000000449]",clock_NY_quote
2026-03,ae_selected,g,3,1,-2.032690675165483,"[0.9999999999998899, 2.9999999999996696, 3.9999999999995595, 6.000000000000449]",clock_NY_quote
2026-03,ae_reconstruction_selected,m,0,227,4.070864654617614,"[6.174078065200532, 75.65623924052584, 134.6939792301035, 206.53069307421117]",clock_NY_quote
2026-03,ae_reconstruction_selected,m,1,9,-2.7315322812084,"[6.174078065200532, 75.65623924052584, 134.6939792301035, 206.53069307421117]",clock_NY_quote
2026-03,ae_reconstruction_selected,m,2,1,-8.778593924639537,"[6.174078065200532, 75.65623924052584, 134.6939792301035, 206.53069307421117]",clock_NY_quote
2026-03,ae_reconstruction_selected,g,0,78,3.068953141488981,"[0.9999999999998899, 2.9999999999996696, 3.9999999999995595, 6.000000000000449]",clock_NY_quote
2026-03,ae_reconstruction_selected,g,1,139,4.547429977291257,"[0.9999999999998899, 2.9999999999996696, 3.9999999999995595, 6.000000000000449]",clock_NY_quote
2026-03,ae_reconstruction_selected,g,2,19,1.1202879441170273,"[0.9999999999998899, 2.9999999999996696, 3.9999999999995595, 6.000000000000449]",clock_NY_quote
2026-03,ae_reconstruction_selected,g,3,1,-2.032690675165483,"[0.9999999999998899, 2.9999999999996696, 3.9999999999995595, 6.000000000000449]",clock_NY_quote
2025-08,sequential_ols,m,0,24,0.7638509849471955,"[-126.50664618745843, -41.40261622423078, 63.826953282859215, 136.6620644165647]",clock_FXUTC_USNY_quote
2025-08,sequential_ols,m,1,71,1.18381815469629,"[-126.50664618745843, -41.40261622423078, 63.826953282859215, 136.6620644165647]",clock_FXUTC_USNY_quote
2025-08,sequential_ols,m,2,178,2.1170196539343897,"[-126.50664618745843, -41.40261622423078, 63.826953282859215, 136.6620644165647]",clock_FXUTC_USNY_quote
2025-08,sequential_ols,m,3,76,-0.0955702100169894,"[-126.50664618745843, -41.40261622423078, 63.826953282859215, 136.6620644165647]",clock_FXUTC_USNY_quote
2025-08,sequential_ols,m,4,8,-3.0416521255155224,"[-126.50664618745843, -41.40261622423078, 63.826953282859215, 136.6620644165647]",clock_FXUTC_USNY_quote
2025-08,sequential_ols,g,0,167,2.9201815930462334,"[1.9999999999997797, 2.9999999999996696, 3.9999999999995595, 6.000000000000449]",clock_FXUTC_USNY_quote
2025-08,sequential_ols,g,1,83,1.3174475219461732,"[1.9999999999997797, 2.9999999999996696, 3.9999999999995595, 6.000000000000449]",clock_FXUTC_USNY_quote
2025-08,sequential_ols,g,2,34,1.363364490961643,"[1.9999999999997797, 2.9999999999996696, 3.9999999999995595, 6.000000000000449]",clock_FXUTC_USNY_quote
2025-08,sequential_ols,g,3,36,0.0623634680894981,"[1.9999999999997797, 2.9999999999996696, 3.9999999999995595, 6.000000000000449]",clock_FXUTC_USNY_quote
2025-08,sequential_ols,g,4,37,-5.351391617489078,"[1.9999999999997797, 2.9999999999996696, 3.9999999999995595, 6.000000000000449]",clock_FXUTC_USNY_quote
2025-08,pca_1,m,0,24,0.7675983167882047,"[-126.50664618745843, -41.40261622423078, 63.826953282859215, 136.6620644165647]",clock_FXUTC_USNY_quote
2025-08,pca_1,m,1,71,1.1825939830160104,"[-126.50664618745843, -41.40261622423078, 63.826953282859215, 136.6620644165647]",clock_FXUTC_USNY_quote
2025-08,pca_1,m,2,178,2.1142437718344653,"[-126.50664618745843, -41.40261622423078, 63.826953282859215, 136.6620644165647]",clock_FXUTC_USNY_quote
2025-08,pca_1,m,3,76,-0.0957599551750236,"[-126.50664618745843, -41.40261622423078, 63.826953282859215, 136.6620644165647]",clock_FXUTC_USNY_quote
2025-08,pca_1,m,4,8,-3.032825385568259,"[-126.50664618745843, -41.40261622423078, 63.826953282859215, 136.6620644165647]",clock_FXUTC_USNY_quote
2025-08,pca_1,g,0,167,2.918699218133592,"[1.9999999999997797, 2.9999999999996696, 3.9999999999995595, 6.000000000000449]",clock_FXUTC_USNY_quote
2025-08,pca_1,g,1,83,1.3151988227234783,"[1.9999999999997797, 2.9999999999996696, 3.9999999999995595, 6.000000000000449]",clock_FXUTC_USNY_quote
2025-08,pca_1,g,2,34,1.3600809545273322,"[1.9999999999997797, 2.9999999999996696, 3.9999999999995595, 6.000000000000449]",clock_FXUTC_USNY_quote
2025-08,pca_1,g,3,36,0.061125595205097,"[1.9999999999997797, 2.9999999999996696, 3.9999999999995595, 6.000000000000449]",clock_FXUTC_USNY_quote
2025-08,pca_1,g,4,37,-5.347188688917048,"[1.9999999999997797, 2.9999999999996696, 3.9999999999995595, 6.000000000000449]",clock_FXUTC_USNY_quote
2025-08,pca_2,m,0,24,1.5843483709087198,"[-126.50664618745843, -41.40261622423078, 63.826953282859215, 136.6620644165647]",clock_FXUTC_USNY_quote
2025-08,pca_2,m,1,71,-0.5322582772028216,"[-126.50664618745843, -41.40261622423078, 63.826953282859215, 136.6620644165647]",clock_FXUTC_USNY_quote
2025-08,pca_2,m,2,178,-0.1707279022072766,"[-126.50664618745843, -41.40261622423078, 63.826953282859215, 136.6620644165647]",clock_FXUTC_USNY_quote
2025-08,pca_2,m,3,76,1.9794530273675504,"[-126.50664618745843, -41.40261622423078, 63.826953282859215, 136.6620644165647]",clock_FXUTC_USNY_quote
2025-08,pca_2,m,4,8,4.582844401915583,"[-126.50664618745843, -41.40261622423078, 63.826953282859215, 136.6620644165647]",clock_FXUTC_USNY_quote
2025-08,pca_2,g,0,167,2.02959648156952,"[1.9999999999997797, 2.9999999999996696, 3.9999999999995595, 6.000000000000449]",clock_FXUTC_USNY_quote
2025-08,pca_2,g,1,83,-0.0081978808584732,"[1.9999999999997797, 2.9999999999996696, 3.9999999999995595, 6.000000000000449]",clock_FXUTC_USNY_quote
2025-08,pca_2,g,2,34,-0.6567819793253392,"[1.9999999999997797, 2.9999999999996696, 3.9999999999995595, 6.000000000000449]",clock_FXUTC_USNY_quote
2025-08,pca_2,g,3,36,0.2532697176433661,"[1.9999999999997797, 2.9999999999996696, 3.9999999999995595, 6.000000000000449]",clock_FXUTC_USNY_quote
2025-08,pca_2,g,4,37,-4.5433424034103815,"[1.9999999999997797, 2.9999999999996696, 3.9999999999995595, 6.000000000000449]",clock_FXUTC_USNY_quote
2025-08,conditional_linear,m,0,24,-1.831897454014087,"[-126.50664618745843, -41.40261622423078, 63.826953282859215, 136.6620644165647]",clock_FXUTC_USNY_quote
2025-08,conditional_linear,m,1,71,-1.277922507336601,"[-126.50664618745843, -41.40261622423078, 63.826953282859215, 136.6620644165647]",clock_FXUTC_USNY_quote
2025-08,conditional_linear,m,2,178,2.984734017525482,"[-126.50664618745843, -41.40261622423078, 63.826953282859215, 136.6620644165647]",clock_FXUTC_USNY_quote
2025-08,conditional_linear,m,3,76,2.630017908046423,"[-126.50664618745843, -41.40261622423078, 63.826953282859215, 136.6620644165647]",clock_FXUTC_USNY_quote
2025-08,conditional_linear,m,4,8,5.935233510185633,"[-126.50664618745843, -41.40261622423078, 63.826953282859215, 136.6620644165647]",clock_FXUTC_USNY_quote
2025-08,conditional_linear,g,0,167,2.789141367184232,"[1.9999999999997797, 2.9999999999996696, 3.9999999999995595, 6.000000000000449]",clock_FXUTC_USNY_quote
2025-08,conditional_linear,g,1,83,2.555732637398329,"[1.9999999999997797, 2.9999999999996696, 3.9999999999995595, 6.000000000000449]",clock_FXUTC_USNY_quote
2025-08,conditional_linear,g,2,34,2.037133779665906,"[1.9999999999997797, 2.9999999999996696, 3.9999999999995595, 6.000000000000449]",clock_FXUTC_USNY_quote
2025-08,conditional_linear,g,3,36,-0.5186736055656387,"[1.9999999999997797, 2.9999999999996696, 3.9999999999995595, 6.000000000000449]",clock_FXUTC_USNY_quote
2025-08,conditional_linear,g,4,37,-2.2852667199133405,"[1.9999999999997797, 2.9999999999996696, 3.9999999999995595, 6.000000000000449]",clock_FXUTC_USNY_quote
2025-08,ae_relu_1,m,0,24,0.7676963596254319,"[-126.50664618745843, -41.40261622423078, 63.826953282859215, 136.6620644165647]",clock_FXUTC_USNY_quote
2025-08,ae_relu_1,m,1,71,1.1825503511837423,"[-126.50664618745843, -41.40261622423078, 63.826953282859215, 136.6620644165647]",clock_FXUTC_USNY_quote
2025-08,ae_relu_1,m,2,178,2.114143045548538,"[-126.50664618745843, -41.40261622423078, 63.826953282859215, 136.6620644165647]",clock_FXUTC_USNY_quote
2025-08,ae_relu_1,m,3,76,-0.0958009674952566,"[-126.50664618745843, -41.40261622423078, 63.826953282859215, 136.6620644165647]",clock_FXUTC_USNY_quote
2025-08,ae_relu_1,m,4,8,-3.032774892550364,"[-126.50664618745843, -41.40261622423078, 63.826953282859215, 136.6620644165647]",clock_FXUTC_USNY_quote
2025-08,ae_relu_1,g,0,167,2.9186255920686217,"[1.9999999999997797, 2.9999999999996696, 3.9999999999995595, 6.000000000000449]",clock_FXUTC_USNY_quote
2025-08,ae_relu_1,g,1,83,1.3150994354422747,"[1.9999999999997797, 2.9999999999996696, 3.9999999999995595, 6.000000000000449]",clock_FXUTC_USNY_quote
2025-08,ae_relu_1,g,2,34,1.3599729734447357,"[1.9999999999997797, 2.9999999999996696, 3.9999999999995595, 6.000000000000449]",clock_FXUTC_USNY_quote
2025-08,ae_relu_1,g,3,36,0.0611054278287561,"[1.9999999999997797, 2.9999999999996696, 3.9999999999995595, 6.000000000000449]",clock_FXUTC_USNY_quote
2025-08,ae_relu_1,g,4,37,-5.347092608472203,"[1.9999999999997797, 2.9999999999996696, 3.9999999999995595, 6.000000000000449]",clock_FXUTC_USNY_quote
2025-08,ae_relu_2,m,0,24,0.9892627833851784,"[-126.50664618745843, -41.40261622423078, 63.826953282859215, 136.6620644165647]",clock_FXUTC_USNY_quote
2025-08,ae_relu_2,m,1,71,0.9938983122401044,"[-126.50664618745843, -41.40261622423078, 63.826953282859215, 136.6620644165647]",clock_FXUTC_USNY_quote
2025-08,ae_relu_2,m,2,178,1.8038688602994453,"[-126.50664618745843, -41.40261622423078, 63.826953282859215, 136.6620644165647]",clock_FXUTC_USNY_quote
2025-08,ae_relu_2,m,3,76,-0.3067873117827464,"[-126.50664618745843, -41.40261622423078, 63.826953282859215, 136.6620644165647]",clock_FXUTC_USNY_quote
2025-08,ae_relu_2,m,4,8,-3.027845724974558,"[-126.50664618745843, -41.40261622423078, 63.826953282859215, 136.6620644165647]",clock_FXUTC_USNY_quote
2025-08,ae_relu_2,g,0,167,2.5393408318909896,"[1.9999999999997797, 2.9999999999996696, 3.9999999999995595, 6.000000000000449]",clock_FXUTC_USNY_quote
2025-08,ae_relu_2,g,1,83,0.9572352536024736,"[1.9999999999997797, 2.9999999999996696, 3.9999999999995595, 6.000000000000449]",clock_FXUTC_USNY_quote
2025-08,ae_relu_2,g,2,34,1.0854901502283514,"[1.9999999999997797, 2.9999999999996696, 3.9999999999995595, 6.000000000000449]",clock_FXUTC_USNY_quote
2025-08,ae_relu_2,g,3,36,0.2230649633285445,"[1.9999999999997797, 2.9999999999996696, 3.9999999999995595, 6.000000000000449]",clock_FXUTC_USNY_quote
2025-08,ae_relu_2,g,4,37,-4.881035301461737,"[1.9999999999997797, 2.9999999999996696, 3.9999999999995595, 6.000000000000449]",clock_FXUTC_USNY_quote
2025-08,ae_tanh_1,m,0,24,-4.1393516415927065,"[-126.50664618745843, -41.40261622423078, 63.826953282859215, 136.6620644165647]",clock_FXUTC_USNY_quote
2025-08,ae_tanh_1,m,1,71,-0.6996711375820355,"[-126.50664618745843, -41.40261622423078, 63.826953282859215, 136.6620644165647]",clock_FXUTC_USNY_quote
2025-08,ae_tanh_1,m,2,178,5.751663574731047,"[-126.50664618745843, -41.40261622423078, 63.826953282859215, 136.6620644165647]",clock_FXUTC_USNY_quote
2025-08,ae_tanh_1,m,3,76,4.149307570481779,"[-126.50664618745843, -41.40261622423078, 63.826953282859215, 136.6620644165647]",clock_FXUTC_USNY_quote
2025-08,ae_tanh_1,m,4,8,-6.612213923117892,"[-126.50664618745843, -41.40261622423078, 63.826953282859215, 136.6620644165647]",clock_FXUTC_USNY_quote
2025-08,ae_tanh_1,g,0,167,4.14030111884141,"[1.9999999999997797, 2.9999999999996696, 3.9999999999995595, 6.000000000000449]",clock_FXUTC_USNY_quote
2025-08,ae_tanh_1,g,1,83,3.4248441996228784,"[1.9999999999997797, 2.9999999999996696, 3.9999999999995595, 6.000000000000449]",clock_FXUTC_USNY_quote
2025-08,ae_tanh_1,g,2,34,3.4116538380811328,"[1.9999999999997797, 2.9999999999996696, 3.9999999999995595, 6.000000000000449]",clock_FXUTC_USNY_quote
2025-08,ae_tanh_1,g,3,36,0.6608986759555546,"[1.9999999999997797, 2.9999999999996696, 3.9999999999995595, 6.000000000000449]",clock_FXUTC_USNY_quote
2025-08,ae_tanh_1,g,4,37,0.5876689692669251,"[1.9999999999997797, 2.9999999999996696, 3.9999999999995595, 6.000000000000449]",clock_FXUTC_USNY_quote
2025-08,ae_tanh_2,m,0,24,-3.354073953993177,"[-126.50664618745843, -41.40261622423078, 63.826953282859215, 136.6620644165647]",clock_FXUTC_USNY_quote
2025-08,ae_tanh_2,m,1,71,-1.47639679140824,"[-126.50664618745843, -41.40261622423078, 63.826953282859215, 136.6620644165647]",clock_FXUTC_USNY_quote
2025-08,ae_tanh_2,m,2,178,4.742111479330249,"[-126.50664618745843, -41.40261622423078, 63.826953282859215, 136.6620644165647]",clock_FXUTC_USNY_quote
2025-08,ae_tanh_2,m,3,76,5.024656783468539,"[-126.50664618745843, -41.40261622423078, 63.826953282859215, 136.6620644165647]",clock_FXUTC_USNY_quote
2025-08,ae_tanh_2,m,4,8,-3.671743945989366,"[-126.50664618745843, -41.40261622423078, 63.826953282859215, 136.6620644165647]",clock_FXUTC_USNY_quote
2025-08,ae_tanh_2,g,0,167,4.605376243152461,"[1.9999999999997797, 2.9999999999996696, 3.9999999999995595, 6.000000000000449]",clock_FXUTC_USNY_quote
2025-08,ae_tanh_2,g,1,83,3.352382117610498,"[1.9999999999997797, 2.9999999999996696, 3.9999999999995595, 6.000000000000449]",clock_FXUTC_USNY_quote
2025-08,ae_tanh_2,g,2,34,2.9489088125873764,"[1.9999999999997797, 2.9999999999996696, 3.9999999999995595, 6.000000000000449]",clock_FXUTC_USNY_quote
2025-08,ae_tanh_2,g,3,36,-1.082805040407522,"[1.9999999999997797, 2.9999999999996696, 3.9999999999995595, 6.000000000000449]",clock_FXUTC_USNY_quote
2025-08,ae_tanh_2,g,4,37,-2.631178549480413,"[1.9999999999997797, 2.9999999999996696, 3.9999999999995595, 6.000000000000449]",clock_FXUTC_USNY_quote
2025-08,conditional_neural,m,0,24,1.863659293348914,"[-126.50664618745843, -41.40261622423078, 63.826953282859215, 136.6620644165647]",clock_FXUTC_USNY_quote
2025-08,conditional_neural,m,1,71,1.1148829957792123,"[-126.50664618745843, -41.40261622423078, 63.826953282859215, 136.6620644165647]",clock_FXUTC_USNY_quote
2025-08,conditional_neural,m,2,178,1.7998042251244275,"[-126.50664618745843, -41.40261622423078, 63.826953282859215, 136.6620644165647]",clock_FXUTC_USNY_quote
2025-08,conditional_neural,m,3,76,-0.8522383342110998,"[-126.50664618745843, -41.40261622423078, 63.826953282859215, 136.6620644165647]",clock_FXUTC_USNY_quote
2025-08,conditional_neural,m,4,8,0.1320478264252074,"[-126.50664618745843, -41.40261622423078, 63.826953282859215, 136.6620644165647]",clock_FXUTC_USNY_quote
2025-08,conditional_neural,g,0,167,2.102024371567459,"[1.9999999999997797, 2.9999999999996696, 3.9999999999995595, 6.000000000000449]",clock_FXUTC_USNY_quote
2025-08,conditional_neural,g,1,83,1.2395878995237155,"[1.9999999999997797, 2.9999999999996696, 3.9999999999995595, 6.000000000000449]",clock_FXUTC_USNY_quote
2025-08,conditional_neural,g,2,34,1.1347706109988152,"[1.9999999999997797, 2.9999999999996696, 3.9999999999995595, 6.000000000000449]",clock_FXUTC_USNY_quote
2025-08,conditional_neural,g,3,36,0.9834520786809056,"[1.9999999999997797, 2.9999999999996696, 3.9999999999995595, 6.000000000000449]",clock_FXUTC_USNY_quote
2025-08,conditional_neural,g,4,37,-3.9830920079595176,"[1.9999999999997797, 2.9999999999996696, 3.9999999999995595, 6.000000000000449]",clock_FXUTC_USNY_quote
2025-08,pca_selected,m,0,24,0.7675983167882047,"[-126.50664618745843, -41.40261622423078, 63.826953282859215, 136.6620644165647]",clock_FXUTC_USNY_quote
2025-08,pca_selected,m,1,71,1.1825939830160104,"[-126.50664618745843, -41.40261622423078, 63.826953282859215, 136.6620644165647]",clock_FXUTC_USNY_quote
2025-08,pca_selected,m,2,178,2.1142437718344653,"[-126.50664618745843, -41.40261622423078, 63.826953282859215, 136.6620644165647]",clock_FXUTC_USNY_quote
2025-08,pca_selected,m,3,76,-0.0957599551750236,"[-126.50664618745843, -41.40261622423078, 63.826953282859215, 136.6620644165647]",clock_FXUTC_USNY_quote
2025-08,pca_selected,m,4,8,-3.032825385568259,"[-126.50664618745843, -41.40261622423078, 63.826953282859215, 136.6620644165647]",clock_FXUTC_USNY_quote
2025-08,pca_selected,g,0,167,2.918699218133592,"[1.9999999999997797, 2.9999999999996696, 3.9999999999995595, 6.000000000000449]",clock_FXUTC_USNY_quote
2025-08,pca_selected,g,1,83,1.3151988227234783,"[1.9999999999997797, 2.9999999999996696, 3.9999999999995595, 6.000000000000449]",clock_FXUTC_USNY_quote
2025-08,pca_selected,g,2,34,1.3600809545273322,"[1.9999999999997797, 2.9999999999996696, 3.9999999999995595, 6.000000000000449]",clock_FXUTC_USNY_quote
2025-08,pca_selected,g,3,36,0.061125595205097,"[1.9999999999997797, 2.9999999999996696, 3.9999999999995595, 6.000000000000449]",clock_FXUTC_USNY_quote
2025-08,pca_selected,g,4,37,-5.347188688917048,"[1.9999999999997797, 2.9999999999996696, 3.9999999999995595, 6.000000000000449]",clock_FXUTC_USNY_quote
2025-08,ae_selected,m,0,24,0.7676963596254319,"[-126.50664618745843, -41.40261622423078, 63.826953282859215, 136.6620644165647]",clock_FXUTC_USNY_quote
2025-08,ae_selected,m,1,71,1.1825503511837423,"[-126.50664618745843, -41.40261622423078, 63.826953282859215, 136.6620644165647]",clock_FXUTC_USNY_quote
2025-08,ae_selected,m,2,178,2.114143045548538,"[-126.50664618745843, -41.40261622423078, 63.826953282859215, 136.6620644165647]",clock_FXUTC_USNY_quote
2025-08,ae_selected,m,3,76,-0.0958009674952566,"[-126.50664618745843, -41.40261622423078, 63.826953282859215, 136.6620644165647]",clock_FXUTC_USNY_quote
2025-08,ae_selected,m,4,8,-3.032774892550364,"[-126.50664618745843, -41.40261622423078, 63.826953282859215, 136.6620644165647]",clock_FXUTC_USNY_quote
2025-08,ae_selected,g,0,167,2.9186255920686217,"[1.9999999999997797, 2.9999999999996696, 3.9999999999995595, 6.000000000000449]",clock_FXUTC_USNY_quote
2025-08,ae_selected,g,1,83,1.3150994354422747,"[1.9999999999997797, 2.9999999999996696, 3.9999999999995595, 6.000000000000449]",clock_FXUTC_USNY_quote
2025-08,ae_selected,g,2,34,1.3599729734447357,"[1.9999999999997797, 2.9999999999996696, 3.9999999999995595, 6.000000000000449]",clock_FXUTC_USNY_quote
2025-08,ae_selected,g,3,36,0.0611054278287561,"[1.9999999999997797, 2.9999999999996696, 3.9999999999995595, 6.000000000000449]",clock_FXUTC_USNY_quote
2025-08,ae_selected,g,4,37,-5.347092608472203,"[1.9999999999997797, 2.9999999999996696, 3.9999999999995595, 6.000000000000449]",clock_FXUTC_USNY_quote
2025-08,ae_reconstruction_selected,m,0,24,0.7676963596254319,"[-126.50664618745843, -41.40261622423078, 63.826953282859215, 136.6620644165647]",clock_FXUTC_USNY_quote
2025-08,ae_reconstruction_selected,m,1,71,1.1825503511837423,"[-126.50664618745843, -41.40261622423078, 63.826953282859215, 136.6620644165647]",clock_FXUTC_USNY_quote
2025-08,ae_reconstruction_selected,m,2,178,2.114143045548538,"[-126.50664618745843, -41.40261622423078, 63.826953282859215, 136.6620644165647]",clock_FXUTC_USNY_quote
2025-08,ae_reconstruction_selected,m,3,76,-0.0958009674952566,"[-126.50664618745843, -41.40261622423078, 63.826953282859215, 136.6620644165647]",clock_FXUTC_USNY_quote
2025-08,ae_reconstruction_selected,m,4,8,-3.032774892550364,"[-126.50664618745843, -41.40261622423078, 63.826953282859215, 136.6620644165647]",clock_FXUTC_USNY_quote
2025-08,ae_reconstruction_selected,g,0,167,2.9186255920686217,"[1.9999999999997797, 2.9999999999996696, 3.9999999999995595, 6.000000000000449]",clock_FXUTC_USNY_quote
2025-08,ae_reconstruction_selected,g,1,83,1.3150994354422747,"[1.9999999999997797, 2.9999999999996696, 3.9999999999995595, 6.000000000000449]",clock_FXUTC_USNY_quote
2025-08,ae_reconstruction_selected,g,2,34,1.3599729734447357,"[1.9999999999997797, 2.9999999999996696, 3.9999999999995595, 6.000000000000449]",clock_FXUTC_USNY_quote
2025-08,ae_reconstruction_selected,g,3,36,0.0611054278287561,"[1.9999999999997797, 2.9999999999996696, 3.9999999999995595, 6.000000000000449]",clock_FXUTC_USNY_quote
2025-08,ae_reconstruction_selected,g,4,37,-5.347092608472203,"[1.9999999999997797, 2.9999999999996696, 3.9999999999995595, 6.000000000000449]",clock_FXUTC_USNY_quote
2025-09,sequential_ols,m,1,43,1.1736816116068676,"[-111.77033250585522, -18.791084915962266, 50.55019301740904, 110.02482053949603]",clock_FXUTC_USNY_quote
2025-09,sequential_ols,m,2,151,0.047031693295258,"[-111.77033250585522, -18.791084915962266, 50.55019301740904, 110.02482053949603]",clock_FXUTC_USNY_quote
2025-09,sequential_ols,m,3,66,-0.4706043358024347,"[-111.77033250585522, -18.791084915962266, 50.55019301740904, 110.02482053949603]",clock_FXUTC_USNY_quote
2025-09,sequential_ols,m,4,114,1.63358813431238,"[-111.77033250585522, -18.791084915962266, 50.55019301740904, 110.02482053949603]",clock_FXUTC_USNY_quote
2025-09,sequential_ols,g,0,9,0.737371104945416,"[0.9999999999998899, 1.9999999999997797, 3.9999999999995595, 4.999999999999449]",clock_FXUTC_USNY_quote
2025-09,sequential_ols,g,1,60,1.0173688693221077,"[0.9999999999998899, 1.9999999999997797, 3.9999999999995595, 4.999999999999449]",clock_FXUTC_USNY_quote
2025-09,sequential_ols,g,2,80,0.1113783999326531,"[0.9999999999998899, 1.9999999999997797, 3.9999999999995595, 4.999999999999449]",clock_FXUTC_USNY_quote
2025-09,sequential_ols,g,3,70,1.1932536541646117,"[0.9999999999998899, 1.9999999999997797, 3.9999999999995595, 4.999999999999449]",clock_FXUTC_USNY_quote
2025-09,sequential_ols,g,4,155,0.3395016531958687,"[0.9999999999998899, 1.9999999999997797, 3.9999999999995595, 4.999999999999449]",clock_FXUTC_USNY_quote
2025-09,pca_1,m,1,43,1.168426632129485,"[-111.77033250585522, -18.791084915962266, 50.55019301740904, 110.02482053949603]",clock_FXUTC_USNY_quote
2025-09,pca_1,m,2,151,0.046228917185064,"[-111.77033250585522, -18.791084915962266, 50.55019301740904, 110.02482053949603]",clock_FXUTC_USNY_quote
2025-09,pca_1,m,3,66,-0.461343512120883,"[-111.77033250585522, -18.791084915962266, 50.55019301740904, 110.02482053949603]",clock_FXUTC_USNY_quote
2025-09,pca_1,m,4,114,1.633154796186679,"[-111.77033250585522, -18.791084915962266, 50.55019301740904, 110.02482053949603]",clock_FXUTC_USNY_quote
2025-09,pca_1,g,0,9,0.7400525777454957,"[0.9999999999998899, 1.9999999999997797, 3.9999999999995595, 4.999999999999449]",clock_FXUTC_USNY_quote
2025-09,pca_1,g,1,60,1.014473761542227,"[0.9999999999998899, 1.9999999999997797, 3.9999999999995595, 4.999999999999449]",clock_FXUTC_USNY_quote
2025-09,pca_1,g,2,80,0.1126470774144147,"[0.9999999999998899, 1.9999999999997797, 3.9999999999995595, 4.999999999999449]",clock_FXUTC_USNY_quote
2025-09,pca_1,g,3,70,1.1908136133026488,"[0.9999999999998899, 1.9999999999997797, 3.9999999999995595, 4.999999999999449]",clock_FXUTC_USNY_quote
2025-09,pca_1,g,4,155,0.342298507259574,"[0.9999999999998899, 1.9999999999997797, 3.9999999999995595, 4.999999999999449]",clock_FXUTC_USNY_quote
2025-09,pca_2,m,1,43,0.3071456589122949,"[-111.77033250585522, -18.791084915962266, 50.55019301740904, 110.02482053949603]",clock_FXUTC_USNY_quote
2025-09,pca_2,m,2,151,-0.1743749074832676,"[-111.77033250585522, -18.791084915962266, 50.55019301740904, 110.02482053949603]",clock_FXUTC_USNY_quote
2025-09,pca_2,m,3,66,0.4827578729391075,"[-111.77033250585522, -18.791084915962266, 50.55019301740904, 110.02482053949603]",clock_FXUTC_USNY_quote
2025-09,pca_2,m,4,114,1.8141747505476,"[-111.77033250585522, -18.791084915962266, 50.55019301740904, 110.02482053949603]",clock_FXUTC_USNY_quote
2025-09,pca_2,g,0,9,0.2303888922763192,"[0.9999999999998899, 1.9999999999997797, 3.9999999999995595, 4.999999999999449]",clock_FXUTC_USNY_quote
2025-09,pca_2,g,1,60,0.6460252183825242,"[0.9999999999998899, 1.9999999999997797, 3.9999999999995595, 4.999999999999449]",clock_FXUTC_USNY_quote
2025-09,pca_2,g,2,80,0.3339045102729955,"[0.9999999999998899, 1.9999999999997797, 3.9999999999995595, 4.999999999999449]",clock_FXUTC_USNY_quote
2025-09,pca_2,g,3,70,0.8985999708833255,"[0.9999999999998899, 1.9999999999997797, 3.9999999999995595, 4.999999999999449]",clock_FXUTC_USNY_quote
2025-09,pca_2,g,4,155,0.6135820745971098,"[0.9999999999998899, 1.9999999999997797, 3.9999999999995595, 4.999999999999449]",clock_FXUTC_USNY_quote
2025-09,conditional_linear,m,1,43,1.2729613078603617,"[-111.77033250585522, -18.791084915962266, 50.55019301740904, 110.02482053949603]",clock_FXUTC_USNY_quote
2025-09,conditional_linear,m,2,151,0.5765973115774384,"[-111.77033250585522, -18.791084915962266, 50.55019301740904, 110.02482053949603]",clock_FXUTC_USNY_quote
2025-09,conditional_linear,m,3,66,1.178684956819991,"[-111.77033250585522, -18.791084915962266, 50.55019301740904, 110.02482053949603]",clock_FXUTC_USNY_quote
2025-09,conditional_linear,m,4,114,5.905953135186076,"[-111.77033250585522, -18.791084915962266, 50.55019301740904, 110.02482053949603]",clock_FXUTC_USNY_quote
2025-09,conditional_linear,g,0,9,0.6486397202645912,"[0.9999999999998899, 1.9999999999997797, 3.9999999999995595, 4.999999999999449]",clock_FXUTC_USNY_quote
2025-09,conditional_linear,g,1,60,1.01595126360272,"[0.9999999999998899, 1.9999999999997797, 3.9999999999995595, 4.999999999999449]",clock_FXUTC_USNY_quote
2025-09,conditional_linear,g,2,80,1.042305109667499,"[0.9999999999998899, 1.9999999999997797, 3.9999999999995595, 4.999999999999449]",clock_FXUTC_USNY_quote
2025-09,conditional_linear,g,3,70,2.470312617955093,"[0.9999999999998899, 1.9999999999997797, 3.9999999999995595, 4.999999999999449]",clock_FXUTC_USNY_quote
2025-09,conditional_linear,g,4,155,3.6759630291530314,"[0.9999999999998899, 1.9999999999997797, 3.9999999999995595, 4.999999999999449]",clock_FXUTC_USNY_quote
2025-09,ae_relu_1,m,1,43,1.1682798765315865,"[-111.77033250585522, -18.791084915962266, 50.55019301740904, 110.02482053949603]",clock_FXUTC_USNY_quote
2025-09,ae_relu_1,m,2,151,0.0461554276135934,"[-111.77033250585522, -18.791084915962266, 50.55019301740904, 110.02482053949603]",clock_FXUTC_USNY_quote
2025-09,ae_relu_1,m,3,66,-0.4612768607938513,"[-111.77033250585522, -18.791084915962266, 50.55019301740904, 110.02482053949603]",clock_FXUTC_USNY_quote
2025-09,ae_relu_1,m,4,114,1.632869187152411,"[-111.77033250585522, -18.791084915962266, 50.55019301740904, 110.02482053949603]",clock_FXUTC_USNY_quote
2025-09,ae_relu_1,g,0,9,0.7400460971512032,"[0.9999999999998899, 1.9999999999997797, 3.9999999999995595, 4.999999999999449]",clock_FXUTC_USNY_quote
2025-09,ae_relu_1,g,1,60,1.0143709966761822,"[0.9999999999998899, 1.9999999999997797, 3.9999999999995595, 4.999999999999449]",clock_FXUTC_USNY_quote
2025-09,ae_relu_1,g,2,80,0.1126065071610487,"[0.9999999999998899, 1.9999999999997797, 3.9999999999995595, 4.999999999999449]",clock_FXUTC_USNY_quote
2025-09,ae_relu_1,g,3,70,1.190636108574983,"[0.9999999999998899, 1.9999999999997797, 3.9999999999995595, 4.999999999999449]",clock_FXUTC_USNY_quote
2025-09,ae_relu_1,g,4,155,0.3421457802285615,"[0.9999999999998899, 1.9999999999997797, 3.9999999999995595, 4.999999999999449]",clock_FXUTC_USNY_quote
2025-09,ae_relu_2,m,1,43,0.9111325909086748,"[-111.77033250585522, -18.791084915962266, 50.55019301740904, 110.02482053949603]",clock_FXUTC_USNY_quote
2025-09,ae_relu_2,m,2,151,-0.1411081666399018,"[-111.77033250585522, -18.791084915962266, 50.55019301740904, 110.02482053949603]",clock_FXUTC_USNY_quote
2025-09,ae_relu_2,m,3,66,-0.251055007857343,"[-111.77033250585522, -18.791084915962266, 50.55019301740904, 110.02482053949603]",clock_FXUTC_USNY_quote
2025-09,ae_relu_2,m,4,114,1.6407662242323742,"[-111.77033250585522, -18.791084915962266, 50.55019301740904, 110.02482053949603]",clock_FXUTC_USNY_quote
2025-09,ae_relu_2,g,0,9,0.0479345349580558,"[0.9999999999998899, 1.9999999999997797, 3.9999999999995595, 4.999999999999449]",clock_FXUTC_USNY_quote
2025-09,ae_relu_2,g,1,60,0.5921962089668149,"[0.9999999999998899, 1.9999999999997797, 3.9999999999995595, 4.999999999999449]",clock_FXUTC_USNY_quote
2025-09,ae_relu_2,g,2,80,0.0209401189557287,"[0.9999999999998899, 1.9999999999997797, 3.9999999999995595, 4.999999999999449]",clock_FXUTC_USNY_quote
2025-09,ae_relu_2,g,3,70,1.0182663562926606,"[0.9999999999998899, 1.9999999999997797, 3.9999999999995595, 4.999999999999449]",clock_FXUTC_USNY_quote
2025-09,ae_relu_2,g,4,155,0.5124648353598577,"[0.9999999999998899, 1.9999999999997797, 3.9999999999995595, 4.999999999999449]",clock_FXUTC_USNY_quote
2025-09,ae_tanh_1,m,1,43,2.645084005919596,"[-111.77033250585522, -18.791084915962266, 50.55019301740904, 110.02482053949603]",clock_FXUTC_USNY_quote
2025-09,ae_tanh_1,m,2,151,3.424128386890967,"[-111.77033250585522, -18.791084915962266, 50.55019301740904, 110.02482053949603]",clock_FXUTC_USNY_quote
2025-09,ae_tanh_1,m,3,66,4.704364577457185,"[-111.77033250585522, -18.791084915962266, 50.55019301740904, 110.02482053949603]",clock_FXUTC_USNY_quote
2025-09,ae_tanh_1,m,4,114,-6.220497297237633,"[-111.77033250585522, -18.791084915962266, 50.55019301740904, 110.02482053949603]",clock_FXUTC_USNY_quote
2025-09,ae_tanh_1,g,0,9,2.9429510710561337,"[0.9999999999998899, 1.9999999999997797, 3.9999999999995595, 4.999999999999449]",clock_FXUTC_USNY_quote
2025-09,ae_tanh_1,g,1,60,3.319466831015721,"[0.9999999999998899, 1.9999999999997797, 3.9999999999995595, 4.999999999999449]",clock_FXUTC_USNY_quote
2025-09,ae_tanh_1,g,2,80,2.38213717925481,"[0.9999999999998899, 1.9999999999997797, 3.9999999999995595, 4.999999999999449]",clock_FXUTC_USNY_quote
2025-09,ae_tanh_1,g,3,70,2.552502200863948,"[0.9999999999998899, 1.9999999999997797, 3.9999999999995595, 4.999999999999449]",clock_FXUTC_USNY_quote
2025-09,ae_tanh_1,g,4,155,-2.340434380639657,"[0.9999999999998899, 1.9999999999997797, 3.9999999999995595, 4.999999999999449]",clock_FXUTC_USNY_quote
2025-09,ae_tanh_2,m,1,43,-0.2785318463695166,"[-111.77033250585522, -18.791084915962266, 50.55019301740904, 110.02482053949603]",clock_FXUTC_USNY_quote
2025-09,ae_tanh_2,m,2,151,1.3840152846136669,"[-111.77033250585522, -18.791084915962266, 50.55019301740904, 110.02482053949603]",clock_FXUTC_USNY_quote
2025-09,ae_tanh_2,m,3,66,3.4491249217223783,"[-111.77033250585522, -18.791084915962266, 50.55019301740904, 110.02482053949603]",clock_FXUTC_USNY_quote
2025-09,ae_tanh_2,m,4,114,-3.4567560778946147,"[-111.77033250585522, -18.791084915962266, 50.55019301740904, 110.02482053949603]",clock_FXUTC_USNY_quote
2025-09,ae_tanh_2,g,0,9,2.987893283813481,"[0.9999999999998899, 1.9999999999997797, 3.9999999999995595, 4.999999999999449]",clock_FXUTC_USNY_quote
2025-09,ae_tanh_2,g,1,60,2.664833009305484,"[0.9999999999998899, 1.9999999999997797, 3.9999999999995595, 4.999999999999449]",clock_FXUTC_USNY_quote
2025-09,ae_tanh_2,g,2,80,1.6927352646172185,"[0.9999999999998899, 1.9999999999997797, 3.9999999999995595, 4.999999999999449]",clock_FXUTC_USNY_quote
2025-09,ae_tanh_2,g,3,70,1.767878779770498,"[0.9999999999998899, 1.9999999999997797, 3.9999999999995595, 4.999999999999449]",clock_FXUTC_USNY_quote
2025-09,ae_tanh_2,g,4,155,-2.679805582770951,"[0.9999999999998899, 1.9999999999997797, 3.9999999999995595, 4.999999999999449]",clock_FXUTC_USNY_quote
2025-09,conditional_neural,m,1,43,1.5236385608000071,"[-111.77033250585522, -18.791084915962266, 50.55019301740904, 110.02482053949603]",clock_FXUTC_USNY_quote
2025-09,conditional_neural,m,2,151,-0.0449300819171268,"[-111.77033250585522, -18.791084915962266, 50.55019301740904, 110.02482053949603]",clock_FXUTC_USNY_quote
2025-09,conditional_neural,m,3,66,-0.8859737684974274,"[-111.77033250585522, -18.791084915962266, 50.55019301740904, 110.02482053949603]",clock_FXUTC_USNY_quote
2025-09,conditional_neural,m,4,114,1.6930183821659208,"[-111.77033250585522, -18.791084915962266, 50.55019301740904, 110.02482053949603]",clock_FXUTC_USNY_quote
2025-09,conditional_neural,g,0,9,0.0899885071891487,"[0.9999999999998899, 1.9999999999997797, 3.9999999999995595, 4.999999999999449]",clock_FXUTC_USNY_quote
2025-09,conditional_neural,g,1,60,0.4229092876025184,"[0.9999999999998899, 1.9999999999997797, 3.9999999999995595, 4.999999999999449]",clock_FXUTC_USNY_quote
2025-09,conditional_neural,g,2,80,-0.2565465541010351,"[0.9999999999998899, 1.9999999999997797, 3.9999999999995595, 4.999999999999449]",clock_FXUTC_USNY_quote
2025-09,conditional_neural,g,3,70,1.3416325008652024,"[0.9999999999998899, 1.9999999999997797, 3.9999999999995595, 4.999999999999449]",clock_FXUTC_USNY_quote
2025-09,conditional_neural,g,4,155,0.6044312131462198,"[0.9999999999998899, 1.9999999999997797, 3.9999999999995595, 4.999999999999449]",clock_FXUTC_USNY_quote
2025-09,pca_selected,m,1,43,0.3071456589122949,"[-111.77033250585522, -18.791084915962266, 50.55019301740904, 110.02482053949603]",clock_FXUTC_USNY_quote
2025-09,pca_selected,m,2,151,-0.1743749074832676,"[-111.77033250585522, -18.791084915962266, 50.55019301740904, 110.02482053949603]",clock_FXUTC_USNY_quote
2025-09,pca_selected,m,3,66,0.4827578729391075,"[-111.77033250585522, -18.791084915962266, 50.55019301740904, 110.02482053949603]",clock_FXUTC_USNY_quote
2025-09,pca_selected,m,4,114,1.8141747505476,"[-111.77033250585522, -18.791084915962266, 50.55019301740904, 110.02482053949603]",clock_FXUTC_USNY_quote
2025-09,pca_selected,g,0,9,0.2303888922763192,"[0.9999999999998899, 1.9999999999997797, 3.9999999999995595, 4.999999999999449]",clock_FXUTC_USNY_quote
2025-09,pca_selected,g,1,60,0.6460252183825242,"[0.9999999999998899, 1.9999999999997797, 3.9999999999995595, 4.999999999999449]",clock_FXUTC_USNY_quote
2025-09,pca_selected,g,2,80,0.3339045102729955,"[0.9999999999998899, 1.9999999999997797, 3.9999999999995595, 4.999999999999449]",clock_FXUTC_USNY_quote
2025-09,pca_selected,g,3,70,0.8985999708833255,"[0.9999999999998899, 1.9999999999997797, 3.9999999999995595, 4.999999999999449]",clock_FXUTC_USNY_quote
2025-09,pca_selected,g,4,155,0.6135820745971098,"[0.9999999999998899, 1.9999999999997797, 3.9999999999995595, 4.999999999999449]",clock_FXUTC_USNY_quote
2025-09,ae_selected,m,1,43,1.1682798765315865,"[-111.77033250585522, -18.791084915962266, 50.55019301740904, 110.02482053949603]",clock_FXUTC_USNY_quote
2025-09,ae_selected,m,2,151,0.0461554276135934,"[-111.77033250585522, -18.791084915962266, 50.55019301740904, 110.02482053949603]",clock_FXUTC_USNY_quote
2025-09,ae_selected,m,3,66,-0.4612768607938513,"[-111.77033250585522, -18.791084915962266, 50.55019301740904, 110.02482053949603]",clock_FXUTC_USNY_quote
2025-09,ae_selected,m,4,114,1.632869187152411,"[-111.77033250585522, -18.791084915962266, 50.55019301740904, 110.02482053949603]",clock_FXUTC_USNY_quote
2025-09,ae_selected,g,0,9,0.7400460971512032,"[0.9999999999998899, 1.9999999999997797, 3.9999999999995595, 4.999999999999449]",clock_FXUTC_USNY_quote
2025-09,ae_selected,g,1,60,1.0143709966761822,"[0.9999999999998899, 1.9999999999997797, 3.9999999999995595, 4.999999999999449]",clock_FXUTC_USNY_quote
2025-09,ae_selected,g,2,80,0.1126065071610487,"[0.9999999999998899, 1.9999999999997797, 3.9999999999995595, 4.999999999999449]",clock_FXUTC_USNY_quote
2025-09,ae_selected,g,3,70,1.190636108574983,"[0.9999999999998899, 1.9999999999997797, 3.9999999999995595, 4.999999999999449]",clock_FXUTC_USNY_quote
2025-09,ae_selected,g,4,155,0.3421457802285615,"[0.9999999999998899, 1.9999999999997797, 3.9999999999995595, 4.999999999999449]",clock_FXUTC_USNY_quote
2025-09,ae_reconstruction_selected,m,1,43,1.1682798765315865,"[-111.77033250585522, -18.791084915962266, 50.55019301740904, 110.02482053949603]",clock_FXUTC_USNY_quote
2025-09,ae_reconstruction_selected,m,2,151,0.0461554276135934,"[-111.77033250585522, -18.791084915962266, 50.55019301740904, 110.02482053949603]",clock_FXUTC_USNY_quote
2025-09,ae_reconstruction_selected,m,3,66,-0.4612768607938513,"[-111.77033250585522, -18.791084915962266, 50.55019301740904, 110.02482053949603]",clock_FXUTC_USNY_quote
2025-09,ae_reconstruction_selected,m,4,114,1.632869187152411,"[-111.77033250585522, -18.791084915962266, 50.55019301740904, 110.02482053949603]",clock_FXUTC_USNY_quote
2025-09,ae_reconstruction_selected,g,0,9,0.7400460971512032,"[0.9999999999998899, 1.9999999999997797, 3.9999999999995595, 4.999999999999449]",clock_FXUTC_USNY_quote
2025-09,ae_reconstruction_selected,g,1,60,1.0143709966761822,"[0.9999999999998899, 1.9999999999997797, 3.9999999999995595, 4.999999999999449]",clock_FXUTC_USNY_quote
2025-09,ae_reconstruction_selected,g,2,80,0.1126065071610487,"[0.9999999999998899, 1.9999999999997797, 3.9999999999995595, 4.999999999999449]",clock_FXUTC_USNY_quote
2025-09,ae_reconstruction_selected,g,3,70,1.190636108574983,"[0.9999999999998899, 1.9999999999997797, 3.9999999999995595, 4.999999999999449]",clock_FXUTC_USNY_quote
2025-09,ae_reconstruction_selected,g,4,155,0.3421457802285615,"[0.9999999999998899, 1.9999999999997797, 3.9999999999995595, 4.999999999999449]",clock_FXUTC_USNY_quote
2025-10,sequential_ols,m,2,9,5.581518870711388,"[-89.49661799989674, 2.264598500000368, 54.76738597791132, 124.31975082866843]",clock_FXUTC_USNY_quote
2025-10,sequential_ols,m,3,40,2.564536271527408,"[-89.49661799989674, 2.264598500000368, 54.76738597791132, 124.31975082866843]",clock_FXUTC_USNY_quote
2025-10,sequential_ols,m,4,338,6.746608249331803,"[-89.49661799989674, 2.264598500000368, 54.76738597791132, 124.31975082866843]",clock_FXUTC_USNY_quote
2025-10,sequential_ols,g,0,9,8.97162068251615,"[0.9999999999998899, 1.9999999999997797, 3.9999999999995595, 4.999999999999449]",clock_FXUTC_USNY_quote
2025-10,sequential_ols,g,1,35,5.3321326858143365,"[0.9999999999998899, 1.9999999999997797, 3.9999999999995595, 4.999999999999449]",clock_FXUTC_USNY_quote
2025-10,sequential_ols,g,2,85,6.605445747932464,"[0.9999999999998899, 1.9999999999997797, 3.9999999999995595, 4.999999999999449]",clock_FXUTC_USNY_quote
2025-10,sequential_ols,g,3,58,6.485777573769402,"[0.9999999999998899, 1.9999999999997797, 3.9999999999995595, 4.999999999999449]",clock_FXUTC_USNY_quote
2025-10,sequential_ols,g,4,200,6.140807454863083,"[0.9999999999998899, 1.9999999999997797, 3.9999999999995595, 4.999999999999449]",clock_FXUTC_USNY_quote
2025-10,pca_1,m,2,9,5.556569293639553,"[-89.49661799989674, 2.264598500000368, 54.76738597791132, 124.31975082866843]",clock_FXUTC_USNY_quote
2025-10,pca_1,m,3,40,2.5551616542111524,"[-89.49661799989674, 2.264598500000368, 54.76738597791132, 124.31975082866843]",clock_FXUTC_USNY_quote
2025-10,pca_1,m,4,338,6.737385339512877,"[-89.49661799989674, 2.264598500000368, 54.76738597791132, 124.31975082866843]",clock_FXUTC_USNY_quote
2025-10,pca_1,g,0,9,8.963062502315255,"[0.9999999999998899, 1.9999999999997797, 3.9999999999995595, 4.999999999999449]",clock_FXUTC_USNY_quote
2025-10,pca_1,g,1,35,5.338824748797271,"[0.9999999999998899, 1.9999999999997797, 3.9999999999995595, 4.999999999999449]",clock_FXUTC_USNY_quote
2025-10,pca_1,g,2,85,6.601296437391895,"[0.9999999999998899, 1.9999999999997797, 3.9999999999995595, 4.999999999999449]",clock_FXUTC_USNY_quote
2025-10,pca_1,g,3,58,6.470930435822592,"[0.9999999999998899, 1.9999999999997797, 3.9999999999995595, 4.999999999999449]",clock_FXUTC_USNY_quote
2025-10,pca_1,g,4,200,6.127506216908955,"[0.9999999999998899, 1.9999999999997797, 3.9999999999995595, 4.999999999999449]",clock_FXUTC_USNY_quote
2025-10,pca_2,m,2,9,3.251334081248128,"[-89.49661799989674, 2.264598500000368, 54.76738597791132, 124.31975082866843]",clock_FXUTC_USNY_quote
2025-10,pca_2,m,3,40,1.8510232755176208,"[-89.49661799989674, 2.264598500000368, 54.76738597791132, 124.31975082866843]",clock_FXUTC_USNY_quote
2025-10,pca_2,m,4,338,6.847703757599528,"[-89.49661799989674, 2.264598500000368, 54.76738597791132, 124.31975082866843]",clock_FXUTC_USNY_quote
2025-10,pca_2,g,0,9,9.388773593052797,"[0.9999999999998899, 1.9999999999997797, 3.9999999999995595, 4.999999999999449]",clock_FXUTC_USNY_quote
2025-10,pca_2,g,1,35,6.825206327201197,"[0.9999999999998899, 1.9999999999997797, 3.9999999999995595, 4.999999999999449]",clock_FXUTC_USNY_quote
2025-10,pca_2,g,2,85,7.037801261634398,"[0.9999999999998899, 1.9999999999997797, 3.9999999999995595, 4.999999999999449]",clock_FXUTC_USNY_quote
2025-10,pca_2,g,3,58,5.936857027825225,"[0.9999999999998899, 1.9999999999997797, 3.9999999999995595, 4.999999999999449]",clock_FXUTC_USNY_quote
2025-10,pca_2,g,4,200,5.7594740458913725,"[0.9999999999998899, 1.9999999999997797, 3.9999999999995595, 4.999999999999449]",clock_FXUTC_USNY_quote
2025-10,conditional_linear,m,2,9,6.294222030402716,"[-89.49661799989674, 2.264598500000368, 54.76738597791132, 124.31975082866843]",clock_FXUTC_USNY_quote
2025-10,conditional_linear,m,3,40,3.4298246191951725,"[-89.49661799989674, 2.264598500000368, 54.76738597791132, 124.31975082866843]",clock_FXUTC_USNY_quote
2025-10,conditional_linear,m,4,338,14.438504496501114,"[-89.49661799989674, 2.264598500000368, 54.76738597791132, 124.31975082866843]",clock_FXUTC_USNY_quote
2025-10,conditional_linear,g,0,9,15.403629367705188,"[0.9999999999998899, 1.9999999999997797, 3.9999999999995595, 4.999999999999449]",clock_FXUTC_USNY_quote
2025-10,conditional_linear,g,1,35,10.828842749162815,"[0.9999999999998899, 1.9999999999997797, 3.9999999999995595, 4.999999999999449]",clock_FXUTC_USNY_quote
2025-10,conditional_linear,g,2,85,17.33125321558437,"[0.9999999999998899, 1.9999999999997797, 3.9999999999995595, 4.999999999999449]",clock_FXUTC_USNY_quote
2025-10,conditional_linear,g,3,58,14.609239190866733,"[0.9999999999998899, 1.9999999999997797, 3.9999999999995595, 4.999999999999449]",clock_FXUTC_USNY_quote
2025-10,conditional_linear,g,4,200,11.179604729669109,"[0.9999999999998899, 1.9999999999997797, 3.9999999999995595, 4.999999999999449]",clock_FXUTC_USNY_quote
2025-10,ae_relu_1,m,2,9,5.557677912618391,"[-89.49661799989674, 2.264598500000368, 54.76738597791132, 124.31975082866843]",clock_FXUTC_USNY_quote
2025-10,ae_relu_1,m,3,40,2.555539125604706,"[-89.49661799989674, 2.264598500000368, 54.76738597791132, 124.31975082866843]",clock_FXUTC_USNY_quote
2025-10,ae_relu_1,m,4,338,98.10056402146576,"[-89.49661799989674, 2.264598500000368, 54.76738597791132, 124.31975082866843]",clock_FXUTC_USNY_quote
2025-10,ae_relu_1,g,0,9,136.93104435853115,"[0.9999999999998899, 1.9999999999997797, 3.9999999999995595, 4.999999999999449]",clock_FXUTC_USNY_quote
2025-10,ae_relu_1,g,1,35,63.74261144806626,"[0.9999999999998899, 1.9999999999997797, 3.9999999999995595, 4.999999999999449]",clock_FXUTC_USNY_quote
2025-10,ae_relu_1,g,2,85,103.5275194410128,"[0.9999999999998899, 1.9999999999997797, 3.9999999999995595, 4.999999999999449]",clock_FXUTC_USNY_quote
2025-10,ae_relu_1,g,3,58,78.68728877773569,"[0.9999999999998899, 1.9999999999997797, 3.9999999999995595, 4.999999999999449]",clock_FXUTC_USNY_quote
2025-10,ae_relu_1,g,4,200,82.41579301994666,"[0.9999999999998899, 1.9999999999997797, 3.9999999999995595, 4.999999999999449]",clock_FXUTC_USNY_quote
2025-10,ae_relu_2,m,2,9,2.197384350551494,"[-89.49661799989674, 2.264598500000368, 54.76738597791132, 124.31975082866843]",clock_FXUTC_USNY_quote
2025-10,ae_relu_2,m,3,40,-0.4264448522850152,"[-89.49661799989674, 2.264598500000368, 54.76738597791132, 124.31975082866843]",clock_FXUTC_USNY_quote
2025-10,ae_relu_2,m,4,338,113.01372906306064,"[-89.49661799989674, 2.264598500000368, 54.76738597791132, 124.31975082866843]",clock_FXUTC_USNY_quote
2025-10,ae_relu_2,g,0,9,157.04386507904354,"[0.9999999999998899, 1.9999999999997797, 3.9999999999995595, 4.999999999999449]",clock_FXUTC_USNY_quote
2025-10,ae_relu_2,g,1,35,80.09986744867705,"[0.9999999999998899, 1.9999999999997797, 3.9999999999995595, 4.999999999999449]",clock_FXUTC_USNY_quote
2025-10,ae_relu_2,g,2,85,121.38764881796668,"[0.9999999999998899, 1.9999999999997797, 3.9999999999995595, 4.999999999999449]",clock_FXUTC_USNY_quote
2025-10,ae_relu_2,g,3,58,90.4303886609795,"[0.9999999999998899, 1.9999999999997797, 3.9999999999995595, 4.999999999999449]",clock_FXUTC_USNY_quote
2025-10,ae_relu_2,g,4,200,92.10778125049497,"[0.9999999999998899, 1.9999999999997797, 3.9999999999995595, 4.999999999999449]",clock_FXUTC_USNY_quote
2025-10,ae_tanh_1,m,2,9,12.703805932450866,"[-89.49661799989674, 2.264598500000368, 54.76738597791132, 124.31975082866843]",clock_FXUTC_USNY_quote
2025-10,ae_tanh_1,m,3,40,10.3495392685467,"[-89.49661799989674, 2.264598500000368, 54.76738597791132, 124.31975082866843]",clock_FXUTC_USNY_quote
2025-10,ae_tanh_1,m,4,338,107.08109326180708,"[-89.49661799989674, 2.264598500000368, 54.76738597791132, 124.31975082866843]",clock_FXUTC_USNY_quote
2025-10,ae_tanh_1,g,0,9,149.46979673550027,"[0.9999999999998899, 1.9999999999997797, 3.9999999999995595, 4.999999999999449]",clock_FXUTC_USNY_quote
2025-10,ae_tanh_1,g,1,35,51.76526199205048,"[0.9999999999998899, 1.9999999999997797, 3.9999999999995595, 4.999999999999449]",clock_FXUTC_USNY_quote
2025-10,ae_tanh_1,g,2,85,107.32668289439724,"[0.9999999999998899, 1.9999999999997797, 3.9999999999995595, 4.999999999999449]",clock_FXUTC_USNY_quote
2025-10,ae_tanh_1,g,3,58,85.02723458488205,"[0.9999999999998899, 1.9999999999997797, 3.9999999999995595, 4.999999999999449]",clock_FXUTC_USNY_quote
2025-10,ae_tanh_1,g,4,200,97.55182677168258,"[0.9999999999998899, 1.9999999999997797, 3.9999999999995595, 4.999999999999449]",clock_FXUTC_USNY_quote
2025-10,ae_tanh_2,m,2,9,6.870749542929223,"[-89.49661799989674, 2.264598500000368, 54.76738597791132, 124.31975082866843]",clock_FXUTC_USNY_quote
2025-10,ae_tanh_2,m,3,40,6.717108537296662,"[-89.49661799989674, 2.264598500000368, 54.76738597791132, 124.31975082866843]",clock_FXUTC_USNY_quote
2025-10,ae_tanh_2,m,4,338,104.96142158846982,"[-89.49661799989674, 2.264598500000368, 54.76738597791132, 124.31975082866843]",clock_FXUTC_USNY_quote
2025-10,ae_tanh_2,g,0,9,146.98976336013556,"[0.9999999999998899, 1.9999999999997797, 3.9999999999995595, 4.999999999999449]",clock_FXUTC_USNY_quote
2025-10,ae_tanh_2,g,1,35,55.061622458908055,"[0.9999999999998899, 1.9999999999997797, 3.9999999999995595, 4.999999999999449]",clock_FXUTC_USNY_quote
2025-10,ae_tanh_2,g,2,85,105.49175312747958,"[0.9999999999998899, 1.9999999999997797, 3.9999999999995595, 4.999999999999449]",clock_FXUTC_USNY_quote
2025-10,ae_tanh_2,g,3,58,84.27005872977388,"[0.9999999999998899, 1.9999999999997797, 3.9999999999995595, 4.999999999999449]",clock_FXUTC_USNY_quote
2025-10,ae_tanh_2,g,4,200,93.51477252907688,"[0.9999999999998899, 1.9999999999997797, 3.9999999999995595, 4.999999999999449]",clock_FXUTC_USNY_quote
2025-10,conditional_neural,m,2,9,6.239630283836807,"[-89.49661799989674, 2.264598500000368, 54.76738597791132, 124.31975082866843]",clock_FXUTC_USNY_quote
2025-10,conditional_neural,m,3,40,2.780080961397656,"[-89.49661799989674, 2.264598500000368, 54.76738597791132, 124.31975082866843]",clock_FXUTC_USNY_quote
2025-10,conditional_neural,m,4,338,7.050022480471767,"[-89.49661799989674, 2.264598500000368, 54.76738597791132, 124.31975082866843]",clock_FXUTC_USNY_quote
2025-10,conditional_neural,g,0,9,6.754120810708666,"[0.9999999999998899, 1.9999999999997797, 3.9999999999995595, 4.999999999999449]",clock_FXUTC_USNY_quote
2025-10,conditional_neural,g,1,35,3.7693901001320618,"[0.9999999999998899, 1.9999999999997797, 3.9999999999995595, 4.999999999999449]",clock_FXUTC_USNY_quote
2025-10,conditional_neural,g,2,85,8.455255658954615,"[0.9999999999998899, 1.9999999999997797, 3.9999999999995595, 4.999999999999449]",clock_FXUTC_USNY_quote
2025-10,conditional_neural,g,3,58,7.681680980088789,"[0.9999999999998899, 1.9999999999997797, 3.9999999999995595, 4.999999999999449]",clock_FXUTC_USNY_quote
2025-10,conditional_neural,g,4,200,5.966587703763012,"[0.9999999999998899, 1.9999999999997797, 3.9999999999995595, 4.999999999999449]",clock_FXUTC_USNY_quote
2025-10,pca_selected,m,2,9,3.251334081248128,"[-89.49661799989674, 2.264598500000368, 54.76738597791132, 124.31975082866843]",clock_FXUTC_USNY_quote
2025-10,pca_selected,m,3,40,1.8510232755176208,"[-89.49661799989674, 2.264598500000368, 54.76738597791132, 124.31975082866843]",clock_FXUTC_USNY_quote
2025-10,pca_selected,m,4,338,6.847703757599528,"[-89.49661799989674, 2.264598500000368, 54.76738597791132, 124.31975082866843]",clock_FXUTC_USNY_quote
2025-10,pca_selected,g,0,9,9.388773593052797,"[0.9999999999998899, 1.9999999999997797, 3.9999999999995595, 4.999999999999449]",clock_FXUTC_USNY_quote
2025-10,pca_selected,g,1,35,6.825206327201197,"[0.9999999999998899, 1.9999999999997797, 3.9999999999995595, 4.999999999999449]",clock_FXUTC_USNY_quote
2025-10,pca_selected,g,2,85,7.037801261634398,"[0.9999999999998899, 1.9999999999997797, 3.9999999999995595, 4.999999999999449]",clock_FXUTC_USNY_quote
2025-10,pca_selected,g,3,58,5.936857027825225,"[0.9999999999998899, 1.9999999999997797, 3.9999999999995595, 4.999999999999449]",clock_FXUTC_USNY_quote
2025-10,pca_selected,g,4,200,5.7594740458913725,"[0.9999999999998899, 1.9999999999997797, 3.9999999999995595, 4.999999999999449]",clock_FXUTC_USNY_quote
2025-10,ae_selected,m,2,9,5.557677912618391,"[-89.49661799989674, 2.264598500000368, 54.76738597791132, 124.31975082866843]",clock_FXUTC_USNY_quote
2025-10,ae_selected,m,3,40,2.555539125604706,"[-89.49661799989674, 2.264598500000368, 54.76738597791132, 124.31975082866843]",clock_FXUTC_USNY_quote
2025-10,ae_selected,m,4,338,98.10056402146576,"[-89.49661799989674, 2.264598500000368, 54.76738597791132, 124.31975082866843]",clock_FXUTC_USNY_quote
2025-10,ae_selected,g,0,9,136.93104435853115,"[0.9999999999998899, 1.9999999999997797, 3.9999999999995595, 4.999999999999449]",clock_FXUTC_USNY_quote
2025-10,ae_selected,g,1,35,63.74261144806626,"[0.9999999999998899, 1.9999999999997797, 3.9999999999995595, 4.999999999999449]",clock_FXUTC_USNY_quote
2025-10,ae_selected,g,2,85,103.5275194410128,"[0.9999999999998899, 1.9999999999997797, 3.9999999999995595, 4.999999999999449]",clock_FXUTC_USNY_quote
2025-10,ae_selected,g,3,58,78.68728877773569,"[0.9999999999998899, 1.9999999999997797, 3.9999999999995595, 4.999999999999449]",clock_FXUTC_USNY_quote
2025-10,ae_selected,g,4,200,82.41579301994666,"[0.9999999999998899, 1.9999999999997797, 3.9999999999995595, 4.999999999999449]",clock_FXUTC_USNY_quote
2025-10,ae_reconstruction_selected,m,2,9,5.557677912618391,"[-89.49661799989674, 2.264598500000368, 54.76738597791132, 124.31975082866843]",clock_FXUTC_USNY_quote
2025-10,ae_reconstruction_selected,m,3,40,2.555539125604706,"[-89.49661799989674, 2.264598500000368, 54.76738597791132, 124.31975082866843]",clock_FXUTC_USNY_quote
2025-10,ae_reconstruction_selected,m,4,338,98.10056402146576,"[-89.49661799989674, 2.264598500000368, 54.76738597791132, 124.31975082866843]",clock_FXUTC_USNY_quote
2025-10,ae_reconstruction_selected,g,0,9,136.93104435853115,"[0.9999999999998899, 1.9999999999997797, 3.9999999999995595, 4.999999999999449]",clock_FXUTC_USNY_quote
2025-10,ae_reconstruction_selected,g,1,35,63.74261144806626,"[0.9999999999998899, 1.9999999999997797, 3.9999999999995595, 4.999999999999449]",clock_FXUTC_USNY_quote
2025-10,ae_reconstruction_selected,g,2,85,103.5275194410128,"[0.9999999999998899, 1.9999999999997797, 3.9999999999995595, 4.999999999999449]",clock_FXUTC_USNY_quote
2025-10,ae_reconstruction_selected,g,3,58,78.68728877773569,"[0.9999999999998899, 1.9999999999997797, 3.9999999999995595, 4.999999999999449]",clock_FXUTC_USNY_quote
2025-10,ae_reconstruction_selected,g,4,200,82.41579301994666,"[0.9999999999998899, 1.9999999999997797, 3.9999999999995595, 4.999999999999449]",clock_FXUTC_USNY_quote
2025-11,sequential_ols,m,2,5,4.26588338876247,"[-52.3859754613992, 32.588408162444026, 97.38499892452984, 199.05880409635063]",clock_FXUTC_USNY_quote
2025-11,sequential_ols,m,3,123,-0.1404603648663954,"[-52.3859754613992, 32.588408162444026, 97.38499892452984, 199.05880409635063]",clock_FXUTC_USNY_quote
2025-11,sequential_ols,m,4,196,-1.4829526387560112,"[-52.3859754613992, 32.588408162444026, 97.38499892452984, 199.05880409635063]",clock_FXUTC_USNY_quote
2025-11,sequential_ols,g,0,59,-1.652251668904327,"[0.9999999999998899, 2.9999999999996696, 3.9999999999995595, 6.000000000000449]",clock_FXUTC_USNY_quote
2025-11,sequential_ols,g,1,145,-1.7978398356733132,"[0.9999999999998899, 2.9999999999996696, 3.9999999999995595, 6.000000000000449]",clock_FXUTC_USNY_quote
2025-11,sequential_ols,g,2,31,1.029497174766598,"[0.9999999999998899, 2.9999999999996696, 3.9999999999995595, 6.000000000000449]",clock_FXUTC_USNY_quote
2025-11,sequential_ols,g,3,46,1.5409437141563906,"[0.9999999999998899, 2.9999999999996696, 3.9999999999995595, 6.000000000000449]",clock_FXUTC_USNY_quote
2025-11,sequential_ols,g,4,43,-0.7263749712071005,"[0.9999999999998899, 2.9999999999996696, 3.9999999999995595, 6.000000000000449]",clock_FXUTC_USNY_quote
2025-11,pca_1,m,2,5,4.236907716985743,"[-52.3859754613992, 32.588408162444026, 97.38499892452984, 199.05880409635063]",clock_FXUTC_USNY_quote
2025-11,pca_1,m,3,123,-0.1488872759616336,"[-52.3859754613992, 32.588408162444026, 97.38499892452984, 199.05880409635063]",clock_FXUTC_USNY_quote
2025-11,pca_1,m,4,196,-1.48493144302876,"[-52.3859754613992, 32.588408162444026, 97.38499892452984, 199.05880409635063]",clock_FXUTC_USNY_quote
2025-11,pca_1,g,0,59,-1.6626087829008849,"[0.9999999999998899, 2.9999999999996696, 3.9999999999995595, 6.000000000000449]",clock_FXUTC_USNY_quote
2025-11,pca_1,g,1,145,-1.804425300062754,"[0.9999999999998899, 2.9999999999996696, 3.9999999999995595, 6.000000000000449]",clock_FXUTC_USNY_quote
2025-11,pca_1,g,2,31,1.01137665549642,"[0.9999999999998899, 2.9999999999996696, 3.9999999999995595, 6.000000000000449]",clock_FXUTC_USNY_quote
2025-11,pca_1,g,3,46,1.532251776944903,"[0.9999999999998899, 2.9999999999996696, 3.9999999999995595, 6.000000000000449]",clock_FXUTC_USNY_quote
2025-11,pca_1,g,4,43,-0.704089082595167,"[0.9999999999998899, 2.9999999999996696, 3.9999999999995595, 6.000000000000449]",clock_FXUTC_USNY_quote
2025-11,pca_2,m,2,5,1.09126981623904,"[-52.3859754613992, 32.588408162444026, 97.38499892452984, 199.05880409635063]",clock_FXUTC_USNY_quote
2025-11,pca_2,m,3,123,-1.1055851876942815,"[-52.3859754613992, 32.588408162444026, 97.38499892452984, 199.05880409635063]",clock_FXUTC_USNY_quote
2025-11,pca_2,m,4,196,-1.6870915306243743,"[-52.3859754613992, 32.588408162444026, 97.38499892452984, 199.05880409635063]",clock_FXUTC_USNY_quote
2025-11,pca_2,g,0,59,-2.793452469054985,"[0.9999999999998899, 2.9999999999996696, 3.9999999999995595, 6.000000000000449]",clock_FXUTC_USNY_quote
2025-11,pca_2,g,1,145,-2.5436464588344045,"[0.9999999999998899, 2.9999999999996696, 3.9999999999995595, 6.000000000000449]",clock_FXUTC_USNY_quote
2025-11,pca_2,g,2,31,-0.7736420894129846,"[0.9999999999998899, 2.9999999999996696, 3.9999999999995595, 6.000000000000449]",clock_FXUTC_USNY_quote
2025-11,pca_2,g,3,46,0.6055439241644377,"[0.9999999999998899, 2.9999999999996696, 3.9999999999995595, 6.000000000000449]",clock_FXUTC_USNY_quote
2025-11,pca_2,g,4,43,1.5946452897184258,"[0.9999999999998899, 2.9999999999996696, 3.9999999999995595, 6.000000000000449]",clock_FXUTC_USNY_quote
2025-11,conditional_linear,m,2,5,3.8727678488339934,"[-52.3859754613992, 32.588408162444026, 97.38499892452984, 199.05880409635063]",clock_FXUTC_USNY_quote
2025-11,conditional_linear,m,3,123,-0.2319073591266376,"[-52.3859754613992, 32.588408162444026, 97.38499892452984, 199.05880409635063]",clock_FXUTC_USNY_quote
2025-11,conditional_linear,m,4,196,-1.534600284926397,"[-52.3859754613992, 32.588408162444026, 97.38499892452984, 199.05880409635063]",clock_FXUTC_USNY_quote
2025-11,conditional_linear,g,0,59,-1.8978933607954624,"[0.9999999999998899, 2.9999999999996696, 3.9999999999995595, 6.000000000000449]",clock_FXUTC_USNY_quote
2025-11,conditional_linear,g,1,145,-2.025589616355021,"[0.9999999999998899, 2.9999999999996696, 3.9999999999995595, 6.000000000000449]",clock_FXUTC_USNY_quote
2025-11,conditional_linear,g,2,31,0.8691862212893237,"[0.9999999999998899, 2.9999999999996696, 3.9999999999995595, 6.000000000000449]",clock_FXUTC_USNY_quote
2025-11,conditional_linear,g,3,46,1.777969464581943,"[0.9999999999998899, 2.9999999999996696, 3.9999999999995595, 6.000000000000449]",clock_FXUTC_USNY_quote
2025-11,conditional_linear,g,4,43,-0.3020369150304246,"[0.9999999999998899, 2.9999999999996696, 3.9999999999995595, 6.000000000000449]",clock_FXUTC_USNY_quote
2025-11,ae_relu_1,m,2,5,4.243241534080229,"[-52.3859754613992, 32.588408162444026, 97.38499892452984, 199.05880409635063]",clock_FXUTC_USNY_quote
2025-11,ae_relu_1,m,3,123,-0.1491916811452637,"[-52.3859754613992, 32.588408162444026, 97.38499892452984, 199.05880409635063]",clock_FXUTC_USNY_quote
2025-11,ae_relu_1,m,4,196,-1.5163122672141858,"[-52.3859754613992, 32.588408162444026, 97.38499892452984, 199.05880409635063]",clock_FXUTC_USNY_quote
2025-11,ae_relu_1,g,0,59,-1.708200857405942,"[0.9999999999998899, 2.9999999999996696, 3.9999999999995595, 6.000000000000449]",clock_FXUTC_USNY_quote
2025-11,ae_relu_1,g,1,145,-1.8355376454350771,"[0.9999999999998899, 2.9999999999996696, 3.9999999999995595, 6.000000000000449]",clock_FXUTC_USNY_quote
2025-11,ae_relu_1,g,2,31,0.98857533859973,"[0.9999999999998899, 2.9999999999996696, 3.9999999999995595, 6.000000000000449]",clock_FXUTC_USNY_quote
2025-11,ae_relu_1,g,3,46,1.529362462313954,"[0.9999999999998899, 2.9999999999996696, 3.9999999999995595, 6.000000000000449]",clock_FXUTC_USNY_quote
2025-11,ae_relu_1,g,4,43,-0.6602621644754305,"[0.9999999999998899, 2.9999999999996696, 3.9999999999995595, 6.000000000000449]",clock_FXUTC_USNY_quote
2025-11,ae_relu_2,m,2,5,3.252001425819347,"[-52.3859754613992, 32.588408162444026, 97.38499892452984, 199.05880409635063]",clock_FXUTC_USNY_quote
2025-11,ae_relu_2,m,3,123,-0.2221012611056701,"[-52.3859754613992, 32.588408162444026, 97.38499892452984, 199.05880409635063]",clock_FXUTC_USNY_quote
2025-11,ae_relu_2,m,4,196,-1.2987411997457077,"[-52.3859754613992, 32.588408162444026, 97.38499892452984, 199.05880409635063]",clock_FXUTC_USNY_quote
2025-11,ae_relu_2,g,0,59,-1.9169768252109471,"[0.9999999999998899, 2.9999999999996696, 3.9999999999995595, 6.000000000000449]",clock_FXUTC_USNY_quote
2025-11,ae_relu_2,g,1,145,-1.847094929985166,"[0.9999999999998899, 2.9999999999996696, 3.9999999999995595, 6.000000000000449]",clock_FXUTC_USNY_quote
2025-11,ae_relu_2,g,2,31,0.4935728920458881,"[0.9999999999998899, 2.9999999999996696, 3.9999999999995595, 6.000000000000449]",clock_FXUTC_USNY_quote
2025-11,ae_relu_2,g,3,46,1.5227897042290848,"[0.9999999999998899, 2.9999999999996696, 3.9999999999995595, 6.000000000000449]",clock_FXUTC_USNY_quote
2025-11,ae_relu_2,g,4,43,0.696967170936631,"[0.9999999999998899, 2.9999999999996696, 3.9999999999995595, 6.000000000000449]",clock_FXUTC_USNY_quote
2025-11,ae_tanh_1,m,2,5,0.7309952391942488,"[-52.3859754613992, 32.588408162444026, 97.38499892452984, 199.05880409635063]",clock_FXUTC_USNY_quote
2025-11,ae_tanh_1,m,3,123,-0.1342524754629045,"[-52.3859754613992, 32.588408162444026, 97.38499892452984, 199.05880409635063]",clock_FXUTC_USNY_quote
2025-11,ae_tanh_1,m,4,196,7.356349795493455,"[-52.3859754613992, 32.588408162444026, 97.38499892452984, 199.05880409635063]",clock_FXUTC_USNY_quote
2025-11,ae_tanh_1,g,0,59,6.902526535047725,"[0.9999999999998899, 2.9999999999996696, 3.9999999999995595, 6.000000000000449]",clock_FXUTC_USNY_quote
2025-11,ae_tanh_1,g,1,145,4.296693558303965,"[0.9999999999998899, 2.9999999999996696, 3.9999999999995595, 6.000000000000449]",clock_FXUTC_USNY_quote
2025-11,ae_tanh_1,g,2,31,8.468416144902262,"[0.9999999999998899, 2.9999999999996696, 3.9999999999995595, 6.000000000000449]",clock_FXUTC_USNY_quote
2025-11,ae_tanh_1,g,3,46,5.610290235880808,"[0.9999999999998899, 2.9999999999996696, 3.9999999999995595, 6.000000000000449]",clock_FXUTC_USNY_quote
2025-11,ae_tanh_1,g,4,43,-2.834358168223888,"[0.9999999999998899, 2.9999999999996696, 3.9999999999995595, 6.000000000000449]",clock_FXUTC_USNY_quote
2025-11,ae_tanh_2,m,2,5,0.8243898847247124,"[-52.3859754613992, 32.588408162444026, 97.38499892452984, 199.05880409635063]",clock_FXUTC_USNY_quote
2025-11,ae_tanh_2,m,3,123,0.973020484745744,"[-52.3859754613992, 32.588408162444026, 97.38499892452984, 199.05880409635063]",clock_FXUTC_USNY_quote
2025-11,ae_tanh_2,m,4,196,10.781824498209806,"[-52.3859754613992, 32.588408162444026, 97.38499892452984, 199.05880409635063]",clock_FXUTC_USNY_quote
2025-11,ae_tanh_2,g,0,59,10.422333350702248,"[0.9999999999998899, 2.9999999999996696, 3.9999999999995595, 6.000000000000449]",clock_FXUTC_USNY_quote
2025-11,ae_tanh_2,g,1,145,7.16740083735307,"[0.9999999999998899, 2.9999999999996696, 3.9999999999995595, 6.000000000000449]",clock_FXUTC_USNY_quote
2025-11,ae_tanh_2,g,2,31,11.42091783241456,"[0.9999999999998899, 2.9999999999996696, 3.9999999999995595, 6.000000000000449]",clock_FXUTC_USNY_quote
2025-11,ae_tanh_2,g,3,46,7.589248690778612,"[0.9999999999998899, 2.9999999999996696, 3.9999999999995595, 6.000000000000449]",clock_FXUTC_USNY_quote
2025-11,ae_tanh_2,g,4,43,-2.797758395158678,"[0.9999999999998899, 2.9999999999996696, 3.9999999999995595, 6.000000000000449]",clock_FXUTC_USNY_quote
2025-11,conditional_neural,m,2,5,4.350147451230495,"[-52.3859754613992, 32.588408162444026, 97.38499892452984, 199.05880409635063]",clock_FXUTC_USNY_quote
2025-11,conditional_neural,m,3,123,0.2835356321408749,"[-52.3859754613992, 32.588408162444026, 97.38499892452984, 199.05880409635063]",clock_FXUTC_USNY_quote
2025-11,conditional_neural,m,4,196,-1.3813585415980807,"[-52.3859754613992, 32.588408162444026, 97.38499892452984, 199.05880409635063]",clock_FXUTC_USNY_quote
2025-11,conditional_neural,g,0,59,-1.990647001311323,"[0.9999999999998899, 2.9999999999996696, 3.9999999999995595, 6.000000000000449]",clock_FXUTC_USNY_quote
2025-11,conditional_neural,g,1,145,-1.7317375175640035,"[0.9999999999998899, 2.9999999999996696, 3.9999999999995595, 6.000000000000449]",clock_FXUTC_USNY_quote
2025-11,conditional_neural,g,2,31,1.0262982809461354,"[0.9999999999998899, 2.9999999999996696, 3.9999999999995595, 6.000000000000449]",clock_FXUTC_USNY_quote
2025-11,conditional_neural,g,3,46,2.3521009570159,"[0.9999999999998899, 2.9999999999996696, 3.9999999999995595, 6.000000000000449]",clock_FXUTC_USNY_quote
2025-11,conditional_neural,g,4,43,0.335292284845195,"[0.9999999999998899, 2.9999999999996696, 3.9999999999995595, 6.000000000000449]",clock_FXUTC_USNY_quote
2025-11,pca_selected,m,2,5,1.09126981623904,"[-52.3859754613992, 32.588408162444026, 97.38499892452984, 199.05880409635063]",clock_FXUTC_USNY_quote
2025-11,pca_selected,m,3,123,-1.1055851876942815,"[-52.3859754613992, 32.588408162444026, 97.38499892452984, 199.05880409635063]",clock_FXUTC_USNY_quote
2025-11,pca_selected,m,4,196,-1.6870915306243743,"[-52.3859754613992, 32.588408162444026, 97.38499892452984, 199.05880409635063]",clock_FXUTC_USNY_quote
2025-11,pca_selected,g,0,59,-2.793452469054985,"[0.9999999999998899, 2.9999999999996696, 3.9999999999995595, 6.000000000000449]",clock_FXUTC_USNY_quote
2025-11,pca_selected,g,1,145,-2.5436464588344045,"[0.9999999999998899, 2.9999999999996696, 3.9999999999995595, 6.000000000000449]",clock_FXUTC_USNY_quote
2025-11,pca_selected,g,2,31,-0.7736420894129846,"[0.9999999999998899, 2.9999999999996696, 3.9999999999995595, 6.000000000000449]",clock_FXUTC_USNY_quote
2025-11,pca_selected,g,3,46,0.6055439241644377,"[0.9999999999998899, 2.9999999999996696, 3.9999999999995595, 6.000000000000449]",clock_FXUTC_USNY_quote
2025-11,pca_selected,g,4,43,1.5946452897184258,"[0.9999999999998899, 2.9999999999996696, 3.9999999999995595, 6.000000000000449]",clock_FXUTC_USNY_quote
2025-11,ae_selected,m,2,5,4.243241534080229,"[-52.3859754613992, 32.588408162444026, 97.38499892452984, 199.05880409635063]",clock_FXUTC_USNY_quote
2025-11,ae_selected,m,3,123,-0.1491916811452637,"[-52.3859754613992, 32.588408162444026, 97.38499892452984, 199.05880409635063]",clock_FXUTC_USNY_quote
2025-11,ae_selected,m,4,196,-1.5163122672141858,"[-52.3859754613992, 32.588408162444026, 97.38499892452984, 199.05880409635063]",clock_FXUTC_USNY_quote
2025-11,ae_selected,g,0,59,-1.708200857405942,"[0.9999999999998899, 2.9999999999996696, 3.9999999999995595, 6.000000000000449]",clock_FXUTC_USNY_quote
2025-11,ae_selected,g,1,145,-1.8355376454350771,"[0.9999999999998899, 2.9999999999996696, 3.9999999999995595, 6.000000000000449]",clock_FXUTC_USNY_quote
2025-11,ae_selected,g,2,31,0.98857533859973,"[0.9999999999998899, 2.9999999999996696, 3.9999999999995595, 6.000000000000449]",clock_FXUTC_USNY_quote
2025-11,ae_selected,g,3,46,1.529362462313954,"[0.9999999999998899, 2.9999999999996696, 3.9999999999995595, 6.000000000000449]",clock_FXUTC_USNY_quote
2025-11,ae_selected,g,4,43,-0.6602621644754305,"[0.9999999999998899, 2.9999999999996696, 3.9999999999995595, 6.000000000000449]",clock_FXUTC_USNY_quote
2025-11,ae_reconstruction_selected,m,2,5,4.243241534080229,"[-52.3859754613992, 32.588408162444026, 97.38499892452984, 199.05880409635063]",clock_FXUTC_USNY_quote
2025-11,ae_reconstruction_selected,m,3,123,-0.1491916811452637,"[-52.3859754613992, 32.588408162444026, 97.38499892452984, 199.05880409635063]",clock_FXUTC_USNY_quote
2025-11,ae_reconstruction_selected,m,4,196,-1.5163122672141858,"[-52.3859754613992, 32.588408162444026, 97.38499892452984, 199.05880409635063]",clock_FXUTC_USNY_quote
2025-11,ae_reconstruction_selected,g,0,59,-1.708200857405942,"[0.9999999999998899, 2.9999999999996696, 3.9999999999995595, 6.000000000000449]",clock_FXUTC_USNY_quote
2025-11,ae_reconstruction_selected,g,1,145,-1.8355376454350771,"[0.9999999999998899, 2.9999999999996696, 3.9999999999995595, 6.000000000000449]",clock_FXUTC_USNY_quote
2025-11,ae_reconstruction_selected,g,2,31,0.98857533859973,"[0.9999999999998899, 2.9999999999996696, 3.9999999999995595, 6.000000000000449]",clock_FXUTC_USNY_quote
2025-11,ae_reconstruction_selected,g,3,46,1.529362462313954,"[0.9999999999998899, 2.9999999999996696, 3.9999999999995595, 6.000000000000449]",clock_FXUTC_USNY_quote
2025-11,ae_reconstruction_selected,g,4,43,-0.6602621644754305,"[0.9999999999998899, 2.9999999999996696, 3.9999999999995595, 6.000000000000449]",clock_FXUTC_USNY_quote
2025-12,sequential_ols,m,1,21,5.731159232005977,"[-32.03034747615341, 52.62861675526009, 135.7855239401542, 240.60847403749187]",clock_FXUTC_USNY_quote
2025-12,sequential_ols,m,2,206,-0.2563702995350165,"[-32.03034747615341, 52.62861675526009, 135.7855239401542, 240.60847403749187]",clock_FXUTC_USNY_quote
2025-12,sequential_ols,m,3,117,-5.903262530861333,"[-32.03034747615341, 52.62861675526009, 135.7855239401542, 240.60847403749187]",clock_FXUTC_USNY_quote
2025-12,sequential_ols,m,4,17,-35.68424004964859,"[-32.03034747615341, 52.62861675526009, 135.7855239401542, 240.60847403749187]",clock_FXUTC_USNY_quote
2025-12,sequential_ols,g,0,20,-2.0761358796155367,"[0.9999999999998899, 1.9999999999997797, 3.9999999999995595, 6.000000000000449]",clock_FXUTC_USNY_quote
2025-12,sequential_ols,g,1,46,-6.913560158652125,"[0.9999999999998899, 1.9999999999997797, 3.9999999999995595, 6.000000000000449]",clock_FXUTC_USNY_quote
2025-12,sequential_ols,g,2,153,-4.956038493769047,"[0.9999999999998899, 1.9999999999997797, 3.9999999999995595, 6.000000000000449]",clock_FXUTC_USNY_quote
2025-12,sequential_ols,g,3,97,0.2026235236135184,"[0.9999999999998899, 1.9999999999997797, 3.9999999999995595, 6.000000000000449]",clock_FXUTC_USNY_quote
2025-12,sequential_ols,g,4,45,-2.9245742697873007,"[0.9999999999998899, 1.9999999999997797, 3.9999999999995595, 6.000000000000449]",clock_FXUTC_USNY_quote
2025-12,pca_1,m,1,21,5.706488985436941,"[-32.03034747615341, 52.62861675526009, 135.7855239401542, 240.60847403749187]",clock_FXUTC_USNY_quote
2025-12,pca_1,m,2,206,-0.252554795465875,"[-32.03034747615341, 52.62861675526009, 135.7855239401542, 240.60847403749187]",clock_FXUTC_USNY_quote
2025-12,pca_1,m,3,117,-5.872770717217707,"[-32.03034747615341, 52.62861675526009, 135.7855239401542, 240.60847403749187]",clock_FXUTC_USNY_quote
2025-12,pca_1,m,4,17,-35.56523578917067,"[-32.03034747615341, 52.62861675526009, 135.7855239401542, 240.60847403749187]",clock_FXUTC_USNY_quote
2025-12,pca_1,g,0,20,-2.064242952317413,"[0.9999999999998899, 1.9999999999997797, 3.9999999999995595, 6.000000000000449]",clock_FXUTC_USNY_quote
2025-12,pca_1,g,1,46,-6.89924360664816,"[0.9999999999998899, 1.9999999999997797, 3.9999999999995595, 6.000000000000449]",clock_FXUTC_USNY_quote
2025-12,pca_1,g,2,153,-4.933773185032382,"[0.9999999999998899, 1.9999999999997797, 3.9999999999995595, 6.000000000000449]",clock_FXUTC_USNY_quote
2025-12,pca_1,g,3,97,0.2070051372079778,"[0.9999999999998899, 1.9999999999997797, 3.9999999999995595, 6.000000000000449]",clock_FXUTC_USNY_quote
2025-12,pca_1,g,4,45,-2.899451945538292,"[0.9999999999998899, 1.9999999999997797, 3.9999999999995595, 6.000000000000449]",clock_FXUTC_USNY_quote
2025-12,pca_2,m,1,21,3.02993821880805,"[-32.03034747615341, 52.62861675526009, 135.7855239401542, 240.60847403749187]",clock_FXUTC_USNY_quote
2025-12,pca_2,m,2,206,-0.0164105600825526,"[-32.03034747615341, 52.62861675526009, 135.7855239401542, 240.60847403749187]",clock_FXUTC_USNY_quote
2025-12,pca_2,m,3,117,-2.652892650477056,"[-32.03034747615341, 52.62861675526009, 135.7855239401542, 240.60847403749187]",clock_FXUTC_USNY_quote
2025-12,pca_2,m,4,17,-20.77530577036932,"[-32.03034747615341, 52.62861675526009, 135.7855239401542, 240.60847403749187]",clock_FXUTC_USNY_quote
2025-12,pca_2,g,0,20,-0.5604082879351268,"[0.9999999999998899, 1.9999999999997797, 3.9999999999995595, 6.000000000000449]",clock_FXUTC_USNY_quote
2025-12,pca_2,g,1,46,-4.730673155420147,"[0.9999999999998899, 1.9999999999997797, 3.9999999999995595, 6.000000000000449]",clock_FXUTC_USNY_quote
2025-12,pca_2,g,2,153,-2.54367223108243,"[0.9999999999998899, 1.9999999999997797, 3.9999999999995595, 6.000000000000449]",clock_FXUTC_USNY_quote
2025-12,pca_2,g,3,97,0.4867420125384031,"[0.9999999999998899, 1.9999999999997797, 3.9999999999995595, 6.000000000000449]",clock_FXUTC_USNY_quote
2025-12,pca_2,g,4,45,-0.7229667541492157,"[0.9999999999998899, 1.9999999999997797, 3.9999999999995595, 6.000000000000449]",clock_FXUTC_USNY_quote
2025-12,conditional_linear,m,1,21,5.105732216421865,"[-32.03034747615341, 52.62861675526009, 135.7855239401542, 240.60847403749187]",clock_FXUTC_USNY_quote
2025-12,conditional_linear,m,2,206,-0.599710475870779,"[-32.03034747615341, 52.62861675526009, 135.7855239401542, 240.60847403749187]",clock_FXUTC_USNY_quote
2025-12,conditional_linear,m,3,117,-5.818827951262534,"[-32.03034747615341, 52.62861675526009, 135.7855239401542, 240.60847403749187]",clock_FXUTC_USNY_quote
2025-12,conditional_linear,m,4,17,-33.04564747509797,"[-32.03034747615341, 52.62861675526009, 135.7855239401542, 240.60847403749187]",clock_FXUTC_USNY_quote
2025-12,conditional_linear,g,0,20,-2.1845706303529004,"[0.9999999999998899, 1.9999999999997797, 3.9999999999995595, 6.000000000000449]",clock_FXUTC_USNY_quote
2025-12,conditional_linear,g,1,46,-6.711413335615509,"[0.9999999999998899, 1.9999999999997797, 3.9999999999995595, 6.000000000000449]",clock_FXUTC_USNY_quote
2025-12,conditional_linear,g,2,153,-4.983417495440775,"[0.9999999999998899, 1.9999999999997797, 3.9999999999995595, 6.000000000000449]",clock_FXUTC_USNY_quote
2025-12,conditional_linear,g,3,97,-0.0013523190129185,"[0.9999999999998899, 1.9999999999997797, 3.9999999999995595, 6.000000000000449]",clock_FXUTC_USNY_quote
2025-12,conditional_linear,g,4,45,-3.1975195792631195,"[0.9999999999998899, 1.9999999999997797, 3.9999999999995595, 6.000000000000449]",clock_FXUTC_USNY_quote
2025-12,ae_relu_1,m,1,21,5.7110824311536295,"[-32.03034747615341, 52.62861675526009, 135.7855239401542, 240.60847403749187]",clock_FXUTC_USNY_quote
2025-12,ae_relu_1,m,2,206,-0.2503238025733361,"[-32.03034747615341, 52.62861675526009, 135.7855239401542, 240.60847403749187]",clock_FXUTC_USNY_quote
2025-12,ae_relu_1,m,3,117,-5.874098492780442,"[-32.03034747615341, 52.62861675526009, 135.7855239401542, 240.60847403749187]",clock_FXUTC_USNY_quote
2025-12,ae_relu_1,m,4,17,-35.574504290815774,"[-32.03034747615341, 52.62861675526009, 135.7855239401542, 240.60847403749187]",clock_FXUTC_USNY_quote
2025-12,ae_relu_1,g,0,20,-2.0683517186563742,"[0.9999999999998899, 1.9999999999997797, 3.9999999999995595, 6.000000000000449]",clock_FXUTC_USNY_quote
2025-12,ae_relu_1,g,1,46,-6.90268592796065,"[0.9999999999998899, 1.9999999999997797, 3.9999999999995595, 6.000000000000449]",clock_FXUTC_USNY_quote
2025-12,ae_relu_1,g,2,153,-4.934679513418412,"[0.9999999999998899, 1.9999999999997797, 3.9999999999995595, 6.000000000000449]",clock_FXUTC_USNY_quote
2025-12,ae_relu_1,g,3,97,0.2090803203828696,"[0.9999999999998899, 1.9999999999997797, 3.9999999999995595, 6.000000000000449]",clock_FXUTC_USNY_quote
2025-12,ae_relu_1,g,4,45,-2.890095718663665,"[0.9999999999998899, 1.9999999999997797, 3.9999999999995595, 6.000000000000449]",clock_FXUTC_USNY_quote
2025-12,ae_relu_2,m,1,21,4.92787075128292,"[-32.03034747615341, 52.62861675526009, 135.7855239401542, 240.60847403749187]",clock_FXUTC_USNY_quote
2025-12,ae_relu_2,m,2,206,0.0507950469808997,"[-32.03034747615341, 52.62861675526009, 135.7855239401542, 240.60847403749187]",clock_FXUTC_USNY_quote
2025-12,ae_relu_2,m,3,117,-4.415332031181963,"[-32.03034747615341, 52.62861675526009, 135.7855239401542, 240.60847403749187]",clock_FXUTC_USNY_quote
2025-12,ae_relu_2,m,4,17,-30.541018862058944,"[-32.03034747615341, 52.62861675526009, 135.7855239401542, 240.60847403749187]",clock_FXUTC_USNY_quote
2025-12,ae_relu_2,g,0,20,-1.3561412966289803,"[0.9999999999998899, 1.9999999999997797, 3.9999999999995595, 6.000000000000449]",clock_FXUTC_USNY_quote
2025-12,ae_relu_2,g,1,46,-5.938705727947204,"[0.9999999999998899, 1.9999999999997797, 3.9999999999995595, 6.000000000000449]",clock_FXUTC_USNY_quote
2025-12,ae_relu_2,g,2,153,-3.864515047963421,"[0.9999999999998899, 1.9999999999997797, 3.9999999999995595, 6.000000000000449]",clock_FXUTC_USNY_quote
2025-12,ae_relu_2,g,3,97,0.6242694090281835,"[0.9999999999998899, 1.9999999999997797, 3.9999999999995595, 6.000000000000449]",clock_FXUTC_USNY_quote
2025-12,ae_relu_2,g,4,45,-2.018269861499208,"[0.9999999999998899, 1.9999999999997797, 3.9999999999995595, 6.000000000000449]",clock_FXUTC_USNY_quote
2025-12,ae_tanh_1,m,1,21,0.0482649711881039,"[-32.03034747615341, 52.62861675526009, 135.7855239401542, 240.60847403749187]",clock_FXUTC_USNY_quote
2025-12,ae_tanh_1,m,2,206,-4.257671544734056,"[-32.03034747615341, 52.62861675526009, 135.7855239401542, 240.60847403749187]",clock_FXUTC_USNY_quote
2025-12,ae_tanh_1,m,3,117,-6.052353599002342,"[-32.03034747615341, 52.62861675526009, 135.7855239401542, 240.60847403749187]",clock_FXUTC_USNY_quote
2025-12,ae_tanh_1,m,4,17,-30.42425212706173,"[-32.03034747615341, 52.62861675526009, 135.7855239401542, 240.60847403749187]",clock_FXUTC_USNY_quote
2025-12,ae_tanh_1,g,0,20,-4.4635009728942805,"[0.9999999999998899, 1.9999999999997797, 3.9999999999995595, 6.000000000000449]",clock_FXUTC_USNY_quote
2025-12,ae_tanh_1,g,1,46,-8.541584630395446,"[0.9999999999998899, 1.9999999999997797, 3.9999999999995595, 6.000000000000449]",clock_FXUTC_USNY_quote
2025-12,ae_tanh_1,g,2,153,-7.091845104779753,"[0.9999999999998899, 1.9999999999997797, 3.9999999999995595, 6.000000000000449]",clock_FXUTC_USNY_quote
2025-12,ae_tanh_1,g,3,97,-1.8766759810258196,"[0.9999999999998899, 1.9999999999997797, 3.9999999999995595, 6.000000000000449]",clock_FXUTC_USNY_quote
2025-12,ae_tanh_1,g,4,45,-7.8251477203712385,"[0.9999999999998899, 1.9999999999997797, 3.9999999999995595, 6.000000000000449]",clock_FXUTC_USNY_quote
2025-12,ae_tanh_2,m,1,21,-0.9068148521442808,"[-32.03034747615341, 52.62861675526009, 135.7855239401542, 240.60847403749187]",clock_FXUTC_USNY_quote
2025-12,ae_tanh_2,m,2,206,-4.683776810533796,"[-32.03034747615341, 52.62861675526009, 135.7855239401542, 240.60847403749187]",clock_FXUTC_USNY_quote
2025-12,ae_tanh_2,m,3,117,-4.978575059681461,"[-32.03034747615341, 52.62861675526009, 135.7855239401542, 240.60847403749187]",clock_FXUTC_USNY_quote
2025-12,ae_tanh_2,m,4,17,-27.311654763251703,"[-32.03034747615341, 52.62861675526009, 135.7855239401542, 240.60847403749187]",clock_FXUTC_USNY_quote
2025-12,ae_tanh_2,g,0,20,-4.084141179663702,"[0.9999999999998899, 1.9999999999997797, 3.9999999999995595, 6.000000000000449]",clock_FXUTC_USNY_quote
2025-12,ae_tanh_2,g,1,46,-7.906472941273892,"[0.9999999999998899, 1.9999999999997797, 3.9999999999995595, 6.000000000000449]",clock_FXUTC_USNY_quote
2025-12,ae_tanh_2,g,2,153,-6.750289702479063,"[0.9999999999998899, 1.9999999999997797, 3.9999999999995595, 6.000000000000449]",clock_FXUTC_USNY_quote
2025-12,ae_tanh_2,g,3,97,-1.5991678745502993,"[0.9999999999998899, 1.9999999999997797, 3.9999999999995595, 6.000000000000449]",clock_FXUTC_USNY_quote
2025-12,ae_tanh_2,g,4,45,-8.831074680454508,"[0.9999999999998899, 1.9999999999997797, 3.9999999999995595, 6.000000000000449]",clock_FXUTC_USNY_quote
2025-12,conditional_neural,m,1,21,5.53726875246081,"[-32.03034747615341, 52.62861675526009, 135.7855239401542, 240.60847403749187]",clock_FXUTC_USNY_quote
2025-12,conditional_neural,m,2,206,-0.2763447790694746,"[-32.03034747615341, 52.62861675526009, 135.7855239401542, 240.60847403749187]",clock_FXUTC_USNY_quote
2025-12,conditional_neural,m,3,117,-3.606489691166504,"[-32.03034747615341, 52.62861675526009, 135.7855239401542, 240.60847403749187]",clock_FXUTC_USNY_quote
2025-12,conditional_neural,m,4,17,-2.686479719714197,"[-32.03034747615341, 52.62861675526009, 135.7855239401542, 240.60847403749187]",clock_FXUTC_USNY_quote
2025-12,conditional_neural,g,0,20,1.4956423758565929,"[0.9999999999998899, 1.9999999999997797, 3.9999999999995595, 6.000000000000449]",clock_FXUTC_USNY_quote
2025-12,conditional_neural,g,1,46,-0.021307231809444,"[0.9999999999998899, 1.9999999999997797, 3.9999999999995595, 6.000000000000449]",clock_FXUTC_USNY_quote
2025-12,conditional_neural,g,2,153,-2.364006191997065,"[0.9999999999998899, 1.9999999999997797, 3.9999999999995595, 6.000000000000449]",clock_FXUTC_USNY_quote
2025-12,conditional_neural,g,3,97,0.4218121326447147,"[0.9999999999998899, 1.9999999999997797, 3.9999999999995595, 6.000000000000449]",clock_FXUTC_USNY_quote
2025-12,conditional_neural,g,4,45,-2.587319425180908,"[0.9999999999998899, 1.9999999999997797, 3.9999999999995595, 6.000000000000449]",clock_FXUTC_USNY_quote
2025-12,pca_selected,m,1,21,3.02993821880805,"[-32.03034747615341, 52.62861675526009, 135.7855239401542, 240.60847403749187]",clock_FXUTC_USNY_quote
2025-12,pca_selected,m,2,206,-0.0164105600825526,"[-32.03034747615341, 52.62861675526009, 135.7855239401542, 240.60847403749187]",clock_FXUTC_USNY_quote
2025-12,pca_selected,m,3,117,-2.652892650477056,"[-32.03034747615341, 52.62861675526009, 135.7855239401542, 240.60847403749187]",clock_FXUTC_USNY_quote
2025-12,pca_selected,m,4,17,-20.77530577036932,"[-32.03034747615341, 52.62861675526009, 135.7855239401542, 240.60847403749187]",clock_FXUTC_USNY_quote
2025-12,pca_selected,g,0,20,-0.5604082879351268,"[0.9999999999998899, 1.9999999999997797, 3.9999999999995595, 6.000000000000449]",clock_FXUTC_USNY_quote
2025-12,pca_selected,g,1,46,-4.730673155420147,"[0.9999999999998899, 1.9999999999997797, 3.9999999999995595, 6.000000000000449]",clock_FXUTC_USNY_quote
2025-12,pca_selected,g,2,153,-2.54367223108243,"[0.9999999999998899, 1.9999999999997797, 3.9999999999995595, 6.000000000000449]",clock_FXUTC_USNY_quote
2025-12,pca_selected,g,3,97,0.4867420125384031,"[0.9999999999998899, 1.9999999999997797, 3.9999999999995595, 6.000000000000449]",clock_FXUTC_USNY_quote
2025-12,pca_selected,g,4,45,-0.7229667541492157,"[0.9999999999998899, 1.9999999999997797, 3.9999999999995595, 6.000000000000449]",clock_FXUTC_USNY_quote
2025-12,ae_selected,m,1,21,5.7110824311536295,"[-32.03034747615341, 52.62861675526009, 135.7855239401542, 240.60847403749187]",clock_FXUTC_USNY_quote
2025-12,ae_selected,m,2,206,-0.2503238025733361,"[-32.03034747615341, 52.62861675526009, 135.7855239401542, 240.60847403749187]",clock_FXUTC_USNY_quote
2025-12,ae_selected,m,3,117,-5.874098492780442,"[-32.03034747615341, 52.62861675526009, 135.7855239401542, 240.60847403749187]",clock_FXUTC_USNY_quote
2025-12,ae_selected,m,4,17,-35.574504290815774,"[-32.03034747615341, 52.62861675526009, 135.7855239401542, 240.60847403749187]",clock_FXUTC_USNY_quote
2025-12,ae_selected,g,0,20,-2.0683517186563742,"[0.9999999999998899, 1.9999999999997797, 3.9999999999995595, 6.000000000000449]",clock_FXUTC_USNY_quote
2025-12,ae_selected,g,1,46,-6.90268592796065,"[0.9999999999998899, 1.9999999999997797, 3.9999999999995595, 6.000000000000449]",clock_FXUTC_USNY_quote
2025-12,ae_selected,g,2,153,-4.934679513418412,"[0.9999999999998899, 1.9999999999997797, 3.9999999999995595, 6.000000000000449]",clock_FXUTC_USNY_quote
2025-12,ae_selected,g,3,97,0.2090803203828696,"[0.9999999999998899, 1.9999999999997797, 3.9999999999995595, 6.000000000000449]",clock_FXUTC_USNY_quote
2025-12,ae_selected,g,4,45,-2.890095718663665,"[0.9999999999998899, 1.9999999999997797, 3.9999999999995595, 6.000000000000449]",clock_FXUTC_USNY_quote
2025-12,ae_reconstruction_selected,m,1,21,5.7110824311536295,"[-32.03034747615341, 52.62861675526009, 135.7855239401542, 240.60847403749187]",clock_FXUTC_USNY_quote
2025-12,ae_reconstruction_selected,m,2,206,-0.2503238025733361,"[-32.03034747615341, 52.62861675526009, 135.7855239401542, 240.60847403749187]",clock_FXUTC_USNY_quote
2025-12,ae_reconstruction_selected,m,3,117,-5.874098492780442,"[-32.03034747615341, 52.62861675526009, 135.7855239401542, 240.60847403749187]",clock_FXUTC_USNY_quote
2025-12,ae_reconstruction_selected,m,4,17,-35.574504290815774,"[-32.03034747615341, 52.62861675526009, 135.7855239401542, 240.60847403749187]",clock_FXUTC_USNY_quote
2025-12,ae_reconstruction_selected,g,0,20,-2.0683517186563742,"[0.9999999999998899, 1.9999999999997797, 3.9999999999995595, 6.000000000000449]",clock_FXUTC_USNY_quote
2025-12,ae_reconstruction_selected,g,1,46,-6.90268592796065,"[0.9999999999998899, 1.9999999999997797, 3.9999999999995595, 6.000000000000449]",clock_FXUTC_USNY_quote
2025-12,ae_reconstruction_selected,g,2,153,-4.934679513418412,"[0.9999999999998899, 1.9999999999997797, 3.9999999999995595, 6.000000000000449]",clock_FXUTC_USNY_quote
2025-12,ae_reconstruction_selected,g,3,97,0.2090803203828696,"[0.9999999999998899, 1.9999999999997797, 3.9999999999995595, 6.000000000000449]",clock_FXUTC_USNY_quote
2025-12,ae_reconstruction_selected,g,4,45,-2.890095718663665,"[0.9999999999998899, 1.9999999999997797, 3.9999999999995595, 6.000000000000449]",clock_FXUTC_USNY_quote
2026-01,sequential_ols,m,0,25,4.290453106269366,"[-13.130844490974125, 66.17036534375443, 134.544451914018, 220.34387889103152]",clock_FXUTC_USNY_quote
2026-01,sequential_ols,m,1,161,-1.7341341568009587,"[-13.130844490974125, 66.17036534375443, 134.544451914018, 220.34387889103152]",clock_FXUTC_USNY_quote
2026-01,sequential_ols,m,2,85,-2.8268401564710746,"[-13.130844490974125, 66.17036534375443, 134.544451914018, 220.34387889103152]",clock_FXUTC_USNY_quote
2026-01,sequential_ols,m,3,61,-2.9300701631658974,"[-13.130844490974125, 66.17036534375443, 134.544451914018, 220.34387889103152]",clock_FXUTC_USNY_quote
2026-01,sequential_ols,m,4,14,-6.420199870675952,"[-13.130844490974125, 66.17036534375443, 134.544451914018, 220.34387889103152]",clock_FXUTC_USNY_quote
2026-01,sequential_ols,g,0,12,-1.3044888210317434,"[0.9999999999998899, 1.9999999999997797, 3.9999999999995595, 5.999999999999339]",clock_FXUTC_USNY_quote
2026-01,sequential_ols,g,1,34,-1.377163553484752,"[0.9999999999998899, 1.9999999999997797, 3.9999999999995595, 5.999999999999339]",clock_FXUTC_USNY_quote
2026-01,sequential_ols,g,2,52,-3.613989502233663,"[0.9999999999998899, 1.9999999999997797, 3.9999999999995595, 5.999999999999339]",clock_FXUTC_USNY_quote
2026-01,sequential_ols,g,3,28,-2.1495101581710903,"[0.9999999999998899, 1.9999999999997797, 3.9999999999995595, 5.999999999999339]",clock_FXUTC_USNY_quote
2026-01,sequential_ols,g,4,220,-1.6829163537047322,"[0.9999999999998899, 1.9999999999997797, 3.9999999999995595, 5.999999999999339]",clock_FXUTC_USNY_quote
2026-01,pca_1,m,0,25,4.279157468538861,"[-13.130844490974125, 66.17036534375443, 134.544451914018, 220.34387889103152]",clock_FXUTC_USNY_quote
2026-01,pca_1,m,1,161,-1.732169209476666,"[-13.130844490974125, 66.17036534375443, 134.544451914018, 220.34387889103152]",clock_FXUTC_USNY_quote
2026-01,pca_1,m,2,85,-2.8272111831581688,"[-13.130844490974125, 66.17036534375443, 134.544451914018, 220.34387889103152]",clock_FXUTC_USNY_quote
2026-01,pca_1,m,3,61,-2.922301247522922,"[-13.130844490974125, 66.17036534375443, 134.544451914018, 220.34387889103152]",clock_FXUTC_USNY_quote
2026-01,pca_1,m,4,14,-6.424791138599848,"[-13.130844490974125, 66.17036534375443, 134.544451914018, 220.34387889103152]",clock_FXUTC_USNY_quote
2026-01,pca_1,g,0,12,-1.2821186719792266,"[0.9999999999998899, 1.9999999999997797, 3.9999999999995595, 5.999999999999339]",clock_FXUTC_USNY_quote
2026-01,pca_1,g,1,34,-1.3675582272297986,"[0.9999999999998899, 1.9999999999997797, 3.9999999999995595, 5.999999999999339]",clock_FXUTC_USNY_quote
2026-01,pca_1,g,2,52,-3.5953307504724825,"[0.9999999999998899, 1.9999999999997797, 3.9999999999995595, 5.999999999999339]",clock_FXUTC_USNY_quote
2026-01,pca_1,g,3,28,-2.153864880137244,"[0.9999999999998899, 1.9999999999997797, 3.9999999999995595, 5.999999999999339]",clock_FXUTC_USNY_quote
2026-01,pca_1,g,4,220,-1.6876040416456202,"[0.9999999999998899, 1.9999999999997797, 3.9999999999995595, 5.999999999999339]",clock_FXUTC_USNY_quote
2026-01,pca_2,m,0,25,3.2707478657938185,"[-13.130844490974125, 66.17036534375443, 134.544451914018, 220.34387889103152]",clock_FXUTC_USNY_quote
2026-01,pca_2,m,1,161,-1.760740254688317,"[-13.130844490974125, 66.17036534375443, 134.544451914018, 220.34387889103152]",clock_FXUTC_USNY_quote
2026-01,pca_2,m,2,85,-3.038503699109941,"[-13.130844490974125, 66.17036534375443, 134.544451914018, 220.34387889103152]",clock_FXUTC_USNY_quote
2026-01,pca_2,m,3,61,-2.3783900102710493,"[-13.130844490974125, 66.17036534375443, 134.544451914018, 220.34387889103152]",clock_FXUTC_USNY_quote
2026-01,pca_2,m,4,14,-6.718991276023867,"[-13.130844490974125, 66.17036534375443, 134.544451914018, 220.34387889103152]",clock_FXUTC_USNY_quote
2026-01,pca_2,g,0,12,0.0482521632248251,"[0.9999999999998899, 1.9999999999997797, 3.9999999999995595, 5.999999999999339]",clock_FXUTC_USNY_quote
2026-01,pca_2,g,1,34,-0.8872981461714913,"[0.9999999999998899, 1.9999999999997797, 3.9999999999995595, 5.999999999999339]",clock_FXUTC_USNY_quote
2026-01,pca_2,g,2,52,-2.2852506879839325,"[0.9999999999998899, 1.9999999999997797, 3.9999999999995595, 5.999999999999339]",clock_FXUTC_USNY_quote
2026-01,pca_2,g,3,28,-2.683100321329527,"[0.9999999999998899, 1.9999999999997797, 3.9999999999995595, 5.999999999999339]",clock_FXUTC_USNY_quote
2026-01,pca_2,g,4,220,-2.161736415871194,"[0.9999999999998899, 1.9999999999997797, 3.9999999999995595, 5.999999999999339]",clock_FXUTC_USNY_quote
2026-01,conditional_linear,m,0,25,2.538462126939078,"[-13.130844490974125, 66.17036534375443, 134.544451914018, 220.34387889103152]",clock_FXUTC_USNY_quote
2026-01,conditional_linear,m,1,161,-2.456982128319628,"[-13.130844490974125, 66.17036534375443, 134.544451914018, 220.34387889103152]",clock_FXUTC_USNY_quote
2026-01,conditional_linear,m,2,85,-3.0822217454998904,"[-13.130844490974125, 66.17036534375443, 134.544451914018, 220.34387889103152]",clock_FXUTC_USNY_quote
2026-01,conditional_linear,m,3,61,-2.651813228746003,"[-13.130844490974125, 66.17036534375443, 134.544451914018, 220.34387889103152]",clock_FXUTC_USNY_quote
2026-01,conditional_linear,m,4,14,-5.23080588655099,"[-13.130844490974125, 66.17036534375443, 134.544451914018, 220.34387889103152]",clock_FXUTC_USNY_quote
2026-01,conditional_linear,g,0,12,-2.8024175299268954,"[0.9999999999998899, 1.9999999999997797, 3.9999999999995595, 5.999999999999339]",clock_FXUTC_USNY_quote
2026-01,conditional_linear,g,1,34,-2.917661862267744,"[0.9999999999998899, 1.9999999999997797, 3.9999999999995595, 5.999999999999339]",clock_FXUTC_USNY_quote
2026-01,conditional_linear,g,2,52,-4.604575293621132,"[0.9999999999998899, 1.9999999999997797, 3.9999999999995595, 5.999999999999339]",clock_FXUTC_USNY_quote
2026-01,conditional_linear,g,3,28,-2.92923982287633,"[0.9999999999998899, 1.9999999999997797, 3.9999999999995595, 5.999999999999339]",clock_FXUTC_USNY_quote
2026-01,conditional_linear,g,4,220,-1.7036689237892346,"[0.9999999999998899, 1.9999999999997797, 3.9999999999995595, 5.999999999999339]",clock_FXUTC_USNY_quote
2026-01,ae_relu_1,m,0,25,4.29618482981684,"[-13.130844490974125, 66.17036534375443, 134.544451914018, 220.34387889103152]",clock_FXUTC_USNY_quote
2026-01,ae_relu_1,m,1,161,-1.7129741517136083,"[-13.130844490974125, 66.17036534375443, 134.544451914018, 220.34387889103152]",clock_FXUTC_USNY_quote
2026-01,ae_relu_1,m,2,85,-2.802689335159521,"[-13.130844490974125, 66.17036534375443, 134.544451914018, 220.34387889103152]",clock_FXUTC_USNY_quote
2026-01,ae_relu_1,m,3,61,-2.895837673891227,"[-13.130844490974125, 66.17036534375443, 134.544451914018, 220.34387889103152]",clock_FXUTC_USNY_quote
2026-01,ae_relu_1,m,4,14,-6.410520253571771,"[-13.130844490974125, 66.17036534375443, 134.544451914018, 220.34387889103152]",clock_FXUTC_USNY_quote
2026-01,ae_relu_1,g,0,12,-1.2806943758450264,"[0.9999999999998899, 1.9999999999997797, 3.9999999999995595, 5.999999999999339]",clock_FXUTC_USNY_quote
2026-01,ae_relu_1,g,1,34,-1.36153314785331,"[0.9999999999998899, 1.9999999999997797, 3.9999999999995595, 5.999999999999339]",clock_FXUTC_USNY_quote
2026-01,ae_relu_1,g,2,52,-3.585648986671155,"[0.9999999999998899, 1.9999999999997797, 3.9999999999995595, 5.999999999999339]",clock_FXUTC_USNY_quote
2026-01,ae_relu_1,g,3,28,-2.1389114483931637,"[0.9999999999998899, 1.9999999999997797, 3.9999999999995595, 5.999999999999339]",clock_FXUTC_USNY_quote
2026-01,ae_relu_1,g,4,220,-1.6591021155788073,"[0.9999999999998899, 1.9999999999997797, 3.9999999999995595, 5.999999999999339]",clock_FXUTC_USNY_quote
2026-01,ae_relu_2,m,0,25,5.793643516463764,"[-13.130844490974125, 66.17036534375443, 134.544451914018, 220.34387889103152]",clock_FXUTC_USNY_quote
2026-01,ae_relu_2,m,1,161,-1.453133409404405,"[-13.130844490974125, 66.17036534375443, 134.544451914018, 220.34387889103152]",clock_FXUTC_USNY_quote
2026-01,ae_relu_2,m,2,85,-4.524644249717061,"[-13.130844490974125, 66.17036534375443, 134.544451914018, 220.34387889103152]",clock_FXUTC_USNY_quote
2026-01,ae_relu_2,m,3,61,-5.765465327714748,"[-13.130844490974125, 66.17036534375443, 134.544451914018, 220.34387889103152]",clock_FXUTC_USNY_quote
2026-01,ae_relu_2,m,4,14,-12.750880578180295,"[-13.130844490974125, 66.17036534375443, 134.544451914018, 220.34387889103152]",clock_FXUTC_USNY_quote
2026-01,ae_relu_2,g,0,12,0.9542879220273404,"[0.9999999999998899, 1.9999999999997797, 3.9999999999995595, 5.999999999999339]",clock_FXUTC_USNY_quote
2026-01,ae_relu_2,g,1,34,0.2717254579086204,"[0.9999999999998899, 1.9999999999997797, 3.9999999999995595, 5.999999999999339]",clock_FXUTC_USNY_quote
2026-01,ae_relu_2,g,2,52,-1.8605804451638952,"[0.9999999999998899, 1.9999999999997797, 3.9999999999995595, 5.999999999999339]",clock_FXUTC_USNY_quote
2026-01,ae_relu_2,g,3,28,-2.4303508691633637,"[0.9999999999998899, 1.9999999999997797, 3.9999999999995595, 5.999999999999339]",clock_FXUTC_USNY_quote
2026-01,ae_relu_2,g,4,220,-3.9081999020986977,"[0.9999999999998899, 1.9999999999997797, 3.9999999999995595, 5.999999999999339]",clock_FXUTC_USNY_quote
2026-01,ae_tanh_1,m,0,25,-0.4063000583675228,"[-13.130844490974125, 66.17036534375443, 134.544451914018, 220.34387889103152]",clock_FXUTC_USNY_quote
2026-01,ae_tanh_1,m,1,161,-7.5663891272244195,"[-13.130844490974125, 66.17036534375443, 134.544451914018, 220.34387889103152]",clock_FXUTC_USNY_quote
2026-01,ae_tanh_1,m,2,85,-6.730939863884188,"[-13.130844490974125, 66.17036534375443, 134.544451914018, 220.34387889103152]",clock_FXUTC_USNY_quote
2026-01,ae_tanh_1,m,3,61,-4.099181995649425,"[-13.130844490974125, 66.17036534375443, 134.544451914018, 220.34387889103152]",clock_FXUTC_USNY_quote
2026-01,ae_tanh_1,m,4,14,-1.8223404951414304,"[-13.130844490974125, 66.17036534375443, 134.544451914018, 220.34387889103152]",clock_FXUTC_USNY_quote
2026-01,ae_tanh_1,g,0,12,-6.611774359555756,"[0.9999999999998899, 1.9999999999997797, 3.9999999999995595, 5.999999999999339]",clock_FXUTC_USNY_quote
2026-01,ae_tanh_1,g,1,34,-6.560237942208508,"[0.9999999999998899, 1.9999999999997797, 3.9999999999995595, 5.999999999999339]",clock_FXUTC_USNY_quote
2026-01,ae_tanh_1,g,2,52,-8.746767036837321,"[0.9999999999998899, 1.9999999999997797, 3.9999999999995595, 5.999999999999339]",clock_FXUTC_USNY_quote
2026-01,ae_tanh_1,g,3,28,-7.455163159182933,"[0.9999999999998899, 1.9999999999997797, 3.9999999999995595, 5.999999999999339]",clock_FXUTC_USNY_quote
2026-01,ae_tanh_1,g,4,220,-5.045786687802951,"[0.9999999999998899, 1.9999999999997797, 3.9999999999995595, 5.999999999999339]",clock_FXUTC_USNY_quote
2026-01,ae_tanh_2,m,0,25,-0.628216793693644,"[-13.130844490974125, 66.17036534375443, 134.544451914018, 220.34387889103152]",clock_FXUTC_USNY_quote
2026-01,ae_tanh_2,m,1,161,-8.434397659709619,"[-13.130844490974125, 66.17036534375443, 134.544451914018, 220.34387889103152]",clock_FXUTC_USNY_quote
2026-01,ae_tanh_2,m,2,85,-7.778227031670758,"[-13.130844490974125, 66.17036534375443, 134.544451914018, 220.34387889103152]",clock_FXUTC_USNY_quote
2026-01,ae_tanh_2,m,3,61,-4.471784085929016,"[-13.130844490974125, 66.17036534375443, 134.544451914018, 220.34387889103152]",clock_FXUTC_USNY_quote
2026-01,ae_tanh_2,m,4,14,-0.7333206354364583,"[-13.130844490974125, 66.17036534375443, 134.544451914018, 220.34387889103152]",clock_FXUTC_USNY_quote
2026-01,ae_tanh_2,g,0,12,-6.9008892808280216,"[0.9999999999998899, 1.9999999999997797, 3.9999999999995595, 5.999999999999339]",clock_FXUTC_USNY_quote
2026-01,ae_tanh_2,g,1,34,-6.934397508852081,"[0.9999999999998899, 1.9999999999997797, 3.9999999999995595, 5.999999999999339]",clock_FXUTC_USNY_quote
2026-01,ae_tanh_2,g,2,52,-9.32173294445851,"[0.9999999999998899, 1.9999999999997797, 3.9999999999995595, 5.999999999999339]",clock_FXUTC_USNY_quote
2026-01,ae_tanh_2,g,3,28,-8.29181899920511,"[0.9999999999998899, 1.9999999999997797, 3.9999999999995595, 5.999999999999339]",clock_FXUTC_USNY_quote
2026-01,ae_tanh_2,g,4,220,-5.828894668749511,"[0.9999999999998899, 1.9999999999997797, 3.9999999999995595, 5.999999999999339]",clock_FXUTC_USNY_quote
2026-01,conditional_neural,m,0,25,4.231606216842139,"[-13.130844490974125, 66.17036534375443, 134.544451914018, 220.34387889103152]",clock_FXUTC_USNY_quote
2026-01,conditional_neural,m,1,161,-1.681259852072994,"[-13.130844490974125, 66.17036534375443, 134.544451914018, 220.34387889103152]",clock_FXUTC_USNY_quote
2026-01,conditional_neural,m,2,85,-2.2193227874676884,"[-13.130844490974125, 66.17036534375443, 134.544451914018, 220.34387889103152]",clock_FXUTC_USNY_quote
2026-01,conditional_neural,m,3,61,-1.8050780118095813,"[-13.130844490974125, 66.17036534375443, 134.544451914018, 220.34387889103152]",clock_FXUTC_USNY_quote
2026-01,conditional_neural,m,4,14,-3.152614141185633,"[-13.130844490974125, 66.17036534375443, 134.544451914018, 220.34387889103152]",clock_FXUTC_USNY_quote
2026-01,conditional_neural,g,0,12,-1.4663465793965986,"[0.9999999999998899, 1.9999999999997797, 3.9999999999995595, 5.999999999999339]",clock_FXUTC_USNY_quote
2026-01,conditional_neural,g,1,34,-1.9772183796663496,"[0.9999999999998899, 1.9999999999997797, 3.9999999999995595, 5.999999999999339]",clock_FXUTC_USNY_quote
2026-01,conditional_neural,g,2,52,-3.942215887752163,"[0.9999999999998899, 1.9999999999997797, 3.9999999999995595, 5.999999999999339]",clock_FXUTC_USNY_quote
2026-01,conditional_neural,g,3,28,-2.37768045472692,"[0.9999999999998899, 1.9999999999997797, 3.9999999999995595, 5.999999999999339]",clock_FXUTC_USNY_quote
2026-01,conditional_neural,g,4,220,-0.6881345983525186,"[0.9999999999998899, 1.9999999999997797, 3.9999999999995595, 5.999999999999339]",clock_FXUTC_USNY_quote
2026-01,pca_selected,m,0,25,3.2707478657938185,"[-13.130844490974125, 66.17036534375443, 134.544451914018, 220.34387889103152]",clock_FXUTC_USNY_quote
2026-01,pca_selected,m,1,161,-1.760740254688317,"[-13.130844490974125, 66.17036534375443, 134.544451914018, 220.34387889103152]",clock_FXUTC_USNY_quote
2026-01,pca_selected,m,2,85,-3.038503699109941,"[-13.130844490974125, 66.17036534375443, 134.544451914018, 220.34387889103152]",clock_FXUTC_USNY_quote
2026-01,pca_selected,m,3,61,-2.3783900102710493,"[-13.130844490974125, 66.17036534375443, 134.544451914018, 220.34387889103152]",clock_FXUTC_USNY_quote
2026-01,pca_selected,m,4,14,-6.718991276023867,"[-13.130844490974125, 66.17036534375443, 134.544451914018, 220.34387889103152]",clock_FXUTC_USNY_quote
2026-01,pca_selected,g,0,12,0.0482521632248251,"[0.9999999999998899, 1.9999999999997797, 3.9999999999995595, 5.999999999999339]",clock_FXUTC_USNY_quote
2026-01,pca_selected,g,1,34,-0.8872981461714913,"[0.9999999999998899, 1.9999999999997797, 3.9999999999995595, 5.999999999999339]",clock_FXUTC_USNY_quote
2026-01,pca_selected,g,2,52,-2.2852506879839325,"[0.9999999999998899, 1.9999999999997797, 3.9999999999995595, 5.999999999999339]",clock_FXUTC_USNY_quote
2026-01,pca_selected,g,3,28,-2.683100321329527,"[0.9999999999998899, 1.9999999999997797, 3.9999999999995595, 5.999999999999339]",clock_FXUTC_USNY_quote
2026-01,pca_selected,g,4,220,-2.161736415871194,"[0.9999999999998899, 1.9999999999997797, 3.9999999999995595, 5.999999999999339]",clock_FXUTC_USNY_quote
2026-01,ae_selected,m,0,25,4.29618482981684,"[-13.130844490974125, 66.17036534375443, 134.544451914018, 220.34387889103152]",clock_FXUTC_USNY_quote
2026-01,ae_selected,m,1,161,-1.7129741517136083,"[-13.130844490974125, 66.17036534375443, 134.544451914018, 220.34387889103152]",clock_FXUTC_USNY_quote
2026-01,ae_selected,m,2,85,-2.802689335159521,"[-13.130844490974125, 66.17036534375443, 134.544451914018, 220.34387889103152]",clock_FXUTC_USNY_quote
2026-01,ae_selected,m,3,61,-2.895837673891227,"[-13.130844490974125, 66.17036534375443, 134.544451914018, 220.34387889103152]",clock_FXUTC_USNY_quote
2026-01,ae_selected,m,4,14,-6.410520253571771,"[-13.130844490974125, 66.17036534375443, 134.544451914018, 220.34387889103152]",clock_FXUTC_USNY_quote
2026-01,ae_selected,g,0,12,-1.2806943758450264,"[0.9999999999998899, 1.9999999999997797, 3.9999999999995595, 5.999999999999339]",clock_FXUTC_USNY_quote
2026-01,ae_selected,g,1,34,-1.36153314785331,"[0.9999999999998899, 1.9999999999997797, 3.9999999999995595, 5.999999999999339]",clock_FXUTC_USNY_quote
2026-01,ae_selected,g,2,52,-3.585648986671155,"[0.9999999999998899, 1.9999999999997797, 3.9999999999995595, 5.999999999999339]",clock_FXUTC_USNY_quote
2026-01,ae_selected,g,3,28,-2.1389114483931637,"[0.9999999999998899, 1.9999999999997797, 3.9999999999995595, 5.999999999999339]",clock_FXUTC_USNY_quote
2026-01,ae_selected,g,4,220,-1.6591021155788073,"[0.9999999999998899, 1.9999999999997797, 3.9999999999995595, 5.999999999999339]",clock_FXUTC_USNY_quote
2026-01,ae_reconstruction_selected,m,0,25,4.29618482981684,"[-13.130844490974125, 66.17036534375443, 134.544451914018, 220.34387889103152]",clock_FXUTC_USNY_quote
2026-01,ae_reconstruction_selected,m,1,161,-1.7129741517136083,"[-13.130844490974125, 66.17036534375443, 134.544451914018, 220.34387889103152]",clock_FXUTC_USNY_quote
2026-01,ae_reconstruction_selected,m,2,85,-2.802689335159521,"[-13.130844490974125, 66.17036534375443, 134.544451914018, 220.34387889103152]",clock_FXUTC_USNY_quote
2026-01,ae_reconstruction_selected,m,3,61,-2.895837673891227,"[-13.130844490974125, 66.17036534375443, 134.544451914018, 220.34387889103152]",clock_FXUTC_USNY_quote
2026-01,ae_reconstruction_selected,m,4,14,-6.410520253571771,"[-13.130844490974125, 66.17036534375443, 134.544451914018, 220.34387889103152]",clock_FXUTC_USNY_quote
2026-01,ae_reconstruction_selected,g,0,12,-1.2806943758450264,"[0.9999999999998899, 1.9999999999997797, 3.9999999999995595, 5.999999999999339]",clock_FXUTC_USNY_quote
2026-01,ae_reconstruction_selected,g,1,34,-1.36153314785331,"[0.9999999999998899, 1.9999999999997797, 3.9999999999995595, 5.999999999999339]",clock_FXUTC_USNY_quote
2026-01,ae_reconstruction_selected,g,2,52,-3.585648986671155,"[0.9999999999998899, 1.9999999999997797, 3.9999999999995595, 5.999999999999339]",clock_FXUTC_USNY_quote
2026-01,ae_reconstruction_selected,g,3,28,-2.1389114483931637,"[0.9999999999998899, 1.9999999999997797, 3.9999999999995595, 5.999999999999339]",clock_FXUTC_USNY_quote
2026-01,ae_reconstruction_selected,g,4,220,-1.6591021155788073,"[0.9999999999998899, 1.9999999999997797, 3.9999999999995595, 5.999999999999339]",clock_FXUTC_USNY_quote
2026-02,sequential_ols,m,1,20,1.0581749904060245,"[-4.816681003881798, 60.97947548905837, 126.75056035821159, 208.14874491444186]",clock_FXUTC_USNY_quote
2026-02,sequential_ols,m,2,50,0.3726440185125771,"[-4.816681003881798, 60.97947548905837, 126.75056035821159, 208.14874491444186]",clock_FXUTC_USNY_quote
2026-02,sequential_ols,m,3,148,1.3917314758727592,"[-4.816681003881798, 60.97947548905837, 126.75056035821159, 208.14874491444186]",clock_FXUTC_USNY_quote
2026-02,sequential_ols,m,4,106,-2.8829229371708918,"[-4.816681003881798, 60.97947548905837, 126.75056035821159, 208.14874491444186]",clock_FXUTC_USNY_quote
2026-02,sequential_ols,g,0,20,-1.899346489029483,"[0.9999999999998899, 2.9999999999996696, 3.9999999999995595, 6.000000000000449]",clock_FXUTC_USNY_quote
2026-02,sequential_ols,g,1,44,-1.018978304220242,"[0.9999999999998899, 2.9999999999996696, 3.9999999999995595, 6.000000000000449]",clock_FXUTC_USNY_quote
2026-02,sequential_ols,g,2,24,1.1507908159141376,"[0.9999999999998899, 2.9999999999996696, 3.9999999999995595, 6.000000000000449]",clock_FXUTC_USNY_quote
2026-02,sequential_ols,g,3,143,-0.2593706307171354,"[0.9999999999998899, 2.9999999999996696, 3.9999999999995595, 6.000000000000449]",clock_FXUTC_USNY_quote
2026-02,sequential_ols,g,4,93,0.3491948774160712,"[0.9999999999998899, 2.9999999999996696, 3.9999999999995595, 6.000000000000449]",clock_FXUTC_USNY_quote
2026-02,pca_1,m,1,20,1.0249746497924532,"[-4.816681003881798, 60.97947548905837, 126.75056035821159, 208.14874491444186]",clock_FXUTC_USNY_quote
2026-02,pca_1,m,2,50,0.3673523339585124,"[-4.816681003881798, 60.97947548905837, 126.75056035821159, 208.14874491444186]",clock_FXUTC_USNY_quote
2026-02,pca_1,m,3,148,1.3630724536893897,"[-4.816681003881798, 60.97947548905837, 126.75056035821159, 208.14874491444186]",clock_FXUTC_USNY_quote
2026-02,pca_1,m,4,106,-2.851328232021026,"[-4.816681003881798, 60.97947548905837, 126.75056035821159, 208.14874491444186]",clock_FXUTC_USNY_quote
2026-02,pca_1,g,0,20,-1.9073436601470772,"[0.9999999999998899, 2.9999999999996696, 3.9999999999995595, 6.000000000000449]",clock_FXUTC_USNY_quote
2026-02,pca_1,g,1,44,-1.042549580869797,"[0.9999999999998899, 2.9999999999996696, 3.9999999999995595, 6.000000000000449]",clock_FXUTC_USNY_quote
2026-02,pca_1,g,2,24,1.1215931460876316,"[0.9999999999998899, 2.9999999999996696, 3.9999999999995595, 6.000000000000449]",clock_FXUTC_USNY_quote
2026-02,pca_1,g,3,143,-0.257534550204972,"[0.9999999999998899, 2.9999999999996696, 3.9999999999995595, 6.000000000000449]",clock_FXUTC_USNY_quote
2026-02,pca_1,g,4,93,0.3471967761289898,"[0.9999999999998899, 2.9999999999996696, 3.9999999999995595, 6.000000000000449]",clock_FXUTC_USNY_quote
2026-02,pca_2,m,1,20,-1.2628214924092642,"[-4.816681003881798, 60.97947548905837, 126.75056035821159, 208.14874491444186]",clock_FXUTC_USNY_quote
2026-02,pca_2,m,2,50,-0.0051938148482528,"[-4.816681003881798, 60.97947548905837, 126.75056035821159, 208.14874491444186]",clock_FXUTC_USNY_quote
2026-02,pca_2,m,3,148,-0.6955079034066416,"[-4.816681003881798, 60.97947548905837, 126.75056035821159, 208.14874491444186]",clock_FXUTC_USNY_quote
2026-02,pca_2,m,4,106,-0.59126267996155,"[-4.816681003881798, 60.97947548905837, 126.75056035821159, 208.14874491444186]",clock_FXUTC_USNY_quote
2026-02,pca_2,g,0,20,-2.5715573090152306,"[0.9999999999998899, 2.9999999999996696, 3.9999999999995595, 6.000000000000449]",clock_FXUTC_USNY_quote
2026-02,pca_2,g,1,44,-2.7237997581538487,"[0.9999999999998899, 2.9999999999996696, 3.9999999999995595, 6.000000000000449]",clock_FXUTC_USNY_quote
2026-02,pca_2,g,2,24,-0.9570763138741092,"[0.9999999999998899, 2.9999999999996696, 3.9999999999995595, 6.000000000000449]",clock_FXUTC_USNY_quote
2026-02,pca_2,g,3,143,-0.0972741140701946,"[0.9999999999998899, 2.9999999999996696, 3.9999999999995595, 6.000000000000449]",clock_FXUTC_USNY_quote
2026-02,pca_2,g,4,93,0.1831530216493036,"[0.9999999999998899, 2.9999999999996696, 3.9999999999995595, 6.000000000000449]",clock_FXUTC_USNY_quote
2026-02,conditional_linear,m,1,20,-0.0593113699762618,"[-4.816681003881798, 60.97947548905837, 126.75056035821159, 208.14874491444186]",clock_FXUTC_USNY_quote
2026-02,conditional_linear,m,2,50,-0.0950335987266738,"[-4.816681003881798, 60.97947548905837, 126.75056035821159, 208.14874491444186]",clock_FXUTC_USNY_quote
2026-02,conditional_linear,m,3,148,1.6785187106266888,"[-4.816681003881798, 60.97947548905837, 126.75056035821159, 208.14874491444186]",clock_FXUTC_USNY_quote
2026-02,conditional_linear,m,4,106,-1.81440275395686,"[-4.816681003881798, 60.97947548905837, 126.75056035821159, 208.14874491444186]",clock_FXUTC_USNY_quote
2026-02,conditional_linear,g,0,20,-2.316407964381996,"[0.9999999999998899, 2.9999999999996696, 3.9999999999995595, 6.000000000000449]",clock_FXUTC_USNY_quote
2026-02,conditional_linear,g,1,44,-1.5215262281483843,"[0.9999999999998899, 2.9999999999996696, 3.9999999999995595, 6.000000000000449]",clock_FXUTC_USNY_quote
2026-02,conditional_linear,g,2,24,1.5616223119599937,"[0.9999999999998899, 2.9999999999996696, 3.9999999999995595, 6.000000000000449]",clock_FXUTC_USNY_quote
2026-02,conditional_linear,g,3,143,0.4810101993384892,"[0.9999999999998899, 2.9999999999996696, 3.9999999999995595, 6.000000000000449]",clock_FXUTC_USNY_quote
2026-02,conditional_linear,g,4,93,0.6147106371095576,"[0.9999999999998899, 2.9999999999996696, 3.9999999999995595, 6.000000000000449]",clock_FXUTC_USNY_quote
2026-02,ae_relu_1,m,1,20,1.0463212931299912,"[-4.816681003881798, 60.97947548905837, 126.75056035821159, 208.14874491444186]",clock_FXUTC_USNY_quote
2026-02,ae_relu_1,m,2,50,0.3799147418043213,"[-4.816681003881798, 60.97947548905837, 126.75056035821159, 208.14874491444186]",clock_FXUTC_USNY_quote
2026-02,ae_relu_1,m,3,148,1.3650614860561328,"[-4.816681003881798, 60.97947548905837, 126.75056035821159, 208.14874491444186]",clock_FXUTC_USNY_quote
2026-02,ae_relu_1,m,4,106,-2.860348698350228,"[-4.816681003881798, 60.97947548905837, 126.75056035821159, 208.14874491444186]",clock_FXUTC_USNY_quote
2026-02,ae_relu_1,g,0,20,-1.9179020473875676,"[0.9999999999998899, 2.9999999999996696, 3.9999999999995595, 6.000000000000449]",clock_FXUTC_USNY_quote
2026-02,ae_relu_1,g,1,44,-1.0475301458850226,"[0.9999999999998899, 2.9999999999996696, 3.9999999999995595, 6.000000000000449]",clock_FXUTC_USNY_quote
2026-02,ae_relu_1,g,2,24,1.1139850135325335,"[0.9999999999998899, 2.9999999999996696, 3.9999999999995595, 6.000000000000449]",clock_FXUTC_USNY_quote
2026-02,ae_relu_1,g,3,143,-0.2618753508550159,"[0.9999999999998899, 2.9999999999996696, 3.9999999999995595, 6.000000000000449]",clock_FXUTC_USNY_quote
2026-02,ae_relu_1,g,4,93,0.3646903556793361,"[0.9999999999998899, 2.9999999999996696, 3.9999999999995595, 6.000000000000449]",clock_FXUTC_USNY_quote
2026-02,ae_relu_2,m,1,20,0.8948342011153729,"[-4.816681003881798, 60.97947548905837, 126.75056035821159, 208.14874491444186]",clock_FXUTC_USNY_quote
2026-02,ae_relu_2,m,2,50,-1.4026040836991265,"[-4.816681003881798, 60.97947548905837, 126.75056035821159, 208.14874491444186]",clock_FXUTC_USNY_quote
2026-02,ae_relu_2,m,3,148,-4.229940942428764,"[-4.816681003881798, 60.97947548905837, 126.75056035821159, 208.14874491444186]",clock_FXUTC_USNY_quote
2026-02,ae_relu_2,m,4,106,-9.466377671231552,"[-4.816681003881798, 60.97947548905837, 126.75056035821159, 208.14874491444186]",clock_FXUTC_USNY_quote
2026-02,ae_relu_2,g,0,20,-6.654866692755846,"[0.9999999999998899, 2.9999999999996696, 3.9999999999995595, 6.000000000000449]",clock_FXUTC_USNY_quote
2026-02,ae_relu_2,g,1,44,-5.634465728976899,"[0.9999999999998899, 2.9999999999996696, 3.9999999999995595, 6.000000000000449]",clock_FXUTC_USNY_quote
2026-02,ae_relu_2,g,2,24,-5.901932486728143,"[0.9999999999998899, 2.9999999999996696, 3.9999999999995595, 6.000000000000449]",clock_FXUTC_USNY_quote
2026-02,ae_relu_2,g,3,143,-6.407691940945382,"[0.9999999999998899, 2.9999999999996696, 3.9999999999995595, 6.000000000000449]",clock_FXUTC_USNY_quote
2026-02,ae_relu_2,g,4,93,-2.6101146196331757,"[0.9999999999998899, 2.9999999999996696, 3.9999999999995595, 6.000000000000449]",clock_FXUTC_USNY_quote
2026-02,ae_tanh_1,m,1,20,-3.939229891184573,"[-4.816681003881798, 60.97947548905837, 126.75056035821159, 208.14874491444186]",clock_FXUTC_USNY_quote
2026-02,ae_tanh_1,m,2,50,-2.06211665000618,"[-4.816681003881798, 60.97947548905837, 126.75056035821159, 208.14874491444186]",clock_FXUTC_USNY_quote
2026-02,ae_tanh_1,m,3,148,2.921730882306396,"[-4.816681003881798, 60.97947548905837, 126.75056035821159, 208.14874491444186]",clock_FXUTC_USNY_quote
2026-02,ae_tanh_1,m,4,106,3.1699733036439497,"[-4.816681003881798, 60.97947548905837, 126.75056035821159, 208.14874491444186]",clock_FXUTC_USNY_quote
2026-02,ae_tanh_1,g,0,20,-1.7549802829720142,"[0.9999999999998899, 2.9999999999996696, 3.9999999999995595, 6.000000000000449]",clock_FXUTC_USNY_quote
2026-02,ae_tanh_1,g,1,44,-1.2463845821314536,"[0.9999999999998899, 2.9999999999996696, 3.9999999999995595, 6.000000000000449]",clock_FXUTC_USNY_quote
2026-02,ae_tanh_1,g,2,24,4.288601301927631,"[0.9999999999998899, 2.9999999999996696, 3.9999999999995595, 6.000000000000449]",clock_FXUTC_USNY_quote
2026-02,ae_tanh_1,g,3,143,3.6899249349848655,"[0.9999999999998899, 2.9999999999996696, 3.9999999999995595, 6.000000000000449]",clock_FXUTC_USNY_quote
2026-02,ae_tanh_1,g,4,93,0.4935240942766682,"[0.9999999999998899, 2.9999999999996696, 3.9999999999995595, 6.000000000000449]",clock_FXUTC_USNY_quote
2026-02,ae_tanh_2,m,1,20,-0.8781572699578428,"[-4.816681003881798, 60.97947548905837, 126.75056035821159, 208.14874491444186]",clock_FXUTC_USNY_quote
2026-02,ae_tanh_2,m,2,50,-2.4647680966956766,"[-4.816681003881798, 60.97947548905837, 126.75056035821159, 208.14874491444186]",clock_FXUTC_USNY_quote
2026-02,ae_tanh_2,m,3,148,5.513870052079752,"[-4.816681003881798, 60.97947548905837, 126.75056035821159, 208.14874491444186]",clock_FXUTC_USNY_quote
2026-02,ae_tanh_2,m,4,106,8.413270848911308,"[-4.816681003881798, 60.97947548905837, 126.75056035821159, 208.14874491444186]",clock_FXUTC_USNY_quote
2026-02,ae_tanh_2,g,0,20,-2.593771525720008,"[0.9999999999998899, 2.9999999999996696, 3.9999999999995595, 6.000000000000449]",clock_FXUTC_USNY_quote
2026-02,ae_tanh_2,g,1,44,-1.045855982048134,"[0.9999999999998899, 2.9999999999996696, 3.9999999999995595, 6.000000000000449]",clock_FXUTC_USNY_quote
2026-02,ae_tanh_2,g,2,24,6.776834639091843,"[0.9999999999998899, 2.9999999999996696, 3.9999999999995595, 6.000000000000449]",clock_FXUTC_USNY_quote
2026-02,ae_tanh_2,g,3,143,7.323676682159519,"[0.9999999999998899, 2.9999999999996696, 3.9999999999995595, 6.000000000000449]",clock_FXUTC_USNY_quote
2026-02,ae_tanh_2,g,4,93,4.892701336515741,"[0.9999999999998899, 2.9999999999996696, 3.9999999999995595, 6.000000000000449]",clock_FXUTC_USNY_quote
2026-02,conditional_neural,m,1,20,-0.8950153298647179,"[-4.816681003881798, 60.97947548905837, 126.75056035821159, 208.14874491444186]",clock_FXUTC_USNY_quote
2026-02,conditional_neural,m,2,50,0.1810900654740181,"[-4.816681003881798, 60.97947548905837, 126.75056035821159, 208.14874491444186]",clock_FXUTC_USNY_quote
2026-02,conditional_neural,m,3,148,2.645895109401207,"[-4.816681003881798, 60.97947548905837, 126.75056035821159, 208.14874491444186]",clock_FXUTC_USNY_quote
2026-02,conditional_neural,m,4,106,-0.5483735822540787,"[-4.816681003881798, 60.97947548905837, 126.75056035821159, 208.14874491444186]",clock_FXUTC_USNY_quote
2026-02,conditional_neural,g,0,20,-1.8795926085357932,"[0.9999999999998899, 2.9999999999996696, 3.9999999999995595, 6.000000000000449]",clock_FXUTC_USNY_quote
2026-02,conditional_neural,g,1,44,-1.3753424477606406,"[0.9999999999998899, 2.9999999999996696, 3.9999999999995595, 6.000000000000449]",clock_FXUTC_USNY_quote
2026-02,conditional_neural,g,2,24,1.848539055235328,"[0.9999999999998899, 2.9999999999996696, 3.9999999999995595, 6.000000000000449]",clock_FXUTC_USNY_quote
2026-02,conditional_neural,g,3,143,1.7481724677788275,"[0.9999999999998899, 2.9999999999996696, 3.9999999999995595, 6.000000000000449]",clock_FXUTC_USNY_quote
2026-02,conditional_neural,g,4,93,1.3803483097098568,"[0.9999999999998899, 2.9999999999996696, 3.9999999999995595, 6.000000000000449]",clock_FXUTC_USNY_quote
2026-02,pca_selected,m,1,20,-1.2628214924092642,"[-4.816681003881798, 60.97947548905837, 126.75056035821159, 208.14874491444186]",clock_FXUTC_USNY_quote
2026-02,pca_selected,m,2,50,-0.0051938148482528,"[-4.816681003881798, 60.97947548905837, 126.75056035821159, 208.14874491444186]",clock_FXUTC_USNY_quote
2026-02,pca_selected,m,3,148,-0.6955079034066416,"[-4.816681003881798, 60.97947548905837, 126.75056035821159, 208.14874491444186]",clock_FXUTC_USNY_quote
2026-02,pca_selected,m,4,106,-0.59126267996155,"[-4.816681003881798, 60.97947548905837, 126.75056035821159, 208.14874491444186]",clock_FXUTC_USNY_quote
2026-02,pca_selected,g,0,20,-2.5715573090152306,"[0.9999999999998899, 2.9999999999996696, 3.9999999999995595, 6.000000000000449]",clock_FXUTC_USNY_quote
2026-02,pca_selected,g,1,44,-2.7237997581538487,"[0.9999999999998899, 2.9999999999996696, 3.9999999999995595, 6.000000000000449]",clock_FXUTC_USNY_quote
2026-02,pca_selected,g,2,24,-0.9570763138741092,"[0.9999999999998899, 2.9999999999996696, 3.9999999999995595, 6.000000000000449]",clock_FXUTC_USNY_quote
2026-02,pca_selected,g,3,143,-0.0972741140701946,"[0.9999999999998899, 2.9999999999996696, 3.9999999999995595, 6.000000000000449]",clock_FXUTC_USNY_quote
2026-02,pca_selected,g,4,93,0.1831530216493036,"[0.9999999999998899, 2.9999999999996696, 3.9999999999995595, 6.000000000000449]",clock_FXUTC_USNY_quote
2026-02,ae_selected,m,1,20,0.8948342011153729,"[-4.816681003881798, 60.97947548905837, 126.75056035821159, 208.14874491444186]",clock_FXUTC_USNY_quote
2026-02,ae_selected,m,2,50,-1.4026040836991265,"[-4.816681003881798, 60.97947548905837, 126.75056035821159, 208.14874491444186]",clock_FXUTC_USNY_quote
2026-02,ae_selected,m,3,148,-4.229940942428764,"[-4.816681003881798, 60.97947548905837, 126.75056035821159, 208.14874491444186]",clock_FXUTC_USNY_quote
2026-02,ae_selected,m,4,106,-9.466377671231552,"[-4.816681003881798, 60.97947548905837, 126.75056035821159, 208.14874491444186]",clock_FXUTC_USNY_quote
2026-02,ae_selected,g,0,20,-6.654866692755846,"[0.9999999999998899, 2.9999999999996696, 3.9999999999995595, 6.000000000000449]",clock_FXUTC_USNY_quote
2026-02,ae_selected,g,1,44,-5.634465728976899,"[0.9999999999998899, 2.9999999999996696, 3.9999999999995595, 6.000000000000449]",clock_FXUTC_USNY_quote
2026-02,ae_selected,g,2,24,-5.901932486728143,"[0.9999999999998899, 2.9999999999996696, 3.9999999999995595, 6.000000000000449]",clock_FXUTC_USNY_quote
2026-02,ae_selected,g,3,143,-6.407691940945382,"[0.9999999999998899, 2.9999999999996696, 3.9999999999995595, 6.000000000000449]",clock_FXUTC_USNY_quote
2026-02,ae_selected,g,4,93,-2.6101146196331757,"[0.9999999999998899, 2.9999999999996696, 3.9999999999995595, 6.000000000000449]",clock_FXUTC_USNY_quote
2026-02,ae_reconstruction_selected,m,1,20,0.8948342011153729,"[-4.816681003881798, 60.97947548905837, 126.75056035821159, 208.14874491444186]",clock_FXUTC_USNY_quote
2026-02,ae_reconstruction_selected,m,2,50,-1.4026040836991265,"[-4.816681003881798, 60.97947548905837, 126.75056035821159, 208.14874491444186]",clock_FXUTC_USNY_quote
2026-02,ae_reconstruction_selected,m,3,148,-4.229940942428764,"[-4.816681003881798, 60.97947548905837, 126.75056035821159, 208.14874491444186]",clock_FXUTC_USNY_quote
2026-02,ae_reconstruction_selected,m,4,106,-9.466377671231552,"[-4.816681003881798, 60.97947548905837, 126.75056035821159, 208.14874491444186]",clock_FXUTC_USNY_quote
2026-02,ae_reconstruction_selected,g,0,20,-6.654866692755846,"[0.9999999999998899, 2.9999999999996696, 3.9999999999995595, 6.000000000000449]",clock_FXUTC_USNY_quote
2026-02,ae_reconstruction_selected,g,1,44,-5.634465728976899,"[0.9999999999998899, 2.9999999999996696, 3.9999999999995595, 6.000000000000449]",clock_FXUTC_USNY_quote
2026-02,ae_reconstruction_selected,g,2,24,-5.901932486728143,"[0.9999999999998899, 2.9999999999996696, 3.9999999999995595, 6.000000000000449]",clock_FXUTC_USNY_quote
2026-02,ae_reconstruction_selected,g,3,143,-6.407691940945382,"[0.9999999999998899, 2.9999999999996696, 3.9999999999995595, 6.000000000000449]",clock_FXUTC_USNY_quote
2026-02,ae_reconstruction_selected,g,4,93,-2.6101146196331757,"[0.9999999999998899, 2.9999999999996696, 3.9999999999995595, 6.000000000000449]",clock_FXUTC_USNY_quote
2026-03,sequential_ols,m,0,228,-2.884016190381064,"[3.8010047987667184, 71.12713385870758, 139.75663359004056, 214.12742997857694]",clock_FXUTC_USNY_quote
2026-03,sequential_ols,m,1,9,-4.850620065357755,"[3.8010047987667184, 71.12713385870758, 139.75663359004056, 214.12742997857694]",clock_FXUTC_USNY_quote
2026-03,sequential_ols,g,0,80,-3.621408792081553,"[0.9999999999998899, 2.9999999999996696, 3.9999999999995595, 6.000000000000449]",clock_FXUTC_USNY_quote
2026-03,sequential_ols,g,1,138,-1.9968005034109624,"[0.9999999999998899, 2.9999999999996696, 3.9999999999995595, 6.000000000000449]",clock_FXUTC_USNY_quote
2026-03,sequential_ols,g,2,15,-10.654870387969568,"[0.9999999999998899, 2.9999999999996696, 3.9999999999995595, 6.000000000000449]",clock_FXUTC_USNY_quote
2026-03,sequential_ols,g,3,4,5.97073916541957,"[0.9999999999998899, 2.9999999999996696, 3.9999999999995595, 6.000000000000449]",clock_FXUTC_USNY_quote
2026-03,pca_1,m,0,228,-2.867233523923844,"[3.8010047987667184, 71.12713385870758, 139.75663359004056, 214.12742997857694]",clock_FXUTC_USNY_quote
2026-03,pca_1,m,1,9,-4.822069328688313,"[3.8010047987667184, 71.12713385870758, 139.75663359004056, 214.12742997857694]",clock_FXUTC_USNY_quote
2026-03,pca_1,g,0,80,-3.5889738253042696,"[0.9999999999998899, 2.9999999999996696, 3.9999999999995595, 6.000000000000449]",clock_FXUTC_USNY_quote
2026-03,pca_1,g,1,138,-1.989791337703697,"[0.9999999999998899, 2.9999999999996696, 3.9999999999995595, 6.000000000000449]",clock_FXUTC_USNY_quote
2026-03,pca_1,g,2,15,-10.586542453194587,"[0.9999999999998899, 2.9999999999996696, 3.9999999999995595, 6.000000000000449]",clock_FXUTC_USNY_quote
2026-03,pca_1,g,3,4,5.844845003134843,"[0.9999999999998899, 2.9999999999996696, 3.9999999999995595, 6.000000000000449]",clock_FXUTC_USNY_quote
2026-03,pca_2,m,0,228,-2.2090293852413576,"[3.8010047987667184, 71.12713385870758, 139.75663359004056, 214.12742997857694]",clock_FXUTC_USNY_quote
2026-03,pca_2,m,1,9,-3.3056160637534635,"[3.8010047987667184, 71.12713385870758, 139.75663359004056, 214.12742997857694]",clock_FXUTC_USNY_quote
2026-03,pca_2,g,0,80,-2.009155086716869,"[0.9999999999998899, 2.9999999999996696, 3.9999999999995595, 6.000000000000449]",clock_FXUTC_USNY_quote
2026-03,pca_2,g,1,138,-1.8815570617209905,"[0.9999999999998899, 2.9999999999996696, 3.9999999999995595, 6.000000000000449]",clock_FXUTC_USNY_quote
2026-03,pca_2,g,2,15,-7.105959805356227,"[0.9999999999998899, 2.9999999999996696, 3.9999999999995595, 6.000000000000449]",clock_FXUTC_USNY_quote
2026-03,pca_2,g,3,4,-1.608141468405261,"[0.9999999999998899, 2.9999999999996696, 3.9999999999995595, 6.000000000000449]",clock_FXUTC_USNY_quote
2026-03,conditional_linear,m,0,228,-5.052666288094258,"[3.8010047987667184, 71.12713385870758, 139.75663359004056, 214.12742997857694]",clock_FXUTC_USNY_quote
2026-03,conditional_linear,m,1,9,-5.186216562906117,"[3.8010047987667184, 71.12713385870758, 139.75663359004056, 214.12742997857694]",clock_FXUTC_USNY_quote
2026-03,conditional_linear,g,0,80,-5.715311217037147,"[0.9999999999998899, 2.9999999999996696, 3.9999999999995595, 6.000000000000449]",clock_FXUTC_USNY_quote
2026-03,conditional_linear,g,1,138,-4.206840497434608,"[0.9999999999998899, 2.9999999999996696, 3.9999999999995595, 6.000000000000449]",clock_FXUTC_USNY_quote
2026-03,conditional_linear,g,2,15,-11.638335298146693,"[0.9999999999998899, 2.9999999999996696, 3.9999999999995595, 6.000000000000449]",clock_FXUTC_USNY_quote
2026-03,conditional_linear,g,3,4,3.415013182375528,"[0.9999999999998899, 2.9999999999996696, 3.9999999999995595, 6.000000000000449]",clock_FXUTC_USNY_quote
2026-03,ae_relu_1,m,0,228,-2.819137862699212,"[3.8010047987667184, 71.12713385870758, 139.75663359004056, 214.12742997857694]",clock_FXUTC_USNY_quote
2026-03,ae_relu_1,m,1,9,-4.809779000817681,"[3.8010047987667184, 71.12713385870758, 139.75663359004056, 214.12742997857694]",clock_FXUTC_USNY_quote
2026-03,ae_relu_1,g,0,80,-3.5518190705875696,"[0.9999999999998899, 2.9999999999996696, 3.9999999999995595, 6.000000000000449]",clock_FXUTC_USNY_quote
2026-03,ae_relu_1,g,1,138,-1.9395939707537184,"[0.9999999999998899, 2.9999999999996696, 3.9999999999995595, 6.000000000000449]",clock_FXUTC_USNY_quote
2026-03,ae_relu_1,g,2,15,-10.527012618731693,"[0.9999999999998899, 2.9999999999996696, 3.9999999999995595, 6.000000000000449]",clock_FXUTC_USNY_quote
2026-03,ae_relu_1,g,3,4,5.915809797303719,"[0.9999999999998899, 2.9999999999996696, 3.9999999999995595, 6.000000000000449]",clock_FXUTC_USNY_quote
2026-03,ae_relu_2,m,0,228,-0.5316119289373766,"[3.8010047987667184, 71.12713385870758, 139.75663359004056, 214.12742997857694]",clock_FXUTC_USNY_quote
2026-03,ae_relu_2,m,1,9,-2.9148479662306013,"[3.8010047987667184, 71.12713385870758, 139.75663359004056, 214.12742997857694]",clock_FXUTC_USNY_quote
2026-03,ae_relu_2,g,0,80,-0.6679722606331705,"[0.9999999999998899, 2.9999999999996696, 3.9999999999995595, 6.000000000000449]",clock_FXUTC_USNY_quote
2026-03,ae_relu_2,g,1,138,-0.1198513213513227,"[0.9999999999998899, 2.9999999999996696, 3.9999999999995595, 6.000000000000449]",clock_FXUTC_USNY_quote
2026-03,ae_relu_2,g,2,15,-5.393885919578919,"[0.9999999999998899, 2.9999999999996696, 3.9999999999995595, 6.000000000000449]",clock_FXUTC_USNY_quote
2026-03,ae_relu_2,g,3,4,0.8611001242556604,"[0.9999999999998899, 2.9999999999996696, 3.9999999999995595, 6.000000000000449]",clock_FXUTC_USNY_quote
2026-03,ae_tanh_1,m,0,228,-3.420890967185565,"[3.8010047987667184, 71.12713385870758, 139.75663359004056, 214.12742997857694]",clock_FXUTC_USNY_quote
2026-03,ae_tanh_1,m,1,9,-9.761468517415835,"[3.8010047987667184, 71.12713385870758, 139.75663359004056, 214.12742997857694]",clock_FXUTC_USNY_quote
2026-03,ae_tanh_1,g,0,80,-5.532805091859244,"[0.9999999999998899, 2.9999999999996696, 3.9999999999995595, 6.000000000000449]",clock_FXUTC_USNY_quote
2026-03,ae_tanh_1,g,1,138,-1.950892635470928,"[0.9999999999998899, 2.9999999999996696, 3.9999999999995595, 6.000000000000449]",clock_FXUTC_USNY_quote
2026-03,ae_tanh_1,g,2,15,-12.020048051814866,"[0.9999999999998899, 2.9999999999996696, 3.9999999999995595, 6.000000000000449]",clock_FXUTC_USNY_quote
2026-03,ae_tanh_1,g,3,4,6.0829886614747934,"[0.9999999999998899, 2.9999999999996696, 3.9999999999995595, 6.000000000000449]",clock_FXUTC_USNY_quote
2026-03,ae_tanh_2,m,0,228,-0.3712730351519655,"[3.8010047987667184, 71.12713385870758, 139.75663359004056, 214.12742997857694]",clock_FXUTC_USNY_quote
2026-03,ae_tanh_2,m,1,9,-10.546242754966736,"[3.8010047987667184, 71.12713385870758, 139.75663359004056, 214.12742997857694]",clock_FXUTC_USNY_quote
2026-03,ae_tanh_2,g,0,80,-3.312434614312588,"[0.9999999999998899, 2.9999999999996696, 3.9999999999995595, 6.000000000000449]",clock_FXUTC_USNY_quote
2026-03,ae_tanh_2,g,1,138,1.379676008936793,"[0.9999999999998899, 2.9999999999996696, 3.9999999999995595, 6.000000000000449]",clock_FXUTC_USNY_quote
2026-03,ae_tanh_2,g,2,15,-9.2460095208832,"[0.9999999999998899, 2.9999999999996696, 3.9999999999995595, 6.000000000000449]",clock_FXUTC_USNY_quote
2026-03,ae_tanh_2,g,3,4,8.43079647890719,"[0.9999999999998899, 2.9999999999996696, 3.9999999999995595, 6.000000000000449]",clock_FXUTC_USNY_quote
2026-03,conditional_neural,m,0,228,-5.957130726864639,"[3.8010047987667184, 71.12713385870758, 139.75663359004056, 214.12742997857694]",clock_FXUTC_USNY_quote
2026-03,conditional_neural,m,1,9,-5.784343293801723,"[3.8010047987667184, 71.12713385870758, 139.75663359004056, 214.12742997857694]",clock_FXUTC_USNY_quote
2026-03,conditional_neural,g,0,80,-6.510760569800334,"[0.9999999999998899, 2.9999999999996696, 3.9999999999995595, 6.000000000000449]",clock_FXUTC_USNY_quote
2026-03,conditional_neural,g,1,138,-4.883173734630173,"[0.9999999999998899, 2.9999999999996696, 3.9999999999995595, 6.000000000000449]",clock_FXUTC_USNY_quote
2026-03,conditional_neural,g,2,15,-13.068617604871184,"[0.9999999999998899, 2.9999999999996696, 3.9999999999995595, 6.000000000000449]",clock_FXUTC_USNY_quote
2026-03,conditional_neural,g,3,4,-4.87920258332375,"[0.9999999999998899, 2.9999999999996696, 3.9999999999995595, 6.000000000000449]",clock_FXUTC_USNY_quote
2026-03,pca_selected,m,0,228,-2.2090293852413576,"[3.8010047987667184, 71.12713385870758, 139.75663359004056, 214.12742997857694]",clock_FXUTC_USNY_quote
2026-03,pca_selected,m,1,9,-3.3056160637534635,"[3.8010047987667184, 71.12713385870758, 139.75663359004056, 214.12742997857694]",clock_FXUTC_USNY_quote
2026-03,pca_selected,g,0,80,-2.009155086716869,"[0.9999999999998899, 2.9999999999996696, 3.9999999999995595, 6.000000000000449]",clock_FXUTC_USNY_quote
2026-03,pca_selected,g,1,138,-1.8815570617209905,"[0.9999999999998899, 2.9999999999996696, 3.9999999999995595, 6.000000000000449]",clock_FXUTC_USNY_quote
2026-03,pca_selected,g,2,15,-7.105959805356227,"[0.9999999999998899, 2.9999999999996696, 3.9999999999995595, 6.000000000000449]",clock_FXUTC_USNY_quote
2026-03,pca_selected,g,3,4,-1.608141468405261,"[0.9999999999998899, 2.9999999999996696, 3.9999999999995595, 6.000000000000449]",clock_FXUTC_USNY_quote
2026-03,ae_selected,m,0,228,-0.5316119289373766,"[3.8010047987667184, 71.12713385870758, 139.75663359004056, 214.12742997857694]",clock_FXUTC_USNY_quote
2026-03,ae_selected,m,1,9,-2.9148479662306013,"[3.8010047987667184, 71.12713385870758, 139.75663359004056, 214.12742997857694]",clock_FXUTC_USNY_quote
2026-03,ae_selected,g,0,80,-0.6679722606331705,"[0.9999999999998899, 2.9999999999996696, 3.9999999999995595, 6.000000000000449]",clock_FXUTC_USNY_quote
2026-03,ae_selected,g,1,138,-0.1198513213513227,"[0.9999999999998899, 2.9999999999996696, 3.9999999999995595, 6.000000000000449]",clock_FXUTC_USNY_quote
2026-03,ae_selected,g,2,15,-5.393885919578919,"[0.9999999999998899, 2.9999999999996696, 3.9999999999995595, 6.000000000000449]",clock_FXUTC_USNY_quote
2026-03,ae_selected,g,3,4,0.8611001242556604,"[0.9999999999998899, 2.9999999999996696, 3.9999999999995595, 6.000000000000449]",clock_FXUTC_USNY_quote
2026-03,ae_reconstruction_selected,m,0,228,-0.5316119289373766,"[3.8010047987667184, 71.12713385870758, 139.75663359004056, 214.12742997857694]",clock_FXUTC_USNY_quote
2026-03,ae_reconstruction_selected,m,1,9,-2.9148479662306013,"[3.8010047987667184, 71.12713385870758, 139.75663359004056, 214.12742997857694]",clock_FXUTC_USNY_quote
2026-03,ae_reconstruction_selected,g,0,80,-0.6679722606331705,"[0.9999999999998899, 2.9999999999996696, 3.9999999999995595, 6.000000000000449]",clock_FXUTC_USNY_quote
2026-03,ae_reconstruction_selected,g,1,138,-0.1198513213513227,"[0.9999999999998899, 2.9999999999996696, 3.9999999999995595, 6.000000000000449]",clock_FXUTC_USNY_quote
2026-03,ae_reconstruction_selected,g,2,15,-5.393885919578919,"[0.9999999999998899, 2.9999999999996696, 3.9999999999995595, 6.000000000000449]",clock_FXUTC_USNY_quote
2026-03,ae_reconstruction_selected,g,3,4,0.8611001242556604,"[0.9999999999998899, 2.9999999999996696, 3.9999999999995595, 6.000000000000449]",clock_FXUTC_USNY_quote
2025-08,sequential_ols,m,0,19,-0.0445627341672987,"[-138.18004116589591, -44.50852974744261, 63.64343980596025, 143.04746343627716]",clock_FXKST_USNY_quote
2025-08,sequential_ols,m,1,63,2.8509298204936857,"[-138.18004116589591, -44.50852974744261, 63.64343980596025, 143.04746343627716]",clock_FXKST_USNY_quote
2025-08,sequential_ols,m,2,192,0.6024511656401677,"[-138.18004116589591, -44.50852974744261, 63.64343980596025, 143.04746343627716]",clock_FXKST_USNY_quote
2025-08,sequential_ols,m,3,75,0.3615510219039911,"[-138.18004116589591, -44.50852974744261, 63.64343980596025, 143.04746343627716]",clock_FXKST_USNY_quote
2025-08,sequential_ols,m,4,8,-7.6945286013597745,"[-138.18004116589591, -44.50852974744261, 63.64343980596025, 143.04746343627716]",clock_FXKST_USNY_quote
2025-08,sequential_ols,g,0,160,1.506451283394472,"[1.9999999999997797, 2.9999999999996696, 3.9999999999995595, 6.000000000000449]",clock_FXKST_USNY_quote
2025-08,sequential_ols,g,1,86,1.0344285475311947,"[1.9999999999997797, 2.9999999999996696, 3.9999999999995595, 6.000000000000449]",clock_FXKST_USNY_quote
2025-08,sequential_ols,g,2,45,1.868962117244997,"[1.9999999999997797, 2.9999999999996696, 3.9999999999995595, 6.000000000000449]",clock_FXKST_USNY_quote
2025-08,sequential_ols,g,3,31,0.446363688882407,"[1.9999999999997797, 2.9999999999996696, 3.9999999999995595, 6.000000000000449]",clock_FXKST_USNY_quote
2025-08,sequential_ols,g,4,35,-4.798314905297744,"[1.9999999999997797, 2.9999999999996696, 3.9999999999995595, 6.000000000000449]",clock_FXKST_USNY_quote
2025-08,pca_1,m,0,19,-0.0414056147810936,"[-138.18004116589591, -44.50852974744261, 63.64343980596025, 143.04746343627716]",clock_FXKST_USNY_quote
2025-08,pca_1,m,1,63,2.8509551005304465,"[-138.18004116589591, -44.50852974744261, 63.64343980596025, 143.04746343627716]",clock_FXKST_USNY_quote
2025-08,pca_1,m,2,192,0.6026379643664557,"[-138.18004116589591, -44.50852974744261, 63.64343980596025, 143.04746343627716]",clock_FXKST_USNY_quote
2025-08,pca_1,m,3,75,0.3628539273228325,"[-138.18004116589591, -44.50852974744261, 63.64343980596025, 143.04746343627716]",clock_FXKST_USNY_quote
2025-08,pca_1,m,4,8,-7.687967776900127,"[-138.18004116589591, -44.50852974744261, 63.64343980596025, 143.04746343627716]",clock_FXKST_USNY_quote
2025-08,pca_1,g,0,160,1.506551731067328,"[1.9999999999997797, 2.9999999999996696, 3.9999999999995595, 6.000000000000449]",clock_FXKST_USNY_quote
2025-08,pca_1,g,1,86,1.0355014963749831,"[1.9999999999997797, 2.9999999999996696, 3.9999999999995595, 6.000000000000449]",clock_FXKST_USNY_quote
2025-08,pca_1,g,2,45,1.869115056785409,"[1.9999999999997797, 2.9999999999996696, 3.9999999999995595, 6.000000000000449]",clock_FXKST_USNY_quote
2025-08,pca_1,g,3,31,0.4459440147418996,"[1.9999999999997797, 2.9999999999996696, 3.9999999999995595, 6.000000000000449]",clock_FXKST_USNY_quote
2025-08,pca_1,g,4,35,-4.794159757897571,"[1.9999999999997797, 2.9999999999996696, 3.9999999999995595, 6.000000000000449]",clock_FXKST_USNY_quote
2025-08,pca_2,m,0,19,0.744669865931745,"[-138.18004116589591, -44.50852974744261, 63.64343980596025, 143.04746343627716]",clock_FXKST_USNY_quote
2025-08,pca_2,m,1,63,2.692666832097645,"[-138.18004116589591, -44.50852974744261, 63.64343980596025, 143.04746343627716]",clock_FXKST_USNY_quote
2025-08,pca_2,m,2,192,0.5650676250766878,"[-138.18004116589591, -44.50852974744261, 63.64343980596025, 143.04746343627716]",clock_FXKST_USNY_quote
2025-08,pca_2,m,3,75,1.0329775044532303,"[-138.18004116589591, -44.50852974744261, 63.64343980596025, 143.04746343627716]",clock_FXKST_USNY_quote
2025-08,pca_2,m,4,8,-3.824413911566271,"[-138.18004116589591, -44.50852974744261, 63.64343980596025, 143.04746343627716]",clock_FXKST_USNY_quote
2025-08,pca_2,g,0,160,1.922001793776408,"[1.9999999999997797, 2.9999999999996696, 3.9999999999995595, 6.000000000000449]",clock_FXKST_USNY_quote
2025-08,pca_2,g,1,86,1.0244266818826828,"[1.9999999999997797, 2.9999999999996696, 3.9999999999995595, 6.000000000000449]",clock_FXKST_USNY_quote
2025-08,pca_2,g,2,45,1.732975109556701,"[1.9999999999997797, 2.9999999999996696, 3.9999999999995595, 6.000000000000449]",clock_FXKST_USNY_quote
2025-08,pca_2,g,3,31,0.8797354809381072,"[1.9999999999997797, 2.9999999999996696, 3.9999999999995595, 6.000000000000449]",clock_FXKST_USNY_quote
2025-08,pca_2,g,4,35,-4.6205410872636525,"[1.9999999999997797, 2.9999999999996696, 3.9999999999995595, 6.000000000000449]",clock_FXKST_USNY_quote
2025-08,conditional_linear,m,0,19,0.776229401761574,"[-138.18004116589591, -44.50852974744261, 63.64343980596025, 143.04746343627716]",clock_FXKST_USNY_quote
2025-08,conditional_linear,m,1,63,3.209152919207206,"[-138.18004116589591, -44.50852974744261, 63.64343980596025, 143.04746343627716]",clock_FXKST_USNY_quote
2025-08,conditional_linear,m,2,192,0.5131785950348963,"[-138.18004116589591, -44.50852974744261, 63.64343980596025, 143.04746343627716]",clock_FXKST_USNY_quote
2025-08,conditional_linear,m,3,75,-0.1188448916957758,"[-138.18004116589591, -44.50852974744261, 63.64343980596025, 143.04746343627716]",clock_FXKST_USNY_quote
2025-08,conditional_linear,m,4,8,-9.108048318438636,"[-138.18004116589591, -44.50852974744261, 63.64343980596025, 143.04746343627716]",clock_FXKST_USNY_quote
2025-08,conditional_linear,g,0,160,1.3893993736654395,"[1.9999999999997797, 2.9999999999996696, 3.9999999999995595, 6.000000000000449]",clock_FXKST_USNY_quote
2025-08,conditional_linear,g,1,86,0.9214210531007472,"[1.9999999999997797, 2.9999999999996696, 3.9999999999995595, 6.000000000000449]",clock_FXKST_USNY_quote
2025-08,conditional_linear,g,2,45,1.8994154502031928,"[1.9999999999997797, 2.9999999999996696, 3.9999999999995595, 6.000000000000449]",clock_FXKST_USNY_quote
2025-08,conditional_linear,g,3,31,0.6341639199623819,"[1.9999999999997797, 2.9999999999996696, 3.9999999999995595, 6.000000000000449]",clock_FXKST_USNY_quote
2025-08,conditional_linear,g,4,35,-4.942895936159441,"[1.9999999999997797, 2.9999999999996696, 3.9999999999995595, 6.000000000000449]",clock_FXKST_USNY_quote
2025-08,ae_relu_1,m,0,19,-0.0413218938177746,"[-138.18004116589591, -44.50852974744261, 63.64343980596025, 143.04746343627716]",clock_FXKST_USNY_quote
2025-08,ae_relu_1,m,1,63,2.850922275692964,"[-138.18004116589591, -44.50852974744261, 63.64343980596025, 143.04746343627716]",clock_FXKST_USNY_quote
2025-08,ae_relu_1,m,2,192,0.602607111120748,"[-138.18004116589591, -44.50852974744261, 63.64343980596025, 143.04746343627716]",clock_FXKST_USNY_quote
2025-08,ae_relu_1,m,3,75,0.3629186675175586,"[-138.18004116589591, -44.50852974744261, 63.64343980596025, 143.04746343627716]",clock_FXKST_USNY_quote
2025-08,ae_relu_1,m,4,8,-7.687581151692427,"[-138.18004116589591, -44.50852974744261, 63.64343980596025, 143.04746343627716]",clock_FXKST_USNY_quote
2025-08,ae_relu_1,g,0,160,1.5065882822284469,"[1.9999999999997797, 2.9999999999996696, 3.9999999999995595, 6.000000000000449]",clock_FXKST_USNY_quote
2025-08,ae_relu_1,g,1,86,1.0354712366553918,"[1.9999999999997797, 2.9999999999996696, 3.9999999999995595, 6.000000000000449]",clock_FXKST_USNY_quote
2025-08,ae_relu_1,g,2,45,1.8690832941940865,"[1.9999999999997797, 2.9999999999996696, 3.9999999999995595, 6.000000000000449]",clock_FXKST_USNY_quote
2025-08,ae_relu_1,g,3,31,0.4459960186445096,"[1.9999999999997797, 2.9999999999996696, 3.9999999999995595, 6.000000000000449]",clock_FXKST_USNY_quote
2025-08,ae_relu_1,g,4,35,-4.794213507258537,"[1.9999999999997797, 2.9999999999996696, 3.9999999999995595, 6.000000000000449]",clock_FXKST_USNY_quote
2025-08,ae_relu_2,m,0,19,-0.0308022815525757,"[-138.18004116589591, -44.50852974744261, 63.64343980596025, 143.04746343627716]",clock_FXKST_USNY_quote
2025-08,ae_relu_2,m,1,63,2.8503254601828267,"[-138.18004116589591, -44.50852974744261, 63.64343980596025, 143.04746343627716]",clock_FXKST_USNY_quote
2025-08,ae_relu_2,m,2,192,0.5929139785583275,"[-138.18004116589591, -44.50852974744261, 63.64343980596025, 143.04746343627716]",clock_FXKST_USNY_quote
2025-08,ae_relu_2,m,3,75,0.3312191830956665,"[-138.18004116589591, -44.50852974744261, 63.64343980596025, 143.04746343627716]",clock_FXKST_USNY_quote
2025-08,ae_relu_2,m,4,8,-7.722114356229987,"[-138.18004116589591, -44.50852974744261, 63.64343980596025, 143.04746343627716]",clock_FXKST_USNY_quote
2025-08,ae_relu_2,g,0,160,1.4843119421117268,"[1.9999999999997797, 2.9999999999996696, 3.9999999999995595, 6.000000000000449]",clock_FXKST_USNY_quote
2025-08,ae_relu_2,g,1,86,1.020904367557783,"[1.9999999999997797, 2.9999999999996696, 3.9999999999995595, 6.000000000000449]",clock_FXKST_USNY_quote
2025-08,ae_relu_2,g,2,45,1.8636409467463289,"[1.9999999999997797, 2.9999999999996696, 3.9999999999995595, 6.000000000000449]",clock_FXKST_USNY_quote
2025-08,ae_relu_2,g,3,31,0.4561151909030725,"[1.9999999999997797, 2.9999999999996696, 3.9999999999995595, 6.000000000000449]",clock_FXKST_USNY_quote
2025-08,ae_relu_2,g,4,35,-4.782909470339214,"[1.9999999999997797, 2.9999999999996696, 3.9999999999995595, 6.000000000000449]",clock_FXKST_USNY_quote
2025-08,ae_tanh_1,m,0,19,0.0837091468763955,"[-138.18004116589591, -44.50852974744261, 63.64343980596025, 143.04746343627716]",clock_FXKST_USNY_quote
2025-08,ae_tanh_1,m,1,63,-1.312340769142486,"[-138.18004116589591, -44.50852974744261, 63.64343980596025, 143.04746343627716]",clock_FXKST_USNY_quote
2025-08,ae_tanh_1,m,2,192,0.6658768883052982,"[-138.18004116589591, -44.50852974744261, 63.64343980596025, 143.04746343627716]",clock_FXKST_USNY_quote
2025-08,ae_tanh_1,m,3,75,5.256968642596145,"[-138.18004116589591, -44.50852974744261, 63.64343980596025, 143.04746343627716]",clock_FXKST_USNY_quote
2025-08,ae_tanh_1,m,4,8,-3.414774609292884,"[-138.18004116589591, -44.50852974744261, 63.64343980596025, 143.04746343627716]",clock_FXKST_USNY_quote
2025-08,ae_tanh_1,g,0,160,2.999432738181219,"[1.9999999999997797, 2.9999999999996696, 3.9999999999995595, 6.000000000000449]",clock_FXKST_USNY_quote
2025-08,ae_tanh_1,g,1,86,1.540736802231892,"[1.9999999999997797, 2.9999999999996696, 3.9999999999995595, 6.000000000000449]",clock_FXKST_USNY_quote
2025-08,ae_tanh_1,g,2,45,1.4515409526633043,"[1.9999999999997797, 2.9999999999996696, 3.9999999999995595, 6.000000000000449]",clock_FXKST_USNY_quote
2025-08,ae_tanh_1,g,3,31,-1.215371428738832,"[1.9999999999997797, 2.9999999999996696, 3.9999999999995595, 6.000000000000449]",clock_FXKST_USNY_quote
2025-08,ae_tanh_1,g,4,35,-6.466846070577792,"[1.9999999999997797, 2.9999999999996696, 3.9999999999995595, 6.000000000000449]",clock_FXKST_USNY_quote
2025-08,ae_tanh_2,m,0,19,-0.4110966481088293,"[-138.18004116589591, -44.50852974744261, 63.64343980596025, 143.04746343627716]",clock_FXKST_USNY_quote
2025-08,ae_tanh_2,m,1,63,-1.9713626779780244,"[-138.18004116589591, -44.50852974744261, 63.64343980596025, 143.04746343627716]",clock_FXKST_USNY_quote
2025-08,ae_tanh_2,m,2,192,0.785127050138876,"[-138.18004116589591, -44.50852974744261, 63.64343980596025, 143.04746343627716]",clock_FXKST_USNY_quote
2025-08,ae_tanh_2,m,3,75,6.355765705200692,"[-138.18004116589591, -44.50852974744261, 63.64343980596025, 143.04746343627716]",clock_FXKST_USNY_quote
2025-08,ae_tanh_2,m,4,8,-2.6002971637890013,"[-138.18004116589591, -44.50852974744261, 63.64343980596025, 143.04746343627716]",clock_FXKST_USNY_quote
2025-08,ae_tanh_2,g,0,160,3.421408004747684,"[1.9999999999997797, 2.9999999999996696, 3.9999999999995595, 6.000000000000449]",clock_FXKST_USNY_quote
2025-08,ae_tanh_2,g,1,86,1.7693219775406577,"[1.9999999999997797, 2.9999999999996696, 3.9999999999995595, 6.000000000000449]",clock_FXKST_USNY_quote
2025-08,ae_tanh_2,g,2,45,1.3906411583988147,"[1.9999999999997797, 2.9999999999996696, 3.9999999999995595, 6.000000000000449]",clock_FXKST_USNY_quote
2025-08,ae_tanh_2,g,3,31,-1.6436517412585523,"[1.9999999999997797, 2.9999999999996696, 3.9999999999995595, 6.000000000000449]",clock_FXKST_USNY_quote
2025-08,ae_tanh_2,g,4,35,-6.759853137066763,"[1.9999999999997797, 2.9999999999996696, 3.9999999999995595, 6.000000000000449]",clock_FXKST_USNY_quote
2025-08,conditional_neural,m,0,19,0.7762286814873137,"[-138.18004116589591, -44.50852974744261, 63.64343980596025, 143.04746343627716]",clock_FXKST_USNY_quote
2025-08,conditional_neural,m,1,63,3.2091525281840974,"[-138.18004116589591, -44.50852974744261, 63.64343980596025, 143.04746343627716]",clock_FXKST_USNY_quote
2025-08,conditional_neural,m,2,192,0.5131783977590492,"[-138.18004116589591, -44.50852974744261, 63.64343980596025, 143.04746343627716]",clock_FXKST_USNY_quote
2025-08,conditional_neural,m,3,75,-0.1188458068611998,"[-138.18004116589591, -44.50852974744261, 63.64343980596025, 143.04746343627716]",clock_FXKST_USNY_quote
2025-08,conditional_neural,m,4,8,-9.1080441807966,"[-138.18004116589591, -44.50852974744261, 63.64343980596025, 143.04746343627716]",clock_FXKST_USNY_quote
2025-08,conditional_neural,g,0,160,1.3893979588240868,"[1.9999999999997797, 2.9999999999996696, 3.9999999999995595, 6.000000000000449]",clock_FXKST_USNY_quote
2025-08,conditional_neural,g,1,86,0.9214206200000884,"[1.9999999999997797, 2.9999999999996696, 3.9999999999995595, 6.000000000000449]",clock_FXKST_USNY_quote
2025-08,conditional_neural,g,2,45,1.8994156263104385,"[1.9999999999997797, 2.9999999999996696, 3.9999999999995595, 6.000000000000449]",clock_FXKST_USNY_quote
2025-08,conditional_neural,g,3,31,0.6341655096738914,"[1.9999999999997797, 2.9999999999996696, 3.9999999999995595, 6.000000000000449]",clock_FXKST_USNY_quote
2025-08,conditional_neural,g,4,35,-4.942893230945432,"[1.9999999999997797, 2.9999999999996696, 3.9999999999995595, 6.000000000000449]",clock_FXKST_USNY_quote
2025-08,pca_selected,m,0,19,-0.0414056147810936,"[-138.18004116589591, -44.50852974744261, 63.64343980596025, 143.04746343627716]",clock_FXKST_USNY_quote
2025-08,pca_selected,m,1,63,2.8509551005304465,"[-138.18004116589591, -44.50852974744261, 63.64343980596025, 143.04746343627716]",clock_FXKST_USNY_quote
2025-08,pca_selected,m,2,192,0.6026379643664557,"[-138.18004116589591, -44.50852974744261, 63.64343980596025, 143.04746343627716]",clock_FXKST_USNY_quote
2025-08,pca_selected,m,3,75,0.3628539273228325,"[-138.18004116589591, -44.50852974744261, 63.64343980596025, 143.04746343627716]",clock_FXKST_USNY_quote
2025-08,pca_selected,m,4,8,-7.687967776900127,"[-138.18004116589591, -44.50852974744261, 63.64343980596025, 143.04746343627716]",clock_FXKST_USNY_quote
2025-08,pca_selected,g,0,160,1.506551731067328,"[1.9999999999997797, 2.9999999999996696, 3.9999999999995595, 6.000000000000449]",clock_FXKST_USNY_quote
2025-08,pca_selected,g,1,86,1.0355014963749831,"[1.9999999999997797, 2.9999999999996696, 3.9999999999995595, 6.000000000000449]",clock_FXKST_USNY_quote
2025-08,pca_selected,g,2,45,1.869115056785409,"[1.9999999999997797, 2.9999999999996696, 3.9999999999995595, 6.000000000000449]",clock_FXKST_USNY_quote
2025-08,pca_selected,g,3,31,0.4459440147418996,"[1.9999999999997797, 2.9999999999996696, 3.9999999999995595, 6.000000000000449]",clock_FXKST_USNY_quote
2025-08,pca_selected,g,4,35,-4.794159757897571,"[1.9999999999997797, 2.9999999999996696, 3.9999999999995595, 6.000000000000449]",clock_FXKST_USNY_quote
2025-08,ae_selected,m,0,19,-0.0413218938177746,"[-138.18004116589591, -44.50852974744261, 63.64343980596025, 143.04746343627716]",clock_FXKST_USNY_quote
2025-08,ae_selected,m,1,63,2.850922275692964,"[-138.18004116589591, -44.50852974744261, 63.64343980596025, 143.04746343627716]",clock_FXKST_USNY_quote
2025-08,ae_selected,m,2,192,0.602607111120748,"[-138.18004116589591, -44.50852974744261, 63.64343980596025, 143.04746343627716]",clock_FXKST_USNY_quote
2025-08,ae_selected,m,3,75,0.3629186675175586,"[-138.18004116589591, -44.50852974744261, 63.64343980596025, 143.04746343627716]",clock_FXKST_USNY_quote
2025-08,ae_selected,m,4,8,-7.687581151692427,"[-138.18004116589591, -44.50852974744261, 63.64343980596025, 143.04746343627716]",clock_FXKST_USNY_quote
2025-08,ae_selected,g,0,160,1.5065882822284469,"[1.9999999999997797, 2.9999999999996696, 3.9999999999995595, 6.000000000000449]",clock_FXKST_USNY_quote
2025-08,ae_selected,g,1,86,1.0354712366553918,"[1.9999999999997797, 2.9999999999996696, 3.9999999999995595, 6.000000000000449]",clock_FXKST_USNY_quote
2025-08,ae_selected,g,2,45,1.8690832941940865,"[1.9999999999997797, 2.9999999999996696, 3.9999999999995595, 6.000000000000449]",clock_FXKST_USNY_quote
2025-08,ae_selected,g,3,31,0.4459960186445096,"[1.9999999999997797, 2.9999999999996696, 3.9999999999995595, 6.000000000000449]",clock_FXKST_USNY_quote
2025-08,ae_selected,g,4,35,-4.794213507258537,"[1.9999999999997797, 2.9999999999996696, 3.9999999999995595, 6.000000000000449]",clock_FXKST_USNY_quote
2025-08,ae_reconstruction_selected,m,0,19,0.1953248034900525,"[-138.18004116589591, -44.50852974744261, 63.64343980596025, 143.04746343627716]",clock_FXKST_USNY_quote
2025-08,ae_reconstruction_selected,m,1,63,2.791998940009184,"[-138.18004116589591, -44.50852974744261, 63.64343980596025, 143.04746343627716]",clock_FXKST_USNY_quote
2025-08,ae_reconstruction_selected,m,2,192,0.5242908593621153,"[-138.18004116589591, -44.50852974744261, 63.64343980596025, 143.04746343627716]",clock_FXKST_USNY_quote
2025-08,ae_reconstruction_selected,m,3,75,0.4672378255236802,"[-138.18004116589591, -44.50852974744261, 63.64343980596025, 143.04746343627716]",clock_FXKST_USNY_quote
2025-08,ae_reconstruction_selected,m,4,8,-7.184966972398989,"[-138.18004116589591, -44.50852974744261, 63.64343980596025, 143.04746343627716]",clock_FXKST_USNY_quote
2025-08,ae_reconstruction_selected,g,0,160,1.5111838058778315,"[1.9999999999997797, 2.9999999999996696, 3.9999999999995595, 6.000000000000449]",clock_FXKST_USNY_quote
2025-08,ae_reconstruction_selected,g,1,86,1.013220709831796,"[1.9999999999997797, 2.9999999999996696, 3.9999999999995595, 6.000000000000449]",clock_FXKST_USNY_quote
2025-08,ae_reconstruction_selected,g,2,45,1.8178557175712733,"[1.9999999999997797, 2.9999999999996696, 3.9999999999995595, 6.000000000000449]",clock_FXKST_USNY_quote
2025-08,ae_reconstruction_selected,g,3,31,0.4481103224986728,"[1.9999999999997797, 2.9999999999996696, 3.9999999999995595, 6.000000000000449]",clock_FXKST_USNY_quote
2025-08,ae_reconstruction_selected,g,4,35,-4.765350475847254,"[1.9999999999997797, 2.9999999999996696, 3.9999999999995595, 6.000000000000449]",clock_FXKST_USNY_quote
2025-09,sequential_ols,m,1,42,1.598957328185589,"[-118.74153376864541, -25.4449951822861, 43.3533108327671, 115.31128649898429]",clock_FXKST_USNY_quote
2025-09,sequential_ols,m,2,123,0.9973797900677844,"[-118.74153376864541, -25.4449951822861, 43.3533108327671, 115.31128649898429]",clock_FXKST_USNY_quote
2025-09,sequential_ols,m,3,104,-0.3617370632089845,"[-118.74153376864541, -25.4449951822861, 43.3533108327671, 115.31128649898429]",clock_FXKST_USNY_quote
2025-09,sequential_ols,m,4,105,-0.142338024774637,"[-118.74153376864541, -25.4449951822861, 43.3533108327671, 115.31128649898429]",clock_FXKST_USNY_quote
2025-09,sequential_ols,g,0,7,2.8371611680342568,"[0.9999999999998899, 1.9999999999997797, 3.9999999999995595, 4.999999999999449]",clock_FXKST_USNY_quote
2025-09,sequential_ols,g,1,53,1.4746359230260293,"[0.9999999999998899, 1.9999999999997797, 3.9999999999995595, 4.999999999999449]",clock_FXKST_USNY_quote
2025-09,sequential_ols,g,2,80,-0.230598297015919,"[0.9999999999998899, 1.9999999999997797, 3.9999999999995595, 4.999999999999449]",clock_FXKST_USNY_quote
2025-09,sequential_ols,g,3,64,1.226730152947923,"[0.9999999999998899, 1.9999999999997797, 3.9999999999995595, 4.999999999999449]",clock_FXKST_USNY_quote
2025-09,sequential_ols,g,4,170,-0.1224171960997173,"[0.9999999999998899, 1.9999999999997797, 3.9999999999995595, 4.999999999999449]",clock_FXKST_USNY_quote
2025-09,pca_1,m,1,42,1.5950854816266131,"[-118.74153376864541, -25.4449951822861, 43.3533108327671, 115.31128649898429]",clock_FXKST_USNY_quote
2025-09,pca_1,m,2,123,0.996778397411252,"[-118.74153376864541, -25.4449951822861, 43.3533108327671, 115.31128649898429]",clock_FXKST_USNY_quote
2025-09,pca_1,m,3,104,-0.3583386300731701,"[-118.74153376864541, -25.4449951822861, 43.3533108327671, 115.31128649898429]",clock_FXKST_USNY_quote
2025-09,pca_1,m,4,105,-0.1448063629091882,"[-118.74153376864541, -25.4449951822861, 43.3533108327671, 115.31128649898429]",clock_FXKST_USNY_quote
2025-09,pca_1,g,0,7,2.830348090474432,"[0.9999999999998899, 1.9999999999997797, 3.9999999999995595, 4.999999999999449]",clock_FXKST_USNY_quote
2025-09,pca_1,g,1,53,1.471797810088482,"[0.9999999999998899, 1.9999999999997797, 3.9999999999995595, 4.999999999999449]",clock_FXKST_USNY_quote
2025-09,pca_1,g,2,80,-0.230530195431568,"[0.9999999999998899, 1.9999999999997797, 3.9999999999995595, 4.999999999999449]",clock_FXKST_USNY_quote
2025-09,pca_1,g,3,64,1.2216129843929036,"[0.9999999999998899, 1.9999999999997797, 3.9999999999995595, 4.999999999999449]",clock_FXKST_USNY_quote
2025-09,pca_1,g,4,170,-0.12019463798708,"[0.9999999999998899, 1.9999999999997797, 3.9999999999995595, 4.999999999999449]",clock_FXKST_USNY_quote
2025-09,pca_2,m,1,42,0.9348977046687368,"[-118.74153376864541, -25.4449951822861, 43.3533108327671, 115.31128649898429]",clock_FXKST_USNY_quote
2025-09,pca_2,m,2,123,0.8572692822502451,"[-118.74153376864541, -25.4449951822861, 43.3533108327671, 115.31128649898429]",clock_FXKST_USNY_quote
2025-09,pca_2,m,3,104,0.0214879526222637,"[-118.74153376864541, -25.4449951822861, 43.3533108327671, 115.31128649898429]",clock_FXKST_USNY_quote
2025-09,pca_2,m,4,105,0.1389767574262463,"[-118.74153376864541, -25.4449951822861, 43.3533108327671, 115.31128649898429]",clock_FXKST_USNY_quote
2025-09,pca_2,g,0,7,1.5905944003492134,"[0.9999999999998899, 1.9999999999997797, 3.9999999999995595, 4.999999999999449]",clock_FXKST_USNY_quote
2025-09,pca_2,g,1,53,0.9875423251225782,"[0.9999999999998899, 1.9999999999997797, 3.9999999999995595, 4.999999999999449]",clock_FXKST_USNY_quote
2025-09,pca_2,g,2,80,-0.2105029895358422,"[0.9999999999998899, 1.9999999999997797, 3.9999999999995595, 4.999999999999449]",clock_FXKST_USNY_quote
2025-09,pca_2,g,3,64,0.99109038630472,"[0.9999999999998899, 1.9999999999997797, 3.9999999999995595, 4.999999999999449]",clock_FXKST_USNY_quote
2025-09,pca_2,g,4,170,0.3027863665927207,"[0.9999999999998899, 1.9999999999997797, 3.9999999999995595, 4.999999999999449]",clock_FXKST_USNY_quote
2025-09,conditional_linear,m,1,42,1.5851551112586888,"[-118.74153376864541, -25.4449951822861, 43.3533108327671, 115.31128649898429]",clock_FXKST_USNY_quote
2025-09,conditional_linear,m,2,123,1.0092233338137395,"[-118.74153376864541, -25.4449951822861, 43.3533108327671, 115.31128649898429]",clock_FXKST_USNY_quote
2025-09,conditional_linear,m,3,104,-0.3139728117284233,"[-118.74153376864541, -25.4449951822861, 43.3533108327671, 115.31128649898429]",clock_FXKST_USNY_quote
2025-09,conditional_linear,m,4,105,0.0084352675989312,"[-118.74153376864541, -25.4449951822861, 43.3533108327671, 115.31128649898429]",clock_FXKST_USNY_quote
2025-09,conditional_linear,g,0,7,2.838825707740974,"[0.9999999999998899, 1.9999999999997797, 3.9999999999995595, 4.999999999999449]",clock_FXKST_USNY_quote
2025-09,conditional_linear,g,1,53,1.482623256197914,"[0.9999999999998899, 1.9999999999997797, 3.9999999999995595, 4.999999999999449]",clock_FXKST_USNY_quote
2025-09,conditional_linear,g,2,80,-0.1976646088564387,"[0.9999999999998899, 1.9999999999997797, 3.9999999999995595, 4.999999999999449]",clock_FXKST_USNY_quote
2025-09,conditional_linear,g,3,64,1.2792682213498758,"[0.9999999999998899, 1.9999999999997797, 3.9999999999995595, 4.999999999999449]",clock_FXKST_USNY_quote
2025-09,conditional_linear,g,4,170,-0.0327487916498029,"[0.9999999999998899, 1.9999999999997797, 3.9999999999995595, 4.999999999999449]",clock_FXKST_USNY_quote
2025-09,ae_relu_1,m,1,42,1.5955405775063256,"[-118.74153376864541, -25.4449951822861, 43.3533108327671, 115.31128649898429]",clock_FXKST_USNY_quote
2025-09,ae_relu_1,m,2,123,0.996890807294404,"[-118.74153376864541, -25.4449951822861, 43.3533108327671, 115.31128649898429]",clock_FXKST_USNY_quote
2025-09,ae_relu_1,m,3,104,-0.3583260966141836,"[-118.74153376864541, -25.4449951822861, 43.3533108327671, 115.31128649898429]",clock_FXKST_USNY_quote
2025-09,ae_relu_1,m,4,105,-0.133379598695726,"[-118.74153376864541, -25.4449951822861, 43.3533108327671, 115.31128649898429]",clock_FXKST_USNY_quote
2025-09,ae_relu_1,g,0,7,2.8301393808734256,"[0.9999999999998899, 1.9999999999997797, 3.9999999999995595, 4.999999999999449]",clock_FXKST_USNY_quote
2025-09,ae_relu_1,g,1,53,1.4716502178943036,"[0.9999999999998899, 1.9999999999997797, 3.9999999999995595, 4.999999999999449]",clock_FXKST_USNY_quote
2025-09,ae_relu_1,g,2,80,-0.2305232126835614,"[0.9999999999998899, 1.9999999999997797, 3.9999999999995595, 4.999999999999449]",clock_FXKST_USNY_quote
2025-09,ae_relu_1,g,3,64,1.221776914616029,"[0.9999999999998899, 1.9999999999997797, 3.9999999999995595, 4.999999999999449]",clock_FXKST_USNY_quote
2025-09,ae_relu_1,g,4,170,-0.1129458887864821,"[0.9999999999998899, 1.9999999999997797, 3.9999999999995595, 4.999999999999449]",clock_FXKST_USNY_quote
2025-09,ae_relu_2,m,1,42,1.1631971613366097,"[-118.74153376864541, -25.4449951822861, 43.3533108327671, 115.31128649898429]",clock_FXKST_USNY_quote
2025-09,ae_relu_2,m,2,123,0.8974893804325745,"[-118.74153376864541, -25.4449951822861, 43.3533108327671, 115.31128649898429]",clock_FXKST_USNY_quote
2025-09,ae_relu_2,m,3,104,-0.1165243076934651,"[-118.74153376864541, -25.4449951822861, 43.3533108327671, 115.31128649898429]",clock_FXKST_USNY_quote
2025-09,ae_relu_2,m,4,105,0.0293528211399777,"[-118.74153376864541, -25.4449951822861, 43.3533108327671, 115.31128649898429]",clock_FXKST_USNY_quote
2025-09,ae_relu_2,g,0,7,1.9575795177790012,"[0.9999999999998899, 1.9999999999997797, 3.9999999999995595, 4.999999999999449]",clock_FXKST_USNY_quote
2025-09,ae_relu_2,g,1,53,1.1291375164658115,"[0.9999999999998899, 1.9999999999997797, 3.9999999999995595, 4.999999999999449]",clock_FXKST_USNY_quote
2025-09,ae_relu_2,g,2,80,-0.2369146365691823,"[0.9999999999998899, 1.9999999999997797, 3.9999999999995595, 4.999999999999449]",clock_FXKST_USNY_quote
2025-09,ae_relu_2,g,3,64,1.046971774270392,"[0.9999999999998899, 1.9999999999997797, 3.9999999999995595, 4.999999999999449]",clock_FXKST_USNY_quote
2025-09,ae_relu_2,g,4,170,0.1682860303765296,"[0.9999999999998899, 1.9999999999997797, 3.9999999999995595, 4.999999999999449]",clock_FXKST_USNY_quote
2025-09,ae_tanh_1,m,1,42,-2.3859730691982697,"[-118.74153376864541, -25.4449951822861, 43.3533108327671, 115.31128649898429]",clock_FXKST_USNY_quote
2025-09,ae_tanh_1,m,2,123,0.6451891393182126,"[-118.74153376864541, -25.4449951822861, 43.3533108327671, 115.31128649898429]",clock_FXKST_USNY_quote
2025-09,ae_tanh_1,m,3,104,2.6467885266038707,"[-118.74153376864541, -25.4449951822861, 43.3533108327671, 115.31128649898429]",clock_FXKST_USNY_quote
2025-09,ae_tanh_1,m,4,105,-2.2089284642190328,"[-118.74153376864541, -25.4449951822861, 43.3533108327671, 115.31128649898429]",clock_FXKST_USNY_quote
2025-09,ae_tanh_1,g,0,7,4.488425139894566,"[0.9999999999998899, 1.9999999999997797, 3.9999999999995595, 4.999999999999449]",clock_FXKST_USNY_quote
2025-09,ae_tanh_1,g,1,53,2.4497443789424707,"[0.9999999999998899, 1.9999999999997797, 3.9999999999995595, 4.999999999999449]",clock_FXKST_USNY_quote
2025-09,ae_tanh_1,g,2,80,0.6009782960867787,"[0.9999999999998899, 1.9999999999997797, 3.9999999999995595, 4.999999999999449]",clock_FXKST_USNY_quote
2025-09,ae_tanh_1,g,3,64,1.1538500649268115,"[0.9999999999998899, 1.9999999999997797, 3.9999999999995595, 4.999999999999449]",clock_FXKST_USNY_quote
2025-09,ae_tanh_1,g,4,170,-1.5335540155991425,"[0.9999999999998899, 1.9999999999997797, 3.9999999999995595, 4.999999999999449]",clock_FXKST_USNY_quote
2025-09,ae_tanh_2,m,1,42,-3.0449123119530155,"[-118.74153376864541, -25.4449951822861, 43.3533108327671, 115.31128649898429]",clock_FXKST_USNY_quote
2025-09,ae_tanh_2,m,2,123,0.842141585909689,"[-118.74153376864541, -25.4449951822861, 43.3533108327671, 115.31128649898429]",clock_FXKST_USNY_quote
2025-09,ae_tanh_2,m,3,104,3.3229447407683708,"[-118.74153376864541, -25.4449951822861, 43.3533108327671, 115.31128649898429]",clock_FXKST_USNY_quote
2025-09,ae_tanh_2,m,4,105,-3.0967231726684865,"[-118.74153376864541, -25.4449951822861, 43.3533108327671, 115.31128649898429]",clock_FXKST_USNY_quote
2025-09,ae_tanh_2,g,0,7,5.035221127321159,"[0.9999999999998899, 1.9999999999997797, 3.9999999999995595, 4.999999999999449]",clock_FXKST_USNY_quote
2025-09,ae_tanh_2,g,1,53,2.8376256666053563,"[0.9999999999998899, 1.9999999999997797, 3.9999999999995595, 4.999999999999449]",clock_FXKST_USNY_quote
2025-09,ae_tanh_2,g,2,80,0.923252141469528,"[0.9999999999998899, 1.9999999999997797, 3.9999999999995595, 4.999999999999449]",clock_FXKST_USNY_quote
2025-09,ae_tanh_2,g,3,64,1.2438075336520915,"[0.9999999999998899, 1.9999999999997797, 3.9999999999995595, 4.999999999999449]",clock_FXKST_USNY_quote
2025-09,ae_tanh_2,g,4,170,-2.0175126106943746,"[0.9999999999998899, 1.9999999999997797, 3.9999999999995595, 4.999999999999449]",clock_FXKST_USNY_quote
2025-09,conditional_neural,m,1,42,1.5851570865170057,"[-118.74153376864541, -25.4449951822861, 43.3533108327671, 115.31128649898429]",clock_FXKST_USNY_quote
2025-09,conditional_neural,m,2,123,1.0092229732952498,"[-118.74153376864541, -25.4449951822861, 43.3533108327671, 115.31128649898429]",clock_FXKST_USNY_quote
2025-09,conditional_neural,m,3,104,-0.3139749915749646,"[-118.74153376864541, -25.4449951822861, 43.3533108327671, 115.31128649898429]",clock_FXKST_USNY_quote
2025-09,conditional_neural,m,4,105,0.008429409774812,"[-118.74153376864541, -25.4449951822861, 43.3533108327671, 115.31128649898429]",clock_FXKST_USNY_quote
2025-09,conditional_neural,g,0,7,2.8388239176112973,"[0.9999999999998899, 1.9999999999997797, 3.9999999999995595, 4.999999999999449]",clock_FXKST_USNY_quote
2025-09,conditional_neural,g,1,53,1.482621913952837,"[0.9999999999998899, 1.9999999999997797, 3.9999999999995595, 4.999999999999449]",clock_FXKST_USNY_quote
2025-09,conditional_neural,g,2,80,-0.1976659977353031,"[0.9999999999998899, 1.9999999999997797, 3.9999999999995595, 4.999999999999449]",clock_FXKST_USNY_quote
2025-09,conditional_neural,g,3,64,1.279266228052255,"[0.9999999999998899, 1.9999999999997797, 3.9999999999995595, 4.999999999999449]",clock_FXKST_USNY_quote
2025-09,conditional_neural,g,4,170,-0.0327516199277095,"[0.9999999999998899, 1.9999999999997797, 3.9999999999995595, 4.999999999999449]",clock_FXKST_USNY_quote
2025-09,pca_selected,m,1,42,0.9348977046687368,"[-118.74153376864541, -25.4449951822861, 43.3533108327671, 115.31128649898429]",clock_FXKST_USNY_quote
2025-09,pca_selected,m,2,123,0.8572692822502451,"[-118.74153376864541, -25.4449951822861, 43.3533108327671, 115.31128649898429]",clock_FXKST_USNY_quote
2025-09,pca_selected,m,3,104,0.0214879526222637,"[-118.74153376864541, -25.4449951822861, 43.3533108327671, 115.31128649898429]",clock_FXKST_USNY_quote
2025-09,pca_selected,m,4,105,0.1389767574262463,"[-118.74153376864541, -25.4449951822861, 43.3533108327671, 115.31128649898429]",clock_FXKST_USNY_quote
2025-09,pca_selected,g,0,7,1.5905944003492134,"[0.9999999999998899, 1.9999999999997797, 3.9999999999995595, 4.999999999999449]",clock_FXKST_USNY_quote
2025-09,pca_selected,g,1,53,0.9875423251225782,"[0.9999999999998899, 1.9999999999997797, 3.9999999999995595, 4.999999999999449]",clock_FXKST_USNY_quote
2025-09,pca_selected,g,2,80,-0.2105029895358422,"[0.9999999999998899, 1.9999999999997797, 3.9999999999995595, 4.999999999999449]",clock_FXKST_USNY_quote
2025-09,pca_selected,g,3,64,0.99109038630472,"[0.9999999999998899, 1.9999999999997797, 3.9999999999995595, 4.999999999999449]",clock_FXKST_USNY_quote
2025-09,pca_selected,g,4,170,0.3027863665927207,"[0.9999999999998899, 1.9999999999997797, 3.9999999999995595, 4.999999999999449]",clock_FXKST_USNY_quote
2025-09,ae_selected,m,1,42,1.5955405775063256,"[-118.74153376864541, -25.4449951822861, 43.3533108327671, 115.31128649898429]",clock_FXKST_USNY_quote
2025-09,ae_selected,m,2,123,0.996890807294404,"[-118.74153376864541, -25.4449951822861, 43.3533108327671, 115.31128649898429]",clock_FXKST_USNY_quote
2025-09,ae_selected,m,3,104,-0.3583260966141836,"[-118.74153376864541, -25.4449951822861, 43.3533108327671, 115.31128649898429]",clock_FXKST_USNY_quote
2025-09,ae_selected,m,4,105,-0.133379598695726,"[-118.74153376864541, -25.4449951822861, 43.3533108327671, 115.31128649898429]",clock_FXKST_USNY_quote
2025-09,ae_selected,g,0,7,2.8301393808734256,"[0.9999999999998899, 1.9999999999997797, 3.9999999999995595, 4.999999999999449]",clock_FXKST_USNY_quote
2025-09,ae_selected,g,1,53,1.4716502178943036,"[0.9999999999998899, 1.9999999999997797, 3.9999999999995595, 4.999999999999449]",clock_FXKST_USNY_quote
2025-09,ae_selected,g,2,80,-0.2305232126835614,"[0.9999999999998899, 1.9999999999997797, 3.9999999999995595, 4.999999999999449]",clock_FXKST_USNY_quote
2025-09,ae_selected,g,3,64,1.221776914616029,"[0.9999999999998899, 1.9999999999997797, 3.9999999999995595, 4.999999999999449]",clock_FXKST_USNY_quote
2025-09,ae_selected,g,4,170,-0.1129458887864821,"[0.9999999999998899, 1.9999999999997797, 3.9999999999995595, 4.999999999999449]",clock_FXKST_USNY_quote
2025-09,ae_reconstruction_selected,m,1,42,1.2622655919675865,"[-118.74153376864541, -25.4449951822861, 43.3533108327671, 115.31128649898429]",clock_FXKST_USNY_quote
2025-09,ae_reconstruction_selected,m,2,123,0.9930900674379036,"[-118.74153376864541, -25.4449951822861, 43.3533108327671, 115.31128649898429]",clock_FXKST_USNY_quote
2025-09,ae_reconstruction_selected,m,3,104,-0.1363014723822808,"[-118.74153376864541, -25.4449951822861, 43.3533108327671, 115.31128649898429]",clock_FXKST_USNY_quote
2025-09,ae_reconstruction_selected,m,4,105,-113981.06941582884,"[-118.74153376864541, -25.4449951822861, 43.3533108327671, 115.31128649898429]",clock_FXKST_USNY_quote
2025-09,ae_reconstruction_selected,g,0,7,2.6183151409546506,"[0.9999999999998899, 1.9999999999997797, 3.9999999999995595, 4.999999999999449]",clock_FXKST_USNY_quote
2025-09,ae_reconstruction_selected,g,1,53,1.4081937687587365,"[0.9999999999998899, 1.9999999999997797, 3.9999999999995595, 4.999999999999449]",clock_FXKST_USNY_quote
2025-09,ae_reconstruction_selected,g,2,80,-0.1628559352238348,"[0.9999999999998899, 1.9999999999997797, 3.9999999999995595, 4.999999999999449]",clock_FXKST_USNY_quote
2025-09,ae_reconstruction_selected,g,3,64,1.1180366829545625,"[0.9999999999998899, 1.9999999999997797, 3.9999999999995595, 4.999999999999449]",clock_FXKST_USNY_quote
2025-09,ae_reconstruction_selected,g,4,170,-70400.016394886,"[0.9999999999998899, 1.9999999999997797, 3.9999999999995595, 4.999999999999449]",clock_FXKST_USNY_quote
2025-10,sequential_ols,m,2,14,2.301660744861055,"[-83.80988082489841, 0.04120067530053134, 55.94265354123705, 123.04054218237229]",clock_FXKST_USNY_quote
2025-10,sequential_ols,m,3,46,0.9980148183476868,"[-83.80988082489841, 0.04120067530053134, 55.94265354123705, 123.04054218237229]",clock_FXKST_USNY_quote
2025-10,sequential_ols,m,4,318,4.190112658801007,"[-83.80988082489841, 0.04120067530053134, 55.94265354123705, 123.04054218237229]",clock_FXKST_USNY_quote
2025-10,sequential_ols,g,0,8,4.681881886933759,"[0.9999999999998899, 2.9999999999996696, 3.9999999999995595, 4.999999999999449]",clock_FXKST_USNY_quote
2025-10,sequential_ols,g,1,76,3.567039189745296,"[0.9999999999998899, 2.9999999999996696, 3.9999999999995595, 4.999999999999449]",clock_FXKST_USNY_quote
2025-10,sequential_ols,g,2,36,4.458722554053349,"[0.9999999999998899, 2.9999999999996696, 3.9999999999995595, 4.999999999999449]",clock_FXKST_USNY_quote
2025-10,sequential_ols,g,3,56,3.870674668238275,"[0.9999999999998899, 2.9999999999996696, 3.9999999999995595, 4.999999999999449]",clock_FXKST_USNY_quote
2025-10,sequential_ols,g,4,202,3.5879501519177817,"[0.9999999999998899, 2.9999999999996696, 3.9999999999995595, 4.999999999999449]",clock_FXKST_USNY_quote
2025-10,pca_1,m,2,14,2.296339599685876,"[-83.80988082489841, 0.04120067530053134, 55.94265354123705, 123.04054218237229]",clock_FXKST_USNY_quote
2025-10,pca_1,m,3,46,0.9938825454118622,"[-83.80988082489841, 0.04120067530053134, 55.94265354123705, 123.04054218237229]",clock_FXKST_USNY_quote
2025-10,pca_1,m,4,318,4.182224572419479,"[-83.80988082489841, 0.04120067530053134, 55.94265354123705, 123.04054218237229]",clock_FXKST_USNY_quote
2025-10,pca_1,g,0,8,4.692609912858394,"[0.9999999999998899, 2.9999999999996696, 3.9999999999995595, 4.999999999999449]",clock_FXKST_USNY_quote
2025-10,pca_1,g,1,76,3.562849989710549,"[0.9999999999998899, 2.9999999999996696, 3.9999999999995595, 4.999999999999449]",clock_FXKST_USNY_quote
2025-10,pca_1,g,2,36,4.444234169951471,"[0.9999999999998899, 2.9999999999996696, 3.9999999999995595, 4.999999999999449]",clock_FXKST_USNY_quote
2025-10,pca_1,g,3,56,3.8613959687493145,"[0.9999999999998899, 2.9999999999996696, 3.9999999999995595, 4.999999999999449]",clock_FXKST_USNY_quote
2025-10,pca_1,g,4,202,3.58052813180623,"[0.9999999999998899, 2.9999999999996696, 3.9999999999995595, 4.999999999999449]",clock_FXKST_USNY_quote
2025-10,pca_2,m,2,14,1.7538188144071358,"[-83.80988082489841, 0.04120067530053134, 55.94265354123705, 123.04054218237229]",clock_FXKST_USNY_quote
2025-10,pca_2,m,3,46,0.6942536993041039,"[-83.80988082489841, 0.04120067530053134, 55.94265354123705, 123.04054218237229]",clock_FXKST_USNY_quote
2025-10,pca_2,m,4,318,3.864890300804115,"[-83.80988082489841, 0.04120067530053134, 55.94265354123705, 123.04054218237229]",clock_FXKST_USNY_quote
2025-10,pca_2,g,0,8,6.145160351215559,"[0.9999999999998899, 2.9999999999996696, 3.9999999999995595, 4.999999999999449]",clock_FXKST_USNY_quote
2025-10,pca_2,g,1,76,3.4699924095504824,"[0.9999999999998899, 2.9999999999996696, 3.9999999999995595, 4.999999999999449]",clock_FXKST_USNY_quote
2025-10,pca_2,g,2,36,3.465571441815884,"[0.9999999999998899, 2.9999999999996696, 3.9999999999995595, 4.999999999999449]",clock_FXKST_USNY_quote
2025-10,pca_2,g,3,56,3.2806169902495337,"[0.9999999999998899, 2.9999999999996696, 3.9999999999995595, 4.999999999999449]",clock_FXKST_USNY_quote
2025-10,pca_2,g,4,202,3.287962474903417,"[0.9999999999998899, 2.9999999999996696, 3.9999999999995595, 4.999999999999449]",clock_FXKST_USNY_quote
2025-10,conditional_linear,m,2,14,2.3434689040350776,"[-83.80988082489841, 0.04120067530053134, 55.94265354123705, 123.04054218237229]",clock_FXKST_USNY_quote
2025-10,conditional_linear,m,3,46,1.0662004049595513,"[-83.80988082489841, 0.04120067530053134, 55.94265354123705, 123.04054218237229]",clock_FXKST_USNY_quote
2025-10,conditional_linear,m,4,318,5.495715787053938,"[-83.80988082489841, 0.04120067530053134, 55.94265354123705, 123.04054218237229]",clock_FXKST_USNY_quote
2025-10,conditional_linear,g,0,8,5.629694225930912,"[0.9999999999998899, 2.9999999999996696, 3.9999999999995595, 4.999999999999449]",clock_FXKST_USNY_quote
2025-10,conditional_linear,g,1,76,4.700011414232094,"[0.9999999999998899, 2.9999999999996696, 3.9999999999995595, 4.999999999999449]",clock_FXKST_USNY_quote
2025-10,conditional_linear,g,2,36,6.471188785476214,"[0.9999999999998899, 2.9999999999996696, 3.9999999999995595, 4.999999999999449]",clock_FXKST_USNY_quote
2025-10,conditional_linear,g,3,56,5.247490974470665,"[0.9999999999998899, 2.9999999999996696, 3.9999999999995595, 4.999999999999449]",clock_FXKST_USNY_quote
2025-10,conditional_linear,g,4,202,4.457577680352452,"[0.9999999999998899, 2.9999999999996696, 3.9999999999995595, 4.999999999999449]",clock_FXKST_USNY_quote
2025-10,ae_relu_1,m,2,14,2.296341730342847,"[-83.80988082489841, 0.04120067530053134, 55.94265354123705, 123.04054218237229]",clock_FXKST_USNY_quote
2025-10,ae_relu_1,m,3,46,0.9938589523343084,"[-83.80988082489841, 0.04120067530053134, 55.94265354123705, 123.04054218237229]",clock_FXKST_USNY_quote
2025-10,ae_relu_1,m,4,318,98.25592926989184,"[-83.80988082489841, 0.04120067530053134, 55.94265354123705, 123.04054218237229]",clock_FXKST_USNY_quote
2025-10,ae_relu_1,g,0,8,108.19913207732016,"[0.9999999999998899, 2.9999999999996696, 3.9999999999995595, 4.999999999999449]",clock_FXKST_USNY_quote
2025-10,ae_relu_1,g,1,76,60.45752997866169,"[0.9999999999998899, 2.9999999999996696, 3.9999999999995595, 4.999999999999449]",clock_FXKST_USNY_quote
2025-10,ae_relu_1,g,2,36,105.63215527635862,"[0.9999999999998899, 2.9999999999996696, 3.9999999999995595, 4.999999999999449]",clock_FXKST_USNY_quote
2025-10,ae_relu_1,g,3,56,86.36666414282037,"[0.9999999999998899, 2.9999999999996696, 3.9999999999995595, 4.999999999999449]",clock_FXKST_USNY_quote
2025-10,ae_relu_1,g,4,202,85.26532518274297,"[0.9999999999998899, 2.9999999999996696, 3.9999999999995595, 4.999999999999449]",clock_FXKST_USNY_quote
2025-10,ae_relu_2,m,2,14,1.7598692866173604,"[-83.80988082489841, 0.04120067530053134, 55.94265354123705, 123.04054218237229]",clock_FXKST_USNY_quote
2025-10,ae_relu_2,m,3,46,0.659010607184758,"[-83.80988082489841, 0.04120067530053134, 55.94265354123705, 123.04054218237229]",clock_FXKST_USNY_quote
2025-10,ae_relu_2,m,4,318,-121.99770506159838,"[-83.80988082489841, 0.04120067530053134, 55.94265354123705, 123.04054218237229]",clock_FXKST_USNY_quote
2025-10,ae_relu_2,g,0,8,-131.74174112050738,"[0.9999999999998899, 2.9999999999996696, 3.9999999999995595, 4.999999999999449]",clock_FXKST_USNY_quote
2025-10,ae_relu_2,g,1,76,-79.76134352684919,"[0.9999999999998899, 2.9999999999996696, 3.9999999999995595, 4.999999999999449]",clock_FXKST_USNY_quote
2025-10,ae_relu_2,g,2,36,-133.01977600381403,"[0.9999999999998899, 2.9999999999996696, 3.9999999999995595, 4.999999999999449]",clock_FXKST_USNY_quote
2025-10,ae_relu_2,g,3,56,-106.54935639646683,"[0.9999999999998899, 2.9999999999996696, 3.9999999999995595, 4.999999999999449]",clock_FXKST_USNY_quote
2025-10,ae_relu_2,g,4,202,-103.3121070311936,"[0.9999999999998899, 2.9999999999996696, 3.9999999999995595, 4.999999999999449]",clock_FXKST_USNY_quote
2025-10,ae_tanh_1,m,2,14,1.8530452646502265,"[-83.80988082489841, 0.04120067530053134, 55.94265354123705, 123.04054218237229]",clock_FXKST_USNY_quote
2025-10,ae_tanh_1,m,3,46,3.60707814166007,"[-83.80988082489841, 0.04120067530053134, 55.94265354123705, 123.04054218237229]",clock_FXKST_USNY_quote
2025-10,ae_tanh_1,m,4,318,139.89346073344925,"[-83.80988082489841, 0.04120067530053134, 55.94265354123705, 123.04054218237229]",clock_FXKST_USNY_quote
2025-10,ae_tanh_1,g,0,8,153.6289801074592,"[0.9999999999998899, 2.9999999999996696, 3.9999999999995595, 4.999999999999449]",clock_FXKST_USNY_quote
2025-10,ae_tanh_1,g,1,76,81.72820508987107,"[0.9999999999998899, 2.9999999999996696, 3.9999999999995595, 4.999999999999449]",clock_FXKST_USNY_quote
2025-10,ae_tanh_1,g,2,36,150.9445199222513,"[0.9999999999998899, 2.9999999999996696, 3.9999999999995595, 4.999999999999449]",clock_FXKST_USNY_quote
2025-10,ae_tanh_1,g,3,56,124.1685718372763,"[0.9999999999998899, 2.9999999999996696, 3.9999999999995595, 4.999999999999449]",clock_FXKST_USNY_quote
2025-10,ae_tanh_1,g,4,202,123.02064640435609,"[0.9999999999998899, 2.9999999999996696, 3.9999999999995595, 4.999999999999449]",clock_FXKST_USNY_quote
2025-10,ae_tanh_2,m,2,14,2.347614853912852,"[-83.80988082489841, 0.04120067530053134, 55.94265354123705, 123.04054218237229]",clock_FXKST_USNY_quote
2025-10,ae_tanh_2,m,3,46,4.402201140977721,"[-83.80988082489841, 0.04120067530053134, 55.94265354123705, 123.04054218237229]",clock_FXKST_USNY_quote
2025-10,ae_tanh_2,m,4,318,123.88079581565684,"[-83.80988082489841, 0.04120067530053134, 55.94265354123705, 123.04054218237229]",clock_FXKST_USNY_quote
2025-10,ae_tanh_2,g,0,8,137.2358623735363,"[0.9999999999998899, 2.9999999999996696, 3.9999999999995595, 4.999999999999449]",clock_FXKST_USNY_quote
2025-10,ae_tanh_2,g,1,76,65.82047248893065,"[0.9999999999998899, 2.9999999999996696, 3.9999999999995595, 4.999999999999449]",clock_FXKST_USNY_quote
2025-10,ae_tanh_2,g,2,36,133.0616998918801,"[0.9999999999998899, 2.9999999999996696, 3.9999999999995595, 4.999999999999449]",clock_FXKST_USNY_quote
2025-10,ae_tanh_2,g,3,56,111.14717381682252,"[0.9999999999998899, 2.9999999999996696, 3.9999999999995595, 4.999999999999449]",clock_FXKST_USNY_quote
2025-10,ae_tanh_2,g,4,202,111.45918411793,"[0.9999999999998899, 2.9999999999996696, 3.9999999999995595, 4.999999999999449]",clock_FXKST_USNY_quote
2025-10,conditional_neural,m,2,14,2.150628806302084,"[-83.80988082489841, 0.04120067530053134, 55.94265354123705, 123.04054218237229]",clock_FXKST_USNY_quote
2025-10,conditional_neural,m,3,46,0.8926748213228181,"[-83.80988082489841, 0.04120067530053134, 55.94265354123705, 123.04054218237229]",clock_FXKST_USNY_quote
2025-10,conditional_neural,m,4,318,6.047258495400066,"[-83.80988082489841, 0.04120067530053134, 55.94265354123705, 123.04054218237229]",clock_FXKST_USNY_quote
2025-10,conditional_neural,g,0,8,6.52738158797704,"[0.9999999999998899, 2.9999999999996696, 3.9999999999995595, 4.999999999999449]",clock_FXKST_USNY_quote
2025-10,conditional_neural,g,1,76,5.201077048103876,"[0.9999999999998899, 2.9999999999996696, 3.9999999999995595, 4.999999999999449]",clock_FXKST_USNY_quote
2025-10,conditional_neural,g,2,36,9.089781366305042,"[0.9999999999998899, 2.9999999999996696, 3.9999999999995595, 4.999999999999449]",clock_FXKST_USNY_quote
2025-10,conditional_neural,g,3,56,5.948606840420708,"[0.9999999999998899, 2.9999999999996696, 3.9999999999995595, 4.999999999999449]",clock_FXKST_USNY_quote
2025-10,conditional_neural,g,4,202,4.387846663346772,"[0.9999999999998899, 2.9999999999996696, 3.9999999999995595, 4.999999999999449]",clock_FXKST_USNY_quote
2025-10,pca_selected,m,2,14,1.7538188144071358,"[-83.80988082489841, 0.04120067530053134, 55.94265354123705, 123.04054218237229]",clock_FXKST_USNY_quote
2025-10,pca_selected,m,3,46,0.6942536993041039,"[-83.80988082489841, 0.04120067530053134, 55.94265354123705, 123.04054218237229]",clock_FXKST_USNY_quote
2025-10,pca_selected,m,4,318,3.864890300804115,"[-83.80988082489841, 0.04120067530053134, 55.94265354123705, 123.04054218237229]",clock_FXKST_USNY_quote
2025-10,pca_selected,g,0,8,6.145160351215559,"[0.9999999999998899, 2.9999999999996696, 3.9999999999995595, 4.999999999999449]",clock_FXKST_USNY_quote
2025-10,pca_selected,g,1,76,3.4699924095504824,"[0.9999999999998899, 2.9999999999996696, 3.9999999999995595, 4.999999999999449]",clock_FXKST_USNY_quote
2025-10,pca_selected,g,2,36,3.465571441815884,"[0.9999999999998899, 2.9999999999996696, 3.9999999999995595, 4.999999999999449]",clock_FXKST_USNY_quote
2025-10,pca_selected,g,3,56,3.2806169902495337,"[0.9999999999998899, 2.9999999999996696, 3.9999999999995595, 4.999999999999449]",clock_FXKST_USNY_quote
2025-10,pca_selected,g,4,202,3.287962474903417,"[0.9999999999998899, 2.9999999999996696, 3.9999999999995595, 4.999999999999449]",clock_FXKST_USNY_quote
2025-10,ae_selected,m,2,14,2.296341730342847,"[-83.80988082489841, 0.04120067530053134, 55.94265354123705, 123.04054218237229]",clock_FXKST_USNY_quote
2025-10,ae_selected,m,3,46,0.9938589523343084,"[-83.80988082489841, 0.04120067530053134, 55.94265354123705, 123.04054218237229]",clock_FXKST_USNY_quote
2025-10,ae_selected,m,4,318,98.25592926989184,"[-83.80988082489841, 0.04120067530053134, 55.94265354123705, 123.04054218237229]",clock_FXKST_USNY_quote
2025-10,ae_selected,g,0,8,108.19913207732016,"[0.9999999999998899, 2.9999999999996696, 3.9999999999995595, 4.999999999999449]",clock_FXKST_USNY_quote
2025-10,ae_selected,g,1,76,60.45752997866169,"[0.9999999999998899, 2.9999999999996696, 3.9999999999995595, 4.999999999999449]",clock_FXKST_USNY_quote
2025-10,ae_selected,g,2,36,105.63215527635862,"[0.9999999999998899, 2.9999999999996696, 3.9999999999995595, 4.999999999999449]",clock_FXKST_USNY_quote
2025-10,ae_selected,g,3,56,86.36666414282037,"[0.9999999999998899, 2.9999999999996696, 3.9999999999995595, 4.999999999999449]",clock_FXKST_USNY_quote
2025-10,ae_selected,g,4,202,85.26532518274297,"[0.9999999999998899, 2.9999999999996696, 3.9999999999995595, 4.999999999999449]",clock_FXKST_USNY_quote
2025-10,ae_reconstruction_selected,m,2,14,1.868604756343157,"[-83.80988082489841, 0.04120067530053134, 55.94265354123705, 123.04054218237229]",clock_FXKST_USNY_quote
2025-10,ae_reconstruction_selected,m,3,46,0.7155133965648655,"[-83.80988082489841, 0.04120067530053134, 55.94265354123705, 123.04054218237229]",clock_FXKST_USNY_quote
2025-10,ae_reconstruction_selected,m,4,318,6490367850.749458,"[-83.80988082489841, 0.04120067530053134, 55.94265354123705, 123.04054218237229]",clock_FXKST_USNY_quote
2025-10,ae_reconstruction_selected,g,0,8,7372231236.818717,"[0.9999999999998899, 2.9999999999996696, 3.9999999999995595, 4.999999999999449]",clock_FXKST_USNY_quote
2025-10,ae_reconstruction_selected,g,1,76,3571182257.346775,"[0.9999999999998899, 2.9999999999996696, 3.9999999999995595, 4.999999999999449]",clock_FXKST_USNY_quote
2025-10,ae_reconstruction_selected,g,2,36,6842892788.749826,"[0.9999999999998899, 2.9999999999996696, 3.9999999999995595, 4.999999999999449]",clock_FXKST_USNY_quote
2025-10,ae_reconstruction_selected,g,3,56,5693489497.792188,"[0.9999999999998899, 2.9999999999996696, 3.9999999999995595, 4.999999999999449]",clock_FXKST_USNY_quote
2025-10,ae_reconstruction_selected,g,4,202,5784008529.074959,"[0.9999999999998899, 2.9999999999996696, 3.9999999999995595, 4.999999999999449]",clock_FXKST_USNY_quote
2025-11,sequential_ols,m,2,9,5.145923167622606,"[-55.02264058806328, 27.66074013476897, 96.73685154904346, 207.8902296691121]",clock_FXKST_USNY_quote
2025-11,sequential_ols,m,3,127,-1.6869808193626687,"[-55.02264058806328, 27.66074013476897, 96.73685154904346, 207.8902296691121]",clock_FXKST_USNY_quote
2025-11,sequential_ols,m,4,197,-1.340781377063679,"[-55.02264058806328, 27.66074013476897, 96.73685154904346, 207.8902296691121]",clock_FXKST_USNY_quote
2025-11,sequential_ols,g,0,166,-1.403930576648913,"[1.9999999999997797, 2.9999999999996696, 3.9999999999995595, 6.000000000000449]",clock_FXKST_USNY_quote
2025-11,sequential_ols,g,1,49,-2.1260348845053114,"[1.9999999999997797, 2.9999999999996696, 3.9999999999995595, 6.000000000000449]",clock_FXKST_USNY_quote
2025-11,sequential_ols,g,2,24,-1.3594291327059491,"[1.9999999999997797, 2.9999999999996696, 3.9999999999995595, 6.000000000000449]",clock_FXKST_USNY_quote
2025-11,sequential_ols,g,3,54,-0.3574645751983543,"[1.9999999999997797, 2.9999999999996696, 3.9999999999995595, 6.000000000000449]",clock_FXKST_USNY_quote
2025-11,sequential_ols,g,4,40,-1.0727403880466615,"[1.9999999999997797, 2.9999999999996696, 3.9999999999995595, 6.000000000000449]",clock_FXKST_USNY_quote
2025-11,pca_1,m,2,9,5.128239913128165,"[-55.02264058806328, 27.66074013476897, 96.73685154904346, 207.8902296691121]",clock_FXKST_USNY_quote
2025-11,pca_1,m,3,127,-1.6881984786613349,"[-55.02264058806328, 27.66074013476897, 96.73685154904346, 207.8902296691121]",clock_FXKST_USNY_quote
2025-11,pca_1,m,4,197,-1.339165738228164,"[-55.02264058806328, 27.66074013476897, 96.73685154904346, 207.8902296691121]",clock_FXKST_USNY_quote
2025-11,pca_1,g,0,166,-1.4071665862318283,"[1.9999999999997797, 2.9999999999996696, 3.9999999999995595, 6.000000000000449]",clock_FXKST_USNY_quote
2025-11,pca_1,g,1,49,-2.123186485112783,"[1.9999999999997797, 2.9999999999996696, 3.9999999999995595, 6.000000000000449]",clock_FXKST_USNY_quote
2025-11,pca_1,g,2,24,-1.3613621003519902,"[1.9999999999997797, 2.9999999999996696, 3.9999999999995595, 6.000000000000449]",clock_FXKST_USNY_quote
2025-11,pca_1,g,3,54,-0.3539968998432796,"[1.9999999999997797, 2.9999999999996696, 3.9999999999995595, 6.000000000000449]",clock_FXKST_USNY_quote
2025-11,pca_1,g,4,40,-1.0662095979447392,"[1.9999999999997797, 2.9999999999996696, 3.9999999999995595, 6.000000000000449]",clock_FXKST_USNY_quote
2025-11,pca_2,m,2,9,1.906209865668962,"[-55.02264058806328, 27.66074013476897, 96.73685154904346, 207.8902296691121]",clock_FXKST_USNY_quote
2025-11,pca_2,m,3,127,-2.0848955866398287,"[-55.02264058806328, 27.66074013476897, 96.73685154904346, 207.8902296691121]",clock_FXKST_USNY_quote
2025-11,pca_2,m,4,197,-1.0800605471184264,"[-55.02264058806328, 27.66074013476897, 96.73685154904346, 207.8902296691121]",clock_FXKST_USNY_quote
2025-11,pca_2,g,0,166,-2.1276998880194635,"[1.9999999999997797, 2.9999999999996696, 3.9999999999995595, 6.000000000000449]",clock_FXKST_USNY_quote
2025-11,pca_2,g,1,49,-1.704331623550017,"[1.9999999999997797, 2.9999999999996696, 3.9999999999995595, 6.000000000000449]",clock_FXKST_USNY_quote
2025-11,pca_2,g,2,24,-1.831333088113904,"[1.9999999999997797, 2.9999999999996696, 3.9999999999995595, 6.000000000000449]",clock_FXKST_USNY_quote
2025-11,pca_2,g,3,54,0.28871619522765,"[1.9999999999997797, 2.9999999999996696, 3.9999999999995595, 6.000000000000449]",clock_FXKST_USNY_quote
2025-11,pca_2,g,4,40,0.1168493010763704,"[1.9999999999997797, 2.9999999999996696, 3.9999999999995595, 6.000000000000449]",clock_FXKST_USNY_quote
2025-11,conditional_linear,m,2,9,5.157277142085448,"[-55.02264058806328, 27.66074013476897, 96.73685154904346, 207.8902296691121]",clock_FXKST_USNY_quote
2025-11,conditional_linear,m,3,127,-1.6765586509670247,"[-55.02264058806328, 27.66074013476897, 96.73685154904346, 207.8902296691121]",clock_FXKST_USNY_quote
2025-11,conditional_linear,m,4,197,-1.351651207689659,"[-55.02264058806328, 27.66074013476897, 96.73685154904346, 207.8902296691121]",clock_FXKST_USNY_quote
2025-11,conditional_linear,g,0,166,-1.3998000593649738,"[1.9999999999997797, 2.9999999999996696, 3.9999999999995595, 6.000000000000449]",clock_FXKST_USNY_quote
2025-11,conditional_linear,g,1,49,-2.1013533175264163,"[1.9999999999997797, 2.9999999999996696, 3.9999999999995595, 6.000000000000449]",clock_FXKST_USNY_quote
2025-11,conditional_linear,g,2,24,-1.348839857964031,"[1.9999999999997797, 2.9999999999996696, 3.9999999999995595, 6.000000000000449]",clock_FXKST_USNY_quote
2025-11,conditional_linear,g,3,54,-0.4016135207315696,"[1.9999999999997797, 2.9999999999996696, 3.9999999999995595, 6.000000000000449]",clock_FXKST_USNY_quote
2025-11,conditional_linear,g,4,40,-1.0847583296221093,"[1.9999999999997797, 2.9999999999996696, 3.9999999999995595, 6.000000000000449]",clock_FXKST_USNY_quote
2025-11,ae_relu_1,m,2,9,5.12753606825561,"[-55.02264058806328, 27.66074013476897, 96.73685154904346, 207.8902296691121]",clock_FXKST_USNY_quote
2025-11,ae_relu_1,m,3,127,-1.6882150504495643,"[-55.02264058806328, 27.66074013476897, 96.73685154904346, 207.8902296691121]",clock_FXKST_USNY_quote
2025-11,ae_relu_1,m,4,197,-1.3391593702553846,"[-55.02264058806328, 27.66074013476897, 96.73685154904346, 207.8902296691121]",clock_FXKST_USNY_quote
2025-11,ae_relu_1,g,0,166,-1.4072849924404571,"[1.9999999999997797, 2.9999999999996696, 3.9999999999995595, 6.000000000000449]",clock_FXKST_USNY_quote
2025-11,ae_relu_1,g,1,49,-2.123037373705434,"[1.9999999999997797, 2.9999999999996696, 3.9999999999995595, 6.000000000000449]",clock_FXKST_USNY_quote
2025-11,ae_relu_1,g,2,24,-1.3615129746927928,"[1.9999999999997797, 2.9999999999996696, 3.9999999999995595, 6.000000000000449]",clock_FXKST_USNY_quote
2025-11,ae_relu_1,g,3,54,-0.3540068314806948,"[1.9999999999997797, 2.9999999999996696, 3.9999999999995595, 6.000000000000449]",clock_FXKST_USNY_quote
2025-11,ae_relu_1,g,4,40,-1.0659765595959574,"[1.9999999999997797, 2.9999999999996696, 3.9999999999995595, 6.000000000000449]",clock_FXKST_USNY_quote
2025-11,ae_relu_2,m,2,9,4.984537557130714,"[-55.02264058806328, 27.66074013476897, 96.73685154904346, 207.8902296691121]",clock_FXKST_USNY_quote
2025-11,ae_relu_2,m,3,127,-1.7583144132017745,"[-55.02264058806328, 27.66074013476897, 96.73685154904346, 207.8902296691121]",clock_FXKST_USNY_quote
2025-11,ae_relu_2,m,4,197,-1.3395190582734813,"[-55.02264058806328, 27.66074013476897, 96.73685154904346, 207.8902296691121]",clock_FXKST_USNY_quote
2025-11,ae_relu_2,g,0,166,-1.5299840271288447,"[1.9999999999997797, 2.9999999999996696, 3.9999999999995595, 6.000000000000449]",clock_FXKST_USNY_quote
2025-11,ae_relu_2,g,1,49,-2.13512955771717,"[1.9999999999997797, 2.9999999999996696, 3.9999999999995595, 6.000000000000449]",clock_FXKST_USNY_quote
2025-11,ae_relu_2,g,2,24,-1.40601473471166,"[1.9999999999997797, 2.9999999999996696, 3.9999999999995595, 6.000000000000449]",clock_FXKST_USNY_quote
2025-11,ae_relu_2,g,3,54,-0.2466659569647515,"[1.9999999999997797, 2.9999999999996696, 3.9999999999995595, 6.000000000000449]",clock_FXKST_USNY_quote
2025-11,ae_relu_2,g,4,40,-0.9166833700404698,"[1.9999999999997797, 2.9999999999996696, 3.9999999999995595, 6.000000000000449]",clock_FXKST_USNY_quote
2025-11,ae_tanh_1,m,2,9,-3.465115933101554,"[-55.02264058806328, 27.66074013476897, 96.73685154904346, 207.8902296691121]",clock_FXKST_USNY_quote
2025-11,ae_tanh_1,m,3,127,-5.418350647928913,"[-55.02264058806328, 27.66074013476897, 96.73685154904346, 207.8902296691121]",clock_FXKST_USNY_quote
2025-11,ae_tanh_1,m,4,197,5.431258309414007,"[-55.02264058806328, 27.66074013476897, 96.73685154904346, 207.8902296691121]",clock_FXKST_USNY_quote
2025-11,ae_tanh_1,g,0,166,3.383005782661068,"[1.9999999999997797, 2.9999999999996696, 3.9999999999995595, 6.000000000000449]",clock_FXKST_USNY_quote
2025-11,ae_tanh_1,g,1,49,-1.247048211117065,"[1.9999999999997797, 2.9999999999996696, 3.9999999999995595, 6.000000000000449]",clock_FXKST_USNY_quote
2025-11,ae_tanh_1,g,2,24,-0.5150411876731127,"[1.9999999999997797, 2.9999999999996696, 3.9999999999995595, 6.000000000000449]",clock_FXKST_USNY_quote
2025-11,ae_tanh_1,g,3,54,2.326427927981764,"[1.9999999999997797, 2.9999999999996696, 3.9999999999995595, 6.000000000000449]",clock_FXKST_USNY_quote
2025-11,ae_tanh_1,g,4,40,-6.577460147854706,"[1.9999999999997797, 2.9999999999996696, 3.9999999999995595, 6.000000000000449]",clock_FXKST_USNY_quote
2025-11,ae_tanh_2,m,2,9,-0.0017586907253009,"[-55.02264058806328, 27.66074013476897, 96.73685154904346, 207.8902296691121]",clock_FXKST_USNY_quote
2025-11,ae_tanh_2,m,3,127,1.570186618217318,"[-55.02264058806328, 27.66074013476897, 96.73685154904346, 207.8902296691121]",clock_FXKST_USNY_quote
2025-11,ae_tanh_2,m,4,197,14.269684355328687,"[-55.02264058806328, 27.66074013476897, 96.73685154904346, 207.8902296691121]",clock_FXKST_USNY_quote
2025-11,ae_tanh_2,g,0,166,11.985654835999275,"[1.9999999999997797, 2.9999999999996696, 3.9999999999995595, 6.000000000000449]",clock_FXKST_USNY_quote
2025-11,ae_tanh_2,g,1,49,7.083990313241436,"[1.9999999999997797, 2.9999999999996696, 3.9999999999995595, 6.000000000000449]",clock_FXKST_USNY_quote
2025-11,ae_tanh_2,g,2,24,7.414984289094273,"[1.9999999999997797, 2.9999999999996696, 3.9999999999995595, 6.000000000000449]",clock_FXKST_USNY_quote
2025-11,ae_tanh_2,g,3,54,9.669630424160063,"[1.9999999999997797, 2.9999999999996696, 3.9999999999995595, 6.000000000000449]",clock_FXKST_USNY_quote
2025-11,ae_tanh_2,g,4,40,-0.6582050917698193,"[1.9999999999997797, 2.9999999999996696, 3.9999999999995595, 6.000000000000449]",clock_FXKST_USNY_quote
2025-11,conditional_neural,m,2,9,5.157267825624454,"[-55.02264058806328, 27.66074013476897, 96.73685154904346, 207.8902296691121]",clock_FXKST_USNY_quote
2025-11,conditional_neural,m,3,127,-1.6765443647681737,"[-55.02264058806328, 27.66074013476897, 96.73685154904346, 207.8902296691121]",clock_FXKST_USNY_quote
2025-11,conditional_neural,m,4,197,-1.3516070329545564,"[-55.02264058806328, 27.66074013476897, 96.73685154904346, 207.8902296691121]",clock_FXKST_USNY_quote
2025-11,conditional_neural,g,0,166,-1.3997583601671502,"[1.9999999999997797, 2.9999999999996696, 3.9999999999995595, 6.000000000000449]",clock_FXKST_USNY_quote
2025-11,conditional_neural,g,1,49,-2.10132523233712,"[1.9999999999997797, 2.9999999999996696, 3.9999999999995595, 6.000000000000449]",clock_FXKST_USNY_quote
2025-11,conditional_neural,g,2,24,-1.348814250300266,"[1.9999999999997797, 2.9999999999996696, 3.9999999999995595, 6.000000000000449]",clock_FXKST_USNY_quote
2025-11,conditional_neural,g,3,54,-0.401583337694421,"[1.9999999999997797, 2.9999999999996696, 3.9999999999995595, 6.000000000000449]",clock_FXKST_USNY_quote
2025-11,conditional_neural,g,4,40,-1.0847610743003675,"[1.9999999999997797, 2.9999999999996696, 3.9999999999995595, 6.000000000000449]",clock_FXKST_USNY_quote
2025-11,pca_selected,m,2,9,1.906209865668962,"[-55.02264058806328, 27.66074013476897, 96.73685154904346, 207.8902296691121]",clock_FXKST_USNY_quote
2025-11,pca_selected,m,3,127,-2.0848955866398287,"[-55.02264058806328, 27.66074013476897, 96.73685154904346, 207.8902296691121]",clock_FXKST_USNY_quote
2025-11,pca_selected,m,4,197,-1.0800605471184264,"[-55.02264058806328, 27.66074013476897, 96.73685154904346, 207.8902296691121]",clock_FXKST_USNY_quote
2025-11,pca_selected,g,0,166,-2.1276998880194635,"[1.9999999999997797, 2.9999999999996696, 3.9999999999995595, 6.000000000000449]",clock_FXKST_USNY_quote
2025-11,pca_selected,g,1,49,-1.704331623550017,"[1.9999999999997797, 2.9999999999996696, 3.9999999999995595, 6.000000000000449]",clock_FXKST_USNY_quote
2025-11,pca_selected,g,2,24,-1.831333088113904,"[1.9999999999997797, 2.9999999999996696, 3.9999999999995595, 6.000000000000449]",clock_FXKST_USNY_quote
2025-11,pca_selected,g,3,54,0.28871619522765,"[1.9999999999997797, 2.9999999999996696, 3.9999999999995595, 6.000000000000449]",clock_FXKST_USNY_quote
2025-11,pca_selected,g,4,40,0.1168493010763704,"[1.9999999999997797, 2.9999999999996696, 3.9999999999995595, 6.000000000000449]",clock_FXKST_USNY_quote
2025-11,ae_selected,m,2,9,5.12753606825561,"[-55.02264058806328, 27.66074013476897, 96.73685154904346, 207.8902296691121]",clock_FXKST_USNY_quote
2025-11,ae_selected,m,3,127,-1.6882150504495643,"[-55.02264058806328, 27.66074013476897, 96.73685154904346, 207.8902296691121]",clock_FXKST_USNY_quote
2025-11,ae_selected,m,4,197,-1.3391593702553846,"[-55.02264058806328, 27.66074013476897, 96.73685154904346, 207.8902296691121]",clock_FXKST_USNY_quote
2025-11,ae_selected,g,0,166,-1.4072849924404571,"[1.9999999999997797, 2.9999999999996696, 3.9999999999995595, 6.000000000000449]",clock_FXKST_USNY_quote
2025-11,ae_selected,g,1,49,-2.123037373705434,"[1.9999999999997797, 2.9999999999996696, 3.9999999999995595, 6.000000000000449]",clock_FXKST_USNY_quote
2025-11,ae_selected,g,2,24,-1.3615129746927928,"[1.9999999999997797, 2.9999999999996696, 3.9999999999995595, 6.000000000000449]",clock_FXKST_USNY_quote
2025-11,ae_selected,g,3,54,-0.3540068314806948,"[1.9999999999997797, 2.9999999999996696, 3.9999999999995595, 6.000000000000449]",clock_FXKST_USNY_quote
2025-11,ae_selected,g,4,40,-1.0659765595959574,"[1.9999999999997797, 2.9999999999996696, 3.9999999999995595, 6.000000000000449]",clock_FXKST_USNY_quote
2025-11,ae_reconstruction_selected,m,2,9,5.12753606825561,"[-55.02264058806328, 27.66074013476897, 96.73685154904346, 207.8902296691121]",clock_FXKST_USNY_quote
2025-11,ae_reconstruction_selected,m,3,127,-1.6882150504495643,"[-55.02264058806328, 27.66074013476897, 96.73685154904346, 207.8902296691121]",clock_FXKST_USNY_quote
2025-11,ae_reconstruction_selected,m,4,197,-1.3391593702553846,"[-55.02264058806328, 27.66074013476897, 96.73685154904346, 207.8902296691121]",clock_FXKST_USNY_quote
2025-11,ae_reconstruction_selected,g,0,166,-1.4072849924404571,"[1.9999999999997797, 2.9999999999996696, 3.9999999999995595, 6.000000000000449]",clock_FXKST_USNY_quote
2025-11,ae_reconstruction_selected,g,1,49,-2.123037373705434,"[1.9999999999997797, 2.9999999999996696, 3.9999999999995595, 6.000000000000449]",clock_FXKST_USNY_quote
2025-11,ae_reconstruction_selected,g,2,24,-1.3615129746927928,"[1.9999999999997797, 2.9999999999996696, 3.9999999999995595, 6.000000000000449]",clock_FXKST_USNY_quote
2025-11,ae_reconstruction_selected,g,3,54,-0.3540068314806948,"[1.9999999999997797, 2.9999999999996696, 3.9999999999995595, 6.000000000000449]",clock_FXKST_USNY_quote
2025-11,ae_reconstruction_selected,g,4,40,-1.0659765595959574,"[1.9999999999997797, 2.9999999999996696, 3.9999999999995595, 6.000000000000449]",clock_FXKST_USNY_quote
2025-12,sequential_ols,m,1,24,5.701256068809804,"[-38.27462659284637, 51.21318215589641, 136.00196402822053, 247.0694373243364]",clock_FXKST_USNY_quote
2025-12,sequential_ols,m,2,182,-0.4548894264099344,"[-38.27462659284637, 51.21318215589641, 136.00196402822053, 247.0694373243364]",clock_FXKST_USNY_quote
2025-12,sequential_ols,m,3,121,-4.250303380670576,"[-38.27462659284637, 51.21318215589641, 136.00196402822053, 247.0694373243364]",clock_FXKST_USNY_quote
2025-12,sequential_ols,m,4,25,-30.57933609710284,"[-38.27462659284637, 51.21318215589641, 136.00196402822053, 247.0694373243364]",clock_FXKST_USNY_quote
2025-12,sequential_ols,g,0,16,-13.967149641222631,"[0.9999999999998899, 2.9999999999996696, 3.9999999999995595, 6.000000000000449]",clock_FXKST_USNY_quote
2025-12,sequential_ols,g,1,144,-5.5713474708495925,"[0.9999999999998899, 2.9999999999996696, 3.9999999999995595, 6.000000000000449]",clock_FXKST_USNY_quote
2025-12,sequential_ols,g,2,83,-3.4202813977727105,"[0.9999999999998899, 2.9999999999996696, 3.9999999999995595, 6.000000000000449]",clock_FXKST_USNY_quote
2025-12,sequential_ols,g,3,79,1.9856369258680693,"[0.9999999999998899, 2.9999999999996696, 3.9999999999995595, 6.000000000000449]",clock_FXKST_USNY_quote
2025-12,sequential_ols,g,4,30,-2.398779083680743,"[0.9999999999998899, 2.9999999999996696, 3.9999999999995595, 6.000000000000449]",clock_FXKST_USNY_quote
2025-12,pca_1,m,1,24,5.688239079121577,"[-38.27462659284637, 51.21318215589641, 136.00196402822053, 247.0694373243364]",clock_FXKST_USNY_quote
2025-12,pca_1,m,2,182,-0.4525427553767345,"[-38.27462659284637, 51.21318215589641, 136.00196402822053, 247.0694373243364]",clock_FXKST_USNY_quote
2025-12,pca_1,m,3,121,-4.233159375949092,"[-38.27462659284637, 51.21318215589641, 136.00196402822053, 247.0694373243364]",clock_FXKST_USNY_quote
2025-12,pca_1,m,4,25,-30.497083991462176,"[-38.27462659284637, 51.21318215589641, 136.00196402822053, 247.0694373243364]",clock_FXKST_USNY_quote
2025-12,pca_1,g,0,16,-13.917273728693456,"[0.9999999999998899, 2.9999999999996696, 3.9999999999995595, 6.000000000000449]",clock_FXKST_USNY_quote
2025-12,pca_1,g,1,144,-5.556182360116259,"[0.9999999999998899, 2.9999999999996696, 3.9999999999995595, 6.000000000000449]",clock_FXKST_USNY_quote
2025-12,pca_1,g,2,83,-3.409387871313185,"[0.9999999999998899, 2.9999999999996696, 3.9999999999995595, 6.000000000000449]",clock_FXKST_USNY_quote
2025-12,pca_1,g,3,79,1.9843566727335489,"[0.9999999999998899, 2.9999999999996696, 3.9999999999995595, 6.000000000000449]",clock_FXKST_USNY_quote
2025-12,pca_1,g,4,30,-2.3834257389053923,"[0.9999999999998899, 2.9999999999996696, 3.9999999999995595, 6.000000000000449]",clock_FXKST_USNY_quote
2025-12,pca_2,m,1,24,3.468262004875587,"[-38.27462659284637, 51.21318215589641, 136.00196402822053, 247.0694373243364]",clock_FXKST_USNY_quote
2025-12,pca_2,m,2,182,-0.3192345859054228,"[-38.27462659284637, 51.21318215589641, 136.00196402822053, 247.0694373243364]",clock_FXKST_USNY_quote
2025-12,pca_2,m,3,121,-1.3961478967592864,"[-38.27462659284637, 51.21318215589641, 136.00196402822053, 247.0694373243364]",clock_FXKST_USNY_quote
2025-12,pca_2,m,4,25,-14.627203555626382,"[-38.27462659284637, 51.21318215589641, 136.00196402822053, 247.0694373243364]",clock_FXKST_USNY_quote
2025-12,pca_2,g,0,16,-5.741512239480238,"[0.9999999999998899, 2.9999999999996696, 3.9999999999995595, 6.000000000000449]",clock_FXKST_USNY_quote
2025-12,pca_2,g,1,144,-2.749909340820895,"[0.9999999999998899, 2.9999999999996696, 3.9999999999995595, 6.000000000000449]",clock_FXKST_USNY_quote
2025-12,pca_2,g,2,83,-1.6382775795187898,"[0.9999999999998899, 2.9999999999996696, 3.9999999999995595, 6.000000000000449]",clock_FXKST_USNY_quote
2025-12,pca_2,g,3,79,1.6003877505512265,"[0.9999999999998899, 2.9999999999996696, 3.9999999999995595, 6.000000000000449]",clock_FXKST_USNY_quote
2025-12,pca_2,g,4,30,-0.4026281066633539,"[0.9999999999998899, 2.9999999999996696, 3.9999999999995595, 6.000000000000449]",clock_FXKST_USNY_quote
2025-12,conditional_linear,m,1,24,5.674046360398603,"[-38.27462659284637, 51.21318215589641, 136.00196402822053, 247.0694373243364]",clock_FXKST_USNY_quote
2025-12,conditional_linear,m,2,182,-0.473987281044658,"[-38.27462659284637, 51.21318215589641, 136.00196402822053, 247.0694373243364]",clock_FXKST_USNY_quote
2025-12,conditional_linear,m,3,121,-4.2278965364918815,"[-38.27462659284637, 51.21318215589641, 136.00196402822053, 247.0694373243364]",clock_FXKST_USNY_quote
2025-12,conditional_linear,m,4,25,-30.371587570418605,"[-38.27462659284637, 51.21318215589641, 136.00196402822053, 247.0694373243364]",clock_FXKST_USNY_quote
2025-12,conditional_linear,g,0,16,-13.881401261005577,"[0.9999999999998899, 2.9999999999996696, 3.9999999999995595, 6.000000000000449]",clock_FXKST_USNY_quote
2025-12,conditional_linear,g,1,144,-5.550179519549201,"[0.9999999999998899, 2.9999999999996696, 3.9999999999995595, 6.000000000000449]",clock_FXKST_USNY_quote
2025-12,conditional_linear,g,2,83,-3.4147619986085997,"[0.9999999999998899, 2.9999999999996696, 3.9999999999995595, 6.000000000000449]",clock_FXKST_USNY_quote
2025-12,conditional_linear,g,3,79,1.9759898137026128,"[0.9999999999998899, 2.9999999999996696, 3.9999999999995595, 6.000000000000449]",clock_FXKST_USNY_quote
2025-12,conditional_linear,g,4,30,-2.410114036112087,"[0.9999999999998899, 2.9999999999996696, 3.9999999999995595, 6.000000000000449]",clock_FXKST_USNY_quote
2025-12,ae_relu_1,m,1,24,5.6903118624618045,"[-38.27462659284637, 51.21318215589641, 136.00196402822053, 247.0694373243364]",clock_FXKST_USNY_quote
2025-12,ae_relu_1,m,2,182,-0.4519935862469129,"[-38.27462659284637, 51.21318215589641, 136.00196402822053, 247.0694373243364]",clock_FXKST_USNY_quote
2025-12,ae_relu_1,m,3,121,-4.23435588009874,"[-38.27462659284637, 51.21318215589641, 136.00196402822053, 247.0694373243364]",clock_FXKST_USNY_quote
2025-12,ae_relu_1,m,4,25,-30.504547802478584,"[-38.27462659284637, 51.21318215589641, 136.00196402822053, 247.0694373243364]",clock_FXKST_USNY_quote
2025-12,ae_relu_1,g,0,16,-13.921514378774548,"[0.9999999999998899, 2.9999999999996696, 3.9999999999995595, 6.000000000000449]",clock_FXKST_USNY_quote
2025-12,ae_relu_1,g,1,144,-5.557437852134201,"[0.9999999999998899, 2.9999999999996696, 3.9999999999995595, 6.000000000000449]",clock_FXKST_USNY_quote
2025-12,ae_relu_1,g,2,83,-3.4100168688776096,"[0.9999999999998899, 2.9999999999996696, 3.9999999999995595, 6.000000000000449]",clock_FXKST_USNY_quote
2025-12,ae_relu_1,g,3,79,1.985189254363793,"[0.9999999999998899, 2.9999999999996696, 3.9999999999995595, 6.000000000000449]",clock_FXKST_USNY_quote
2025-12,ae_relu_1,g,4,30,-2.3816458253982424,"[0.9999999999998899, 2.9999999999996696, 3.9999999999995595, 6.000000000000449]",clock_FXKST_USNY_quote
2025-12,ae_relu_2,m,1,24,4.712545769148856,"[-38.27462659284637, 51.21318215589641, 136.00196402822053, 247.0694373243364]",clock_FXKST_USNY_quote
2025-12,ae_relu_2,m,2,182,-0.4185229289163311,"[-38.27462659284637, 51.21318215589641, 136.00196402822053, 247.0694373243364]",clock_FXKST_USNY_quote
2025-12,ae_relu_2,m,3,121,-2.881704720629981,"[-38.27462659284637, 51.21318215589641, 136.00196402822053, 247.0694373243364]",clock_FXKST_USNY_quote
2025-12,ae_relu_2,m,4,25,-22.64436392480452,"[-38.27462659284637, 51.21318215589641, 136.00196402822053, 247.0694373243364]",clock_FXKST_USNY_quote
2025-12,ae_relu_2,g,0,16,-10.102256464948702,"[0.9999999999998899, 2.9999999999996696, 3.9999999999995595, 6.000000000000449]",clock_FXKST_USNY_quote
2025-12,ae_relu_2,g,1,144,-4.176115844143576,"[0.9999999999998899, 2.9999999999996696, 3.9999999999995595, 6.000000000000449]",clock_FXKST_USNY_quote
2025-12,ae_relu_2,g,2,83,-2.6011300686558987,"[0.9999999999998899, 2.9999999999996696, 3.9999999999995595, 6.000000000000449]",clock_FXKST_USNY_quote
2025-12,ae_relu_2,g,3,79,1.823029984165316,"[0.9999999999998899, 2.9999999999996696, 3.9999999999995595, 6.000000000000449]",clock_FXKST_USNY_quote
2025-12,ae_relu_2,g,4,30,-1.4331410658102228,"[0.9999999999998899, 2.9999999999996696, 3.9999999999995595, 6.000000000000449]",clock_FXKST_USNY_quote
2025-12,ae_tanh_1,m,1,24,-3.4381655746729414,"[-38.27462659284637, 51.21318215589641, 136.00196402822053, 247.0694373243364]",clock_FXKST_USNY_quote
2025-12,ae_tanh_1,m,2,182,-8.204068985802586,"[-38.27462659284637, 51.21318215589641, 136.00196402822053, 247.0694373243364]",clock_FXKST_USNY_quote
2025-12,ae_tanh_1,m,3,121,-7.695975946350855,"[-38.27462659284637, 51.21318215589641, 136.00196402822053, 247.0694373243364]",clock_FXKST_USNY_quote
2025-12,ae_tanh_1,m,4,25,-25.663821829115943,"[-38.27462659284637, 51.21318215589641, 136.00196402822053, 247.0694373243364]",clock_FXKST_USNY_quote
2025-12,ae_tanh_1,g,0,16,-18.279749171157363,"[0.9999999999998899, 2.9999999999996696, 3.9999999999995595, 6.000000000000449]",clock_FXKST_USNY_quote
2025-12,ae_tanh_1,g,1,144,-11.087948702939547,"[0.9999999999998899, 2.9999999999996696, 3.9999999999995595, 6.000000000000449]",clock_FXKST_USNY_quote
2025-12,ae_tanh_1,g,2,83,-7.708133186718099,"[0.9999999999998899, 2.9999999999996696, 3.9999999999995595, 6.000000000000449]",clock_FXKST_USNY_quote
2025-12,ae_tanh_1,g,3,79,-3.473714172703444,"[0.9999999999998899, 2.9999999999996696, 3.9999999999995595, 6.000000000000449]",clock_FXKST_USNY_quote
2025-12,ae_tanh_1,g,4,30,-11.504203011386217,"[0.9999999999998899, 2.9999999999996696, 3.9999999999995595, 6.000000000000449]",clock_FXKST_USNY_quote
2025-12,ae_tanh_2,m,1,24,-3.0730028104276124,"[-38.27462659284637, 51.21318215589641, 136.00196402822053, 247.0694373243364]",clock_FXKST_USNY_quote
2025-12,ae_tanh_2,m,2,182,-5.963077274517108,"[-38.27462659284637, 51.21318215589641, 136.00196402822053, 247.0694373243364]",clock_FXKST_USNY_quote
2025-12,ae_tanh_2,m,3,121,-2.6215910569122167,"[-38.27462659284637, 51.21318215589641, 136.00196402822053, 247.0694373243364]",clock_FXKST_USNY_quote
2025-12,ae_tanh_2,m,4,25,-19.092157401563387,"[-38.27462659284637, 51.21318215589641, 136.00196402822053, 247.0694373243364]",clock_FXKST_USNY_quote
2025-12,ae_tanh_2,g,0,16,-15.282460086864411,"[0.9999999999998899, 2.9999999999996696, 3.9999999999995595, 6.000000000000449]",clock_FXKST_USNY_quote
2025-12,ae_tanh_2,g,1,144,-8.230367967234763,"[0.9999999999998899, 2.9999999999996696, 3.9999999999995595, 6.000000000000449]",clock_FXKST_USNY_quote
2025-12,ae_tanh_2,g,2,83,-3.5893702678451254,"[0.9999999999998899, 2.9999999999996696, 3.9999999999995595, 6.000000000000449]",clock_FXKST_USNY_quote
2025-12,ae_tanh_2,g,3,79,0.5919177067197219,"[0.9999999999998899, 2.9999999999996696, 3.9999999999995595, 6.000000000000449]",clock_FXKST_USNY_quote
2025-12,ae_tanh_2,g,4,30,-9.090000075530522,"[0.9999999999998899, 2.9999999999996696, 3.9999999999995595, 6.000000000000449]",clock_FXKST_USNY_quote
2025-12,conditional_neural,m,1,24,5.6740467498819145,"[-38.27462659284637, 51.21318215589641, 136.00196402822053, 247.0694373243364]",clock_FXKST_USNY_quote
2025-12,conditional_neural,m,2,182,-0.4739942547733074,"[-38.27462659284637, 51.21318215589641, 136.00196402822053, 247.0694373243364]",clock_FXKST_USNY_quote
2025-12,conditional_neural,m,3,121,-4.227899019919114,"[-38.27462659284637, 51.21318215589641, 136.00196402822053, 247.0694373243364]",clock_FXKST_USNY_quote
2025-12,conditional_neural,m,4,25,-30.37154934464138,"[-38.27462659284637, 51.21318215589641, 136.00196402822053, 247.0694373243364]",clock_FXKST_USNY_quote
2025-12,conditional_neural,g,0,16,-13.881390212936962,"[0.9999999999998899, 2.9999999999996696, 3.9999999999995595, 6.000000000000449]",clock_FXKST_USNY_quote
2025-12,conditional_neural,g,1,144,-5.550178605504248,"[0.9999999999998899, 2.9999999999996696, 3.9999999999995595, 6.000000000000449]",clock_FXKST_USNY_quote
2025-12,conditional_neural,g,2,83,-3.414767207639749,"[0.9999999999998899, 2.9999999999996696, 3.9999999999995595, 6.000000000000449]",clock_FXKST_USNY_quote
2025-12,conditional_neural,g,3,79,1.9759853523672812,"[0.9999999999998899, 2.9999999999996696, 3.9999999999995595, 6.000000000000449]",clock_FXKST_USNY_quote
2025-12,conditional_neural,g,4,30,-2.4101183133712114,"[0.9999999999998899, 2.9999999999996696, 3.9999999999995595, 6.000000000000449]",clock_FXKST_USNY_quote
2025-12,pca_selected,m,1,24,3.468262004875587,"[-38.27462659284637, 51.21318215589641, 136.00196402822053, 247.0694373243364]",clock_FXKST_USNY_quote
2025-12,pca_selected,m,2,182,-0.3192345859054228,"[-38.27462659284637, 51.21318215589641, 136.00196402822053, 247.0694373243364]",clock_FXKST_USNY_quote
2025-12,pca_selected,m,3,121,-1.3961478967592864,"[-38.27462659284637, 51.21318215589641, 136.00196402822053, 247.0694373243364]",clock_FXKST_USNY_quote
2025-12,pca_selected,m,4,25,-14.627203555626382,"[-38.27462659284637, 51.21318215589641, 136.00196402822053, 247.0694373243364]",clock_FXKST_USNY_quote
2025-12,pca_selected,g,0,16,-5.741512239480238,"[0.9999999999998899, 2.9999999999996696, 3.9999999999995595, 6.000000000000449]",clock_FXKST_USNY_quote
2025-12,pca_selected,g,1,144,-2.749909340820895,"[0.9999999999998899, 2.9999999999996696, 3.9999999999995595, 6.000000000000449]",clock_FXKST_USNY_quote
2025-12,pca_selected,g,2,83,-1.6382775795187898,"[0.9999999999998899, 2.9999999999996696, 3.9999999999995595, 6.000000000000449]",clock_FXKST_USNY_quote
2025-12,pca_selected,g,3,79,1.6003877505512265,"[0.9999999999998899, 2.9999999999996696, 3.9999999999995595, 6.000000000000449]",clock_FXKST_USNY_quote
2025-12,pca_selected,g,4,30,-0.4026281066633539,"[0.9999999999998899, 2.9999999999996696, 3.9999999999995595, 6.000000000000449]",clock_FXKST_USNY_quote
2025-12,ae_selected,m,1,24,5.6903118624618045,"[-38.27462659284637, 51.21318215589641, 136.00196402822053, 247.0694373243364]",clock_FXKST_USNY_quote
2025-12,ae_selected,m,2,182,-0.4519935862469129,"[-38.27462659284637, 51.21318215589641, 136.00196402822053, 247.0694373243364]",clock_FXKST_USNY_quote
2025-12,ae_selected,m,3,121,-4.23435588009874,"[-38.27462659284637, 51.21318215589641, 136.00196402822053, 247.0694373243364]",clock_FXKST_USNY_quote
2025-12,ae_selected,m,4,25,-30.504547802478584,"[-38.27462659284637, 51.21318215589641, 136.00196402822053, 247.0694373243364]",clock_FXKST_USNY_quote
2025-12,ae_selected,g,0,16,-13.921514378774548,"[0.9999999999998899, 2.9999999999996696, 3.9999999999995595, 6.000000000000449]",clock_FXKST_USNY_quote
2025-12,ae_selected,g,1,144,-5.557437852134201,"[0.9999999999998899, 2.9999999999996696, 3.9999999999995595, 6.000000000000449]",clock_FXKST_USNY_quote
2025-12,ae_selected,g,2,83,-3.4100168688776096,"[0.9999999999998899, 2.9999999999996696, 3.9999999999995595, 6.000000000000449]",clock_FXKST_USNY_quote
2025-12,ae_selected,g,3,79,1.985189254363793,"[0.9999999999998899, 2.9999999999996696, 3.9999999999995595, 6.000000000000449]",clock_FXKST_USNY_quote
2025-12,ae_selected,g,4,30,-2.3816458253982424,"[0.9999999999998899, 2.9999999999996696, 3.9999999999995595, 6.000000000000449]",clock_FXKST_USNY_quote
2025-12,ae_reconstruction_selected,m,1,24,5.6903118624618045,"[-38.27462659284637, 51.21318215589641, 136.00196402822053, 247.0694373243364]",clock_FXKST_USNY_quote
2025-12,ae_reconstruction_selected,m,2,182,-0.4519935862469129,"[-38.27462659284637, 51.21318215589641, 136.00196402822053, 247.0694373243364]",clock_FXKST_USNY_quote
2025-12,ae_reconstruction_selected,m,3,121,-4.23435588009874,"[-38.27462659284637, 51.21318215589641, 136.00196402822053, 247.0694373243364]",clock_FXKST_USNY_quote
2025-12,ae_reconstruction_selected,m,4,25,-30.504547802478584,"[-38.27462659284637, 51.21318215589641, 136.00196402822053, 247.0694373243364]",clock_FXKST_USNY_quote
2025-12,ae_reconstruction_selected,g,0,16,-13.921514378774548,"[0.9999999999998899, 2.9999999999996696, 3.9999999999995595, 6.000000000000449]",clock_FXKST_USNY_quote
2025-12,ae_reconstruction_selected,g,1,144,-5.557437852134201,"[0.9999999999998899, 2.9999999999996696, 3.9999999999995595, 6.000000000000449]",clock_FXKST_USNY_quote
2025-12,ae_reconstruction_selected,g,2,83,-3.4100168688776096,"[0.9999999999998899, 2.9999999999996696, 3.9999999999995595, 6.000000000000449]",clock_FXKST_USNY_quote
2025-12,ae_reconstruction_selected,g,3,79,1.985189254363793,"[0.9999999999998899, 2.9999999999996696, 3.9999999999995595, 6.000000000000449]",clock_FXKST_USNY_quote
2025-12,ae_reconstruction_selected,g,4,30,-2.3816458253982424,"[0.9999999999998899, 2.9999999999996696, 3.9999999999995595, 6.000000000000449]",clock_FXKST_USNY_quote
2026-01,sequential_ols,m,0,27,3.601542592989829,"[-20.46956402321272, 66.00242519934056, 136.4965273454338, 234.65581573600667]",clock_FXKST_USNY_quote
2026-01,sequential_ols,m,1,164,-2.389699202699482,"[-20.46956402321272, 66.00242519934056, 136.4965273454338, 234.65581573600667]",clock_FXKST_USNY_quote
2026-01,sequential_ols,m,2,83,-3.288286446616145,"[-20.46956402321272, 66.00242519934056, 136.4965273454338, 234.65581573600667]",clock_FXKST_USNY_quote
2026-01,sequential_ols,m,3,54,-5.059139182200111,"[-20.46956402321272, 66.00242519934056, 136.4965273454338, 234.65581573600667]",clock_FXKST_USNY_quote
2026-01,sequential_ols,m,4,18,-6.534338737622012,"[-20.46956402321272, 66.00242519934056, 136.4965273454338, 234.65581573600667]",clock_FXKST_USNY_quote
2026-01,sequential_ols,g,0,12,-3.142046220039212,"[0.9999999999998899, 1.9999999999997797, 3.9999999999995595, 5.999999999999339]",clock_FXKST_USNY_quote
2026-01,sequential_ols,g,1,29,0.7373790180624845,"[0.9999999999998899, 1.9999999999997797, 3.9999999999995595, 5.999999999999339]",clock_FXKST_USNY_quote
2026-01,sequential_ols,g,2,70,-2.320689033258724,"[0.9999999999998899, 1.9999999999997797, 3.9999999999995595, 5.999999999999339]",clock_FXKST_USNY_quote
2026-01,sequential_ols,g,3,19,-3.225140561085143,"[0.9999999999998899, 1.9999999999997797, 3.9999999999995595, 5.999999999999339]",clock_FXKST_USNY_quote
2026-01,sequential_ols,g,4,216,-3.3257497282951163,"[0.9999999999998899, 1.9999999999997797, 3.9999999999995595, 5.999999999999339]",clock_FXKST_USNY_quote
2026-01,pca_1,m,0,27,3.5895933476608315,"[-20.46956402321272, 66.00242519934056, 136.4965273454338, 234.65581573600667]",clock_FXKST_USNY_quote
2026-01,pca_1,m,1,164,-2.3764946822241044,"[-20.46956402321272, 66.00242519934056, 136.4965273454338, 234.65581573600667]",clock_FXKST_USNY_quote
2026-01,pca_1,m,2,83,-3.273820506625737,"[-20.46956402321272, 66.00242519934056, 136.4965273454338, 234.65581573600667]",clock_FXKST_USNY_quote
2026-01,pca_1,m,3,54,-5.063240608379342,"[-20.46956402321272, 66.00242519934056, 136.4965273454338, 234.65581573600667]",clock_FXKST_USNY_quote
2026-01,pca_1,m,4,18,-6.521428325763101,"[-20.46956402321272, 66.00242519934056, 136.4965273454338, 234.65581573600667]",clock_FXKST_USNY_quote
2026-01,pca_1,g,0,12,-3.118130877837193,"[0.9999999999998899, 1.9999999999997797, 3.9999999999995595, 5.999999999999339]",clock_FXKST_USNY_quote
2026-01,pca_1,g,1,29,0.7307314517780241,"[0.9999999999998899, 1.9999999999997797, 3.9999999999995595, 5.999999999999339]",clock_FXKST_USNY_quote
2026-01,pca_1,g,2,70,-2.30904026429436,"[0.9999999999998899, 1.9999999999997797, 3.9999999999995595, 5.999999999999339]",clock_FXKST_USNY_quote
2026-01,pca_1,g,3,19,-3.204830830276804,"[0.9999999999998899, 1.9999999999997797, 3.9999999999995595, 5.999999999999339]",clock_FXKST_USNY_quote
2026-01,pca_1,g,4,216,-3.3176062479431443,"[0.9999999999998899, 1.9999999999997797, 3.9999999999995595, 5.999999999999339]",clock_FXKST_USNY_quote
2026-01,pca_2,m,0,27,2.340599385363158,"[-20.46956402321272, 66.00242519934056, 136.4965273454338, 234.65581573600667]",clock_FXKST_USNY_quote
2026-01,pca_2,m,1,164,-1.42777625385667,"[-20.46956402321272, 66.00242519934056, 136.4965273454338, 234.65581573600667]",clock_FXKST_USNY_quote
2026-01,pca_2,m,2,83,-2.1275750438169903,"[-20.46956402321272, 66.00242519934056, 136.4965273454338, 234.65581573600667]",clock_FXKST_USNY_quote
2026-01,pca_2,m,3,54,-5.452515622664725,"[-20.46956402321272, 66.00242519934056, 136.4965273454338, 234.65581573600667]",clock_FXKST_USNY_quote
2026-01,pca_2,m,4,18,-5.370408702205363,"[-20.46956402321272, 66.00242519934056, 136.4965273454338, 234.65581573600667]",clock_FXKST_USNY_quote
2026-01,pca_2,g,0,12,-1.321319202012694,"[0.9999999999998899, 1.9999999999997797, 3.9999999999995595, 5.999999999999339]",clock_FXKST_USNY_quote
2026-01,pca_2,g,1,29,-0.0177982742409751,"[0.9999999999998899, 1.9999999999997797, 3.9999999999995595, 5.999999999999339]",clock_FXKST_USNY_quote
2026-01,pca_2,g,2,70,-1.3497821731655293,"[0.9999999999998899, 1.9999999999997797, 3.9999999999995595, 5.999999999999339]",clock_FXKST_USNY_quote
2026-01,pca_2,g,3,19,-1.4831971937086688,"[0.9999999999998899, 1.9999999999997797, 3.9999999999995595, 5.999999999999339]",clock_FXKST_USNY_quote
2026-01,pca_2,g,4,216,-2.775988759022676,"[0.9999999999998899, 1.9999999999997797, 3.9999999999995595, 5.999999999999339]",clock_FXKST_USNY_quote
2026-01,conditional_linear,m,0,27,3.079028117694228,"[-20.46956402321272, 66.00242519934056, 136.4965273454338, 234.65581573600667]",clock_FXKST_USNY_quote
2026-01,conditional_linear,m,1,164,-2.986055017735471,"[-20.46956402321272, 66.00242519934056, 136.4965273454338, 234.65581573600667]",clock_FXKST_USNY_quote
2026-01,conditional_linear,m,2,83,-3.619894132537658,"[-20.46956402321272, 66.00242519934056, 136.4965273454338, 234.65581573600667]",clock_FXKST_USNY_quote
2026-01,conditional_linear,m,3,54,-4.947835366802832,"[-20.46956402321272, 66.00242519934056, 136.4965273454338, 234.65581573600667]",clock_FXKST_USNY_quote
2026-01,conditional_linear,m,4,18,-5.837467187074749,"[-20.46956402321272, 66.00242519934056, 136.4965273454338, 234.65581573600667]",clock_FXKST_USNY_quote
2026-01,conditional_linear,g,0,12,-4.599731395978293,"[0.9999999999998899, 1.9999999999997797, 3.9999999999995595, 5.999999999999339]",clock_FXKST_USNY_quote
2026-01,conditional_linear,g,1,29,-0.2372286828959531,"[0.9999999999998899, 1.9999999999997797, 3.9999999999995595, 5.999999999999339]",clock_FXKST_USNY_quote
2026-01,conditional_linear,g,2,70,-2.84927720592067,"[0.9999999999998899, 1.9999999999997797, 3.9999999999995595, 5.999999999999339]",clock_FXKST_USNY_quote
2026-01,conditional_linear,g,3,19,-3.6806001361117593,"[0.9999999999998899, 1.9999999999997797, 3.9999999999995595, 5.999999999999339]",clock_FXKST_USNY_quote
2026-01,conditional_linear,g,4,216,-3.462179538656966,"[0.9999999999998899, 1.9999999999997797, 3.9999999999995595, 5.999999999999339]",clock_FXKST_USNY_quote
2026-01,ae_relu_1,m,0,27,3.591774631249989,"[-20.46956402321272, 66.00242519934056, 136.4965273454338, 234.65581573600667]",clock_FXKST_USNY_quote
2026-01,ae_relu_1,m,1,164,-2.373218871575349,"[-20.46956402321272, 66.00242519934056, 136.4965273454338, 234.65581573600667]",clock_FXKST_USNY_quote
2026-01,ae_relu_1,m,2,83,-3.269611610237944,"[-20.46956402321272, 66.00242519934056, 136.4965273454338, 234.65581573600667]",clock_FXKST_USNY_quote
2026-01,ae_relu_1,m,3,54,-5.058640784727229,"[-20.46956402321272, 66.00242519934056, 136.4965273454338, 234.65581573600667]",clock_FXKST_USNY_quote
2026-01,ae_relu_1,m,4,18,-6.518034257395827,"[-20.46956402321272, 66.00242519934056, 136.4965273454338, 234.65581573600667]",clock_FXKST_USNY_quote
2026-01,ae_relu_1,g,0,12,-3.1175076677323297,"[0.9999999999998899, 1.9999999999997797, 3.9999999999995595, 5.999999999999339]",clock_FXKST_USNY_quote
2026-01,ae_relu_1,g,1,29,0.7317516975057627,"[0.9999999999998899, 1.9999999999997797, 3.9999999999995595, 5.999999999999339]",clock_FXKST_USNY_quote
2026-01,ae_relu_1,g,2,70,-2.307208074990508,"[0.9999999999998899, 1.9999999999997797, 3.9999999999995595, 5.999999999999339]",clock_FXKST_USNY_quote
2026-01,ae_relu_1,g,3,19,-3.202075806051889,"[0.9999999999998899, 1.9999999999997797, 3.9999999999995595, 5.999999999999339]",clock_FXKST_USNY_quote
2026-01,ae_relu_1,g,4,216,-3.312804000941249,"[0.9999999999998899, 1.9999999999997797, 3.9999999999995595, 5.999999999999339]",clock_FXKST_USNY_quote
2026-01,ae_relu_2,m,0,27,5.437377960134815,"[-20.46956402321272, 66.00242519934056, 136.4965273454338, 234.65581573600667]",clock_FXKST_USNY_quote
2026-01,ae_relu_2,m,1,164,-1.1872428531763466,"[-20.46956402321272, 66.00242519934056, 136.4965273454338, 234.65581573600667]",clock_FXKST_USNY_quote
2026-01,ae_relu_2,m,2,83,-5.62260599829069,"[-20.46956402321272, 66.00242519934056, 136.4965273454338, 234.65581573600667]",clock_FXKST_USNY_quote
2026-01,ae_relu_2,m,3,54,-12.12870963380434,"[-20.46956402321272, 66.00242519934056, 136.4965273454338, 234.65581573600667]",clock_FXKST_USNY_quote
2026-01,ae_relu_2,m,4,18,-12.952596750967672,"[-20.46956402321272, 66.00242519934056, 136.4965273454338, 234.65581573600667]",clock_FXKST_USNY_quote
2026-01,ae_relu_2,g,0,12,0.3666456320966684,"[0.9999999999998899, 1.9999999999997797, 3.9999999999995595, 5.999999999999339]",clock_FXKST_USNY_quote
2026-01,ae_relu_2,g,1,29,1.99901163629712,"[0.9999999999998899, 1.9999999999997797, 3.9999999999995595, 5.999999999999339]",clock_FXKST_USNY_quote
2026-01,ae_relu_2,g,2,70,-0.6865109517135337,"[0.9999999999998899, 1.9999999999997797, 3.9999999999995595, 5.999999999999339]",clock_FXKST_USNY_quote
2026-01,ae_relu_2,g,3,19,-1.9296367309309903,"[0.9999999999998899, 1.9999999999997797, 3.9999999999995595, 5.999999999999339]",clock_FXKST_USNY_quote
2026-01,ae_relu_2,g,4,216,-6.390389829298152,"[0.9999999999998899, 1.9999999999997797, 3.9999999999995595, 5.999999999999339]",clock_FXKST_USNY_quote
2026-01,ae_tanh_1,m,0,27,-1.922873200899809,"[-20.46956402321272, 66.00242519934056, 136.4965273454338, 234.65581573600667]",clock_FXKST_USNY_quote
2026-01,ae_tanh_1,m,1,164,-10.52006983554863,"[-20.46956402321272, 66.00242519934056, 136.4965273454338, 234.65581573600667]",clock_FXKST_USNY_quote
2026-01,ae_tanh_1,m,2,83,-9.815909783383155,"[-20.46956402321272, 66.00242519934056, 136.4965273454338, 234.65581573600667]",clock_FXKST_USNY_quote
2026-01,ae_tanh_1,m,3,54,-7.697094918299431,"[-20.46956402321272, 66.00242519934056, 136.4965273454338, 234.65581573600667]",clock_FXKST_USNY_quote
2026-01,ae_tanh_1,m,4,18,-1.7812152292794237,"[-20.46956402321272, 66.00242519934056, 136.4965273454338, 234.65581573600667]",clock_FXKST_USNY_quote
2026-01,ae_tanh_1,g,0,12,-9.777463516672157,"[0.9999999999998899, 1.9999999999997797, 3.9999999999995595, 5.999999999999339]",clock_FXKST_USNY_quote
2026-01,ae_tanh_1,g,1,29,-5.501064830006863,"[0.9999999999998899, 1.9999999999997797, 3.9999999999995595, 5.999999999999339]",clock_FXKST_USNY_quote
2026-01,ae_tanh_1,g,2,70,-9.560252776548758,"[0.9999999999998899, 1.9999999999997797, 3.9999999999995595, 5.999999999999339]",clock_FXKST_USNY_quote
2026-01,ae_tanh_1,g,3,19,-10.975561692262588,"[0.9999999999998899, 1.9999999999997797, 3.9999999999995595, 5.999999999999339]",clock_FXKST_USNY_quote
2026-01,ae_tanh_1,g,4,216,-8.726947835225019,"[0.9999999999998899, 1.9999999999997797, 3.9999999999995595, 5.999999999999339]",clock_FXKST_USNY_quote
2026-01,ae_tanh_2,m,0,27,-5.346067492071365,"[-20.46956402321272, 66.00242519934056, 136.4965273454338, 234.65581573600667]",clock_FXKST_USNY_quote
2026-01,ae_tanh_2,m,1,164,-11.942131330840366,"[-20.46956402321272, 66.00242519934056, 136.4965273454338, 234.65581573600667]",clock_FXKST_USNY_quote
2026-01,ae_tanh_2,m,2,83,-8.95969122893445,"[-20.46956402321272, 66.00242519934056, 136.4965273454338, 234.65581573600667]",clock_FXKST_USNY_quote
2026-01,ae_tanh_2,m,3,54,-4.52077290338658,"[-20.46956402321272, 66.00242519934056, 136.4965273454338, 234.65581573600667]",clock_FXKST_USNY_quote
2026-01,ae_tanh_2,m,4,18,3.9888243294608654,"[-20.46956402321272, 66.00242519934056, 136.4965273454338, 234.65581573600667]",clock_FXKST_USNY_quote
2026-01,ae_tanh_2,g,0,12,-11.966015411198905,"[0.9999999999998899, 1.9999999999997797, 3.9999999999995595, 5.999999999999339]",clock_FXKST_USNY_quote
2026-01,ae_tanh_2,g,1,29,-8.041174961298095,"[0.9999999999998899, 1.9999999999997797, 3.9999999999995595, 5.999999999999339]",clock_FXKST_USNY_quote
2026-01,ae_tanh_2,g,2,70,-11.178619947914836,"[0.9999999999998899, 1.9999999999997797, 3.9999999999995595, 5.999999999999339]",clock_FXKST_USNY_quote
2026-01,ae_tanh_2,g,3,19,-11.992695069866638,"[0.9999999999998899, 1.9999999999997797, 3.9999999999995595, 5.999999999999339]",clock_FXKST_USNY_quote
2026-01,ae_tanh_2,g,4,216,-7.554073008816433,"[0.9999999999998899, 1.9999999999997797, 3.9999999999995595, 5.999999999999339]",clock_FXKST_USNY_quote
2026-01,conditional_neural,m,0,27,3.07902933643968,"[-20.46956402321272, 66.00242519934056, 136.4965273454338, 234.65581573600667]",clock_FXKST_USNY_quote
2026-01,conditional_neural,m,1,164,-2.986053236867505,"[-20.46956402321272, 66.00242519934056, 136.4965273454338, 234.65581573600667]",clock_FXKST_USNY_quote
2026-01,conditional_neural,m,2,83,-3.619893100706192,"[-20.46956402321272, 66.00242519934056, 136.4965273454338, 234.65581573600667]",clock_FXKST_USNY_quote
2026-01,conditional_neural,m,3,54,-4.947835848359234,"[-20.46956402321272, 66.00242519934056, 136.4965273454338, 234.65581573600667]",clock_FXKST_USNY_quote
2026-01,conditional_neural,m,4,18,-5.837469336066389,"[-20.46956402321272, 66.00242519934056, 136.4965273454338, 234.65581573600667]",clock_FXKST_USNY_quote
2026-01,conditional_neural,g,0,12,-4.599726183513963,"[0.9999999999998899, 1.9999999999997797, 3.9999999999995595, 5.999999999999339]",clock_FXKST_USNY_quote
2026-01,conditional_neural,g,1,29,-0.2372255113876485,"[0.9999999999998899, 1.9999999999997797, 3.9999999999995595, 5.999999999999339]",clock_FXKST_USNY_quote
2026-01,conditional_neural,g,2,70,-2.8492755982022038,"[0.9999999999998899, 1.9999999999997797, 3.9999999999995595, 5.999999999999339]",clock_FXKST_USNY_quote
2026-01,conditional_neural,g,3,19,-3.6805987519593306,"[0.9999999999998899, 1.9999999999997797, 3.9999999999995595, 5.999999999999339]",clock_FXKST_USNY_quote
2026-01,conditional_neural,g,4,216,-3.4621792953139647,"[0.9999999999998899, 1.9999999999997797, 3.9999999999995595, 5.999999999999339]",clock_FXKST_USNY_quote
2026-01,pca_selected,m,0,27,2.340599385363158,"[-20.46956402321272, 66.00242519934056, 136.4965273454338, 234.65581573600667]",clock_FXKST_USNY_quote
2026-01,pca_selected,m,1,164,-1.42777625385667,"[-20.46956402321272, 66.00242519934056, 136.4965273454338, 234.65581573600667]",clock_FXKST_USNY_quote
2026-01,pca_selected,m,2,83,-2.1275750438169903,"[-20.46956402321272, 66.00242519934056, 136.4965273454338, 234.65581573600667]",clock_FXKST_USNY_quote
2026-01,pca_selected,m,3,54,-5.452515622664725,"[-20.46956402321272, 66.00242519934056, 136.4965273454338, 234.65581573600667]",clock_FXKST_USNY_quote
2026-01,pca_selected,m,4,18,-5.370408702205363,"[-20.46956402321272, 66.00242519934056, 136.4965273454338, 234.65581573600667]",clock_FXKST_USNY_quote
2026-01,pca_selected,g,0,12,-1.321319202012694,"[0.9999999999998899, 1.9999999999997797, 3.9999999999995595, 5.999999999999339]",clock_FXKST_USNY_quote
2026-01,pca_selected,g,1,29,-0.0177982742409751,"[0.9999999999998899, 1.9999999999997797, 3.9999999999995595, 5.999999999999339]",clock_FXKST_USNY_quote
2026-01,pca_selected,g,2,70,-1.3497821731655293,"[0.9999999999998899, 1.9999999999997797, 3.9999999999995595, 5.999999999999339]",clock_FXKST_USNY_quote
2026-01,pca_selected,g,3,19,-1.4831971937086688,"[0.9999999999998899, 1.9999999999997797, 3.9999999999995595, 5.999999999999339]",clock_FXKST_USNY_quote
2026-01,pca_selected,g,4,216,-2.775988759022676,"[0.9999999999998899, 1.9999999999997797, 3.9999999999995595, 5.999999999999339]",clock_FXKST_USNY_quote
2026-01,ae_selected,m,0,27,3.591774631249989,"[-20.46956402321272, 66.00242519934056, 136.4965273454338, 234.65581573600667]",clock_FXKST_USNY_quote
2026-01,ae_selected,m,1,164,-2.373218871575349,"[-20.46956402321272, 66.00242519934056, 136.4965273454338, 234.65581573600667]",clock_FXKST_USNY_quote
2026-01,ae_selected,m,2,83,-3.269611610237944,"[-20.46956402321272, 66.00242519934056, 136.4965273454338, 234.65581573600667]",clock_FXKST_USNY_quote
2026-01,ae_selected,m,3,54,-5.058640784727229,"[-20.46956402321272, 66.00242519934056, 136.4965273454338, 234.65581573600667]",clock_FXKST_USNY_quote
2026-01,ae_selected,m,4,18,-6.518034257395827,"[-20.46956402321272, 66.00242519934056, 136.4965273454338, 234.65581573600667]",clock_FXKST_USNY_quote
2026-01,ae_selected,g,0,12,-3.1175076677323297,"[0.9999999999998899, 1.9999999999997797, 3.9999999999995595, 5.999999999999339]",clock_FXKST_USNY_quote
2026-01,ae_selected,g,1,29,0.7317516975057627,"[0.9999999999998899, 1.9999999999997797, 3.9999999999995595, 5.999999999999339]",clock_FXKST_USNY_quote
2026-01,ae_selected,g,2,70,-2.307208074990508,"[0.9999999999998899, 1.9999999999997797, 3.9999999999995595, 5.999999999999339]",clock_FXKST_USNY_quote
2026-01,ae_selected,g,3,19,-3.202075806051889,"[0.9999999999998899, 1.9999999999997797, 3.9999999999995595, 5.999999999999339]",clock_FXKST_USNY_quote
2026-01,ae_selected,g,4,216,-3.312804000941249,"[0.9999999999998899, 1.9999999999997797, 3.9999999999995595, 5.999999999999339]",clock_FXKST_USNY_quote
2026-01,ae_reconstruction_selected,m,0,27,3.591774631249989,"[-20.46956402321272, 66.00242519934056, 136.4965273454338, 234.65581573600667]",clock_FXKST_USNY_quote
2026-01,ae_reconstruction_selected,m,1,164,-2.373218871575349,"[-20.46956402321272, 66.00242519934056, 136.4965273454338, 234.65581573600667]",clock_FXKST_USNY_quote
2026-01,ae_reconstruction_selected,m,2,83,-3.269611610237944,"[-20.46956402321272, 66.00242519934056, 136.4965273454338, 234.65581573600667]",clock_FXKST_USNY_quote
2026-01,ae_reconstruction_selected,m,3,54,-5.058640784727229,"[-20.46956402321272, 66.00242519934056, 136.4965273454338, 234.65581573600667]",clock_FXKST_USNY_quote
2026-01,ae_reconstruction_selected,m,4,18,-6.518034257395827,"[-20.46956402321272, 66.00242519934056, 136.4965273454338, 234.65581573600667]",clock_FXKST_USNY_quote
2026-01,ae_reconstruction_selected,g,0,12,-3.1175076677323297,"[0.9999999999998899, 1.9999999999997797, 3.9999999999995595, 5.999999999999339]",clock_FXKST_USNY_quote
2026-01,ae_reconstruction_selected,g,1,29,0.7317516975057627,"[0.9999999999998899, 1.9999999999997797, 3.9999999999995595, 5.999999999999339]",clock_FXKST_USNY_quote
2026-01,ae_reconstruction_selected,g,2,70,-2.307208074990508,"[0.9999999999998899, 1.9999999999997797, 3.9999999999995595, 5.999999999999339]",clock_FXKST_USNY_quote
2026-01,ae_reconstruction_selected,g,3,19,-3.202075806051889,"[0.9999999999998899, 1.9999999999997797, 3.9999999999995595, 5.999999999999339]",clock_FXKST_USNY_quote
2026-01,ae_reconstruction_selected,g,4,216,-3.312804000941249,"[0.9999999999998899, 1.9999999999997797, 3.9999999999995595, 5.999999999999339]",clock_FXKST_USNY_quote
2026-02,sequential_ols,m,0,1,25.92531148877637,"[-12.006040599158752, 60.5459270242389, 126.7334216179142, 221.97791370688594]",clock_FXKST_USNY_quote
2026-02,sequential_ols,m,1,23,-1.346139364239398,"[-12.006040599158752, 60.5459270242389, 126.7334216179142, 221.97791370688594]",clock_FXKST_USNY_quote
2026-02,sequential_ols,m,2,45,1.7858087683351889,"[-12.006040599158752, 60.5459270242389, 126.7334216179142, 221.97791370688594]",clock_FXKST_USNY_quote
2026-02,sequential_ols,m,3,142,1.5562462857621533,"[-12.006040599158752, 60.5459270242389, 126.7334216179142, 221.97791370688594]",clock_FXKST_USNY_quote
2026-02,sequential_ols,m,4,113,-3.653907628142497,"[-12.006040599158752, 60.5459270242389, 126.7334216179142, 221.97791370688594]",clock_FXKST_USNY_quote
2026-02,sequential_ols,g,0,22,-0.324594663573129,"[0.9999999999998899, 2.9999999999996696, 3.9999999999995595, 6.000000000000449]",clock_FXKST_USNY_quote
2026-02,sequential_ols,g,1,45,1.7040772440151746,"[0.9999999999998899, 2.9999999999996696, 3.9999999999995595, 6.000000000000449]",clock_FXKST_USNY_quote
2026-02,sequential_ols,g,2,37,1.439441650081206,"[0.9999999999998899, 2.9999999999996696, 3.9999999999995595, 6.000000000000449]",clock_FXKST_USNY_quote
2026-02,sequential_ols,g,3,149,-1.2902233504439085,"[0.9999999999998899, 2.9999999999996696, 3.9999999999995595, 6.000000000000449]",clock_FXKST_USNY_quote
2026-02,sequential_ols,g,4,71,-0.6639090694994212,"[0.9999999999998899, 2.9999999999996696, 3.9999999999995595, 6.000000000000449]",clock_FXKST_USNY_quote
2026-02,pca_1,m,0,1,25.855587080389757,"[-12.006040599158752, 60.5459270242389, 126.7334216179142, 221.97791370688594]",clock_FXKST_USNY_quote
2026-02,pca_1,m,1,23,-1.3646531226798966,"[-12.006040599158752, 60.5459270242389, 126.7334216179142, 221.97791370688594]",clock_FXKST_USNY_quote
2026-02,pca_1,m,2,45,1.78859686530701,"[-12.006040599158752, 60.5459270242389, 126.7334216179142, 221.97791370688594]",clock_FXKST_USNY_quote
2026-02,pca_1,m,3,142,1.5274583858475714,"[-12.006040599158752, 60.5459270242389, 126.7334216179142, 221.97791370688594]",clock_FXKST_USNY_quote
2026-02,pca_1,m,4,113,-3.6291578712100847,"[-12.006040599158752, 60.5459270242389, 126.7334216179142, 221.97791370688594]",clock_FXKST_USNY_quote
2026-02,pca_1,g,0,22,-0.3333885479849475,"[0.9999999999998899, 2.9999999999996696, 3.9999999999995595, 6.000000000000449]",clock_FXKST_USNY_quote
2026-02,pca_1,g,1,45,1.6687684936343827,"[0.9999999999998899, 2.9999999999996696, 3.9999999999995595, 6.000000000000449]",clock_FXKST_USNY_quote
2026-02,pca_1,g,2,37,1.4107596531732902,"[0.9999999999998899, 2.9999999999996696, 3.9999999999995595, 6.000000000000449]",clock_FXKST_USNY_quote
2026-02,pca_1,g,3,149,-1.280382860735444,"[0.9999999999998899, 2.9999999999996696, 3.9999999999995595, 6.000000000000449]",clock_FXKST_USNY_quote
2026-02,pca_1,g,4,71,-0.6679073173876873,"[0.9999999999998899, 2.9999999999996696, 3.9999999999995595, 6.000000000000449]",clock_FXKST_USNY_quote
2026-02,pca_2,m,0,1,19.73913003226325,"[-12.006040599158752, 60.5459270242389, 126.7334216179142, 221.97791370688594]",clock_FXKST_USNY_quote
2026-02,pca_2,m,1,23,-3.0173378071077197,"[-12.006040599158752, 60.5459270242389, 126.7334216179142, 221.97791370688594]",clock_FXKST_USNY_quote
2026-02,pca_2,m,2,45,2.028791045192285,"[-12.006040599158752, 60.5459270242389, 126.7334216179142, 221.97791370688594]",clock_FXKST_USNY_quote
2026-02,pca_2,m,3,142,-0.9077912946624944,"[-12.006040599158752, 60.5459270242389, 126.7334216179142, 221.97791370688594]",clock_FXKST_USNY_quote
2026-02,pca_2,m,4,113,-1.5520182019293731,"[-12.006040599158752, 60.5459270242389, 126.7334216179142, 221.97791370688594]",clock_FXKST_USNY_quote
2026-02,pca_2,g,0,22,-1.2002515423713989,"[0.9999999999998899, 2.9999999999996696, 3.9999999999995595, 6.000000000000449]",clock_FXKST_USNY_quote
2026-02,pca_2,g,1,45,-1.3779564660132089,"[0.9999999999998899, 2.9999999999996696, 3.9999999999995595, 6.000000000000449]",clock_FXKST_USNY_quote
2026-02,pca_2,g,2,37,-0.9984720365265118,"[0.9999999999998899, 2.9999999999996696, 3.9999999999995595, 6.000000000000449]",clock_FXKST_USNY_quote
2026-02,pca_2,g,3,149,-0.4450374236285788,"[0.9999999999998899, 2.9999999999996696, 3.9999999999995595, 6.000000000000449]",clock_FXKST_USNY_quote
2026-02,pca_2,g,4,71,-0.9997302363767676,"[0.9999999999998899, 2.9999999999996696, 3.9999999999995595, 6.000000000000449]",clock_FXKST_USNY_quote
2026-02,conditional_linear,m,0,1,24.84095363737429,"[-12.006040599158752, 60.5459270242389, 126.7334216179142, 221.97791370688594]",clock_FXKST_USNY_quote
2026-02,conditional_linear,m,1,23,-2.267097994400823,"[-12.006040599158752, 60.5459270242389, 126.7334216179142, 221.97791370688594]",clock_FXKST_USNY_quote
2026-02,conditional_linear,m,2,45,1.455585305916935,"[-12.006040599158752, 60.5459270242389, 126.7334216179142, 221.97791370688594]",clock_FXKST_USNY_quote
2026-02,conditional_linear,m,3,142,1.7159749889244642,"[-12.006040599158752, 60.5459270242389, 126.7334216179142, 221.97791370688594]",clock_FXKST_USNY_quote
2026-02,conditional_linear,m,4,113,-2.764635612797067,"[-12.006040599158752, 60.5459270242389, 126.7334216179142, 221.97791370688594]",clock_FXKST_USNY_quote
2026-02,conditional_linear,g,0,22,-0.6493053228993723,"[0.9999999999998899, 2.9999999999996696, 3.9999999999995595, 6.000000000000449]",clock_FXKST_USNY_quote
2026-02,conditional_linear,g,1,45,1.2457222184572094,"[0.9999999999998899, 2.9999999999996696, 3.9999999999995595, 6.000000000000449]",clock_FXKST_USNY_quote
2026-02,conditional_linear,g,2,37,1.6945829260252117,"[0.9999999999998899, 2.9999999999996696, 3.9999999999995595, 6.000000000000449]",clock_FXKST_USNY_quote
2026-02,conditional_linear,g,3,149,-0.6217722391845214,"[0.9999999999998899, 2.9999999999996696, 3.9999999999995595, 6.000000000000449]",clock_FXKST_USNY_quote
2026-02,conditional_linear,g,4,71,-0.5966848540507687,"[0.9999999999998899, 2.9999999999996696, 3.9999999999995595, 6.000000000000449]",clock_FXKST_USNY_quote
2026-02,ae_relu_1,m,0,1,25.85866215485261,"[-12.006040599158752, 60.5459270242389, 126.7334216179142, 221.97791370688594]",clock_FXKST_USNY_quote
2026-02,ae_relu_1,m,1,23,-1.3636628801241186,"[-12.006040599158752, 60.5459270242389, 126.7334216179142, 221.97791370688594]",clock_FXKST_USNY_quote
2026-02,ae_relu_1,m,2,45,1.789484566917391,"[-12.006040599158752, 60.5459270242389, 126.7334216179142, 221.97791370688594]",clock_FXKST_USNY_quote
2026-02,ae_relu_1,m,3,142,1.5280879400313734,"[-12.006040599158752, 60.5459270242389, 126.7334216179142, 221.97791370688594]",clock_FXKST_USNY_quote
2026-02,ae_relu_1,m,4,113,-3.629953537601832,"[-12.006040599158752, 60.5459270242389, 126.7334216179142, 221.97791370688594]",clock_FXKST_USNY_quote
2026-02,ae_relu_1,g,0,22,-0.3335718120004696,"[0.9999999999998899, 2.9999999999996696, 3.9999999999995595, 6.000000000000449]",clock_FXKST_USNY_quote
2026-02,ae_relu_1,g,1,45,1.6691827686247,"[0.9999999999998899, 2.9999999999996696, 3.9999999999995595, 6.000000000000449]",clock_FXKST_USNY_quote
2026-02,ae_relu_1,g,2,37,1.4110686123220273,"[0.9999999999998899, 2.9999999999996696, 3.9999999999995595, 6.000000000000449]",clock_FXKST_USNY_quote
2026-02,ae_relu_1,g,3,149,-1.2806335299344056,"[0.9999999999998899, 2.9999999999996696, 3.9999999999995595, 6.000000000000449]",clock_FXKST_USNY_quote
2026-02,ae_relu_1,g,4,71,-0.6668285670572003,"[0.9999999999998899, 2.9999999999996696, 3.9999999999995595, 6.000000000000449]",clock_FXKST_USNY_quote
2026-02,ae_relu_2,m,0,1,22.247563251080457,"[-12.006040599158752, 60.5459270242389, 126.7334216179142, 221.97791370688594]",clock_FXKST_USNY_quote
2026-02,ae_relu_2,m,1,23,-2.8138375702628715,"[-12.006040599158752, 60.5459270242389, 126.7334216179142, 221.97791370688594]",clock_FXKST_USNY_quote
2026-02,ae_relu_2,m,2,45,1.8969713054748527,"[-12.006040599158752, 60.5459270242389, 126.7334216179142, 221.97791370688594]",clock_FXKST_USNY_quote
2026-02,ae_relu_2,m,3,142,0.1303210853075586,"[-12.006040599158752, 60.5459270242389, 126.7334216179142, 221.97791370688594]",clock_FXKST_USNY_quote
2026-02,ae_relu_2,m,4,113,-2.5843039957559637,"[-12.006040599158752, 60.5459270242389, 126.7334216179142, 221.97791370688594]",clock_FXKST_USNY_quote
2026-02,ae_relu_2,g,0,22,-1.15983247299876,"[0.9999999999998899, 2.9999999999996696, 3.9999999999995595, 6.000000000000449]",clock_FXKST_USNY_quote
2026-02,ae_relu_2,g,1,45,-0.1929538598612262,"[0.9999999999998899, 2.9999999999996696, 3.9999999999995595, 6.000000000000449]",clock_FXKST_USNY_quote
2026-02,ae_relu_2,g,2,37,-0.0150638705199806,"[0.9999999999998899, 2.9999999999996696, 3.9999999999995595, 6.000000000000449]",clock_FXKST_USNY_quote
2026-02,ae_relu_2,g,3,149,-0.8331889322849366,"[0.9999999999998899, 2.9999999999996696, 3.9999999999995595, 6.000000000000449]",clock_FXKST_USNY_quote
2026-02,ae_relu_2,g,4,71,-1.0102253141679582,"[0.9999999999998899, 2.9999999999996696, 3.9999999999995595, 6.000000000000449]",clock_FXKST_USNY_quote
2026-02,ae_tanh_1,m,0,1,19.44896032053159,"[-12.006040599158752, 60.5459270242389, 126.7334216179142, 221.97791370688594]",clock_FXKST_USNY_quote
2026-02,ae_tanh_1,m,1,23,-8.353318495097215,"[-12.006040599158752, 60.5459270242389, 126.7334216179142, 221.97791370688594]",clock_FXKST_USNY_quote
2026-02,ae_tanh_1,m,2,45,-3.0862926184319943,"[-12.006040599158752, 60.5459270242389, 126.7334216179142, 221.97791370688594]",clock_FXKST_USNY_quote
2026-02,ae_tanh_1,m,3,142,1.3461488560036587,"[-12.006040599158752, 60.5459270242389, 126.7334216179142, 221.97791370688594]",clock_FXKST_USNY_quote
2026-02,ae_tanh_1,m,4,113,1.6283986413031288,"[-12.006040599158752, 60.5459270242389, 126.7334216179142, 221.97791370688594]",clock_FXKST_USNY_quote
2026-02,ae_tanh_1,g,0,22,-2.332398259976764,"[0.9999999999998899, 2.9999999999996696, 3.9999999999995595, 6.000000000000449]",clock_FXKST_USNY_quote
2026-02,ae_tanh_1,g,1,45,0.3974498881831175,"[0.9999999999998899, 2.9999999999996696, 3.9999999999995595, 6.000000000000449]",clock_FXKST_USNY_quote
2026-02,ae_tanh_1,g,2,37,3.345009401237653,"[0.9999999999998899, 2.9999999999996696, 3.9999999999995595, 6.000000000000449]",clock_FXKST_USNY_quote
2026-02,ae_tanh_1,g,3,149,1.129894884668598,"[0.9999999999998899, 2.9999999999996696, 3.9999999999995595, 6.000000000000449]",clock_FXKST_USNY_quote
2026-02,ae_tanh_1,g,4,71,-2.7477537716413627,"[0.9999999999998899, 2.9999999999996696, 3.9999999999995595, 6.000000000000449]",clock_FXKST_USNY_quote
2026-02,ae_tanh_2,m,0,1,33.019824661413935,"[-12.006040599158752, 60.5459270242389, 126.7334216179142, 221.97791370688594]",clock_FXKST_USNY_quote
2026-02,ae_tanh_2,m,1,23,-4.856962903237848,"[-12.006040599158752, 60.5459270242389, 126.7334216179142, 221.97791370688594]",clock_FXKST_USNY_quote
2026-02,ae_tanh_2,m,2,45,-1.7197143521612857,"[-12.006040599158752, 60.5459270242389, 126.7334216179142, 221.97791370688594]",clock_FXKST_USNY_quote
2026-02,ae_tanh_2,m,3,142,5.132082060890323,"[-12.006040599158752, 60.5459270242389, 126.7334216179142, 221.97791370688594]",clock_FXKST_USNY_quote
2026-02,ae_tanh_2,m,4,113,7.567658432304414,"[-12.006040599158752, 60.5459270242389, 126.7334216179142, 221.97791370688594]",clock_FXKST_USNY_quote
2026-02,ae_tanh_2,g,0,22,0.2917762257132956,"[0.9999999999998899, 2.9999999999996696, 3.9999999999995595, 6.000000000000449]",clock_FXKST_USNY_quote
2026-02,ae_tanh_2,g,1,45,3.277424949761382,"[0.9999999999998899, 2.9999999999996696, 3.9999999999995595, 6.000000000000449]",clock_FXKST_USNY_quote
2026-02,ae_tanh_2,g,2,37,7.780872248900354,"[0.9999999999998899, 2.9999999999996696, 3.9999999999995595, 6.000000000000449]",clock_FXKST_USNY_quote
2026-02,ae_tanh_2,g,3,149,5.717071516123927,"[0.9999999999998899, 2.9999999999996696, 3.9999999999995595, 6.000000000000449]",clock_FXKST_USNY_quote
2026-02,ae_tanh_2,g,4,71,1.8899219537996776,"[0.9999999999998899, 2.9999999999996696, 3.9999999999995595, 6.000000000000449]",clock_FXKST_USNY_quote
2026-02,conditional_neural,m,0,1,27.534043520854777,"[-12.006040599158752, 60.5459270242389, 126.7334216179142, 221.97791370688594]",clock_FXKST_USNY_quote
2026-02,conditional_neural,m,1,23,-2.9293875804976968,"[-12.006040599158752, 60.5459270242389, 126.7334216179142, 221.97791370688594]",clock_FXKST_USNY_quote
2026-02,conditional_neural,m,2,45,1.7192191138448585,"[-12.006040599158752, 60.5459270242389, 126.7334216179142, 221.97791370688594]",clock_FXKST_USNY_quote
2026-02,conditional_neural,m,3,142,2.3135961277814987,"[-12.006040599158752, 60.5459270242389, 126.7334216179142, 221.97791370688594]",clock_FXKST_USNY_quote
2026-02,conditional_neural,m,4,113,-1.452177366533932,"[-12.006040599158752, 60.5459270242389, 126.7334216179142, 221.97791370688594]",clock_FXKST_USNY_quote
2026-02,conditional_neural,g,0,22,-0.7257537071306231,"[0.9999999999998899, 2.9999999999996696, 3.9999999999995595, 6.000000000000449]",clock_FXKST_USNY_quote
2026-02,conditional_neural,g,1,45,1.101931695034183,"[0.9999999999998899, 2.9999999999996696, 3.9999999999995595, 6.000000000000449]",clock_FXKST_USNY_quote
2026-02,conditional_neural,g,2,37,2.577113042263994,"[0.9999999999998899, 2.9999999999996696, 3.9999999999995595, 6.000000000000449]",clock_FXKST_USNY_quote
2026-02,conditional_neural,g,3,149,0.3053719127267322,"[0.9999999999998899, 2.9999999999996696, 3.9999999999995595, 6.000000000000449]",clock_FXKST_USNY_quote
2026-02,conditional_neural,g,4,71,0.3870937287232317,"[0.9999999999998899, 2.9999999999996696, 3.9999999999995595, 6.000000000000449]",clock_FXKST_USNY_quote
2026-02,pca_selected,m,0,1,19.73913003226325,"[-12.006040599158752, 60.5459270242389, 126.7334216179142, 221.97791370688594]",clock_FXKST_USNY_quote
2026-02,pca_selected,m,1,23,-3.0173378071077197,"[-12.006040599158752, 60.5459270242389, 126.7334216179142, 221.97791370688594]",clock_FXKST_USNY_quote
2026-02,pca_selected,m,2,45,2.028791045192285,"[-12.006040599158752, 60.5459270242389, 126.7334216179142, 221.97791370688594]",clock_FXKST_USNY_quote
2026-02,pca_selected,m,3,142,-0.9077912946624944,"[-12.006040599158752, 60.5459270242389, 126.7334216179142, 221.97791370688594]",clock_FXKST_USNY_quote
2026-02,pca_selected,m,4,113,-1.5520182019293731,"[-12.006040599158752, 60.5459270242389, 126.7334216179142, 221.97791370688594]",clock_FXKST_USNY_quote
2026-02,pca_selected,g,0,22,-1.2002515423713989,"[0.9999999999998899, 2.9999999999996696, 3.9999999999995595, 6.000000000000449]",clock_FXKST_USNY_quote
2026-02,pca_selected,g,1,45,-1.3779564660132089,"[0.9999999999998899, 2.9999999999996696, 3.9999999999995595, 6.000000000000449]",clock_FXKST_USNY_quote
2026-02,pca_selected,g,2,37,-0.9984720365265118,"[0.9999999999998899, 2.9999999999996696, 3.9999999999995595, 6.000000000000449]",clock_FXKST_USNY_quote
2026-02,pca_selected,g,3,149,-0.4450374236285788,"[0.9999999999998899, 2.9999999999996696, 3.9999999999995595, 6.000000000000449]",clock_FXKST_USNY_quote
2026-02,pca_selected,g,4,71,-0.9997302363767676,"[0.9999999999998899, 2.9999999999996696, 3.9999999999995595, 6.000000000000449]",clock_FXKST_USNY_quote
2026-02,ae_selected,m,0,1,22.247563251080457,"[-12.006040599158752, 60.5459270242389, 126.7334216179142, 221.97791370688594]",clock_FXKST_USNY_quote
2026-02,ae_selected,m,1,23,-2.8138375702628715,"[-12.006040599158752, 60.5459270242389, 126.7334216179142, 221.97791370688594]",clock_FXKST_USNY_quote
2026-02,ae_selected,m,2,45,1.8969713054748527,"[-12.006040599158752, 60.5459270242389, 126.7334216179142, 221.97791370688594]",clock_FXKST_USNY_quote
2026-02,ae_selected,m,3,142,0.1303210853075586,"[-12.006040599158752, 60.5459270242389, 126.7334216179142, 221.97791370688594]",clock_FXKST_USNY_quote
2026-02,ae_selected,m,4,113,-2.5843039957559637,"[-12.006040599158752, 60.5459270242389, 126.7334216179142, 221.97791370688594]",clock_FXKST_USNY_quote
2026-02,ae_selected,g,0,22,-1.15983247299876,"[0.9999999999998899, 2.9999999999996696, 3.9999999999995595, 6.000000000000449]",clock_FXKST_USNY_quote
2026-02,ae_selected,g,1,45,-0.1929538598612262,"[0.9999999999998899, 2.9999999999996696, 3.9999999999995595, 6.000000000000449]",clock_FXKST_USNY_quote
2026-02,ae_selected,g,2,37,-0.0150638705199806,"[0.9999999999998899, 2.9999999999996696, 3.9999999999995595, 6.000000000000449]",clock_FXKST_USNY_quote
2026-02,ae_selected,g,3,149,-0.8331889322849366,"[0.9999999999998899, 2.9999999999996696, 3.9999999999995595, 6.000000000000449]",clock_FXKST_USNY_quote
2026-02,ae_selected,g,4,71,-1.0102253141679582,"[0.9999999999998899, 2.9999999999996696, 3.9999999999995595, 6.000000000000449]",clock_FXKST_USNY_quote
2026-02,ae_reconstruction_selected,m,0,1,24.227539659148423,"[-12.006040599158752, 60.5459270242389, 126.7334216179142, 221.97791370688594]",clock_FXKST_USNY_quote
2026-02,ae_reconstruction_selected,m,1,23,-2.813773663589998,"[-12.006040599158752, 60.5459270242389, 126.7334216179142, 221.97791370688594]",clock_FXKST_USNY_quote
2026-02,ae_reconstruction_selected,m,2,45,0.176913065415502,"[-12.006040599158752, 60.5459270242389, 126.7334216179142, 221.97791370688594]",clock_FXKST_USNY_quote
2026-02,ae_reconstruction_selected,m,3,142,-7.009124054115493,"[-12.006040599158752, 60.5459270242389, 126.7334216179142, 221.97791370688594]",clock_FXKST_USNY_quote
2026-02,ae_reconstruction_selected,m,4,113,-9.081130872733016,"[-12.006040599158752, 60.5459270242389, 126.7334216179142, 221.97791370688594]",clock_FXKST_USNY_quote
2026-02,ae_reconstruction_selected,g,0,22,-5.908490598970912,"[0.9999999999998899, 2.9999999999996696, 3.9999999999995595, 6.000000000000449]",clock_FXKST_USNY_quote
2026-02,ae_reconstruction_selected,g,1,45,-6.514902633764558,"[0.9999999999998899, 2.9999999999996696, 3.9999999999995595, 6.000000000000449]",clock_FXKST_USNY_quote
2026-02,ae_reconstruction_selected,g,2,37,-7.921383353512719,"[0.9999999999998899, 2.9999999999996696, 3.9999999999995595, 6.000000000000449]",clock_FXKST_USNY_quote
2026-02,ae_reconstruction_selected,g,3,149,-6.88298380929811,"[0.9999999999998899, 2.9999999999996696, 3.9999999999995595, 6.000000000000449]",clock_FXKST_USNY_quote
2026-02,ae_reconstruction_selected,g,4,71,-4.396878698602826,"[0.9999999999998899, 2.9999999999996696, 3.9999999999995595, 6.000000000000449]",clock_FXKST_USNY_quote
2026-03,sequential_ols,m,0,219,-2.1985509011112034,"[-0.18439650942316005, 72.0214593340435, 143.32220319140222, 228.46037869254855]",clock_FXKST_USNY_quote
2026-03,sequential_ols,m,1,23,-3.027118008694259,"[-0.18439650942316005, 72.0214593340435, 143.32220319140222, 228.46037869254855]",clock_FXKST_USNY_quote
2026-03,sequential_ols,g,0,65,-0.7480088103426462,"[0.9999999999998899, 2.9999999999996696, 3.9999999999995595, 6.000000000000449]",clock_FXKST_USNY_quote
2026-03,sequential_ols,g,1,155,-2.624287823198198,"[0.9999999999998899, 2.9999999999996696, 3.9999999999995595, 6.000000000000449]",clock_FXKST_USNY_quote
2026-03,sequential_ols,g,2,17,-7.315414280788538,"[0.9999999999998899, 2.9999999999996696, 3.9999999999995595, 6.000000000000449]",clock_FXKST_USNY_quote
2026-03,sequential_ols,g,3,5,5.728173299615261,"[0.9999999999998899, 2.9999999999996696, 3.9999999999995595, 6.000000000000449]",clock_FXKST_USNY_quote
2026-03,pca_1,m,0,219,-2.190688681245127,"[-0.18439650942316005, 72.0214593340435, 143.32220319140222, 228.46037869254855]",clock_FXKST_USNY_quote
2026-03,pca_1,m,1,23,-2.9934456783131145,"[-0.18439650942316005, 72.0214593340435, 143.32220319140222, 228.46037869254855]",clock_FXKST_USNY_quote
2026-03,pca_1,g,0,65,-0.7525042048624271,"[0.9999999999998899, 2.9999999999996696, 3.9999999999995595, 6.000000000000449]",clock_FXKST_USNY_quote
2026-03,pca_1,g,1,155,-2.608280021252272,"[0.9999999999998899, 2.9999999999996696, 3.9999999999995595, 6.000000000000449]",clock_FXKST_USNY_quote
2026-03,pca_1,g,2,17,-7.269173237310387,"[0.9999999999998899, 2.9999999999996696, 3.9999999999995595, 6.000000000000449]",clock_FXKST_USNY_quote
2026-03,pca_1,g,3,5,5.632409970110402,"[0.9999999999998899, 2.9999999999996696, 3.9999999999995595, 6.000000000000449]",clock_FXKST_USNY_quote
2026-03,pca_2,m,0,219,-1.945422917970773,"[-0.18439650942316005, 72.0214593340435, 143.32220319140222, 228.46037869254855]",clock_FXKST_USNY_quote
2026-03,pca_2,m,1,23,-0.8533308805780737,"[-0.18439650942316005, 72.0214593340435, 143.32220319140222, 228.46037869254855]",clock_FXKST_USNY_quote
2026-03,pca_2,g,0,65,-1.3229627368661443,"[0.9999999999998899, 2.9999999999996696, 3.9999999999995595, 6.000000000000449]",clock_FXKST_USNY_quote
2026-03,pca_2,g,1,155,-1.7771908904730562,"[0.9999999999998899, 2.9999999999996696, 3.9999999999995595, 6.000000000000449]",clock_FXKST_USNY_quote
2026-03,pca_2,g,2,17,-4.557746255877182,"[0.9999999999998899, 2.9999999999996696, 3.9999999999995595, 6.000000000000449]",clock_FXKST_USNY_quote
2026-03,pca_2,g,3,5,-1.3470754038719548,"[0.9999999999998899, 2.9999999999996696, 3.9999999999995595, 6.000000000000449]",clock_FXKST_USNY_quote
2026-03,conditional_linear,m,0,219,-3.5963494736079347,"[-0.18439650942316005, 72.0214593340435, 143.32220319140222, 228.46037869254855]",clock_FXKST_USNY_quote
2026-03,conditional_linear,m,1,23,-3.712286797637,"[-0.18439650942316005, 72.0214593340435, 143.32220319140222, 228.46037869254855]",clock_FXKST_USNY_quote
2026-03,conditional_linear,g,0,65,-1.6722479624485005,"[0.9999999999998899, 2.9999999999996696, 3.9999999999995595, 6.000000000000449]",clock_FXKST_USNY_quote
2026-03,conditional_linear,g,1,155,-4.122309872463914,"[0.9999999999998899, 2.9999999999996696, 3.9999999999995595, 6.000000000000449]",clock_FXKST_USNY_quote
2026-03,conditional_linear,g,2,17,-8.680809662500264,"[0.9999999999998899, 2.9999999999996696, 3.9999999999995595, 6.000000000000449]",clock_FXKST_USNY_quote
2026-03,conditional_linear,g,3,5,4.448956197554963,"[0.9999999999998899, 2.9999999999996696, 3.9999999999995595, 6.000000000000449]",clock_FXKST_USNY_quote
2026-03,ae_relu_1,m,0,219,-2.1945666217741358,"[-0.18439650942316005, 72.0214593340435, 143.32220319140222, 228.46037869254855]",clock_FXKST_USNY_quote
2026-03,ae_relu_1,m,1,23,-2.9937744588980704,"[-0.18439650942316005, 72.0214593340435, 143.32220319140222, 228.46037869254855]",clock_FXKST_USNY_quote
2026-03,ae_relu_1,g,0,65,-0.7511722564556282,"[0.9999999999998899, 2.9999999999996696, 3.9999999999995595, 6.000000000000449]",clock_FXKST_USNY_quote
2026-03,ae_relu_1,g,1,155,-2.614617860012343,"[0.9999999999998899, 2.9999999999996696, 3.9999999999995595, 6.000000000000449]",clock_FXKST_USNY_quote
2026-03,ae_relu_1,g,2,17,-7.268453189273352,"[0.9999999999998899, 2.9999999999996696, 3.9999999999995595, 6.000000000000449]",clock_FXKST_USNY_quote
2026-03,ae_relu_1,g,3,5,5.637753293196946,"[0.9999999999998899, 2.9999999999996696, 3.9999999999995595, 6.000000000000449]",clock_FXKST_USNY_quote
2026-03,ae_relu_2,m,0,219,-2.0463364636631045,"[-0.18439650942316005, 72.0214593340435, 143.32220319140222, 228.46037869254855]",clock_FXKST_USNY_quote
2026-03,ae_relu_2,m,1,23,-2.276063660782428,"[-0.18439650942316005, 72.0214593340435, 143.32220319140222, 228.46037869254855]",clock_FXKST_USNY_quote
2026-03,ae_relu_2,g,0,65,-0.6969291254983928,"[0.9999999999998899, 2.9999999999996696, 3.9999999999995595, 6.000000000000449]",clock_FXKST_USNY_quote
2026-03,ae_relu_2,g,1,155,-2.3875809303309325,"[0.9999999999998899, 2.9999999999996696, 3.9999999999995595, 6.000000000000449]",clock_FXKST_USNY_quote
2026-03,ae_relu_2,g,2,17,-6.19515551336352,"[0.9999999999998899, 2.9999999999996696, 3.9999999999995595, 6.000000000000449]",clock_FXKST_USNY_quote
2026-03,ae_relu_2,g,3,5,4.039186269130829,"[0.9999999999998899, 2.9999999999996696, 3.9999999999995595, 6.000000000000449]",clock_FXKST_USNY_quote
2026-03,ae_tanh_1,m,0,219,2.0115658154580025,"[-0.18439650942316005, 72.0214593340435, 143.32220319140222, 228.46037869254855]",clock_FXKST_USNY_quote
2026-03,ae_tanh_1,m,1,23,-10.0628957426147,"[-0.18439650942316005, 72.0214593340435, 143.32220319140222, 228.46037869254855]",clock_FXKST_USNY_quote
2026-03,ae_tanh_1,g,0,65,-0.6646027476686521,"[0.9999999999998899, 2.9999999999996696, 3.9999999999995595, 6.000000000000449]",clock_FXKST_USNY_quote
2026-03,ae_tanh_1,g,1,155,0.9631133598987606,"[0.9999999999998899, 2.9999999999996696, 3.9999999999995595, 6.000000000000449]",clock_FXKST_USNY_quote
2026-03,ae_tanh_1,g,2,17,-0.3403206216488509,"[0.9999999999998899, 2.9999999999996696, 3.9999999999995595, 6.000000000000449]",clock_FXKST_USNY_quote
2026-03,ae_tanh_1,g,3,5,21.75767397746988,"[0.9999999999998899, 2.9999999999996696, 3.9999999999995595, 6.000000000000449]",clock_FXKST_USNY_quote
2026-03,ae_tanh_2,m,0,219,2.4627221014564182,"[-0.18439650942316005, 72.0214593340435, 143.32220319140222, 228.46037869254855]",clock_FXKST_USNY_quote
2026-03,ae_tanh_2,m,1,23,-8.027119126110076,"[-0.18439650942316005, 72.0214593340435, 143.32220319140222, 228.46037869254855]",clock_FXKST_USNY_quote
2026-03,ae_tanh_2,g,0,65,1.740647222062866,"[0.9999999999998899, 2.9999999999996696, 3.9999999999995595, 6.000000000000449]",clock_FXKST_USNY_quote
2026-03,ae_tanh_2,g,1,155,1.4052773792398152,"[0.9999999999998899, 2.9999999999996696, 3.9999999999995595, 6.000000000000449]",clock_FXKST_USNY_quote
2026-03,ae_tanh_2,g,2,17,-0.1873461781897427,"[0.9999999999998899, 2.9999999999996696, 3.9999999999995595, 6.000000000000449]",clock_FXKST_USNY_quote
2026-03,ae_tanh_2,g,3,5,5.387444426278367,"[0.9999999999998899, 2.9999999999996696, 3.9999999999995595, 6.000000000000449]",clock_FXKST_USNY_quote
2026-03,conditional_neural,m,0,219,-3.59625177837674,"[-0.18439650942316005, 72.0214593340435, 143.32220319140222, 228.46037869254855]",clock_FXKST_USNY_quote
2026-03,conditional_neural,m,1,23,-3.712242520282111,"[-0.18439650942316005, 72.0214593340435, 143.32220319140222, 228.46037869254855]",clock_FXKST_USNY_quote
2026-03,conditional_neural,g,0,65,-1.6721786789846291,"[0.9999999999998899, 2.9999999999996696, 3.9999999999995595, 6.000000000000449]",clock_FXKST_USNY_quote
2026-03,conditional_neural,g,1,155,-4.122208949520688,"[0.9999999999998899, 2.9999999999996696, 3.9999999999995595, 6.000000000000449]",clock_FXKST_USNY_quote
2026-03,conditional_neural,g,2,17,-8.680706744124626,"[0.9999999999998899, 2.9999999999996696, 3.9999999999995595, 6.000000000000449]",clock_FXKST_USNY_quote
2026-03,conditional_neural,g,3,5,4.4490597057663255,"[0.9999999999998899, 2.9999999999996696, 3.9999999999995595, 6.000000000000449]",clock_FXKST_USNY_quote
2026-03,pca_selected,m,0,219,-1.945422917970773,"[-0.18439650942316005, 72.0214593340435, 143.32220319140222, 228.46037869254855]",clock_FXKST_USNY_quote
2026-03,pca_selected,m,1,23,-0.8533308805780737,"[-0.18439650942316005, 72.0214593340435, 143.32220319140222, 228.46037869254855]",clock_FXKST_USNY_quote
2026-03,pca_selected,g,0,65,-1.3229627368661443,"[0.9999999999998899, 2.9999999999996696, 3.9999999999995595, 6.000000000000449]",clock_FXKST_USNY_quote
2026-03,pca_selected,g,1,155,-1.7771908904730562,"[0.9999999999998899, 2.9999999999996696, 3.9999999999995595, 6.000000000000449]",clock_FXKST_USNY_quote
2026-03,pca_selected,g,2,17,-4.557746255877182,"[0.9999999999998899, 2.9999999999996696, 3.9999999999995595, 6.000000000000449]",clock_FXKST_USNY_quote
2026-03,pca_selected,g,3,5,-1.3470754038719548,"[0.9999999999998899, 2.9999999999996696, 3.9999999999995595, 6.000000000000449]",clock_FXKST_USNY_quote
2026-03,ae_selected,m,0,219,-2.0463364636631045,"[-0.18439650942316005, 72.0214593340435, 143.32220319140222, 228.46037869254855]",clock_FXKST_USNY_quote
2026-03,ae_selected,m,1,23,-2.276063660782428,"[-0.18439650942316005, 72.0214593340435, 143.32220319140222, 228.46037869254855]",clock_FXKST_USNY_quote
2026-03,ae_selected,g,0,65,-0.6969291254983928,"[0.9999999999998899, 2.9999999999996696, 3.9999999999995595, 6.000000000000449]",clock_FXKST_USNY_quote
2026-03,ae_selected,g,1,155,-2.3875809303309325,"[0.9999999999998899, 2.9999999999996696, 3.9999999999995595, 6.000000000000449]",clock_FXKST_USNY_quote
2026-03,ae_selected,g,2,17,-6.19515551336352,"[0.9999999999998899, 2.9999999999996696, 3.9999999999995595, 6.000000000000449]",clock_FXKST_USNY_quote
2026-03,ae_selected,g,3,5,4.039186269130829,"[0.9999999999998899, 2.9999999999996696, 3.9999999999995595, 6.000000000000449]",clock_FXKST_USNY_quote
2026-03,ae_reconstruction_selected,m,0,219,1.699812134250262,"[-0.18439650942316005, 72.0214593340435, 143.32220319140222, 228.46037869254855]",clock_FXKST_USNY_quote
2026-03,ae_reconstruction_selected,m,1,23,-0.0965227763350868,"[-0.18439650942316005, 72.0214593340435, 143.32220319140222, 228.46037869254855]",clock_FXKST_USNY_quote
2026-03,ae_reconstruction_selected,g,0,65,1.3601152168017558,"[0.9999999999998899, 2.9999999999996696, 3.9999999999995595, 6.000000000000449]",clock_FXKST_USNY_quote
2026-03,ae_reconstruction_selected,g,1,155,1.7321630635988043,"[0.9999999999998899, 2.9999999999996696, 3.9999999999995595, 6.000000000000449]",clock_FXKST_USNY_quote
2026-03,ae_reconstruction_selected,g,2,17,-0.1034301942392337,"[0.9999999999998899, 2.9999999999996696, 3.9999999999995595, 6.000000000000449]",clock_FXKST_USNY_quote
2026-03,ae_reconstruction_selected,g,3,5,2.980876579447718,"[0.9999999999998899, 2.9999999999996696, 3.9999999999995595, 6.000000000000449]",clock_FXKST_USNY_quote
2025-08,sequential_ols,m,0,17,1.0413972054077418,"[-122.00794968097605, -38.003241705327895, 75.81238924558313, 123.5500948859377]",clock_NY_macro_end1h_quote
2025-08,sequential_ols,m,1,77,0.9420240965801598,"[-122.00794968097605, -38.003241705327895, 75.81238924558313, 123.5500948859377]",clock_NY_macro_end1h_quote
2025-08,sequential_ols,m,2,201,2.3184609785338264,"[-122.00794968097605, -38.003241705327895, 75.81238924558313, 123.5500948859377]",clock_NY_macro_end1h_quote
2025-08,sequential_ols,m,3,57,0.8340983154377298,"[-122.00794968097605, -38.003241705327895, 75.81238924558313, 123.5500948859377]",clock_NY_macro_end1h_quote
2025-08,sequential_ols,m,4,5,-3.6240439687599975,"[-122.00794968097605, -38.003241705327895, 75.81238924558313, 123.5500948859377]",clock_NY_macro_end1h_quote
2025-08,sequential_ols,g,0,177,2.870575470041949,"[1.9999999999997797, 2.9999999999996696, 3.9999999999995595, 6.000000000000449]",clock_NY_macro_end1h_quote
2025-08,sequential_ols,g,1,74,3.292124126614902,"[1.9999999999997797, 2.9999999999996696, 3.9999999999995595, 6.000000000000449]",clock_NY_macro_end1h_quote
2025-08,sequential_ols,g,2,39,0.4900321654735349,"[1.9999999999997797, 2.9999999999996696, 3.9999999999995595, 6.000000000000449]",clock_NY_macro_end1h_quote
2025-08,sequential_ols,g,3,30,0.9276786380538792,"[1.9999999999997797, 2.9999999999996696, 3.9999999999995595, 6.000000000000449]",clock_NY_macro_end1h_quote
2025-08,sequential_ols,g,4,37,-5.756135362485361,"[1.9999999999997797, 2.9999999999996696, 3.9999999999995595, 6.000000000000449]",clock_NY_macro_end1h_quote
2025-08,pca_1,m,0,17,1.0414602150712564,"[-122.00794968097605, -38.003241705327895, 75.81238924558313, 123.5500948859377]",clock_NY_macro_end1h_quote
2025-08,pca_1,m,1,77,0.94064888620149,"[-122.00794968097605, -38.003241705327895, 75.81238924558313, 123.5500948859377]",clock_NY_macro_end1h_quote
2025-08,pca_1,m,2,201,2.3167353196154914,"[-122.00794968097605, -38.003241705327895, 75.81238924558313, 123.5500948859377]",clock_NY_macro_end1h_quote
2025-08,pca_1,m,3,57,0.8351563450813624,"[-122.00794968097605, -38.003241705327895, 75.81238924558313, 123.5500948859377]",clock_NY_macro_end1h_quote
2025-08,pca_1,m,4,5,-3.626288769968016,"[-122.00794968097605, -38.003241705327895, 75.81238924558313, 123.5500948859377]",clock_NY_macro_end1h_quote
2025-08,pca_1,g,0,177,2.87025331744001,"[1.9999999999997797, 2.9999999999996696, 3.9999999999995595, 6.000000000000449]",clock_NY_macro_end1h_quote
2025-08,pca_1,g,1,74,3.287132305170923,"[1.9999999999997797, 2.9999999999996696, 3.9999999999995595, 6.000000000000449]",clock_NY_macro_end1h_quote
2025-08,pca_1,g,2,39,0.4895836673437099,"[1.9999999999997797, 2.9999999999996696, 3.9999999999995595, 6.000000000000449]",clock_NY_macro_end1h_quote
2025-08,pca_1,g,3,30,0.9248621593642196,"[1.9999999999997797, 2.9999999999996696, 3.9999999999995595, 6.000000000000449]",clock_NY_macro_end1h_quote
2025-08,pca_1,g,4,37,-5.7527351519087535,"[1.9999999999997797, 2.9999999999996696, 3.9999999999995595, 6.000000000000449]",clock_NY_macro_end1h_quote
2025-08,pca_2,m,0,17,0.5392991308576519,"[-122.00794968097605, -38.003241705327895, 75.81238924558313, 123.5500948859377]",clock_NY_macro_end1h_quote
2025-08,pca_2,m,1,77,-0.7750868039480449,"[-122.00794968097605, -38.003241705327895, 75.81238924558313, 123.5500948859377]",clock_NY_macro_end1h_quote
2025-08,pca_2,m,2,201,0.6411215200252375,"[-122.00794968097605, -38.003241705327895, 75.81238924558313, 123.5500948859377]",clock_NY_macro_end1h_quote
2025-08,pca_2,m,3,57,2.697128266374845,"[-122.00794968097605, -38.003241705327895, 75.81238924558313, 123.5500948859377]",clock_NY_macro_end1h_quote
2025-08,pca_2,m,4,5,-2.745459775068332,"[-122.00794968097605, -38.003241705327895, 75.81238924558313, 123.5500948859377]",clock_NY_macro_end1h_quote
2025-08,pca_2,g,0,177,2.115026380399951,"[1.9999999999997797, 2.9999999999996696, 3.9999999999995595, 6.000000000000449]",clock_NY_macro_end1h_quote
2025-08,pca_2,g,1,74,1.449996768729972,"[1.9999999999997797, 2.9999999999996696, 3.9999999999995595, 6.000000000000449]",clock_NY_macro_end1h_quote
2025-08,pca_2,g,2,39,-0.815189156173582,"[1.9999999999997797, 2.9999999999996696, 3.9999999999995595, 6.000000000000449]",clock_NY_macro_end1h_quote
2025-08,pca_2,g,3,30,-1.7717230999870204,"[1.9999999999997797, 2.9999999999996696, 3.9999999999995595, 6.000000000000449]",clock_NY_macro_end1h_quote
2025-08,pca_2,g,4,37,-4.820392458723003,"[1.9999999999997797, 2.9999999999996696, 3.9999999999995595, 6.000000000000449]",clock_NY_macro_end1h_quote
2025-08,conditional_linear,m,0,17,-1.892162403904804,"[-122.00794968097605, -38.003241705327895, 75.81238924558313, 123.5500948859377]",clock_NY_macro_end1h_quote
2025-08,conditional_linear,m,1,77,-1.9653332260031111,"[-122.00794968097605, -38.003241705327895, 75.81238924558313, 123.5500948859377]",clock_NY_macro_end1h_quote
2025-08,conditional_linear,m,2,201,3.339862117576397,"[-122.00794968097605, -38.003241705327895, 75.81238924558313, 123.5500948859377]",clock_NY_macro_end1h_quote
2025-08,conditional_linear,m,3,57,3.703626037210989,"[-122.00794968097605, -38.003241705327895, 75.81238924558313, 123.5500948859377]",clock_NY_macro_end1h_quote
2025-08,conditional_linear,m,4,5,-0.9815788406132242,"[-122.00794968097605, -38.003241705327895, 75.81238924558313, 123.5500948859377]",clock_NY_macro_end1h_quote
2025-08,conditional_linear,g,0,177,2.7087560097412178,"[1.9999999999997797, 2.9999999999996696, 3.9999999999995595, 6.000000000000449]",clock_NY_macro_end1h_quote
2025-08,conditional_linear,g,1,74,3.834157725772013,"[1.9999999999997797, 2.9999999999996696, 3.9999999999995595, 6.000000000000449]",clock_NY_macro_end1h_quote
2025-08,conditional_linear,g,2,39,0.5740613397915606,"[1.9999999999997797, 2.9999999999996696, 3.9999999999995595, 6.000000000000449]",clock_NY_macro_end1h_quote
2025-08,conditional_linear,g,3,30,0.8907112978241405,"[1.9999999999997797, 2.9999999999996696, 3.9999999999995595, 6.000000000000449]",clock_NY_macro_end1h_quote
2025-08,conditional_linear,g,4,37,-3.1965827117763457,"[1.9999999999997797, 2.9999999999996696, 3.9999999999995595, 6.000000000000449]",clock_NY_macro_end1h_quote
2025-08,ae_relu_1,m,0,17,1.0423105179507506,"[-122.00794968097605, -38.003241705327895, 75.81238924558313, 123.5500948859377]",clock_NY_macro_end1h_quote
2025-08,ae_relu_1,m,1,77,0.94098970673832,"[-122.00794968097605, -38.003241705327895, 75.81238924558313, 123.5500948859377]",clock_NY_macro_end1h_quote
2025-08,ae_relu_1,m,2,201,2.316295105616593,"[-122.00794968097605, -38.003241705327895, 75.81238924558313, 123.5500948859377]",clock_NY_macro_end1h_quote
2025-08,ae_relu_1,m,3,57,0.8342733320939313,"[-122.00794968097605, -38.003241705327895, 75.81238924558313, 123.5500948859377]",clock_NY_macro_end1h_quote
2025-08,ae_relu_1,m,4,5,-3.627711214815247,"[-122.00794968097605, -38.003241705327895, 75.81238924558313, 123.5500948859377]",clock_NY_macro_end1h_quote
2025-08,ae_relu_1,g,0,177,2.870098714058396,"[1.9999999999997797, 2.9999999999996696, 3.9999999999995595, 6.000000000000449]",clock_NY_macro_end1h_quote
2025-08,ae_relu_1,g,1,74,3.286710234403552,"[1.9999999999997797, 2.9999999999996696, 3.9999999999995595, 6.000000000000449]",clock_NY_macro_end1h_quote
2025-08,ae_relu_1,g,2,39,0.4891357962368796,"[1.9999999999997797, 2.9999999999996696, 3.9999999999995595, 6.000000000000449]",clock_NY_macro_end1h_quote
2025-08,ae_relu_1,g,3,30,0.924659541683758,"[1.9999999999997797, 2.9999999999996696, 3.9999999999995595, 6.000000000000449]",clock_NY_macro_end1h_quote
2025-08,ae_relu_1,g,4,37,-5.753359073776313,"[1.9999999999997797, 2.9999999999996696, 3.9999999999995595, 6.000000000000449]",clock_NY_macro_end1h_quote
2025-08,ae_relu_2,m,0,17,0.9269560129754298,"[-122.00794968097605, -38.003241705327895, 75.81238924558313, 123.5500948859377]",clock_NY_macro_end1h_quote
2025-08,ae_relu_2,m,1,77,0.6107543628360422,"[-122.00794968097605, -38.003241705327895, 75.81238924558313, 123.5500948859377]",clock_NY_macro_end1h_quote
2025-08,ae_relu_2,m,2,201,2.006212025408745,"[-122.00794968097605, -38.003241705327895, 75.81238924558313, 123.5500948859377]",clock_NY_macro_end1h_quote
2025-08,ae_relu_2,m,3,57,0.7891826467323703,"[-122.00794968097605, -38.003241705327895, 75.81238924558313, 123.5500948859377]",clock_NY_macro_end1h_quote
2025-08,ae_relu_2,m,4,5,-3.495257326466816,"[-122.00794968097605, -38.003241705327895, 75.81238924558313, 123.5500948859377]",clock_NY_macro_end1h_quote
2025-08,ae_relu_2,g,0,177,2.4782066058590164,"[1.9999999999997797, 2.9999999999996696, 3.9999999999995595, 6.000000000000449]",clock_NY_macro_end1h_quote
2025-08,ae_relu_2,g,1,74,3.161190896674344,"[1.9999999999997797, 2.9999999999996696, 3.9999999999995595, 6.000000000000449]",clock_NY_macro_end1h_quote
2025-08,ae_relu_2,g,2,39,0.1228518958905977,"[1.9999999999997797, 2.9999999999996696, 3.9999999999995595, 6.000000000000449]",clock_NY_macro_end1h_quote
2025-08,ae_relu_2,g,3,30,0.605980447674303,"[1.9999999999997797, 2.9999999999996696, 3.9999999999995595, 6.000000000000449]",clock_NY_macro_end1h_quote
2025-08,ae_relu_2,g,4,37,-5.459439282794145,"[1.9999999999997797, 2.9999999999996696, 3.9999999999995595, 6.000000000000449]",clock_NY_macro_end1h_quote
2025-08,ae_tanh_1,m,0,17,-5.13238986266048,"[-122.00794968097605, -38.003241705327895, 75.81238924558313, 123.5500948859377]",clock_NY_macro_end1h_quote
2025-08,ae_tanh_1,m,1,77,-0.5129791976089227,"[-122.00794968097605, -38.003241705327895, 75.81238924558313, 123.5500948859377]",clock_NY_macro_end1h_quote
2025-08,ae_tanh_1,m,2,201,6.514104760055156,"[-122.00794968097605, -38.003241705327895, 75.81238924558313, 123.5500948859377]",clock_NY_macro_end1h_quote
2025-08,ae_tanh_1,m,3,57,4.281328857307794,"[-122.00794968097605, -38.003241705327895, 75.81238924558313, 123.5500948859377]",clock_NY_macro_end1h_quote
2025-08,ae_tanh_1,m,4,5,-5.702905099621614,"[-122.00794968097605, -38.003241705327895, 75.81238924558313, 123.5500948859377]",clock_NY_macro_end1h_quote
2025-08,ae_tanh_1,g,0,177,3.719237206947591,"[1.9999999999997797, 2.9999999999996696, 3.9999999999995595, 6.000000000000449]",clock_NY_macro_end1h_quote
2025-08,ae_tanh_1,g,1,74,6.197854261541889,"[1.9999999999997797, 2.9999999999996696, 3.9999999999995595, 6.000000000000449]",clock_NY_macro_end1h_quote
2025-08,ae_tanh_1,g,2,39,2.528005975186106,"[1.9999999999997797, 2.9999999999996696, 3.9999999999995595, 6.000000000000449]",clock_NY_macro_end1h_quote
2025-08,ae_tanh_1,g,3,30,3.766912424384888,"[1.9999999999997797, 2.9999999999996696, 3.9999999999995595, 6.000000000000449]",clock_NY_macro_end1h_quote
2025-08,ae_tanh_1,g,4,37,1.8800119867778144,"[1.9999999999997797, 2.9999999999996696, 3.9999999999995595, 6.000000000000449]",clock_NY_macro_end1h_quote
2025-08,ae_tanh_2,m,0,17,-4.81752085509781,"[-122.00794968097605, -38.003241705327895, 75.81238924558313, 123.5500948859377]",clock_NY_macro_end1h_quote
2025-08,ae_tanh_2,m,1,77,-1.4912278878798584,"[-122.00794968097605, -38.003241705327895, 75.81238924558313, 123.5500948859377]",clock_NY_macro_end1h_quote
2025-08,ae_tanh_2,m,2,201,6.078305540420098,"[-122.00794968097605, -38.003241705327895, 75.81238924558313, 123.5500948859377]",clock_NY_macro_end1h_quote
2025-08,ae_tanh_2,m,3,57,5.498238868256375,"[-122.00794968097605, -38.003241705327895, 75.81238924558313, 123.5500948859377]",clock_NY_macro_end1h_quote
2025-08,ae_tanh_2,m,4,5,-3.7167459950877686,"[-122.00794968097605, -38.003241705327895, 75.81238924558313, 123.5500948859377]",clock_NY_macro_end1h_quote
2025-08,ae_tanh_2,g,0,177,4.148976501572325,"[1.9999999999997797, 2.9999999999996696, 3.9999999999995595, 6.000000000000449]",clock_NY_macro_end1h_quote
2025-08,ae_tanh_2,g,1,74,6.218298591513966,"[1.9999999999997797, 2.9999999999996696, 3.9999999999995595, 6.000000000000449]",clock_NY_macro_end1h_quote
2025-08,ae_tanh_2,g,2,39,2.144914629410184,"[1.9999999999997797, 2.9999999999996696, 3.9999999999995595, 6.000000000000449]",clock_NY_macro_end1h_quote
2025-08,ae_tanh_2,g,3,30,2.1379387691278584,"[1.9999999999997797, 2.9999999999996696, 3.9999999999995595, 6.000000000000449]",clock_NY_macro_end1h_quote
2025-08,ae_tanh_2,g,4,37,-0.60756413337745,"[1.9999999999997797, 2.9999999999996696, 3.9999999999995595, 6.000000000000449]",clock_NY_macro_end1h_quote
2025-08,conditional_neural,m,0,17,1.489138314224105,"[-122.00794968097605, -38.003241705327895, 75.81238924558313, 123.5500948859377]",clock_NY_macro_end1h_quote
2025-08,conditional_neural,m,1,77,0.6282935235722953,"[-122.00794968097605, -38.003241705327895, 75.81238924558313, 123.5500948859377]",clock_NY_macro_end1h_quote
2025-08,conditional_neural,m,2,201,2.0306315485936346,"[-122.00794968097605, -38.003241705327895, 75.81238924558313, 123.5500948859377]",clock_NY_macro_end1h_quote
2025-08,conditional_neural,m,3,57,0.1525448383762846,"[-122.00794968097605, -38.003241705327895, 75.81238924558313, 123.5500948859377]",clock_NY_macro_end1h_quote
2025-08,conditional_neural,m,4,5,-5.263476096683661,"[-122.00794968097605, -38.003241705327895, 75.81238924558313, 123.5500948859377]",clock_NY_macro_end1h_quote
2025-08,conditional_neural,g,0,177,2.10180769160569,"[1.9999999999997797, 2.9999999999996696, 3.9999999999995595, 6.000000000000449]",clock_NY_macro_end1h_quote
2025-08,conditional_neural,g,1,74,2.666976007507859,"[1.9999999999997797, 2.9999999999996696, 3.9999999999995595, 6.000000000000449]",clock_NY_macro_end1h_quote
2025-08,conditional_neural,g,2,39,0.1119411320373181,"[1.9999999999997797, 2.9999999999996696, 3.9999999999995595, 6.000000000000449]",clock_NY_macro_end1h_quote
2025-08,conditional_neural,g,3,30,1.8480947955020248,"[1.9999999999997797, 2.9999999999996696, 3.9999999999995595, 6.000000000000449]",clock_NY_macro_end1h_quote
2025-08,conditional_neural,g,4,37,-4.458274723137237,"[1.9999999999997797, 2.9999999999996696, 3.9999999999995595, 6.000000000000449]",clock_NY_macro_end1h_quote
2025-08,pca_selected,m,0,17,0.5392991308576519,"[-122.00794968097605, -38.003241705327895, 75.81238924558313, 123.5500948859377]",clock_NY_macro_end1h_quote
2025-08,pca_selected,m,1,77,-0.7750868039480449,"[-122.00794968097605, -38.003241705327895, 75.81238924558313, 123.5500948859377]",clock_NY_macro_end1h_quote
2025-08,pca_selected,m,2,201,0.6411215200252375,"[-122.00794968097605, -38.003241705327895, 75.81238924558313, 123.5500948859377]",clock_NY_macro_end1h_quote
2025-08,pca_selected,m,3,57,2.697128266374845,"[-122.00794968097605, -38.003241705327895, 75.81238924558313, 123.5500948859377]",clock_NY_macro_end1h_quote
2025-08,pca_selected,m,4,5,-2.745459775068332,"[-122.00794968097605, -38.003241705327895, 75.81238924558313, 123.5500948859377]",clock_NY_macro_end1h_quote
2025-08,pca_selected,g,0,177,2.115026380399951,"[1.9999999999997797, 2.9999999999996696, 3.9999999999995595, 6.000000000000449]",clock_NY_macro_end1h_quote
2025-08,pca_selected,g,1,74,1.449996768729972,"[1.9999999999997797, 2.9999999999996696, 3.9999999999995595, 6.000000000000449]",clock_NY_macro_end1h_quote
2025-08,pca_selected,g,2,39,-0.815189156173582,"[1.9999999999997797, 2.9999999999996696, 3.9999999999995595, 6.000000000000449]",clock_NY_macro_end1h_quote
2025-08,pca_selected,g,3,30,-1.7717230999870204,"[1.9999999999997797, 2.9999999999996696, 3.9999999999995595, 6.000000000000449]",clock_NY_macro_end1h_quote
2025-08,pca_selected,g,4,37,-4.820392458723003,"[1.9999999999997797, 2.9999999999996696, 3.9999999999995595, 6.000000000000449]",clock_NY_macro_end1h_quote
2025-08,ae_selected,m,0,17,1.0423105179507506,"[-122.00794968097605, -38.003241705327895, 75.81238924558313, 123.5500948859377]",clock_NY_macro_end1h_quote
2025-08,ae_selected,m,1,77,0.94098970673832,"[-122.00794968097605, -38.003241705327895, 75.81238924558313, 123.5500948859377]",clock_NY_macro_end1h_quote
2025-08,ae_selected,m,2,201,2.316295105616593,"[-122.00794968097605, -38.003241705327895, 75.81238924558313, 123.5500948859377]",clock_NY_macro_end1h_quote
2025-08,ae_selected,m,3,57,0.8342733320939313,"[-122.00794968097605, -38.003241705327895, 75.81238924558313, 123.5500948859377]",clock_NY_macro_end1h_quote
2025-08,ae_selected,m,4,5,-3.627711214815247,"[-122.00794968097605, -38.003241705327895, 75.81238924558313, 123.5500948859377]",clock_NY_macro_end1h_quote
2025-08,ae_selected,g,0,177,2.870098714058396,"[1.9999999999997797, 2.9999999999996696, 3.9999999999995595, 6.000000000000449]",clock_NY_macro_end1h_quote
2025-08,ae_selected,g,1,74,3.286710234403552,"[1.9999999999997797, 2.9999999999996696, 3.9999999999995595, 6.000000000000449]",clock_NY_macro_end1h_quote
2025-08,ae_selected,g,2,39,0.4891357962368796,"[1.9999999999997797, 2.9999999999996696, 3.9999999999995595, 6.000000000000449]",clock_NY_macro_end1h_quote
2025-08,ae_selected,g,3,30,0.924659541683758,"[1.9999999999997797, 2.9999999999996696, 3.9999999999995595, 6.000000000000449]",clock_NY_macro_end1h_quote
2025-08,ae_selected,g,4,37,-5.753359073776313,"[1.9999999999997797, 2.9999999999996696, 3.9999999999995595, 6.000000000000449]",clock_NY_macro_end1h_quote
2025-08,ae_reconstruction_selected,m,0,17,1.0423105179507506,"[-122.00794968097605, -38.003241705327895, 75.81238924558313, 123.5500948859377]",clock_NY_macro_end1h_quote
2025-08,ae_reconstruction_selected,m,1,77,0.94098970673832,"[-122.00794968097605, -38.003241705327895, 75.81238924558313, 123.5500948859377]",clock_NY_macro_end1h_quote
2025-08,ae_reconstruction_selected,m,2,201,2.316295105616593,"[-122.00794968097605, -38.003241705327895, 75.81238924558313, 123.5500948859377]",clock_NY_macro_end1h_quote
2025-08,ae_reconstruction_selected,m,3,57,0.8342733320939313,"[-122.00794968097605, -38.003241705327895, 75.81238924558313, 123.5500948859377]",clock_NY_macro_end1h_quote
2025-08,ae_reconstruction_selected,m,4,5,-3.627711214815247,"[-122.00794968097605, -38.003241705327895, 75.81238924558313, 123.5500948859377]",clock_NY_macro_end1h_quote
2025-08,ae_reconstruction_selected,g,0,177,2.870098714058396,"[1.9999999999997797, 2.9999999999996696, 3.9999999999995595, 6.000000000000449]",clock_NY_macro_end1h_quote
2025-08,ae_reconstruction_selected,g,1,74,3.286710234403552,"[1.9999999999997797, 2.9999999999996696, 3.9999999999995595, 6.000000000000449]",clock_NY_macro_end1h_quote
2025-08,ae_reconstruction_selected,g,2,39,0.4891357962368796,"[1.9999999999997797, 2.9999999999996696, 3.9999999999995595, 6.000000000000449]",clock_NY_macro_end1h_quote
2025-08,ae_reconstruction_selected,g,3,30,0.924659541683758,"[1.9999999999997797, 2.9999999999996696, 3.9999999999995595, 6.000000000000449]",clock_NY_macro_end1h_quote
2025-08,ae_reconstruction_selected,g,4,37,-5.753359073776313,"[1.9999999999997797, 2.9999999999996696, 3.9999999999995595, 6.000000000000449]",clock_NY_macro_end1h_quote
2025-09,sequential_ols,m,1,36,1.5185620774021342,"[-104.28195937686756, -18.710489127588524, 54.743878350295105, 104.52068184485832]",clock_NY_macro_end1h_quote
2025-09,sequential_ols,m,2,172,0.8348013296501896,"[-104.28195937686756, -18.710489127588524, 54.743878350295105, 104.52068184485832]",clock_NY_macro_end1h_quote
2025-09,sequential_ols,m,3,45,-0.6078320458811329,"[-104.28195937686756, -18.710489127588524, 54.743878350295105, 104.52068184485832]",clock_NY_macro_end1h_quote
2025-09,sequential_ols,m,4,121,2.191332490620572,"[-104.28195937686756, -18.710489127588524, 54.743878350295105, 104.52068184485832]",clock_NY_macro_end1h_quote
2025-09,sequential_ols,g,0,9,4.031450812405996,"[0.9999999999998899, 1.9999999999997797, 3.9999999999995595, 4.999999999999449]",clock_NY_macro_end1h_quote
2025-09,sequential_ols,g,1,56,1.2642194027774885,"[0.9999999999998899, 1.9999999999997797, 3.9999999999995595, 4.999999999999449]",clock_NY_macro_end1h_quote
2025-09,sequential_ols,g,2,89,0.956423595536264,"[0.9999999999998899, 1.9999999999997797, 3.9999999999995595, 4.999999999999449]",clock_NY_macro_end1h_quote
2025-09,sequential_ols,g,3,69,1.5403322097493852,"[0.9999999999998899, 1.9999999999997797, 3.9999999999995595, 4.999999999999449]",clock_NY_macro_end1h_quote
2025-09,sequential_ols,g,4,151,0.9110522281067498,"[0.9999999999998899, 1.9999999999997797, 3.9999999999995595, 4.999999999999449]",clock_NY_macro_end1h_quote
2025-09,pca_1,m,1,36,1.518636979574192,"[-104.28195937686756, -18.710489127588524, 54.743878350295105, 104.52068184485832]",clock_NY_macro_end1h_quote
2025-09,pca_1,m,2,172,0.8327860863614047,"[-104.28195937686756, -18.710489127588524, 54.743878350295105, 104.52068184485832]",clock_NY_macro_end1h_quote
2025-09,pca_1,m,3,45,-0.5963827004030671,"[-104.28195937686756, -18.710489127588524, 54.743878350295105, 104.52068184485832]",clock_NY_macro_end1h_quote
2025-09,pca_1,m,4,121,2.192252428629833,"[-104.28195937686756, -18.710489127588524, 54.743878350295105, 104.52068184485832]",clock_NY_macro_end1h_quote
2025-09,pca_1,g,0,9,4.023053508733815,"[0.9999999999998899, 1.9999999999997797, 3.9999999999995595, 4.999999999999449]",clock_NY_macro_end1h_quote
2025-09,pca_1,g,1,56,1.259248413321531,"[0.9999999999998899, 1.9999999999997797, 3.9999999999995595, 4.999999999999449]",clock_NY_macro_end1h_quote
2025-09,pca_1,g,2,89,0.9579398609571024,"[0.9999999999998899, 1.9999999999997797, 3.9999999999995595, 4.999999999999449]",clock_NY_macro_end1h_quote
2025-09,pca_1,g,3,69,1.5399936433521006,"[0.9999999999998899, 1.9999999999997797, 3.9999999999995595, 4.999999999999449]",clock_NY_macro_end1h_quote
2025-09,pca_1,g,4,151,0.9145288657206428,"[0.9999999999998899, 1.9999999999997797, 3.9999999999995595, 4.999999999999449]",clock_NY_macro_end1h_quote
2025-09,pca_2,m,1,36,1.3923603874866066,"[-104.28195937686756, -18.710489127588524, 54.743878350295105, 104.52068184485832]",clock_NY_macro_end1h_quote
2025-09,pca_2,m,2,172,0.6410635033949772,"[-104.28195937686756, -18.710489127588524, 54.743878350295105, 104.52068184485832]",clock_NY_macro_end1h_quote
2025-09,pca_2,m,3,45,0.2867745091575977,"[-104.28195937686756, -18.710489127588524, 54.743878350295105, 104.52068184485832]",clock_NY_macro_end1h_quote
2025-09,pca_2,m,4,121,2.424075872452726,"[-104.28195937686756, -18.710489127588524, 54.743878350295105, 104.52068184485832]",clock_NY_macro_end1h_quote
2025-09,pca_2,g,0,9,2.6026833562326157,"[0.9999999999998899, 1.9999999999997797, 3.9999999999995595, 4.999999999999449]",clock_NY_macro_end1h_quote
2025-09,pca_2,g,1,56,0.7895119094071925,"[0.9999999999998899, 1.9999999999997797, 3.9999999999995595, 4.999999999999449]",clock_NY_macro_end1h_quote
2025-09,pca_2,g,2,89,1.1454035030555545,"[0.9999999999998899, 1.9999999999997797, 3.9999999999995595, 4.999999999999449]",clock_NY_macro_end1h_quote
2025-09,pca_2,g,3,69,1.6473985627651992,"[0.9999999999998899, 1.9999999999997797, 3.9999999999995595, 4.999999999999449]",clock_NY_macro_end1h_quote
2025-09,pca_2,g,4,151,1.2142894058058695,"[0.9999999999998899, 1.9999999999997797, 3.9999999999995595, 4.999999999999449]",clock_NY_macro_end1h_quote
2025-09,conditional_linear,m,1,36,2.071765707200967,"[-104.28195937686756, -18.710489127588524, 54.743878350295105, 104.52068184485832]",clock_NY_macro_end1h_quote
2025-09,conditional_linear,m,2,172,1.4043067539628111,"[-104.28195937686756, -18.710489127588524, 54.743878350295105, 104.52068184485832]",clock_NY_macro_end1h_quote
2025-09,conditional_linear,m,3,45,1.3947570412179529,"[-104.28195937686756, -18.710489127588524, 54.743878350295105, 104.52068184485832]",clock_NY_macro_end1h_quote
2025-09,conditional_linear,m,4,121,7.195815942560482,"[-104.28195937686756, -18.710489127588524, 54.743878350295105, 104.52068184485832]",clock_NY_macro_end1h_quote
2025-09,conditional_linear,g,0,9,3.7373363971242464,"[0.9999999999998899, 1.9999999999997797, 3.9999999999995595, 4.999999999999449]",clock_NY_macro_end1h_quote
2025-09,conditional_linear,g,1,56,1.2585869532600693,"[0.9999999999998899, 1.9999999999997797, 3.9999999999995595, 4.999999999999449]",clock_NY_macro_end1h_quote
2025-09,conditional_linear,g,2,89,1.9707879299106368,"[0.9999999999998899, 1.9999999999997797, 3.9999999999995595, 4.999999999999449]",clock_NY_macro_end1h_quote
2025-09,conditional_linear,g,3,69,3.7622486351688185,"[0.9999999999998899, 1.9999999999997797, 3.9999999999995595, 4.999999999999449]",clock_NY_macro_end1h_quote
2025-09,conditional_linear,g,4,151,4.705098970199255,"[0.9999999999998899, 1.9999999999997797, 3.9999999999995595, 4.999999999999449]",clock_NY_macro_end1h_quote
2025-09,ae_relu_1,m,1,36,1.5186035597907974,"[-104.28195937686756, -18.710489127588524, 54.743878350295105, 104.52068184485832]",clock_NY_macro_end1h_quote
2025-09,ae_relu_1,m,2,172,0.8327013032900091,"[-104.28195937686756, -18.710489127588524, 54.743878350295105, 104.52068184485832]",clock_NY_macro_end1h_quote
2025-09,ae_relu_1,m,3,45,-0.5965377667845498,"[-104.28195937686756, -18.710489127588524, 54.743878350295105, 104.52068184485832]",clock_NY_macro_end1h_quote
2025-09,ae_relu_1,m,4,121,2.2099062363749176,"[-104.28195937686756, -18.710489127588524, 54.743878350295105, 104.52068184485832]",clock_NY_macro_end1h_quote
2025-09,ae_relu_1,g,0,9,4.022927891836206,"[0.9999999999998899, 1.9999999999997797, 3.9999999999995595, 4.999999999999449]",clock_NY_macro_end1h_quote
2025-09,ae_relu_1,g,1,56,1.259210689030653,"[0.9999999999998899, 1.9999999999997797, 3.9999999999995595, 4.999999999999449]",clock_NY_macro_end1h_quote
2025-09,ae_relu_1,g,2,89,0.9578454875181692,"[0.9999999999998899, 1.9999999999997797, 3.9999999999995595, 4.999999999999449]",clock_NY_macro_end1h_quote
2025-09,ae_relu_1,g,3,69,1.5397955523035578,"[0.9999999999998899, 1.9999999999997797, 3.9999999999995595, 4.999999999999449]",clock_NY_macro_end1h_quote
2025-09,ae_relu_1,g,4,151,0.9286921609543418,"[0.9999999999998899, 1.9999999999997797, 3.9999999999995595, 4.999999999999449]",clock_NY_macro_end1h_quote
2025-09,ae_relu_2,m,1,36,1.7228786152925148,"[-104.28195937686756, -18.710489127588524, 54.743878350295105, 104.52068184485832]",clock_NY_macro_end1h_quote
2025-09,ae_relu_2,m,2,172,0.7367644484091004,"[-104.28195937686756, -18.710489127588524, 54.743878350295105, 104.52068184485832]",clock_NY_macro_end1h_quote
2025-09,ae_relu_2,m,3,45,0.6270674858984476,"[-104.28195937686756, -18.710489127588524, 54.743878350295105, 104.52068184485832]",clock_NY_macro_end1h_quote
2025-09,ae_relu_2,m,4,121,2.7732786787213626,"[-104.28195937686756, -18.710489127588524, 54.743878350295105, 104.52068184485832]",clock_NY_macro_end1h_quote
2025-09,ae_relu_2,g,0,9,2.6572063604204805,"[0.9999999999998899, 1.9999999999997797, 3.9999999999995595, 4.999999999999449]",clock_NY_macro_end1h_quote
2025-09,ae_relu_2,g,1,56,0.74443547994649,"[0.9999999999998899, 1.9999999999997797, 3.9999999999995595, 4.999999999999449]",clock_NY_macro_end1h_quote
2025-09,ae_relu_2,g,2,89,1.2235538803268249,"[0.9999999999998899, 1.9999999999997797, 3.9999999999995595, 4.999999999999449]",clock_NY_macro_end1h_quote
2025-09,ae_relu_2,g,3,69,1.7202580267046728,"[0.9999999999998899, 1.9999999999997797, 3.9999999999995595, 4.999999999999449]",clock_NY_macro_end1h_quote
2025-09,ae_relu_2,g,4,151,1.7174472116232664,"[0.9999999999998899, 1.9999999999997797, 3.9999999999995595, 4.999999999999449]",clock_NY_macro_end1h_quote
2025-09,ae_tanh_1,m,1,36,4.924787251169395,"[-104.28195937686756, -18.710489127588524, 54.743878350295105, 104.52068184485832]",clock_NY_macro_end1h_quote
2025-09,ae_tanh_1,m,2,172,5.177196580483526,"[-104.28195937686756, -18.710489127588524, 54.743878350295105, 104.52068184485832]",clock_NY_macro_end1h_quote
2025-09,ae_tanh_1,m,3,45,5.468771766915947,"[-104.28195937686756, -18.710489127588524, 54.743878350295105, 104.52068184485832]",clock_NY_macro_end1h_quote
2025-09,ae_tanh_1,m,4,121,-10.78140592017666,"[-104.28195937686756, -18.710489127588524, 54.743878350295105, 104.52068184485832]",clock_NY_macro_end1h_quote
2025-09,ae_tanh_1,g,0,9,5.940960324898837,"[0.9999999999998899, 1.9999999999997797, 3.9999999999995595, 4.999999999999449]",clock_NY_macro_end1h_quote
2025-09,ae_tanh_1,g,1,56,3.680554796820075,"[0.9999999999998899, 1.9999999999997797, 3.9999999999995595, 4.999999999999449]",clock_NY_macro_end1h_quote
2025-09,ae_tanh_1,g,2,89,2.943695883852014,"[0.9999999999998899, 1.9999999999997797, 3.9999999999995595, 4.999999999999449]",clock_NY_macro_end1h_quote
2025-09,ae_tanh_1,g,3,69,2.1290717056847885,"[0.9999999999998899, 1.9999999999997797, 3.9999999999995595, 4.999999999999449]",clock_NY_macro_end1h_quote
2025-09,ae_tanh_1,g,4,151,-4.365296866529715,"[0.9999999999998899, 1.9999999999997797, 3.9999999999995595, 4.999999999999449]",clock_NY_macro_end1h_quote
2025-09,ae_tanh_2,m,1,36,1.9260999461192805,"[-104.28195937686756, -18.710489127588524, 54.743878350295105, 104.52068184485832]",clock_NY_macro_end1h_quote
2025-09,ae_tanh_2,m,2,172,3.141938868919508,"[-104.28195937686756, -18.710489127588524, 54.743878350295105, 104.52068184485832]",clock_NY_macro_end1h_quote
2025-09,ae_tanh_2,m,3,45,4.146642497705702,"[-104.28195937686756, -18.710489127588524, 54.743878350295105, 104.52068184485832]",clock_NY_macro_end1h_quote
2025-09,ae_tanh_2,m,4,121,-7.914077580373796,"[-104.28195937686756, -18.710489127588524, 54.743878350295105, 104.52068184485832]",clock_NY_macro_end1h_quote
2025-09,ae_tanh_2,g,0,9,5.943888093886686,"[0.9999999999998899, 1.9999999999997797, 3.9999999999995595, 4.999999999999449]",clock_NY_macro_end1h_quote
2025-09,ae_tanh_2,g,1,56,2.987799123703882,"[0.9999999999998899, 1.9999999999997797, 3.9999999999995595, 4.999999999999449]",clock_NY_macro_end1h_quote
2025-09,ae_tanh_2,g,2,89,2.250639577268519,"[0.9999999999998899, 1.9999999999997797, 3.9999999999995595, 4.999999999999449]",clock_NY_macro_end1h_quote
2025-09,ae_tanh_2,g,3,69,1.3784750814673628,"[0.9999999999998899, 1.9999999999997797, 3.9999999999995595, 4.999999999999449]",clock_NY_macro_end1h_quote
2025-09,ae_tanh_2,g,4,151,-4.486654556851437,"[0.9999999999998899, 1.9999999999997797, 3.9999999999995595, 4.999999999999449]",clock_NY_macro_end1h_quote
2025-09,conditional_neural,m,1,36,1.931157004719302,"[-104.28195937686756, -18.710489127588524, 54.743878350295105, 104.52068184485832]",clock_NY_macro_end1h_quote
2025-09,conditional_neural,m,2,172,0.8022105018678057,"[-104.28195937686756, -18.710489127588524, 54.743878350295105, 104.52068184485832]",clock_NY_macro_end1h_quote
2025-09,conditional_neural,m,3,45,-0.9639483447105884,"[-104.28195937686756, -18.710489127588524, 54.743878350295105, 104.52068184485832]",clock_NY_macro_end1h_quote
2025-09,conditional_neural,m,4,121,2.7932960434549856,"[-104.28195937686756, -18.710489127588524, 54.743878350295105, 104.52068184485832]",clock_NY_macro_end1h_quote
2025-09,conditional_neural,g,0,9,3.1867724319465487,"[0.9999999999998899, 1.9999999999997797, 3.9999999999995595, 4.999999999999449]",clock_NY_macro_end1h_quote
2025-09,conditional_neural,g,1,56,0.7218736589740175,"[0.9999999999998899, 1.9999999999997797, 3.9999999999995595, 4.999999999999449]",clock_NY_macro_end1h_quote
2025-09,conditional_neural,g,2,89,0.7113008501949719,"[0.9999999999998899, 1.9999999999997797, 3.9999999999995595, 4.999999999999449]",clock_NY_macro_end1h_quote
2025-09,conditional_neural,g,3,69,2.068073056790792,"[0.9999999999998899, 1.9999999999997797, 3.9999999999995595, 4.999999999999449]",clock_NY_macro_end1h_quote
2025-09,conditional_neural,g,4,151,1.503339807028167,"[0.9999999999998899, 1.9999999999997797, 3.9999999999995595, 4.999999999999449]",clock_NY_macro_end1h_quote
2025-09,pca_selected,m,1,36,1.3923603874866066,"[-104.28195937686756, -18.710489127588524, 54.743878350295105, 104.52068184485832]",clock_NY_macro_end1h_quote
2025-09,pca_selected,m,2,172,0.6410635033949772,"[-104.28195937686756, -18.710489127588524, 54.743878350295105, 104.52068184485832]",clock_NY_macro_end1h_quote
2025-09,pca_selected,m,3,45,0.2867745091575977,"[-104.28195937686756, -18.710489127588524, 54.743878350295105, 104.52068184485832]",clock_NY_macro_end1h_quote
2025-09,pca_selected,m,4,121,2.424075872452726,"[-104.28195937686756, -18.710489127588524, 54.743878350295105, 104.52068184485832]",clock_NY_macro_end1h_quote
2025-09,pca_selected,g,0,9,2.6026833562326157,"[0.9999999999998899, 1.9999999999997797, 3.9999999999995595, 4.999999999999449]",clock_NY_macro_end1h_quote
2025-09,pca_selected,g,1,56,0.7895119094071925,"[0.9999999999998899, 1.9999999999997797, 3.9999999999995595, 4.999999999999449]",clock_NY_macro_end1h_quote
2025-09,pca_selected,g,2,89,1.1454035030555545,"[0.9999999999998899, 1.9999999999997797, 3.9999999999995595, 4.999999999999449]",clock_NY_macro_end1h_quote
2025-09,pca_selected,g,3,69,1.6473985627651992,"[0.9999999999998899, 1.9999999999997797, 3.9999999999995595, 4.999999999999449]",clock_NY_macro_end1h_quote
2025-09,pca_selected,g,4,151,1.2142894058058695,"[0.9999999999998899, 1.9999999999997797, 3.9999999999995595, 4.999999999999449]",clock_NY_macro_end1h_quote
2025-09,ae_selected,m,1,36,1.5186035597907974,"[-104.28195937686756, -18.710489127588524, 54.743878350295105, 104.52068184485832]",clock_NY_macro_end1h_quote
2025-09,ae_selected,m,2,172,0.8327013032900091,"[-104.28195937686756, -18.710489127588524, 54.743878350295105, 104.52068184485832]",clock_NY_macro_end1h_quote
2025-09,ae_selected,m,3,45,-0.5965377667845498,"[-104.28195937686756, -18.710489127588524, 54.743878350295105, 104.52068184485832]",clock_NY_macro_end1h_quote
2025-09,ae_selected,m,4,121,2.2099062363749176,"[-104.28195937686756, -18.710489127588524, 54.743878350295105, 104.52068184485832]",clock_NY_macro_end1h_quote
2025-09,ae_selected,g,0,9,4.022927891836206,"[0.9999999999998899, 1.9999999999997797, 3.9999999999995595, 4.999999999999449]",clock_NY_macro_end1h_quote
2025-09,ae_selected,g,1,56,1.259210689030653,"[0.9999999999998899, 1.9999999999997797, 3.9999999999995595, 4.999999999999449]",clock_NY_macro_end1h_quote
2025-09,ae_selected,g,2,89,0.9578454875181692,"[0.9999999999998899, 1.9999999999997797, 3.9999999999995595, 4.999999999999449]",clock_NY_macro_end1h_quote
2025-09,ae_selected,g,3,69,1.5397955523035578,"[0.9999999999998899, 1.9999999999997797, 3.9999999999995595, 4.999999999999449]",clock_NY_macro_end1h_quote
2025-09,ae_selected,g,4,151,0.9286921609543418,"[0.9999999999998899, 1.9999999999997797, 3.9999999999995595, 4.999999999999449]",clock_NY_macro_end1h_quote
2025-09,ae_reconstruction_selected,m,1,36,1.5186035597907974,"[-104.28195937686756, -18.710489127588524, 54.743878350295105, 104.52068184485832]",clock_NY_macro_end1h_quote
2025-09,ae_reconstruction_selected,m,2,172,0.8327013032900091,"[-104.28195937686756, -18.710489127588524, 54.743878350295105, 104.52068184485832]",clock_NY_macro_end1h_quote
2025-09,ae_reconstruction_selected,m,3,45,-0.5965377667845498,"[-104.28195937686756, -18.710489127588524, 54.743878350295105, 104.52068184485832]",clock_NY_macro_end1h_quote
2025-09,ae_reconstruction_selected,m,4,121,2.2099062363749176,"[-104.28195937686756, -18.710489127588524, 54.743878350295105, 104.52068184485832]",clock_NY_macro_end1h_quote
2025-09,ae_reconstruction_selected,g,0,9,4.022927891836206,"[0.9999999999998899, 1.9999999999997797, 3.9999999999995595, 4.999999999999449]",clock_NY_macro_end1h_quote
2025-09,ae_reconstruction_selected,g,1,56,1.259210689030653,"[0.9999999999998899, 1.9999999999997797, 3.9999999999995595, 4.999999999999449]",clock_NY_macro_end1h_quote
2025-09,ae_reconstruction_selected,g,2,89,0.9578454875181692,"[0.9999999999998899, 1.9999999999997797, 3.9999999999995595, 4.999999999999449]",clock_NY_macro_end1h_quote
2025-09,ae_reconstruction_selected,g,3,69,1.5397955523035578,"[0.9999999999998899, 1.9999999999997797, 3.9999999999995595, 4.999999999999449]",clock_NY_macro_end1h_quote
2025-09,ae_reconstruction_selected,g,4,151,0.9286921609543418,"[0.9999999999998899, 1.9999999999997797, 3.9999999999995595, 4.999999999999449]",clock_NY_macro_end1h_quote
2025-10,sequential_ols,m,2,10,4.963360144074169,"[-81.86263951764023, 3.868872786216352, 59.0256222602897, 115.27952751396973]",clock_NY_macro_end1h_quote
2025-10,sequential_ols,m,3,43,2.5025591956128426,"[-81.86263951764023, 3.868872786216352, 59.0256222602897, 115.27952751396973]",clock_NY_macro_end1h_quote
2025-10,sequential_ols,m,4,338,7.241944430316114,"[-81.86263951764023, 3.868872786216352, 59.0256222602897, 115.27952751396973]",clock_NY_macro_end1h_quote
2025-10,sequential_ols,g,0,9,10.379342912356057,"[0.9999999999998899, 1.9999999999997797, 3.9999999999995595, 4.999999999999449]",clock_NY_macro_end1h_quote
2025-10,sequential_ols,g,1,38,5.670519548706648,"[0.9999999999998899, 1.9999999999997797, 3.9999999999995595, 4.999999999999449]",clock_NY_macro_end1h_quote
2025-10,sequential_ols,g,2,85,7.252174926360776,"[0.9999999999998899, 1.9999999999997797, 3.9999999999995595, 4.999999999999449]",clock_NY_macro_end1h_quote
2025-10,sequential_ols,g,3,61,8.380389081054126,"[0.9999999999998899, 1.9999999999997797, 3.9999999999995595, 4.999999999999449]",clock_NY_macro_end1h_quote
2025-10,sequential_ols,g,4,198,5.90145673006018,"[0.9999999999998899, 1.9999999999997797, 3.9999999999995595, 4.999999999999449]",clock_NY_macro_end1h_quote
2025-10,pca_1,m,2,10,4.939212673189686,"[-81.86263951764023, 3.868872786216352, 59.0256222602897, 115.27952751396973]",clock_NY_macro_end1h_quote
2025-10,pca_1,m,3,43,2.5048014399196874,"[-81.86263951764023, 3.868872786216352, 59.0256222602897, 115.27952751396973]",clock_NY_macro_end1h_quote
2025-10,pca_1,m,4,338,7.236387571514424,"[-81.86263951764023, 3.868872786216352, 59.0256222602897, 115.27952751396973]",clock_NY_macro_end1h_quote
2025-10,pca_1,g,0,9,10.380313650287237,"[0.9999999999998899, 1.9999999999997797, 3.9999999999995595, 4.999999999999449]",clock_NY_macro_end1h_quote
2025-10,pca_1,g,1,38,5.676755928952266,"[0.9999999999998899, 1.9999999999997797, 3.9999999999995595, 4.999999999999449]",clock_NY_macro_end1h_quote
2025-10,pca_1,g,2,85,7.259768968864551,"[0.9999999999998899, 1.9999999999997797, 3.9999999999995595, 4.999999999999449]",clock_NY_macro_end1h_quote
2025-10,pca_1,g,3,61,8.359986210723353,"[0.9999999999998899, 1.9999999999997797, 3.9999999999995595, 4.999999999999449]",clock_NY_macro_end1h_quote
2025-10,pca_1,g,4,198,5.893022820504728,"[0.9999999999998899, 1.9999999999997797, 3.9999999999995595, 4.999999999999449]",clock_NY_macro_end1h_quote
2025-10,pca_2,m,2,10,3.137285725704971,"[-81.86263951764023, 3.868872786216352, 59.0256222602897, 115.27952751396973]",clock_NY_macro_end1h_quote
2025-10,pca_2,m,3,43,2.839981192763072,"[-81.86263951764023, 3.868872786216352, 59.0256222602897, 115.27952751396973]",clock_NY_macro_end1h_quote
2025-10,pca_2,m,4,338,7.367880385552237,"[-81.86263951764023, 3.868872786216352, 59.0256222602897, 115.27952751396973]",clock_NY_macro_end1h_quote
2025-10,pca_2,g,0,9,10.972610722461248,"[0.9999999999998899, 1.9999999999997797, 3.9999999999995595, 4.999999999999449]",clock_NY_macro_end1h_quote
2025-10,pca_2,g,1,38,6.543382594439152,"[0.9999999999998899, 1.9999999999997797, 3.9999999999995595, 4.999999999999449]",clock_NY_macro_end1h_quote
2025-10,pca_2,g,2,85,8.335262850043977,"[0.9999999999998899, 1.9999999999997797, 3.9999999999995595, 4.999999999999449]",clock_NY_macro_end1h_quote
2025-10,pca_2,g,3,61,7.21111220939253,"[0.9999999999998899, 1.9999999999997797, 3.9999999999995595, 4.999999999999449]",clock_NY_macro_end1h_quote
2025-10,pca_2,g,4,198,5.798274731035337,"[0.9999999999998899, 1.9999999999997797, 3.9999999999995595, 4.999999999999449]",clock_NY_macro_end1h_quote
2025-10,conditional_linear,m,2,10,5.570140061058724,"[-81.86263951764023, 3.868872786216352, 59.0256222602897, 115.27952751396973]",clock_NY_macro_end1h_quote
2025-10,conditional_linear,m,3,43,3.4202970687725176,"[-81.86263951764023, 3.868872786216352, 59.0256222602897, 115.27952751396973]",clock_NY_macro_end1h_quote
2025-10,conditional_linear,m,4,338,14.186856337809305,"[-81.86263951764023, 3.868872786216352, 59.0256222602897, 115.27952751396973]",clock_NY_macro_end1h_quote
2025-10,conditional_linear,g,0,9,13.834567697924236,"[0.9999999999998899, 1.9999999999997797, 3.9999999999995595, 4.999999999999449]",clock_NY_macro_end1h_quote
2025-10,conditional_linear,g,1,38,10.402611253540726,"[0.9999999999998899, 1.9999999999997797, 3.9999999999995595, 4.999999999999449]",clock_NY_macro_end1h_quote
2025-10,conditional_linear,g,2,85,17.371995933913592,"[0.9999999999998899, 1.9999999999997797, 3.9999999999995595, 4.999999999999449]",clock_NY_macro_end1h_quote
2025-10,conditional_linear,g,3,61,16.31851877583311,"[0.9999999999998899, 1.9999999999997797, 3.9999999999995595, 4.999999999999449]",clock_NY_macro_end1h_quote
2025-10,conditional_linear,g,4,198,10.13167666728793,"[0.9999999999998899, 1.9999999999997797, 3.9999999999995595, 4.999999999999449]",clock_NY_macro_end1h_quote
2025-10,ae_relu_1,m,2,10,4.938966110187075,"[-81.86263951764023, 3.868872786216352, 59.0256222602897, 115.27952751396973]",clock_NY_macro_end1h_quote
2025-10,ae_relu_1,m,3,43,2.505049887862883,"[-81.86263951764023, 3.868872786216352, 59.0256222602897, 115.27952751396973]",clock_NY_macro_end1h_quote
2025-10,ae_relu_1,m,4,338,99.60453487696375,"[-81.86263951764023, 3.868872786216352, 59.0256222602897, 115.27952751396973]",clock_NY_macro_end1h_quote
2025-10,ae_relu_1,g,0,9,101.69060205989544,"[0.9999999999998899, 1.9999999999997797, 3.9999999999995595, 4.999999999999449]",clock_NY_macro_end1h_quote
2025-10,ae_relu_1,g,1,38,63.620394825355966,"[0.9999999999998899, 1.9999999999997797, 3.9999999999995595, 4.999999999999449]",clock_NY_macro_end1h_quote
2025-10,ae_relu_1,g,2,85,112.88642946911357,"[0.9999999999998899, 1.9999999999997797, 3.9999999999995595, 4.999999999999449]",clock_NY_macro_end1h_quote
2025-10,ae_relu_1,g,3,61,79.25139796355163,"[0.9999999999998899, 1.9999999999997797, 3.9999999999995595, 4.999999999999449]",clock_NY_macro_end1h_quote
2025-10,ae_relu_1,g,4,198,81.1159969299992,"[0.9999999999998899, 1.9999999999997797, 3.9999999999995595, 4.999999999999449]",clock_NY_macro_end1h_quote
2025-10,ae_relu_2,m,2,10,3.9623333900742255,"[-81.86263951764023, 3.868872786216352, 59.0256222602897, 115.27952751396973]",clock_NY_macro_end1h_quote
2025-10,ae_relu_2,m,3,43,2.7430937949522742,"[-81.86263951764023, 3.868872786216352, 59.0256222602897, 115.27952751396973]",clock_NY_macro_end1h_quote
2025-10,ae_relu_2,m,4,338,110.18972137463996,"[-81.86263951764023, 3.868872786216352, 59.0256222602897, 115.27952751396973]",clock_NY_macro_end1h_quote
2025-10,ae_relu_2,g,0,9,112.17691627057371,"[0.9999999999998899, 1.9999999999997797, 3.9999999999995595, 4.999999999999449]",clock_NY_macro_end1h_quote
2025-10,ae_relu_2,g,1,38,71.74019292699454,"[0.9999999999998899, 1.9999999999997797, 3.9999999999995595, 4.999999999999449]",clock_NY_macro_end1h_quote
2025-10,ae_relu_2,g,2,85,125.25608053924591,"[0.9999999999998899, 1.9999999999997797, 3.9999999999995595, 4.999999999999449]",clock_NY_macro_end1h_quote
2025-10,ae_relu_2,g,3,61,87.17903966129066,"[0.9999999999998899, 1.9999999999997797, 3.9999999999995595, 4.999999999999449]",clock_NY_macro_end1h_quote
2025-10,ae_relu_2,g,4,198,89.40047650947683,"[0.9999999999998899, 1.9999999999997797, 3.9999999999995595, 4.999999999999449]",clock_NY_macro_end1h_quote
2025-10,ae_tanh_1,m,2,10,14.276719825597969,"[-81.86263951764023, 3.868872786216352, 59.0256222602897, 115.27952751396973]",clock_NY_macro_end1h_quote
2025-10,ae_tanh_1,m,3,43,11.34071540978477,"[-81.86263951764023, 3.868872786216352, 59.0256222602897, 115.27952751396973]",clock_NY_macro_end1h_quote
2025-10,ae_tanh_1,m,4,338,105.37054943063686,"[-81.86263951764023, 3.868872786216352, 59.0256222602897, 115.27952751396973]",clock_NY_macro_end1h_quote
2025-10,ae_tanh_1,g,0,9,94.7772245382739,"[0.9999999999998899, 1.9999999999997797, 3.9999999999995595, 4.999999999999449]",clock_NY_macro_end1h_quote
2025-10,ae_tanh_1,g,1,38,46.33952401839929,"[0.9999999999998899, 1.9999999999997797, 3.9999999999995595, 4.999999999999449]",clock_NY_macro_end1h_quote
2025-10,ae_tanh_1,g,2,85,116.0446645709723,"[0.9999999999998899, 1.9999999999997797, 3.9999999999995595, 4.999999999999449]",clock_NY_macro_end1h_quote
2025-10,ae_tanh_1,g,3,61,78.25653730486611,"[0.9999999999998899, 1.9999999999997797, 3.9999999999995595, 4.999999999999449]",clock_NY_macro_end1h_quote
2025-10,ae_tanh_1,g,4,198,95.93091651898416,"[0.9999999999998899, 1.9999999999997797, 3.9999999999995595, 4.999999999999449]",clock_NY_macro_end1h_quote
2025-10,ae_tanh_2,m,2,10,7.756280847144177,"[-81.86263951764023, 3.868872786216352, 59.0256222602897, 115.27952751396973]",clock_NY_macro_end1h_quote
2025-10,ae_tanh_2,m,3,43,7.377135077084883,"[-81.86263951764023, 3.868872786216352, 59.0256222602897, 115.27952751396973]",clock_NY_macro_end1h_quote
2025-10,ae_tanh_2,m,4,338,108.05057058589344,"[-81.86263951764023, 3.868872786216352, 59.0256222602897, 115.27952751396973]",clock_NY_macro_end1h_quote
2025-10,ae_tanh_2,g,0,9,100.96702083961856,"[0.9999999999998899, 1.9999999999997797, 3.9999999999995595, 4.999999999999449]",clock_NY_macro_end1h_quote
2025-10,ae_tanh_2,g,1,38,53.33061055049085,"[0.9999999999998899, 1.9999999999997797, 3.9999999999995595, 4.999999999999449]",clock_NY_macro_end1h_quote
2025-10,ae_tanh_2,g,2,85,119.79630369666684,"[0.9999999999998899, 1.9999999999997797, 3.9999999999995595, 4.999999999999449]",clock_NY_macro_end1h_quote
2025-10,ae_tanh_2,g,3,61,81.47319793743581,"[0.9999999999998899, 1.9999999999997797, 3.9999999999995595, 4.999999999999449]",clock_NY_macro_end1h_quote
2025-10,ae_tanh_2,g,4,198,95.09118786839694,"[0.9999999999998899, 1.9999999999997797, 3.9999999999995595, 4.999999999999449]",clock_NY_macro_end1h_quote
2025-10,conditional_neural,m,2,10,5.693219592052342,"[-81.86263951764023, 3.868872786216352, 59.0256222602897, 115.27952751396973]",clock_NY_macro_end1h_quote
2025-10,conditional_neural,m,3,43,2.700865864566519,"[-81.86263951764023, 3.868872786216352, 59.0256222602897, 115.27952751396973]",clock_NY_macro_end1h_quote
2025-10,conditional_neural,m,4,338,6.508000279071454,"[-81.86263951764023, 3.868872786216352, 59.0256222602897, 115.27952751396973]",clock_NY_macro_end1h_quote
2025-10,conditional_neural,g,0,9,6.7250084009155175,"[0.9999999999998899, 1.9999999999997797, 3.9999999999995595, 4.999999999999449]",clock_NY_macro_end1h_quote
2025-10,conditional_neural,g,1,38,3.833939256929236,"[0.9999999999998899, 1.9999999999997797, 3.9999999999995595, 4.999999999999449]",clock_NY_macro_end1h_quote
2025-10,conditional_neural,g,2,85,6.858426598742228,"[0.9999999999998899, 1.9999999999997797, 3.9999999999995595, 4.999999999999449]",clock_NY_macro_end1h_quote
2025-10,conditional_neural,g,3,61,8.837459633182915,"[0.9999999999998899, 1.9999999999997797, 3.9999999999995595, 4.999999999999449]",clock_NY_macro_end1h_quote
2025-10,conditional_neural,g,4,198,5.27529018451635,"[0.9999999999998899, 1.9999999999997797, 3.9999999999995595, 4.999999999999449]",clock_NY_macro_end1h_quote
2025-10,pca_selected,m,2,10,3.137285725704971,"[-81.86263951764023, 3.868872786216352, 59.0256222602897, 115.27952751396973]",clock_NY_macro_end1h_quote
2025-10,pca_selected,m,3,43,2.839981192763072,"[-81.86263951764023, 3.868872786216352, 59.0256222602897, 115.27952751396973]",clock_NY_macro_end1h_quote
2025-10,pca_selected,m,4,338,7.367880385552237,"[-81.86263951764023, 3.868872786216352, 59.0256222602897, 115.27952751396973]",clock_NY_macro_end1h_quote
2025-10,pca_selected,g,0,9,10.972610722461248,"[0.9999999999998899, 1.9999999999997797, 3.9999999999995595, 4.999999999999449]",clock_NY_macro_end1h_quote
2025-10,pca_selected,g,1,38,6.543382594439152,"[0.9999999999998899, 1.9999999999997797, 3.9999999999995595, 4.999999999999449]",clock_NY_macro_end1h_quote
2025-10,pca_selected,g,2,85,8.335262850043977,"[0.9999999999998899, 1.9999999999997797, 3.9999999999995595, 4.999999999999449]",clock_NY_macro_end1h_quote
2025-10,pca_selected,g,3,61,7.21111220939253,"[0.9999999999998899, 1.9999999999997797, 3.9999999999995595, 4.999999999999449]",clock_NY_macro_end1h_quote
2025-10,pca_selected,g,4,198,5.798274731035337,"[0.9999999999998899, 1.9999999999997797, 3.9999999999995595, 4.999999999999449]",clock_NY_macro_end1h_quote
2025-10,ae_selected,m,2,10,4.938966110187075,"[-81.86263951764023, 3.868872786216352, 59.0256222602897, 115.27952751396973]",clock_NY_macro_end1h_quote
2025-10,ae_selected,m,3,43,2.505049887862883,"[-81.86263951764023, 3.868872786216352, 59.0256222602897, 115.27952751396973]",clock_NY_macro_end1h_quote
2025-10,ae_selected,m,4,338,99.60453487696375,"[-81.86263951764023, 3.868872786216352, 59.0256222602897, 115.27952751396973]",clock_NY_macro_end1h_quote
2025-10,ae_selected,g,0,9,101.69060205989544,"[0.9999999999998899, 1.9999999999997797, 3.9999999999995595, 4.999999999999449]",clock_NY_macro_end1h_quote
2025-10,ae_selected,g,1,38,63.620394825355966,"[0.9999999999998899, 1.9999999999997797, 3.9999999999995595, 4.999999999999449]",clock_NY_macro_end1h_quote
2025-10,ae_selected,g,2,85,112.88642946911357,"[0.9999999999998899, 1.9999999999997797, 3.9999999999995595, 4.999999999999449]",clock_NY_macro_end1h_quote
2025-10,ae_selected,g,3,61,79.25139796355163,"[0.9999999999998899, 1.9999999999997797, 3.9999999999995595, 4.999999999999449]",clock_NY_macro_end1h_quote
2025-10,ae_selected,g,4,198,81.1159969299992,"[0.9999999999998899, 1.9999999999997797, 3.9999999999995595, 4.999999999999449]",clock_NY_macro_end1h_quote
2025-10,ae_reconstruction_selected,m,2,10,4.938966110187075,"[-81.86263951764023, 3.868872786216352, 59.0256222602897, 115.27952751396973]",clock_NY_macro_end1h_quote
2025-10,ae_reconstruction_selected,m,3,43,2.505049887862883,"[-81.86263951764023, 3.868872786216352, 59.0256222602897, 115.27952751396973]",clock_NY_macro_end1h_quote
2025-10,ae_reconstruction_selected,m,4,338,99.60453487696375,"[-81.86263951764023, 3.868872786216352, 59.0256222602897, 115.27952751396973]",clock_NY_macro_end1h_quote
2025-10,ae_reconstruction_selected,g,0,9,101.69060205989544,"[0.9999999999998899, 1.9999999999997797, 3.9999999999995595, 4.999999999999449]",clock_NY_macro_end1h_quote
2025-10,ae_reconstruction_selected,g,1,38,63.620394825355966,"[0.9999999999998899, 1.9999999999997797, 3.9999999999995595, 4.999999999999449]",clock_NY_macro_end1h_quote
2025-10,ae_reconstruction_selected,g,2,85,112.88642946911357,"[0.9999999999998899, 1.9999999999997797, 3.9999999999995595, 4.999999999999449]",clock_NY_macro_end1h_quote
2025-10,ae_reconstruction_selected,g,3,61,79.25139796355163,"[0.9999999999998899, 1.9999999999997797, 3.9999999999995595, 4.999999999999449]",clock_NY_macro_end1h_quote
2025-10,ae_reconstruction_selected,g,4,198,81.1159969299992,"[0.9999999999998899, 1.9999999999997797, 3.9999999999995595, 4.999999999999449]",clock_NY_macro_end1h_quote
2025-11,sequential_ols,m,3,139,0.2310156720649623,"[-49.19855343422954, 30.259884595948975, 96.87726940636124, 199.41285521072183]",clock_NY_macro_end1h_quote
2025-11,sequential_ols,m,4,181,-1.6218898836724067,"[-49.19855343422954, 30.259884595948975, 96.87726940636124, 199.41285521072183]",clock_NY_macro_end1h_quote
2025-11,sequential_ols,g,0,58,-3.1832278385393424,"[0.9999999999998899, 2.9999999999996696, 3.9999999999995595, 6.000000000000449]",clock_NY_macro_end1h_quote
2025-11,sequential_ols,g,1,134,-2.254561006238627,"[0.9999999999998899, 2.9999999999996696, 3.9999999999995595, 6.000000000000449]",clock_NY_macro_end1h_quote
2025-11,sequential_ols,g,2,29,-0.1378411713073835,"[0.9999999999998899, 2.9999999999996696, 3.9999999999995595, 6.000000000000449]",clock_NY_macro_end1h_quote
2025-11,sequential_ols,g,3,53,2.370644778384491,"[0.9999999999998899, 2.9999999999996696, 3.9999999999995595, 6.000000000000449]",clock_NY_macro_end1h_quote
2025-11,sequential_ols,g,4,46,2.253059122980829,"[0.9999999999998899, 2.9999999999996696, 3.9999999999995595, 6.000000000000449]",clock_NY_macro_end1h_quote
2025-11,pca_1,m,3,139,0.2215109053256604,"[-49.19855343422954, 30.259884595948975, 96.87726940636124, 199.41285521072183]",clock_NY_macro_end1h_quote
2025-11,pca_1,m,4,181,-1.627096648052142,"[-49.19855343422954, 30.259884595948975, 96.87726940636124, 199.41285521072183]",clock_NY_macro_end1h_quote
2025-11,pca_1,g,0,58,-3.197696542643433,"[0.9999999999998899, 2.9999999999996696, 3.9999999999995595, 6.000000000000449]",clock_NY_macro_end1h_quote
2025-11,pca_1,g,1,134,-2.260328158727226,"[0.9999999999998899, 2.9999999999996696, 3.9999999999995595, 6.000000000000449]",clock_NY_macro_end1h_quote
2025-11,pca_1,g,2,29,-0.1553514815904048,"[0.9999999999998899, 2.9999999999996696, 3.9999999999995595, 6.000000000000449]",clock_NY_macro_end1h_quote
2025-11,pca_1,g,3,53,2.3649253282827827,"[0.9999999999998899, 2.9999999999996696, 3.9999999999995595, 6.000000000000449]",clock_NY_macro_end1h_quote
2025-11,pca_1,g,4,46,2.256522735928932,"[0.9999999999998899, 2.9999999999996696, 3.9999999999995595, 6.000000000000449]",clock_NY_macro_end1h_quote
2025-11,pca_2,m,3,139,-0.7536526280236515,"[-49.19855343422954, 30.259884595948975, 96.87726940636124, 199.41285521072183]",clock_NY_macro_end1h_quote
2025-11,pca_2,m,4,181,-2.092008497333904,"[-49.19855343422954, 30.259884595948975, 96.87726940636124, 199.41285521072183]",clock_NY_macro_end1h_quote
2025-11,pca_2,g,0,58,-4.588262881007354,"[0.9999999999998899, 2.9999999999996696, 3.9999999999995595, 6.000000000000449]",clock_NY_macro_end1h_quote
2025-11,pca_2,g,1,134,-2.824291468014781,"[0.9999999999998899, 2.9999999999996696, 3.9999999999995595, 6.000000000000449]",clock_NY_macro_end1h_quote
2025-11,pca_2,g,2,29,-1.6584046606590763,"[0.9999999999998899, 2.9999999999996696, 3.9999999999995595, 6.000000000000449]",clock_NY_macro_end1h_quote
2025-11,pca_2,g,3,53,1.8370747985214573,"[0.9999999999998899, 2.9999999999996696, 3.9999999999995595, 6.000000000000449]",clock_NY_macro_end1h_quote
2025-11,pca_2,g,4,46,2.432430898633892,"[0.9999999999998899, 2.9999999999996696, 3.9999999999995595, 6.000000000000449]",clock_NY_macro_end1h_quote
2025-11,conditional_linear,m,3,139,0.1243435721786587,"[-49.19855343422954, 30.259884595948975, 96.87726940636124, 199.41285521072183]",clock_NY_macro_end1h_quote
2025-11,conditional_linear,m,4,181,-1.685636531617794,"[-49.19855343422954, 30.259884595948975, 96.87726940636124, 199.41285521072183]",clock_NY_macro_end1h_quote
2025-11,conditional_linear,g,0,58,-3.428955627269165,"[0.9999999999998899, 2.9999999999996696, 3.9999999999995595, 6.000000000000449]",clock_NY_macro_end1h_quote
2025-11,conditional_linear,g,1,134,-2.431908783304589,"[0.9999999999998899, 2.9999999999996696, 3.9999999999995595, 6.000000000000449]",clock_NY_macro_end1h_quote
2025-11,conditional_linear,g,2,29,-0.2629640303346464,"[0.9999999999998899, 2.9999999999996696, 3.9999999999995595, 6.000000000000449]",clock_NY_macro_end1h_quote
2025-11,conditional_linear,g,3,53,2.5455600744768434,"[0.9999999999998899, 2.9999999999996696, 3.9999999999995595, 6.000000000000449]",clock_NY_macro_end1h_quote
2025-11,conditional_linear,g,4,46,2.383696099714596,"[0.9999999999998899, 2.9999999999996696, 3.9999999999995595, 6.000000000000449]",clock_NY_macro_end1h_quote
2025-11,ae_relu_1,m,3,139,0.2202268746242353,"[-49.19855343422954, 30.259884595948975, 96.87726940636124, 199.41285521072183]",clock_NY_macro_end1h_quote
2025-11,ae_relu_1,m,4,181,-1.6470019662426587,"[-49.19855343422954, 30.259884595948975, 96.87726940636124, 199.41285521072183]",clock_NY_macro_end1h_quote
2025-11,ae_relu_1,g,0,58,-3.2270401808648863,"[0.9999999999998899, 2.9999999999996696, 3.9999999999995595, 6.000000000000449]",clock_NY_macro_end1h_quote
2025-11,ae_relu_1,g,1,134,-2.2812665129896548,"[0.9999999999998899, 2.9999999999996696, 3.9999999999995595, 6.000000000000449]",clock_NY_macro_end1h_quote
2025-11,ae_relu_1,g,2,29,-0.1725278429612807,"[0.9999999999998899, 2.9999999999996696, 3.9999999999995595, 6.000000000000449]",clock_NY_macro_end1h_quote
2025-11,ae_relu_1,g,3,53,2.365130086090093,"[0.9999999999998899, 2.9999999999996696, 3.9999999999995595, 6.000000000000449]",clock_NY_macro_end1h_quote
2025-11,ae_relu_1,g,4,46,2.2829051260158004,"[0.9999999999998899, 2.9999999999996696, 3.9999999999995595, 6.000000000000449]",clock_NY_macro_end1h_quote
2025-11,ae_relu_2,m,3,139,-0.0601668748392386,"[-49.19855343422954, 30.259884595948975, 96.87726940636124, 199.41285521072183]",clock_NY_macro_end1h_quote
2025-11,ae_relu_2,m,4,181,-1.7364792623612433,"[-49.19855343422954, 30.259884595948975, 96.87726940636124, 199.41285521072183]",clock_NY_macro_end1h_quote
2025-11,ae_relu_2,g,0,58,-3.7516676859799096,"[0.9999999999998899, 2.9999999999996696, 3.9999999999995595, 6.000000000000449]",clock_NY_macro_end1h_quote
2025-11,ae_relu_2,g,1,134,-2.5874467661421763,"[0.9999999999998899, 2.9999999999996696, 3.9999999999995595, 6.000000000000449]",clock_NY_macro_end1h_quote
2025-11,ae_relu_2,g,2,29,-0.4323869142808998,"[0.9999999999998899, 2.9999999999996696, 3.9999999999995595, 6.000000000000449]",clock_NY_macro_end1h_quote
2025-11,ae_relu_2,g,3,53,2.4537038573354715,"[0.9999999999998899, 2.9999999999996696, 3.9999999999995595, 6.000000000000449]",clock_NY_macro_end1h_quote
2025-11,ae_relu_2,g,4,46,2.6987297051133323,"[0.9999999999998899, 2.9999999999996696, 3.9999999999995595, 6.000000000000449]",clock_NY_macro_end1h_quote
2025-11,ae_tanh_1,m,3,139,1.3056054825000465,"[-49.19855343422954, 30.259884595948975, 96.87726940636124, 199.41285521072183]",clock_NY_macro_end1h_quote
2025-11,ae_tanh_1,m,4,181,7.071181781894872,"[-49.19855343422954, 30.259884595948975, 96.87726940636124, 199.41285521072183]",clock_NY_macro_end1h_quote
2025-11,ae_tanh_1,g,0,58,4.641889307733887,"[0.9999999999998899, 2.9999999999996696, 3.9999999999995595, 6.000000000000449]",clock_NY_macro_end1h_quote
2025-11,ae_tanh_1,g,1,134,4.390251093230641,"[0.9999999999998899, 2.9999999999996696, 3.9999999999995595, 6.000000000000449]",clock_NY_macro_end1h_quote
2025-11,ae_tanh_1,g,2,29,8.723947248682265,"[0.9999999999998899, 2.9999999999996696, 3.9999999999995595, 6.000000000000449]",clock_NY_macro_end1h_quote
2025-11,ae_tanh_1,g,3,53,6.021391278450965,"[0.9999999999998899, 2.9999999999996696, 3.9999999999995595, 6.000000000000449]",clock_NY_macro_end1h_quote
2025-11,ae_tanh_1,g,4,46,0.6893832669417445,"[0.9999999999998899, 2.9999999999996696, 3.9999999999995595, 6.000000000000449]",clock_NY_macro_end1h_quote
2025-11,ae_tanh_2,m,3,139,2.394262661833339,"[-49.19855343422954, 30.259884595948975, 96.87726940636124, 199.41285521072183]",clock_NY_macro_end1h_quote
2025-11,ae_tanh_2,m,4,181,10.37099498881766,"[-49.19855343422954, 30.259884595948975, 96.87726940636124, 199.41285521072183]",clock_NY_macro_end1h_quote
2025-11,ae_tanh_2,g,0,58,7.989930218935649,"[0.9999999999998899, 2.9999999999996696, 3.9999999999995595, 6.000000000000449]",clock_NY_macro_end1h_quote
2025-11,ae_tanh_2,g,1,134,7.328684004423406,"[0.9999999999998899, 2.9999999999996696, 3.9999999999995595, 6.000000000000449]",clock_NY_macro_end1h_quote
2025-11,ae_tanh_2,g,2,29,11.847005329270536,"[0.9999999999998899, 2.9999999999996696, 3.9999999999995595, 6.000000000000449]",clock_NY_macro_end1h_quote
2025-11,ae_tanh_2,g,3,53,7.604827391349221,"[0.9999999999998899, 2.9999999999996696, 3.9999999999995595, 6.000000000000449]",clock_NY_macro_end1h_quote
2025-11,ae_tanh_2,g,4,46,0.3885649432493911,"[0.9999999999998899, 2.9999999999996696, 3.9999999999995595, 6.000000000000449]",clock_NY_macro_end1h_quote
2025-11,conditional_neural,m,3,139,0.5553455852039352,"[-49.19855343422954, 30.259884595948975, 96.87726940636124, 199.41285521072183]",clock_NY_macro_end1h_quote
2025-11,conditional_neural,m,4,181,-1.2362396541428806,"[-49.19855343422954, 30.259884595948975, 96.87726940636124, 199.41285521072183]",clock_NY_macro_end1h_quote
2025-11,conditional_neural,g,0,58,-3.335485183563413,"[0.9999999999998899, 2.9999999999996696, 3.9999999999995595, 6.000000000000449]",clock_NY_macro_end1h_quote
2025-11,conditional_neural,g,1,134,-1.89915622099186,"[0.9999999999998899, 2.9999999999996696, 3.9999999999995595, 6.000000000000449]",clock_NY_macro_end1h_quote
2025-11,conditional_neural,g,2,29,0.2758041893664917,"[0.9999999999998899, 2.9999999999996696, 3.9999999999995595, 6.000000000000449]",clock_NY_macro_end1h_quote
2025-11,conditional_neural,g,3,53,2.88511854564729,"[0.9999999999998899, 2.9999999999996696, 3.9999999999995595, 6.000000000000449]",clock_NY_macro_end1h_quote
2025-11,conditional_neural,g,4,46,3.0536767128725697,"[0.9999999999998899, 2.9999999999996696, 3.9999999999995595, 6.000000000000449]",clock_NY_macro_end1h_quote
2025-11,pca_selected,m,3,139,-0.7536526280236515,"[-49.19855343422954, 30.259884595948975, 96.87726940636124, 199.41285521072183]",clock_NY_macro_end1h_quote
2025-11,pca_selected,m,4,181,-2.092008497333904,"[-49.19855343422954, 30.259884595948975, 96.87726940636124, 199.41285521072183]",clock_NY_macro_end1h_quote
2025-11,pca_selected,g,0,58,-4.588262881007354,"[0.9999999999998899, 2.9999999999996696, 3.9999999999995595, 6.000000000000449]",clock_NY_macro_end1h_quote
2025-11,pca_selected,g,1,134,-2.824291468014781,"[0.9999999999998899, 2.9999999999996696, 3.9999999999995595, 6.000000000000449]",clock_NY_macro_end1h_quote
2025-11,pca_selected,g,2,29,-1.6584046606590763,"[0.9999999999998899, 2.9999999999996696, 3.9999999999995595, 6.000000000000449]",clock_NY_macro_end1h_quote
2025-11,pca_selected,g,3,53,1.8370747985214573,"[0.9999999999998899, 2.9999999999996696, 3.9999999999995595, 6.000000000000449]",clock_NY_macro_end1h_quote
2025-11,pca_selected,g,4,46,2.432430898633892,"[0.9999999999998899, 2.9999999999996696, 3.9999999999995595, 6.000000000000449]",clock_NY_macro_end1h_quote
2025-11,ae_selected,m,3,139,0.2202268746242353,"[-49.19855343422954, 30.259884595948975, 96.87726940636124, 199.41285521072183]",clock_NY_macro_end1h_quote
2025-11,ae_selected,m,4,181,-1.6470019662426587,"[-49.19855343422954, 30.259884595948975, 96.87726940636124, 199.41285521072183]",clock_NY_macro_end1h_quote
2025-11,ae_selected,g,0,58,-3.2270401808648863,"[0.9999999999998899, 2.9999999999996696, 3.9999999999995595, 6.000000000000449]",clock_NY_macro_end1h_quote
2025-11,ae_selected,g,1,134,-2.2812665129896548,"[0.9999999999998899, 2.9999999999996696, 3.9999999999995595, 6.000000000000449]",clock_NY_macro_end1h_quote
2025-11,ae_selected,g,2,29,-0.1725278429612807,"[0.9999999999998899, 2.9999999999996696, 3.9999999999995595, 6.000000000000449]",clock_NY_macro_end1h_quote
2025-11,ae_selected,g,3,53,2.365130086090093,"[0.9999999999998899, 2.9999999999996696, 3.9999999999995595, 6.000000000000449]",clock_NY_macro_end1h_quote
2025-11,ae_selected,g,4,46,2.2829051260158004,"[0.9999999999998899, 2.9999999999996696, 3.9999999999995595, 6.000000000000449]",clock_NY_macro_end1h_quote
2025-11,ae_reconstruction_selected,m,3,139,0.2202268746242353,"[-49.19855343422954, 30.259884595948975, 96.87726940636124, 199.41285521072183]",clock_NY_macro_end1h_quote
2025-11,ae_reconstruction_selected,m,4,181,-1.6470019662426587,"[-49.19855343422954, 30.259884595948975, 96.87726940636124, 199.41285521072183]",clock_NY_macro_end1h_quote
2025-11,ae_reconstruction_selected,g,0,58,-3.2270401808648863,"[0.9999999999998899, 2.9999999999996696, 3.9999999999995595, 6.000000000000449]",clock_NY_macro_end1h_quote
2025-11,ae_reconstruction_selected,g,1,134,-2.2812665129896548,"[0.9999999999998899, 2.9999999999996696, 3.9999999999995595, 6.000000000000449]",clock_NY_macro_end1h_quote
2025-11,ae_reconstruction_selected,g,2,29,-0.1725278429612807,"[0.9999999999998899, 2.9999999999996696, 3.9999999999995595, 6.000000000000449]",clock_NY_macro_end1h_quote
2025-11,ae_reconstruction_selected,g,3,53,2.365130086090093,"[0.9999999999998899, 2.9999999999996696, 3.9999999999995595, 6.000000000000449]",clock_NY_macro_end1h_quote
2025-11,ae_reconstruction_selected,g,4,46,2.2829051260158004,"[0.9999999999998899, 2.9999999999996696, 3.9999999999995595, 6.000000000000449]",clock_NY_macro_end1h_quote
2025-12,sequential_ols,m,1,14,4.36953300843064,"[-27.025165215712114, 53.22977059680092, 130.18648141522718, 232.17459318897116]",clock_NY_macro_end1h_quote
2025-12,sequential_ols,m,2,221,0.8405373726511282,"[-27.025165215712114, 53.22977059680092, 130.18648141522718, 232.17459318897116]",clock_NY_macro_end1h_quote
2025-12,sequential_ols,m,3,120,-6.250599413006696,"[-27.025165215712114, 53.22977059680092, 130.18648141522718, 232.17459318897116]",clock_NY_macro_end1h_quote
2025-12,sequential_ols,m,4,10,-51.3386235748845,"[-27.025165215712114, 53.22977059680092, 130.18648141522718, 232.17459318897116]",clock_NY_macro_end1h_quote
2025-12,sequential_ols,g,0,21,-10.292284670613594,"[0.9999999999998899, 1.9999999999997797, 3.9999999999995595, 6.000000000000449]",clock_NY_macro_end1h_quote
2025-12,sequential_ols,g,1,53,-4.187916752436612,"[0.9999999999998899, 1.9999999999997797, 3.9999999999995595, 6.000000000000449]",clock_NY_macro_end1h_quote
2025-12,sequential_ols,g,2,163,-2.5043181823699485,"[0.9999999999998899, 1.9999999999997797, 3.9999999999995595, 6.000000000000449]",clock_NY_macro_end1h_quote
2025-12,sequential_ols,g,3,76,-1.792649542506616,"[0.9999999999998899, 1.9999999999997797, 3.9999999999995595, 6.000000000000449]",clock_NY_macro_end1h_quote
2025-12,sequential_ols,g,4,52,-0.653522094555577,"[0.9999999999998899, 1.9999999999997797, 3.9999999999995595, 6.000000000000449]",clock_NY_macro_end1h_quote
2025-12,pca_1,m,1,14,4.339554570156414,"[-27.025165215712114, 53.22977059680092, 130.18648141522718, 232.17459318897116]",clock_NY_macro_end1h_quote
2025-12,pca_1,m,2,221,0.8423152285500382,"[-27.025165215712114, 53.22977059680092, 130.18648141522718, 232.17459318897116]",clock_NY_macro_end1h_quote
2025-12,pca_1,m,3,120,-6.221661188096544,"[-27.025165215712114, 53.22977059680092, 130.18648141522718, 232.17459318897116]",clock_NY_macro_end1h_quote
2025-12,pca_1,m,4,10,-51.16946459247367,"[-27.025165215712114, 53.22977059680092, 130.18648141522718, 232.17459318897116]",clock_NY_macro_end1h_quote
2025-12,pca_1,g,0,21,-10.232224798176327,"[0.9999999999998899, 1.9999999999997797, 3.9999999999995595, 6.000000000000449]",clock_NY_macro_end1h_quote
2025-12,pca_1,g,1,53,-4.1853375781780295,"[0.9999999999998899, 1.9999999999997797, 3.9999999999995595, 6.000000000000449]",clock_NY_macro_end1h_quote
2025-12,pca_1,g,2,163,-2.493746835379382,"[0.9999999999998899, 1.9999999999997797, 3.9999999999995595, 6.000000000000449]",clock_NY_macro_end1h_quote
2025-12,pca_1,g,3,76,-1.7805556128946,"[0.9999999999998899, 1.9999999999997797, 3.9999999999995595, 6.000000000000449]",clock_NY_macro_end1h_quote
2025-12,pca_1,g,4,52,-0.6324228048578147,"[0.9999999999998899, 1.9999999999997797, 3.9999999999995595, 6.000000000000449]",clock_NY_macro_end1h_quote
2025-12,pca_2,m,1,14,1.285721228344668,"[-27.025165215712114, 53.22977059680092, 130.18648141522718, 232.17459318897116]",clock_NY_macro_end1h_quote
2025-12,pca_2,m,2,221,0.8779344525745105,"[-27.025165215712114, 53.22977059680092, 130.18648141522718, 232.17459318897116]",clock_NY_macro_end1h_quote
2025-12,pca_2,m,3,120,-3.257420861120174,"[-27.025165215712114, 53.22977059680092, 130.18648141522718, 232.17459318897116]",clock_NY_macro_end1h_quote
2025-12,pca_2,m,4,10,-30.418412035626933,"[-27.025165215712114, 53.22977059680092, 130.18648141522718, 232.17459318897116]",clock_NY_macro_end1h_quote
2025-12,pca_2,g,0,21,-3.6477214429763607,"[0.9999999999998899, 1.9999999999997797, 3.9999999999995595, 6.000000000000449]",clock_NY_macro_end1h_quote
2025-12,pca_2,g,1,53,-3.2715220751602327,"[0.9999999999998899, 1.9999999999997797, 3.9999999999995595, 6.000000000000449]",clock_NY_macro_end1h_quote
2025-12,pca_2,g,2,163,-1.3495744386580852,"[0.9999999999998899, 1.9999999999997797, 3.9999999999995595, 6.000000000000449]",clock_NY_macro_end1h_quote
2025-12,pca_2,g,3,76,-0.8163423596804499,"[0.9999999999998899, 1.9999999999997797, 3.9999999999995595, 6.000000000000449]",clock_NY_macro_end1h_quote
2025-12,pca_2,g,4,52,0.9416242432323088,"[0.9999999999998899, 1.9999999999997797, 3.9999999999995595, 6.000000000000449]",clock_NY_macro_end1h_quote
2025-12,conditional_linear,m,1,14,3.996875144819912,"[-27.025165215712114, 53.22977059680092, 130.18648141522718, 232.17459318897116]",clock_NY_macro_end1h_quote
2025-12,conditional_linear,m,2,221,0.5196607374909593,"[-27.025165215712114, 53.22977059680092, 130.18648141522718, 232.17459318897116]",clock_NY_macro_end1h_quote
2025-12,conditional_linear,m,3,120,-6.12168121067848,"[-27.025165215712114, 53.22977059680092, 130.18648141522718, 232.17459318897116]",clock_NY_macro_end1h_quote
2025-12,conditional_linear,m,4,10,-47.4667016469109,"[-27.025165215712114, 53.22977059680092, 130.18648141522718, 232.17459318897116]",clock_NY_macro_end1h_quote
2025-12,conditional_linear,g,0,21,-9.478648970516645,"[0.9999999999998899, 1.9999999999997797, 3.9999999999995595, 6.000000000000449]",clock_NY_macro_end1h_quote
2025-12,conditional_linear,g,1,53,-4.1932360289869335,"[0.9999999999998899, 1.9999999999997797, 3.9999999999995595, 6.000000000000449]",clock_NY_macro_end1h_quote
2025-12,conditional_linear,g,2,163,-2.6166626942979194,"[0.9999999999998899, 1.9999999999997797, 3.9999999999995595, 6.000000000000449]",clock_NY_macro_end1h_quote
2025-12,conditional_linear,g,3,76,-1.964669646095193,"[0.9999999999998899, 1.9999999999997797, 3.9999999999995595, 6.000000000000449]",clock_NY_macro_end1h_quote
2025-12,conditional_linear,g,4,52,-0.7950660874344874,"[0.9999999999998899, 1.9999999999997797, 3.9999999999995595, 6.000000000000449]",clock_NY_macro_end1h_quote
2025-12,ae_relu_1,m,1,14,4.348558525221924,"[-27.025165215712114, 53.22977059680092, 130.18648141522718, 232.17459318897116]",clock_NY_macro_end1h_quote
2025-12,ae_relu_1,m,2,221,0.8465937632873693,"[-27.025165215712114, 53.22977059680092, 130.18648141522718, 232.17459318897116]",clock_NY_macro_end1h_quote
2025-12,ae_relu_1,m,3,120,-6.222355789803813,"[-27.025165215712114, 53.22977059680092, 130.18648141522718, 232.17459318897116]",clock_NY_macro_end1h_quote
2025-12,ae_relu_1,m,4,10,-51.19367101301869,"[-27.025165215712114, 53.22977059680092, 130.18648141522718, 232.17459318897116]",clock_NY_macro_end1h_quote
2025-12,ae_relu_1,g,0,21,-10.24151515104361,"[0.9999999999998899, 1.9999999999997797, 3.9999999999995595, 6.000000000000449]",clock_NY_macro_end1h_quote
2025-12,ae_relu_1,g,1,53,-4.191141082024528,"[0.9999999999998899, 1.9999999999997797, 3.9999999999995595, 6.000000000000449]",clock_NY_macro_end1h_quote
2025-12,ae_relu_1,g,2,163,-2.493392427062399,"[0.9999999999998899, 1.9999999999997797, 3.9999999999995595, 6.000000000000449]",clock_NY_macro_end1h_quote
2025-12,ae_relu_1,g,3,76,-1.7763559988175797,"[0.9999999999998899, 1.9999999999997797, 3.9999999999995595, 6.000000000000449]",clock_NY_macro_end1h_quote
2025-12,ae_relu_1,g,4,52,-0.6156547466635811,"[0.9999999999998899, 1.9999999999997797, 3.9999999999995595, 6.000000000000449]",clock_NY_macro_end1h_quote
2025-12,ae_relu_2,m,1,14,3.834639441800047,"[-27.025165215712114, 53.22977059680092, 130.18648141522718, 232.17459318897116]",clock_NY_macro_end1h_quote
2025-12,ae_relu_2,m,2,221,0.9600871277469472,"[-27.025165215712114, 53.22977059680092, 130.18648141522718, 232.17459318897116]",clock_NY_macro_end1h_quote
2025-12,ae_relu_2,m,3,120,-5.429525748925374,"[-27.025165215712114, 53.22977059680092, 130.18648141522718, 232.17459318897116]",clock_NY_macro_end1h_quote
2025-12,ae_relu_2,m,4,10,-46.05962918366192,"[-27.025165215712114, 53.22977059680092, 130.18648141522718, 232.17459318897116]",clock_NY_macro_end1h_quote
2025-12,ae_relu_2,g,0,21,-8.70233354203742,"[0.9999999999998899, 1.9999999999997797, 3.9999999999995595, 6.000000000000449]",clock_NY_macro_end1h_quote
2025-12,ae_relu_2,g,1,53,-4.028463872078554,"[0.9999999999998899, 1.9999999999997797, 3.9999999999995595, 6.000000000000449]",clock_NY_macro_end1h_quote
2025-12,ae_relu_2,g,2,163,-2.17972007882841,"[0.9999999999998899, 1.9999999999997797, 3.9999999999995595, 6.000000000000449]",clock_NY_macro_end1h_quote
2025-12,ae_relu_2,g,3,76,-1.3996511241272729,"[0.9999999999998899, 1.9999999999997797, 3.9999999999995595, 6.000000000000449]",clock_NY_macro_end1h_quote
2025-12,ae_relu_2,g,4,52,0.22404372298586,"[0.9999999999998899, 1.9999999999997797, 3.9999999999995595, 6.000000000000449]",clock_NY_macro_end1h_quote
2025-12,ae_tanh_1,m,1,14,-0.225711347356379,"[-27.025165215712114, 53.22977059680092, 130.18648141522718, 232.17459318897116]",clock_NY_macro_end1h_quote
2025-12,ae_tanh_1,m,2,221,-1.7398822593189884,"[-27.025165215712114, 53.22977059680092, 130.18648141522718, 232.17459318897116]",clock_NY_macro_end1h_quote
2025-12,ae_tanh_1,m,3,120,-5.487396761743302,"[-27.025165215712114, 53.22977059680092, 130.18648141522718, 232.17459318897116]",clock_NY_macro_end1h_quote
2025-12,ae_tanh_1,m,4,10,-45.684971478902256,"[-27.025165215712114, 53.22977059680092, 130.18648141522718, 232.17459318897116]",clock_NY_macro_end1h_quote
2025-12,ae_tanh_1,g,0,21,-9.89492717096868,"[0.9999999999998899, 1.9999999999997797, 3.9999999999995595, 6.000000000000449]",clock_NY_macro_end1h_quote
2025-12,ae_tanh_1,g,1,53,-4.769589233471945,"[0.9999999999998899, 1.9999999999997797, 3.9999999999995595, 6.000000000000449]",clock_NY_macro_end1h_quote
2025-12,ae_tanh_1,g,2,163,-3.88897671703061,"[0.9999999999998899, 1.9999999999997797, 3.9999999999995595, 6.000000000000449]",clock_NY_macro_end1h_quote
2025-12,ae_tanh_1,g,3,76,-2.7410304683289524,"[0.9999999999998899, 1.9999999999997797, 3.9999999999995595, 6.000000000000449]",clock_NY_macro_end1h_quote
2025-12,ae_tanh_1,g,4,52,-3.850154691103065,"[0.9999999999998899, 1.9999999999997797, 3.9999999999995595, 6.000000000000449]",clock_NY_macro_end1h_quote
2025-12,ae_tanh_2,m,1,14,-1.7582047614611285,"[-27.025165215712114, 53.22977059680092, 130.18648141522718, 232.17459318897116]",clock_NY_macro_end1h_quote
2025-12,ae_tanh_2,m,2,221,-3.1691685838593693,"[-27.025165215712114, 53.22977059680092, 130.18648141522718, 232.17459318897116]",clock_NY_macro_end1h_quote
2025-12,ae_tanh_2,m,3,120,-6.183794098713813,"[-27.025165215712114, 53.22977059680092, 130.18648141522718, 232.17459318897116]",clock_NY_macro_end1h_quote
2025-12,ae_tanh_2,m,4,10,-43.84286559189086,"[-27.025165215712114, 53.22977059680092, 130.18648141522718, 232.17459318897116]",clock_NY_macro_end1h_quote
2025-12,ae_tanh_2,g,0,21,-10.123681333226582,"[0.9999999999998899, 1.9999999999997797, 3.9999999999995595, 6.000000000000449]",clock_NY_macro_end1h_quote
2025-12,ae_tanh_2,g,1,53,-5.57483255933531,"[0.9999999999998899, 1.9999999999997797, 3.9999999999995595, 6.000000000000449]",clock_NY_macro_end1h_quote
2025-12,ae_tanh_2,g,2,163,-4.978723396417088,"[0.9999999999998899, 1.9999999999997797, 3.9999999999995595, 6.000000000000449]",clock_NY_macro_end1h_quote
2025-12,ae_tanh_2,g,3,76,-3.869809549474538,"[0.9999999999998899, 1.9999999999997797, 3.9999999999995595, 6.000000000000449]",clock_NY_macro_end1h_quote
2025-12,ae_tanh_2,g,4,52,-5.611234585372356,"[0.9999999999998899, 1.9999999999997797, 3.9999999999995595, 6.000000000000449]",clock_NY_macro_end1h_quote
2025-12,conditional_neural,m,1,14,4.352596385651465,"[-27.025165215712114, 53.22977059680092, 130.18648141522718, 232.17459318897116]",clock_NY_macro_end1h_quote
2025-12,conditional_neural,m,2,221,0.7863273443473969,"[-27.025165215712114, 53.22977059680092, 130.18648141522718, 232.17459318897116]",clock_NY_macro_end1h_quote
2025-12,conditional_neural,m,3,120,-3.630817505565573,"[-27.025165215712114, 53.22977059680092, 130.18648141522718, 232.17459318897116]",clock_NY_macro_end1h_quote
2025-12,conditional_neural,m,4,10,-6.583031170726585,"[-27.025165215712114, 53.22977059680092, 130.18648141522718, 232.17459318897116]",clock_NY_macro_end1h_quote
2025-12,conditional_neural,g,0,21,1.7565111567199223,"[0.9999999999998899, 1.9999999999997797, 3.9999999999995595, 6.000000000000449]",clock_NY_macro_end1h_quote
2025-12,conditional_neural,g,1,53,-1.3062909520637802,"[0.9999999999998899, 1.9999999999997797, 3.9999999999995595, 6.000000000000449]",clock_NY_macro_end1h_quote
2025-12,conditional_neural,g,2,163,-0.6052183576048997,"[0.9999999999998899, 1.9999999999997797, 3.9999999999995595, 6.000000000000449]",clock_NY_macro_end1h_quote
2025-12,conditional_neural,g,3,76,-1.511603979368015,"[0.9999999999998899, 1.9999999999997797, 3.9999999999995595, 6.000000000000449]",clock_NY_macro_end1h_quote
2025-12,conditional_neural,g,4,52,-0.4025872881809543,"[0.9999999999998899, 1.9999999999997797, 3.9999999999995595, 6.000000000000449]",clock_NY_macro_end1h_quote
2025-12,pca_selected,m,1,14,1.285721228344668,"[-27.025165215712114, 53.22977059680092, 130.18648141522718, 232.17459318897116]",clock_NY_macro_end1h_quote
2025-12,pca_selected,m,2,221,0.8779344525745105,"[-27.025165215712114, 53.22977059680092, 130.18648141522718, 232.17459318897116]",clock_NY_macro_end1h_quote
2025-12,pca_selected,m,3,120,-3.257420861120174,"[-27.025165215712114, 53.22977059680092, 130.18648141522718, 232.17459318897116]",clock_NY_macro_end1h_quote
2025-12,pca_selected,m,4,10,-30.418412035626933,"[-27.025165215712114, 53.22977059680092, 130.18648141522718, 232.17459318897116]",clock_NY_macro_end1h_quote
2025-12,pca_selected,g,0,21,-3.6477214429763607,"[0.9999999999998899, 1.9999999999997797, 3.9999999999995595, 6.000000000000449]",clock_NY_macro_end1h_quote
2025-12,pca_selected,g,1,53,-3.2715220751602327,"[0.9999999999998899, 1.9999999999997797, 3.9999999999995595, 6.000000000000449]",clock_NY_macro_end1h_quote
2025-12,pca_selected,g,2,163,-1.3495744386580852,"[0.9999999999998899, 1.9999999999997797, 3.9999999999995595, 6.000000000000449]",clock_NY_macro_end1h_quote
2025-12,pca_selected,g,3,76,-0.8163423596804499,"[0.9999999999998899, 1.9999999999997797, 3.9999999999995595, 6.000000000000449]",clock_NY_macro_end1h_quote
2025-12,pca_selected,g,4,52,0.9416242432323088,"[0.9999999999998899, 1.9999999999997797, 3.9999999999995595, 6.000000000000449]",clock_NY_macro_end1h_quote
2025-12,ae_selected,m,1,14,4.348558525221924,"[-27.025165215712114, 53.22977059680092, 130.18648141522718, 232.17459318897116]",clock_NY_macro_end1h_quote
2025-12,ae_selected,m,2,221,0.8465937632873693,"[-27.025165215712114, 53.22977059680092, 130.18648141522718, 232.17459318897116]",clock_NY_macro_end1h_quote
2025-12,ae_selected,m,3,120,-6.222355789803813,"[-27.025165215712114, 53.22977059680092, 130.18648141522718, 232.17459318897116]",clock_NY_macro_end1h_quote
2025-12,ae_selected,m,4,10,-51.19367101301869,"[-27.025165215712114, 53.22977059680092, 130.18648141522718, 232.17459318897116]",clock_NY_macro_end1h_quote
2025-12,ae_selected,g,0,21,-10.24151515104361,"[0.9999999999998899, 1.9999999999997797, 3.9999999999995595, 6.000000000000449]",clock_NY_macro_end1h_quote
2025-12,ae_selected,g,1,53,-4.191141082024528,"[0.9999999999998899, 1.9999999999997797, 3.9999999999995595, 6.000000000000449]",clock_NY_macro_end1h_quote
2025-12,ae_selected,g,2,163,-2.493392427062399,"[0.9999999999998899, 1.9999999999997797, 3.9999999999995595, 6.000000000000449]",clock_NY_macro_end1h_quote
2025-12,ae_selected,g,3,76,-1.7763559988175797,"[0.9999999999998899, 1.9999999999997797, 3.9999999999995595, 6.000000000000449]",clock_NY_macro_end1h_quote
2025-12,ae_selected,g,4,52,-0.6156547466635811,"[0.9999999999998899, 1.9999999999997797, 3.9999999999995595, 6.000000000000449]",clock_NY_macro_end1h_quote
2025-12,ae_reconstruction_selected,m,1,14,4.348558525221924,"[-27.025165215712114, 53.22977059680092, 130.18648141522718, 232.17459318897116]",clock_NY_macro_end1h_quote
2025-12,ae_reconstruction_selected,m,2,221,0.8465937632873693,"[-27.025165215712114, 53.22977059680092, 130.18648141522718, 232.17459318897116]",clock_NY_macro_end1h_quote
2025-12,ae_reconstruction_selected,m,3,120,-6.222355789803813,"[-27.025165215712114, 53.22977059680092, 130.18648141522718, 232.17459318897116]",clock_NY_macro_end1h_quote
2025-12,ae_reconstruction_selected,m,4,10,-51.19367101301869,"[-27.025165215712114, 53.22977059680092, 130.18648141522718, 232.17459318897116]",clock_NY_macro_end1h_quote
2025-12,ae_reconstruction_selected,g,0,21,-10.24151515104361,"[0.9999999999998899, 1.9999999999997797, 3.9999999999995595, 6.000000000000449]",clock_NY_macro_end1h_quote
2025-12,ae_reconstruction_selected,g,1,53,-4.191141082024528,"[0.9999999999998899, 1.9999999999997797, 3.9999999999995595, 6.000000000000449]",clock_NY_macro_end1h_quote
2025-12,ae_reconstruction_selected,g,2,163,-2.493392427062399,"[0.9999999999998899, 1.9999999999997797, 3.9999999999995595, 6.000000000000449]",clock_NY_macro_end1h_quote
2025-12,ae_reconstruction_selected,g,3,76,-1.7763559988175797,"[0.9999999999998899, 1.9999999999997797, 3.9999999999995595, 6.000000000000449]",clock_NY_macro_end1h_quote
2025-12,ae_reconstruction_selected,g,4,52,-0.6156547466635811,"[0.9999999999998899, 1.9999999999997797, 3.9999999999995595, 6.000000000000449]",clock_NY_macro_end1h_quote
2026-01,sequential_ols,m,0,27,2.8679273284933893,"[-10.702468867219082, 70.77703298347578, 128.65720677171709, 214.93254070942638]",clock_NY_macro_end1h_quote
2026-01,sequential_ols,m,1,153,-2.088399153923532,"[-10.702468867219082, 70.77703298347578, 128.65720677171709, 214.93254070942638]",clock_NY_macro_end1h_quote
2026-01,sequential_ols,m,2,82,-2.897735347394414,"[-10.702468867219082, 70.77703298347578, 128.65720677171709, 214.93254070942638]",clock_NY_macro_end1h_quote
2026-01,sequential_ols,m,3,76,-4.826610316926985,"[-10.702468867219082, 70.77703298347578, 128.65720677171709, 214.93254070942638]",clock_NY_macro_end1h_quote
2026-01,sequential_ols,m,4,8,-16.03820803695685,"[-10.702468867219082, 70.77703298347578, 128.65720677171709, 214.93254070942638]",clock_NY_macro_end1h_quote
2026-01,sequential_ols,g,0,12,-4.770273724713559,"[0.9999999999998899, 1.9999999999997797, 3.9999999999995595, 6.000000000000449]",clock_NY_macro_end1h_quote
2026-01,sequential_ols,g,1,34,-3.033578250524831,"[0.9999999999998899, 1.9999999999997797, 3.9999999999995595, 6.000000000000449]",clock_NY_macro_end1h_quote
2026-01,sequential_ols,g,2,44,-3.201937823746037,"[0.9999999999998899, 1.9999999999997797, 3.9999999999995595, 6.000000000000449]",clock_NY_macro_end1h_quote
2026-01,sequential_ols,g,3,43,-1.5829334562747022,"[0.9999999999998899, 1.9999999999997797, 3.9999999999995595, 6.000000000000449]",clock_NY_macro_end1h_quote
2026-01,sequential_ols,g,4,213,-2.842709067936065,"[0.9999999999998899, 1.9999999999997797, 3.9999999999995595, 6.000000000000449]",clock_NY_macro_end1h_quote
2026-01,pca_1,m,0,27,2.871575643236957,"[-10.702468867219082, 70.77703298347578, 128.65720677171709, 214.93254070942638]",clock_NY_macro_end1h_quote
2026-01,pca_1,m,1,153,-2.0803341119654597,"[-10.702468867219082, 70.77703298347578, 128.65720677171709, 214.93254070942638]",clock_NY_macro_end1h_quote
2026-01,pca_1,m,2,82,-2.905476143212212,"[-10.702468867219082, 70.77703298347578, 128.65720677171709, 214.93254070942638]",clock_NY_macro_end1h_quote
2026-01,pca_1,m,3,76,-4.809632869547208,"[-10.702468867219082, 70.77703298347578, 128.65720677171709, 214.93254070942638]",clock_NY_macro_end1h_quote
2026-01,pca_1,m,4,8,-15.93894566003203,"[-10.702468867219082, 70.77703298347578, 128.65720677171709, 214.93254070942638]",clock_NY_macro_end1h_quote
2026-01,pca_1,g,0,12,-4.730173042846622,"[0.9999999999998899, 1.9999999999997797, 3.9999999999995595, 6.000000000000449]",clock_NY_macro_end1h_quote
2026-01,pca_1,g,1,34,-3.0143530978229824,"[0.9999999999998899, 1.9999999999997797, 3.9999999999995595, 6.000000000000449]",clock_NY_macro_end1h_quote
2026-01,pca_1,g,2,44,-3.1755058725066845,"[0.9999999999998899, 1.9999999999997797, 3.9999999999995595, 6.000000000000449]",clock_NY_macro_end1h_quote
2026-01,pca_1,g,3,43,-1.5755468789661895,"[0.9999999999998899, 1.9999999999997797, 3.9999999999995595, 6.000000000000449]",clock_NY_macro_end1h_quote
2026-01,pca_1,g,4,213,-2.841926891298506,"[0.9999999999998899, 1.9999999999997797, 3.9999999999995595, 6.000000000000449]",clock_NY_macro_end1h_quote
2026-01,pca_2,m,0,27,2.865394774377507,"[-10.702468867219082, 70.77703298347578, 128.65720677171709, 214.93254070942638]",clock_NY_macro_end1h_quote
2026-01,pca_2,m,1,153,-1.6953578569202454,"[-10.702468867219082, 70.77703298347578, 128.65720677171709, 214.93254070942638]",clock_NY_macro_end1h_quote
2026-01,pca_2,m,2,82,-3.684874648615731,"[-10.702468867219082, 70.77703298347578, 128.65720677171709, 214.93254070942638]",clock_NY_macro_end1h_quote
2026-01,pca_2,m,3,76,-3.799745547759628,"[-10.702468867219082, 70.77703298347578, 128.65720677171709, 214.93254070942638]",clock_NY_macro_end1h_quote
2026-01,pca_2,m,4,8,-9.064496554805746,"[-10.702468867219082, 70.77703298347578, 128.65720677171709, 214.93254070942638]",clock_NY_macro_end1h_quote
2026-01,pca_2,g,0,12,-2.324533322367112,"[0.9999999999998899, 1.9999999999997797, 3.9999999999995595, 6.000000000000449]",clock_NY_macro_end1h_quote
2026-01,pca_2,g,1,34,-1.956335128126589,"[0.9999999999998899, 1.9999999999997797, 3.9999999999995595, 6.000000000000449]",clock_NY_macro_end1h_quote
2026-01,pca_2,g,2,44,-1.488463986723258,"[0.9999999999998899, 1.9999999999997797, 3.9999999999995595, 6.000000000000449]",clock_NY_macro_end1h_quote
2026-01,pca_2,g,3,43,-1.3357611510448455,"[0.9999999999998899, 1.9999999999997797, 3.9999999999995595, 6.000000000000449]",clock_NY_macro_end1h_quote
2026-01,pca_2,g,4,213,-2.9490164756798656,"[0.9999999999998899, 1.9999999999997797, 3.9999999999995595, 6.000000000000449]",clock_NY_macro_end1h_quote
2026-01,conditional_linear,m,0,27,1.7941822069751896,"[-10.702468867219082, 70.77703298347578, 128.65720677171709, 214.93254070942638]",clock_NY_macro_end1h_quote
2026-01,conditional_linear,m,1,153,-2.8014938234321414,"[-10.702468867219082, 70.77703298347578, 128.65720677171709, 214.93254070942638]",clock_NY_macro_end1h_quote
2026-01,conditional_linear,m,2,82,-3.0533994411648604,"[-10.702468867219082, 70.77703298347578, 128.65720677171709, 214.93254070942638]",clock_NY_macro_end1h_quote
2026-01,conditional_linear,m,3,76,-4.5260285685298,"[-10.702468867219082, 70.77703298347578, 128.65720677171709, 214.93254070942638]",clock_NY_macro_end1h_quote
2026-01,conditional_linear,m,4,8,-14.395713064577423,"[-10.702468867219082, 70.77703298347578, 128.65720677171709, 214.93254070942638]",clock_NY_macro_end1h_quote
2026-01,conditional_linear,g,0,12,-6.43269821116683,"[0.9999999999998899, 1.9999999999997797, 3.9999999999995595, 6.000000000000449]",clock_NY_macro_end1h_quote
2026-01,conditional_linear,g,1,34,-4.335984452533732,"[0.9999999999998899, 1.9999999999997797, 3.9999999999995595, 6.000000000000449]",clock_NY_macro_end1h_quote
2026-01,conditional_linear,g,2,44,-4.038317855418506,"[0.9999999999998899, 1.9999999999997797, 3.9999999999995595, 6.000000000000449]",clock_NY_macro_end1h_quote
2026-01,conditional_linear,g,3,43,-2.298149562112865,"[0.9999999999998899, 1.9999999999997797, 3.9999999999995595, 6.000000000000449]",clock_NY_macro_end1h_quote
2026-01,conditional_linear,g,4,213,-2.763314547266545,"[0.9999999999998899, 1.9999999999997797, 3.9999999999995595, 6.000000000000449]",clock_NY_macro_end1h_quote
2026-01,ae_relu_1,m,0,27,2.8813973818626124,"[-10.702468867219082, 70.77703298347578, 128.65720677171709, 214.93254070942638]",clock_NY_macro_end1h_quote
2026-01,ae_relu_1,m,1,153,-2.0679711162317447,"[-10.702468867219082, 70.77703298347578, 128.65720677171709, 214.93254070942638]",clock_NY_macro_end1h_quote
2026-01,ae_relu_1,m,2,82,-2.8888883843943,"[-10.702468867219082, 70.77703298347578, 128.65720677171709, 214.93254070942638]",clock_NY_macro_end1h_quote
2026-01,ae_relu_1,m,3,76,-4.793023663208178,"[-10.702468867219082, 70.77703298347578, 128.65720677171709, 214.93254070942638]",clock_NY_macro_end1h_quote
2026-01,ae_relu_1,m,4,8,-15.92337669872743,"[-10.702468867219082, 70.77703298347578, 128.65720677171709, 214.93254070942638]",clock_NY_macro_end1h_quote
2026-01,ae_relu_1,g,0,12,-4.730132490139044,"[0.9999999999998899, 1.9999999999997797, 3.9999999999995595, 6.000000000000449]",clock_NY_macro_end1h_quote
2026-01,ae_relu_1,g,1,34,-3.0103359988317173,"[0.9999999999998899, 1.9999999999997797, 3.9999999999995595, 6.000000000000449]",clock_NY_macro_end1h_quote
2026-01,ae_relu_1,g,2,44,-3.1695531751771098,"[0.9999999999998899, 1.9999999999997797, 3.9999999999995595, 6.000000000000449]",clock_NY_macro_end1h_quote
2026-01,ae_relu_1,g,3,43,-1.5651613389709362,"[0.9999999999998899, 1.9999999999997797, 3.9999999999995595, 6.000000000000449]",clock_NY_macro_end1h_quote
2026-01,ae_relu_1,g,4,213,-2.82287427165094,"[0.9999999999998899, 1.9999999999997797, 3.9999999999995595, 6.000000000000449]",clock_NY_macro_end1h_quote
2026-01,ae_relu_2,m,0,27,6.017671736880836,"[-10.702468867219082, 70.77703298347578, 128.65720677171709, 214.93254070942638]",clock_NY_macro_end1h_quote
2026-01,ae_relu_2,m,1,153,-1.392534160616297,"[-10.702468867219082, 70.77703298347578, 128.65720677171709, 214.93254070942638]",clock_NY_macro_end1h_quote
2026-01,ae_relu_2,m,2,82,-4.97350754498506,"[-10.702468867219082, 70.77703298347578, 128.65720677171709, 214.93254070942638]",clock_NY_macro_end1h_quote
2026-01,ae_relu_2,m,3,76,-8.130407098559646,"[-10.702468867219082, 70.77703298347578, 128.65720677171709, 214.93254070942638]",clock_NY_macro_end1h_quote
2026-01,ae_relu_2,m,4,8,-19.10043037592091,"[-10.702468867219082, 70.77703298347578, 128.65720677171709, 214.93254070942638]",clock_NY_macro_end1h_quote
2026-01,ae_relu_2,g,0,12,-2.19978259094074,"[0.9999999999998899, 1.9999999999997797, 3.9999999999995595, 6.000000000000449]",clock_NY_macro_end1h_quote
2026-01,ae_relu_2,g,1,34,-0.7967435651958806,"[0.9999999999998899, 1.9999999999997797, 3.9999999999995595, 6.000000000000449]",clock_NY_macro_end1h_quote
2026-01,ae_relu_2,g,2,44,-1.3162708286944598,"[0.9999999999998899, 1.9999999999997797, 3.9999999999995595, 6.000000000000449]",clock_NY_macro_end1h_quote
2026-01,ae_relu_2,g,3,43,-1.3617271053258542,"[0.9999999999998899, 1.9999999999997797, 3.9999999999995595, 6.000000000000449]",clock_NY_macro_end1h_quote
2026-01,ae_relu_2,g,4,213,-4.972609091857604,"[0.9999999999998899, 1.9999999999997797, 3.9999999999995595, 6.000000000000449]",clock_NY_macro_end1h_quote
2026-01,ae_tanh_1,m,0,27,-1.84092152493948,"[-10.702468867219082, 70.77703298347578, 128.65720677171709, 214.93254070942638]",clock_NY_macro_end1h_quote
2026-01,ae_tanh_1,m,1,153,-6.628729550837689,"[-10.702468867219082, 70.77703298347578, 128.65720677171709, 214.93254070942638]",clock_NY_macro_end1h_quote
2026-01,ae_tanh_1,m,2,82,-5.541777832785051,"[-10.702468867219082, 70.77703298347578, 128.65720677171709, 214.93254070942638]",clock_NY_macro_end1h_quote
2026-01,ae_tanh_1,m,3,76,-4.624788875662995,"[-10.702468867219082, 70.77703298347578, 128.65720677171709, 214.93254070942638]",clock_NY_macro_end1h_quote
2026-01,ae_tanh_1,m,4,8,-11.927159712888916,"[-10.702468867219082, 70.77703298347578, 128.65720677171709, 214.93254070942638]",clock_NY_macro_end1h_quote
2026-01,ae_tanh_1,g,0,12,-8.930463377483482,"[0.9999999999998899, 1.9999999999997797, 3.9999999999995595, 6.000000000000449]",clock_NY_macro_end1h_quote
2026-01,ae_tanh_1,g,1,34,-7.616453925113851,"[0.9999999999998899, 1.9999999999997797, 3.9999999999995595, 6.000000000000449]",clock_NY_macro_end1h_quote
2026-01,ae_tanh_1,g,2,44,-7.30030510566016,"[0.9999999999998899, 1.9999999999997797, 3.9999999999995595, 6.000000000000449]",clock_NY_macro_end1h_quote
2026-01,ae_tanh_1,g,3,43,-5.330085057978622,"[0.9999999999998899, 1.9999999999997797, 3.9999999999995595, 6.000000000000449]",clock_NY_macro_end1h_quote
2026-01,ae_tanh_1,g,4,213,-4.923452774026314,"[0.9999999999998899, 1.9999999999997797, 3.9999999999995595, 6.000000000000449]",clock_NY_macro_end1h_quote
2026-01,ae_tanh_2,m,0,27,-1.8159954308784567,"[-10.702468867219082, 70.77703298347578, 128.65720677171709, 214.93254070942638]",clock_NY_macro_end1h_quote
2026-01,ae_tanh_2,m,1,153,-8.147929112786828,"[-10.702468867219082, 70.77703298347578, 128.65720677171709, 214.93254070942638]",clock_NY_macro_end1h_quote
2026-01,ae_tanh_2,m,2,82,-7.508508960851133,"[-10.702468867219082, 70.77703298347578, 128.65720677171709, 214.93254070942638]",clock_NY_macro_end1h_quote
2026-01,ae_tanh_2,m,3,76,-6.12629631338968,"[-10.702468867219082, 70.77703298347578, 128.65720677171709, 214.93254070942638]",clock_NY_macro_end1h_quote
2026-01,ae_tanh_2,m,4,8,-12.424869012934176,"[-10.702468867219082, 70.77703298347578, 128.65720677171709, 214.93254070942638]",clock_NY_macro_end1h_quote
2026-01,ae_tanh_2,g,0,12,-9.82590470434628,"[0.9999999999998899, 1.9999999999997797, 3.9999999999995595, 6.000000000000449]",clock_NY_macro_end1h_quote
2026-01,ae_tanh_2,g,1,34,-8.302786257874995,"[0.9999999999998899, 1.9999999999997797, 3.9999999999995595, 6.000000000000449]",clock_NY_macro_end1h_quote
2026-01,ae_tanh_2,g,2,44,-8.358689679497214,"[0.9999999999998899, 1.9999999999997797, 3.9999999999995595, 6.000000000000449]",clock_NY_macro_end1h_quote
2026-01,ae_tanh_2,g,3,43,-6.775040995223541,"[0.9999999999998899, 1.9999999999997797, 3.9999999999995595, 6.000000000000449]",clock_NY_macro_end1h_quote
2026-01,ae_tanh_2,g,4,213,-6.652795960979296,"[0.9999999999998899, 1.9999999999997797, 3.9999999999995595, 6.000000000000449]",clock_NY_macro_end1h_quote
2026-01,conditional_neural,m,0,27,2.5579748088645835,"[-10.702468867219082, 70.77703298347578, 128.65720677171709, 214.93254070942638]",clock_NY_macro_end1h_quote
2026-01,conditional_neural,m,1,153,-1.9885551159333772,"[-10.702468867219082, 70.77703298347578, 128.65720677171709, 214.93254070942638]",clock_NY_macro_end1h_quote
2026-01,conditional_neural,m,2,82,-2.2199426481744142,"[-10.702468867219082, 70.77703298347578, 128.65720677171709, 214.93254070942638]",clock_NY_macro_end1h_quote
2026-01,conditional_neural,m,3,76,-3.4693076546827664,"[-10.702468867219082, 70.77703298347578, 128.65720677171709, 214.93254070942638]",clock_NY_macro_end1h_quote
2026-01,conditional_neural,m,4,8,-12.80478263152214,"[-10.702468867219082, 70.77703298347578, 128.65720677171709, 214.93254070942638]",clock_NY_macro_end1h_quote
2026-01,conditional_neural,g,0,12,-5.733240199209219,"[0.9999999999998899, 1.9999999999997797, 3.9999999999995595, 6.000000000000449]",clock_NY_macro_end1h_quote
2026-01,conditional_neural,g,1,34,-3.598710919381011,"[0.9999999999998899, 1.9999999999997797, 3.9999999999995595, 6.000000000000449]",clock_NY_macro_end1h_quote
2026-01,conditional_neural,g,2,44,-3.577756705076474,"[0.9999999999998899, 1.9999999999997797, 3.9999999999995595, 6.000000000000449]",clock_NY_macro_end1h_quote
2026-01,conditional_neural,g,3,43,-1.7556537460077437,"[0.9999999999998899, 1.9999999999997797, 3.9999999999995595, 6.000000000000449]",clock_NY_macro_end1h_quote
2026-01,conditional_neural,g,4,213,-1.6866436296040823,"[0.9999999999998899, 1.9999999999997797, 3.9999999999995595, 6.000000000000449]",clock_NY_macro_end1h_quote
2026-01,pca_selected,m,0,27,2.865394774377507,"[-10.702468867219082, 70.77703298347578, 128.65720677171709, 214.93254070942638]",clock_NY_macro_end1h_quote
2026-01,pca_selected,m,1,153,-1.6953578569202454,"[-10.702468867219082, 70.77703298347578, 128.65720677171709, 214.93254070942638]",clock_NY_macro_end1h_quote
2026-01,pca_selected,m,2,82,-3.684874648615731,"[-10.702468867219082, 70.77703298347578, 128.65720677171709, 214.93254070942638]",clock_NY_macro_end1h_quote
2026-01,pca_selected,m,3,76,-3.799745547759628,"[-10.702468867219082, 70.77703298347578, 128.65720677171709, 214.93254070942638]",clock_NY_macro_end1h_quote
2026-01,pca_selected,m,4,8,-9.064496554805746,"[-10.702468867219082, 70.77703298347578, 128.65720677171709, 214.93254070942638]",clock_NY_macro_end1h_quote
2026-01,pca_selected,g,0,12,-2.324533322367112,"[0.9999999999998899, 1.9999999999997797, 3.9999999999995595, 6.000000000000449]",clock_NY_macro_end1h_quote
2026-01,pca_selected,g,1,34,-1.956335128126589,"[0.9999999999998899, 1.9999999999997797, 3.9999999999995595, 6.000000000000449]",clock_NY_macro_end1h_quote
2026-01,pca_selected,g,2,44,-1.488463986723258,"[0.9999999999998899, 1.9999999999997797, 3.9999999999995595, 6.000000000000449]",clock_NY_macro_end1h_quote
2026-01,pca_selected,g,3,43,-1.3357611510448455,"[0.9999999999998899, 1.9999999999997797, 3.9999999999995595, 6.000000000000449]",clock_NY_macro_end1h_quote
2026-01,pca_selected,g,4,213,-2.9490164756798656,"[0.9999999999998899, 1.9999999999997797, 3.9999999999995595, 6.000000000000449]",clock_NY_macro_end1h_quote
2026-01,ae_selected,m,0,27,2.8813973818626124,"[-10.702468867219082, 70.77703298347578, 128.65720677171709, 214.93254070942638]",clock_NY_macro_end1h_quote
2026-01,ae_selected,m,1,153,-2.0679711162317447,"[-10.702468867219082, 70.77703298347578, 128.65720677171709, 214.93254070942638]",clock_NY_macro_end1h_quote
2026-01,ae_selected,m,2,82,-2.8888883843943,"[-10.702468867219082, 70.77703298347578, 128.65720677171709, 214.93254070942638]",clock_NY_macro_end1h_quote
2026-01,ae_selected,m,3,76,-4.793023663208178,"[-10.702468867219082, 70.77703298347578, 128.65720677171709, 214.93254070942638]",clock_NY_macro_end1h_quote
2026-01,ae_selected,m,4,8,-15.92337669872743,"[-10.702468867219082, 70.77703298347578, 128.65720677171709, 214.93254070942638]",clock_NY_macro_end1h_quote
2026-01,ae_selected,g,0,12,-4.730132490139044,"[0.9999999999998899, 1.9999999999997797, 3.9999999999995595, 6.000000000000449]",clock_NY_macro_end1h_quote
2026-01,ae_selected,g,1,34,-3.0103359988317173,"[0.9999999999998899, 1.9999999999997797, 3.9999999999995595, 6.000000000000449]",clock_NY_macro_end1h_quote
2026-01,ae_selected,g,2,44,-3.1695531751771098,"[0.9999999999998899, 1.9999999999997797, 3.9999999999995595, 6.000000000000449]",clock_NY_macro_end1h_quote
2026-01,ae_selected,g,3,43,-1.5651613389709362,"[0.9999999999998899, 1.9999999999997797, 3.9999999999995595, 6.000000000000449]",clock_NY_macro_end1h_quote
2026-01,ae_selected,g,4,213,-2.82287427165094,"[0.9999999999998899, 1.9999999999997797, 3.9999999999995595, 6.000000000000449]",clock_NY_macro_end1h_quote
2026-01,ae_reconstruction_selected,m,0,27,2.8813973818626124,"[-10.702468867219082, 70.77703298347578, 128.65720677171709, 214.93254070942638]",clock_NY_macro_end1h_quote
2026-01,ae_reconstruction_selected,m,1,153,-2.0679711162317447,"[-10.702468867219082, 70.77703298347578, 128.65720677171709, 214.93254070942638]",clock_NY_macro_end1h_quote
2026-01,ae_reconstruction_selected,m,2,82,-2.8888883843943,"[-10.702468867219082, 70.77703298347578, 128.65720677171709, 214.93254070942638]",clock_NY_macro_end1h_quote
2026-01,ae_reconstruction_selected,m,3,76,-4.793023663208178,"[-10.702468867219082, 70.77703298347578, 128.65720677171709, 214.93254070942638]",clock_NY_macro_end1h_quote
2026-01,ae_reconstruction_selected,m,4,8,-15.92337669872743,"[-10.702468867219082, 70.77703298347578, 128.65720677171709, 214.93254070942638]",clock_NY_macro_end1h_quote
2026-01,ae_reconstruction_selected,g,0,12,-4.730132490139044,"[0.9999999999998899, 1.9999999999997797, 3.9999999999995595, 6.000000000000449]",clock_NY_macro_end1h_quote
2026-01,ae_reconstruction_selected,g,1,34,-3.0103359988317173,"[0.9999999999998899, 1.9999999999997797, 3.9999999999995595, 6.000000000000449]",clock_NY_macro_end1h_quote
2026-01,ae_reconstruction_selected,g,2,44,-3.1695531751771098,"[0.9999999999998899, 1.9999999999997797, 3.9999999999995595, 6.000000000000449]",clock_NY_macro_end1h_quote
2026-01,ae_reconstruction_selected,g,3,43,-1.5651613389709362,"[0.9999999999998899, 1.9999999999997797, 3.9999999999995595, 6.000000000000449]",clock_NY_macro_end1h_quote
2026-01,ae_reconstruction_selected,g,4,213,-2.82287427165094,"[0.9999999999998899, 1.9999999999997797, 3.9999999999995595, 6.000000000000449]",clock_NY_macro_end1h_quote
2026-02,sequential_ols,m,1,18,2.981600032706856,"[-2.1529368352604106, 66.83000028649566, 124.19103915236418, 204.59830022480662]",clock_NY_macro_end1h_quote
2026-02,sequential_ols,m,2,46,0.3004110894686472,"[-2.1529368352604106, 66.83000028649566, 124.19103915236418, 204.59830022480662]",clock_NY_macro_end1h_quote
2026-02,sequential_ols,m,3,168,0.7929026697372988,"[-2.1529368352604106, 66.83000028649566, 124.19103915236418, 204.59830022480662]",clock_NY_macro_end1h_quote
2026-02,sequential_ols,m,4,92,-2.673171908885132,"[-2.1529368352604106, 66.83000028649566, 124.19103915236418, 204.59830022480662]",clock_NY_macro_end1h_quote
2026-02,sequential_ols,g,0,28,-0.5314370557039224,"[0.9999999999998899, 2.9999999999996696, 3.9999999999995595, 6.000000000000449]",clock_NY_macro_end1h_quote
2026-02,sequential_ols,g,1,49,0.9467977600445616,"[0.9999999999998899, 2.9999999999996696, 3.9999999999995595, 6.000000000000449]",clock_NY_macro_end1h_quote
2026-02,sequential_ols,g,2,33,0.9693472794417906,"[0.9999999999998899, 2.9999999999996696, 3.9999999999995595, 6.000000000000449]",clock_NY_macro_end1h_quote
2026-02,sequential_ols,g,3,123,-0.7617733617184005,"[0.9999999999998899, 2.9999999999996696, 3.9999999999995595, 6.000000000000449]",clock_NY_macro_end1h_quote
2026-02,sequential_ols,g,4,91,-0.1652708330766406,"[0.9999999999998899, 2.9999999999996696, 3.9999999999995595, 6.000000000000449]",clock_NY_macro_end1h_quote
2026-02,pca_1,m,1,18,2.955001471240985,"[-2.1529368352604106, 66.83000028649566, 124.19103915236418, 204.59830022480662]",clock_NY_macro_end1h_quote
2026-02,pca_1,m,2,46,0.2621932576954009,"[-2.1529368352604106, 66.83000028649566, 124.19103915236418, 204.59830022480662]",clock_NY_macro_end1h_quote
2026-02,pca_1,m,3,168,0.7737238301058308,"[-2.1529368352604106, 66.83000028649566, 124.19103915236418, 204.59830022480662]",clock_NY_macro_end1h_quote
2026-02,pca_1,m,4,92,-2.640002504785958,"[-2.1529368352604106, 66.83000028649566, 124.19103915236418, 204.59830022480662]",clock_NY_macro_end1h_quote
2026-02,pca_1,g,0,28,-0.5501572373075605,"[0.9999999999998899, 2.9999999999996696, 3.9999999999995595, 6.000000000000449]",clock_NY_macro_end1h_quote
2026-02,pca_1,g,1,49,0.9094230464705556,"[0.9999999999998899, 2.9999999999996696, 3.9999999999995595, 6.000000000000449]",clock_NY_macro_end1h_quote
2026-02,pca_1,g,2,33,0.9674617376426872,"[0.9999999999998899, 2.9999999999996696, 3.9999999999995595, 6.000000000000449]",clock_NY_macro_end1h_quote
2026-02,pca_1,g,3,123,-0.7570029241951366,"[0.9999999999998899, 2.9999999999996696, 3.9999999999995595, 6.000000000000449]",clock_NY_macro_end1h_quote
2026-02,pca_1,g,4,91,-0.1716034609324703,"[0.9999999999998899, 2.9999999999996696, 3.9999999999995595, 6.000000000000449]",clock_NY_macro_end1h_quote
2026-02,pca_2,m,1,18,1.3382192785216556,"[-2.1529368352604106, 66.83000028649566, 124.19103915236418, 204.59830022480662]",clock_NY_macro_end1h_quote
2026-02,pca_2,m,2,46,-2.3145904984593217,"[-2.1529368352604106, 66.83000028649566, 124.19103915236418, 204.59830022480662]",clock_NY_macro_end1h_quote
2026-02,pca_2,m,3,168,-0.5535213823836402,"[-2.1529368352604106, 66.83000028649566, 124.19103915236418, 204.59830022480662]",clock_NY_macro_end1h_quote
2026-02,pca_2,m,4,92,-0.4312785644409302,"[-2.1529368352604106, 66.83000028649566, 124.19103915236418, 204.59830022480662]",clock_NY_macro_end1h_quote
2026-02,pca_2,g,0,28,-1.9145062688493144,"[0.9999999999998899, 2.9999999999996696, 3.9999999999995595, 6.000000000000449]",clock_NY_macro_end1h_quote
2026-02,pca_2,g,1,49,-1.555229626680931,"[0.9999999999998899, 2.9999999999996696, 3.9999999999995595, 6.000000000000449]",clock_NY_macro_end1h_quote
2026-02,pca_2,g,2,33,0.8563462305194216,"[0.9999999999998899, 2.9999999999996696, 3.9999999999995595, 6.000000000000449]",clock_NY_macro_end1h_quote
2026-02,pca_2,g,3,123,-0.4408570835506741,"[0.9999999999998899, 2.9999999999996696, 3.9999999999995595, 6.000000000000449]",clock_NY_macro_end1h_quote
2026-02,pca_2,g,4,91,-0.6513627821979967,"[0.9999999999998899, 2.9999999999996696, 3.9999999999995595, 6.000000000000449]",clock_NY_macro_end1h_quote
2026-02,conditional_linear,m,1,18,2.3269048286412817,"[-2.1529368352604106, 66.83000028649566, 124.19103915236418, 204.59830022480662]",clock_NY_macro_end1h_quote
2026-02,conditional_linear,m,2,46,-0.2447943038584156,"[-2.1529368352604106, 66.83000028649566, 124.19103915236418, 204.59830022480662]",clock_NY_macro_end1h_quote
2026-02,conditional_linear,m,3,168,0.9893134593984791,"[-2.1529368352604106, 66.83000028649566, 124.19103915236418, 204.59830022480662]",clock_NY_macro_end1h_quote
2026-02,conditional_linear,m,4,92,-1.5414278160085282,"[-2.1529368352604106, 66.83000028649566, 124.19103915236418, 204.59830022480662]",clock_NY_macro_end1h_quote
2026-02,conditional_linear,g,0,28,-1.2886084211570044,"[0.9999999999998899, 2.9999999999996696, 3.9999999999995595, 6.000000000000449]",clock_NY_macro_end1h_quote
2026-02,conditional_linear,g,1,49,0.5446943559643208,"[0.9999999999998899, 2.9999999999996696, 3.9999999999995595, 6.000000000000449]",clock_NY_macro_end1h_quote
2026-02,conditional_linear,g,2,33,1.2167009037217311,"[0.9999999999998899, 2.9999999999996696, 3.9999999999995595, 6.000000000000449]",clock_NY_macro_end1h_quote
2026-02,conditional_linear,g,3,123,0.1192777268781372,"[0.9999999999998899, 2.9999999999996696, 3.9999999999995595, 6.000000000000449]",clock_NY_macro_end1h_quote
2026-02,conditional_linear,g,4,91,0.1053381666542001,"[0.9999999999998899, 2.9999999999996696, 3.9999999999995595, 6.000000000000449]",clock_NY_macro_end1h_quote
2026-02,ae_relu_1,m,1,18,2.989954539989128,"[-2.1529368352604106, 66.83000028649566, 124.19103915236418, 204.59830022480662]",clock_NY_macro_end1h_quote
2026-02,ae_relu_1,m,2,46,0.2737914831038671,"[-2.1529368352604106, 66.83000028649566, 124.19103915236418, 204.59830022480662]",clock_NY_macro_end1h_quote
2026-02,ae_relu_1,m,3,168,0.7757694503783222,"[-2.1529368352604106, 66.83000028649566, 124.19103915236418, 204.59830022480662]",clock_NY_macro_end1h_quote
2026-02,ae_relu_1,m,4,92,-2.654268047176719,"[-2.1529368352604106, 66.83000028649566, 124.19103915236418, 204.59830022480662]",clock_NY_macro_end1h_quote
2026-02,ae_relu_1,g,0,28,-0.5611458801558337,"[0.9999999999998899, 2.9999999999996696, 3.9999999999995595, 6.000000000000449]",clock_NY_macro_end1h_quote
2026-02,ae_relu_1,g,1,49,0.9014689303582052,"[0.9999999999998899, 2.9999999999996696, 3.9999999999995595, 6.000000000000449]",clock_NY_macro_end1h_quote
2026-02,ae_relu_1,g,2,33,0.9550830651046384,"[0.9999999999998899, 2.9999999999996696, 3.9999999999995595, 6.000000000000449]",clock_NY_macro_end1h_quote
2026-02,ae_relu_1,g,3,123,-0.7639007658625582,"[0.9999999999998899, 2.9999999999996696, 3.9999999999995595, 6.000000000000449]",clock_NY_macro_end1h_quote
2026-02,ae_relu_1,g,4,91,-0.147996072798516,"[0.9999999999998899, 2.9999999999996696, 3.9999999999995595, 6.000000000000449]",clock_NY_macro_end1h_quote
2026-02,ae_relu_2,m,1,18,2.7953978338487757,"[-2.1529368352604106, 66.83000028649566, 124.19103915236418, 204.59830022480662]",clock_NY_macro_end1h_quote
2026-02,ae_relu_2,m,2,46,-0.4949759521874192,"[-2.1529368352604106, 66.83000028649566, 124.19103915236418, 204.59830022480662]",clock_NY_macro_end1h_quote
2026-02,ae_relu_2,m,3,168,0.4530328588431336,"[-2.1529368352604106, 66.83000028649566, 124.19103915236418, 204.59830022480662]",clock_NY_macro_end1h_quote
2026-02,ae_relu_2,m,4,92,-2.071481739311861,"[-2.1529368352604106, 66.83000028649566, 124.19103915236418, 204.59830022480662]",clock_NY_macro_end1h_quote
2026-02,ae_relu_2,g,0,28,-0.8781538782054236,"[0.9999999999998899, 2.9999999999996696, 3.9999999999995595, 6.000000000000449]",clock_NY_macro_end1h_quote
2026-02,ae_relu_2,g,1,49,0.151093716170848,"[0.9999999999998899, 2.9999999999996696, 3.9999999999995595, 6.000000000000449]",clock_NY_macro_end1h_quote
2026-02,ae_relu_2,g,2,33,0.8882979894245683,"[0.9999999999998899, 2.9999999999996696, 3.9999999999995595, 6.000000000000449]",clock_NY_macro_end1h_quote
2026-02,ae_relu_2,g,3,123,-0.7012911313126158,"[0.9999999999998899, 2.9999999999996696, 3.9999999999995595, 6.000000000000449]",clock_NY_macro_end1h_quote
2026-02,ae_relu_2,g,4,91,-0.140536709061174,"[0.9999999999998899, 2.9999999999996696, 3.9999999999995595, 6.000000000000449]",clock_NY_macro_end1h_quote
2026-02,ae_tanh_1,m,1,18,-1.1341934313041573,"[-2.1529368352604106, 66.83000028649566, 124.19103915236418, 204.59830022480662]",clock_NY_macro_end1h_quote
2026-02,ae_tanh_1,m,2,46,-1.579384438200495,"[-2.1529368352604106, 66.83000028649566, 124.19103915236418, 204.59830022480662]",clock_NY_macro_end1h_quote
2026-02,ae_tanh_1,m,3,168,2.473908178060652,"[-2.1529368352604106, 66.83000028649566, 124.19103915236418, 204.59830022480662]",clock_NY_macro_end1h_quote
2026-02,ae_tanh_1,m,4,92,3.2268860310352414,"[-2.1529368352604106, 66.83000028649566, 124.19103915236418, 204.59830022480662]",clock_NY_macro_end1h_quote
2026-02,ae_tanh_1,g,0,28,-1.0837845626489273,"[0.9999999999998899, 2.9999999999996696, 3.9999999999995595, 6.000000000000449]",clock_NY_macro_end1h_quote
2026-02,ae_tanh_1,g,1,49,1.5287097781426464,"[0.9999999999998899, 2.9999999999996696, 3.9999999999995595, 6.000000000000449]",clock_NY_macro_end1h_quote
2026-02,ae_tanh_1,g,2,33,4.572187322127252,"[0.9999999999998899, 2.9999999999996696, 3.9999999999995595, 6.000000000000449]",clock_NY_macro_end1h_quote
2026-02,ae_tanh_1,g,3,123,3.399627089257088,"[0.9999999999998899, 2.9999999999996696, 3.9999999999995595, 6.000000000000449]",clock_NY_macro_end1h_quote
2026-02,ae_tanh_1,g,4,91,0.0640197567592666,"[0.9999999999998899, 2.9999999999996696, 3.9999999999995595, 6.000000000000449]",clock_NY_macro_end1h_quote
2026-02,ae_tanh_2,m,1,18,1.4815639550451734,"[-2.1529368352604106, 66.83000028649566, 124.19103915236418, 204.59830022480662]",clock_NY_macro_end1h_quote
2026-02,ae_tanh_2,m,2,46,-2.996189988036314,"[-2.1529368352604106, 66.83000028649566, 124.19103915236418, 204.59830022480662]",clock_NY_macro_end1h_quote
2026-02,ae_tanh_2,m,3,168,4.604399614890296,"[-2.1529368352604106, 66.83000028649566, 124.19103915236418, 204.59830022480662]",clock_NY_macro_end1h_quote
2026-02,ae_tanh_2,m,4,92,8.297404480692773,"[-2.1529368352604106, 66.83000028649566, 124.19103915236418, 204.59830022480662]",clock_NY_macro_end1h_quote
2026-02,ae_tanh_2,g,0,28,-4.294912310270187,"[0.9999999999998899, 2.9999999999996696, 3.9999999999995595, 6.000000000000449]",clock_NY_macro_end1h_quote
2026-02,ae_tanh_2,g,1,49,0.7122136536365367,"[0.9999999999998899, 2.9999999999996696, 3.9999999999995595, 6.000000000000449]",clock_NY_macro_end1h_quote
2026-02,ae_tanh_2,g,2,33,7.389450279524672,"[0.9999999999998899, 2.9999999999996696, 3.9999999999995595, 6.000000000000449]",clock_NY_macro_end1h_quote
2026-02,ae_tanh_2,g,3,123,7.160387264337867,"[0.9999999999998899, 2.9999999999996696, 3.9999999999995595, 6.000000000000449]",clock_NY_macro_end1h_quote
2026-02,ae_tanh_2,g,4,91,4.247509254812645,"[0.9999999999998899, 2.9999999999996696, 3.9999999999995595, 6.000000000000449]",clock_NY_macro_end1h_quote
2026-02,conditional_neural,m,1,18,2.832138549396958,"[-2.1529368352604106, 66.83000028649566, 124.19103915236418, 204.59830022480662]",clock_NY_macro_end1h_quote
2026-02,conditional_neural,m,2,46,-0.1995271359698866,"[-2.1529368352604106, 66.83000028649566, 124.19103915236418, 204.59830022480662]",clock_NY_macro_end1h_quote
2026-02,conditional_neural,m,3,168,1.8480293921004824,"[-2.1529368352604106, 66.83000028649566, 124.19103915236418, 204.59830022480662]",clock_NY_macro_end1h_quote
2026-02,conditional_neural,m,4,92,0.0042643400870625,"[-2.1529368352604106, 66.83000028649566, 124.19103915236418, 204.59830022480662]",clock_NY_macro_end1h_quote
2026-02,conditional_neural,g,0,28,-1.604845950298947,"[0.9999999999998899, 2.9999999999996696, 3.9999999999995595, 6.000000000000449]",clock_NY_macro_end1h_quote
2026-02,conditional_neural,g,1,49,0.7711188702221412,"[0.9999999999998899, 2.9999999999996696, 3.9999999999995595, 6.000000000000449]",clock_NY_macro_end1h_quote
2026-02,conditional_neural,g,2,33,1.6580341508969223,"[0.9999999999998899, 2.9999999999996696, 3.9999999999995595, 6.000000000000449]",clock_NY_macro_end1h_quote
2026-02,conditional_neural,g,3,123,1.603736195374425,"[0.9999999999998899, 2.9999999999996696, 3.9999999999995595, 6.000000000000449]",clock_NY_macro_end1h_quote
2026-02,conditional_neural,g,4,91,1.1850295137610352,"[0.9999999999998899, 2.9999999999996696, 3.9999999999995595, 6.000000000000449]",clock_NY_macro_end1h_quote
2026-02,pca_selected,m,1,18,1.3382192785216556,"[-2.1529368352604106, 66.83000028649566, 124.19103915236418, 204.59830022480662]",clock_NY_macro_end1h_quote
2026-02,pca_selected,m,2,46,-2.3145904984593217,"[-2.1529368352604106, 66.83000028649566, 124.19103915236418, 204.59830022480662]",clock_NY_macro_end1h_quote
2026-02,pca_selected,m,3,168,-0.5535213823836402,"[-2.1529368352604106, 66.83000028649566, 124.19103915236418, 204.59830022480662]",clock_NY_macro_end1h_quote
2026-02,pca_selected,m,4,92,-0.4312785644409302,"[-2.1529368352604106, 66.83000028649566, 124.19103915236418, 204.59830022480662]",clock_NY_macro_end1h_quote
2026-02,pca_selected,g,0,28,-1.9145062688493144,"[0.9999999999998899, 2.9999999999996696, 3.9999999999995595, 6.000000000000449]",clock_NY_macro_end1h_quote
2026-02,pca_selected,g,1,49,-1.555229626680931,"[0.9999999999998899, 2.9999999999996696, 3.9999999999995595, 6.000000000000449]",clock_NY_macro_end1h_quote
2026-02,pca_selected,g,2,33,0.8563462305194216,"[0.9999999999998899, 2.9999999999996696, 3.9999999999995595, 6.000000000000449]",clock_NY_macro_end1h_quote
2026-02,pca_selected,g,3,123,-0.4408570835506741,"[0.9999999999998899, 2.9999999999996696, 3.9999999999995595, 6.000000000000449]",clock_NY_macro_end1h_quote
2026-02,pca_selected,g,4,91,-0.6513627821979967,"[0.9999999999998899, 2.9999999999996696, 3.9999999999995595, 6.000000000000449]",clock_NY_macro_end1h_quote
2026-02,ae_selected,m,1,18,2.7953978338487757,"[-2.1529368352604106, 66.83000028649566, 124.19103915236418, 204.59830022480662]",clock_NY_macro_end1h_quote
2026-02,ae_selected,m,2,46,-0.4949759521874192,"[-2.1529368352604106, 66.83000028649566, 124.19103915236418, 204.59830022480662]",clock_NY_macro_end1h_quote
2026-02,ae_selected,m,3,168,0.4530328588431336,"[-2.1529368352604106, 66.83000028649566, 124.19103915236418, 204.59830022480662]",clock_NY_macro_end1h_quote
2026-02,ae_selected,m,4,92,-2.071481739311861,"[-2.1529368352604106, 66.83000028649566, 124.19103915236418, 204.59830022480662]",clock_NY_macro_end1h_quote
2026-02,ae_selected,g,0,28,-0.8781538782054236,"[0.9999999999998899, 2.9999999999996696, 3.9999999999995595, 6.000000000000449]",clock_NY_macro_end1h_quote
2026-02,ae_selected,g,1,49,0.151093716170848,"[0.9999999999998899, 2.9999999999996696, 3.9999999999995595, 6.000000000000449]",clock_NY_macro_end1h_quote
2026-02,ae_selected,g,2,33,0.8882979894245683,"[0.9999999999998899, 2.9999999999996696, 3.9999999999995595, 6.000000000000449]",clock_NY_macro_end1h_quote
2026-02,ae_selected,g,3,123,-0.7012911313126158,"[0.9999999999998899, 2.9999999999996696, 3.9999999999995595, 6.000000000000449]",clock_NY_macro_end1h_quote
2026-02,ae_selected,g,4,91,-0.140536709061174,"[0.9999999999998899, 2.9999999999996696, 3.9999999999995595, 6.000000000000449]",clock_NY_macro_end1h_quote
2026-02,ae_reconstruction_selected,m,1,18,2.590417129963973,"[-2.1529368352604106, 66.83000028649566, 124.19103915236418, 204.59830022480662]",clock_NY_macro_end1h_quote
2026-02,ae_reconstruction_selected,m,2,46,-4.3219895529912415,"[-2.1529368352604106, 66.83000028649566, 124.19103915236418, 204.59830022480662]",clock_NY_macro_end1h_quote
2026-02,ae_reconstruction_selected,m,3,168,-5.885791071844358,"[-2.1529368352604106, 66.83000028649566, 124.19103915236418, 204.59830022480662]",clock_NY_macro_end1h_quote
2026-02,ae_reconstruction_selected,m,4,92,-7.127114010491163,"[-2.1529368352604106, 66.83000028649566, 124.19103915236418, 204.59830022480662]",clock_NY_macro_end1h_quote
2026-02,ae_reconstruction_selected,g,0,28,-6.302999017659139,"[0.9999999999998899, 2.9999999999996696, 3.9999999999995595, 6.000000000000449]",clock_NY_macro_end1h_quote
2026-02,ae_reconstruction_selected,g,1,49,-6.3137173686368335,"[0.9999999999998899, 2.9999999999996696, 3.9999999999995595, 6.000000000000449]",clock_NY_macro_end1h_quote
2026-02,ae_reconstruction_selected,g,2,33,-5.734676924887565,"[0.9999999999998899, 2.9999999999996696, 3.9999999999995595, 6.000000000000449]",clock_NY_macro_end1h_quote
2026-02,ae_reconstruction_selected,g,3,123,-6.432314544963418,"[0.9999999999998899, 2.9999999999996696, 3.9999999999995595, 6.000000000000449]",clock_NY_macro_end1h_quote
2026-02,ae_reconstruction_selected,g,4,91,-3.630947791470703,"[0.9999999999998899, 2.9999999999996696, 3.9999999999995595, 6.000000000000449]",clock_NY_macro_end1h_quote
2026-03,sequential_ols,m,0,226,-4.130128920109457,"[5.412800929066559, 75.848085911099, 134.5850107984794, 208.30277799752432]",clock_NY_macro_end1h_quote
2026-03,sequential_ols,m,1,10,1.03257940707338,"[5.412800929066559, 75.848085911099, 134.5850107984794, 208.30277799752432]",clock_NY_macro_end1h_quote
2026-03,sequential_ols,g,0,78,-4.102699305209368,"[0.9999999999998899, 2.9999999999996696, 3.9999999999995595, 6.000000000000449]",clock_NY_macro_end1h_quote
2026-03,sequential_ols,g,1,137,-3.3121232991506337,"[0.9999999999998899, 2.9999999999996696, 3.9999999999995595, 6.000000000000449]",clock_NY_macro_end1h_quote
2026-03,sequential_ols,g,2,20,-6.969215501666073,"[0.9999999999998899, 2.9999999999996696, 3.9999999999995595, 6.000000000000449]",clock_NY_macro_end1h_quote
2026-03,sequential_ols,g,3,1,-9.92759405071446,"[0.9999999999998899, 2.9999999999996696, 3.9999999999995595, 6.000000000000449]",clock_NY_macro_end1h_quote
2026-03,pca_1,m,0,226,-4.104744614740073,"[5.412800929066559, 75.848085911099, 134.5850107984794, 208.30277799752432]",clock_NY_macro_end1h_quote
2026-03,pca_1,m,1,10,1.0080420341827934,"[5.412800929066559, 75.848085911099, 134.5850107984794, 208.30277799752432]",clock_NY_macro_end1h_quote
2026-03,pca_1,g,0,78,-4.0718716509263855,"[0.9999999999998899, 2.9999999999996696, 3.9999999999995595, 6.000000000000449]",clock_NY_macro_end1h_quote
2026-03,pca_1,g,1,137,-3.297389647576026,"[0.9999999999998899, 2.9999999999996696, 3.9999999999995595, 6.000000000000449]",clock_NY_macro_end1h_quote
2026-03,pca_1,g,2,20,-6.9168314748809845,"[0.9999999999998899, 2.9999999999996696, 3.9999999999995595, 6.000000000000449]",clock_NY_macro_end1h_quote
2026-03,pca_1,g,3,1,-9.906862601635098,"[0.9999999999998899, 2.9999999999996696, 3.9999999999995595, 6.000000000000449]",clock_NY_macro_end1h_quote
2026-03,pca_2,m,0,226,-3.0740527220255838,"[5.412800929066559, 75.848085911099, 134.5850107984794, 208.30277799752432]",clock_NY_macro_end1h_quote
2026-03,pca_2,m,1,10,-0.4121961873950708,"[5.412800929066559, 75.848085911099, 134.5850107984794, 208.30277799752432]",clock_NY_macro_end1h_quote
2026-03,pca_2,g,0,78,-2.7146797389650485,"[0.9999999999998899, 2.9999999999996696, 3.9999999999995595, 6.000000000000449]",clock_NY_macro_end1h_quote
2026-03,pca_2,g,1,137,-2.835743301959372,"[0.9999999999998899, 2.9999999999996696, 3.9999999999995595, 6.000000000000449]",clock_NY_macro_end1h_quote
2026-03,pca_2,g,2,20,-4.480296847335388,"[0.9999999999998899, 2.9999999999996696, 3.9999999999995595, 6.000000000000449]",clock_NY_macro_end1h_quote
2026-03,pca_2,g,3,1,-9.010088097317094,"[0.9999999999998899, 2.9999999999996696, 3.9999999999995595, 6.000000000000449]",clock_NY_macro_end1h_quote
2026-03,conditional_linear,m,0,226,-6.465642889422222,"[5.412800929066559, 75.848085911099, 134.5850107984794, 208.30277799752432]",clock_NY_macro_end1h_quote
2026-03,conditional_linear,m,1,10,-0.5054236472567387,"[5.412800929066559, 75.848085911099, 134.5850107984794, 208.30277799752432]",clock_NY_macro_end1h_quote
2026-03,conditional_linear,g,0,78,-6.569978411620617,"[0.9999999999998899, 2.9999999999996696, 3.9999999999995595, 6.000000000000449]",clock_NY_macro_end1h_quote
2026-03,conditional_linear,g,1,137,-5.576059345945082,"[0.9999999999998899, 2.9999999999996696, 3.9999999999995595, 6.000000000000449]",clock_NY_macro_end1h_quote
2026-03,conditional_linear,g,2,20,-9.147969443092922,"[0.9999999999998899, 2.9999999999996696, 3.9999999999995595, 6.000000000000449]",clock_NY_macro_end1h_quote
2026-03,conditional_linear,g,3,1,-6.951694119246568,"[0.9999999999998899, 2.9999999999996696, 3.9999999999995595, 6.000000000000449]",clock_NY_macro_end1h_quote
2026-03,ae_relu_1,m,0,226,-4.0641068988810805,"[5.412800929066559, 75.848085911099, 134.5850107984794, 208.30277799752432]",clock_NY_macro_end1h_quote
2026-03,ae_relu_1,m,1,10,1.018980733116109,"[5.412800929066559, 75.848085911099, 134.5850107984794, 208.30277799752432]",clock_NY_macro_end1h_quote
2026-03,ae_relu_1,g,0,78,-4.040523378485363,"[0.9999999999998899, 2.9999999999996696, 3.9999999999995595, 6.000000000000449]",clock_NY_macro_end1h_quote
2026-03,ae_relu_1,g,1,137,-3.254807334869397,"[0.9999999999998899, 2.9999999999996696, 3.9999999999995595, 6.000000000000449]",clock_NY_macro_end1h_quote
2026-03,ae_relu_1,g,2,20,-6.868508729096533,"[0.9999999999998899, 2.9999999999996696, 3.9999999999995595, 6.000000000000449]",clock_NY_macro_end1h_quote
2026-03,ae_relu_1,g,3,1,-9.858748835066834,"[0.9999999999998899, 2.9999999999996696, 3.9999999999995595, 6.000000000000449]",clock_NY_macro_end1h_quote
2026-03,ae_relu_2,m,0,226,-3.450554797988625,"[5.412800929066559, 75.848085911099, 134.5850107984794, 208.30277799752432]",clock_NY_macro_end1h_quote
2026-03,ae_relu_2,m,1,10,0.0984810473997894,"[5.412800929066559, 75.848085911099, 134.5850107984794, 208.30277799752432]",clock_NY_macro_end1h_quote
2026-03,ae_relu_2,g,0,78,-3.213523121130088,"[0.9999999999998899, 2.9999999999996696, 3.9999999999995595, 6.000000000000449]",clock_NY_macro_end1h_quote
2026-03,ae_relu_2,g,1,137,-3.012638170262717,"[0.9999999999998899, 2.9999999999996696, 3.9999999999995595, 6.000000000000449]",clock_NY_macro_end1h_quote
2026-03,ae_relu_2,g,2,20,-5.297800730416116,"[0.9999999999998899, 2.9999999999996696, 3.9999999999995595, 6.000000000000449]",clock_NY_macro_end1h_quote
2026-03,ae_relu_2,g,3,1,-9.49832648896998,"[0.9999999999998899, 2.9999999999996696, 3.9999999999995595, 6.000000000000449]",clock_NY_macro_end1h_quote
2026-03,ae_tanh_1,m,0,226,-5.148764937534232,"[5.412800929066559, 75.848085911099, 134.5850107984794, 208.30277799752432]",clock_NY_macro_end1h_quote
2026-03,ae_tanh_1,m,1,10,-3.650473278865028,"[5.412800929066559, 75.848085911099, 134.5850107984794, 208.30277799752432]",clock_NY_macro_end1h_quote
2026-03,ae_tanh_1,g,0,78,-6.486107855894429,"[0.9999999999998899, 2.9999999999996696, 3.9999999999995595, 6.000000000000449]",clock_NY_macro_end1h_quote
2026-03,ae_tanh_1,g,1,137,-3.625602733038832,"[0.9999999999998899, 2.9999999999996696, 3.9999999999995595, 6.000000000000449]",clock_NY_macro_end1h_quote
2026-03,ae_tanh_1,g,2,20,-9.165115367815162,"[0.9999999999998899, 2.9999999999996696, 3.9999999999995595, 6.000000000000449]",clock_NY_macro_end1h_quote
2026-03,ae_tanh_1,g,3,1,-14.199314128997962,"[0.9999999999998899, 2.9999999999996696, 3.9999999999995595, 6.000000000000449]",clock_NY_macro_end1h_quote
2026-03,ae_tanh_2,m,0,226,0.3325850328167712,"[5.412800929066559, 75.848085911099, 134.5850107984794, 208.30277799752432]",clock_NY_macro_end1h_quote
2026-03,ae_tanh_2,m,1,10,-3.3851702658395117,"[5.412800929066559, 75.848085911099, 134.5850107984794, 208.30277799752432]",clock_NY_macro_end1h_quote
2026-03,ae_tanh_2,g,0,78,0.31426803451869,"[0.9999999999998899, 2.9999999999996696, 3.9999999999995595, 6.000000000000449]",clock_NY_macro_end1h_quote
2026-03,ae_tanh_2,g,1,137,0.0376910591513544,"[0.9999999999998899, 2.9999999999996696, 3.9999999999995595, 6.000000000000449]",clock_NY_macro_end1h_quote
2026-03,ae_tanh_2,g,2,20,0.5485803125311204,"[0.9999999999998899, 2.9999999999996696, 3.9999999999995595, 6.000000000000449]",clock_NY_macro_end1h_quote
2026-03,ae_tanh_2,g,3,1,0.6643267113794025,"[0.9999999999998899, 2.9999999999996696, 3.9999999999995595, 6.000000000000449]",clock_NY_macro_end1h_quote
2026-03,conditional_neural,m,0,226,-8.208360995956722,"[5.412800929066559, 75.848085911099, 134.5850107984794, 208.30277799752432]",clock_NY_macro_end1h_quote
2026-03,conditional_neural,m,1,10,-1.3617104018452924,"[5.412800929066559, 75.848085911099, 134.5850107984794, 208.30277799752432]",clock_NY_macro_end1h_quote
2026-03,conditional_neural,g,0,78,-7.966668373518001,"[0.9999999999998899, 2.9999999999996696, 3.9999999999995595, 6.000000000000449]",clock_NY_macro_end1h_quote
2026-03,conditional_neural,g,1,137,-7.353399469954082,"[0.9999999999998899, 2.9999999999996696, 3.9999999999995595, 6.000000000000449]",clock_NY_macro_end1h_quote
2026-03,conditional_neural,g,2,20,-11.452009780485676,"[0.9999999999998899, 2.9999999999996696, 3.9999999999995595, 6.000000000000449]",clock_NY_macro_end1h_quote
2026-03,conditional_neural,g,3,1,-10.850632976845418,"[0.9999999999998899, 2.9999999999996696, 3.9999999999995595, 6.000000000000449]",clock_NY_macro_end1h_quote
2026-03,pca_selected,m,0,226,-3.0740527220255838,"[5.412800929066559, 75.848085911099, 134.5850107984794, 208.30277799752432]",clock_NY_macro_end1h_quote
2026-03,pca_selected,m,1,10,-0.4121961873950708,"[5.412800929066559, 75.848085911099, 134.5850107984794, 208.30277799752432]",clock_NY_macro_end1h_quote
2026-03,pca_selected,g,0,78,-2.7146797389650485,"[0.9999999999998899, 2.9999999999996696, 3.9999999999995595, 6.000000000000449]",clock_NY_macro_end1h_quote
2026-03,pca_selected,g,1,137,-2.835743301959372,"[0.9999999999998899, 2.9999999999996696, 3.9999999999995595, 6.000000000000449]",clock_NY_macro_end1h_quote
2026-03,pca_selected,g,2,20,-4.480296847335388,"[0.9999999999998899, 2.9999999999996696, 3.9999999999995595, 6.000000000000449]",clock_NY_macro_end1h_quote
2026-03,pca_selected,g,3,1,-9.010088097317094,"[0.9999999999998899, 2.9999999999996696, 3.9999999999995595, 6.000000000000449]",clock_NY_macro_end1h_quote
2026-03,ae_selected,m,0,226,-3.450554797988625,"[5.412800929066559, 75.848085911099, 134.5850107984794, 208.30277799752432]",clock_NY_macro_end1h_quote
2026-03,ae_selected,m,1,10,0.0984810473997894,"[5.412800929066559, 75.848085911099, 134.5850107984794, 208.30277799752432]",clock_NY_macro_end1h_quote
2026-03,ae_selected,g,0,78,-3.213523121130088,"[0.9999999999998899, 2.9999999999996696, 3.9999999999995595, 6.000000000000449]",clock_NY_macro_end1h_quote
2026-03,ae_selected,g,1,137,-3.012638170262717,"[0.9999999999998899, 2.9999999999996696, 3.9999999999995595, 6.000000000000449]",clock_NY_macro_end1h_quote
2026-03,ae_selected,g,2,20,-5.297800730416116,"[0.9999999999998899, 2.9999999999996696, 3.9999999999995595, 6.000000000000449]",clock_NY_macro_end1h_quote
2026-03,ae_selected,g,3,1,-9.49832648896998,"[0.9999999999998899, 2.9999999999996696, 3.9999999999995595, 6.000000000000449]",clock_NY_macro_end1h_quote
2026-03,ae_reconstruction_selected,m,0,226,3.116352108114908,"[5.412800929066559, 75.848085911099, 134.5850107984794, 208.30277799752432]",clock_NY_macro_end1h_quote
2026-03,ae_reconstruction_selected,m,1,10,0.57952646745556,"[5.412800929066559, 75.848085911099, 134.5850107984794, 208.30277799752432]",clock_NY_macro_end1h_quote
2026-03,ae_reconstruction_selected,g,0,78,1.934943548910494,"[0.9999999999998899, 2.9999999999996696, 3.9999999999995595, 6.000000000000449]",clock_NY_macro_end1h_quote
2026-03,ae_reconstruction_selected,g,1,137,3.953594785456653,"[0.9999999999998899, 2.9999999999996696, 3.9999999999995595, 6.000000000000449]",clock_NY_macro_end1h_quote
2026-03,ae_reconstruction_selected,g,2,20,1.0099303835689857,"[0.9999999999998899, 2.9999999999996696, 3.9999999999995595, 6.000000000000449]",clock_NY_macro_end1h_quote
2026-03,ae_reconstruction_selected,g,3,1,-2.675848985434911,"[0.9999999999998899, 2.9999999999996696, 3.9999999999995595, 6.000000000000449]",clock_NY_macro_end1h_quote
