scenario,model,period,n,days,mae_bp,rmse_bp,residual_mean_bp,residual_q10_bp,residual_q50_bp,residual_q90_bp,residual_lag1h_corr,exact_1h_pairs,reference_reconstruction_mse
clock_UTC_quote,sequential_ols,2025-08,357,26,6.481208687700816,7.962126706726117,1.2538276136052526,-9.427002927163088,1.5497504845614145,11.105290918536015,0.40295058897358155,335,
clock_UTC_quote,pca_1,2025-08,357,26,6.483435357990155,7.970814195334067,1.2829900180190328,-9.388928140038182,1.663244859555448,11.068762705034416,0.4047614324076162,335,0.004214475400745947
clock_UTC_quote,pca_2,2025-08,357,26,5.661821973648705,7.105257453772433,0.4710896698690876,-8.993574933555754,0.2610132923225308,9.772694197648386,0.2588826570253608,335,0.0030988371495909873
clock_UTC_quote,conditional_linear,2025-08,357,26,6.5416203345958674,8.258086334829503,1.8037754826199224,-8.512690613993176,2.290379421928577,11.748368806893675,0.36827123173124837,335,0.004214475400745947
clock_UTC_quote,ae_relu_1,2025-08,357,26,6.48337489771808,7.970731914140791,1.2829301901510288,-9.388758297542465,1.6634196077792467,11.068628971355382,0.4047555650568861,335,0.004487167558589599
clock_UTC_quote,ae_relu_2,2025-08,357,26,6.479750008178206,7.96381717811975,1.2678077128967478,-9.402461821387389,1.6151918623421295,11.056690385289265,0.4037534346324349,335,0.004487833073626914
clock_UTC_quote,ae_tanh_1,2025-08,357,26,7.299647478246833,9.014572952396232,3.213303295663271,-7.410015925896524,3.471233131360094,13.37990346184345,0.4767167648370918,335,0.004220421406512822
clock_UTC_quote,ae_tanh_2,2025-08,357,26,7.243854491259595,8.984994027684234,2.8384401829451664,-7.99307258824453,3.024316479308901,13.178039043713124,0.4867194007205945,335,0.00422021079234939
clock_UTC_quote,conditional_neural,2025-08,357,26,6.37009630089459,7.796448733129334,1.065926994465558,-9.388647136106808,1.4262626137908754,10.34321324104835,0.36446846827155066,335,0.004214475400745947
clock_UTC_quote,pca_selected,2025-08,357,26,6.483435357990155,7.970814195334067,1.2829900180190328,-9.388928140038182,1.663244859555448,11.068762705034416,0.4047614324076162,335,0.004214475400745947
clock_UTC_quote,ae_selected,2025-08,357,26,6.48337489771808,7.970731914140791,1.2829301901510288,-9.388758297542465,1.6634196077792467,11.068628971355382,0.4047555650568861,335,0.004487167558589599
clock_UTC_quote,ae_reconstruction_selected,2025-08,357,26,6.48337489771808,7.970731914140791,1.2829301901510288,-9.388758297542465,1.6634196077792467,11.068628971355382,0.4047555650568861,335,0.004487167558589599
clock_UTC_quote,sequential_ols,2025-09,374,26,4.59184582864995,6.049245782052415,0.5688215404687968,-6.9217682063523185,0.5229430417710184,8.43696798095316,0.1327375582553512,351,
clock_UTC_quote,pca_1,2025-09,374,26,4.58891050498662,6.046239004428026,0.621427828333509,-6.9353069858481895,0.5544012158038818,8.560030038661044,0.13640277297685735,351,0.004871937117828567
clock_UTC_quote,pca_2,2025-09,374,26,4.200511782372862,5.5152278065139795,0.6550890951615082,-5.928007137509492,0.8097303999981631,7.717150810778132,0.17614111179826336,351,0.0015605063761250561
clock_UTC_quote,conditional_linear,2025-09,374,26,5.549365446818347,7.159909335635589,2.3873673659024623,-6.047805291623185,1.8618751817692674,10.834422690693053,0.24091303236118947,351,0.004871937117828567
clock_UTC_quote,ae_relu_1,2025-09,374,26,4.588601834064489,6.045861720970092,0.621306099302159,-6.935172958745524,0.5539297055134362,8.559542043461338,0.13639789468257074,351,0.005163368172449954
clock_UTC_quote,ae_relu_2,2025-09,374,26,4.583075773577695,6.03897331003672,0.5954388009985593,-6.925807213489907,0.538186778614623,8.491843261438866,0.13460326288784955,351,0.005165957818936504
clock_UTC_quote,ae_tanh_1,2025-09,374,26,6.997594387561496,9.709472069190483,0.6726634993396648,-9.598791050466918,2.532906778408318,10.870388430463393,0.6147684166399632,351,0.004981012807294779
clock_UTC_quote,ae_tanh_2,2025-09,374,26,6.176427154915212,8.710980571275732,0.10971113420733747,-8.618694765503024,1.1125414606590063,9.479897914566497,0.5477250064574956,351,0.004934745906989921
clock_UTC_quote,conditional_neural,2025-09,374,26,4.548925745422398,5.814178590840929,0.5167428946283398,-6.497081691940762,0.5317714293609122,8.450339731161929,0.0854845430178763,351,0.004871937117828567
clock_UTC_quote,pca_selected,2025-09,374,26,4.200511782372862,5.5152278065139795,0.6550890951615082,-5.928007137509492,0.8097303999981631,7.717150810778132,0.17614111179826336,351,0.0015605063761250561
clock_UTC_quote,ae_selected,2025-09,374,26,4.588601834064489,6.045861720970092,0.621306099302159,-6.935172958745524,0.5539297055134362,8.559542043461338,0.13639789468257074,351,0.005163368172449954
clock_UTC_quote,ae_reconstruction_selected,2025-09,374,26,4.588601834064489,6.045861720970092,0.621306099302159,-6.935172958745524,0.5539297055134362,8.559542043461338,0.13639789468257074,351,0.005163368172449954
clock_UTC_quote,sequential_ols,2025-10,387,27,7.387938786149182,9.265531157944885,6.287257645921572,-1.9009573402889486,5.758998725480865,14.830295177105008,0.3753106456133028,364,
clock_UTC_quote,pca_1,2025-10,387,27,7.562467868184959,9.445462660566006,6.511575594605983,-1.5999824109597285,6.00479699157205,15.162208489994281,0.38694234222322277,364,0.006487756889003041
clock_UTC_quote,pca_2,2025-10,387,27,7.291320955134107,8.785869864730337,6.481557062310916,-1.4812682037557747,6.4560624114343526,14.237811855871273,0.39334841989082825,364,0.0016391037751902272
clock_UTC_quote,conditional_linear,2025-10,387,27,14.346835145272669,18.768866641196166,13.11125452935093,-1.4456951621642162,11.159407609087594,31.089623564977252,0.34472500186984883,364,0.006487756889003041
clock_UTC_quote,ae_relu_1,2025-10,387,27,87.04685158999781,125.29254745507065,86.2529556447151,-0.6827680041257504,62.57028883573497,229.54493914170203,0.9881913322392802,364,1.4222283251678602
clock_UTC_quote,ae_relu_2,2025-10,387,27,103.81952376035035,153.34579877137605,103.01670379408984,-0.775840368934848,66.35633812181209,284.71546630029053,0.9879827378319436,364,2.0693701901518056
clock_UTC_quote,ae_tanh_1,2025-10,387,27,103.53184574948502,152.6669849815144,95.06222948861762,-23.95415300917732,46.10836958742448,288.35378753530284,0.9867796992167414,364,2.8660100937439643
clock_UTC_quote,ae_tanh_2,2025-10,387,27,98.7546096679363,148.44404216538865,92.59232324506422,-17.242531690925446,42.93441955400408,281.5204543942351,0.9863992803989681,364,2.7554926493725147
clock_UTC_quote,conditional_neural,2025-10,387,27,8.146083571300862,12.669400948623062,6.589838525606963,-3.3419624914828656,4.734104164071937,15.476248737009481,0.08166349787428151,364,0.006487756889003041
clock_UTC_quote,pca_selected,2025-10,387,27,7.291320955134107,8.785869864730337,6.481557062310916,-1.4812682037557747,6.4560624114343526,14.237811855871273,0.39334841989082825,364,0.0016391037751902272
clock_UTC_quote,ae_selected,2025-10,387,27,87.04685158999781,125.29254745507065,86.2529556447151,-0.6827680041257504,62.57028883573497,229.54493914170203,0.9881913322392802,364,1.4222283251678602
clock_UTC_quote,ae_reconstruction_selected,2025-10,387,27,87.04685158999781,125.29254745507065,86.2529556447151,-0.6827680041257504,62.57028883573497,229.54493914170203,0.9881913322392802,364,1.4222283251678602
clock_UTC_quote,sequential_ols,2025-11,324,25,6.532414705425576,8.839293374185337,-0.8845861886757177,-11.355088942501368,0.2904516265300998,8.96189729302372,0.38318567663457126,303,
clock_UTC_quote,pca_1,2025-11,324,25,6.509897461083488,8.8071505519451,-0.8063270255052333,-11.241489893552878,0.43613124090688865,9.014891060332179,0.3859557086181284,303,0.0029522613661559826
clock_UTC_quote,pca_2,2025-11,324,25,5.150045272439101,7.89680543249937,-1.3400700322366292,-8.527282414478236,-0.35625268028606166,6.176426948681739,0.591372705910364,303,0.0007777045736802432
clock_UTC_quote,conditional_linear,2025-11,324,25,6.453641475515731,8.729606199104762,-0.956612412882654,-11.103340882316195,-0.638466307191834,9.108131743094477,0.37198130519800054,303,0.0029522613661559826
clock_UTC_quote,ae_relu_1,2025-11,324,25,6.508601232985878,8.809897742493952,-0.8253181267466067,-11.278199089050464,0.3977079198305802,8.976332546049616,0.3860315733473963,303,0.0030302523688013347
clock_UTC_quote,ae_relu_2,2025-11,324,25,6.363088395875665,8.696001443463363,-1.021610676611281,-11.443182925007417,0.2746241352243146,8.429321337880983,0.4003808346603551,303,0.0029461918292905055
clock_UTC_quote,ae_tanh_1,2025-11,324,25,9.314912247067452,11.398947548807557,4.490715866596175,-8.495777047803529,5.3703733151032935,16.698539237455936,0.62204422762944,303,0.002956033636563525
clock_UTC_quote,ae_tanh_2,2025-11,324,25,11.044204172848898,13.316207627390854,6.947043862002396,-7.0327035164578255,7.620685806285806,20.697366607877004,0.6808671879317593,303,0.0029546523022020614
clock_UTC_quote,conditional_neural,2025-11,324,25,6.600794313413371,8.898802346030147,-0.6608662164930356,-11.151779155886798,0.5346944878641011,9.12165937866836,0.32587649590452555,303,0.0029522613661559826
clock_UTC_quote,pca_selected,2025-11,324,25,5.150045272439101,7.89680543249937,-1.3400700322366292,-8.527282414478236,-0.35625268028606166,6.176426948681739,0.591372705910364,303,0.0007777045736802432
clock_UTC_quote,ae_selected,2025-11,324,25,6.508601232985878,8.809897742493952,-0.8253181267466067,-11.278199089050464,0.3977079198305802,8.976332546049616,0.3860315733473963,303,0.0030302523688013347
clock_UTC_quote,ae_reconstruction_selected,2025-11,324,25,6.508601232985878,8.809897742493952,-0.8253181267466067,-11.278199089050464,0.3977079198305802,8.976332546049616,0.3860315733473963,303,0.0030302523688013347
clock_UTC_quote,sequential_ols,2025-12,361,27,9.256317330447589,13.88302463838236,-3.4065699024567584,-14.73326761455482,-2.147839812737516,10.12078053969148,0.681909364973334,333,
clock_UTC_quote,pca_1,2025-12,361,27,9.212137301493357,13.816637885846832,-3.3884496318634945,-14.595106855719251,-2.123874974040092,10.139829227908862,0.6820083083496082,333,0.008155596680294988
clock_UTC_quote,pca_2,2025-12,361,27,6.305029028409557,8.876689238854157,-1.6701409221779429,-10.34702021359039,-0.9481598152721062,7.591097821412745,0.5903445929794987,333,0.0023811485471917863
clock_UTC_quote,conditional_linear,2025-12,361,27,9.031442317679511,13.200437968858049,-3.4872544566728627,-14.841067785427724,-2.4806831774518088,9.979754440075736,0.6578870291069501,333,0.008155596680294988
clock_UTC_quote,ae_relu_1,2025-12,361,27,9.213210499004797,13.819153958538399,-3.3877764416742706,-14.59671893024418,-2.123763716410678,10.136525545182636,0.6820722453595046,333,0.008161728925396784
clock_UTC_quote,ae_relu_2,2025-12,361,27,8.573178097031526,12.704222549192808,-3.94431336085442,-14.200789998864934,-3.0470131620999865,8.275293052148285,0.6883557466183993,333,0.005215961274611154
clock_UTC_quote,ae_tanh_1,2025-12,361,27,9.468169206621388,13.383939200887742,-5.818063846574035,-17.130012835551213,-5.154113478825593,7.868526963505559,0.6359850449663694,333,0.00815361365405146
clock_UTC_quote,ae_tanh_2,2025-12,361,27,9.357095144948806,12.947202320746028,-5.619753335360967,-17.13385781624612,-4.974136824146541,7.954267796042984,0.6188252575313792,333,0.008171656466851581
clock_UTC_quote,conditional_neural,2025-12,361,27,7.172174854713162,8.679806146878645,-1.1309524370865847,-11.945651605095549,-1.6064407342793174,10.810899369765592,0.31583487342757866,333,0.008155596680294988
clock_UTC_quote,pca_selected,2025-12,361,27,6.305029028409557,8.876689238854157,-1.6701409221779429,-10.34702021359039,-0.9481598152721062,7.591097821412745,0.5903445929794987,333,0.0023811485471917863
clock_UTC_quote,ae_selected,2025-12,361,27,9.213210499004797,13.819153958538399,-3.3877764416742706,-14.59671893024418,-2.123763716410678,10.136525545182636,0.6820722453595046,333,0.008161728925396784
clock_UTC_quote,ae_reconstruction_selected,2025-12,361,27,9.213210499004797,13.819153958538399,-3.3877764416742706,-14.59671893024418,-2.123763716410678,10.136525545182636,0.6820722453595046,333,0.008161728925396784
clock_UTC_quote,sequential_ols,2026-01,346,26,6.884127092187907,8.468523330622547,-1.9677247486440592,-12.901420041748363,-2.3485592676436866,9.377881117734287,0.19829621371495926,315,
clock_UTC_quote,pca_1,2026-01,346,26,6.841807321064607,8.413885045403013,-1.9954369568862211,-12.871361310043605,-2.428659814242023,9.234470792151814,0.1996540859127727,315,0.003945193157756076
clock_UTC_quote,pca_2,2026-01,346,26,5.216515964804525,6.4670455540126435,-2.049491659340374,-10.215165203840414,-1.8381780412291349,6.697294651068972,0.2679423251677523,315,0.0005991130100802477
clock_UTC_quote,conditional_linear,2026-01,346,26,6.89580653075432,8.47515637459214,-2.3962234312679014,-13.102543775333617,-2.8050322026640764,8.429660164054752,0.18223922074529447,315,0.003945193157756076
clock_UTC_quote,ae_relu_1,2026-01,346,26,6.838651260134027,8.410901123184935,-1.9740161175247297,-12.856803724300233,-2.4167534672665987,9.26054834065361,0.19982370278320982,315,0.003958892446353361
clock_UTC_quote,ae_relu_2,2026-01,346,26,6.045139754385485,7.466460229076705,-2.9306191852757624,-12.685481024634079,-2.782166323901915,6.5026002636965226,0.41232642699004735,315,0.0010138691021112443
clock_UTC_quote,ae_tanh_1,2026-01,346,26,8.42832643642088,10.208415322340523,-6.027435012041909,-16.604233266772948,-6.593661920103308,5.406533120582074,0.2385246462333201,315,0.00395111355026285
clock_UTC_quote,ae_tanh_2,2026-01,346,26,8.849268936702552,10.67494580585963,-6.711266680054114,-17.307769157349405,-7.442466186287679,4.627798866422337,0.2585214957911969,315,0.003945536567809042
clock_UTC_quote,conditional_neural,2026-01,346,26,6.810505599626642,8.36517833176128,-1.467576515590854,-12.245389366310366,-2.0376752834820246,9.51896504863473,0.19624747326903894,315,0.003945193157756076
clock_UTC_quote,pca_selected,2026-01,346,26,5.216515964804525,6.4670455540126435,-2.049491659340374,-10.215165203840414,-1.8381780412291349,6.697294651068972,0.2679423251677523,315,0.0005991130100802477
clock_UTC_quote,ae_selected,2026-01,346,26,6.838651260134027,8.410901123184935,-1.9740161175247297,-12.856803724300233,-2.4167534672665987,9.26054834065361,0.19982370278320982,315,0.003958892446353361
clock_UTC_quote,ae_reconstruction_selected,2026-01,346,26,6.838651260134027,8.410901123184935,-1.9740161175247297,-12.856803724300233,-2.4167534672665987,9.26054834065361,0.19982370278320982,315,0.003958892446353361
clock_UTC_quote,sequential_ols,2026-02,324,24,8.057903973552618,9.953379547203125,-0.18462306227529848,-13.63680992051372,-0.5395077062483722,12.778178051100724,0.13786748757466596,300,
clock_UTC_quote,pca_1,2026-02,324,24,7.979050602253976,9.856063256300521,-0.17268478202564772,-13.443683895366446,-0.6371094006869669,12.688771892406402,0.14096207944336617,300,0.008172069434383223
clock_UTC_quote,pca_2,2026-02,324,24,5.7256503052573215,6.99390814311635,-0.5721955641139085,-9.760310063250706,-0.8777756035543121,8.5409865562565,0.32642760565192774,300,0.0008946582004011691
clock_UTC_quote,conditional_linear,2026-02,324,24,7.824393414110393,9.744158650157761,0.1548029935724197,-12.055207752291867,-0.5295549703109259,12.943879525966562,0.15071358294799878,300,0.008172069434383223
clock_UTC_quote,ae_relu_1,2026-02,324,24,7.981352318353762,9.859015692294692,-0.1714714335141287,-13.454647558908308,-0.6410048505442916,12.689471106139933,0.14104484394635078,300,0.008184439075476713
clock_UTC_quote,ae_relu_2,2026-02,324,24,8.064232501308755,9.80728228317731,-5.166572483074713,-15.649928321667426,-5.4457504927626275,6.220001722084458,0.32820109061848474,300,0.0018715839307173983
clock_UTC_quote,ae_tanh_1,2026-02,324,24,8.11616504449912,10.087511298899463,1.827186220926267,-11.200693542615388,2.1476126477018482,14.376851910102483,0.24984381900315247,300,0.008179411943261279
clock_UTC_quote,ae_tanh_2,2026-02,324,24,9.662958339640538,11.869540890062932,4.841349788218874,-10.12246882720358,5.279832957194955,18.69861198270271,0.36413839994816605,300,0.008329824071617972
clock_UTC_quote,conditional_neural,2026-02,324,24,7.967798065531241,10.090580694633926,1.001910719595225,-10.715954706653717,0.2837155879118711,14.921531478646154,0.16560623911973044,300,0.008172069434383223
clock_UTC_quote,pca_selected,2026-02,324,24,5.7256503052573215,6.99390814311635,-0.5721955641139085,-9.760310063250706,-0.8777756035543121,8.5409865562565,0.32642760565192774,300,0.0008946582004011691
clock_UTC_quote,ae_selected,2026-02,324,24,8.064232501308755,9.80728228317731,-5.166572483074713,-15.649928321667426,-5.4457504927626275,6.220001722084458,0.32820109061848474,300,0.0018715839307173983
clock_UTC_quote,ae_reconstruction_selected,2026-02,324,24,8.064232501308755,9.80728228317731,-5.166572483074713,-15.649928321667426,-5.4457504927626275,6.220001722084458,0.32820109061848474,300,0.0018715839307173983
clock_UTC_quote,sequential_ols,2026-03,237,17,8.587619087043732,10.704013496904793,-2.9586973501903056,-15.9622308729562,-2.9706835800070905,10.412620723717538,0.31040182462215066,219,
clock_UTC_quote,pca_1,2026-03,237,17,8.523066198612366,10.621330194774446,-3.001163784773995,-15.948690155193509,-3.0319601110924026,10.250081438210872,0.3118792163610604,219,0.007311969012124386
clock_UTC_quote,pca_2,2026-03,237,17,6.309800007736468,7.644721051242539,-2.310582306833717,-11.340901018442134,-2.6839977677272917,6.735166535849283,0.2585427487886179,219,0.0007165287444113305
clock_UTC_quote,conditional_linear,2026-03,237,17,8.9308437647468,11.596988799310669,-5.057737817517493,-19.217559506063587,-3.808618488354938,8.311767676226488,0.2650727777230925,219,0.007311969012124386
clock_UTC_quote,ae_relu_1,2026-03,237,17,8.513519650041243,10.609435137304029,-2.954442325017849,-15.905524928150436,-2.9985549725537624,10.298808794444325,0.31180134228720313,219,0.007371409930332088
clock_UTC_quote,ae_relu_2,2026-03,237,17,5.968962826053993,7.359913311399225,-0.6376709406714691,-10.29216684248958,-0.7927689293451579,8.733984340830327,0.27769270455968753,219,0.0014946427787873404
clock_UTC_quote,ae_tanh_1,2026-03,237,17,11.136921973246316,13.351573532697788,-3.7211448557391087,-18.850212512465113,-5.3934741962244175,13.712681101473674,0.4665864340225454,219,0.007346936081559939
clock_UTC_quote,ae_tanh_2,2026-03,237,17,11.914180398943248,14.787161078235899,-0.8091170208136969,-17.770592135912423,-2.817949239869762,21.554838272295388,0.5632065249731605,219,0.007323684983341349
clock_UTC_quote,conditional_neural,2026-03,237,17,9.44609432848565,12.876718111281876,-5.950569178773643,-19.53533326187894,-4.856714422220776,6.171007019208123,0.2591761607251216,219,0.007311969012124386
clock_UTC_quote,pca_selected,2026-03,237,17,6.309800007736468,7.644721051242539,-2.310582306833717,-11.340901018442134,-2.6839977677272917,6.735166535849283,0.2585427487886179,219,0.0007165287444113305
clock_UTC_quote,ae_selected,2026-03,237,17,5.968962826053993,7.359913311399225,-0.6376709406714691,-10.29216684248958,-0.7927689293451579,8.733984340830327,0.27769270455968753,219,0.0014946427787873404
clock_UTC_quote,ae_reconstruction_selected,2026-03,237,17,5.968962826053993,7.359913311399225,-0.6376709406714691,-10.29216684248958,-0.7927689293451579,8.733984340830327,0.27769270455968753,219,0.0014946427787873404
clock_NY_quote,sequential_ols,2025-08,357,21,6.433219020164688,7.8456855610900025,1.3941809697531973,-9.122387937287112,1.97233795424971,11.304327754278702,0.39771849803763115,336,
clock_NY_quote,pca_1,2025-08,357,21,6.438984161714554,7.860162759384842,1.4254162482254047,-9.043175801258124,1.9920179948635308,11.370022220562,0.4004689791449824,336,0.004519500309853253
clock_NY_quote,pca_2,2025-08,357,21,5.869604281785289,7.372346820630991,0.5513098367210909,-9.205605344830268,0.8249187887256539,9.800309607820722,0.40779084476966593,336,0.0037991646568102896
clock_NY_quote,conditional_linear,2025-08,357,21,6.625868823970553,8.27650276993437,1.7189888462154503,-8.294479048042477,2.39189529421202,11.09708036305466,0.3998183204938689,336,0.004519500309853253
clock_NY_quote,ae_relu_1,2025-08,357,21,6.438976838511646,7.86015484709947,1.4254168493813766,-9.043170759860208,1.9920317523528297,11.37003629390987,0.40046926698924196,336,0.0047715490197742655
clock_NY_quote,ae_relu_2,2025-08,357,21,6.433908824802858,7.8502469876139305,1.4092878150434471,-9.082019729429703,1.9837359330508804,11.345460227239624,0.39906217244808145,336,0.0047715103187819345
clock_NY_quote,ae_tanh_1,2025-08,357,21,7.327099123197282,8.985563165888028,3.505031105057025,-7.110409054470159,3.5727539074847527,13.830965362368321,0.4773189947780398,336,0.004524880558614979
clock_NY_quote,ae_tanh_2,2025-08,357,21,7.260225604305537,8.959074985003543,3.226043834174537,-7.512634878255526,3.8943723432905912,13.766855347016707,0.4951316407726242,336,0.004526995027701
clock_NY_quote,conditional_neural,2025-08,357,21,6.268386089817205,7.658972708754917,1.0777385328139253,-9.357163032876704,2.1075948111294025,10.293645002824757,0.36600138946382654,336,0.004519500309853253
clock_NY_quote,pca_selected,2025-08,357,21,5.869604281785289,7.372346820630991,0.5513098367210909,-9.205605344830268,0.8249187887256539,9.800309607820722,0.40779084476966593,336,0.0037991646568102896
clock_NY_quote,ae_selected,2025-08,357,21,6.438976838511646,7.86015484709947,1.4254168493813766,-9.043170759860208,1.9920317523528297,11.37003629390987,0.40046926698924196,336,0.0047715490197742655
clock_NY_quote,ae_reconstruction_selected,2025-08,357,21,6.438976838511646,7.86015484709947,1.4254168493813766,-9.043170759860208,1.9920317523528297,11.37003629390987,0.40046926698924196,336,0.0047715490197742655
clock_NY_quote,sequential_ols,2025-09,374,22,4.909729832704175,6.423275943955718,0.9825438920007773,-7.029843198124363,1.0250661964669376,9.336579174013004,0.14815398945974614,352,
clock_NY_quote,pca_1,2025-09,374,22,4.910600462903385,6.423301297419554,1.0347996238392079,-7.013160039481486,1.0464087446050891,9.31761878840246,0.15244590143334066,352,0.005185707473862031
clock_NY_quote,pca_2,2025-09,374,22,4.350390732760662,5.760281423318187,1.1164345506270827,-5.8273803083694435,1.016475428311164,8.236548304344787,0.1942860672849735,352,0.0015831781499301826
clock_NY_quote,conditional_linear,2025-09,374,22,5.96744661206144,7.731608057499433,2.982306500884466,-6.088341132506462,2.2979560355259796,11.696251365014941,0.2748258391773652,352,0.005185707473862031
clock_NY_quote,ae_relu_1,2025-09,374,22,4.940842426525093,6.495074924549696,1.064180757840196,-7.003745821326647,1.0500622330483578,9.320062561626397,0.15806967652350126,352,0.005545050385981012
clock_NY_quote,ae_relu_2,2025-09,374,22,4.911727077853536,6.434243363630089,1.018242111116397,-7.001891335148419,1.0390571171418679,9.323039733460739,0.15170152822428967,352,0.005521431491072107
clock_NY_quote,ae_tanh_1,2025-09,374,22,8.148011781743998,11.167846093461257,0.23609941160958883,-16.452614389090723,2.9843922087827086,11.436991490385333,0.6265831408924937,352,0.006075408974437289
clock_NY_quote,ae_tanh_2,2025-09,374,22,7.035856126178507,9.896829828806588,-0.2971538508966308,-12.569719902100097,1.5442654384361276,9.660745388795688,0.5526637757158596,352,0.005927524558694009
clock_NY_quote,conditional_neural,2025-09,374,22,4.751541733204002,6.111383931898599,1.146098121490774,-6.566314823440259,1.0683583598220991,9.189239340244182,0.08834154151101024,352,0.005185707473862031
clock_NY_quote,pca_selected,2025-09,374,22,4.350390732760662,5.760281423318187,1.1164345506270827,-5.8273803083694435,1.016475428311164,8.236548304344787,0.1942860672849735,352,0.0015831781499301826
clock_NY_quote,ae_selected,2025-09,374,22,4.940842426525093,6.495074924549696,1.064180757840196,-7.003745821326647,1.0500622330483578,9.320062561626397,0.15806967652350126,352,0.005545050385981012
clock_NY_quote,ae_reconstruction_selected,2025-09,374,22,4.940842426525093,6.495074924549696,1.064180757840196,-7.003745821326647,1.0500622330483578,9.320062561626397,0.15806967652350126,352,0.005545050385981012
clock_NY_quote,sequential_ols,2025-10,391,23,7.540430068730532,9.333759952710194,6.230375343641027,-1.9442939531937211,5.818577962332753,15.192000485713606,0.35598688579117477,368,
clock_NY_quote,pca_1,2025-10,391,23,7.709894807088752,9.513528155016292,6.456243804534149,-1.96902981859418,6.034908233858516,15.426467792417156,0.36863802098367116,368,0.006480254845264361
clock_NY_quote,pca_2,2025-10,391,23,7.347443541773194,8.867716710206903,6.565443966691457,-1.4762950474154195,6.626246324966928,14.493627378322683,0.40588241914449436,368,0.001568628492698103
clock_NY_quote,conditional_linear,2025-10,391,23,13.909240249197754,18.24178847167556,12.503043232115173,-2.08478413831412,10.64344685894912,30.12817023453124,0.2832882540294999,368,0.006480254845264361
clock_NY_quote,ae_relu_1,2025-10,391,23,94.06332647800517,133.64553840716965,93.17036428350444,-0.773799943642075,71.88830134639852,227.30768930855504,0.9877293617916268,368,1.420772841322398
clock_NY_quote,ae_relu_2,2025-10,391,23,111.80060863609928,160.68346287204037,110.91313472747294,-0.8662842656340786,83.9888398985293,276.229285249542,0.9881403407406095,368,2.44054810645511
clock_NY_quote,ae_tanh_1,2025-10,391,23,99.88684363201588,146.41434886507042,89.64964981310175,-26.642900150567183,38.37829431890015,258.168053282074,0.9852614765476118,368,2.9183865447927757
clock_NY_quote,ae_tanh_2,2025-10,391,23,101.974856279961,150.1497675133845,94.15928427572044,-20.09232787923287,45.24460952671001,263.8794833476834,0.9855446145102584,368,2.9596332512265904
clock_NY_quote,conditional_neural,2025-10,391,23,7.9468932244134445,12.07427672043119,6.079287488785573,-3.760713735942204,4.412387041644251,15.830668755893669,0.04924707047828096,368,0.006480254845264361
clock_NY_quote,pca_selected,2025-10,391,23,7.347443541773194,8.867716710206903,6.565443966691457,-1.4762950474154195,6.626246324966928,14.493627378322683,0.40588241914449436,368,0.001568628492698103
clock_NY_quote,ae_selected,2025-10,391,23,94.06332647800517,133.64553840716965,93.17036428350444,-0.773799943642075,71.88830134639852,227.30768930855504,0.9877293617916268,368,1.420772841322398
clock_NY_quote,ae_reconstruction_selected,2025-10,391,23,94.06332647800517,133.64553840716965,93.17036428350444,-0.773799943642075,71.88830134639852,227.30768930855504,0.9877293617916268,368,1.420772841322398
clock_NY_quote,sequential_ols,2025-11,320,20,6.735783219121212,9.674787710319258,-0.736992721122817,-11.484269273767104,0.817840009879518,8.841921059138482,0.45364805582803486,300,
clock_NY_quote,pca_1,2025-11,320,20,6.716390197588732,9.63948693764556,-0.6639098160251906,-11.440501028929894,0.8956241306229771,8.807226377538676,0.45578778470330994,300,0.00311224936514162
clock_NY_quote,pca_2,2025-11,320,20,5.44410034117614,8.70767264750156,-1.382339455482644,-9.03808797789804,-0.11008864447290985,6.283162354067693,0.6130178216794185,300,0.0008762371052493474
clock_NY_quote,conditional_linear,2025-11,320,20,6.687456503349165,9.545109548421111,-0.7735437511402152,-10.960005753542015,0.2462068964536854,9.275512849054975,0.43014522587661347,300,0.00311224936514162
clock_NY_quote,ae_relu_1,2025-11,320,20,6.71748411609843,9.642715055121663,-0.6717739409589948,-11.424713118634733,0.8852200040898026,8.822763316127014,0.45581074106080305,300,0.0031861068308227645
clock_NY_quote,ae_relu_2,2025-11,320,20,6.834658897294271,9.768980898287436,-0.6122054084481621,-11.515177447071995,0.8910575139007761,8.973478615346497,0.4518094263773368,300,0.003115051976088109
clock_NY_quote,ae_tanh_1,2025-11,320,20,9.445259673772867,11.888521979752925,4.8250475080041655,-7.572086723646443,5.982999032944079,16.959615679092277,0.6148808031455023,300,0.0031236053675034597
clock_NY_quote,ae_tanh_2,2025-11,320,20,10.779710856304277,13.248716592069787,6.69156008796146,-6.797978874596063,7.445390189019861,19.777921408220646,0.6547220505031203,300,0.0031128020113077317
clock_NY_quote,conditional_neural,2025-11,320,20,6.660298006614977,9.29391595163119,-0.4044108265934591,-10.545571542680058,1.1476009926926736,9.364618992813112,0.3724235200857019,300,0.00311224936514162
clock_NY_quote,pca_selected,2025-11,320,20,5.44410034117614,8.70767264750156,-1.382339455482644,-9.03808797789804,-0.11008864447290985,6.283162354067693,0.6130178216794185,300,0.0008762371052493474
clock_NY_quote,ae_selected,2025-11,320,20,6.71748411609843,9.642715055121663,-0.6717739409589948,-11.424713118634733,0.8852200040898026,8.822763316127014,0.45581074106080305,300,0.0031861068308227645
clock_NY_quote,ae_reconstruction_selected,2025-11,320,20,6.71748411609843,9.642715055121663,-0.6717739409589948,-11.424713118634733,0.8852200040898026,8.822763316127014,0.45581074106080305,300,0.0031861068308227645
clock_NY_quote,sequential_ols,2025-12,365,23,8.899583243795966,12.644750270250691,-2.713606752037308,-14.486537280750603,-1.2903461941580048,10.495403458693666,0.6137464809406675,337,
clock_NY_quote,pca_1,2025-12,365,23,8.855258907695726,12.582046835900545,-2.7016202357824186,-14.441632009020424,-1.3523838313507284,10.440786005584263,0.61398381476306,337,0.0070545998265636066
clock_NY_quote,pca_2,2025-12,365,23,6.129632416953908,8.349428834579696,-1.4709955858913237,-10.121150729502812,-0.9407758224816264,7.9531535041100865,0.5706622388613762,337,0.0016692444746647783
clock_NY_quote,conditional_linear,2025-12,365,23,8.688855035074658,12.04583812360274,-2.7837587382142743,-14.659204144340984,-1.7758492660359906,10.00379038405948,0.5856289375318608,337,0.0070545998265636066
clock_NY_quote,ae_relu_1,2025-12,365,23,8.855868832552618,12.582936059004382,-2.7019652636513847,-14.442238622117737,-1.3528252580411149,10.440845726198067,0.6139885763560251,337,0.007059591754045551
clock_NY_quote,ae_relu_2,2025-12,365,23,8.117511405832138,11.476139305562288,-3.217295575715759,-13.680567572975622,-2.373931756995333,8.535582031748017,0.6284351975148257,337,0.004860193695784889
clock_NY_quote,ae_tanh_1,2025-12,365,23,8.685548741160328,11.752447631692466,-4.510627879383617,-15.690990585961732,-3.990242980380401,8.146980514100811,0.5302006798116307,337,0.007057160972235364
clock_NY_quote,ae_tanh_2,2025-12,365,23,8.848258889042436,11.85513068172725,-5.187041808799632,-16.47536172343886,-4.867965029396572,7.377797518614104,0.5203742685016426,337,0.007058253570922819
clock_NY_quote,conditional_neural,2025-12,365,23,7.009387125813633,8.549832766113967,-0.8075523998065539,-11.501036350306954,-1.076979595410393,10.231476973723295,0.27474545388066274,337,0.0070545998265636066
clock_NY_quote,pca_selected,2025-12,365,23,6.129632416953908,8.349428834579696,-1.4709955858913237,-10.121150729502812,-0.9407758224816264,7.9531535041100865,0.5706622388613762,337,0.0016692444746647783
clock_NY_quote,ae_selected,2025-12,365,23,8.855868832552618,12.582936059004382,-2.7019652636513847,-14.442238622117737,-1.3528252580411149,10.440845726198067,0.6139885763560251,337,0.007059591754045551
clock_NY_quote,ae_reconstruction_selected,2025-12,365,23,8.855868832552618,12.582936059004382,-2.7019652636513847,-14.442238622117737,-1.3528252580411149,10.440845726198067,0.6139885763560251,337,0.007059591754045551
clock_NY_quote,sequential_ols,2026-01,346,21,6.894897445666467,8.463702484417654,-2.871190420444854,-12.674180467964952,-3.487554357475517,7.997705645498435,0.19303060183081447,315,
clock_NY_quote,pca_1,2026-01,346,21,6.855166237777911,8.413407157220025,-2.8924148764879085,-12.648942560677114,-3.4993108239056188,7.835407402545876,0.19387234623916583,315,0.003962073990336417
clock_NY_quote,pca_2,2026-01,346,21,5.420800438745699,6.616461769517227,-2.5062411330656094,-10.873581210008567,-2.7423001507168436,5.966690055143811,0.22021057543300646,315,0.0005206999914097641
clock_NY_quote,conditional_linear,2026-01,346,21,6.9539570637112,8.49695910326528,-3.2336372629654018,-13.398273197973069,-3.8093513228349565,7.9138024175466875,0.1656396967248457,315,0.003962073990336417
clock_NY_quote,ae_relu_1,2026-01,346,21,6.8521270115542094,8.410149651708597,-2.885143444337629,-12.642802786214883,-3.485833484195318,7.839914618670747,0.19392737240521837,315,0.0039737076875557675
clock_NY_quote,ae_relu_2,2026-01,346,21,5.861084493195596,7.1669480536913515,-2.876477865212574,-11.037727240987518,-3.2124521666368393,6.612001769430261,0.3182438354214128,315,0.0020995144287850108
clock_NY_quote,ae_tanh_1,2026-01,346,21,8.16021423670934,9.769466071217494,-6.153505385290696,-15.515646722815948,-6.464288241893453,4.406823879611298,0.17270841548968746,315,0.003964322213644165
clock_NY_quote,ae_tanh_2,2026-01,346,21,8.931137647964242,10.600666113319189,-7.248935174427085,-16.978582069035216,-7.562646653470608,3.3276068750405017,0.17971495243079458,315,0.003962475873884442
clock_NY_quote,conditional_neural,2026-01,346,21,6.737710661313709,8.301904408618704,-2.2765456032782234,-12.68536197249122,-2.8074882313366167,8.740805814058643,0.18448612154842647,315,0.003962073990336417
clock_NY_quote,pca_selected,2026-01,346,21,5.420800438745699,6.616461769517227,-2.5062411330656094,-10.873581210008567,-2.7423001507168436,5.966690055143811,0.22021057543300646,315,0.0005206999914097641
clock_NY_quote,ae_selected,2026-01,346,21,6.8521270115542094,8.410149651708597,-2.885143444337629,-12.642802786214883,-3.485833484195318,7.839914618670747,0.19392737240521837,315,0.0039737076875557675
clock_NY_quote,ae_reconstruction_selected,2026-01,346,21,6.8521270115542094,8.410149651708597,-2.885143444337629,-12.642802786214883,-3.485833484195318,7.839914618670747,0.19392737240521837,315,0.0039737076875557675
clock_NY_quote,sequential_ols,2026-02,324,20,8.4456942193254,10.46525523595337,-0.3112303418081943,-14.677772549408102,-0.6982681538775353,13.335955607414812,0.10374063968522129,300,
clock_NY_quote,pca_1,2026-02,324,20,8.356447269250262,10.358047095898089,-0.3012164579000813,-14.535819732756005,-0.7360949465745747,13.184952011098142,0.10633909719849594,300,0.008930335031978046
clock_NY_quote,pca_2,2026-02,324,20,5.412656630972103,6.739638793490027,-0.8139414037336002,-9.490292284366479,-0.9433231868823526,7.739936054349848,0.30678246791050223,300,0.0007880485474046173
clock_NY_quote,conditional_linear,2026-02,324,20,8.17599736403104,10.179405772095423,0.025687037598516628,-13.731656062133588,-0.41234390828758194,13.187896628979296,0.12429030673350216,300,0.008930335031978046
clock_NY_quote,ae_relu_1,2026-02,324,20,8.366614723959575,10.370452147409436,-0.299567398199437,-14.546883024822488,-0.7281447816528797,13.199182293696246,0.10613822580971137,300,0.008940874970126135
clock_NY_quote,ae_relu_2,2026-02,324,20,7.540001552982546,9.260053577934128,-5.413169151482699,-14.548141083936097,-5.642369607551856,3.635207990171324,0.3484712778837312,300,0.0018267827314579074
clock_NY_quote,ae_tanh_1,2026-02,324,20,8.614483774454234,10.637511365148704,1.834698842856027,-12.177225453116352,1.747688853588457,15.63029061240339,0.16467583911753272,300,0.008938606485538098
clock_NY_quote,ae_tanh_2,2026-02,324,20,9.751584764953451,11.937901227481857,4.451689794171983,-9.957410183050321,5.06360589394545,18.663764380997495,0.31131773646132327,300,0.009055586768335755
clock_NY_quote,conditional_neural,2026-02,324,20,8.191736692790826,10.411013465507835,1.0553035137238804,-11.653760190654856,0.4048593493372792,14.630971286823794,0.16026288030624644,300,0.008930335031978046
clock_NY_quote,pca_selected,2026-02,324,20,5.412656630972103,6.739638793490027,-0.8139414037336002,-9.490292284366479,-0.9433231868823526,7.739936054349848,0.30678246791050223,300,0.0007880485474046173
clock_NY_quote,ae_selected,2026-02,324,20,7.540001552982546,9.260053577934128,-5.413169151482699,-14.548141083936097,-5.642369607551856,3.635207990171324,0.3484712778837312,300,0.0018267827314579074
clock_NY_quote,ae_reconstruction_selected,2026-02,324,20,7.540001552982546,9.260053577934128,-5.413169151482699,-14.548141083936097,-5.642369607551856,3.635207990171324,0.3484712778837312,300,0.0018267827314579074
clock_NY_quote,sequential_ols,2026-03,237,14,9.33165490810009,11.497640649039832,-3.5980062235926744,-17.368780759386762,-3.29125966232796,9.948914421044499,0.29249548245282675,219,
clock_NY_quote,pca_1,2026-03,237,14,9.260813652297962,11.405300304729154,-3.638927608176839,-17.25098881577952,-3.178611073225632,9.782939906269954,0.29401218448926425,219,0.008168059747403268
clock_NY_quote,pca_2,2026-03,237,14,6.724220369144873,8.05860178707466,-3.059769364647899,-12.34677752726483,-3.96768517195882,6.260913357210175,0.24707987930374767,219,0.0006731128933022731
clock_NY_quote,conditional_linear,2026-03,237,14,9.673747490625445,12.419593205718627,-5.749245992549102,-20.758843801311748,-4.450625114220898,7.802435563328951,0.26938573116647924,219,0.008168059747403268
clock_NY_quote,ae_relu_1,2026-03,237,14,9.255791086593137,11.3979822197737,-3.5908561329230992,-17.22317673586472,-3.154506631894776,9.827865460331145,0.2942892390571579,219,0.008226983128476452
clock_NY_quote,ae_relu_2,2026-03,237,14,8.647267868559515,10.664639688395312,3.4856167115759136,-9.110736538771322,3.042018387818132,16.705024885799393,0.3790483875691427,219,0.001617497586943415
clock_NY_quote,ae_tanh_1,2026-03,237,14,11.899573381075353,14.356996548724604,-4.614129025265999,-21.16495553505241,-6.325485052489142,14.469850347764211,0.507384967260058,219,0.008186861655033226
clock_NY_quote,ae_tanh_2,2026-03,237,14,12.765897404963331,15.66291753787511,-2.514764601634337,-21.04133066810799,-4.299825563120692,18.575566975893658,0.566703358135224,219,0.0081779370687352
clock_NY_quote,conditional_neural,2026-03,237,14,10.925583836512953,14.980674760448823,-7.671156556837406,-24.175426830409396,-5.633599426068543,6.022589997861642,0.26186510598678886,219,0.008168059747403268
clock_NY_quote,pca_selected,2026-03,237,14,6.724220369144873,8.05860178707466,-3.059769364647899,-12.34677752726483,-3.96768517195882,6.260913357210175,0.24707987930374767,219,0.0006731128933022731
clock_NY_quote,ae_selected,2026-03,237,14,8.647267868559515,10.664639688395312,3.4856167115759136,-9.110736538771322,3.042018387818132,16.705024885799393,0.3790483875691427,219,0.001617497586943415
clock_NY_quote,ae_reconstruction_selected,2026-03,237,14,8.647267868559515,10.664639688395312,3.4856167115759136,-9.110736538771322,3.042018387818132,16.705024885799393,0.3790483875691427,219,0.001617497586943415
clock_FXUTC_USNY_quote,sequential_ols,2025-08,357,26,6.481208687700816,7.962126706726117,1.2538276136052526,-9.427002927163088,1.5497504845614145,11.105290918536015,0.40295058897358155,335,
clock_FXUTC_USNY_quote,pca_1,2025-08,357,26,6.483435357990155,7.970814195334067,1.2829900180190328,-9.388928140038182,1.663244859555448,11.068762705034416,0.4047614324076162,335,0.004214475400745947
clock_FXUTC_USNY_quote,pca_2,2025-08,357,26,5.661821973648705,7.105257453772433,0.4710896698690876,-8.993574933555754,0.2610132923225308,9.772694197648386,0.2588826570253608,335,0.0030988371495909873
clock_FXUTC_USNY_quote,conditional_linear,2025-08,357,26,6.5416203345958674,8.258086334829503,1.8037754826199224,-8.512690613993176,2.290379421928577,11.748368806893675,0.36827123173124837,335,0.004214475400745947
clock_FXUTC_USNY_quote,ae_relu_1,2025-08,357,26,6.48337489771808,7.970731914140791,1.2829301901510288,-9.388758297542465,1.6634196077792467,11.068628971355382,0.4047555650568861,335,0.004487167558589599
clock_FXUTC_USNY_quote,ae_relu_2,2025-08,357,26,6.479750008178206,7.96381717811975,1.2678077128967478,-9.402461821387389,1.6151918623421295,11.056690385289265,0.4037534346324349,335,0.004487833073626914
clock_FXUTC_USNY_quote,ae_tanh_1,2025-08,357,26,7.299647478246833,9.014572952396232,3.213303295663271,-7.410015925896524,3.471233131360094,13.37990346184345,0.4767167648370918,335,0.004220421406512822
clock_FXUTC_USNY_quote,ae_tanh_2,2025-08,357,26,7.243854491259595,8.984994027684234,2.8384401829451664,-7.99307258824453,3.024316479308901,13.178039043713124,0.4867194007205945,335,0.00422021079234939
clock_FXUTC_USNY_quote,conditional_neural,2025-08,357,26,6.37009630089459,7.796448733129334,1.065926994465558,-9.388647136106808,1.4262626137908754,10.34321324104835,0.36446846827155066,335,0.004214475400745947
clock_FXUTC_USNY_quote,pca_selected,2025-08,357,26,6.483435357990155,7.970814195334067,1.2829900180190328,-9.388928140038182,1.663244859555448,11.068762705034416,0.4047614324076162,335,0.004214475400745947
clock_FXUTC_USNY_quote,ae_selected,2025-08,357,26,6.48337489771808,7.970731914140791,1.2829301901510288,-9.388758297542465,1.6634196077792467,11.068628971355382,0.4047555650568861,335,0.004487167558589599
clock_FXUTC_USNY_quote,ae_reconstruction_selected,2025-08,357,26,6.48337489771808,7.970731914140791,1.2829301901510288,-9.388758297542465,1.6634196077792467,11.068628971355382,0.4047555650568861,335,0.004487167558589599
clock_FXUTC_USNY_quote,sequential_ols,2025-09,374,26,4.59184582864995,6.049245782052415,0.5688215404687968,-6.9217682063523185,0.5229430417710184,8.43696798095316,0.1327375582553512,351,
clock_FXUTC_USNY_quote,pca_1,2025-09,374,26,4.58891050498662,6.046239004428026,0.621427828333509,-6.9353069858481895,0.5544012158038818,8.560030038661044,0.13640277297685735,351,0.004871937117828567
clock_FXUTC_USNY_quote,pca_2,2025-09,374,26,4.200511782372862,5.5152278065139795,0.6550890951615082,-5.928007137509492,0.8097303999981631,7.717150810778132,0.17614111179826336,351,0.0015605063761250561
clock_FXUTC_USNY_quote,conditional_linear,2025-09,374,26,5.549365446818347,7.159909335635589,2.3873673659024623,-6.047805291623185,1.8618751817692674,10.834422690693053,0.24091303236118947,351,0.004871937117828567
clock_FXUTC_USNY_quote,ae_relu_1,2025-09,374,26,4.588601834064489,6.045861720970092,0.621306099302159,-6.935172958745524,0.5539297055134362,8.559542043461338,0.13639789468257074,351,0.005163368172449954
clock_FXUTC_USNY_quote,ae_relu_2,2025-09,374,26,4.583075773577695,6.03897331003672,0.5954388009985593,-6.925807213489907,0.538186778614623,8.491843261438866,0.13460326288784955,351,0.005165957818936504
clock_FXUTC_USNY_quote,ae_tanh_1,2025-09,374,26,6.997594387561496,9.709472069190483,0.6726634993396648,-9.598791050466918,2.532906778408318,10.870388430463393,0.6147684166399632,351,0.004981012807294779
clock_FXUTC_USNY_quote,ae_tanh_2,2025-09,374,26,6.176427154915212,8.710980571275732,0.10971113420733747,-8.618694765503024,1.1125414606590063,9.479897914566497,0.5477250064574956,351,0.004934745906989921
clock_FXUTC_USNY_quote,conditional_neural,2025-09,374,26,4.548925745422398,5.814178590840929,0.5167428946283398,-6.497081691940762,0.5317714293609122,8.450339731161929,0.0854845430178763,351,0.004871937117828567
clock_FXUTC_USNY_quote,pca_selected,2025-09,374,26,4.200511782372862,5.5152278065139795,0.6550890951615082,-5.928007137509492,0.8097303999981631,7.717150810778132,0.17614111179826336,351,0.0015605063761250561
clock_FXUTC_USNY_quote,ae_selected,2025-09,374,26,4.588601834064489,6.045861720970092,0.621306099302159,-6.935172958745524,0.5539297055134362,8.559542043461338,0.13639789468257074,351,0.005163368172449954
clock_FXUTC_USNY_quote,ae_reconstruction_selected,2025-09,374,26,4.588601834064489,6.045861720970092,0.621306099302159,-6.935172958745524,0.5539297055134362,8.559542043461338,0.13639789468257074,351,0.005163368172449954
clock_FXUTC_USNY_quote,sequential_ols,2025-10,387,27,7.387938786149182,9.265531157944885,6.287257645921572,-1.9009573402889486,5.758998725480865,14.830295177105008,0.3753106456133028,364,
clock_FXUTC_USNY_quote,pca_1,2025-10,387,27,7.562467868184959,9.445462660566006,6.511575594605983,-1.5999824109597285,6.00479699157205,15.162208489994281,0.38694234222322277,364,0.006487756889003041
clock_FXUTC_USNY_quote,pca_2,2025-10,387,27,7.291320955134107,8.785869864730337,6.481557062310916,-1.4812682037557747,6.4560624114343526,14.237811855871273,0.39334841989082825,364,0.0016391037751902272
clock_FXUTC_USNY_quote,conditional_linear,2025-10,387,27,14.346835145272669,18.768866641196166,13.11125452935093,-1.4456951621642162,11.159407609087594,31.089623564977252,0.34472500186984883,364,0.006487756889003041
clock_FXUTC_USNY_quote,ae_relu_1,2025-10,387,27,87.04685158999781,125.29254745507065,86.2529556447151,-0.6827680041257504,62.57028883573497,229.54493914170203,0.9881913322392802,364,1.4222283251678602
clock_FXUTC_USNY_quote,ae_relu_2,2025-10,387,27,103.81952376035035,153.34579877137605,103.01670379408984,-0.775840368934848,66.35633812181209,284.71546630029053,0.9879827378319436,364,2.0693701901518056
clock_FXUTC_USNY_quote,ae_tanh_1,2025-10,387,27,103.53184574948502,152.6669849815144,95.06222948861762,-23.95415300917732,46.10836958742448,288.35378753530284,0.9867796992167414,364,2.8660100937439643
clock_FXUTC_USNY_quote,ae_tanh_2,2025-10,387,27,98.7546096679363,148.44404216538865,92.59232324506422,-17.242531690925446,42.93441955400408,281.5204543942351,0.9863992803989681,364,2.7554926493725147
clock_FXUTC_USNY_quote,conditional_neural,2025-10,387,27,8.146083571300862,12.669400948623062,6.589838525606963,-3.3419624914828656,4.734104164071937,15.476248737009481,0.08166349787428151,364,0.006487756889003041
clock_FXUTC_USNY_quote,pca_selected,2025-10,387,27,7.291320955134107,8.785869864730337,6.481557062310916,-1.4812682037557747,6.4560624114343526,14.237811855871273,0.39334841989082825,364,0.0016391037751902272
clock_FXUTC_USNY_quote,ae_selected,2025-10,387,27,87.04685158999781,125.29254745507065,86.2529556447151,-0.6827680041257504,62.57028883573497,229.54493914170203,0.9881913322392802,364,1.4222283251678602
clock_FXUTC_USNY_quote,ae_reconstruction_selected,2025-10,387,27,87.04685158999781,125.29254745507065,86.2529556447151,-0.6827680041257504,62.57028883573497,229.54493914170203,0.9881913322392802,364,1.4222283251678602
clock_FXUTC_USNY_quote,sequential_ols,2025-11,324,25,6.532414705425576,8.839293374185337,-0.8845861886757177,-11.355088942501368,0.2904516265300998,8.96189729302372,0.38318567663457126,303,
clock_FXUTC_USNY_quote,pca_1,2025-11,324,25,6.509897461083488,8.8071505519451,-0.8063270255052333,-11.241489893552878,0.43613124090688865,9.014891060332179,0.3859557086181284,303,0.0029522613661559826
clock_FXUTC_USNY_quote,pca_2,2025-11,324,25,5.150045272439101,7.89680543249937,-1.3400700322366292,-8.527282414478236,-0.35625268028606166,6.176426948681739,0.591372705910364,303,0.0007777045736802432
clock_FXUTC_USNY_quote,conditional_linear,2025-11,324,25,6.453641475515731,8.729606199104762,-0.956612412882654,-11.103340882316195,-0.638466307191834,9.108131743094477,0.37198130519800054,303,0.0029522613661559826
clock_FXUTC_USNY_quote,ae_relu_1,2025-11,324,25,6.508601232985878,8.809897742493952,-0.8253181267466067,-11.278199089050464,0.3977079198305802,8.976332546049616,0.3860315733473963,303,0.0030302523688013347
clock_FXUTC_USNY_quote,ae_relu_2,2025-11,324,25,6.363088395875665,8.696001443463363,-1.021610676611281,-11.443182925007417,0.2746241352243146,8.429321337880983,0.4003808346603551,303,0.0029461918292905055
clock_FXUTC_USNY_quote,ae_tanh_1,2025-11,324,25,9.314912247067452,11.398947548807557,4.490715866596175,-8.495777047803529,5.3703733151032935,16.698539237455936,0.62204422762944,303,0.002956033636563525
clock_FXUTC_USNY_quote,ae_tanh_2,2025-11,324,25,11.044204172848898,13.316207627390854,6.947043862002396,-7.0327035164578255,7.620685806285806,20.697366607877004,0.6808671879317593,303,0.0029546523022020614
clock_FXUTC_USNY_quote,conditional_neural,2025-11,324,25,6.600794313413371,8.898802346030147,-0.6608662164930356,-11.151779155886798,0.5346944878641011,9.12165937866836,0.32587649590452555,303,0.0029522613661559826
clock_FXUTC_USNY_quote,pca_selected,2025-11,324,25,5.150045272439101,7.89680543249937,-1.3400700322366292,-8.527282414478236,-0.35625268028606166,6.176426948681739,0.591372705910364,303,0.0007777045736802432
clock_FXUTC_USNY_quote,ae_selected,2025-11,324,25,6.508601232985878,8.809897742493952,-0.8253181267466067,-11.278199089050464,0.3977079198305802,8.976332546049616,0.3860315733473963,303,0.0030302523688013347
clock_FXUTC_USNY_quote,ae_reconstruction_selected,2025-11,324,25,6.508601232985878,8.809897742493952,-0.8253181267466067,-11.278199089050464,0.3977079198305802,8.976332546049616,0.3860315733473963,303,0.0030302523688013347
clock_FXUTC_USNY_quote,sequential_ols,2025-12,361,27,9.256317330447589,13.88302463838236,-3.4065699024567584,-14.73326761455482,-2.147839812737516,10.12078053969148,0.681909364973334,333,
clock_FXUTC_USNY_quote,pca_1,2025-12,361,27,9.212137301493357,13.816637885846832,-3.3884496318634945,-14.595106855719251,-2.123874974040092,10.139829227908862,0.6820083083496082,333,0.008155596680294988
clock_FXUTC_USNY_quote,pca_2,2025-12,361,27,6.305029028409557,8.876689238854157,-1.6701409221779429,-10.34702021359039,-0.9481598152721062,7.591097821412745,0.5903445929794987,333,0.0023811485471917863
clock_FXUTC_USNY_quote,conditional_linear,2025-12,361,27,9.031442317679511,13.200437968858049,-3.4872544566728627,-14.841067785427724,-2.4806831774518088,9.979754440075736,0.6578870291069501,333,0.008155596680294988
clock_FXUTC_USNY_quote,ae_relu_1,2025-12,361,27,9.213210499004797,13.819153958538399,-3.3877764416742706,-14.59671893024418,-2.123763716410678,10.136525545182636,0.6820722453595046,333,0.008161728925396784
clock_FXUTC_USNY_quote,ae_relu_2,2025-12,361,27,8.573178097031526,12.704222549192808,-3.94431336085442,-14.200789998864934,-3.0470131620999865,8.275293052148285,0.6883557466183993,333,0.005215961274611154
clock_FXUTC_USNY_quote,ae_tanh_1,2025-12,361,27,9.468169206621388,13.383939200887742,-5.818063846574035,-17.130012835551213,-5.154113478825593,7.868526963505559,0.6359850449663694,333,0.00815361365405146
clock_FXUTC_USNY_quote,ae_tanh_2,2025-12,361,27,9.357095144948806,12.947202320746028,-5.619753335360967,-17.13385781624612,-4.974136824146541,7.954267796042984,0.6188252575313792,333,0.008171656466851581
clock_FXUTC_USNY_quote,conditional_neural,2025-12,361,27,7.172174854713162,8.679806146878645,-1.1309524370865847,-11.945651605095549,-1.6064407342793174,10.810899369765592,0.31583487342757866,333,0.008155596680294988
clock_FXUTC_USNY_quote,pca_selected,2025-12,361,27,6.305029028409557,8.876689238854157,-1.6701409221779429,-10.34702021359039,-0.9481598152721062,7.591097821412745,0.5903445929794987,333,0.0023811485471917863
clock_FXUTC_USNY_quote,ae_selected,2025-12,361,27,9.213210499004797,13.819153958538399,-3.3877764416742706,-14.59671893024418,-2.123763716410678,10.136525545182636,0.6820722453595046,333,0.008161728925396784
clock_FXUTC_USNY_quote,ae_reconstruction_selected,2025-12,361,27,9.213210499004797,13.819153958538399,-3.3877764416742706,-14.59671893024418,-2.123763716410678,10.136525545182636,0.6820722453595046,333,0.008161728925396784
clock_FXUTC_USNY_quote,sequential_ols,2026-01,346,26,6.884127092187907,8.468523330622547,-1.9677247486440592,-12.901420041748363,-2.3485592676436866,9.377881117734287,0.19829621371495926,315,
clock_FXUTC_USNY_quote,pca_1,2026-01,346,26,6.841807321064607,8.413885045403013,-1.9954369568862211,-12.871361310043605,-2.428659814242023,9.234470792151814,0.1996540859127727,315,0.003945193157756076
clock_FXUTC_USNY_quote,pca_2,2026-01,346,26,5.216515964804525,6.4670455540126435,-2.049491659340374,-10.215165203840414,-1.8381780412291349,6.697294651068972,0.2679423251677523,315,0.0005991130100802477
clock_FXUTC_USNY_quote,conditional_linear,2026-01,346,26,6.89580653075432,8.47515637459214,-2.3962234312679014,-13.102543775333617,-2.8050322026640764,8.429660164054752,0.18223922074529447,315,0.003945193157756076
clock_FXUTC_USNY_quote,ae_relu_1,2026-01,346,26,6.838651260134027,8.410901123184935,-1.9740161175247297,-12.856803724300233,-2.4167534672665987,9.26054834065361,0.19982370278320982,315,0.003958892446353361
clock_FXUTC_USNY_quote,ae_relu_2,2026-01,346,26,6.045139754385485,7.466460229076705,-2.9306191852757624,-12.685481024634079,-2.782166323901915,6.5026002636965226,0.41232642699004735,315,0.0010138691021112443
clock_FXUTC_USNY_quote,ae_tanh_1,2026-01,346,26,8.42832643642088,10.208415322340523,-6.027435012041909,-16.604233266772948,-6.593661920103308,5.406533120582074,0.2385246462333201,315,0.00395111355026285
clock_FXUTC_USNY_quote,ae_tanh_2,2026-01,346,26,8.849268936702552,10.67494580585963,-6.711266680054114,-17.307769157349405,-7.442466186287679,4.627798866422337,0.2585214957911969,315,0.003945536567809042
clock_FXUTC_USNY_quote,conditional_neural,2026-01,346,26,6.810505599626642,8.36517833176128,-1.467576515590854,-12.245389366310366,-2.0376752834820246,9.51896504863473,0.19624747326903894,315,0.003945193157756076
clock_FXUTC_USNY_quote,pca_selected,2026-01,346,26,5.216515964804525,6.4670455540126435,-2.049491659340374,-10.215165203840414,-1.8381780412291349,6.697294651068972,0.2679423251677523,315,0.0005991130100802477
clock_FXUTC_USNY_quote,ae_selected,2026-01,346,26,6.838651260134027,8.410901123184935,-1.9740161175247297,-12.856803724300233,-2.4167534672665987,9.26054834065361,0.19982370278320982,315,0.003958892446353361
clock_FXUTC_USNY_quote,ae_reconstruction_selected,2026-01,346,26,6.838651260134027,8.410901123184935,-1.9740161175247297,-12.856803724300233,-2.4167534672665987,9.26054834065361,0.19982370278320982,315,0.003958892446353361
clock_FXUTC_USNY_quote,sequential_ols,2026-02,324,24,8.057903973552618,9.953379547203125,-0.18462306227529848,-13.63680992051372,-0.5395077062483722,12.778178051100724,0.13786748757466596,300,
clock_FXUTC_USNY_quote,pca_1,2026-02,324,24,7.979050602253976,9.856063256300521,-0.17268478202564772,-13.443683895366446,-0.6371094006869669,12.688771892406402,0.14096207944336617,300,0.008172069434383223
clock_FXUTC_USNY_quote,pca_2,2026-02,324,24,5.7256503052573215,6.99390814311635,-0.5721955641139085,-9.760310063250706,-0.8777756035543121,8.5409865562565,0.32642760565192774,300,0.0008946582004011691
clock_FXUTC_USNY_quote,conditional_linear,2026-02,324,24,7.824393414110393,9.744158650157761,0.1548029935724197,-12.055207752291867,-0.5295549703109259,12.943879525966562,0.15071358294799878,300,0.008172069434383223
clock_FXUTC_USNY_quote,ae_relu_1,2026-02,324,24,7.981352318353762,9.859015692294692,-0.1714714335141287,-13.454647558908308,-0.6410048505442916,12.689471106139933,0.14104484394635078,300,0.008184439075476713
clock_FXUTC_USNY_quote,ae_relu_2,2026-02,324,24,8.064232501308755,9.80728228317731,-5.166572483074713,-15.649928321667426,-5.4457504927626275,6.220001722084458,0.32820109061848474,300,0.0018715839307173983
clock_FXUTC_USNY_quote,ae_tanh_1,2026-02,324,24,8.11616504449912,10.087511298899463,1.827186220926267,-11.200693542615388,2.1476126477018482,14.376851910102483,0.24984381900315247,300,0.008179411943261279
clock_FXUTC_USNY_quote,ae_tanh_2,2026-02,324,24,9.662958339640538,11.869540890062932,4.841349788218874,-10.12246882720358,5.279832957194955,18.69861198270271,0.36413839994816605,300,0.008329824071617972
clock_FXUTC_USNY_quote,conditional_neural,2026-02,324,24,7.967798065531241,10.090580694633926,1.001910719595225,-10.715954706653717,0.2837155879118711,14.921531478646154,0.16560623911973044,300,0.008172069434383223
clock_FXUTC_USNY_quote,pca_selected,2026-02,324,24,5.7256503052573215,6.99390814311635,-0.5721955641139085,-9.760310063250706,-0.8777756035543121,8.5409865562565,0.32642760565192774,300,0.0008946582004011691
clock_FXUTC_USNY_quote,ae_selected,2026-02,324,24,8.064232501308755,9.80728228317731,-5.166572483074713,-15.649928321667426,-5.4457504927626275,6.220001722084458,0.32820109061848474,300,0.0018715839307173983
clock_FXUTC_USNY_quote,ae_reconstruction_selected,2026-02,324,24,8.064232501308755,9.80728228317731,-5.166572483074713,-15.649928321667426,-5.4457504927626275,6.220001722084458,0.32820109061848474,300,0.0018715839307173983
clock_FXUTC_USNY_quote,sequential_ols,2026-03,237,17,8.587619087043732,10.704013496904793,-2.9586973501903056,-15.9622308729562,-2.9706835800070905,10.412620723717538,0.31040182462215066,219,
clock_FXUTC_USNY_quote,pca_1,2026-03,237,17,8.523066198612366,10.621330194774446,-3.001163784773995,-15.948690155193509,-3.0319601110924026,10.250081438210872,0.3118792163610604,219,0.007311969012124386
clock_FXUTC_USNY_quote,pca_2,2026-03,237,17,6.309800007736468,7.644721051242539,-2.310582306833717,-11.340901018442134,-2.6839977677272917,6.735166535849283,0.2585427487886179,219,0.0007165287444113305
clock_FXUTC_USNY_quote,conditional_linear,2026-03,237,17,8.9308437647468,11.596988799310669,-5.057737817517493,-19.217559506063587,-3.808618488354938,8.311767676226488,0.2650727777230925,219,0.007311969012124386
clock_FXUTC_USNY_quote,ae_relu_1,2026-03,237,17,8.513519650041243,10.609435137304029,-2.954442325017849,-15.905524928150436,-2.9985549725537624,10.298808794444325,0.31180134228720313,219,0.007371409930332088
clock_FXUTC_USNY_quote,ae_relu_2,2026-03,237,17,5.968962826053993,7.359913311399225,-0.6376709406714691,-10.29216684248958,-0.7927689293451579,8.733984340830327,0.27769270455968753,219,0.0014946427787873404
clock_FXUTC_USNY_quote,ae_tanh_1,2026-03,237,17,11.136921973246316,13.351573532697788,-3.7211448557391087,-18.850212512465113,-5.3934741962244175,13.712681101473674,0.4665864340225454,219,0.007346936081559939
clock_FXUTC_USNY_quote,ae_tanh_2,2026-03,237,17,11.914180398943248,14.787161078235899,-0.8091170208136969,-17.770592135912423,-2.817949239869762,21.554838272295388,0.5632065249731605,219,0.007323684983341349
clock_FXUTC_USNY_quote,conditional_neural,2026-03,237,17,9.44609432848565,12.876718111281876,-5.950569178773643,-19.53533326187894,-4.856714422220776,6.171007019208123,0.2591761607251216,219,0.007311969012124386
clock_FXUTC_USNY_quote,pca_selected,2026-03,237,17,6.309800007736468,7.644721051242539,-2.310582306833717,-11.340901018442134,-2.6839977677272917,6.735166535849283,0.2585427487886179,219,0.0007165287444113305
clock_FXUTC_USNY_quote,ae_selected,2026-03,237,17,5.968962826053993,7.359913311399225,-0.6376709406714691,-10.29216684248958,-0.7927689293451579,8.733984340830327,0.27769270455968753,219,0.0014946427787873404
clock_FXUTC_USNY_quote,ae_reconstruction_selected,2026-03,237,17,5.968962826053993,7.359913311399225,-0.6376709406714691,-10.29216684248958,-0.7927689293451579,8.733984340830327,0.27769270455968753,219,0.0014946427787873404
clock_FXKST_USNY_quote,sequential_ols,2025-08,357,26,6.330557523872974,7.651778232867497,0.7282706116995988,-9.745815929353352,0.8674332388727208,10.524150858323795,0.3398787430832556,335,
clock_FXKST_USNY_quote,pca_1,2025-08,357,26,6.321414011126622,7.649115831939914,0.7637373879596672,-9.658776005059234,0.8501259203893596,10.511827769024725,0.3405511688915254,335,0.00396772335743832
clock_FXKST_USNY_quote,pca_2,2025-08,357,26,5.407928880571856,6.525819743252997,0.9844991881016614,-8.269088168654683,1.5394623145347666,9.20120939170182,0.3919624992790122,335,0.0012331676642349083
clock_FXKST_USNY_quote,conditional_linear,2025-08,357,26,6.442639074920699,7.771339623769187,0.654558905785803,-9.754403039714528,0.8765608512833083,10.542991659332815,0.3464742540609576,335,0.00396772335743832
clock_FXKST_USNY_quote,ae_relu_1,2025-08,357,26,6.321271089284115,7.64895600276625,0.7637417166932057,-9.658586550772679,0.8499209597798938,10.511243447142009,0.34055880686450174,335,0.0042088617957236
clock_FXKST_USNY_quote,ae_relu_2,2025-08,357,26,6.32409271351326,7.648837777058999,0.7463615152940289,-9.727180098089494,0.8768998329572568,10.512551300783267,0.34020394992524794,335,0.004208965074733802
clock_FXKST_USNY_quote,ae_tanh_1,2025-08,357,26,6.566960095413205,8.062402120708086,1.193066188605788,-9.851467253845742,1.7097171430834095,10.491085582857888,0.4064651641646318,335,0.003975467049952411
clock_FXKST_USNY_quote,ae_tanh_2,2025-08,357,26,6.779410483754395,8.33943116346947,1.3536836963950227,-9.951724248876491,1.7793163421993403,11.183410147813046,0.4368820620099959,335,0.003973359933862291
clock_FXKST_USNY_quote,conditional_neural,2025-08,357,26,6.442638478834933,7.771338774742967,0.6545585928084922,-9.75440322611217,0.8765585448351345,10.542991066191565,0.346474213647885,335,0.00396772335743832
clock_FXKST_USNY_quote,pca_selected,2025-08,357,26,6.321414011126622,7.649115831939914,0.7637373879596672,-9.658776005059234,0.8501259203893596,10.511827769024725,0.3405511688915254,335,0.00396772335743832
clock_FXKST_USNY_quote,ae_selected,2025-08,357,26,6.32409271351326,7.648837777058999,0.7463615152940289,-9.727180098089494,0.8768998329572568,10.512551300783267,0.34020394992524794,335,0.004208965074733802
clock_FXKST_USNY_quote,ae_reconstruction_selected,2025-08,357,26,6.32409271351326,7.648837777058999,0.7463615152940289,-9.727180098089494,0.8768998329572568,10.512551300783267,0.34020394992524794,335,0.004208965074733802
clock_FXKST_USNY_quote,sequential_ols,2025-09,374,26,4.938131286918396,6.426658504491607,0.3670261357942803,-7.298533589313308,0.4912452011245527,8.375425156763391,0.20381611116697917,351,
clock_FXKST_USNY_quote,pca_1,2025-09,374,26,4.9217041841699976,6.410256142725991,0.4206845525833416,-7.273864970008708,0.4841650526184367,8.25286862036065,0.20409187256570743,351,0.004732039986562687
clock_FXKST_USNY_quote,pca_2,2025-09,374,26,4.063592556665533,5.43845688498137,0.4858973665308842,-5.267837972812789,0.34953699030373997,7.219021904284471,0.22500197372860395,351,0.0017206401888678865
clock_FXKST_USNY_quote,conditional_linear,2025-09,374,26,4.9148449102692835,6.391667808161915,0.42498266152429587,-7.31747080289883,0.5448438572356995,8.256628277252986,0.20089355426563216,351,0.004732039986562687
clock_FXKST_USNY_quote,ae_relu_1,2025-09,374,26,4.918676836802468,6.408049095663842,0.42398117657694867,-7.27396879459332,0.48458867327844496,8.25394180656283,0.20404493740265467,351,0.005025941734066006
clock_FXKST_USNY_quote,ae_relu_2,2025-09,374,26,4.923443017192572,6.411854243932427,0.42208534924407254,-7.270359414066336,0.5021435815521329,8.289305371748219,0.20254263334805978,351,0.0050844781116201904
clock_FXKST_USNY_quote,ae_tanh_1,2025-09,374,26,5.864769576624773,7.527130053307414,0.11441241625011574,-8.580295761409504,0.7775149453459775,9.003711307916912,0.4202881222731597,351,0.005250821742262913
clock_FXKST_USNY_quote,ae_tanh_2,2025-09,374,26,6.4049471854452475,8.306252683983324,0.019867359168040957,-9.246134498336582,1.132504387502621,9.444883350796905,0.5087306894449558,351,0.005142323880820699
clock_FXKST_USNY_quote,conditional_neural,2025-09,374,26,4.914845122581683,6.39166808362204,0.4249805140416811,-7.317470998330967,0.5448430057598621,8.256628079419105,0.2008935993040568,351,0.004732039986562687
clock_FXKST_USNY_quote,pca_selected,2025-09,374,26,4.063592556665533,5.43845688498137,0.4858973665308842,-5.267837972812789,0.34953699030373997,7.219021904284471,0.22500197372860395,351,0.0017206401888678865
clock_FXKST_USNY_quote,ae_selected,2025-09,374,26,4.923443017192572,6.411854243932427,0.42208534924407254,-7.270359414066336,0.5021435815521329,8.289305371748219,0.20254263334805978,351,0.0050844781116201904
clock_FXKST_USNY_quote,ae_reconstruction_selected,2025-09,374,26,4.923443017192572,6.411854243932427,0.42208534924407254,-7.270359414066336,0.5021435815521329,8.289305371748219,0.20254263334805978,351,0.0050844781116201904
clock_FXKST_USNY_quote,sequential_ols,2025-10,378,27,5.985401922834853,7.542738851683653,3.7317136443671126,-5.094734961706467,3.6564792552418623,12.190520380866044,0.26250930232964953,355,
clock_FXKST_USNY_quote,pca_1,2025-10,378,27,6.104590469494007,7.677036525033623,3.96180988304826,-4.80594580233802,3.9138162623179937,12.417119229170904,0.2731043758487271,355,0.005774636651261701
clock_FXKST_USNY_quote,pca_2,2025-10,378,27,5.229123383299362,6.386398932804871,3.6385087410020693,-3.609536930800027,3.87145261043608,10.171160692498807,0.3030943285891016,355,0.0014709420846371992
clock_FXKST_USNY_quote,conditional_linear,2025-10,378,27,6.657486264742996,8.499763108556172,4.839924348062917,-3.736480838924685,4.701996029192912,13.898348984819432,0.31414520581823835,355,0.005774636651261701
clock_FXKST_USNY_quote,ae_relu_1,2025-10,378,27,84.31756354641554,121.76743890594575,83.04966765673373,-2.2492777568311104,58.189274924965844,222.35283065685283,0.9853426206246151,355,1.3715263069624686
clock_FXKST_USNY_quote,ae_relu_2,2025-10,378,27,107.5801325291568,157.22518331814086,106.31458854089705,-2.269749827971809,70.26150645868171,287.11977732636876,0.98613313926075,355,2.324836646397348
clock_FXKST_USNY_quote,ae_tanh_1,2025-10,378,27,120.66194310321728,177.3051078935195,118.35577179862413,-4.51951601589917,73.97266409392913,326.3714788102544,0.985957659497889,355,2.89409542446286
clock_FXKST_USNY_quote,ae_tanh_2,2025-10,378,27,108.85239149404538,162.69580980248887,104.92267102345426,-8.238281848880206,54.357229922582945,303.5814875590272,0.9848227544009054,355,2.7786853486949097
clock_FXKST_USNY_quote,conditional_neural,2025-10,378,27,7.241963186791814,10.181285371775013,5.275661498958466,-3.721375756691573,3.968356504841381,15.900657443341041,0.2271557098830256,355,0.005774636651261701
clock_FXKST_USNY_quote,pca_selected,2025-10,378,27,5.229123383299362,6.386398932804871,3.6385087410020693,-3.609536930800027,3.87145261043608,10.171160692498807,0.3030943285891016,355,0.0014709420846371992
clock_FXKST_USNY_quote,ae_selected,2025-10,378,27,107.5801325291568,157.22518331814086,106.31458854089705,-2.269749827971809,70.26150645868171,287.11977732636876,0.98613313926075,355,2.324836646397348
clock_FXKST_USNY_quote,ae_reconstruction_selected,2025-10,378,27,107.5801325291568,157.22518331814086,106.31458854089705,-2.269749827971809,70.26150645868171,287.11977732636876,0.98613313926075,355,2.324836646397348
clock_FXKST_USNY_quote,sequential_ols,2025-11,333,25,6.448262046636762,8.502112802111144,-1.297499059555556,-10.872529180663173,-0.8711627072150065,8.377609286906553,0.4004422440037529,312,
clock_FXKST_USNY_quote,pca_1,2025-11,333,25,6.429160678060398,8.47330486603039,-1.209647238047149,-10.728004512869484,-0.8005964760625375,8.462899070379232,0.4023177709781984,312,0.002582182112355683
clock_FXKST_USNY_quote,pca_2,2025-11,333,25,4.854828363696867,7.290909844973824,-1.2946917484585587,-8.350838601867974,-0.5569154580231839,6.052811029615965,0.6207124120554103,312,0.0006048193374413344
clock_FXKST_USNY_quote,conditional_linear,2025-11,333,25,6.457748928885,8.51415635173902,-1.2996478748015194,-11.054049225611077,-0.7713196694598707,8.381985840830854,0.4025962012158272,312,0.002582182112355683
clock_FXKST_USNY_quote,ae_relu_1,2025-11,333,25,6.428576090185459,8.472712881187348,-1.209668802195362,-10.726772560889845,-0.8006768170187684,8.462186926632606,0.40237029906905075,312,0.00265936258831766
clock_FXKST_USNY_quote,ae_relu_2,2025-11,333,25,6.431436917667928,8.480450351795604,-1.2535585547078147,-10.781115709664244,-0.8328973235039427,8.406273546210562,0.402052447512484,312,0.002659498315279074
clock_FXKST_USNY_quote,ae_tanh_1,2025-11,333,25,8.687143078615632,11.177887781702664,1.1395495212478446,-10.91494924055329,0.6128599423363141,15.246839992259927,0.7056020617303969,312,0.002589956076101126
clock_FXKST_USNY_quote,ae_tanh_2,2025-11,333,25,11.931764411646428,14.665841240240017,9.086463820176371,-4.964132610821984,9.117771900080896,23.40899757709238,0.7310685973569829,312,0.00258548104930748
clock_FXKST_USNY_quote,conditional_neural,2025-11,333,25,6.457745851537318,8.51414927001196,-1.2996165447056627,-11.053970878122334,-0.7713044530902096,8.3820272655531,0.4025963257756937,312,0.002582182112355683
clock_FXKST_USNY_quote,pca_selected,2025-11,333,25,4.854828363696867,7.290909844973824,-1.2946917484585587,-8.350838601867974,-0.5569154580231839,6.052811029615965,0.6207124120554103,312,0.0006048193374413344
clock_FXKST_USNY_quote,ae_selected,2025-11,333,25,6.428576090185459,8.472712881187348,-1.209668802195362,-10.726772560889845,-0.8006768170187684,8.462186926632606,0.40237029906905075,312,0.00265936258831766
clock_FXKST_USNY_quote,ae_reconstruction_selected,2025-11,333,25,6.428576090185459,8.472712881187348,-1.209668802195362,-10.726772560889845,-0.8006768170187684,8.462186926632606,0.40237029906905075,312,0.00265936258831766
clock_FXKST_USNY_quote,sequential_ols,2025-12,352,27,9.840176181665225,15.936709909727922,-3.4793461404655774,-14.205783361828374,-2.1106784005389514,11.068597567960703,0.7472007985594564,324,
clock_FXKST_USNY_quote,pca_1,2025-12,352,27,9.804447086054479,15.878943407265584,-3.4604688759861237,-14.155777429013469,-2.1071306139407966,11.014100585658783,0.747252265289839,324,0.010242935484913172
clock_FXKST_USNY_quote,pca_2,2025-12,352,27,6.608168823767687,9.389423202126151,-1.4414820131007409,-10.458594612231611,-1.0936603225196464,9.29147376404209,0.6497001888696127,324,0.0025698186652766447
clock_FXKST_USNY_quote,conditional_linear,2025-12,352,27,9.802445867107567,15.850576771146237,-3.4686185871492725,-14.171700568777425,-2.1301559311821734,11.036426770123365,0.7464350905013104,324,0.010242935484913172
clock_FXKST_USNY_quote,ae_relu_1,2025-12,352,27,9.806355420720008,15.882282342083442,-3.460984767288191,-14.159390403552399,-2.1055171874667593,11.016504221420897,0.7472505162511774,324,0.010251635606275266
clock_FXKST_USNY_quote,ae_relu_2,2025-12,352,27,9.810270742614213,15.889132179217684,-3.464271945621798,-14.163103249715476,-2.1016973577194804,11.031894535039816,0.7474161602807192,324,0.010252658375545398
clock_FXKST_USNY_quote,ae_tanh_1,2025-12,352,27,11.171649721344114,16.354210236319553,-8.935185864871947,-20.305625013615025,-7.292922202727343,4.312591421808827,0.7102566911655053,324,0.010247413438843988
clock_FXKST_USNY_quote,ae_tanh_2,2025-12,352,27,9.99912882488726,14.788686436512592,-5.543417385140066,-18.363585211359936,-4.103839543962337,8.410416543734812,0.7191671884805035,324,0.01024342828160927
clock_FXKST_USNY_quote,conditional_neural,2025-12,352,27,9.802442661356814,15.850561192883063,-3.468620305107453,-14.171704219772147,-2.1301743779716986,11.036427789850743,0.7464346853398807,324,0.010242935484913172
clock_FXKST_USNY_quote,pca_selected,2025-12,352,27,6.608168823767687,9.389423202126151,-1.4414820131007409,-10.458594612231611,-1.0936603225196464,9.29147376404209,0.6497001888696127,324,0.0025698186652766447
clock_FXKST_USNY_quote,ae_selected,2025-12,352,27,9.806355420720008,15.882282342083442,-3.460984767288191,-14.159390403552399,-2.1055171874667593,11.016504221420897,0.7472505162511774,324,0.010251635606275266
clock_FXKST_USNY_quote,ae_reconstruction_selected,2025-12,352,27,9.806355420720008,15.882282342083442,-3.460984767288191,-14.159390403552399,-2.1055171874667593,11.016504221420897,0.7472505162511774,324,0.010251635606275266
clock_FXKST_USNY_quote,sequential_ols,2026-01,346,26,6.9855846766274245,8.550966437795388,-2.769966495425237,-12.801941308831228,-3.1610893963754254,8.210088816743701,0.28570110366245527,315,
clock_FXKST_USNY_quote,pca_1,2026-01,346,26,6.948872253352916,8.504744852011118,-2.790478342600742,-12.708230240298207,-3.1855460361573353,8.147073401749472,0.28701755398975265,315,0.0038252956913199373
clock_FXKST_USNY_quote,pca_2,2026-01,346,26,5.269193238881589,6.639998987125795,-2.164415879669985,-10.032099514796442,-2.0978404364472247,6.258261703398368,0.2888515277610384,315,0.0006578032806184134
clock_FXKST_USNY_quote,conditional_linear,2026-01,346,26,7.077042225466089,8.660501356876605,-3.1193294679369856,-13.005505987026265,-3.7116422165881424,8.244344625919265,0.2667471887678412,315,0.0038252956913199373
clock_FXKST_USNY_quote,ae_relu_1,2026-01,346,26,6.947179032281882,8.502959198216058,-2.7868527471517766,-12.704109185458503,-3.1837560894400827,8.151685614325226,0.28702142908222994,315,0.0038409890193756633
clock_FXKST_USNY_quote,ae_relu_2,2026-01,346,26,6.946760799172856,8.503625455862007,-2.7759312042293303,-12.699429308300683,-3.1759111903422497,8.163627927069857,0.2873176559008886,315,0.0038411131864829404
clock_FXKST_USNY_quote,ae_tanh_1,2026-01,346,26,10.374253811538384,12.215736816783417,-8.812041035148047,-19.197665030522483,-9.46228998125931,2.716288131742729,0.35037545014867816,315,0.0038305036576045315
clock_FXKST_USNY_quote,ae_tanh_2,2026-01,346,26,10.613547107839457,12.459506685223912,-8.737042429403695,-19.456530824458877,-10.1114575429016,3.438666016807815,0.45889565739356863,315,0.0038259993739691474
clock_FXKST_USNY_quote,conditional_neural,2026-01,346,26,7.077041654086312,8.66050060549937,-3.119328468154934,-13.005503689694525,-3.711641781439134,8.24434279176888,0.2667472593072968,315,0.0038252956913199373
clock_FXKST_USNY_quote,pca_selected,2026-01,346,26,5.269193238881589,6.639998987125795,-2.164415879669985,-10.032099514796442,-2.0978404364472247,6.258261703398368,0.2888515277610384,315,0.0006578032806184134
clock_FXKST_USNY_quote,ae_selected,2026-01,346,26,6.947179032281882,8.502959198216058,-2.7868527471517766,-12.704109185458503,-3.1837560894400827,8.151685614325226,0.28702142908222994,315,0.0038409890193756633
clock_FXKST_USNY_quote,ae_reconstruction_selected,2026-01,346,26,6.947179032281882,8.502959198216058,-2.7868527471517766,-12.704109185458503,-3.1837560894400827,8.151685614325226,0.28702142908222994,315,0.0038409890193756633
clock_FXKST_USNY_quote,sequential_ols,2026-02,324,24,8.392900946047726,10.227839368017131,-0.35981200220840265,-13.286523382769735,-0.7028407359221518,13.53887608646988,0.17068592240235925,300,
clock_FXKST_USNY_quote,pca_1,2026-02,324,24,8.315667569651206,10.137346388038338,-0.345247362090462,-13.138210765563915,-0.64013923223348,13.37581340002573,0.1724063434749316,300,0.007778945987905316
clock_FXKST_USNY_quote,pca_2,2026-02,324,24,5.3103613492993595,6.68068570510888,-0.7907971641915591,-9.374890021789257,-0.5573497482408385,7.409603798774381,0.26937636389383174,300,0.0009945125432727227
clock_FXKST_USNY_quote,conditional_linear,2026-02,324,24,8.177123910961203,9.976049704290581,-0.09424795458758382,-12.254974812201256,-0.5567399446296122,13.591904898908815,0.16659077801365813,300,0.007778945987905316
clock_FXKST_USNY_quote,ae_relu_1,2026-02,324,24,8.317045623410838,10.138982632850517,-0.3450459392126686,-13.140902047398837,-0.6409200067910206,13.378781645218732,0.17236349655966693,300,0.007793609394933841
clock_FXKST_USNY_quote,ae_relu_2,2026-02,324,24,8.015960281295943,9.728816152918053,-6.178232837493184,-15.573708669117483,-6.2583674358863135,3.302392429317878,0.4147868670586117,300,0.001699818692370785
clock_FXKST_USNY_quote,ae_tanh_1,2026-02,324,24,8.088709211711366,10.016818011753951,0.21579896787698735,-13.212990512359845,0.31768774794301174,14.338417393637268,0.24306101909189162,300,0.007783785888696303
clock_FXKST_USNY_quote,ae_tanh_2,2026-02,324,24,9.334783722410918,11.517925823800823,4.414301700206189,-9.227597276179885,5.027936449153685,18.427703366640422,0.2947835337326821,300,0.007951449548600999
clock_FXKST_USNY_quote,conditional_neural,2026-02,324,24,8.140446000569368,10.11723439018984,0.6233259167255086,-10.824056479646705,-0.38369953678905233,14.912188418415287,0.15686508274439442,300,0.007778945987905316
clock_FXKST_USNY_quote,pca_selected,2026-02,324,24,5.3103613492993595,6.68068570510888,-0.7907971641915591,-9.374890021789257,-0.5573497482408385,7.409603798774381,0.26937636389383174,300,0.0009945125432727227
clock_FXKST_USNY_quote,ae_selected,2026-02,324,24,8.015960281295943,9.728816152918053,-6.178232837493184,-15.573708669117483,-6.2583674358863135,3.302392429317878,0.4147868670586117,300,0.001699818692370785
clock_FXKST_USNY_quote,ae_reconstruction_selected,2026-02,324,24,8.015960281295943,9.728816152918053,-6.178232837493184,-15.573708669117483,-6.2583674358863135,3.302392429317878,0.4147868670586117,300,0.001699818692370785
clock_FXKST_USNY_quote,sequential_ols,2026-03,242,17,8.680556534327694,10.607708263391483,-2.277299014641824,-15.869539800803754,-2.116561358659659,11.280393530109233,0.3119940929162284,223,
clock_FXKST_USNY_quote,pca_1,2026-03,242,17,8.61989983093389,10.537720034433047,-2.327449753613386,-15.834102954360759,-2.1716254452201227,11.132901599861805,0.3136229457596915,223,0.006457890700924074
clock_FXKST_USNY_quote,pca_2,2026-03,242,17,6.287489863983116,7.61213033165643,-1.9022274592686679,-11.695353666122664,-2.107792395832792,7.949061049550385,0.26012048400822685,223,0.0007124167435615573
clock_FXKST_USNY_quote,conditional_linear,2026-03,242,17,8.784574440634097,11.017502005584783,-3.6073683101892096,-16.86083782613333,-2.995514192601693,10.062490685941833,0.2885828699299301,223,0.006457890700924074
clock_FXKST_USNY_quote,ae_relu_1,2026-03,242,17,8.61688602070047,10.53330019300993,-2.3309892749768757,-15.83493684708784,-2.1678992517528357,11.13708155252289,0.3132319784207939,223,0.00652296694520488
clock_FXKST_USNY_quote,ae_relu_2,2026-03,242,17,6.351663769102906,7.698748232304973,1.456741518268142,-8.733433646919483,1.7366372717436747,11.137266576633003,0.26285529894527215,223,0.001371699809662426
clock_FXKST_USNY_quote,ae_tanh_1,2026-03,242,17,11.849877721284669,14.96329683221541,0.8025522620372258,-17.445470175013153,-1.263533048602497,21.61880622279769,0.59715838750217,223,0.006614007085217446
clock_FXKST_USNY_quote,ae_tanh_2,2026-03,242,17,9.920085466173404,12.976801428076232,1.4336701818061055,-12.638494139259583,1.5954523915440149,17.08250521443472,0.43218414775254693,223,0.020035329858329665
clock_FXKST_USNY_quote,conditional_neural,2026-03,242,17,8.784552597665089,11.017457603949723,-3.6072756918636135,-16.860608632441078,-2.995461797348061,10.062672364580354,0.2885843178752801,223,0.006457890700924074
clock_FXKST_USNY_quote,pca_selected,2026-03,242,17,6.287489863983116,7.61213033165643,-1.9022274592686679,-11.695353666122664,-2.107792395832792,7.949061049550385,0.26012048400822685,223,0.0007124167435615573
clock_FXKST_USNY_quote,ae_selected,2026-03,242,17,6.351663769102906,7.698748232304973,1.456741518268142,-8.733433646919483,1.7366372717436747,11.137266576633003,0.26285529894527215,223,0.001371699809662426
clock_FXKST_USNY_quote,ae_reconstruction_selected,2026-03,242,17,6.351663769102906,7.698748232304973,1.456741518268142,-8.733433646919483,1.7366372717436747,11.137266576633003,0.26285529894527215,223,0.001371699809662426
clock_NY_macro_end1h_quote,sequential_ols,2025-08,357,21,6.31587773870954,7.723486759617758,1.6405424334735397,-8.63950807436768,2.046503072467864,11.061411387412564,0.36458889977643516,336,
clock_NY_macro_end1h_quote,pca_1,2025-08,357,21,6.325874211946934,7.739628607947699,1.6703023292591226,-8.510549136788487,2.064531994417635,11.152664732804295,0.3675942680668662,336,0.004444259845755475
clock_NY_macro_end1h_quote,pca_2,2025-08,357,21,5.846398862060869,7.343475256522555,0.6439166314337091,-8.66731988621528,0.5822228811414192,9.948325391161806,0.40279399507964986,336,0.0037208412167591457
clock_NY_macro_end1h_quote,conditional_linear,2025-08,357,21,6.604216855450235,8.206413054663523,1.9440158439277169,-7.982075437602733,2.650968617702464,11.189608056854889,0.3770387081495203,336,0.004444259845755475
clock_NY_macro_end1h_quote,ae_relu_1,2025-08,357,21,6.325911867883696,7.739653310149381,1.6700079652030941,-8.511738850055881,2.0648612902788948,11.152355526586692,0.3675945627673455,336,0.004692021761563349
clock_NY_macro_end1h_quote,ae_relu_2,2025-08,357,21,6.318443432281419,7.729039875295329,1.654868425362282,-8.574471991100902,2.052433072259845,11.11654117792409,0.3660671731224681,336,0.004692071717100925
clock_NY_macro_end1h_quote,ae_tanh_1,2025-08,357,21,7.325322984049753,8.937018543064065,3.944107699661321,-6.181223010134979,4.220155016961542,14.074064299338927,0.4620428534734232,336,0.004451092669208362
clock_NY_macro_end1h_quote,ae_tanh_2,2025-08,357,21,7.329807736439615,8.968433454427922,3.693555176125129,-6.321035364206806,4.465878014015928,14.083520807015752,0.4817798089866213,336,0.004451022707702707
clock_NY_macro_end1h_quote,conditional_neural,2025-08,357,21,6.195794170224846,7.574801835501996,1.3003601378941934,-9.05032013634773,2.0481595546784206,10.476183875861711,0.33321491825800315,336,0.004444259845755475
clock_NY_macro_end1h_quote,pca_selected,2025-08,357,21,5.846398862060869,7.343475256522555,0.6439166314337091,-8.66731988621528,0.5822228811414192,9.948325391161806,0.40279399507964986,336,0.0037208412167591457
clock_NY_macro_end1h_quote,ae_selected,2025-08,357,21,6.325911867883696,7.739653310149381,1.6700079652030941,-8.511738850055881,2.0648612902788948,11.152355526586692,0.3675945627673455,336,0.004692021761563349
clock_NY_macro_end1h_quote,ae_reconstruction_selected,2025-08,357,21,6.325911867883696,7.739653310149381,1.6700079652030941,-8.511738850055881,2.0648612902788948,11.152355526586692,0.3675945627673455,336,0.004692021761563349
clock_NY_macro_end1h_quote,sequential_ols,2025-09,374,22,5.0958157498770875,6.590127081417771,1.1659167186811439,-7.159729272557741,1.207828123340981,9.576935890619602,0.16520026878244065,352,
clock_NY_macro_end1h_quote,pca_1,2025-09,374,22,5.101493126278601,6.59276410860598,1.2183024228178398,-7.124482788934895,1.242773498438325,9.538574006746295,0.16935992335184338,352,0.005445182140629783
clock_NY_macro_end1h_quote,pca_2,2025-09,374,22,4.505371757844303,5.946030385213538,1.2991662609390193,-5.85467598835277,1.156102798756173,8.687539718423283,0.20638097824638627,352,0.0016934965723778516
clock_NY_macro_end1h_quote,conditional_linear,2025-09,374,22,6.25157244231517,8.023286985205592,3.3411286712445585,-6.0426675758554,2.9369156066054583,12.128658654470179,0.2610950630432663,352,0.005445182140629783
clock_NY_macro_end1h_quote,ae_relu_1,2025-09,374,22,5.107244836182608,6.6138067132809635,1.2239479693909294,-7.1243713294735995,1.242725473322917,9.538522931100433,0.17053798968695566,352,0.005783585636379463
clock_NY_macro_end1h_quote,ae_relu_2,2025-09,374,22,5.105382854172643,6.639210608656221,1.2052627144446932,-7.128844314704448,1.2454015148075541,9.529100620994285,0.1708614999707195,352,0.005803426436193066
clock_NY_macro_end1h_quote,ae_tanh_1,2025-09,374,22,8.614918070233207,11.713150939116817,0.07756913313211654,-17.228094548040474,2.4717267855383422,12.011394994044377,0.6383113914225548,352,0.006378880548039863
clock_NY_macro_end1h_quote,ae_tanh_2,2025-09,374,22,7.386736054077374,10.303145219363458,-0.40394487934147744,-13.38035106643933,1.7118859938628361,10.106086082791935,0.5613837314039689,352,0.006175754654742748
clock_NY_macro_end1h_quote,conditional_neural,2025-09,374,22,4.909373731389181,6.275668919629293,1.34254813967175,-6.692930965016798,1.2352626619810394,9.617742059627247,0.08087408206596167,352,0.005445182140629783
clock_NY_macro_end1h_quote,pca_selected,2025-09,374,22,4.505371757844303,5.946030385213538,1.2991662609390193,-5.85467598835277,1.156102798756173,8.687539718423283,0.20638097824638627,352,0.0016934965723778516
clock_NY_macro_end1h_quote,ae_selected,2025-09,374,22,5.107244836182608,6.6138067132809635,1.2239479693909294,-7.1243713294735995,1.242725473322917,9.538522931100433,0.17053798968695566,352,0.005783585636379463
clock_NY_macro_end1h_quote,ae_reconstruction_selected,2025-09,374,22,5.107244836182608,6.6138067132809635,1.2239479693909294,-7.1243713294735995,1.242725473322917,9.538522931100433,0.17053798968695566,352,0.005783585636379463
clock_NY_macro_end1h_quote,sequential_ols,2025-10,391,23,7.890426897043014,9.717306165320037,6.662457453449974,-1.899850355339176,6.3958477927333774,15.745271324104507,0.36326939875971087,368,
clock_NY_macro_end1h_quote,pca_1,2025-10,391,23,8.061191303247057,9.90034390086639,6.887819177233955,-1.9447223697061131,6.5638385731748485,16.133431717706685,0.37557475988916017,368,0.006543799023470776
clock_NY_macro_end1h_quote,pca_2,2025-10,391,23,7.698585266067711,9.249052438881684,6.992193650689894,-1.1726777560061237,7.083121907959708,15.190526409946983,0.412836876160733,368,0.0015538041469697723
clock_NY_macro_end1h_quote,conditional_linear,2025-10,391,23,14.093637188423008,18.438824216944106,12.782433802422892,-1.8646127829695016,10.901429374608654,30.000366819203123,0.31245532758531774,368,0.006543799023470776
clock_NY_macro_end1h_quote,ae_relu_1,2025-10,391,23,87.52581971523222,124.97193805397974,86.6815093324313,-0.3560637912082711,63.63652736314708,207.99104947027905,0.9882745017303511,368,1.2549891765320262
clock_NY_macro_end1h_quote,ae_relu_2,2025-10,391,23,101.30504270408704,147.50263170738967,100.46360629694577,-0.3043796027351959,66.7742479759948,245.27483481707327,0.9882006859421364,368,2.1934229493372057
clock_NY_macro_end1h_quote,ae_tanh_1,2025-10,391,23,103.42065032057415,150.58081653556343,92.8722672077932,-28.0534408696644,38.70776208787362,258.73034372964105,0.9868256560950087,368,3.0748316271245995
clock_NY_macro_end1h_quote,ae_tanh_2,2025-10,391,23,101.95673665107792,150.5650688294843,94.4942165947628,-19.27991164959346,42.72750867564884,255.25359201227764,0.9867300078657973,368,2.999934579496739
clock_NY_macro_end1h_quote,conditional_neural,2025-10,391,23,7.997539173895441,12.080436213542663,6.0684744819003456,-3.82920911928926,4.618524072617134,15.527909287865384,0.06653494861778216,368,0.006543799023470776
clock_NY_macro_end1h_quote,pca_selected,2025-10,391,23,7.698585266067711,9.249052438881684,6.992193650689894,-1.1726777560061237,7.083121907959708,15.190526409946983,0.412836876160733,368,0.0015538041469697723
clock_NY_macro_end1h_quote,ae_selected,2025-10,391,23,87.52581971523222,124.97193805397974,86.6815093324313,-0.3560637912082711,63.63652736314708,207.99104947027905,0.9882745017303511,368,1.2549891765320262
clock_NY_macro_end1h_quote,ae_reconstruction_selected,2025-10,391,23,87.52581971523222,124.97193805397974,86.6815093324313,-0.3560637912082711,63.63652736314708,207.99104947027905,0.9882745017303511,368,1.2549891765320262
clock_NY_macro_end1h_quote,sequential_ols,2025-11,320,20,6.745080097619338,9.750205487994215,-0.8170340328989871,-11.683696480745326,0.5556799944444606,8.876346707635655,0.45881225424306205,300,
clock_NY_macro_end1h_quote,pca_1,2025-11,320,20,6.72571117153881,9.714138246566492,-0.7442218730534621,-11.641893189118166,0.7342873530343184,8.871970970339987,0.4608668776173782,300,0.003064473134408455
clock_NY_macro_end1h_quote,pca_2,2025-11,320,20,5.5232725622545695,8.82353664068817,-1.4304071572679637,-9.017863708045814,-0.11836270749044785,6.48745924727173,0.6171800455984326,300,0.0008635239757892648
clock_NY_macro_end1h_quote,conditional_linear,2025-11,320,20,6.722032974255124,9.64121225839951,-0.8994264240312093,-10.944303507890908,0.0536922872434928,8.987986126696807,0.43853895346898786,300,0.003064473134408455
clock_NY_macro_end1h_quote,ae_relu_1,2025-11,320,20,6.725138166849469,9.717043009160097,-0.7560322504018886,-11.612550839028023,0.7035754089452837,8.885311015806227,0.4611155032077245,300,0.003138505242052017
clock_NY_macro_end1h_quote,ae_relu_2,2025-11,320,20,6.6858329124128915,9.796812266717922,-1.04610193247859,-11.381394903310236,0.4276180505317768,8.77905204069523,0.4810885101765295,300,0.003064129390392298
clock_NY_macro_end1h_quote,ae_tanh_1,2025-11,320,20,9.411562496513534,11.834280680580179,4.643762629097434,-7.8001227340717,5.812849365262053,16.41504680123682,0.5959638647888842,300,0.0030753318741341884
clock_NY_macro_end1h_quote,ae_tanh_2,2025-11,320,20,10.907519102698672,13.289751342367769,6.94393860148205,-6.344573024811387,7.936307143889351,19.50513968783932,0.6547140825458665,300,0.0030677011616775467
clock_NY_macro_end1h_quote,conditional_neural,2025-11,320,20,6.743242427396166,9.431507917383222,-0.4580198158016075,-10.804106178484597,1.0870523821803175,9.423071755197684,0.3782129776481241,300,0.003064473134408455
clock_NY_macro_end1h_quote,pca_selected,2025-11,320,20,5.5232725622545695,8.82353664068817,-1.4304071572679637,-9.017863708045814,-0.11836270749044785,6.48745924727173,0.6171800455984326,300,0.0008635239757892648
clock_NY_macro_end1h_quote,ae_selected,2025-11,320,20,6.725138166849469,9.717043009160097,-0.7560322504018886,-11.612550839028023,0.7035754089452837,8.885311015806227,0.4611155032077245,300,0.003138505242052017
clock_NY_macro_end1h_quote,ae_reconstruction_selected,2025-11,320,20,6.725138166849469,9.717043009160097,-0.7560322504018886,-11.612550839028023,0.7035754089452837,8.885311015806227,0.4611155032077245,300,0.003138505242052017
clock_NY_macro_end1h_quote,sequential_ols,2025-12,365,23,9.119432768963803,13.403753521966028,-2.785002585851289,-15.250561031290314,-1.25070182154181,10.625236808139826,0.6427510871948708,337,
clock_NY_macro_end1h_quote,pca_1,2025-12,365,23,9.073916499371954,13.335758066544328,-2.7705324305112606,-15.14759061977298,-1.2618221511792882,10.612028518736206,0.6429476254690917,337,0.00786914078065218
clock_NY_macro_end1h_quote,pca_2,2025-12,365,23,6.24247138374963,8.658505876042813,-1.3236932619950061,-10.134695644503793,-0.8212576359404409,8.595461822731288,0.5948340425865315,337,0.0018977794278345352
clock_NY_macro_end1h_quote,conditional_linear,2025-12,365,23,8.92436065757741,12.759272244071514,-2.845116402020674,-15.037240863916345,-1.677836241314509,10.113909131008413,0.6164335276988333,337,0.00786914078065218
clock_NY_macro_end1h_quote,ae_relu_1,2025-12,365,23,9.074317704869884,13.339087878368058,-2.7684889937738,-15.143413092970292,-1.2581475601112686,10.614525911609642,0.6432279949080357,337,0.007873096276289591
clock_NY_macro_end1h_quote,ae_relu_2,2025-12,365,23,8.135515877965496,11.84733352308654,-2.5613477178708313,-13.190274024729671,-1.7787114143384244,9.65779745277485,0.6510919444028788,337,0.006173090493295431
clock_NY_macro_end1h_quote,ae_tanh_1,2025-12,365,23,8.812664992666702,12.482306165907692,-4.116828923970266,-15.748943957583652,-3.3121145450382627,9.066222942951093,0.5846642875022658,337,0.007870309592233607
clock_NY_macro_end1h_quote,ae_tanh_2,2025-12,365,23,8.973708095448501,12.438836364734264,-5.2096985878366215,-16.14779813196695,-4.571559461996856,7.555672740431174,0.5615054603463654,337,0.0078725707114695
clock_NY_macro_end1h_quote,conditional_neural,2025-12,365,23,7.220558435884999,8.794755227805192,-0.730996492808875,-11.716277023120444,-1.201050131990911,10.792620940714102,0.3033328821122102,337,0.00786914078065218
clock_NY_macro_end1h_quote,pca_selected,2025-12,365,23,6.24247138374963,8.658505876042813,-1.3236932619950061,-10.134695644503793,-0.8212576359404409,8.595461822731288,0.5948340425865315,337,0.0018977794278345352
clock_NY_macro_end1h_quote,ae_selected,2025-12,365,23,9.074317704869884,13.339087878368058,-2.7684889937738,-15.143413092970292,-1.2581475601112686,10.614525911609642,0.6432279949080357,337,0.007873096276289591
clock_NY_macro_end1h_quote,ae_reconstruction_selected,2025-12,365,23,9.074317704869884,13.339087878368058,-2.7684889937738,-15.143413092970292,-1.2581475601112686,10.614525911609642,0.6432279949080357,337,0.007873096276289591
clock_NY_macro_end1h_quote,sequential_ols,2026-01,346,21,6.768667645085631,8.380894942181465,-2.817437513148631,-12.631388496477229,-3.2312654612283787,7.728740120116578,0.20190214711258678,315,
clock_NY_macro_end1h_quote,pca_1,2026-01,346,21,6.729383513814194,8.330328329256139,-2.8386105081546997,-12.559620718557928,-3.2568195503851456,7.59316609451419,0.20272583564342808,315,0.003881225126168401
clock_NY_macro_end1h_quote,pca_2,2026-01,346,21,5.427534295210905,6.638094854225671,-2.472942019918291,-10.283593441100873,-2.626625920478655,6.23619099401937,0.2103497366257473,315,0.000563934043548222
clock_NY_macro_end1h_quote,conditional_linear,2026-01,346,21,6.854304215492395,8.417691341652642,-3.149445853460087,-13.2274493277037,-3.590323917740747,7.837584825933536,0.18291192040095727,315,0.003881225126168401
clock_NY_macro_end1h_quote,ae_relu_1,2026-01,346,21,6.726691727610196,8.328091268576612,-2.82444330121673,-12.558138974251376,-3.2422633436058668,7.608826735954716,0.20273403460463332,315,0.003892527802993493
clock_NY_macro_end1h_quote,ae_relu_2,2026-01,346,21,6.842355087376045,8.361315423930398,-3.5842268838848916,-12.248965661929537,-4.320519762995765,7.023387489769458,0.42632387624531826,315,0.000967956099017887
clock_NY_macro_end1h_quote,ae_tanh_1,2026-01,346,21,7.750402144766904,9.268596880689394,-5.70793858456684,-14.770391784835272,-6.172973884413665,4.768381756478163,0.16996386646481298,315,0.0038863361461456145
clock_NY_macro_end1h_quote,ae_tanh_2,2026-01,346,21,8.798372676632868,10.388769145681943,-7.170000045961177,-16.582444129326703,-7.598895980241242,3.4083345317307376,0.1797105504819282,315,0.003880974676124708
clock_NY_macro_end1h_quote,conditional_neural,2026-01,346,21,6.592260955930325,8.166689560296568,-2.2639437943839087,-12.037106931961645,-2.6901605368097314,8.739908058587993,0.1945111296885197,315,0.003881225126168401
clock_NY_macro_end1h_quote,pca_selected,2026-01,346,21,5.427534295210905,6.638094854225671,-2.472942019918291,-10.283593441100873,-2.626625920478655,6.23619099401937,0.2103497366257473,315,0.000563934043548222
clock_NY_macro_end1h_quote,ae_selected,2026-01,346,21,6.726691727610196,8.328091268576612,-2.82444330121673,-12.558138974251376,-3.2422633436058668,7.608826735954716,0.20273403460463332,315,0.003892527802993493
clock_NY_macro_end1h_quote,ae_reconstruction_selected,2026-01,346,21,6.726691727610196,8.328091268576612,-2.82444330121673,-12.558138974251376,-3.2422633436058668,7.608826735954716,0.20273403460463332,315,0.003892527802993493
clock_NY_macro_end1h_quote,sequential_ols,2026-02,324,20,8.401245644924561,10.382590917391422,-0.1396186925842123,-13.932124422834201,-0.5905073181103404,13.644849183544473,0.10908346314002926,300,
clock_NY_macro_end1h_quote,pca_1,2026-02,324,20,8.310149939589326,10.273453578027507,-0.13028676928779911,-13.756051540631434,-0.6229421923517577,13.430433819475782,0.11200108340499461,300,0.00869302260301767
clock_NY_macro_end1h_quote,pca_2,2026-02,324,20,5.304154094435799,6.618746542343096,-0.6468022575313277,-9.196166452441604,-0.9047951385436903,7.852731407016908,0.28783089100566783,300,0.0008321531643795984
clock_NY_macro_end1h_quote,conditional_linear,2026-02,324,20,8.1097744403885,10.094212302075247,0.16980571309943154,-12.465515726023193,-0.2842140157903685,12.97119148917376,0.12846273772120623,300,0.00869302260301767
clock_NY_macro_end1h_quote,ae_relu_1,2026-02,324,20,8.315501879584863,10.280049647319993,-0.12968849437936017,-13.773978999175345,-0.6151143520863656,13.438156341263577,0.1119666167417956,300,0.008703853599907944
clock_NY_macro_end1h_quote,ae_relu_2,2026-02,324,20,7.396874990604352,9.046614450795797,-5.5203140327588445,-14.310753709674419,-5.677459700455145,3.24959899120026,0.3706782020090768,300,0.001817839163139215
clock_NY_macro_end1h_quote,ae_tanh_1,2026-02,324,20,8.32391105125536,10.323394839202685,1.9278511622208236,-11.078374340189674,1.507847924083805,15.488959899323218,0.19296650831694137,300,0.008701951777247599
clock_NY_macro_end1h_quote,ae_tanh_2,2026-02,324,20,9.601488328680725,11.800634001624354,4.404407723980466,-9.9708498299549,5.058627652167289,18.032823231384278,0.3235096134413556,300,0.00881422704908451
clock_NY_macro_end1h_quote,conditional_neural,2026-02,324,20,8.091306677484397,10.257966586885932,1.0884614283809304,-11.289869186607895,0.37976385656351397,14.339422775280108,0.16471132353345083,300,0.00869302260301767
clock_NY_macro_end1h_quote,pca_selected,2026-02,324,20,5.304154094435799,6.618746542343096,-0.6468022575313277,-9.196166452441604,-0.9047951385436903,7.852731407016908,0.28783089100566783,300,0.0008321531643795984
clock_NY_macro_end1h_quote,ae_selected,2026-02,324,20,7.396874990604352,9.046614450795797,-5.5203140327588445,-14.310753709674419,-5.677459700455145,3.24959899120026,0.3706782020090768,300,0.001817839163139215
clock_NY_macro_end1h_quote,ae_reconstruction_selected,2026-02,324,20,7.396874990604352,9.046614450795797,-5.5203140327588445,-14.310753709674419,-5.677459700455145,3.24959899120026,0.3706782020090768,300,0.001817839163139215
clock_NY_macro_end1h_quote,sequential_ols,2026-03,236,14,9.282599644573208,11.433797081152342,-3.9113700926864556,-17.570237361968715,-3.7123660334118327,9.777440193373948,0.3121259526934604,218,
clock_NY_macro_end1h_quote,pca_1,2026-03,236,14,9.210464139314192,11.340300209195133,-3.9457740328381203,-17.456181690340824,-3.691237519874763,9.560154317075025,0.31401992537542883,218,0.008392146097110097
clock_NY_macro_end1h_quote,pca_2,2026-03,236,14,6.646685480793112,8.046877611653157,-3.019222502982023,-12.705461040668967,-3.451939505804482,6.647576098804514,0.26805655028001574,218,0.0007143534807823881
clock_NY_macro_end1h_quote,conditional_linear,2026-03,236,14,9.827821429509147,12.561206259765596,-6.2130912266186,-20.65623408212508,-4.894493591893813,7.282147869626513,0.2864288864210512,218,0.008392146097110097
clock_NY_macro_end1h_quote,ae_relu_1,2026-03,236,14,9.200308446133432,11.328113187945469,-3.9064069605300515,-17.42130837067261,-3.6684820427302203,9.601158525586847,0.314070592690315,218,0.00845347480085994
clock_NY_macro_end1h_quote,ae_relu_2,2026-03,236,14,7.9310194422584,9.73089628502168,2.96893295301566,-9.85729754222178,2.6041038413302715,15.590614583739473,0.4053837110842515,218,0.0016262081900021538
clock_NY_macro_end1h_quote,ae_tanh_1,2026-03,236,14,11.600475524109093,14.08327494610128,-5.1425797053755575,-21.6806752559024,-5.709310406676291,13.421886301088964,0.4945642606809203,218,0.008407502969603216
clock_NY_macro_end1h_quote,ae_tanh_2,2026-03,236,14,11.057558469437275,13.851298252500355,0.1486664786453519,-18.946078398052762,0.3613330731497086,16.942328560076454,0.5603422280301168,218,0.022536364928531036
clock_NY_macro_end1h_quote,conditional_neural,2026-03,236,14,11.149843499443197,15.129170607535988,-7.918248682646916,-25.51817900788255,-6.506303263151757,5.7860263481826095,0.26553518334301385,218,0.008392146097110097
clock_NY_macro_end1h_quote,pca_selected,2026-03,236,14,6.646685480793112,8.046877611653157,-3.019222502982023,-12.705461040668967,-3.451939505804482,6.647576098804514,0.26805655028001574,218,0.0007143534807823881
clock_NY_macro_end1h_quote,ae_selected,2026-03,236,14,7.9310194422584,9.73089628502168,2.96893295301566,-9.85729754222178,2.6041038413302715,15.590614583739473,0.4053837110842515,218,0.0016262081900021538
clock_NY_macro_end1h_quote,ae_reconstruction_selected,2026-03,236,14,7.9310194422584,9.73089628502168,2.96893295301566,-9.85729754222178,2.6041038413302715,15.590614583739473,0.4053837110842515,218,0.0016262081900021538
clock_UTC_quote,sequential_ols,Jan_Mar,907,67,7.748549707781067,9.627390533825269,-1.5897044180850535,-13.78940413232807,-1.8089683826992768,11.279214707182579,0.22152486248096961,834,
clock_UTC_quote,pca_1,Jan_Mar,907,67,7.687369809580786,9.549103609147954,-1.6071079089860854,-13.712069055110918,-1.84271398579682,11.204604041798717,0.22426389604447733,834,0.006334866576843711
clock_UTC_quote,pca_2,Jan_Mar,907,67,5.684065958720264,6.978445561451368,-1.5899928154622565,-10.373694241658091,-1.712088277814786,7.4084468614790815,0.29863711098650214,834,0.0007353689865967253
clock_UTC_quote,conditional_linear,Jan_Mar,907,67,7.759275080548791,9.821454819550851,-2.180398015493799,-14.899997427309437,-2.1139765712222243,10.438948341186144,0.23512388886262675,834,0.006334866576843711
clock_UTC_quote,ae_relu_1,Jan_Mar,907,67,7.684493543784749,9.545733697500284,-1.5862945448195858,-13.691750999401254,-1.8274282656252008,11.195311759278017,0.2239452410298944,834,0.006360043219825163
clock_UTC_quote,ae_relu_2,Jan_Mar,907,67,6.746498208617652,8.353407637711328,-3.1302003699677607,-13.047860024178181,-3.1505780891346333,7.152098339547347,0.3713862992908249,834,0.0014458900126301294
clock_UTC_quote,ae_tanh_1,Jan_Mar,907,67,9.02457434297543,11.076336703763188,-2.618958665266327,-16.315230601996166,-2.9534833068208965,11.933423211747051,0.4040546940848796,834,0.00634888490555381
clock_UTC_quote,ae_tanh_2,Jan_Mar,907,67,9.94080078135851,12.28554791739452,-1.0421848664262996,-15.67512342841707,-1.939752613121822,14.65244059832095,0.5255511833933039,834,0.006394412340372714
clock_UTC_quote,conditional_neural,Jan_Mar,907,67,7.912597427292216,10.314691701068092,-1.7568327415820681,-14.281636784503748,-1.6888679567388962,11.341340812685196,0.26719574346447555,834,0.006334866576843711
clock_UTC_quote,pca_selected,Jan_Mar,907,67,5.684065958720264,6.978445561451368,-1.5899928154622565,-10.373694241658091,-1.712088277814786,7.4084468614790815,0.29863711098650214,834,0.0007353689865967253
clock_UTC_quote,ae_selected,Jan_Mar,907,67,7.049204913125916,8.689059801697224,-2.7652779207485136,-13.089858184916936,-2.9367653627086057,7.8442847790459655,0.3005380606278741,834,0.0025693498550863284
clock_UTC_quote,ae_reconstruction_selected,Jan_Mar,907,67,7.049204913125916,8.689059801697224,-2.7652779207485136,-13.089858184916936,-2.9367653627086057,7.8442847790459655,0.3005380606278741,834,0.0025693498550863284
clock_NY_quote,sequential_ols,Jan_Mar,907,55,8.085602708359149,10.04953728778686,-2.146635050949546,-15.004551859869427,-2.3396373835327324,10.848571666022972,0.20687244031323204,834,
clock_NY_quote,pca_1,Jan_Mar,907,55,8.020054320951333,9.965906819134432,-2.161847323883521,-14.920030587114619,-2.395374868868771,10.683279814196004,0.20950049722032246,834,0.006835872448899517
clock_NY_quote,pca_2,Jan_Mar,907,55,5.758476215797474,7.0636603365504405,-2.0463525758235277,-10.957663132673414,-2.3166143370454506,6.818312309877441,0.27810840136902254,834,0.0006560283154349647
clock_NY_quote,conditional_linear,Jan_Mar,907,55,8.101180204265011,10.240221972321427,-2.7266672470101945,-15.435700963956826,-3.013880371917565,10.309241964007684,0.23346375021278298,834,0.006835872448899517
clock_NY_quote,ae_relu_1,Jan_Mar,907,55,8.021214557974897,9.967278616313447,-2.1459232329219535,-14.891785696739122,-2.370980911761656,10.698400368706304,0.20909952381266908,834,0.006859472273058526
clock_NY_quote,ae_relu_2,Jan_Mar,907,55,7.188862428512269,8.941187833341655,-2.1202171839034767,-12.386605269978759,-2.934994437350184,9.653779326762752,0.45590111092590585,834,0.0018761372937790132
clock_NY_quote,ae_tanh_1,Jan_Mar,907,55,9.29958738714384,11.432033061369644,-2.8977056419109917,-16.468443619805843,-3.8553749061787954,11.825313194117346,0.39274925166032515,834,0.006844597794352922
clock_NY_quote,ae_tanh_2,Jan_Mar,907,55,10.226245617438652,12.565081347817168,-1.8321756203168544,-16.34171011427394,-3.2327987444219985,14.758065485263423,0.5131703913014687,834,0.0068833493391345585
clock_NY_quote,conditional_neural,Jan_Mar,907,55,8.351415597058812,11.119907093169063,-2.495954293559199,-14.949616257511437,-2.3761539193325376,10.610583995712677,0.29389139827944083,834,0.006835872448899517
clock_NY_quote,pca_selected,Jan_Mar,907,55,5.758476215797474,7.0636603365504405,-2.0463525758235277,-10.957663132673414,-2.3166143370454506,6.818312309877441,0.27810840136902254,834,0.0006560283154349647
clock_NY_quote,ae_selected,Jan_Mar,907,55,7.566922749738376,9.345176832508484,-2.1235229064804,-13.376348179805126,-2.934994437350184,10.336512533898754,0.4083639988374646,834,0.0025910996615129507
clock_NY_quote,ae_reconstruction_selected,Jan_Mar,907,55,7.566922749738376,9.345176832508484,-2.1235229064804,-13.376348179805126,-2.934994437350184,10.336512533898754,0.4083639988374646,834,0.0025910996615129507
clock_FXUTC_USNY_quote,sequential_ols,Jan_Mar,907,67,7.748549707781067,9.627390533825269,-1.5897044180850535,-13.78940413232807,-1.8089683826992768,11.279214707182579,0.22152486248096961,834,
clock_FXUTC_USNY_quote,pca_1,Jan_Mar,907,67,7.687369809580786,9.549103609147954,-1.6071079089860854,-13.712069055110918,-1.84271398579682,11.204604041798717,0.22426389604447733,834,0.006334866576843711
clock_FXUTC_USNY_quote,pca_2,Jan_Mar,907,67,5.684065958720264,6.978445561451368,-1.5899928154622565,-10.373694241658091,-1.712088277814786,7.4084468614790815,0.29863711098650214,834,0.0007353689865967253
clock_FXUTC_USNY_quote,conditional_linear,Jan_Mar,907,67,7.759275080548791,9.821454819550851,-2.180398015493799,-14.899997427309437,-2.1139765712222243,10.438948341186144,0.23512388886262675,834,0.006334866576843711
clock_FXUTC_USNY_quote,ae_relu_1,Jan_Mar,907,67,7.684493543784749,9.545733697500284,-1.5862945448195858,-13.691750999401254,-1.8274282656252008,11.195311759278017,0.2239452410298944,834,0.006360043219825163
clock_FXUTC_USNY_quote,ae_relu_2,Jan_Mar,907,67,6.746498208617652,8.353407637711328,-3.1302003699677607,-13.047860024178181,-3.1505780891346333,7.152098339547347,0.3713862992908249,834,0.0014458900126301294
clock_FXUTC_USNY_quote,ae_tanh_1,Jan_Mar,907,67,9.02457434297543,11.076336703763188,-2.618958665266327,-16.315230601996166,-2.9534833068208965,11.933423211747051,0.4040546940848796,834,0.00634888490555381
clock_FXUTC_USNY_quote,ae_tanh_2,Jan_Mar,907,67,9.94080078135851,12.28554791739452,-1.0421848664262996,-15.67512342841707,-1.939752613121822,14.65244059832095,0.5255511833933039,834,0.006394412340372714
clock_FXUTC_USNY_quote,conditional_neural,Jan_Mar,907,67,7.912597427292216,10.314691701068092,-1.7568327415820681,-14.281636784503748,-1.6888679567388962,11.341340812685196,0.26719574346447555,834,0.006334866576843711
clock_FXUTC_USNY_quote,pca_selected,Jan_Mar,907,67,5.684065958720264,6.978445561451368,-1.5899928154622565,-10.373694241658091,-1.712088277814786,7.4084468614790815,0.29863711098650214,834,0.0007353689865967253
clock_FXUTC_USNY_quote,ae_selected,Jan_Mar,907,67,7.049204913125916,8.689059801697224,-2.7652779207485136,-13.089858184916936,-2.9367653627086057,7.8442847790459655,0.3005380606278741,834,0.0025693498550863284
clock_FXUTC_USNY_quote,ae_reconstruction_selected,Jan_Mar,907,67,7.049204913125916,8.689059801697224,-2.7652779207485136,-13.089858184916936,-2.9367653627086057,7.8442847790459655,0.3005380606278741,834,0.0025693498550863284
clock_FXKST_USNY_quote,sequential_ols,Jan_Mar,912,67,7.935314567916506,9.734585340605484,-1.7829976509605001,-13.789024380756759,-2.216961694116492,11.45299748495449,0.25591056981666355,838,
clock_FXKST_USNY_quote,pca_1,Jan_Mar,912,67,7.877852907141558,9.665177086667633,-1.7989128204293925,-13.736440626283837,-2.243086454802512,11.428558708052408,0.2580501107398335,838,0.0059284433759886485
clock_FXKST_USNY_quote,pca_2,Jan_Mar,912,67,5.554024654506509,6.925211274400105,-1.6068478297224753,-10.375491328390787,-1.568735632828369,6.927504934909461,0.2802117734022357,838,0.0007919154068599015
clock_FXKST_USNY_quote,conditional_linear,Jan_Mar,912,67,7.920955890127356,9.799062618589772,-2.1741309915113627,-14.360770025066364,-2.658906406085336,10.61835184111228,0.25399971424652973,838,0.0059284433759886485
clock_FXKST_USNY_quote,ae_relu_1,Jan_Mar,912,67,7.876900377372978,9.663912277910763,-1.798404977372613,-13.73941358495868,-2.239210330680601,11.43347762164865,0.2578610702551837,838,0.005956874611186541
clock_FXKST_USNY_quote,ae_relu_2,Jan_Mar,912,67,7.1686984646673215,8.76282898007259,-2.861500206787554,-13.464975657253621,-3.5431288755611803,8.35795542025207,0.4111614456141922,838,0.0024251291368306348
clock_FXKST_USNY_quote,ae_tanh_1,Jan_Mar,912,67,9.953842118352691,12.31550315372679,-3.053541321443061,-17.411000560795625,-3.9047750568123725,12.58131880436725,0.521021882305182,838,0.005973564263258105
clock_FXKST_USNY_quote,ae_tanh_2,Jan_Mar,912,67,9.975238934416177,12.276406033981688,-1.3660468702958282,-16.40919948904321,-1.2553627924260837,14.90414678948208,0.5320836470013957,838,0.009592779893482268
clock_FXKST_USNY_quote,conditional_neural,Jan_Mar,912,67,7.907919567032117,9.850339938993574,-1.919178476308703,-13.907249982112733,-2.4734635770733027,10.66440846032563,0.2585412285744695,838,0.0059284433759886485
clock_FXKST_USNY_quote,pca_selected,Jan_Mar,912,67,5.554024654506509,6.925211274400105,-1.6068478297224753,-10.375491328390787,-1.568735632828369,6.927504934909461,0.2802117734022357,838,0.0007919154068599015
clock_FXKST_USNY_quote,ae_selected,Jan_Mar,912,67,7.168857136438947,8.762583694322515,-2.8656436868875175,-13.464975657253621,-3.547851807011156,8.342061697788589,0.4111153676779113,838,0.00242508202957283
clock_FXKST_USNY_quote,ae_reconstruction_selected,Jan_Mar,912,67,7.168857136438947,8.762583694322515,-2.8656436868875175,-13.464975657253621,-3.547851807011156,8.342061697788589,0.4111153676779113,838,0.00242508202957283
clock_NY_macro_end1h_quote,sequential_ols,Jan_Mar,906,55,8.00734670008219,9.971379142863876,-2.1447606819213187,-14.64545563151463,-2.399912190687118,10.784739497656624,0.21863699047033722,833,
clock_NY_macro_end1h_quote,pca_1,Jan_Mar,906,55,7.940976614883888,9.886599143543556,-2.1584711046584655,-14.527450773024995,-2.4279354630829673,10.584785813838359,0.22155176364281515,833,0.006777030569481208
clock_NY_macro_end1h_quote,pca_2,Jan_Mar,906,55,5.700982964908772,7.025772996070017,-1.9621836435271924,-10.846283054547055,-2.133641441711319,6.743974861056534,0.2750055172885735,833,0.000699035569306091
clock_NY_macro_end1h_quote,conditional_linear,Jan_Mar,906,55,8.077838890298457,10.227385923813094,-2.7604643970584593,-15.468341048549462,-3.0552018485620067,10.106752556504492,0.24758109934359082,833,0.006777030569481208
clock_NY_macro_end1h_quote,ae_relu_1,Jan_Mar,906,55,7.939217152346703,9.88469178974419,-2.142592160137962,-14.524843838059176,-2.394732192997253,10.601454392720647,0.22114527635158945,833,0.006801195628265858
clock_NY_macro_end1h_quote,ae_relu_2,Jan_Mar,906,55,7.324241661767002,8.979550745117235,-2.569598312942983,-12.951138273201884,-3.38931092387255,9.259734341894138,0.4963924353031653,833,0.0014433530154059635
clock_NY_macro_end1h_quote,ae_tanh_1,Jan_Mar,906,55,8.958386916540654,11.071769909931154,-2.829990931754096,-15.881265753324339,-3.6595817009952185,11.642825630937367,0.396157616953716,833,0.0067861759196699385
clock_NY_macro_end1h_quote,ae_tanh_2,Jan_Mar,906,55,9.67406508100963,11.8740531270512,-1.1244002476518697,-14.834843494319793,-2.1968694595569955,14.475328360688202,0.5107877301744671,833,0.01050464561255613
clock_NY_macro_end1h_quote,conditional_neural,Jan_Mar,906,55,8.315528388659416,11.07809212475813,-2.5379356944438003,-14.750610962055553,-2.457503637157174,10.529766683628871,0.29749266443874145,833,0.006777030569481208
clock_NY_macro_end1h_quote,pca_selected,Jan_Mar,906,55,5.700982964908772,7.025772996070017,-1.9621836435271924,-10.846283054547055,-2.133641441711319,6.743974861056534,0.2750055172885735,833,0.000699035569306091
clock_NY_macro_end1h_quote,ae_selected,Jan_Mar,906,55,7.280070003401677,8.96775178959346,-2.279438136780528,-13.037144754789004,-2.9299088735274665,9.965398906471925,0.42397800875704256,833,0.0025602424299485237
clock_NY_macro_end1h_quote,ae_reconstruction_selected,Jan_Mar,906,55,7.280070003401677,8.96775178959346,-2.279438136780528,-13.037144754789004,-2.9299088735274665,9.965398906471925,0.42397800875704256,833,0.0025602424299485237
clock_UTC_quote,sequential_ols,Aug_Mar,2710,198,7.14990467065347,9.575925913295208,0.04992061108601033,-11.171837627193005,0.5208533222192386,11.224479657161156,0.4472626497879448,2523,
clock_UTC_quote,pca_1,Aug_Mar,2710,198,7.1456630174077445,9.559138274518208,0.09900149539676978,-11.063094755964446,0.5509088076064543,11.207765421024988,0.4529415250823425,2523,0.005713601913504296
clock_UTC_quote,pca_2,Aug_Mar,2710,198,5.724790049048834,7.491491082065478,0.16321692615233235,-8.855884479565988,0.2801696152149731,9.213730580512529,0.4769189684823115,2523,0.0015139475964299758
clock_UTC_quote,conditional_linear,Aug_Mar,2710,198,8.247985000217145,11.444283684435469,1.1307809831423925,-11.366590646407188,0.7949618424062033,13.72667213917031,0.5075654029437446,2523,0.005713601913504296
clock_UTC_quote,ae_relu_1,Aug_Mar,2710,198,18.495359750404262,48.17058193050963,11.491184085928412,-11.057904433443474,0.6933155014139629,16.292446895664042,0.9729309723327944,2523,0.20798233411985834
clock_UTC_quote,ae_relu_2,Aug_Mar,2710,198,20.47274117933637,58.526229968094924,13.265230669866826,-10.980986684488013,0.07393990775877055,14.103204862191285,0.9830619851238033,2523,0.2983503463596296
clock_UTC_quote,ae_tanh_1,Aug_Mar,2710,198,22.107464330793988,58.587933079456064,12.976783623677939,-14.92144630292216,1.2728998319412916,19.695559611153755,0.9780229097609485,2523,0.4140867688367765
clock_UTC_quote,ae_tanh_2,Aug_Mar,2710,198,21.803178434993,57.11338750148631,13.344809516132704,-14.067745364985766,1.5472625055840012,22.42356242488082,0.9768983624261955,2523,0.3983154512370521
clock_UTC_quote,conditional_neural,Aug_Mar,2710,198,7.023060995185315,9.52399799607369,0.3351378260067018,-10.643434109280513,0.3226666642276871,11.065894284003305,0.30308648721961556,2523,0.005713601913504296
clock_UTC_quote,pca_selected,Aug_Mar,2710,198,5.833024727355069,7.605357683070091,0.27017206426655027,-8.93572576673404,0.45294600439769894,9.571450067794615,0.4921954775541548,2523,0.0016609154398478064
clock_UTC_quote,ae_selected,Aug_Mar,2710,198,18.28273731940516,48.11628349325641,11.096594446825998,-11.01721115513636,0.31959484324958964,15.249002595187305,0.976320264405798,2523,0.2067136408055343
clock_UTC_quote,ae_reconstruction_selected,Aug_Mar,2710,198,18.28273731940516,48.11628349325641,11.096594446825998,-11.01721115513636,0.31959484324958964,15.249002595187305,0.976320264405798,2523,0.2067136408055343
clock_NY_quote,sequential_ols,Aug_Mar,2714,164,7.302375267166492,9.624151834288877,0.04715130976774765,-11.580380616329805,0.6398902492716232,11.29761425701368,0.4252693492521216,2527,
clock_NY_quote,pca_1,Aug_Mar,2714,164,7.297514525449469,9.606760372965233,0.09614662400670151,-11.577934520157411,0.6630381157394396,11.388296324617578,0.4315706106345536,2527,0.005842918531699805
clock_NY_quote,pca_2,Aug_Mar,2714,164,5.820822091590275,7.618476110870032,0.1275419763240969,-8.98695391970133,0.17985936137942105,9.498416424287884,0.5008063960514443,2527,0.0014909476566809389
clock_NY_quote,conditional_linear,Aug_Mar,2714,164,8.362181928757234,11.423208525211589,1.0615543184728862,-11.693343989091382,0.8579986887758153,13.794233244042404,0.48155348015652494,2527,0.005842918531699805
clock_NY_quote,ae_relu_1,Aug_Mar,2714,164,19.743028407105932,51.50351004033138,12.59725589495644,-11.570937660982066,0.8801671359749896,16.801085154612583,0.9742566782302662,2527,0.20969687521342223
clock_NY_quote,ae_relu_2,Aug_Mar,2714,164,21.93007003950265,61.55651529551223,15.091274272781812,-10.673300140743354,0.5365499953490058,16.48416644067085,0.9836482037663823,2527,0.3546408246286593
clock_NY_quote,ae_tanh_1,Aug_Mar,2714,164,21.86673574050928,56.52546775139368,12.403105147657763,-15.294169610724902,1.3996749253630796,19.415648343984316,0.9746651443819456,2527,0.4254827531325665
clock_NY_quote,ae_tanh_2,Aug_Mar,2714,164,22.494401724733716,58.003600042288724,13.427814274384701,-14.611568781971078,1.5529884181500595,21.734315461270654,0.9758489825420145,2527,0.4314167979686949
clock_NY_quote,conditional_neural,Aug_Mar,2714,164,7.143176603758219,9.757333977706182,0.1851127955305038,-10.957286628535487,0.41826912555589324,11.266513899990668,0.3134309497755339,2527,0.005842918531699805
clock_NY_quote,pca_selected,Aug_Mar,2714,164,5.820822091590275,7.618476110870032,0.1275419763240969,-8.98695391970133,0.17985936137942105,9.498416424287884,0.5008063960514443,2527,0.0014909476566809389
clock_NY_quote,ae_selected,Aug_Mar,2714,164,19.591207231693062,51.46451638069502,12.604741928885138,-11.025207350985704,0.6969320253729876,16.52914547100947,0.9777180535472304,2527,0.20827041465385265
clock_NY_quote,ae_reconstruction_selected,Aug_Mar,2714,164,19.591207231693062,51.46451638069502,12.604741928885138,-11.025207350985704,0.6969320253729876,16.52914547100947,0.9777180535472304,2527,0.20827041465385265
clock_FXUTC_USNY_quote,sequential_ols,Aug_Mar,2710,198,7.14990467065347,9.575925913295208,0.04992061108601033,-11.171837627193005,0.5208533222192386,11.224479657161156,0.4472626497879448,2523,
clock_FXUTC_USNY_quote,pca_1,Aug_Mar,2710,198,7.1456630174077445,9.559138274518208,0.09900149539676978,-11.063094755964446,0.5509088076064543,11.207765421024988,0.4529415250823425,2523,0.005713601913504296
clock_FXUTC_USNY_quote,pca_2,Aug_Mar,2710,198,5.724790049048834,7.491491082065478,0.16321692615233235,-8.855884479565988,0.2801696152149731,9.213730580512529,0.4769189684823115,2523,0.0015139475964299758
clock_FXUTC_USNY_quote,conditional_linear,Aug_Mar,2710,198,8.247985000217145,11.444283684435469,1.1307809831423925,-11.366590646407188,0.7949618424062033,13.72667213917031,0.5075654029437446,2523,0.005713601913504296
clock_FXUTC_USNY_quote,ae_relu_1,Aug_Mar,2710,198,18.495359750404262,48.17058193050963,11.491184085928412,-11.057904433443474,0.6933155014139629,16.292446895664042,0.9729309723327944,2523,0.20798233411985834
clock_FXUTC_USNY_quote,ae_relu_2,Aug_Mar,2710,198,20.47274117933637,58.526229968094924,13.265230669866826,-10.980986684488013,0.07393990775877055,14.103204862191285,0.9830619851238033,2523,0.2983503463596296
clock_FXUTC_USNY_quote,ae_tanh_1,Aug_Mar,2710,198,22.107464330793988,58.587933079456064,12.976783623677939,-14.92144630292216,1.2728998319412916,19.695559611153755,0.9780229097609485,2523,0.4140867688367765
clock_FXUTC_USNY_quote,ae_tanh_2,Aug_Mar,2710,198,21.803178434993,57.11338750148631,13.344809516132704,-14.067745364985766,1.5472625055840012,22.42356242488082,0.9768983624261955,2523,0.3983154512370521
clock_FXUTC_USNY_quote,conditional_neural,Aug_Mar,2710,198,7.023060995185315,9.52399799607369,0.3351378260067018,-10.643434109280513,0.3226666642276871,11.065894284003305,0.30308648721961556,2523,0.005713601913504296
clock_FXUTC_USNY_quote,pca_selected,Aug_Mar,2710,198,5.833024727355069,7.605357683070091,0.27017206426655027,-8.93572576673404,0.45294600439769894,9.571450067794615,0.4921954775541548,2523,0.0016609154398478064
clock_FXUTC_USNY_quote,ae_selected,Aug_Mar,2710,198,18.28273731940516,48.11628349325641,11.096594446825998,-11.01721115513636,0.31959484324958964,15.249002595187305,0.976320264405798,2523,0.2067136408055343
clock_FXUTC_USNY_quote,ae_reconstruction_selected,Aug_Mar,2710,198,18.28273731940516,48.11628349325641,11.096594446825998,-11.01721115513636,0.31959484324958964,15.249002595187305,0.976320264405798,2523,0.2067136408055343
clock_FXKST_USNY_quote,sequential_ols,Aug_Mar,2706,198,7.101763572645145,9.759667379515426,-0.5451007927632201,-11.307160543341453,-0.15152954801628482,10.706143506403379,0.47327584517057814,2518,
clock_FXKST_USNY_quote,pca_1,Aug_Mar,2706,198,7.088571727907949,9.733914460248501,-0.49296070247169577,-11.2428549498676,-0.12562653244069816,10.727573567955695,0.4769964372240511,2518,0.005632369970717803
clock_FXKST_USNY_quote,pca_2,Aug_Mar,2706,198,5.334451818710805,7.041072518147557,-0.18308614642329374,-8.556756217623203,0.1278872975371996,8.203057564504228,0.46301733004458256,2518,0.0012815906339108966
clock_FXKST_USNY_quote,conditional_linear,Aug_Mar,2706,198,7.198635278860669,9.882843848458737,-0.5227019589432418,-11.487289454028229,-0.08065158747263004,10.81341693427298,0.4842255221837031,2518,0.005632369970717803
clock_FXKST_USNY_quote,ae_relu_1,Aug_Mar,2706,198,18.01352698694493,46.45144650212035,10.555346429624642,-11.2408164028705,0.3068181820469746,15.96591011608249,0.9699364680792913,2518,0.1965062908433658
clock_FXKST_USNY_quote,ae_relu_2,Aug_Mar,2706,198,21.026273347352454,59.44799279426981,13.438536045036775,-11.1850721377794,-0.10978153227095785,14.806383919117728,0.9814273589118678,2518,0.3284917642807069
clock_FXKST_USNY_quote,ae_tanh_1,Aug_Mar,2706,198,24.40915980331342,67.1500326166131,14.655081852872971,-14.748916680845488,-0.2883596268739836,19.84329133649482,0.9816849778508987,2518,0.40919015337298836
clock_FXKST_USNY_quote,ae_tanh_2,Aug_Mar,2706,198,23.116146555222514,61.82228936094442,14.77462672049047,-13.79524045494982,1.8432622173972746,22.631704918036093,0.978522534123989,2518,0.39427200578044846
clock_FXKST_USNY_quote,conditional_neural,Aug_Mar,2706,198,7.275886152213503,10.119195353705013,-0.3759043794116135,-11.341510937883513,-0.11132148365451039,10.708402245027184,0.47063954845897743,2518,0.005632369970717803
clock_FXKST_USNY_quote,pca_selected,Aug_Mar,2706,198,5.45496704103455,7.188696835869676,-0.2122110402336012,-8.716006020286173,0.0067571692649153,8.327100161816606,0.45180459117189287,2518,0.001642357959289174
clock_FXKST_USNY_quote,ae_selected,Aug_Mar,2706,198,21.025465461098683,59.447606736317184,13.442968240346795,-11.180673173684994,-0.10205489825835284,14.806383919117728,0.9814291697420597,2518,0.32849159865850425
clock_FXKST_USNY_quote,ae_reconstruction_selected,Aug_Mar,2706,198,21.025465461098683,59.447606736317184,13.442968240346795,-11.180673173684994,-0.10205489825835284,14.806383919117728,0.9814291697420597,2518,0.32849159865850425
clock_NY_macro_end1h_quote,sequential_ols,Aug_Mar,2713,164,7.367281629967414,9.799664988520775,0.14950879235224152,-11.362205190647407,0.7496207701228457,11.394180602090868,0.44205760745456063,2526,
clock_NY_macro_end1h_quote,pca_1,Aug_Mar,2713,164,7.363418073243951,9.782583500779722,0.19908226267731938,-11.297587224025445,0.7903930974651985,11.416454023729125,0.4482475652834083,2526,0.005961880496721726
clock_NY_macro_end1h_quote,pca_2,Aug_Mar,2713,164,5.895082975090085,7.749338705831076,0.26947933079366554,-8.87363739197096,0.3521242579143262,9.863499379324601,0.5090849187280668,2526,0.001537629503546259
clock_NY_macro_end1h_quote,conditional_linear,Aug_Mar,2713,164,8.453140389930999,11.59883014589071,1.1479036896102155,-11.547943475041517,0.920319235098006,14.081643130263787,0.49830328985822026,2526,0.005961880496721726
clock_NY_macro_end1h_quote,ae_relu_1,Aug_Mar,2713,164,18.816128466611875,48.295912160337735,11.703944796597611,-11.299355312640627,0.9498719331140748,16.565734774841108,0.9721092611025796,2526,0.1859855384734307
clock_NY_macro_end1h_quote,ae_relu_2,Aug_Mar,2713,164,20.464453359039258,56.62782654140654,13.536721613792887,-10.799366412235555,0.677050576516109,15.835920293874004,0.9822089629438533,2526,0.31920947347877804
clock_NY_macro_end1h_quote,ae_tanh_1,Aug_Mar,2713,164,22.343979066166973,58.10096627940031,12.963326016480087,-15.183201997375784,1.5426248365473612,19.028085245334946,0.9768623904903954,2526,0.4483003878354965
clock_NY_macro_end1h_quote,ae_tanh_2,Aug_Mar,2713,164,22.401392262367246,58.147643413683255,13.791587263212868,-14.107907628850727,1.993636949490167,21.17384434046378,0.9772299154388079,2526,0.4387193252993541
clock_NY_macro_end1h_quote,conditional_neural,Aug_Mar,2713,164,7.188445351011121,9.792536903998414,0.2308755236972574,-10.845154209124997,0.4967094853375231,11.077352351497893,0.3179503461886808,2526,0.005961880496721726
clock_NY_macro_end1h_quote,pca_selected,Aug_Mar,2713,164,5.895082975090085,7.749338705831076,0.26947933079366554,-8.87363739197096,0.3521242579143262,9.863499379324601,0.5090849187280668,2526,0.001537629503546259
clock_NY_macro_end1h_quote,ae_selected,Aug_Mar,2713,164,18.596007819009888,48.23611017977179,11.658245402997107,-10.696837754363589,0.7518571794310418,16.270600896944117,0.9764962558205835,2526,0.18456928207915296
clock_NY_macro_end1h_quote,ae_reconstruction_selected,Aug_Mar,2713,164,18.596007819009888,48.23611017977179,11.658245402997107,-10.696837754363589,0.7518571794310418,16.270600896944117,0.9764962558205835,2526,0.18456928207915296
