scope,method,variant,n,status,term,coef_raw,effect_bp_per_sd,scenario
core,sequential_ols,Aug_Nov,926,estimated,e_origin,0.3733590534652342,3.625466937839803,clock_UTC_quote
core,sequential_ols,Aug_Nov,926,estimated,downside,37499.0484439253,0.6118238478055099,clock_UTC_quote
core,sequential_ols,Aug_Nov,926,estimated,btc_vol,9.530474648183416,0.0184927737397283,clock_UTC_quote
core,sequential_ols,Aug_Nov,926,estimated,account_ls,0.1423042637037365,0.0901533674178222,clock_UTC_quote
core,sequential_ols,Dec_Mar,800,estimated,e_origin,0.2658358364479714,2.581373150028229,clock_UTC_quote
core,sequential_ols,Dec_Mar,800,estimated,downside,-161204.5742903835,-2.630168151431296,clock_UTC_quote
core,sequential_ols,Dec_Mar,800,estimated,btc_vol,258.1501988833638,0.5009103318611587,clock_UTC_quote
core,sequential_ols,Dec_Mar,800,estimated,account_ls,3.324079247987316,2.1058886780346686,clock_UTC_quote
core,sequential_ols,exclude_top1_downside_days,1716,estimated,e_origin,0.3286574843089432,3.1913966788182595,clock_UTC_quote
core,sequential_ols,exclude_top1_downside_days,1716,estimated,downside,-61655.05300759513,-1.0059463728571052,clock_UTC_quote
core,sequential_ols,exclude_top1_downside_days,1716,estimated,btc_vol,-388.7154384898193,-0.7542569408651313,clock_UTC_quote
core,sequential_ols,exclude_top1_downside_days,1716,estimated,account_ls,1.483254385458776,0.9396793469572616,clock_UTC_quote
core,sequential_ols,exclude_top5_downside_days,1672,estimated,e_origin,0.2680395792898975,2.6027723815153214,clock_UTC_quote
core,sequential_ols,exclude_top5_downside_days,1672,estimated,downside,77364.4883358392,1.2622570678804907,clock_UTC_quote
core,sequential_ols,exclude_top5_downside_days,1672,estimated,btc_vol,-985.2190374640876,-1.9117025559025087,clock_UTC_quote
core,sequential_ols,exclude_top5_downside_days,1672,estimated,account_ls,0.8181834165860387,0.5183399868061257,clock_UTC_quote
core,pca_1,Aug_Nov,926,estimated,e_origin,0.3846377389095759,3.728793786181185,clock_UTC_quote
core,pca_1,Aug_Nov,926,estimated,downside,45482.82564417448,0.7420848941353307,clock_UTC_quote
core,pca_1,Aug_Nov,926,estimated,btc_vol,-48.31929465557542,-0.0937579518664518,clock_UTC_quote
core,pca_1,Aug_Nov,926,estimated,account_ls,0.0674029196194136,0.0427014624813619,clock_UTC_quote
core,pca_1,Dec_Mar,800,estimated,e_origin,0.2626239549158349,2.545955511200394,clock_UTC_quote
core,pca_1,Dec_Mar,800,estimated,downside,-168411.88756857245,-2.747760632445721,clock_UTC_quote
core,pca_1,Dec_Mar,800,estimated,btc_vol,284.35067799263766,0.5517493036780171,clock_UTC_quote
core,pca_1,Dec_Mar,800,estimated,account_ls,3.4384074533832765,2.178318501562238,clock_UTC_quote
core,pca_1,exclude_top1_downside_days,1716,estimated,e_origin,0.3274643068068967,3.174537360476582,clock_UTC_quote
core,pca_1,exclude_top1_downside_days,1716,estimated,downside,-48706.586597172296,-0.7946828642842987,clock_UTC_quote
core,pca_1,exclude_top1_downside_days,1716,estimated,btc_vol,-416.5275687351769,-0.8082231336134942,clock_UTC_quote
core,pca_1,exclude_top1_downside_days,1716,estimated,account_ls,1.397769539057062,0.8855225243454354,clock_UTC_quote
core,pca_1,exclude_top5_downside_days,1672,estimated,e_origin,0.2864253754423738,2.776693631732315,clock_UTC_quote
core,pca_1,exclude_top5_downside_days,1672,estimated,downside,52472.359349699145,0.8561241453572684,clock_UTC_quote
core,pca_1,exclude_top5_downside_days,1672,estimated,btc_vol,-929.9480954799644,-1.8044557437315252,clock_UTC_quote
core,pca_1,exclude_top5_downside_days,1672,estimated,account_ls,1.0573243849426526,0.669841867521324,clock_UTC_quote
core,pca_2,Aug_Nov,926,estimated,e_origin,0.4383417657820169,3.2752799096889507,clock_UTC_quote
core,pca_2,Aug_Nov,926,estimated,downside,83128.88849031282,1.3563073872659164,clock_UTC_quote
core,pca_2,Aug_Nov,926,estimated,btc_vol,-265.3645362132136,-0.5149089114542975,clock_UTC_quote
core,pca_2,Aug_Nov,926,estimated,account_ls,0.3669744460332596,0.2324876374404762,clock_UTC_quote
core,pca_2,Dec_Mar,800,estimated,e_origin,0.1572732674975203,1.1751423514179251,clock_UTC_quote
core,pca_2,Dec_Mar,800,estimated,downside,-135050.46518589926,-2.20344511892131,clock_UTC_quote
core,pca_2,Dec_Mar,800,estimated,btc_vol,687.123653717212,1.333283254872291,clock_UTC_quote
core,pca_2,Dec_Mar,800,estimated,account_ls,3.8918191770591486,2.465566351009673,clock_UTC_quote
core,pca_2,exclude_top1_downside_days,1716,estimated,e_origin,0.3481291963711316,2.6012136005710844,clock_UTC_quote
core,pca_2,exclude_top1_downside_days,1716,estimated,downside,-5985.729900439602,-0.0976614727994441,clock_UTC_quote
core,pca_2,exclude_top1_downside_days,1716,estimated,btc_vol,-227.50143694231355,-0.4414399863745704,clock_UTC_quote
core,pca_2,exclude_top1_downside_days,1716,estimated,account_ls,1.0838881510504057,0.6866706884124473,clock_UTC_quote
core,pca_2,exclude_top5_downside_days,1672,estimated,e_origin,0.3448253633781745,2.57652743404188,clock_UTC_quote
core,pca_2,exclude_top5_downside_days,1672,estimated,downside,60268.50481941408,0.983323845543399,clock_UTC_quote
core,pca_2,exclude_top5_downside_days,1672,estimated,btc_vol,-499.9209049008151,-0.970038169489614,clock_UTC_quote
core,pca_2,exclude_top5_downside_days,1672,estimated,account_ls,0.7328942454045234,0.4643071294189666,clock_UTC_quote
core,conditional_linear,Aug_Nov,926,estimated,e_origin,0.255070468999395,2.9524518010223897,clock_UTC_quote
core,conditional_linear,Aug_Nov,926,estimated,downside,151216.37857605153,2.467203580644512,clock_UTC_quote
core,conditional_linear,Aug_Nov,926,estimated,btc_vol,-1133.8148957249698,-2.200035476026588,clock_UTC_quote
core,conditional_linear,Aug_Nov,926,estimated,account_ls,-0.4184235760700153,-0.2650819687894473,clock_UTC_quote
core,conditional_linear,Dec_Mar,800,estimated,e_origin,0.2987407144640969,3.457936796518496,clock_UTC_quote
core,conditional_linear,Dec_Mar,800,estimated,downside,-104288.17297650826,-1.7015362767539826,clock_UTC_quote
core,conditional_linear,Dec_Mar,800,estimated,btc_vol,124.12219390153264,0.2408446307904763,clock_UTC_quote
core,conditional_linear,Dec_Mar,800,estimated,account_ls,3.9321119657047534,2.49109285657256,clock_UTC_quote
core,conditional_linear,exclude_top1_downside_days,1716,estimated,e_origin,0.3234758605247908,3.744247190747712,clock_UTC_quote
core,conditional_linear,exclude_top1_downside_days,1716,estimated,downside,38802.34289620904,0.6330880307570372,clock_UTC_quote
core,conditional_linear,exclude_top1_downside_days,1716,estimated,btc_vol,-1345.871634594803,-2.6115068283638982,clock_UTC_quote
core,conditional_linear,exclude_top1_downside_days,1716,estimated,account_ls,1.828980121349658,1.1587053865315715,clock_UTC_quote
core,conditional_linear,exclude_top5_downside_days,1672,estimated,e_origin,0.3123393405034799,3.6153414858927935,clock_UTC_quote
core,conditional_linear,exclude_top5_downside_days,1672,estimated,downside,118630.59006864166,1.9355430896271797,clock_UTC_quote
core,conditional_linear,exclude_top5_downside_days,1672,estimated,btc_vol,-1751.69048568089,-3.3989509452088,clock_UTC_quote
core,conditional_linear,exclude_top5_downside_days,1672,estimated,account_ls,1.3751385917148315,0.8711852440865312,clock_UTC_quote
core,ae_relu_1,Aug_Nov,926,estimated,e_origin,0.6461026501042436,31.204576566495906,clock_UTC_quote
core,ae_relu_1,Aug_Nov,926,estimated,downside,135623.04117579252,2.212787106513912,clock_UTC_quote
core,ae_relu_1,Aug_Nov,926,estimated,btc_vol,-758.0183320008903,-1.47084610386437,clock_UTC_quote
core,ae_relu_1,Aug_Nov,926,estimated,account_ls,-0.7750646502621139,-0.4910231525677856,clock_UTC_quote
core,ae_relu_1,Dec_Mar,800,estimated,e_origin,0.2620490322688227,12.656083503587734,clock_UTC_quote
core,ae_relu_1,Dec_Mar,800,estimated,downside,-167176.3624704633,-2.7276021550722005,clock_UTC_quote
core,ae_relu_1,Dec_Mar,800,estimated,btc_vol,280.0573888901098,0.5434186772503583,clock_UTC_quote
core,ae_relu_1,Dec_Mar,800,estimated,account_ls,3.4102090899939834,2.1604541217534305,clock_UTC_quote
core,ae_relu_1,exclude_top1_downside_days,1716,estimated,e_origin,0.6407686036216341,30.946960130703573,clock_UTC_quote
core,ae_relu_1,exclude_top1_downside_days,1716,estimated,downside,76518.57926989807,1.2484554552771312,clock_UTC_quote
core,ae_relu_1,exclude_top1_downside_days,1716,estimated,btc_vol,-1015.0441777891342,-1.9695747597692763,clock_UTC_quote
core,ae_relu_1,exclude_top1_downside_days,1716,estimated,account_ls,0.9828053393162072,0.6226321583732348,clock_UTC_quote
core,ae_relu_1,exclude_top5_downside_days,1672,estimated,e_origin,0.6436735010272986,31.08725686760481,clock_UTC_quote
core,ae_relu_1,exclude_top5_downside_days,1672,estimated,downside,211553.37361225527,3.4516448931560646,clock_UTC_quote
core,ae_relu_1,exclude_top5_downside_days,1672,estimated,btc_vol,-1603.0509727841911,-3.110533318358911,clock_UTC_quote
core,ae_relu_1,exclude_top5_downside_days,1672,estimated,account_ls,0.2172397525509243,0.1376269039292742,clock_UTC_quote
core,ae_relu_2,Aug_Nov,926,estimated,e_origin,0.6069012407930069,35.7360712217219,clock_UTC_quote
core,ae_relu_2,Aug_Nov,926,estimated,downside,128897.67183377584,2.103057886187192,clock_UTC_quote
core,ae_relu_2,Aug_Nov,926,estimated,btc_vol,-645.9658052897801,-1.2534212535891116,clock_UTC_quote
core,ae_relu_2,Aug_Nov,926,estimated,account_ls,-0.8174156363091651,-0.5178535784892165,clock_UTC_quote
core,ae_relu_2,Dec_Mar,800,estimated,e_origin,0.2783764573760354,16.391597575648355,clock_UTC_quote
core,ae_relu_2,Dec_Mar,800,estimated,downside,-113696.92275371538,-1.8550467718359616,clock_UTC_quote
core,ae_relu_2,Dec_Mar,800,estimated,btc_vol,489.3948746231408,0.9496136362435534,clock_UTC_quote
core,ae_relu_2,Dec_Mar,800,estimated,account_ls,1.224546737008144,0.7757814771567647,clock_UTC_quote
core,ae_relu_2,exclude_top1_downside_days,1716,estimated,e_origin,0.6090192018186001,35.86078279086704,clock_UTC_quote
core,ae_relu_2,exclude_top1_downside_days,1716,estimated,downside,52685.60748147869,0.8596034414444157,clock_UTC_quote
core,ae_relu_2,exclude_top1_downside_days,1716,estimated,btc_vol,-517.1882667514918,-1.0035434698628172,clock_UTC_quote
core,ae_relu_2,exclude_top1_downside_days,1716,estimated,account_ls,0.0529822241371577,0.0335655854219157,clock_UTC_quote
core,ae_relu_2,exclude_top5_downside_days,1672,estimated,e_origin,0.6029303331159783,35.5022528835426,clock_UTC_quote
core,ae_relu_2,exclude_top5_downside_days,1672,estimated,downside,151632.60171323607,2.4739945594001127,clock_UTC_quote
core,ae_relu_2,exclude_top5_downside_days,1672,estimated,btc_vol,-876.7589568986227,-1.7012484280934437,clock_UTC_quote
core,ae_relu_2,exclude_top5_downside_days,1672,estimated,account_ls,-0.474109758965042,-0.3003605807998587,clock_UTC_quote
core,ae_tanh_1,Aug_Nov,926,estimated,e_origin,0.562175958087067,33.22841972632726,clock_UTC_quote
core,ae_tanh_1,Aug_Nov,926,estimated,downside,52526.74689867695,0.857011517193865,clock_UTC_quote
core,ae_tanh_1,Aug_Nov,926,estimated,btc_vol,-1088.33131000785,-2.11177988639564,clock_UTC_quote
core,ae_tanh_1,Aug_Nov,926,estimated,account_ls,3.029344160349237,1.9191665099478523,clock_UTC_quote
core,ae_tanh_1,Dec_Mar,800,estimated,e_origin,0.2398232788889192,14.17518564504471,clock_UTC_quote
core,ae_tanh_1,Dec_Mar,800,estimated,downside,-100652.91642369956,-1.6422244610094976,clock_UTC_quote
core,ae_tanh_1,Dec_Mar,800,estimated,btc_vol,323.11956759774296,0.6269758091852085,clock_UTC_quote
core,ae_tanh_1,Dec_Mar,800,estimated,account_ls,4.002857796523489,2.5359121382517,clock_UTC_quote
core,ae_tanh_1,exclude_top1_downside_days,1716,estimated,e_origin,0.5602022589333276,33.11176069288672,clock_UTC_quote
core,ae_tanh_1,exclude_top1_downside_days,1716,estimated,downside,47408.10111684645,0.7734971431564539,clock_UTC_quote
core,ae_tanh_1,exclude_top1_downside_days,1716,estimated,btc_vol,-705.2715665346026,-1.368497161626063,clock_UTC_quote
core,ae_tanh_1,exclude_top1_downside_days,1716,estimated,account_ls,2.352848080149716,1.4905890514261897,clock_UTC_quote
core,ae_tanh_1,exclude_top5_downside_days,1672,estimated,e_origin,0.566344623900279,33.47481620655302,clock_UTC_quote
core,ae_tanh_1,exclude_top5_downside_days,1672,estimated,downside,136975.7991694474,2.2348583225893077,clock_UTC_quote
core,ae_tanh_1,exclude_top5_downside_days,1672,estimated,btc_vol,-1106.197081071089,-2.146446330004641,clock_UTC_quote
core,ae_tanh_1,exclude_top5_downside_days,1672,estimated,account_ls,1.4494295437293483,0.9182504501349475,clock_UTC_quote
core,ae_tanh_2,Aug_Nov,926,estimated,e_origin,0.5472662300684717,31.45640503718646,clock_UTC_quote
core,ae_tanh_2,Aug_Nov,926,estimated,downside,-29919.115720907397,-0.4881518135233978,clock_UTC_quote
core,ae_tanh_2,Aug_Nov,926,estimated,btc_vol,-521.217278952324,-1.0113612978068636,clock_UTC_quote
core,ae_tanh_2,Aug_Nov,926,estimated,account_ls,1.874173579344666,1.1873365906674385,clock_UTC_quote
core,ae_tanh_2,Dec_Mar,800,estimated,e_origin,0.2589285279539171,14.88299515572486,clock_UTC_quote
core,ae_tanh_2,Dec_Mar,800,estimated,downside,-92777.56479738432,-1.513732455617982,clock_UTC_quote
core,ae_tanh_2,Dec_Mar,800,estimated,btc_vol,604.9794207648744,1.1738919579969918,clock_UTC_quote
core,ae_tanh_2,Dec_Mar,800,estimated,account_ls,3.67152762901382,2.326006057079774,clock_UTC_quote
core,ae_tanh_2,exclude_top1_downside_days,1716,estimated,e_origin,0.5470816574782782,31.44579595912373,clock_UTC_quote
core,ae_tanh_2,exclude_top1_downside_days,1716,estimated,downside,55780.2219605021,0.9100942943219764,clock_UTC_quote
core,ae_tanh_2,exclude_top1_downside_days,1716,estimated,btc_vol,-598.2023971793043,-1.1607419346851269,clock_UTC_quote
core,ae_tanh_2,exclude_top1_downside_days,1716,estimated,account_ls,1.2795426207473166,0.8106227671094514,clock_UTC_quote
core,ae_tanh_2,exclude_top5_downside_days,1672,estimated,e_origin,0.5544862300147241,31.87140459352554,clock_UTC_quote
core,ae_tanh_2,exclude_top5_downside_days,1672,estimated,downside,117495.67560576262,1.917026146866696,clock_UTC_quote
core,ae_tanh_2,exclude_top5_downside_days,1672,estimated,btc_vol,-1105.6603305069034,-2.1454048281797498,clock_UTC_quote
core,ae_tanh_2,exclude_top5_downside_days,1672,estimated,account_ls,0.6385899449350131,0.404562958527443,clock_UTC_quote
core,conditional_neural,Aug_Nov,926,estimated,e_origin,0.2141420514703367,2.014866724337156,clock_UTC_quote
core,conditional_neural,Aug_Nov,926,estimated,downside,89959.72329684312,1.467757352224486,clock_UTC_quote
core,conditional_neural,Aug_Nov,926,estimated,btc_vol,-574.6451891430502,-1.1150319218855866,clock_UTC_quote
core,conditional_neural,Aug_Nov,926,estimated,account_ls,0.565309001753011,0.3581376187416604,clock_UTC_quote
core,conditional_neural,Dec_Mar,800,estimated,e_origin,0.1634215452688428,1.53763649568642,clock_UTC_quote
core,conditional_neural,Dec_Mar,800,estimated,downside,-120433.95425418353,-1.9649662686351157,clock_UTC_quote
core,conditional_neural,Dec_Mar,800,estimated,btc_vol,105.09130077410882,0.2039174037989559,clock_UTC_quote
core,conditional_neural,Dec_Mar,800,estimated,account_ls,5.516596132323337,3.494903842435073,clock_UTC_quote
core,conditional_neural,exclude_top1_downside_days,1716,estimated,e_origin,0.224297354187868,2.1104181649842952,clock_UTC_quote
core,conditional_neural,exclude_top1_downside_days,1716,estimated,downside,43333.19352151855,0.7070121055920063,clock_UTC_quote
core,conditional_neural,exclude_top1_downside_days,1716,estimated,btc_vol,-1445.7059810045198,-2.805223725765273,clock_UTC_quote
core,conditional_neural,exclude_top1_downside_days,1716,estimated,account_ls,2.721814369777617,1.724338572402358,clock_UTC_quote
core,conditional_neural,exclude_top5_downside_days,1672,estimated,e_origin,0.2258788989963537,2.1252989508261524,clock_UTC_quote
core,conditional_neural,exclude_top5_downside_days,1672,estimated,downside,62200.0859481084,1.0148389758612648,clock_UTC_quote
core,conditional_neural,exclude_top5_downside_days,1672,estimated,btc_vol,-1549.5997257922193,-3.0068174119410416,clock_UTC_quote
core,conditional_neural,exclude_top5_downside_days,1672,estimated,account_ls,2.585060854515056,1.637701745182537,clock_UTC_quote
core,pca_selected,Aug_Nov,926,estimated,e_origin,0.4311329664704254,3.2698780671013616,clock_UTC_quote
core,pca_selected,Aug_Nov,926,estimated,downside,95784.3500072503,1.562790311029321,clock_UTC_quote
core,pca_selected,Aug_Nov,926,estimated,btc_vol,-394.1326177990177,-0.7647683450680309,clock_UTC_quote
core,pca_selected,Aug_Nov,926,estimated,account_ls,0.3216158203799324,0.2037517953956782,clock_UTC_quote
core,pca_selected,Dec_Mar,800,estimated,e_origin,0.1572732674975203,1.1928208880468074,clock_UTC_quote
core,pca_selected,Dec_Mar,800,estimated,downside,-135050.46518589926,-2.20344511892131,clock_UTC_quote
core,pca_selected,Dec_Mar,800,estimated,btc_vol,687.123653717212,1.333283254872291,clock_UTC_quote
core,pca_selected,Dec_Mar,800,estimated,account_ls,3.8918191770591486,2.465566351009673,clock_UTC_quote
core,pca_selected,exclude_top1_downside_days,1716,estimated,e_origin,0.3540399684429053,2.685175149481702,clock_UTC_quote
core,pca_selected,exclude_top1_downside_days,1716,estimated,downside,-19750.20300194709,-0.3222387153012866,clock_UTC_quote
core,pca_selected,exclude_top1_downside_days,1716,estimated,btc_vol,-166.28061501685224,-0.3226481265962591,clock_UTC_quote
core,pca_selected,exclude_top1_downside_days,1716,estimated,account_ls,1.3765618226062513,0.8720868970246447,clock_UTC_quote
core,pca_selected,exclude_top5_downside_days,1672,estimated,e_origin,0.3328343222080436,2.5243433808286286,clock_UTC_quote
core,pca_selected,exclude_top5_downside_days,1672,estimated,downside,56078.35569922431,0.9149585599168334,clock_UTC_quote
core,pca_selected,exclude_top5_downside_days,1672,estimated,btc_vol,-457.5223253418917,-0.8877686742532472,clock_UTC_quote
core,pca_selected,exclude_top5_downside_days,1672,estimated,account_ls,0.8169866790583683,0.5175818231697966,clock_UTC_quote
core,ae_selected,Aug_Nov,926,estimated,e_origin,0.6461026501042436,31.23163067365952,clock_UTC_quote
core,ae_selected,Aug_Nov,926,estimated,downside,135623.04117579252,2.212787106513912,clock_UTC_quote
core,ae_selected,Aug_Nov,926,estimated,btc_vol,-758.0183320008903,-1.47084610386437,clock_UTC_quote
core,ae_selected,Aug_Nov,926,estimated,account_ls,-0.7750646502621139,-0.4910231525677856,clock_UTC_quote
core,ae_selected,Dec_Mar,800,estimated,e_origin,0.2337143917856889,11.29740230316641,clock_UTC_quote
core,ae_selected,Dec_Mar,800,estimated,downside,-90039.74847815544,-1.4690630204049746,clock_UTC_quote
core,ae_selected,Dec_Mar,800,estimated,btc_vol,469.2902764578766,0.9106030099397256,clock_UTC_quote
core,ae_selected,Dec_Mar,800,estimated,account_ls,0.0064988161844183,0.0041171652064798,clock_UTC_quote
core,ae_selected,exclude_top1_downside_days,1716,estimated,e_origin,0.6432724678731875,31.094823919863916,clock_UTC_quote
core,ae_selected,exclude_top1_downside_days,1716,estimated,downside,55126.28823763083,0.8994248970135309,clock_UTC_quote
core,ae_selected,exclude_top1_downside_days,1716,estimated,btc_vol,-602.9739028690267,-1.1700004845869076,clock_UTC_quote
core,ae_selected,exclude_top1_downside_days,1716,estimated,account_ls,0.0228668060357069,0.0144867027350708,clock_UTC_quote
core,ae_selected,exclude_top5_downside_days,1672,estimated,e_origin,0.6428630482563035,31.075033191156937,clock_UTC_quote
core,ae_selected,exclude_top5_downside_days,1672,estimated,downside,146666.57099839096,2.392970209547068,clock_UTC_quote
core,ae_selected,exclude_top5_downside_days,1672,estimated,btc_vol,-859.8916327864766,-1.668519354262893,clock_UTC_quote
core,ae_selected,exclude_top5_downside_days,1672,estimated,account_ls,-0.6002163711113127,-0.3802523243270136,clock_UTC_quote
core,ae_reconstruction_selected,Aug_Nov,926,estimated,e_origin,0.6461026501042436,31.23163067365952,clock_UTC_quote
core,ae_reconstruction_selected,Aug_Nov,926,estimated,downside,135623.04117579252,2.212787106513912,clock_UTC_quote
core,ae_reconstruction_selected,Aug_Nov,926,estimated,btc_vol,-758.0183320008903,-1.47084610386437,clock_UTC_quote
core,ae_reconstruction_selected,Aug_Nov,926,estimated,account_ls,-0.7750646502621139,-0.4910231525677856,clock_UTC_quote
core,ae_reconstruction_selected,Dec_Mar,800,estimated,e_origin,0.2337143917856889,11.29740230316641,clock_UTC_quote
core,ae_reconstruction_selected,Dec_Mar,800,estimated,downside,-90039.74847815544,-1.4690630204049746,clock_UTC_quote
core,ae_reconstruction_selected,Dec_Mar,800,estimated,btc_vol,469.2902764578766,0.9106030099397256,clock_UTC_quote
core,ae_reconstruction_selected,Dec_Mar,800,estimated,account_ls,0.0064988161844183,0.0041171652064798,clock_UTC_quote
core,ae_reconstruction_selected,exclude_top1_downside_days,1716,estimated,e_origin,0.6432724678731875,31.094823919863916,clock_UTC_quote
core,ae_reconstruction_selected,exclude_top1_downside_days,1716,estimated,downside,55126.28823763083,0.8994248970135309,clock_UTC_quote
core,ae_reconstruction_selected,exclude_top1_downside_days,1716,estimated,btc_vol,-602.9739028690267,-1.1700004845869076,clock_UTC_quote
core,ae_reconstruction_selected,exclude_top1_downside_days,1716,estimated,account_ls,0.0228668060357069,0.0144867027350708,clock_UTC_quote
core,ae_reconstruction_selected,exclude_top5_downside_days,1672,estimated,e_origin,0.6428630482563035,31.075033191156937,clock_UTC_quote
core,ae_reconstruction_selected,exclude_top5_downside_days,1672,estimated,downside,146666.57099839096,2.392970209547068,clock_UTC_quote
core,ae_reconstruction_selected,exclude_top5_downside_days,1672,estimated,btc_vol,-859.8916327864766,-1.668519354262893,clock_UTC_quote
core,ae_reconstruction_selected,exclude_top5_downside_days,1672,estimated,account_ls,-0.6002163711113127,-0.3802523243270136,clock_UTC_quote
full_macro,sequential_ols,Aug_Nov,152,estimated,e_origin,0.3542050280136213,3.2314588046614325,clock_UTC_quote
full_macro,sequential_ols,Aug_Nov,152,estimated,downside,226841.78298462712,3.3507736682944667,clock_UTC_quote
full_macro,sequential_ols,Aug_Nov,152,estimated,btc_vol,-3931.278838423583,-7.158237883846724,clock_UTC_quote
full_macro,sequential_ols,Aug_Nov,152,estimated,account_ls,4.0107910930414805,2.3741896450101856,clock_UTC_quote
full_macro,sequential_ols,Dec_Mar,86,insufficient,,,,clock_UTC_quote
full_macro,sequential_ols,exclude_top1_downside_days,237,estimated,e_origin,0.4368312065349665,3.985268239766516,clock_UTC_quote
full_macro,sequential_ols,exclude_top1_downside_days,237,estimated,downside,-144397.62692466727,-2.1329569874531136,clock_UTC_quote
full_macro,sequential_ols,exclude_top1_downside_days,237,estimated,btc_vol,-902.2926745249316,-1.6429324580018076,clock_UTC_quote
full_macro,sequential_ols,exclude_top1_downside_days,237,estimated,account_ls,2.4209996150650963,1.4331118433551755,clock_UTC_quote
full_macro,sequential_ols,exclude_top5_downside_days,233,estimated,e_origin,0.3695369813094494,3.3713342201751737,clock_UTC_quote
full_macro,sequential_ols,exclude_top5_downside_days,233,estimated,downside,246525.48020800136,3.641529689883457,clock_UTC_quote
full_macro,sequential_ols,exclude_top5_downside_days,233,estimated,btc_vol,-2042.5666941085465,-3.719191360110787,clock_UTC_quote
full_macro,sequential_ols,exclude_top5_downside_days,233,estimated,account_ls,0.5964665746258018,0.3530786650863413,clock_UTC_quote
full_macro,pca_1,Aug_Nov,152,estimated,e_origin,0.4450942907212865,4.05678898721489,clock_UTC_quote
full_macro,pca_1,Aug_Nov,152,estimated,downside,310142.83804523386,4.581247958196978,clock_UTC_quote
full_macro,pca_1,Aug_Nov,152,estimated,btc_vol,-3971.586334193329,-7.231631467736512,clock_UTC_quote
full_macro,pca_1,Aug_Nov,152,estimated,account_ls,3.964854020838408,2.346997173845123,clock_UTC_quote
full_macro,pca_1,Dec_Mar,86,insufficient,,,,clock_UTC_quote
full_macro,pca_1,exclude_top1_downside_days,237,estimated,e_origin,0.4366935616425575,3.980220974724916,clock_UTC_quote
full_macro,pca_1,exclude_top1_downside_days,237,estimated,downside,-154539.84910798556,-2.2827719403366307,clock_UTC_quote
full_macro,pca_1,exclude_top1_downside_days,237,estimated,btc_vol,-827.7582958289482,-1.507217125877335,clock_UTC_quote
full_macro,pca_1,exclude_top1_downside_days,237,estimated,account_ls,2.444167785911831,1.4468262528175824,clock_UTC_quote
full_macro,pca_1,exclude_top5_downside_days,233,estimated,e_origin,0.3742241517239337,3.410846755646519,clock_UTC_quote
full_macro,pca_1,exclude_top5_downside_days,233,estimated,downside,250648.68967795256,3.7024353199618063,clock_UTC_quote
full_macro,pca_1,exclude_top5_downside_days,233,estimated,btc_vol,-2076.473045037508,-3.7809294702011966,clock_UTC_quote
full_macro,pca_1,exclude_top5_downside_days,233,estimated,account_ls,0.7444400118727551,0.4406716097943811,clock_UTC_quote
full_macro,pca_2,Aug_Nov,152,estimated,e_origin,0.5888774511476225,4.637120773216124,clock_UTC_quote
full_macro,pca_2,Aug_Nov,152,estimated,downside,280757.4348746988,4.1471840309939445,clock_UTC_quote
full_macro,pca_2,Aug_Nov,152,estimated,btc_vol,-1901.088709027932,-3.461582293403003,clock_UTC_quote
full_macro,pca_2,Aug_Nov,152,estimated,account_ls,2.106467314506056,1.2469243023725267,clock_UTC_quote
full_macro,pca_2,Dec_Mar,86,insufficient,,,,clock_UTC_quote
full_macro,pca_2,exclude_top1_downside_days,237,estimated,e_origin,0.4734492667209902,3.7281804991807737,clock_UTC_quote
full_macro,pca_2,exclude_top1_downside_days,237,estimated,downside,30921.03670333072,0.4567474043743909,clock_UTC_quote
full_macro,pca_2,exclude_top1_downside_days,237,estimated,btc_vol,-1275.923219212281,-2.3232546710696917,clock_UTC_quote
full_macro,pca_2,exclude_top1_downside_days,237,estimated,account_ls,0.7830767191880595,0.4635426265831721,clock_UTC_quote
full_macro,pca_2,exclude_top5_downside_days,233,estimated,e_origin,0.4648275344439064,3.660288590999778,clock_UTC_quote
full_macro,pca_2,exclude_top5_downside_days,233,estimated,downside,-6067.311231826403,-0.0896227601699327,clock_UTC_quote
full_macro,pca_2,exclude_top5_downside_days,233,estimated,btc_vol,-1133.389193065945,-2.06372272036557,clock_UTC_quote
full_macro,pca_2,exclude_top5_downside_days,233,estimated,account_ls,0.902922173773234,0.5344851989278936,clock_UTC_quote
full_macro,conditional_linear,Aug_Nov,152,estimated,e_origin,0.3846164699154376,4.308852206633674,clock_UTC_quote
full_macro,conditional_linear,Aug_Nov,152,estimated,downside,521559.9458045472,7.704177377927775,clock_UTC_quote
full_macro,conditional_linear,Aug_Nov,152,estimated,btc_vol,-4677.7258624922815,-8.51740002562851,clock_UTC_quote
full_macro,conditional_linear,Aug_Nov,152,estimated,account_ls,1.4758879234486415,0.8736525398011077,clock_UTC_quote
full_macro,conditional_linear,Dec_Mar,86,insufficient,,,,clock_UTC_quote
full_macro,conditional_linear,exclude_top1_downside_days,237,estimated,e_origin,0.3758560408491654,4.210709258877007,clock_UTC_quote
full_macro,conditional_linear,exclude_top1_downside_days,237,estimated,downside,106822.67703675134,1.577921883182022,clock_UTC_quote
full_macro,conditional_linear,exclude_top1_downside_days,237,estimated,btc_vol,-2591.646239355729,-4.718978493910178,clock_UTC_quote
full_macro,conditional_linear,exclude_top1_downside_days,237,estimated,account_ls,0.9200137229919246,0.5446025494033644,clock_UTC_quote
full_macro,conditional_linear,exclude_top5_downside_days,233,estimated,e_origin,0.3693484918153746,4.137805290359508,clock_UTC_quote
full_macro,conditional_linear,exclude_top5_downside_days,233,estimated,downside,358909.229379384,5.3015964664402215,clock_UTC_quote
full_macro,conditional_linear,exclude_top5_downside_days,233,estimated,btc_vol,-3113.468368164129,-5.66913417723578,clock_UTC_quote
full_macro,conditional_linear,exclude_top5_downside_days,233,estimated,account_ls,-0.2221958408984772,-0.1315289309235631,clock_UTC_quote
full_macro,ae_relu_1,Aug_Nov,152,estimated,e_origin,0.8429684736096402,40.79918192446312,clock_UTC_quote
full_macro,ae_relu_1,Aug_Nov,152,estimated,downside,-203860.2255868132,-3.0113035919628435,clock_UTC_quote
full_macro,ae_relu_1,Aug_Nov,152,estimated,btc_vol,-1828.5664507465149,-3.3295307147720856,clock_UTC_quote
full_macro,ae_relu_1,Aug_Nov,152,estimated,account_ls,7.45726521411505,4.414331597116545,clock_UTC_quote
full_macro,ae_relu_1,Dec_Mar,86,insufficient,,,,clock_UTC_quote
full_macro,ae_relu_1,exclude_top1_downside_days,237,estimated,e_origin,0.8495244836510647,41.116488982499725,clock_UTC_quote
full_macro,ae_relu_1,exclude_top1_downside_days,237,estimated,downside,-63581.60898402712,-0.939190207237575,clock_UTC_quote
full_macro,ae_relu_1,exclude_top1_downside_days,237,estimated,btc_vol,-1161.6036191691437,-2.115096734294304,clock_UTC_quote
full_macro,ae_relu_1,exclude_top1_downside_days,237,estimated,account_ls,5.003070054196011,2.9615696356115024,clock_UTC_quote
full_macro,ae_relu_1,exclude_top5_downside_days,233,estimated,e_origin,0.7829666062742843,37.89512657973582,clock_UTC_quote
full_macro,ae_relu_1,exclude_top5_downside_days,233,estimated,downside,228388.72741389432,3.373624223389313,clock_UTC_quote
full_macro,ae_relu_1,exclude_top5_downside_days,233,estimated,btc_vol,-2376.27706797122,-4.326825246842242,clock_UTC_quote
full_macro,ae_relu_1,exclude_top5_downside_days,233,estimated,account_ls,4.352386362566207,2.57639712300552,clock_UTC_quote
full_macro,ae_relu_2,Aug_Nov,152,estimated,e_origin,0.8366143456620577,49.07080585410963,clock_UTC_quote
full_macro,ae_relu_2,Aug_Nov,152,estimated,downside,-193028.87242973983,-2.851309200836148,clock_UTC_quote
full_macro,ae_relu_2,Aug_Nov,152,estimated,btc_vol,-1785.5359733720288,-3.251179011430287,clock_UTC_quote
full_macro,ae_relu_2,Aug_Nov,152,estimated,account_ls,7.18735190051035,4.254556286125538,clock_UTC_quote
full_macro,ae_relu_2,Dec_Mar,86,insufficient,,,,clock_UTC_quote
full_macro,ae_relu_2,exclude_top1_downside_days,237,estimated,e_origin,0.8249385744447941,48.38597477803485,clock_UTC_quote
full_macro,ae_relu_2,exclude_top1_downside_days,237,estimated,downside,-37599.458551823416,-0.555397131868414,clock_UTC_quote
full_macro,ae_relu_2,exclude_top1_downside_days,237,estimated,btc_vol,-810.0012305635007,-1.47488431446576,clock_UTC_quote
full_macro,ae_relu_2,exclude_top1_downside_days,237,estimated,account_ls,4.30315811237865,2.547256437508326,clock_UTC_quote
full_macro,ae_relu_2,exclude_top5_downside_days,233,estimated,e_origin,0.8239976818862745,48.33078763439084,clock_UTC_quote
full_macro,ae_relu_2,exclude_top5_downside_days,233,estimated,downside,117290.93527318546,1.732552849267874,clock_UTC_quote
full_macro,ae_relu_2,exclude_top5_downside_days,233,estimated,btc_vol,-1293.89839826858,-2.355984633246916,clock_UTC_quote
full_macro,ae_relu_2,exclude_top5_downside_days,233,estimated,account_ls,3.738973664944568,2.213287192563676,clock_UTC_quote
full_macro,ae_tanh_1,Aug_Nov,152,estimated,e_origin,0.8927763066853017,51.71392647694931,clock_UTC_quote
full_macro,ae_tanh_1,Aug_Nov,152,estimated,downside,130968.5405730562,1.9345904063754091,clock_UTC_quote
full_macro,ae_tanh_1,Aug_Nov,152,estimated,btc_vol,-5252.229839612789,-9.563481034497798,clock_UTC_quote
full_macro,ae_tanh_1,Aug_Nov,152,estimated,account_ls,5.56878851660535,3.296446941431191,clock_UTC_quote
full_macro,ae_tanh_1,Dec_Mar,86,insufficient,,,,clock_UTC_quote
full_macro,ae_tanh_1,exclude_top1_downside_days,237,estimated,e_origin,0.8272874290809157,47.92049359109547,clock_UTC_quote
full_macro,ae_tanh_1,exclude_top1_downside_days,237,estimated,downside,-169414.70732943946,-2.502494614846904,clock_UTC_quote
full_macro,ae_tanh_1,exclude_top1_downside_days,237,estimated,btc_vol,-836.0500132639709,-1.522315033785931,clock_UTC_quote
full_macro,ae_tanh_1,exclude_top1_downside_days,237,estimated,account_ls,2.705128171950757,1.6013018741897351,clock_UTC_quote
full_macro,ae_tanh_1,exclude_top5_downside_days,233,estimated,e_origin,0.8303318442403946,48.096840858091326,clock_UTC_quote
full_macro,ae_tanh_1,exclude_top5_downside_days,233,estimated,downside,-109913.2681284932,-1.6235742806963542,clock_UTC_quote
full_macro,ae_tanh_1,exclude_top5_downside_days,233,estimated,btc_vol,-950.7358047591206,-1.7311397473615069,clock_UTC_quote
full_macro,ae_tanh_1,exclude_top5_downside_days,233,estimated,account_ls,2.8044266993352527,1.6600816834622876,clock_UTC_quote
full_macro,ae_tanh_2,Aug_Nov,152,estimated,e_origin,0.8466739996803401,47.51972625979354,clock_UTC_quote
full_macro,ae_tanh_2,Aug_Nov,152,estimated,downside,155559.6461105882,2.297835783065984,clock_UTC_quote
full_macro,ae_tanh_2,Aug_Nov,152,estimated,btc_vol,-4409.104973853595,-8.028283811674815,clock_UTC_quote
full_macro,ae_tanh_2,Aug_Nov,152,estimated,account_ls,5.313257699524592,3.145185355918377,clock_UTC_quote
full_macro,ae_tanh_2,Dec_Mar,86,insufficient,,,,clock_UTC_quote
full_macro,ae_tanh_2,exclude_top1_downside_days,237,estimated,e_origin,0.7969078050777468,44.72658988688059,clock_UTC_quote
full_macro,ae_tanh_2,exclude_top1_downside_days,237,estimated,downside,-71070.15441707386,-1.049806604802129,clock_UTC_quote
full_macro,ae_tanh_2,exclude_top1_downside_days,237,estimated,btc_vol,-1621.3573956341677,-2.9522357506794186,clock_UTC_quote
full_macro,ae_tanh_2,exclude_top1_downside_days,237,estimated,account_ls,3.8219820502468393,2.262424044686338,clock_UTC_quote
full_macro,ae_tanh_2,exclude_top5_downside_days,233,estimated,e_origin,0.8100658558816953,45.46508778873202,clock_UTC_quote
full_macro,ae_tanh_2,exclude_top5_downside_days,233,estimated,downside,-283447.68204983283,-4.186922783163132,clock_UTC_quote
full_macro,ae_tanh_2,exclude_top5_downside_days,233,estimated,btc_vol,-752.1936967084756,-1.3696259250662628,clock_UTC_quote
full_macro,ae_tanh_2,exclude_top5_downside_days,233,estimated,account_ls,3.971721544561052,2.351062407693241,clock_UTC_quote
full_macro,conditional_neural,Aug_Nov,152,estimated,e_origin,0.3385030233810374,3.0734847320915444,clock_UTC_quote
full_macro,conditional_neural,Aug_Nov,152,estimated,downside,269631.923645988,3.982844509495804,clock_UTC_quote
full_macro,conditional_neural,Aug_Nov,152,estimated,btc_vol,-3835.6076893849354,-6.98403583113397,clock_UTC_quote
full_macro,conditional_neural,Aug_Nov,152,estimated,account_ls,2.729369151548953,1.6156513332894105,clock_UTC_quote
full_macro,conditional_neural,Dec_Mar,86,insufficient,,,,clock_UTC_quote
full_macro,conditional_neural,exclude_top1_downside_days,237,estimated,e_origin,0.3189527857329562,2.8959756619509776,clock_UTC_quote
full_macro,conditional_neural,exclude_top1_downside_days,237,estimated,downside,259384.3578455352,3.831473482533813,clock_UTC_quote
full_macro,conditional_neural,exclude_top1_downside_days,237,estimated,btc_vol,-3532.9949890615662,-6.433025896550823,clock_UTC_quote
full_macro,conditional_neural,exclude_top1_downside_days,237,estimated,account_ls,1.379019604317462,0.8163112934295879,clock_UTC_quote
full_macro,conditional_neural,exclude_top5_downside_days,233,estimated,e_origin,0.3999207826410382,3.631135719900894,clock_UTC_quote
full_macro,conditional_neural,exclude_top5_downside_days,233,estimated,downside,312729.19641448336,4.619452125905541,clock_UTC_quote
full_macro,conditional_neural,exclude_top5_downside_days,233,estimated,btc_vol,-2339.538194502657,-4.259929560557629,clock_UTC_quote
full_macro,conditional_neural,exclude_top5_downside_days,233,estimated,account_ls,0.9006546835793862,0.5331429570575215,clock_UTC_quote
full_macro,pca_selected,Aug_Nov,152,estimated,e_origin,0.5407130845666219,4.259107373950441,clock_UTC_quote
full_macro,pca_selected,Aug_Nov,152,estimated,downside,344078.54596283834,5.082526316218645,clock_UTC_quote
full_macro,pca_selected,Aug_Nov,152,estimated,btc_vol,-2914.777068915909,-5.30734870133205,clock_UTC_quote
full_macro,pca_selected,Aug_Nov,152,estimated,account_ls,3.801683114863644,2.250408080485378,clock_UTC_quote
full_macro,pca_selected,Dec_Mar,86,insufficient,,,,clock_UTC_quote
full_macro,pca_selected,exclude_top1_downside_days,237,estimated,e_origin,0.433179600116631,3.412083934644135,clock_UTC_quote
full_macro,pca_selected,exclude_top1_downside_days,237,estimated,downside,63409.1094244707,0.9366421449963556,clock_UTC_quote
full_macro,pca_selected,exclude_top1_downside_days,237,estimated,btc_vol,-1619.878903219376,-2.9495436494956766,clock_UTC_quote
full_macro,pca_selected,exclude_top1_downside_days,237,estimated,account_ls,0.8906662275840209,0.5272302859051946,clock_UTC_quote
full_macro,pca_selected,exclude_top5_downside_days,233,estimated,e_origin,0.4441554148435743,3.4985386086162023,clock_UTC_quote
full_macro,pca_selected,exclude_top5_downside_days,233,estimated,downside,111186.2610026254,1.642378184220855,clock_UTC_quote
full_macro,pca_selected,exclude_top5_downside_days,233,estimated,btc_vol,-1829.0154848714728,-3.3303483349960694,clock_UTC_quote
full_macro,pca_selected,exclude_top5_downside_days,233,estimated,account_ls,0.8683573572217764,0.5140245397625426,clock_UTC_quote
full_macro,ae_selected,Aug_Nov,152,estimated,e_origin,0.8429684736096402,40.83387487683382,clock_UTC_quote
full_macro,ae_selected,Aug_Nov,152,estimated,downside,-203860.2255868132,-3.0113035919628435,clock_UTC_quote
full_macro,ae_selected,Aug_Nov,152,estimated,btc_vol,-1828.5664507465149,-3.3295307147720856,clock_UTC_quote
full_macro,ae_selected,Aug_Nov,152,estimated,account_ls,7.45726521411505,4.414331597116545,clock_UTC_quote
full_macro,ae_selected,Dec_Mar,86,insufficient,,,,clock_UTC_quote
full_macro,ae_selected,exclude_top1_downside_days,237,estimated,e_origin,0.8527270621556446,41.30658648603045,clock_UTC_quote
full_macro,ae_selected,exclude_top1_downside_days,237,estimated,downside,74259.20996226849,1.0969134614269105,clock_UTC_quote
full_macro,ae_selected,exclude_top1_downside_days,237,estimated,btc_vol,-1031.791530873709,-1.8787294231955447,clock_UTC_quote
full_macro,ae_selected,exclude_top1_downside_days,237,estimated,account_ls,3.5751428929340507,2.116307491198469,clock_UTC_quote
full_macro,ae_selected,exclude_top5_downside_days,233,estimated,e_origin,0.8095774279290391,39.21639353083545,clock_UTC_quote
full_macro,ae_selected,exclude_top5_downside_days,233,estimated,downside,211822.16691706315,3.128912715850373,clock_UTC_quote
full_macro,ae_selected,exclude_top5_downside_days,233,estimated,btc_vol,-1449.3341844375975,-2.639008651331251,clock_UTC_quote
full_macro,ae_selected,exclude_top5_downside_days,233,estimated,account_ls,3.563973984196829,2.1096960504989077,clock_UTC_quote
full_macro,ae_reconstruction_selected,Aug_Nov,152,estimated,e_origin,0.8429684736096402,40.83387487683382,clock_UTC_quote
full_macro,ae_reconstruction_selected,Aug_Nov,152,estimated,downside,-203860.2255868132,-3.0113035919628435,clock_UTC_quote
full_macro,ae_reconstruction_selected,Aug_Nov,152,estimated,btc_vol,-1828.5664507465149,-3.3295307147720856,clock_UTC_quote
full_macro,ae_reconstruction_selected,Aug_Nov,152,estimated,account_ls,7.45726521411505,4.414331597116545,clock_UTC_quote
full_macro,ae_reconstruction_selected,Dec_Mar,86,insufficient,,,,clock_UTC_quote
full_macro,ae_reconstruction_selected,exclude_top1_downside_days,237,estimated,e_origin,0.8527270621556446,41.30658648603045,clock_UTC_quote
full_macro,ae_reconstruction_selected,exclude_top1_downside_days,237,estimated,downside,74259.20996226849,1.0969134614269105,clock_UTC_quote
full_macro,ae_reconstruction_selected,exclude_top1_downside_days,237,estimated,btc_vol,-1031.791530873709,-1.8787294231955447,clock_UTC_quote
full_macro,ae_reconstruction_selected,exclude_top1_downside_days,237,estimated,account_ls,3.5751428929340507,2.116307491198469,clock_UTC_quote
full_macro,ae_reconstruction_selected,exclude_top5_downside_days,233,estimated,e_origin,0.8095774279290391,39.21639353083545,clock_UTC_quote
full_macro,ae_reconstruction_selected,exclude_top5_downside_days,233,estimated,downside,211822.16691706315,3.128912715850373,clock_UTC_quote
full_macro,ae_reconstruction_selected,exclude_top5_downside_days,233,estimated,btc_vol,-1449.3341844375975,-2.639008651331251,clock_UTC_quote
full_macro,ae_reconstruction_selected,exclude_top5_downside_days,233,estimated,account_ls,3.563973984196829,2.1096960504989077,clock_UTC_quote
core,sequential_ols,Aug_Nov,926,estimated,e_origin,0.3966995079094692,3.7440275648021504,clock_NY_quote
core,sequential_ols,Aug_Nov,926,estimated,downside,5060.73626786748,0.0862617880156439,clock_NY_quote
core,sequential_ols,Aug_Nov,926,estimated,btc_vol,-831.049900569276,-1.619692226484562,clock_NY_quote
core,sequential_ols,Aug_Nov,926,estimated,account_ls,1.9797610747473269,1.2133297136833785,clock_NY_quote
core,sequential_ols,Dec_Mar,804,estimated,e_origin,0.252520548145534,2.3832746804202936,clock_NY_quote
core,sequential_ols,Dec_Mar,804,estimated,downside,-308505.41488047683,-5.258568574116191,clock_NY_quote
core,sequential_ols,Dec_Mar,804,estimated,btc_vol,804.7252507144711,1.5683862450921713,clock_NY_quote
core,sequential_ols,Dec_Mar,804,estimated,account_ls,5.117213111916835,3.136169712161509,clock_NY_quote
core,sequential_ols,exclude_top1_downside_days,1720,estimated,e_origin,0.3633848885296369,3.429606067467072,clock_NY_quote
core,sequential_ols,exclude_top1_downside_days,1720,estimated,downside,-132543.54063055816,-2.2592449397751344,clock_NY_quote
core,sequential_ols,exclude_top1_downside_days,1720,estimated,btc_vol,-964.6638644944252,-1.880101978740242,clock_NY_quote
core,sequential_ols,exclude_top1_downside_days,1720,estimated,account_ls,2.468413509973479,1.5128085381164242,clock_NY_quote
core,sequential_ols,exclude_top5_downside_days,1680,estimated,e_origin,0.2821111653257541,2.6625492551886976,clock_NY_quote
core,sequential_ols,exclude_top5_downside_days,1680,estimated,downside,133604.46638041118,2.277328741674719,clock_NY_quote
core,sequential_ols,exclude_top5_downside_days,1680,estimated,btc_vol,-1758.4499253463182,-3.427168059095832,clock_NY_quote
core,sequential_ols,exclude_top5_downside_days,1680,estimated,account_ls,1.4294227676785007,0.8760456701378528,clock_NY_quote
core,pca_1,Aug_Nov,926,estimated,e_origin,0.4039872646289467,3.8066218928295896,clock_NY_quote
core,pca_1,Aug_Nov,926,estimated,downside,4829.341251796785,0.0823175896287602,clock_NY_quote
core,pca_1,Aug_Nov,926,estimated,btc_vol,-801.9196774871285,-1.5629182639949504,clock_NY_quote
core,pca_1,Aug_Nov,926,estimated,account_ls,1.931404763635991,1.1836937389872957,clock_NY_quote
core,pca_1,Dec_Mar,804,estimated,e_origin,0.2522270562859525,2.376641836231963,clock_NY_quote
core,pca_1,Dec_Mar,804,estimated,downside,-311878.800844752,-5.316068963297285,clock_NY_quote
core,pca_1,Dec_Mar,804,estimated,btc_vol,878.0403330732864,1.711275220711211,clock_NY_quote
core,pca_1,Dec_Mar,804,estimated,account_ls,5.172820028743541,3.170249341937427,clock_NY_quote
core,pca_1,exclude_top1_downside_days,1720,estimated,e_origin,0.3667617303038489,3.455859514059189,clock_NY_quote
core,pca_1,exclude_top1_downside_days,1720,estimated,downside,-136903.42261346197,-2.333560453462425,clock_NY_quote
core,pca_1,exclude_top1_downside_days,1720,estimated,btc_vol,-846.246707895418,-1.6493103645490452,clock_NY_quote
core,pca_1,exclude_top1_downside_days,1720,estimated,account_ls,2.367410767307293,1.4509073165985498,clock_NY_quote
core,pca_1,exclude_top5_downside_days,1680,estimated,e_origin,0.3164101119441741,2.981414922437266,clock_NY_quote
core,pca_1,exclude_top5_downside_days,1680,estimated,downside,114694.7160950716,1.9550062999976536,clock_NY_quote
core,pca_1,exclude_top5_downside_days,1680,estimated,btc_vol,-1567.234136950447,-3.054494016497722,clock_NY_quote
core,pca_1,exclude_top5_downside_days,1680,estimated,account_ls,1.6014541026594165,0.9814779533963788,clock_NY_quote
core,pca_2,Aug_Nov,926,estimated,e_origin,0.4657408619404635,3.5010255739959164,clock_NY_quote
core,pca_2,Aug_Nov,926,estimated,downside,3720.378535177449,0.0634149830286775,clock_NY_quote
core,pca_2,Aug_Nov,926,estimated,btc_vol,-253.25854712505287,-0.4935935854011067,clock_NY_quote
core,pca_2,Aug_Nov,926,estimated,account_ls,2.0916853190527176,1.2819243602947734,clock_NY_quote
core,pca_2,Dec_Mar,804,estimated,e_origin,0.1529372074190729,1.149645904288592,clock_NY_quote
core,pca_2,Dec_Mar,804,estimated,downside,-142946.22206360975,-2.436561806941244,clock_NY_quote
core,pca_2,Dec_Mar,804,estimated,btc_vol,549.1598428733153,1.070296654858027,clock_NY_quote
core,pca_2,Dec_Mar,804,estimated,account_ls,3.953769512386723,2.423133827422339,clock_NY_quote
core,pca_2,exclude_top1_downside_days,1720,estimated,e_origin,0.3960887519075736,2.9774429587795237,clock_NY_quote
core,pca_2,exclude_top1_downside_days,1720,estimated,downside,-25848.916558214587,-0.440602640121053,clock_NY_quote
core,pca_2,exclude_top1_downside_days,1720,estimated,btc_vol,-355.116568209528,-0.6921119232802321,clock_NY_quote
core,pca_2,exclude_top1_downside_days,1720,estimated,account_ls,1.492106001023127,0.9144621389415396,clock_NY_quote
core,pca_2,exclude_top5_downside_days,1680,estimated,e_origin,0.3454703790444961,2.5969390511572863,clock_NY_quote
core,pca_2,exclude_top5_downside_days,1680,estimated,downside,75753.00092297477,1.29123292763883,clock_NY_quote
core,pca_2,exclude_top5_downside_days,1680,estimated,btc_vol,-674.9792249821159,-1.3155149925331997,clock_NY_quote
core,pca_2,exclude_top5_downside_days,1680,estimated,account_ls,1.2422951144478735,0.7613613555442158,clock_NY_quote
core,conditional_linear,Aug_Nov,926,estimated,e_origin,0.3099512781843721,3.508324251154559,clock_NY_quote
core,conditional_linear,Aug_Nov,926,estimated,downside,95413.82834042225,1.6263577073402382,clock_NY_quote
core,conditional_linear,Aug_Nov,926,estimated,btc_vol,-1353.70610122707,-2.638334049014708,clock_NY_quote
core,conditional_linear,Aug_Nov,926,estimated,account_ls,0.909666535904116,0.5575043633468539,clock_NY_quote
core,conditional_linear,Dec_Mar,804,estimated,e_origin,0.2475671308990633,2.802200959485288,clock_NY_quote
core,conditional_linear,Dec_Mar,804,estimated,downside,-313353.1188418126,-5.341199161710821,clock_NY_quote
core,conditional_linear,Dec_Mar,804,estimated,btc_vol,978.3621925036356,1.9067996239444056,clock_NY_quote
core,conditional_linear,Dec_Mar,804,estimated,account_ls,7.029165434292837,4.307941696910134,clock_NY_quote
core,conditional_linear,exclude_top1_downside_days,1720,estimated,e_origin,0.3417210751927768,3.8679251211743417,clock_NY_quote
core,conditional_linear,exclude_top1_downside_days,1720,estimated,downside,-87057.12928367023,-1.4839152317026298,clock_NY_quote
core,conditional_linear,exclude_top1_downside_days,1720,estimated,btc_vol,-1373.0225877099854,-2.6759813226356317,clock_NY_quote
core,conditional_linear,exclude_top1_downside_days,1720,estimated,account_ls,2.7525097525132987,1.686921675815809,clock_NY_quote
core,conditional_linear,exclude_top5_downside_days,1680,estimated,e_origin,0.2974271784237113,3.366564542430052,clock_NY_quote
core,conditional_linear,exclude_top5_downside_days,1680,estimated,downside,186580.4016181388,3.1803196610835647,clock_NY_quote
core,conditional_linear,exclude_top5_downside_days,1680,estimated,btc_vol,-2318.0068533723907,-4.517728332285903,clock_NY_quote
core,conditional_linear,exclude_top5_downside_days,1680,estimated,account_ls,1.8507158575600764,1.1342421922550672,clock_NY_quote
core,ae_relu_1,Aug_Nov,926,estimated,e_origin,0.6834035067711297,34.21360700843684,clock_NY_quote
core,ae_relu_1,Aug_Nov,926,estimated,downside,36122.15802652795,0.6157131637418773,clock_NY_quote
core,ae_relu_1,Aug_Nov,926,estimated,btc_vol,-561.6690012485875,-1.0946766428303665,clock_NY_quote
core,ae_relu_1,Aug_Nov,926,estimated,account_ls,0.7768754164361897,0.4761211030035432,clock_NY_quote
core,ae_relu_1,Dec_Mar,804,estimated,e_origin,0.2525908238788121,12.64559384975641,clock_NY_quote
core,ae_relu_1,Dec_Mar,804,estimated,downside,-312336.1187185417,-5.323864085468557,clock_NY_quote
core,ae_relu_1,Dec_Mar,804,estimated,btc_vol,882.6625851257262,1.7202838563094591,clock_NY_quote
core,ae_relu_1,Dec_Mar,804,estimated,account_ls,5.170669957412571,3.1689316347324112,clock_NY_quote
core,ae_relu_1,exclude_top1_downside_days,1720,estimated,e_origin,0.6576746487759847,32.92552898791159,clock_NY_quote
core,ae_relu_1,exclude_top1_downside_days,1720,estimated,downside,-113864.87533327162,-1.9408614119631515,clock_NY_quote
core,ae_relu_1,exclude_top1_downside_days,1720,estimated,btc_vol,-477.0489055899232,-0.9297545231732528,clock_NY_quote
core,ae_relu_1,exclude_top1_downside_days,1720,estimated,account_ls,1.3134266376600878,0.8049555002083408,clock_NY_quote
core,ae_relu_1,exclude_top5_downside_days,1680,estimated,e_origin,0.6541571703056211,32.74943152154907,clock_NY_quote
core,ae_relu_1,exclude_top5_downside_days,1680,estimated,downside,127162.27283159675,2.167519594378895,clock_NY_quote
core,ae_relu_1,exclude_top5_downside_days,1680,estimated,btc_vol,-1303.11792001026,-2.539739146575358,clock_NY_quote
core,ae_relu_1,exclude_top5_downside_days,1680,estimated,account_ls,0.7392547028319935,0.4530646189418139,clock_NY_quote
core,ae_relu_2,Aug_Nov,926,estimated,e_origin,0.6531272587399289,39.04335307588629,clock_NY_quote
core,ae_relu_2,Aug_Nov,926,estimated,downside,54722.51663255413,0.9327619301981666,clock_NY_quote
core,ae_relu_2,Aug_Nov,926,estimated,btc_vol,-794.8210318904199,-1.5490832089835946,clock_NY_quote
core,ae_relu_2,Aug_Nov,926,estimated,account_ls,0.7472713858331507,0.4579777773095356,clock_NY_quote
core,ae_relu_2,Dec_Mar,804,estimated,e_origin,0.2638139762987597,15.770559389693824,clock_NY_quote
core,ae_relu_2,Dec_Mar,804,estimated,downside,-211263.5147729697,-3.601050827820573,clock_NY_quote
core,ae_relu_2,Dec_Mar,804,estimated,btc_vol,485.6485039758609,0.946514891770916,clock_NY_quote
core,ae_relu_2,Dec_Mar,804,estimated,account_ls,1.3101456142005814,0.8029446700604557,clock_NY_quote
core,ae_relu_2,exclude_top1_downside_days,1720,estimated,e_origin,0.6468657672757167,38.66904681512703,clock_NY_quote
core,ae_relu_2,exclude_top1_downside_days,1720,estimated,downside,-66408.48829325152,-1.131952869380753,clock_NY_quote
core,ae_relu_2,exclude_top1_downside_days,1720,estimated,btc_vol,-238.1700490934743,-0.4641865390199752,clock_NY_quote
core,ae_relu_2,exclude_top1_downside_days,1720,estimated,account_ls,1.4534765225385289,0.8907874164372406,clock_NY_quote
core,ae_relu_2,exclude_top5_downside_days,1680,estimated,e_origin,0.6467086910302499,38.65965694013784,clock_NY_quote
core,ae_relu_2,exclude_top5_downside_days,1680,estimated,downside,72889.14236389069,1.2424175879620605,clock_NY_quote
core,ae_relu_2,exclude_top5_downside_days,1680,estimated,btc_vol,-549.9282909349856,-1.0717943379106236,clock_NY_quote
core,ae_relu_2,exclude_top5_downside_days,1680,estimated,account_ls,0.6326273652514245,0.3877162702811229,clock_NY_quote
core,ae_tanh_1,Aug_Nov,926,estimated,e_origin,0.6319062253771583,34.80029309503063,clock_NY_quote
core,ae_tanh_1,Aug_Nov,926,estimated,downside,47701.2435551544,0.8130821963127605,clock_NY_quote
core,ae_tanh_1,Aug_Nov,926,estimated,btc_vol,-1029.5131863848303,-2.00649143199297,clock_NY_quote
core,ae_tanh_1,Aug_Nov,926,estimated,account_ls,3.70272816686308,2.269278936661965,clock_NY_quote
core,ae_tanh_1,Dec_Mar,804,estimated,e_origin,0.2353137160627721,12.959179636784912,clock_NY_quote
core,ae_tanh_1,Dec_Mar,804,estimated,downside,-274108.3126639642,-4.672259511027321,clock_NY_quote
core,ae_tanh_1,Dec_Mar,804,estimated,btc_vol,1542.694505104529,3.0066669835910345,clock_NY_quote
core,ae_tanh_1,Dec_Mar,804,estimated,account_ls,6.353760489556133,3.894008470991792,clock_NY_quote
core,ae_tanh_1,exclude_top1_downside_days,1720,estimated,e_origin,0.5898820202863502,32.485939167953994,clock_NY_quote
core,ae_tanh_1,exclude_top1_downside_days,1720,estimated,downside,-169502.78695037178,-2.889226527928745,clock_NY_quote
core,ae_tanh_1,exclude_top1_downside_days,1720,estimated,btc_vol,-165.5424960700345,-0.3226375381957403,clock_NY_quote
core,ae_tanh_1,exclude_top1_downside_days,1720,estimated,account_ls,4.7749711277635125,2.926420983418481,clock_NY_quote
core,ae_tanh_1,exclude_top5_downside_days,1680,estimated,e_origin,0.5783762484250411,31.8522941475728,clock_NY_quote
core,ae_tanh_1,exclude_top5_downside_days,1680,estimated,downside,75121.76569941672,1.280473331374487,clock_NY_quote
core,ae_tanh_1,exclude_top5_downside_days,1680,estimated,btc_vol,-764.9096041725738,-1.4907867012474605,clock_NY_quote
core,ae_tanh_1,exclude_top5_downside_days,1680,estimated,account_ls,3.6526116820545793,2.238564210052201,clock_NY_quote
core,ae_tanh_2,Aug_Nov,926,estimated,e_origin,0.6250303399139491,35.2555304448824,clock_NY_quote
core,ae_tanh_2,Aug_Nov,926,estimated,downside,38926.78623289636,0.6635189040521493,clock_NY_quote
core,ae_tanh_2,Aug_Nov,926,estimated,btc_vol,-875.7826488653549,-1.706875059470666,clock_NY_quote
core,ae_tanh_2,Aug_Nov,926,estimated,account_ls,2.593998493687933,1.5897753975404274,clock_NY_quote
core,ae_tanh_2,Dec_Mar,804,estimated,e_origin,0.353570582629581,19.943541367972887,clock_NY_quote
core,ae_tanh_2,Dec_Mar,804,estimated,downside,-200853.032437637,-3.4236009919038137,clock_NY_quote
core,ae_tanh_2,Dec_Mar,804,estimated,btc_vol,1589.2404200722322,3.0973836259926006,clock_NY_quote
core,ae_tanh_2,Dec_Mar,804,estimated,account_ls,6.992893248564827,4.285711680730199,clock_NY_quote
core,ae_tanh_2,exclude_top1_downside_days,1720,estimated,e_origin,0.5907589161008869,33.32241272487343,clock_NY_quote
core,ae_tanh_2,exclude_top1_downside_days,1720,estimated,downside,-157479.92047891702,-2.684293114289696,clock_NY_quote
core,ae_tanh_2,exclude_top1_downside_days,1720,estimated,btc_vol,-22.945423474008773,-0.0447199668862127,clock_NY_quote
core,ae_tanh_2,exclude_top1_downside_days,1720,estimated,account_ls,3.830415759765888,2.347534415322417,clock_NY_quote
core,ae_tanh_2,exclude_top5_downside_days,1680,estimated,e_origin,0.5715227032971986,32.2373727790717,clock_NY_quote
core,ae_tanh_2,exclude_top5_downside_days,1680,estimated,downside,65390.00680842375,1.1145925428804566,clock_NY_quote
core,ae_tanh_2,exclude_top5_downside_days,1680,estimated,btc_vol,-706.933974464868,-1.3777938753066905,clock_NY_quote
core,ae_tanh_2,exclude_top5_downside_days,1680,estimated,account_ls,3.289890881612201,2.0162646959535486,clock_NY_quote
core,conditional_neural,Aug_Nov,926,estimated,e_origin,0.218344346583558,2.11804784085415,clock_NY_quote
core,conditional_neural,Aug_Nov,926,estimated,downside,-1281.705301638851,-0.0218470564709128,clock_NY_quote
core,conditional_neural,Aug_Nov,926,estimated,btc_vol,-739.3990456286151,-1.44106736028054,clock_NY_quote
core,conditional_neural,Aug_Nov,926,estimated,account_ls,1.7755558857827975,1.088179145456041,clock_NY_quote
core,conditional_neural,Dec_Mar,804,estimated,e_origin,0.1779738871736021,1.7264344754271463,clock_NY_quote
core,conditional_neural,Dec_Mar,804,estimated,downside,-63887.96883801892,-1.0889898490951295,clock_NY_quote
core,conditional_neural,Dec_Mar,804,estimated,btc_vol,359.27341703833224,0.7002135014527023,clock_NY_quote
core,conditional_neural,Dec_Mar,804,estimated,account_ls,7.3385536345258595,4.497555434241371,clock_NY_quote
core,conditional_neural,exclude_top1_downside_days,1720,estimated,e_origin,0.2342648337328494,2.272484417571279,clock_NY_quote
core,conditional_neural,exclude_top1_downside_days,1720,estimated,downside,123436.91422097724,2.104019724450496,clock_NY_quote
core,conditional_neural,exclude_top1_downside_days,1720,estimated,btc_vol,-1685.3913713203845,-3.2847790497800875,clock_NY_quote
core,conditional_neural,exclude_top1_downside_days,1720,estimated,account_ls,2.5974867673003965,1.591913244413692,clock_NY_quote
core,conditional_neural,exclude_top5_downside_days,1680,estimated,e_origin,0.2357729896684354,2.287114273910686,clock_NY_quote
core,conditional_neural,exclude_top5_downside_days,1680,estimated,downside,144445.2205553195,2.4621126918882927,clock_NY_quote
core,conditional_neural,exclude_top5_downside_days,1680,estimated,btc_vol,-1814.683717003216,-3.5367660930406504,clock_NY_quote
core,conditional_neural,exclude_top5_downside_days,1680,estimated,account_ls,2.544002871592194,1.5591347436672889,clock_NY_quote
core,pca_selected,Aug_Nov,926,estimated,e_origin,0.4657408619404635,3.5010255739959164,clock_NY_quote
core,pca_selected,Aug_Nov,926,estimated,downside,3720.378535177449,0.0634149830286775,clock_NY_quote
core,pca_selected,Aug_Nov,926,estimated,btc_vol,-253.25854712505287,-0.4935935854011067,clock_NY_quote
core,pca_selected,Aug_Nov,926,estimated,account_ls,2.0916853190527176,1.2819243602947734,clock_NY_quote
core,pca_selected,Dec_Mar,804,estimated,e_origin,0.1529372074190729,1.149645904288592,clock_NY_quote
core,pca_selected,Dec_Mar,804,estimated,downside,-142946.22206360975,-2.436561806941244,clock_NY_quote
core,pca_selected,Dec_Mar,804,estimated,btc_vol,549.1598428733153,1.070296654858027,clock_NY_quote
core,pca_selected,Dec_Mar,804,estimated,account_ls,3.953769512386723,2.423133827422339,clock_NY_quote
core,pca_selected,exclude_top1_downside_days,1720,estimated,e_origin,0.3960887519075736,2.9774429587795237,clock_NY_quote
core,pca_selected,exclude_top1_downside_days,1720,estimated,downside,-25848.916558214587,-0.440602640121053,clock_NY_quote
core,pca_selected,exclude_top1_downside_days,1720,estimated,btc_vol,-355.116568209528,-0.6921119232802321,clock_NY_quote
core,pca_selected,exclude_top1_downside_days,1720,estimated,account_ls,1.492106001023127,0.9144621389415396,clock_NY_quote
core,pca_selected,exclude_top5_downside_days,1680,estimated,e_origin,0.3454703790444961,2.5969390511572863,clock_NY_quote
core,pca_selected,exclude_top5_downside_days,1680,estimated,downside,75753.00092297477,1.29123292763883,clock_NY_quote
core,pca_selected,exclude_top5_downside_days,1680,estimated,btc_vol,-674.9792249821159,-1.3155149925331997,clock_NY_quote
core,pca_selected,exclude_top5_downside_days,1680,estimated,account_ls,1.2422951144478735,0.7613613555442158,clock_NY_quote
core,ae_selected,Aug_Nov,926,estimated,e_origin,0.6834035067711297,34.18599509082903,clock_NY_quote
core,ae_selected,Aug_Nov,926,estimated,downside,36122.15802652795,0.6157131637418773,clock_NY_quote
core,ae_selected,Aug_Nov,926,estimated,btc_vol,-561.6690012485875,-1.0946766428303665,clock_NY_quote
core,ae_selected,Aug_Nov,926,estimated,account_ls,0.7768754164361897,0.4761211030035432,clock_NY_quote
core,ae_selected,Dec_Mar,804,estimated,e_origin,0.2738735376613604,13.700016639122657,clock_NY_quote
core,ae_selected,Dec_Mar,804,estimated,downside,-285007.07581134903,-4.858032241809948,clock_NY_quote
core,ae_selected,Dec_Mar,804,estimated,btc_vol,893.507960976738,1.7414211802501205,clock_NY_quote
core,ae_selected,Dec_Mar,804,estimated,account_ls,1.9382133397346664,1.1878664888174495,clock_NY_quote
core,ae_selected,exclude_top1_downside_days,1720,estimated,e_origin,0.6568069056110292,32.85554936193927,clock_NY_quote
core,ae_selected,exclude_top1_downside_days,1720,estimated,downside,-9610.353912934388,-0.1638114037391227,clock_NY_quote
core,ae_selected,exclude_top1_downside_days,1720,estimated,btc_vol,-263.46473109225053,-0.5134851428423839,clock_NY_quote
core,ae_selected,exclude_top1_downside_days,1720,estimated,account_ls,0.5141126736368951,0.3150825577194778,clock_NY_quote
core,ae_selected,exclude_top5_downside_days,1680,estimated,e_origin,0.6599009440627501,33.01032290681192,clock_NY_quote
core,ae_selected,exclude_top5_downside_days,1680,estimated,downside,69689.93027315005,1.1878860453996096,clock_NY_quote
core,ae_selected,exclude_top5_downside_days,1680,estimated,btc_vol,-410.3859887759087,-0.7998304258543268,clock_NY_quote
core,ae_selected,exclude_top5_downside_days,1680,estimated,account_ls,0.1970900203712998,0.1207899180548748,clock_NY_quote
core,ae_reconstruction_selected,Aug_Nov,926,estimated,e_origin,0.6834035067711297,34.18599509082903,clock_NY_quote
core,ae_reconstruction_selected,Aug_Nov,926,estimated,downside,36122.15802652795,0.6157131637418773,clock_NY_quote
core,ae_reconstruction_selected,Aug_Nov,926,estimated,btc_vol,-561.6690012485875,-1.0946766428303665,clock_NY_quote
core,ae_reconstruction_selected,Aug_Nov,926,estimated,account_ls,0.7768754164361897,0.4761211030035432,clock_NY_quote
core,ae_reconstruction_selected,Dec_Mar,804,estimated,e_origin,0.2738735376613604,13.700016639122657,clock_NY_quote
core,ae_reconstruction_selected,Dec_Mar,804,estimated,downside,-285007.07581134903,-4.858032241809948,clock_NY_quote
core,ae_reconstruction_selected,Dec_Mar,804,estimated,btc_vol,893.507960976738,1.7414211802501205,clock_NY_quote
core,ae_reconstruction_selected,Dec_Mar,804,estimated,account_ls,1.9382133397346664,1.1878664888174495,clock_NY_quote
core,ae_reconstruction_selected,exclude_top1_downside_days,1720,estimated,e_origin,0.6568069056110292,32.85554936193927,clock_NY_quote
core,ae_reconstruction_selected,exclude_top1_downside_days,1720,estimated,downside,-9610.353912934388,-0.1638114037391227,clock_NY_quote
core,ae_reconstruction_selected,exclude_top1_downside_days,1720,estimated,btc_vol,-263.46473109225053,-0.5134851428423839,clock_NY_quote
core,ae_reconstruction_selected,exclude_top1_downside_days,1720,estimated,account_ls,0.5141126736368951,0.3150825577194778,clock_NY_quote
core,ae_reconstruction_selected,exclude_top5_downside_days,1680,estimated,e_origin,0.6599009440627501,33.01032290681192,clock_NY_quote
core,ae_reconstruction_selected,exclude_top5_downside_days,1680,estimated,downside,69689.93027315005,1.1878860453996096,clock_NY_quote
core,ae_reconstruction_selected,exclude_top5_downside_days,1680,estimated,btc_vol,-410.3859887759087,-0.7998304258543268,clock_NY_quote
core,ae_reconstruction_selected,exclude_top5_downside_days,1680,estimated,account_ls,0.1970900203712998,0.1207899180548748,clock_NY_quote
full_macro,sequential_ols,Aug_Nov,152,estimated,e_origin,0.2665368230974609,2.2088597325023223,clock_NY_quote
full_macro,sequential_ols,Aug_Nov,152,estimated,downside,67306.23623647117,1.0843019058653844,clock_NY_quote
full_macro,sequential_ols,Aug_Nov,152,estimated,btc_vol,-767.4618071675549,-1.4288278156733865,clock_NY_quote
full_macro,sequential_ols,Aug_Nov,152,estimated,account_ls,2.96686571163712,1.6645668376309035,clock_NY_quote
full_macro,sequential_ols,Dec_Mar,86,insufficient,,,,clock_NY_quote
full_macro,sequential_ols,exclude_top1_downside_days,237,estimated,e_origin,0.4360258095006606,3.613458890014484,clock_NY_quote
full_macro,sequential_ols,exclude_top1_downside_days,237,estimated,downside,-315877.08963856497,-5.088772593240229,clock_NY_quote
full_macro,sequential_ols,exclude_top1_downside_days,237,estimated,btc_vol,885.6458707395575,1.6488578886019825,clock_NY_quote
full_macro,sequential_ols,exclude_top1_downside_days,237,estimated,account_ls,2.533368693314328,1.4213523375334849,clock_NY_quote
full_macro,sequential_ols,exclude_top5_downside_days,233,estimated,e_origin,0.232462894677025,1.926480256595737,clock_NY_quote
full_macro,sequential_ols,exclude_top5_downside_days,233,estimated,downside,27575.81015614777,0.4442456625124863,clock_NY_quote
full_macro,sequential_ols,exclude_top5_downside_days,233,estimated,btc_vol,-508.4685734122422,-0.946645206708719,clock_NY_quote
full_macro,sequential_ols,exclude_top5_downside_days,233,estimated,account_ls,1.640258233372538,0.9202706579248526,clock_NY_quote
full_macro,pca_1,Aug_Nov,152,estimated,e_origin,0.2687024154114686,2.223861095727496,clock_NY_quote
full_macro,pca_1,Aug_Nov,152,estimated,downside,58853.63299006731,0.948130663465214,clock_NY_quote
full_macro,pca_1,Aug_Nov,152,estimated,btc_vol,-788.498014876096,-1.4679921342486355,clock_NY_quote
full_macro,pca_1,Aug_Nov,152,estimated,account_ls,3.0352789717466164,1.7029502547117013,clock_NY_quote
full_macro,pca_1,Dec_Mar,86,insufficient,,,,clock_NY_quote
full_macro,pca_1,exclude_top1_downside_days,237,estimated,e_origin,0.4486808497204205,3.713416139424144,clock_NY_quote
full_macro,pca_1,exclude_top1_downside_days,237,estimated,downside,-321802.0211231678,-5.184223102139662,clock_NY_quote
full_macro,pca_1,exclude_top1_downside_days,237,estimated,btc_vol,927.3971185897096,1.7265885896091624,clock_NY_quote
full_macro,pca_1,exclude_top1_downside_days,237,estimated,account_ls,2.2733628871223424,1.275475481401749,clock_NY_quote
full_macro,pca_1,exclude_top5_downside_days,233,estimated,e_origin,0.2425846167704535,2.0077024273550683,clock_NY_quote
full_macro,pca_1,exclude_top5_downside_days,233,estimated,downside,14336.903404866242,0.2309671815771617,clock_NY_quote
full_macro,pca_1,exclude_top5_downside_days,233,estimated,btc_vol,-485.1338426478457,-0.9032015954748636,clock_NY_quote
full_macro,pca_1,exclude_top5_downside_days,233,estimated,account_ls,1.7752854994291078,0.9960280163964996,clock_NY_quote
full_macro,pca_2,Aug_Nov,152,estimated,e_origin,0.403200821226548,2.758115725903776,clock_NY_quote
full_macro,pca_2,Aug_Nov,152,estimated,downside,308178.87438284466,4.964754523886108,clock_NY_quote
full_macro,pca_2,Aug_Nov,152,estimated,btc_vol,-1770.7296732477064,-3.2966693424291758,clock_NY_quote
full_macro,pca_2,Aug_Nov,152,estimated,account_ls,2.957049190397659,1.6590592557905752,clock_NY_quote
full_macro,pca_2,Dec_Mar,86,insufficient,,,,clock_NY_quote
full_macro,pca_2,exclude_top1_downside_days,237,estimated,e_origin,0.3940519906222708,2.695532684811435,clock_NY_quote
full_macro,pca_2,exclude_top1_downside_days,237,estimated,downside,-174158.61518045806,-2.805691254218727,clock_NY_quote
full_macro,pca_2,exclude_top1_downside_days,237,estimated,btc_vol,1202.8565299119236,2.2394272290181814,clock_NY_quote
full_macro,pca_2,exclude_top1_downside_days,237,estimated,account_ls,0.8980022805328696,0.5038262468128746,clock_NY_quote
full_macro,pca_2,exclude_top5_downside_days,233,estimated,e_origin,0.3066024429770008,2.0973296061325133,clock_NY_quote
full_macro,pca_2,exclude_top5_downside_days,233,estimated,downside,-37113.770183001376,-0.597901977491234,clock_NY_quote
full_macro,pca_2,exclude_top5_downside_days,233,estimated,btc_vol,597.5678360849976,1.1125264319030668,clock_NY_quote
full_macro,pca_2,exclude_top5_downside_days,233,estimated,account_ls,2.063572763151436,1.1577722493832856,clock_NY_quote
full_macro,conditional_linear,Aug_Nov,152,estimated,e_origin,0.3177836574326289,3.2482094438674927,clock_NY_quote
full_macro,conditional_linear,Aug_Nov,152,estimated,downside,104573.23500832389,1.684672392371754,clock_NY_quote
full_macro,conditional_linear,Aug_Nov,152,estimated,btc_vol,-588.183664618811,-1.0950553798028697,clock_NY_quote
full_macro,conditional_linear,Aug_Nov,152,estimated,account_ls,0.0112289778858445,0.0063000438934439,clock_NY_quote
full_macro,conditional_linear,Dec_Mar,86,insufficient,,,,clock_NY_quote
full_macro,conditional_linear,exclude_top1_downside_days,237,estimated,e_origin,0.3459157742495093,3.535760440853382,clock_NY_quote
full_macro,conditional_linear,exclude_top1_downside_days,237,estimated,downside,-324139.34095093614,-5.221877270394771,clock_NY_quote
full_macro,conditional_linear,exclude_top1_downside_days,237,estimated,btc_vol,199.03750518363265,0.3705595784866478,clock_NY_quote
full_macro,conditional_linear,exclude_top1_downside_days,237,estimated,account_ls,2.3378993035197486,1.311683786392872,clock_NY_quote
full_macro,conditional_linear,exclude_top5_downside_days,233,estimated,e_origin,0.3160692764572246,3.230685986180322,clock_NY_quote
full_macro,conditional_linear,exclude_top5_downside_days,233,estimated,downside,-86160.6196628323,-1.388045585890716,clock_NY_quote
full_macro,conditional_linear,exclude_top5_downside_days,233,estimated,btc_vol,-244.95910709195752,-0.4560544676578161,clock_NY_quote
full_macro,conditional_linear,exclude_top5_downside_days,233,estimated,account_ls,2.432466322033056,1.3647408298355352,clock_NY_quote
full_macro,ae_relu_1,Aug_Nov,152,estimated,e_origin,0.6972421932913315,37.97146046455237,clock_NY_quote
full_macro,ae_relu_1,Aug_Nov,152,estimated,downside,-160115.79047519277,-2.579461673676504,clock_NY_quote
full_macro,ae_relu_1,Aug_Nov,152,estimated,btc_vol,749.4644065233257,1.395321019100409,clock_NY_quote
full_macro,ae_relu_1,Aug_Nov,152,estimated,account_ls,0.5522373840179154,0.3098340556266798,clock_NY_quote
full_macro,ae_relu_1,Dec_Mar,86,insufficient,,,,clock_NY_quote
full_macro,ae_relu_1,exclude_top1_downside_days,237,estimated,e_origin,0.6956215775288341,37.88320254220345,clock_NY_quote
full_macro,ae_relu_1,exclude_top1_downside_days,237,estimated,downside,-222835.61012262024,-3.589876514588196,clock_NY_quote
full_macro,ae_relu_1,exclude_top1_downside_days,237,estimated,btc_vol,1137.1335336829843,2.1170669444225427,clock_NY_quote
full_macro,ae_relu_1,exclude_top1_downside_days,237,estimated,account_ls,-0.7104650672156774,-0.3986080615458184,clock_NY_quote
full_macro,ae_relu_1,exclude_top5_downside_days,233,estimated,e_origin,0.695433305945772,37.87294936613117,clock_NY_quote
full_macro,ae_relu_1,exclude_top5_downside_days,233,estimated,downside,-270355.7430116703,-4.355424754093718,clock_NY_quote
full_macro,ae_relu_1,exclude_top5_downside_days,233,estimated,btc_vol,1259.9115097082224,2.3456497685560174,clock_NY_quote
full_macro,ae_relu_1,exclude_top5_downside_days,233,estimated,account_ls,-0.3838711998354318,-0.2153718203898942,clock_NY_quote
full_macro,ae_relu_2,Aug_Nov,152,estimated,e_origin,0.7961883377355765,51.974187843813816,clock_NY_quote
full_macro,ae_relu_2,Aug_Nov,152,estimated,downside,-219421.8188710669,-3.5348804166444507,clock_NY_quote
full_macro,ae_relu_2,Aug_Nov,152,estimated,btc_vol,1336.792238005499,2.488783045097549,clock_NY_quote
full_macro,ae_relu_2,Aug_Nov,152,estimated,account_ls,0.3560390959413794,0.1997565544269553,clock_NY_quote
full_macro,ae_relu_2,Dec_Mar,86,insufficient,,,,clock_NY_quote
full_macro,ae_relu_2,exclude_top1_downside_days,237,estimated,e_origin,0.6593289301968637,43.04017535144232,clock_NY_quote
full_macro,ae_relu_2,exclude_top1_downside_days,237,estimated,downside,-256161.1767226406,-4.126750620153847,clock_NY_quote
full_macro,ae_relu_2,exclude_top1_downside_days,237,estimated,btc_vol,1553.180194835574,2.891644957974526,clock_NY_quote
full_macro,ae_relu_2,exclude_top1_downside_days,237,estimated,account_ls,-1.7265618416746171,-0.9686914960450442,clock_NY_quote
full_macro,ae_relu_2,exclude_top5_downside_days,233,estimated,e_origin,0.6618091510948453,43.20208109752807,clock_NY_quote
full_macro,ae_relu_2,exclude_top5_downside_days,233,estimated,downside,-315559.8956883151,-5.08366260605306,clock_NY_quote
full_macro,ae_relu_2,exclude_top5_downside_days,233,estimated,btc_vol,1762.8023210135132,3.2819105345366246,clock_NY_quote
full_macro,ae_relu_2,exclude_top5_downside_days,233,estimated,account_ls,-1.5046877636727345,-0.8442085337986429,clock_NY_quote
full_macro,ae_tanh_1,Aug_Nov,152,estimated,e_origin,0.7732285721753791,46.72368984328431,clock_NY_quote
full_macro,ae_tanh_1,Aug_Nov,152,estimated,downside,-189810.9943587334,-3.057850720017753,clock_NY_quote
full_macro,ae_tanh_1,Aug_Nov,152,estimated,btc_vol,668.3120635110989,1.2442350316023731,clock_NY_quote
full_macro,ae_tanh_1,Aug_Nov,152,estimated,account_ls,0.4216647786878179,0.2365759948108378,clock_NY_quote
full_macro,ae_tanh_1,Dec_Mar,86,insufficient,,,,clock_NY_quote
full_macro,ae_tanh_1,exclude_top1_downside_days,237,estimated,e_origin,0.7247939130810785,43.79694079310305,clock_NY_quote
full_macro,ae_tanh_1,exclude_top1_downside_days,237,estimated,downside,-153937.8111646374,-2.4799345701656668,clock_NY_quote
full_macro,ae_tanh_1,exclude_top1_downside_days,237,estimated,btc_vol,624.8568327459658,1.1633319275340654,clock_NY_quote
full_macro,ae_tanh_1,exclude_top1_downside_days,237,estimated,account_ls,1.042762999306322,0.5850445813390227,clock_NY_quote
full_macro,ae_tanh_1,exclude_top5_downside_days,233,estimated,e_origin,0.7166968687202772,43.30766271547454,clock_NY_quote
full_macro,ae_tanh_1,exclude_top5_downside_days,233,estimated,downside,-210328.9876549216,-3.3883951164898094,clock_NY_quote
full_macro,ae_tanh_1,exclude_top5_downside_days,233,estimated,btc_vol,899.532745841741,1.6747118832027197,clock_NY_quote
full_macro,ae_tanh_1,exclude_top5_downside_days,233,estimated,account_ls,1.775360573488287,0.9960701368702324,clock_NY_quote
full_macro,ae_tanh_2,Aug_Nov,152,estimated,e_origin,0.7710514973652692,47.66599368803062,clock_NY_quote
full_macro,ae_tanh_2,Aug_Nov,152,estimated,downside,-164666.25449317432,-2.6527695435436294,clock_NY_quote
full_macro,ae_tanh_2,Aug_Nov,152,estimated,btc_vol,800.9385354339948,1.4911533673531014,clock_NY_quote
full_macro,ae_tanh_2,Aug_Nov,152,estimated,account_ls,1.8494947262754613,1.0376632739580922,clock_NY_quote
full_macro,ae_tanh_2,Dec_Mar,86,insufficient,,,,clock_NY_quote
full_macro,ae_tanh_2,exclude_top1_downside_days,237,estimated,e_origin,0.6431500866794898,39.75919646985407,clock_NY_quote
full_macro,ae_tanh_2,exclude_top1_downside_days,237,estimated,downside,-236303.1881242129,-3.8068388840662974,clock_NY_quote
full_macro,ae_tanh_2,exclude_top1_downside_days,237,estimated,btc_vol,1072.7152429940684,1.9971357052197007,clock_NY_quote
full_macro,ae_tanh_2,exclude_top1_downside_days,237,estimated,account_ls,2.263291657662911,1.269824994928234,clock_NY_quote
full_macro,ae_tanh_2,exclude_top5_downside_days,233,estimated,e_origin,0.6384232616005321,39.466986656180254,clock_NY_quote
full_macro,ae_tanh_2,exclude_top5_downside_days,233,estimated,downside,-284087.6835082805,-4.576645997239629,clock_NY_quote
full_macro,ae_tanh_2,exclude_top5_downside_days,233,estimated,btc_vol,1142.9052222580196,2.12781242921722,clock_NY_quote
full_macro,ae_tanh_2,exclude_top5_downside_days,233,estimated,account_ls,2.9246572459349864,1.6408856807792565,clock_NY_quote
full_macro,conditional_neural,Aug_Nov,152,estimated,e_origin,0.0096806905464701,0.0836094303218873,clock_NY_quote
full_macro,conditional_neural,Aug_Nov,152,estimated,downside,326094.0358996876,5.253367360716715,clock_NY_quote
full_macro,conditional_neural,Aug_Nov,152,estimated,btc_vol,-1542.2392532739543,-2.871275577391805,clock_NY_quote
full_macro,conditional_neural,Aug_Nov,152,estimated,account_ls,0.929488307983024,0.5214915549987794,clock_NY_quote
full_macro,conditional_neural,Dec_Mar,86,insufficient,,,,clock_NY_quote
full_macro,conditional_neural,exclude_top1_downside_days,237,estimated,e_origin,0.2578012318670481,2.226557499097418,clock_NY_quote
full_macro,conditional_neural,exclude_top1_downside_days,237,estimated,downside,-73220.1161255372,-1.1795743738168545,clock_NY_quote
full_macro,conditional_neural,exclude_top1_downside_days,237,estimated,btc_vol,-407.632516051902,-0.758912915363782,clock_NY_quote
full_macro,conditional_neural,exclude_top1_downside_days,237,estimated,account_ls,2.993540012812315,1.6795325157130128,clock_NY_quote
full_macro,conditional_neural,exclude_top5_downside_days,233,estimated,e_origin,0.2949061655298743,2.5470224856382293,clock_NY_quote
full_macro,conditional_neural,exclude_top5_downside_days,233,estimated,downside,-38304.31164924305,-0.617081572920136,clock_NY_quote
full_macro,conditional_neural,exclude_top5_downside_days,233,estimated,btc_vol,-671.9180530616786,-1.2509485098820432,clock_NY_quote
full_macro,conditional_neural,exclude_top5_downside_days,233,estimated,account_ls,2.9050786273232974,1.629901051734601,clock_NY_quote
full_macro,pca_selected,Aug_Nov,152,estimated,e_origin,0.403200821226548,2.758115725903776,clock_NY_quote
full_macro,pca_selected,Aug_Nov,152,estimated,downside,308178.87438284466,4.964754523886108,clock_NY_quote
full_macro,pca_selected,Aug_Nov,152,estimated,btc_vol,-1770.7296732477064,-3.2966693424291758,clock_NY_quote
full_macro,pca_selected,Aug_Nov,152,estimated,account_ls,2.957049190397659,1.6590592557905752,clock_NY_quote
full_macro,pca_selected,Dec_Mar,86,insufficient,,,,clock_NY_quote
full_macro,pca_selected,exclude_top1_downside_days,237,estimated,e_origin,0.3940519906222708,2.695532684811435,clock_NY_quote
full_macro,pca_selected,exclude_top1_downside_days,237,estimated,downside,-174158.61518045806,-2.805691254218727,clock_NY_quote
full_macro,pca_selected,exclude_top1_downside_days,237,estimated,btc_vol,1202.8565299119236,2.2394272290181814,clock_NY_quote
full_macro,pca_selected,exclude_top1_downside_days,237,estimated,account_ls,0.8980022805328696,0.5038262468128746,clock_NY_quote
full_macro,pca_selected,exclude_top5_downside_days,233,estimated,e_origin,0.3066024429770008,2.0973296061325133,clock_NY_quote
full_macro,pca_selected,exclude_top5_downside_days,233,estimated,downside,-37113.770183001376,-0.597901977491234,clock_NY_quote
full_macro,pca_selected,exclude_top5_downside_days,233,estimated,btc_vol,597.5678360849976,1.1125264319030668,clock_NY_quote
full_macro,pca_selected,exclude_top5_downside_days,233,estimated,account_ls,2.063572763151436,1.1577722493832856,clock_NY_quote
full_macro,ae_selected,Aug_Nov,152,estimated,e_origin,0.6972421932913315,37.93532590324247,clock_NY_quote
full_macro,ae_selected,Aug_Nov,152,estimated,downside,-160115.79047519277,-2.579461673676504,clock_NY_quote
full_macro,ae_selected,Aug_Nov,152,estimated,btc_vol,749.4644065233257,1.395321019100409,clock_NY_quote
full_macro,ae_selected,Aug_Nov,152,estimated,account_ls,0.5522373840179154,0.3098340556266798,clock_NY_quote
full_macro,ae_selected,Dec_Mar,86,insufficient,,,,clock_NY_quote
full_macro,ae_selected,exclude_top1_downside_days,237,estimated,e_origin,0.6940082574857165,37.75937497841811,clock_NY_quote
full_macro,ae_selected,exclude_top1_downside_days,237,estimated,downside,-334223.2013426225,-5.384328027599067,clock_NY_quote
full_macro,ae_selected,exclude_top1_downside_days,237,estimated,btc_vol,2246.9300870638394,4.183239059307763,clock_NY_quote
full_macro,ae_selected,exclude_top1_downside_days,237,estimated,account_ls,-0.7806243306743204,-0.4379710778251851,clock_NY_quote
full_macro,ae_selected,exclude_top5_downside_days,233,estimated,e_origin,0.6949671167298433,37.81154427951789,clock_NY_quote
full_macro,ae_selected,exclude_top5_downside_days,233,estimated,downside,-302763.9279590038,-4.877519862496023,clock_NY_quote
full_macro,ae_selected,exclude_top5_downside_days,233,estimated,btc_vol,2172.7925043547507,4.045212854782375,clock_NY_quote
full_macro,ae_selected,exclude_top5_downside_days,233,estimated,account_ls,0.1296243557688781,0.0727260432165241,clock_NY_quote
full_macro,ae_reconstruction_selected,Aug_Nov,152,estimated,e_origin,0.6972421932913315,37.93532590324247,clock_NY_quote
full_macro,ae_reconstruction_selected,Aug_Nov,152,estimated,downside,-160115.79047519277,-2.579461673676504,clock_NY_quote
full_macro,ae_reconstruction_selected,Aug_Nov,152,estimated,btc_vol,749.4644065233257,1.395321019100409,clock_NY_quote
full_macro,ae_reconstruction_selected,Aug_Nov,152,estimated,account_ls,0.5522373840179154,0.3098340556266798,clock_NY_quote
full_macro,ae_reconstruction_selected,Dec_Mar,86,insufficient,,,,clock_NY_quote
full_macro,ae_reconstruction_selected,exclude_top1_downside_days,237,estimated,e_origin,0.6940082574857165,37.75937497841811,clock_NY_quote
full_macro,ae_reconstruction_selected,exclude_top1_downside_days,237,estimated,downside,-334223.2013426225,-5.384328027599067,clock_NY_quote
full_macro,ae_reconstruction_selected,exclude_top1_downside_days,237,estimated,btc_vol,2246.9300870638394,4.183239059307763,clock_NY_quote
full_macro,ae_reconstruction_selected,exclude_top1_downside_days,237,estimated,account_ls,-0.7806243306743204,-0.4379710778251851,clock_NY_quote
full_macro,ae_reconstruction_selected,exclude_top5_downside_days,233,estimated,e_origin,0.6949671167298433,37.81154427951789,clock_NY_quote
full_macro,ae_reconstruction_selected,exclude_top5_downside_days,233,estimated,downside,-302763.9279590038,-4.877519862496023,clock_NY_quote
full_macro,ae_reconstruction_selected,exclude_top5_downside_days,233,estimated,btc_vol,2172.7925043547507,4.045212854782375,clock_NY_quote
full_macro,ae_reconstruction_selected,exclude_top5_downside_days,233,estimated,account_ls,0.1296243557688781,0.0727260432165241,clock_NY_quote
core,sequential_ols,Aug_Nov,926,estimated,e_origin,0.3733590534652342,3.625466937839803,clock_FXUTC_USNY_quote
core,sequential_ols,Aug_Nov,926,estimated,downside,37499.0484439253,0.6118238478055099,clock_FXUTC_USNY_quote
core,sequential_ols,Aug_Nov,926,estimated,btc_vol,9.530474648183416,0.0184927737397283,clock_FXUTC_USNY_quote
core,sequential_ols,Aug_Nov,926,estimated,account_ls,0.1423042637037365,0.0901533674178222,clock_FXUTC_USNY_quote
core,sequential_ols,Dec_Mar,800,estimated,e_origin,0.2658358364479714,2.581373150028229,clock_FXUTC_USNY_quote
core,sequential_ols,Dec_Mar,800,estimated,downside,-161204.5742903835,-2.630168151431296,clock_FXUTC_USNY_quote
core,sequential_ols,Dec_Mar,800,estimated,btc_vol,258.1501988833638,0.5009103318611587,clock_FXUTC_USNY_quote
core,sequential_ols,Dec_Mar,800,estimated,account_ls,3.324079247987316,2.1058886780346686,clock_FXUTC_USNY_quote
core,sequential_ols,exclude_top1_downside_days,1716,estimated,e_origin,0.3286574843089432,3.1913966788182595,clock_FXUTC_USNY_quote
core,sequential_ols,exclude_top1_downside_days,1716,estimated,downside,-61655.05300759513,-1.0059463728571052,clock_FXUTC_USNY_quote
core,sequential_ols,exclude_top1_downside_days,1716,estimated,btc_vol,-388.7154384898193,-0.7542569408651313,clock_FXUTC_USNY_quote
core,sequential_ols,exclude_top1_downside_days,1716,estimated,account_ls,1.483254385458776,0.9396793469572616,clock_FXUTC_USNY_quote
core,sequential_ols,exclude_top5_downside_days,1672,estimated,e_origin,0.2680395792898975,2.6027723815153214,clock_FXUTC_USNY_quote
core,sequential_ols,exclude_top5_downside_days,1672,estimated,downside,77364.4883358392,1.2622570678804907,clock_FXUTC_USNY_quote
core,sequential_ols,exclude_top5_downside_days,1672,estimated,btc_vol,-985.2190374640876,-1.9117025559025087,clock_FXUTC_USNY_quote
core,sequential_ols,exclude_top5_downside_days,1672,estimated,account_ls,0.8181834165860387,0.5183399868061257,clock_FXUTC_USNY_quote
core,pca_1,Aug_Nov,926,estimated,e_origin,0.3846377389095759,3.728793786181185,clock_FXUTC_USNY_quote
core,pca_1,Aug_Nov,926,estimated,downside,45482.82564417448,0.7420848941353307,clock_FXUTC_USNY_quote
core,pca_1,Aug_Nov,926,estimated,btc_vol,-48.31929465557542,-0.0937579518664518,clock_FXUTC_USNY_quote
core,pca_1,Aug_Nov,926,estimated,account_ls,0.0674029196194136,0.0427014624813619,clock_FXUTC_USNY_quote
core,pca_1,Dec_Mar,800,estimated,e_origin,0.2626239549158349,2.545955511200394,clock_FXUTC_USNY_quote
core,pca_1,Dec_Mar,800,estimated,downside,-168411.88756857245,-2.747760632445721,clock_FXUTC_USNY_quote
core,pca_1,Dec_Mar,800,estimated,btc_vol,284.35067799263766,0.5517493036780171,clock_FXUTC_USNY_quote
core,pca_1,Dec_Mar,800,estimated,account_ls,3.4384074533832765,2.178318501562238,clock_FXUTC_USNY_quote
core,pca_1,exclude_top1_downside_days,1716,estimated,e_origin,0.3274643068068967,3.174537360476582,clock_FXUTC_USNY_quote
core,pca_1,exclude_top1_downside_days,1716,estimated,downside,-48706.586597172296,-0.7946828642842987,clock_FXUTC_USNY_quote
core,pca_1,exclude_top1_downside_days,1716,estimated,btc_vol,-416.5275687351769,-0.8082231336134942,clock_FXUTC_USNY_quote
core,pca_1,exclude_top1_downside_days,1716,estimated,account_ls,1.397769539057062,0.8855225243454354,clock_FXUTC_USNY_quote
core,pca_1,exclude_top5_downside_days,1672,estimated,e_origin,0.2864253754423738,2.776693631732315,clock_FXUTC_USNY_quote
core,pca_1,exclude_top5_downside_days,1672,estimated,downside,52472.359349699145,0.8561241453572684,clock_FXUTC_USNY_quote
core,pca_1,exclude_top5_downside_days,1672,estimated,btc_vol,-929.9480954799644,-1.8044557437315252,clock_FXUTC_USNY_quote
core,pca_1,exclude_top5_downside_days,1672,estimated,account_ls,1.0573243849426526,0.669841867521324,clock_FXUTC_USNY_quote
core,pca_2,Aug_Nov,926,estimated,e_origin,0.4383417657820169,3.2752799096889507,clock_FXUTC_USNY_quote
core,pca_2,Aug_Nov,926,estimated,downside,83128.88849031282,1.3563073872659164,clock_FXUTC_USNY_quote
core,pca_2,Aug_Nov,926,estimated,btc_vol,-265.3645362132136,-0.5149089114542975,clock_FXUTC_USNY_quote
core,pca_2,Aug_Nov,926,estimated,account_ls,0.3669744460332596,0.2324876374404762,clock_FXUTC_USNY_quote
core,pca_2,Dec_Mar,800,estimated,e_origin,0.1572732674975203,1.1751423514179251,clock_FXUTC_USNY_quote
core,pca_2,Dec_Mar,800,estimated,downside,-135050.46518589926,-2.20344511892131,clock_FXUTC_USNY_quote
core,pca_2,Dec_Mar,800,estimated,btc_vol,687.123653717212,1.333283254872291,clock_FXUTC_USNY_quote
core,pca_2,Dec_Mar,800,estimated,account_ls,3.8918191770591486,2.465566351009673,clock_FXUTC_USNY_quote
core,pca_2,exclude_top1_downside_days,1716,estimated,e_origin,0.3481291963711316,2.6012136005710844,clock_FXUTC_USNY_quote
core,pca_2,exclude_top1_downside_days,1716,estimated,downside,-5985.729900439602,-0.0976614727994441,clock_FXUTC_USNY_quote
core,pca_2,exclude_top1_downside_days,1716,estimated,btc_vol,-227.50143694231355,-0.4414399863745704,clock_FXUTC_USNY_quote
core,pca_2,exclude_top1_downside_days,1716,estimated,account_ls,1.0838881510504057,0.6866706884124473,clock_FXUTC_USNY_quote
core,pca_2,exclude_top5_downside_days,1672,estimated,e_origin,0.3448253633781745,2.57652743404188,clock_FXUTC_USNY_quote
core,pca_2,exclude_top5_downside_days,1672,estimated,downside,60268.50481941408,0.983323845543399,clock_FXUTC_USNY_quote
core,pca_2,exclude_top5_downside_days,1672,estimated,btc_vol,-499.9209049008151,-0.970038169489614,clock_FXUTC_USNY_quote
core,pca_2,exclude_top5_downside_days,1672,estimated,account_ls,0.7328942454045234,0.4643071294189666,clock_FXUTC_USNY_quote
core,conditional_linear,Aug_Nov,926,estimated,e_origin,0.255070468999395,2.9524518010223897,clock_FXUTC_USNY_quote
core,conditional_linear,Aug_Nov,926,estimated,downside,151216.37857605153,2.467203580644512,clock_FXUTC_USNY_quote
core,conditional_linear,Aug_Nov,926,estimated,btc_vol,-1133.8148957249698,-2.200035476026588,clock_FXUTC_USNY_quote
core,conditional_linear,Aug_Nov,926,estimated,account_ls,-0.4184235760700153,-0.2650819687894473,clock_FXUTC_USNY_quote
core,conditional_linear,Dec_Mar,800,estimated,e_origin,0.2987407144640969,3.457936796518496,clock_FXUTC_USNY_quote
core,conditional_linear,Dec_Mar,800,estimated,downside,-104288.17297650826,-1.7015362767539826,clock_FXUTC_USNY_quote
core,conditional_linear,Dec_Mar,800,estimated,btc_vol,124.12219390153264,0.2408446307904763,clock_FXUTC_USNY_quote
core,conditional_linear,Dec_Mar,800,estimated,account_ls,3.9321119657047534,2.49109285657256,clock_FXUTC_USNY_quote
core,conditional_linear,exclude_top1_downside_days,1716,estimated,e_origin,0.3234758605247908,3.744247190747712,clock_FXUTC_USNY_quote
core,conditional_linear,exclude_top1_downside_days,1716,estimated,downside,38802.34289620904,0.6330880307570372,clock_FXUTC_USNY_quote
core,conditional_linear,exclude_top1_downside_days,1716,estimated,btc_vol,-1345.871634594803,-2.6115068283638982,clock_FXUTC_USNY_quote
core,conditional_linear,exclude_top1_downside_days,1716,estimated,account_ls,1.828980121349658,1.1587053865315715,clock_FXUTC_USNY_quote
core,conditional_linear,exclude_top5_downside_days,1672,estimated,e_origin,0.3123393405034799,3.6153414858927935,clock_FXUTC_USNY_quote
core,conditional_linear,exclude_top5_downside_days,1672,estimated,downside,118630.59006864166,1.9355430896271797,clock_FXUTC_USNY_quote
core,conditional_linear,exclude_top5_downside_days,1672,estimated,btc_vol,-1751.69048568089,-3.3989509452088,clock_FXUTC_USNY_quote
core,conditional_linear,exclude_top5_downside_days,1672,estimated,account_ls,1.3751385917148315,0.8711852440865312,clock_FXUTC_USNY_quote
core,ae_relu_1,Aug_Nov,926,estimated,e_origin,0.6461026501042436,31.204576566495906,clock_FXUTC_USNY_quote
core,ae_relu_1,Aug_Nov,926,estimated,downside,135623.04117579252,2.212787106513912,clock_FXUTC_USNY_quote
core,ae_relu_1,Aug_Nov,926,estimated,btc_vol,-758.0183320008903,-1.47084610386437,clock_FXUTC_USNY_quote
core,ae_relu_1,Aug_Nov,926,estimated,account_ls,-0.7750646502621139,-0.4910231525677856,clock_FXUTC_USNY_quote
core,ae_relu_1,Dec_Mar,800,estimated,e_origin,0.2620490322688227,12.656083503587734,clock_FXUTC_USNY_quote
core,ae_relu_1,Dec_Mar,800,estimated,downside,-167176.3624704633,-2.7276021550722005,clock_FXUTC_USNY_quote
core,ae_relu_1,Dec_Mar,800,estimated,btc_vol,280.0573888901098,0.5434186772503583,clock_FXUTC_USNY_quote
core,ae_relu_1,Dec_Mar,800,estimated,account_ls,3.4102090899939834,2.1604541217534305,clock_FXUTC_USNY_quote
core,ae_relu_1,exclude_top1_downside_days,1716,estimated,e_origin,0.6407686036216341,30.946960130703573,clock_FXUTC_USNY_quote
core,ae_relu_1,exclude_top1_downside_days,1716,estimated,downside,76518.57926989807,1.2484554552771312,clock_FXUTC_USNY_quote
core,ae_relu_1,exclude_top1_downside_days,1716,estimated,btc_vol,-1015.0441777891342,-1.9695747597692763,clock_FXUTC_USNY_quote
core,ae_relu_1,exclude_top1_downside_days,1716,estimated,account_ls,0.9828053393162072,0.6226321583732348,clock_FXUTC_USNY_quote
core,ae_relu_1,exclude_top5_downside_days,1672,estimated,e_origin,0.6436735010272986,31.08725686760481,clock_FXUTC_USNY_quote
core,ae_relu_1,exclude_top5_downside_days,1672,estimated,downside,211553.37361225527,3.4516448931560646,clock_FXUTC_USNY_quote
core,ae_relu_1,exclude_top5_downside_days,1672,estimated,btc_vol,-1603.0509727841911,-3.110533318358911,clock_FXUTC_USNY_quote
core,ae_relu_1,exclude_top5_downside_days,1672,estimated,account_ls,0.2172397525509243,0.1376269039292742,clock_FXUTC_USNY_quote
core,ae_relu_2,Aug_Nov,926,estimated,e_origin,0.6069012407930069,35.7360712217219,clock_FXUTC_USNY_quote
core,ae_relu_2,Aug_Nov,926,estimated,downside,128897.67183377584,2.103057886187192,clock_FXUTC_USNY_quote
core,ae_relu_2,Aug_Nov,926,estimated,btc_vol,-645.9658052897801,-1.2534212535891116,clock_FXUTC_USNY_quote
core,ae_relu_2,Aug_Nov,926,estimated,account_ls,-0.8174156363091651,-0.5178535784892165,clock_FXUTC_USNY_quote
core,ae_relu_2,Dec_Mar,800,estimated,e_origin,0.2783764573760354,16.391597575648355,clock_FXUTC_USNY_quote
core,ae_relu_2,Dec_Mar,800,estimated,downside,-113696.92275371538,-1.8550467718359616,clock_FXUTC_USNY_quote
core,ae_relu_2,Dec_Mar,800,estimated,btc_vol,489.3948746231408,0.9496136362435534,clock_FXUTC_USNY_quote
core,ae_relu_2,Dec_Mar,800,estimated,account_ls,1.224546737008144,0.7757814771567647,clock_FXUTC_USNY_quote
core,ae_relu_2,exclude_top1_downside_days,1716,estimated,e_origin,0.6090192018186001,35.86078279086704,clock_FXUTC_USNY_quote
core,ae_relu_2,exclude_top1_downside_days,1716,estimated,downside,52685.60748147869,0.8596034414444157,clock_FXUTC_USNY_quote
core,ae_relu_2,exclude_top1_downside_days,1716,estimated,btc_vol,-517.1882667514918,-1.0035434698628172,clock_FXUTC_USNY_quote
core,ae_relu_2,exclude_top1_downside_days,1716,estimated,account_ls,0.0529822241371577,0.0335655854219157,clock_FXUTC_USNY_quote
core,ae_relu_2,exclude_top5_downside_days,1672,estimated,e_origin,0.6029303331159783,35.5022528835426,clock_FXUTC_USNY_quote
core,ae_relu_2,exclude_top5_downside_days,1672,estimated,downside,151632.60171323607,2.4739945594001127,clock_FXUTC_USNY_quote
core,ae_relu_2,exclude_top5_downside_days,1672,estimated,btc_vol,-876.7589568986227,-1.7012484280934437,clock_FXUTC_USNY_quote
core,ae_relu_2,exclude_top5_downside_days,1672,estimated,account_ls,-0.474109758965042,-0.3003605807998587,clock_FXUTC_USNY_quote
core,ae_tanh_1,Aug_Nov,926,estimated,e_origin,0.562175958087067,33.22841972632726,clock_FXUTC_USNY_quote
core,ae_tanh_1,Aug_Nov,926,estimated,downside,52526.74689867695,0.857011517193865,clock_FXUTC_USNY_quote
core,ae_tanh_1,Aug_Nov,926,estimated,btc_vol,-1088.33131000785,-2.11177988639564,clock_FXUTC_USNY_quote
core,ae_tanh_1,Aug_Nov,926,estimated,account_ls,3.029344160349237,1.9191665099478523,clock_FXUTC_USNY_quote
core,ae_tanh_1,Dec_Mar,800,estimated,e_origin,0.2398232788889192,14.17518564504471,clock_FXUTC_USNY_quote
core,ae_tanh_1,Dec_Mar,800,estimated,downside,-100652.91642369956,-1.6422244610094976,clock_FXUTC_USNY_quote
core,ae_tanh_1,Dec_Mar,800,estimated,btc_vol,323.11956759774296,0.6269758091852085,clock_FXUTC_USNY_quote
core,ae_tanh_1,Dec_Mar,800,estimated,account_ls,4.002857796523489,2.5359121382517,clock_FXUTC_USNY_quote
core,ae_tanh_1,exclude_top1_downside_days,1716,estimated,e_origin,0.5602022589333276,33.11176069288672,clock_FXUTC_USNY_quote
core,ae_tanh_1,exclude_top1_downside_days,1716,estimated,downside,47408.10111684645,0.7734971431564539,clock_FXUTC_USNY_quote
core,ae_tanh_1,exclude_top1_downside_days,1716,estimated,btc_vol,-705.2715665346026,-1.368497161626063,clock_FXUTC_USNY_quote
core,ae_tanh_1,exclude_top1_downside_days,1716,estimated,account_ls,2.352848080149716,1.4905890514261897,clock_FXUTC_USNY_quote
core,ae_tanh_1,exclude_top5_downside_days,1672,estimated,e_origin,0.566344623900279,33.47481620655302,clock_FXUTC_USNY_quote
core,ae_tanh_1,exclude_top5_downside_days,1672,estimated,downside,136975.7991694474,2.2348583225893077,clock_FXUTC_USNY_quote
core,ae_tanh_1,exclude_top5_downside_days,1672,estimated,btc_vol,-1106.197081071089,-2.146446330004641,clock_FXUTC_USNY_quote
core,ae_tanh_1,exclude_top5_downside_days,1672,estimated,account_ls,1.4494295437293483,0.9182504501349475,clock_FXUTC_USNY_quote
core,ae_tanh_2,Aug_Nov,926,estimated,e_origin,0.5472662300684717,31.45640503718646,clock_FXUTC_USNY_quote
core,ae_tanh_2,Aug_Nov,926,estimated,downside,-29919.115720907397,-0.4881518135233978,clock_FXUTC_USNY_quote
core,ae_tanh_2,Aug_Nov,926,estimated,btc_vol,-521.217278952324,-1.0113612978068636,clock_FXUTC_USNY_quote
core,ae_tanh_2,Aug_Nov,926,estimated,account_ls,1.874173579344666,1.1873365906674385,clock_FXUTC_USNY_quote
core,ae_tanh_2,Dec_Mar,800,estimated,e_origin,0.2589285279539171,14.88299515572486,clock_FXUTC_USNY_quote
core,ae_tanh_2,Dec_Mar,800,estimated,downside,-92777.56479738432,-1.513732455617982,clock_FXUTC_USNY_quote
core,ae_tanh_2,Dec_Mar,800,estimated,btc_vol,604.9794207648744,1.1738919579969918,clock_FXUTC_USNY_quote
core,ae_tanh_2,Dec_Mar,800,estimated,account_ls,3.67152762901382,2.326006057079774,clock_FXUTC_USNY_quote
core,ae_tanh_2,exclude_top1_downside_days,1716,estimated,e_origin,0.5470816574782782,31.44579595912373,clock_FXUTC_USNY_quote
core,ae_tanh_2,exclude_top1_downside_days,1716,estimated,downside,55780.2219605021,0.9100942943219764,clock_FXUTC_USNY_quote
core,ae_tanh_2,exclude_top1_downside_days,1716,estimated,btc_vol,-598.2023971793043,-1.1607419346851269,clock_FXUTC_USNY_quote
core,ae_tanh_2,exclude_top1_downside_days,1716,estimated,account_ls,1.2795426207473166,0.8106227671094514,clock_FXUTC_USNY_quote
core,ae_tanh_2,exclude_top5_downside_days,1672,estimated,e_origin,0.5544862300147241,31.87140459352554,clock_FXUTC_USNY_quote
core,ae_tanh_2,exclude_top5_downside_days,1672,estimated,downside,117495.67560576262,1.917026146866696,clock_FXUTC_USNY_quote
core,ae_tanh_2,exclude_top5_downside_days,1672,estimated,btc_vol,-1105.6603305069034,-2.1454048281797498,clock_FXUTC_USNY_quote
core,ae_tanh_2,exclude_top5_downside_days,1672,estimated,account_ls,0.6385899449350131,0.404562958527443,clock_FXUTC_USNY_quote
core,conditional_neural,Aug_Nov,926,estimated,e_origin,0.2141420514703367,2.014866724337156,clock_FXUTC_USNY_quote
core,conditional_neural,Aug_Nov,926,estimated,downside,89959.72329684312,1.467757352224486,clock_FXUTC_USNY_quote
core,conditional_neural,Aug_Nov,926,estimated,btc_vol,-574.6451891430502,-1.1150319218855866,clock_FXUTC_USNY_quote
core,conditional_neural,Aug_Nov,926,estimated,account_ls,0.565309001753011,0.3581376187416604,clock_FXUTC_USNY_quote
core,conditional_neural,Dec_Mar,800,estimated,e_origin,0.1634215452688428,1.53763649568642,clock_FXUTC_USNY_quote
core,conditional_neural,Dec_Mar,800,estimated,downside,-120433.95425418353,-1.9649662686351157,clock_FXUTC_USNY_quote
core,conditional_neural,Dec_Mar,800,estimated,btc_vol,105.09130077410882,0.2039174037989559,clock_FXUTC_USNY_quote
core,conditional_neural,Dec_Mar,800,estimated,account_ls,5.516596132323337,3.494903842435073,clock_FXUTC_USNY_quote
core,conditional_neural,exclude_top1_downside_days,1716,estimated,e_origin,0.224297354187868,2.1104181649842952,clock_FXUTC_USNY_quote
core,conditional_neural,exclude_top1_downside_days,1716,estimated,downside,43333.19352151855,0.7070121055920063,clock_FXUTC_USNY_quote
core,conditional_neural,exclude_top1_downside_days,1716,estimated,btc_vol,-1445.7059810045198,-2.805223725765273,clock_FXUTC_USNY_quote
core,conditional_neural,exclude_top1_downside_days,1716,estimated,account_ls,2.721814369777617,1.724338572402358,clock_FXUTC_USNY_quote
core,conditional_neural,exclude_top5_downside_days,1672,estimated,e_origin,0.2258788989963537,2.1252989508261524,clock_FXUTC_USNY_quote
core,conditional_neural,exclude_top5_downside_days,1672,estimated,downside,62200.0859481084,1.0148389758612648,clock_FXUTC_USNY_quote
core,conditional_neural,exclude_top5_downside_days,1672,estimated,btc_vol,-1549.5997257922193,-3.0068174119410416,clock_FXUTC_USNY_quote
core,conditional_neural,exclude_top5_downside_days,1672,estimated,account_ls,2.585060854515056,1.637701745182537,clock_FXUTC_USNY_quote
core,pca_selected,Aug_Nov,926,estimated,e_origin,0.4311329664704254,3.2698780671013616,clock_FXUTC_USNY_quote
core,pca_selected,Aug_Nov,926,estimated,downside,95784.3500072503,1.562790311029321,clock_FXUTC_USNY_quote
core,pca_selected,Aug_Nov,926,estimated,btc_vol,-394.1326177990177,-0.7647683450680309,clock_FXUTC_USNY_quote
core,pca_selected,Aug_Nov,926,estimated,account_ls,0.3216158203799324,0.2037517953956782,clock_FXUTC_USNY_quote
core,pca_selected,Dec_Mar,800,estimated,e_origin,0.1572732674975203,1.1928208880468074,clock_FXUTC_USNY_quote
core,pca_selected,Dec_Mar,800,estimated,downside,-135050.46518589926,-2.20344511892131,clock_FXUTC_USNY_quote
core,pca_selected,Dec_Mar,800,estimated,btc_vol,687.123653717212,1.333283254872291,clock_FXUTC_USNY_quote
core,pca_selected,Dec_Mar,800,estimated,account_ls,3.8918191770591486,2.465566351009673,clock_FXUTC_USNY_quote
core,pca_selected,exclude_top1_downside_days,1716,estimated,e_origin,0.3540399684429053,2.685175149481702,clock_FXUTC_USNY_quote
core,pca_selected,exclude_top1_downside_days,1716,estimated,downside,-19750.20300194709,-0.3222387153012866,clock_FXUTC_USNY_quote
core,pca_selected,exclude_top1_downside_days,1716,estimated,btc_vol,-166.28061501685224,-0.3226481265962591,clock_FXUTC_USNY_quote
core,pca_selected,exclude_top1_downside_days,1716,estimated,account_ls,1.3765618226062513,0.8720868970246447,clock_FXUTC_USNY_quote
core,pca_selected,exclude_top5_downside_days,1672,estimated,e_origin,0.3328343222080436,2.5243433808286286,clock_FXUTC_USNY_quote
core,pca_selected,exclude_top5_downside_days,1672,estimated,downside,56078.35569922431,0.9149585599168334,clock_FXUTC_USNY_quote
core,pca_selected,exclude_top5_downside_days,1672,estimated,btc_vol,-457.5223253418917,-0.8877686742532472,clock_FXUTC_USNY_quote
core,pca_selected,exclude_top5_downside_days,1672,estimated,account_ls,0.8169866790583683,0.5175818231697966,clock_FXUTC_USNY_quote
core,ae_selected,Aug_Nov,926,estimated,e_origin,0.6461026501042436,31.23163067365952,clock_FXUTC_USNY_quote
core,ae_selected,Aug_Nov,926,estimated,downside,135623.04117579252,2.212787106513912,clock_FXUTC_USNY_quote
core,ae_selected,Aug_Nov,926,estimated,btc_vol,-758.0183320008903,-1.47084610386437,clock_FXUTC_USNY_quote
core,ae_selected,Aug_Nov,926,estimated,account_ls,-0.7750646502621139,-0.4910231525677856,clock_FXUTC_USNY_quote
core,ae_selected,Dec_Mar,800,estimated,e_origin,0.2337143917856889,11.29740230316641,clock_FXUTC_USNY_quote
core,ae_selected,Dec_Mar,800,estimated,downside,-90039.74847815544,-1.4690630204049746,clock_FXUTC_USNY_quote
core,ae_selected,Dec_Mar,800,estimated,btc_vol,469.2902764578766,0.9106030099397256,clock_FXUTC_USNY_quote
core,ae_selected,Dec_Mar,800,estimated,account_ls,0.0064988161844183,0.0041171652064798,clock_FXUTC_USNY_quote
core,ae_selected,exclude_top1_downside_days,1716,estimated,e_origin,0.6432724678731875,31.094823919863916,clock_FXUTC_USNY_quote
core,ae_selected,exclude_top1_downside_days,1716,estimated,downside,55126.28823763083,0.8994248970135309,clock_FXUTC_USNY_quote
core,ae_selected,exclude_top1_downside_days,1716,estimated,btc_vol,-602.9739028690267,-1.1700004845869076,clock_FXUTC_USNY_quote
core,ae_selected,exclude_top1_downside_days,1716,estimated,account_ls,0.0228668060357069,0.0144867027350708,clock_FXUTC_USNY_quote
core,ae_selected,exclude_top5_downside_days,1672,estimated,e_origin,0.6428630482563035,31.075033191156937,clock_FXUTC_USNY_quote
core,ae_selected,exclude_top5_downside_days,1672,estimated,downside,146666.57099839096,2.392970209547068,clock_FXUTC_USNY_quote
core,ae_selected,exclude_top5_downside_days,1672,estimated,btc_vol,-859.8916327864766,-1.668519354262893,clock_FXUTC_USNY_quote
core,ae_selected,exclude_top5_downside_days,1672,estimated,account_ls,-0.6002163711113127,-0.3802523243270136,clock_FXUTC_USNY_quote
core,ae_reconstruction_selected,Aug_Nov,926,estimated,e_origin,0.6461026501042436,31.23163067365952,clock_FXUTC_USNY_quote
core,ae_reconstruction_selected,Aug_Nov,926,estimated,downside,135623.04117579252,2.212787106513912,clock_FXUTC_USNY_quote
core,ae_reconstruction_selected,Aug_Nov,926,estimated,btc_vol,-758.0183320008903,-1.47084610386437,clock_FXUTC_USNY_quote
core,ae_reconstruction_selected,Aug_Nov,926,estimated,account_ls,-0.7750646502621139,-0.4910231525677856,clock_FXUTC_USNY_quote
core,ae_reconstruction_selected,Dec_Mar,800,estimated,e_origin,0.2337143917856889,11.29740230316641,clock_FXUTC_USNY_quote
core,ae_reconstruction_selected,Dec_Mar,800,estimated,downside,-90039.74847815544,-1.4690630204049746,clock_FXUTC_USNY_quote
core,ae_reconstruction_selected,Dec_Mar,800,estimated,btc_vol,469.2902764578766,0.9106030099397256,clock_FXUTC_USNY_quote
core,ae_reconstruction_selected,Dec_Mar,800,estimated,account_ls,0.0064988161844183,0.0041171652064798,clock_FXUTC_USNY_quote
core,ae_reconstruction_selected,exclude_top1_downside_days,1716,estimated,e_origin,0.6432724678731875,31.094823919863916,clock_FXUTC_USNY_quote
core,ae_reconstruction_selected,exclude_top1_downside_days,1716,estimated,downside,55126.28823763083,0.8994248970135309,clock_FXUTC_USNY_quote
core,ae_reconstruction_selected,exclude_top1_downside_days,1716,estimated,btc_vol,-602.9739028690267,-1.1700004845869076,clock_FXUTC_USNY_quote
core,ae_reconstruction_selected,exclude_top1_downside_days,1716,estimated,account_ls,0.0228668060357069,0.0144867027350708,clock_FXUTC_USNY_quote
core,ae_reconstruction_selected,exclude_top5_downside_days,1672,estimated,e_origin,0.6428630482563035,31.075033191156937,clock_FXUTC_USNY_quote
core,ae_reconstruction_selected,exclude_top5_downside_days,1672,estimated,downside,146666.57099839096,2.392970209547068,clock_FXUTC_USNY_quote
core,ae_reconstruction_selected,exclude_top5_downside_days,1672,estimated,btc_vol,-859.8916327864766,-1.668519354262893,clock_FXUTC_USNY_quote
core,ae_reconstruction_selected,exclude_top5_downside_days,1672,estimated,account_ls,-0.6002163711113127,-0.3802523243270136,clock_FXUTC_USNY_quote
full_macro,sequential_ols,Aug_Nov,81,insufficient,,,,clock_FXUTC_USNY_quote
full_macro,sequential_ols,Dec_Mar,107,estimated,e_origin,0.1910936080681205,2.06622754385658,clock_FXUTC_USNY_quote
full_macro,sequential_ols,Dec_Mar,107,estimated,downside,49584.4475251603,0.9877693656809868,clock_FXUTC_USNY_quote
full_macro,sequential_ols,Dec_Mar,107,estimated,btc_vol,-2012.114581133757,-3.951197245118297,clock_FXUTC_USNY_quote
full_macro,sequential_ols,Dec_Mar,107,estimated,account_ls,0.4585179954029122,0.3132984085086587,clock_FXUTC_USNY_quote
full_macro,sequential_ols,exclude_top1_downside_days,186,estimated,e_origin,0.2866242773974505,3.09916685693372,clock_FXUTC_USNY_quote
full_macro,sequential_ols,exclude_top1_downside_days,186,estimated,downside,234232.6283269786,4.666136787889561,clock_FXUTC_USNY_quote
full_macro,sequential_ols,exclude_top1_downside_days,186,estimated,btc_vol,-2958.403208706781,-5.809427911210149,clock_FXUTC_USNY_quote
full_macro,sequential_ols,exclude_top1_downside_days,186,estimated,account_ls,0.6950786551555932,0.4749367279625053,clock_FXUTC_USNY_quote
full_macro,sequential_ols,exclude_top5_downside_days,178,estimated,e_origin,0.1523373744759785,1.647170108321232,clock_FXUTC_USNY_quote
full_macro,sequential_ols,exclude_top5_downside_days,178,estimated,downside,148812.46156174096,2.964485803490696,clock_FXUTC_USNY_quote
full_macro,sequential_ols,exclude_top5_downside_days,178,estimated,btc_vol,-2214.293801573584,-4.348217368282399,clock_FXUTC_USNY_quote
full_macro,sequential_ols,exclude_top5_downside_days,178,estimated,account_ls,-0.1435017693594292,-0.0980525877048276,clock_FXUTC_USNY_quote
full_macro,pca_1,Aug_Nov,81,insufficient,,,,clock_FXUTC_USNY_quote
full_macro,pca_1,Dec_Mar,107,estimated,e_origin,0.1891244138494459,2.0365313928744797,clock_FXUTC_USNY_quote
full_macro,pca_1,Dec_Mar,107,estimated,downside,40938.41508542541,0.8155321742850227,clock_FXUTC_USNY_quote
full_macro,pca_1,Dec_Mar,107,estimated,btc_vol,-1880.165131998545,-3.692087597583136,clock_FXUTC_USNY_quote
full_macro,pca_1,Dec_Mar,107,estimated,account_ls,0.5594230739953292,0.3822453219349591,clock_FXUTC_USNY_quote
full_macro,pca_1,exclude_top1_downside_days,186,estimated,e_origin,0.2961010599304919,3.1884783764188827,clock_FXUTC_USNY_quote
full_macro,pca_1,exclude_top1_downside_days,186,estimated,downside,242546.86823506665,4.83176435641222,clock_FXUTC_USNY_quote
full_macro,pca_1,exclude_top1_downside_days,186,estimated,btc_vol,-2987.532771587734,-5.866629747370924,clock_FXUTC_USNY_quote
full_macro,pca_1,exclude_top1_downside_days,186,estimated,account_ls,0.6187360847951058,0.4227730047603579,clock_FXUTC_USNY_quote
full_macro,pca_1,exclude_top5_downside_days,178,estimated,e_origin,0.1477154071052734,1.5906305148979822,clock_FXUTC_USNY_quote
full_macro,pca_1,exclude_top5_downside_days,178,estimated,downside,150541.14705824226,2.9989228631246583,clock_FXUTC_USNY_quote
full_macro,pca_1,exclude_top5_downside_days,178,estimated,btc_vol,-2178.8506248506437,-4.278617464013024,clock_FXUTC_USNY_quote
full_macro,pca_1,exclude_top5_downside_days,178,estimated,account_ls,-0.0459896151605222,-0.0314240081789073,clock_FXUTC_USNY_quote
full_macro,pca_2,Aug_Nov,81,insufficient,,,,clock_FXUTC_USNY_quote
full_macro,pca_2,Dec_Mar,107,estimated,e_origin,0.2595059718935061,1.9535870086470923,clock_FXUTC_USNY_quote
full_macro,pca_2,Dec_Mar,107,estimated,downside,3905.3048328853065,0.0777973874895471,clock_FXUTC_USNY_quote
full_macro,pca_2,Dec_Mar,107,estimated,btc_vol,-152.37504351824467,-0.2992194668331596,clock_FXUTC_USNY_quote
full_macro,pca_2,Dec_Mar,107,estimated,account_ls,1.7269650996892425,1.1800091222312807,clock_FXUTC_USNY_quote
full_macro,pca_2,exclude_top1_downside_days,186,estimated,e_origin,0.3558468201504108,2.678850586141818,clock_FXUTC_USNY_quote
full_macro,pca_2,exclude_top1_downside_days,186,estimated,downside,157887.18513632638,3.1452629301179544,clock_FXUTC_USNY_quote
full_macro,pca_2,exclude_top1_downside_days,186,estimated,btc_vol,-1672.437005182557,-3.284171065341499,clock_FXUTC_USNY_quote
full_macro,pca_2,exclude_top1_downside_days,186,estimated,account_ls,-0.4513047083611793,-0.3083696786159417,clock_FXUTC_USNY_quote
full_macro,pca_2,exclude_top5_downside_days,178,estimated,e_origin,0.2855041322761836,2.1493037700061137,clock_FXUTC_USNY_quote
full_macro,pca_2,exclude_top5_downside_days,178,estimated,downside,191305.55169731143,3.810988583777583,clock_FXUTC_USNY_quote
full_macro,pca_2,exclude_top5_downside_days,178,estimated,btc_vol,-1621.4539394072085,-3.1840554203737383,clock_FXUTC_USNY_quote
full_macro,pca_2,exclude_top5_downside_days,178,estimated,account_ls,-1.2292063008859722,-0.8398980665044247,clock_FXUTC_USNY_quote
full_macro,conditional_linear,Aug_Nov,81,insufficient,,,,clock_FXUTC_USNY_quote
full_macro,conditional_linear,Dec_Mar,107,estimated,e_origin,0.1892485653227111,2.1795746287113693,clock_FXUTC_USNY_quote
full_macro,conditional_linear,Dec_Mar,107,estimated,downside,87725.37419147707,1.747572909333578,clock_FXUTC_USNY_quote
full_macro,conditional_linear,Dec_Mar,107,estimated,btc_vol,-2698.068414426993,-5.298207461037209,clock_FXUTC_USNY_quote
full_macro,conditional_linear,Dec_Mar,107,estimated,account_ls,2.6183015996534165,1.7890458660106947,clock_FXUTC_USNY_quote
full_macro,conditional_linear,exclude_top1_downside_days,186,estimated,e_origin,0.3935110598832018,4.532064593336278,clock_FXUTC_USNY_quote
full_macro,conditional_linear,exclude_top1_downside_days,186,estimated,downside,339923.39531109965,6.771597412599925,clock_FXUTC_USNY_quote
full_macro,conditional_linear,exclude_top1_downside_days,186,estimated,btc_vol,-3029.543615811382,-5.949126605908693,clock_FXUTC_USNY_quote
full_macro,conditional_linear,exclude_top1_downside_days,186,estimated,account_ls,1.001971929290033,0.6846322586337558,clock_FXUTC_USNY_quote
full_macro,conditional_linear,exclude_top5_downside_days,178,estimated,e_origin,0.3572888746104057,4.114893895727852,clock_FXUTC_USNY_quote
full_macro,conditional_linear,exclude_top5_downside_days,178,estimated,downside,362306.8283385876,7.217496692451851,clock_FXUTC_USNY_quote
full_macro,conditional_linear,exclude_top5_downside_days,178,estimated,btc_vol,-3276.168933191333,-6.43342570286122,clock_FXUTC_USNY_quote
full_macro,conditional_linear,exclude_top5_downside_days,178,estimated,account_ls,0.6591783293727582,0.4504065785562186,clock_FXUTC_USNY_quote
full_macro,ae_relu_1,Aug_Nov,81,insufficient,,,,clock_FXUTC_USNY_quote
full_macro,ae_relu_1,Dec_Mar,107,estimated,e_origin,0.1893958046854618,7.984691868910135,clock_FXUTC_USNY_quote
full_macro,ae_relu_1,Dec_Mar,107,estimated,downside,41289.37663418194,0.8225236622151394,clock_FXUTC_USNY_quote
full_macro,ae_relu_1,Dec_Mar,107,estimated,btc_vol,-1884.1323827206213,-3.6998781032882975,clock_FXUTC_USNY_quote
full_macro,ae_relu_1,Dec_Mar,107,estimated,account_ls,0.5255324147707641,0.3590883472800488,clock_FXUTC_USNY_quote
full_macro,ae_relu_1,exclude_top1_downside_days,186,estimated,e_origin,0.700850179251802,29.546973001274896,clock_FXUTC_USNY_quote
full_macro,ae_relu_1,exclude_top1_downside_days,186,estimated,downside,416902.142011221,8.305087278758323,clock_FXUTC_USNY_quote
full_macro,ae_relu_1,exclude_top1_downside_days,186,estimated,btc_vol,-3452.9227516811625,-6.780517865121499,clock_FXUTC_USNY_quote
full_macro,ae_relu_1,exclude_top1_downside_days,186,estimated,account_ls,1.252082670559498,0.855529143764268,clock_FXUTC_USNY_quote
full_macro,ae_relu_1,exclude_top5_downside_days,178,estimated,e_origin,0.7125015523302592,30.038180417593853,clock_FXUTC_USNY_quote
full_macro,ae_relu_1,exclude_top5_downside_days,178,estimated,downside,508919.07378932094,10.138152097888232,clock_FXUTC_USNY_quote
full_macro,ae_relu_1,exclude_top5_downside_days,178,estimated,btc_vol,-4217.800654667377,-8.282511584300302,clock_FXUTC_USNY_quote
full_macro,ae_relu_1,exclude_top5_downside_days,178,estimated,account_ls,-1.0922271208195466,-0.7463022653714261,clock_FXUTC_USNY_quote
full_macro,ae_relu_2,Aug_Nov,81,insufficient,,,,clock_FXUTC_USNY_quote
full_macro,ae_relu_2,Dec_Mar,107,estimated,e_origin,0.1817792479288056,9.395175893752247,clock_FXUTC_USNY_quote
full_macro,ae_relu_2,Dec_Mar,107,estimated,downside,1096.354152766378,0.0218404177134422,clock_FXUTC_USNY_quote
full_macro,ae_relu_2,Dec_Mar,107,estimated,btc_vol,-730.5606870662555,-1.4346048685266353,clock_FXUTC_USNY_quote
full_macro,ae_relu_2,Dec_Mar,107,estimated,account_ls,-2.616804681341835,-1.7880230443779823,clock_FXUTC_USNY_quote
full_macro,ae_relu_2,exclude_top1_downside_days,186,estimated,e_origin,0.6517327387147479,33.68450351571528,clock_FXUTC_USNY_quote
full_macro,ae_relu_2,exclude_top1_downside_days,186,estimated,downside,373882.8920964765,7.448102895120752,clock_FXUTC_USNY_quote
full_macro,ae_relu_2,exclude_top1_downside_days,186,estimated,btc_vol,-2589.5422399081453,-5.085094189157592,clock_FXUTC_USNY_quote
full_macro,ae_relu_2,exclude_top1_downside_days,186,estimated,account_ls,-3.5664000293104383,-2.436867177495075,clock_FXUTC_USNY_quote
full_macro,ae_relu_2,exclude_top5_downside_days,178,estimated,e_origin,0.6522091791921183,33.709128120222125,clock_FXUTC_USNY_quote
full_macro,ae_relu_2,exclude_top5_downside_days,178,estimated,downside,386182.52321199205,7.693123247902098,clock_FXUTC_USNY_quote
full_macro,ae_relu_2,exclude_top5_downside_days,178,estimated,btc_vol,-2551.6146247398096,-5.010615583429982,clock_FXUTC_USNY_quote
full_macro,ae_relu_2,exclude_top5_downside_days,178,estimated,account_ls,-3.949969071063281,-2.698954100013261,clock_FXUTC_USNY_quote
full_macro,ae_tanh_1,Aug_Nov,81,insufficient,,,,clock_FXUTC_USNY_quote
full_macro,ae_tanh_1,Dec_Mar,107,estimated,e_origin,0.1339146719145979,7.023969414215991,clock_FXUTC_USNY_quote
full_macro,ae_tanh_1,Dec_Mar,107,estimated,downside,17455.399157965,0.3477281570037172,clock_FXUTC_USNY_quote
full_macro,ae_tanh_1,Dec_Mar,107,estimated,btc_vol,-1476.2278759888088,-2.898874433625543,clock_FXUTC_USNY_quote
full_macro,ae_tanh_1,Dec_Mar,107,estimated,account_ls,2.584485504356849,1.7659398397595727,clock_FXUTC_USNY_quote
full_macro,ae_tanh_1,exclude_top1_downside_days,186,estimated,e_origin,0.6289136147024577,32.98719946587524,clock_FXUTC_USNY_quote
full_macro,ae_tanh_1,exclude_top1_downside_days,186,estimated,downside,419401.1840569714,8.35487057371363,clock_FXUTC_USNY_quote
full_macro,ae_tanh_1,exclude_top1_downside_days,186,estimated,btc_vol,-3134.7163883542325,-6.155654789258277,clock_FXUTC_USNY_quote
full_macro,ae_tanh_1,exclude_top1_downside_days,186,estimated,account_ls,-1.0759655250888112,-0.7351909630597824,clock_FXUTC_USNY_quote
full_macro,ae_tanh_1,exclude_top5_downside_days,178,estimated,e_origin,0.7106651325586563,37.27515501830248,clock_FXUTC_USNY_quote
full_macro,ae_tanh_1,exclude_top5_downside_days,178,estimated,downside,442318.48784911545,8.811405067082706,clock_FXUTC_USNY_quote
full_macro,ae_tanh_1,exclude_top5_downside_days,178,estimated,btc_vol,-3330.598104943849,-6.540308479567421,clock_FXUTC_USNY_quote
full_macro,ae_tanh_1,exclude_top5_downside_days,178,estimated,account_ls,-0.660741394497753,-0.451474597305681,clock_FXUTC_USNY_quote
full_macro,ae_tanh_2,Aug_Nov,81,insufficient,,,,clock_FXUTC_USNY_quote
full_macro,ae_tanh_2,Dec_Mar,107,estimated,e_origin,0.1157503112537714,5.933007572627272,clock_FXUTC_USNY_quote
full_macro,ae_tanh_2,Dec_Mar,107,estimated,downside,28269.43725318815,0.5631540835374034,clock_FXUTC_USNY_quote
full_macro,ae_tanh_2,Dec_Mar,107,estimated,btc_vol,-1398.9717252889768,-2.747166229393148,clock_FXUTC_USNY_quote
full_macro,ae_tanh_2,Dec_Mar,107,estimated,account_ls,0.4029565088367787,0.2753340854284958,clock_FXUTC_USNY_quote
full_macro,ae_tanh_2,exclude_top1_downside_days,186,estimated,e_origin,0.6888759575528861,35.30967846644963,clock_FXUTC_USNY_quote
full_macro,ae_tanh_2,exclude_top1_downside_days,186,estimated,downside,374846.22416335874,7.467293386335998,clock_FXUTC_USNY_quote
full_macro,ae_tanh_2,exclude_top1_downside_days,186,estimated,btc_vol,-2951.486903653253,-5.79584633602048,clock_FXUTC_USNY_quote
full_macro,ae_tanh_2,exclude_top1_downside_days,186,estimated,account_ls,0.1519146213385642,0.1038009621688785,clock_FXUTC_USNY_quote
full_macro,ae_tanh_2,exclude_top5_downside_days,178,estimated,e_origin,0.756028137150286,38.75169417901489,clock_FXUTC_USNY_quote
full_macro,ae_tanh_2,exclude_top5_downside_days,178,estimated,downside,425427.910122894,8.474928690328698,clock_FXUTC_USNY_quote
full_macro,ae_tanh_2,exclude_top5_downside_days,178,estimated,btc_vol,-3108.7134446098,-6.104592707281774,clock_FXUTC_USNY_quote
full_macro,ae_tanh_2,exclude_top5_downside_days,178,estimated,account_ls,-0.6509660137535889,-0.4447952275526539,clock_FXUTC_USNY_quote
full_macro,conditional_neural,Aug_Nov,81,insufficient,,,,clock_FXUTC_USNY_quote
full_macro,conditional_neural,Dec_Mar,107,estimated,e_origin,0.1350093084994894,1.1871752587292916,clock_FXUTC_USNY_quote
full_macro,conditional_neural,Dec_Mar,107,estimated,downside,-16100.990513532352,-0.320747048322306,clock_FXUTC_USNY_quote
full_macro,conditional_neural,Dec_Mar,107,estimated,btc_vol,-2300.178415677792,-4.516869319731101,clock_FXUTC_USNY_quote
full_macro,conditional_neural,Dec_Mar,107,estimated,account_ls,1.6394305986686646,1.1201981221521062,clock_FXUTC_USNY_quote
full_macro,conditional_neural,exclude_top1_downside_days,186,estimated,e_origin,0.1354802422474093,1.1913163131517222,clock_FXUTC_USNY_quote
full_macro,conditional_neural,exclude_top1_downside_days,186,estimated,downside,-43279.19459556936,-0.862162728971766,clock_FXUTC_USNY_quote
full_macro,conditional_neural,exclude_top1_downside_days,186,estimated,btc_vol,-2197.691529339565,-4.315615421589683,clock_FXUTC_USNY_quote
full_macro,conditional_neural,exclude_top1_downside_days,186,estimated,account_ls,1.8710148311408432,1.2784361241425772,clock_FXUTC_USNY_quote
full_macro,conditional_neural,exclude_top5_downside_days,178,estimated,e_origin,0.2753174414811977,2.4209445886048924,clock_FXUTC_USNY_quote
full_macro,conditional_neural,exclude_top5_downside_days,178,estimated,downside,403161.2483978287,8.03135560590862,clock_FXUTC_USNY_quote
full_macro,conditional_neural,exclude_top5_downside_days,178,estimated,btc_vol,-4094.981657032229,-8.04133143996143,clock_FXUTC_USNY_quote
full_macro,conditional_neural,exclude_top5_downside_days,178,estimated,account_ls,0.768406938809887,0.5250408346669199,clock_FXUTC_USNY_quote
full_macro,pca_selected,Aug_Nov,81,insufficient,,,,clock_FXUTC_USNY_quote
full_macro,pca_selected,Dec_Mar,107,estimated,e_origin,0.2595059718935061,1.961485158250277,clock_FXUTC_USNY_quote
full_macro,pca_selected,Dec_Mar,107,estimated,downside,3905.3048328853065,0.0777973874895471,clock_FXUTC_USNY_quote
full_macro,pca_selected,Dec_Mar,107,estimated,btc_vol,-152.37504351824467,-0.2992194668331596,clock_FXUTC_USNY_quote
full_macro,pca_selected,Dec_Mar,107,estimated,account_ls,1.7269650996892425,1.1800091222312807,clock_FXUTC_USNY_quote
full_macro,pca_selected,exclude_top1_downside_days,186,estimated,e_origin,0.2869978789427144,2.1692837197074586,clock_FXUTC_USNY_quote
full_macro,pca_selected,exclude_top1_downside_days,186,estimated,downside,122897.3418040157,2.448231964186628,clock_FXUTC_USNY_quote
full_macro,pca_selected,exclude_top1_downside_days,186,estimated,btc_vol,-1495.5781459694326,-2.936872634203492,clock_FXUTC_USNY_quote
full_macro,pca_selected,exclude_top1_downside_days,186,estimated,account_ls,-0.4648447920373592,-0.3176214129193981,clock_FXUTC_USNY_quote
full_macro,pca_selected,exclude_top5_downside_days,178,estimated,e_origin,0.2465224154667454,1.863348483218972,clock_FXUTC_USNY_quote
full_macro,pca_selected,exclude_top5_downside_days,178,estimated,downside,205506.96620231663,4.093894270893766,clock_FXUTC_USNY_quote
full_macro,pca_selected,exclude_top5_downside_days,178,estimated,btc_vol,-1710.997720015663,-3.3598928913483017,clock_FXUTC_USNY_quote
full_macro,pca_selected,exclude_top5_downside_days,178,estimated,account_ls,-1.6218810111812076,-1.1082067545614571,clock_FXUTC_USNY_quote
full_macro,ae_selected,Aug_Nov,81,insufficient,,,,clock_FXUTC_USNY_quote
full_macro,ae_selected,Dec_Mar,107,estimated,e_origin,0.1709741493100678,7.216031014763553,clock_FXUTC_USNY_quote
full_macro,ae_selected,Dec_Mar,107,estimated,downside,3142.424256725604,0.0626000806642316,clock_FXUTC_USNY_quote
full_macro,ae_selected,Dec_Mar,107,estimated,btc_vol,-1007.0357795049866,-1.977520085100538,clock_FXUTC_USNY_quote
full_macro,ae_selected,Dec_Mar,107,estimated,account_ls,-2.444614234700981,-1.670367917569775,clock_FXUTC_USNY_quote
full_macro,ae_selected,exclude_top1_downside_days,186,estimated,e_origin,0.7034937511254745,29.691229623301016,clock_FXUTC_USNY_quote
full_macro,ae_selected,exclude_top1_downside_days,186,estimated,downside,448068.9643718028,8.925960029993123,clock_FXUTC_USNY_quote
full_macro,ae_selected,exclude_top1_downside_days,186,estimated,btc_vol,-3165.704000874326,-6.216505284737116,clock_FXUTC_USNY_quote
full_macro,ae_selected,exclude_top1_downside_days,186,estimated,account_ls,-3.608912960489983,-2.465915620114836,clock_FXUTC_USNY_quote
full_macro,ae_selected,exclude_top5_downside_days,178,estimated,e_origin,0.695465506692241,29.352394418926032,clock_FXUTC_USNY_quote
full_macro,ae_selected,exclude_top5_downside_days,178,estimated,downside,410197.07419970335,8.171515949246784,clock_FXUTC_USNY_quote
full_macro,ae_selected,exclude_top5_downside_days,178,estimated,btc_vol,-2693.457136240986,-5.289152276091051,clock_FXUTC_USNY_quote
full_macro,ae_selected,exclude_top5_downside_days,178,estimated,account_ls,-4.053923210066306,-2.7699843902833656,clock_FXUTC_USNY_quote
full_macro,ae_reconstruction_selected,Aug_Nov,81,insufficient,,,,clock_FXUTC_USNY_quote
full_macro,ae_reconstruction_selected,Dec_Mar,107,estimated,e_origin,0.1709741493100678,7.216031014763553,clock_FXUTC_USNY_quote
full_macro,ae_reconstruction_selected,Dec_Mar,107,estimated,downside,3142.424256725604,0.0626000806642316,clock_FXUTC_USNY_quote
full_macro,ae_reconstruction_selected,Dec_Mar,107,estimated,btc_vol,-1007.0357795049866,-1.977520085100538,clock_FXUTC_USNY_quote
full_macro,ae_reconstruction_selected,Dec_Mar,107,estimated,account_ls,-2.444614234700981,-1.670367917569775,clock_FXUTC_USNY_quote
full_macro,ae_reconstruction_selected,exclude_top1_downside_days,186,estimated,e_origin,0.7034937511254745,29.691229623301016,clock_FXUTC_USNY_quote
full_macro,ae_reconstruction_selected,exclude_top1_downside_days,186,estimated,downside,448068.9643718028,8.925960029993123,clock_FXUTC_USNY_quote
full_macro,ae_reconstruction_selected,exclude_top1_downside_days,186,estimated,btc_vol,-3165.704000874326,-6.216505284737116,clock_FXUTC_USNY_quote
full_macro,ae_reconstruction_selected,exclude_top1_downside_days,186,estimated,account_ls,-3.608912960489983,-2.465915620114836,clock_FXUTC_USNY_quote
full_macro,ae_reconstruction_selected,exclude_top5_downside_days,178,estimated,e_origin,0.695465506692241,29.352394418926032,clock_FXUTC_USNY_quote
full_macro,ae_reconstruction_selected,exclude_top5_downside_days,178,estimated,downside,410197.07419970335,8.171515949246784,clock_FXUTC_USNY_quote
full_macro,ae_reconstruction_selected,exclude_top5_downside_days,178,estimated,btc_vol,-2693.457136240986,-5.289152276091051,clock_FXUTC_USNY_quote
full_macro,ae_reconstruction_selected,exclude_top5_downside_days,178,estimated,account_ls,-4.053923210066306,-2.7699843902833656,clock_FXUTC_USNY_quote
core,sequential_ols,Aug_Nov,925,estimated,e_origin,0.3210673781325929,3.17500757517153,clock_FXKST_USNY_quote
core,sequential_ols,Aug_Nov,925,estimated,downside,179098.75418535495,2.4157786892311743,clock_FXKST_USNY_quote
core,sequential_ols,Aug_Nov,925,estimated,btc_vol,-1240.2415742622077,-2.3817293330312923,clock_FXKST_USNY_quote
core,sequential_ols,Aug_Nov,925,estimated,account_ls,0.0185881016558655,0.0107749593861991,clock_FXKST_USNY_quote
core,sequential_ols,Dec_Mar,794,estimated,e_origin,0.251061297360039,2.482723488093905,clock_FXKST_USNY_quote
core,sequential_ols,Dec_Mar,794,estimated,downside,-260935.28562742745,-3.51963309378918,clock_FXKST_USNY_quote
core,sequential_ols,Dec_Mar,794,estimated,btc_vol,740.6096699916601,1.422248545727945,clock_FXKST_USNY_quote
core,sequential_ols,Dec_Mar,794,estimated,account_ls,2.327403328241196,1.3491251985481931,clock_FXKST_USNY_quote
core,sequential_ols,exclude_top1_downside_days,1716,estimated,e_origin,0.314782060514876,3.112852612046098,clock_FXKST_USNY_quote
core,sequential_ols,exclude_top1_downside_days,1716,estimated,downside,-176749.62607132556,-2.3840924072022505,clock_FXKST_USNY_quote
core,sequential_ols,exclude_top1_downside_days,1716,estimated,btc_vol,-209.78841481089728,-0.4028724981118994,clock_FXKST_USNY_quote
core,sequential_ols,exclude_top1_downside_days,1716,estimated,account_ls,0.6117697535991623,0.3546243920317687,clock_FXKST_USNY_quote
core,sequential_ols,exclude_top5_downside_days,1680,estimated,e_origin,0.2406497135369745,2.379764234805608,clock_FXKST_USNY_quote
core,sequential_ols,exclude_top5_downside_days,1680,estimated,downside,48915.99714113005,0.6598048322197536,clock_FXKST_USNY_quote
core,sequential_ols,exclude_top5_downside_days,1680,estimated,btc_vol,-846.1066410815803,-1.6248423272985146,clock_FXKST_USNY_quote
core,sequential_ols,exclude_top5_downside_days,1680,estimated,account_ls,-0.1778791924329557,-0.103111178838975,clock_FXKST_USNY_quote
core,pca_1,Aug_Nov,925,estimated,e_origin,0.3128668104852378,3.08564243427376,clock_FXKST_USNY_quote
core,pca_1,Aug_Nov,925,estimated,downside,178039.5218071757,2.401491202878808,clock_FXKST_USNY_quote
core,pca_1,Aug_Nov,925,estimated,btc_vol,-1156.2609869173011,-2.220455084178969,clock_FXKST_USNY_quote
core,pca_1,Aug_Nov,925,estimated,account_ls,-0.2913362842380092,-0.1688788176709886,clock_FXKST_USNY_quote
core,pca_1,Dec_Mar,794,estimated,e_origin,0.2553818040973274,2.5186977501446526,clock_FXKST_USNY_quote
core,pca_1,Dec_Mar,794,estimated,downside,-251039.5327222072,-3.3861539465384545,clock_FXKST_USNY_quote
core,pca_1,Dec_Mar,794,estimated,btc_vol,678.1287615841618,1.3022617500933078,clock_FXKST_USNY_quote
core,pca_1,Dec_Mar,794,estimated,account_ls,2.3592470889887527,1.3675840619174118,clock_FXKST_USNY_quote
core,pca_1,exclude_top1_downside_days,1716,estimated,e_origin,0.3212374850673133,3.168198038857992,clock_FXKST_USNY_quote
core,pca_1,exclude_top1_downside_days,1716,estimated,downside,-176159.22567047586,-2.376128774440126,clock_FXKST_USNY_quote
core,pca_1,exclude_top1_downside_days,1716,estimated,btc_vol,-211.44008118725236,-0.4060443174885289,clock_FXKST_USNY_quote
core,pca_1,exclude_top1_downside_days,1716,estimated,account_ls,0.6868153555762347,0.3981260539220597,clock_FXKST_USNY_quote
core,pca_1,exclude_top5_downside_days,1680,estimated,e_origin,0.2532381945209069,2.4975564451233234,clock_FXKST_USNY_quote
core,pca_1,exclude_top5_downside_days,1680,estimated,downside,47136.617236113234,0.6358036152702651,clock_FXKST_USNY_quote
core,pca_1,exclude_top5_downside_days,1680,estimated,btc_vol,-830.4671497496946,-1.5948086338376264,clock_FXKST_USNY_quote
core,pca_1,exclude_top5_downside_days,1680,estimated,account_ls,-0.1004973521198195,-0.0582552703637657,clock_FXKST_USNY_quote
core,pca_2,Aug_Nov,925,estimated,e_origin,0.4521632670566488,3.1746529528775045,clock_FXKST_USNY_quote
core,pca_2,Aug_Nov,925,estimated,downside,98159.11290124914,1.324022013326014,clock_FXKST_USNY_quote
core,pca_2,Aug_Nov,925,estimated,btc_vol,-874.7713853577222,-1.6798893952916525,clock_FXKST_USNY_quote
core,pca_2,Aug_Nov,925,estimated,account_ls,1.042204866386477,0.6041345864853185,clock_FXKST_USNY_quote
core,pca_2,Dec_Mar,794,estimated,e_origin,0.1734783434057396,1.2179970715850543,clock_FXKST_USNY_quote
core,pca_2,Dec_Mar,794,estimated,downside,-139342.88657912737,-1.8795305273058025,clock_FXKST_USNY_quote
core,pca_2,Dec_Mar,794,estimated,btc_vol,148.01946563651745,0.2842529314305808,clock_FXKST_USNY_quote
core,pca_2,Dec_Mar,794,estimated,account_ls,1.3597239296235486,0.7881907679105936,clock_FXKST_USNY_quote
core,pca_2,exclude_top1_downside_days,1716,estimated,e_origin,0.3423412415304583,2.403588952262812,clock_FXKST_USNY_quote
core,pca_2,exclude_top1_downside_days,1716,estimated,downside,-49563.03238786031,-0.6685323857269918,clock_FXKST_USNY_quote
core,pca_2,exclude_top1_downside_days,1716,estimated,btc_vol,-348.4977446142653,-0.6692464742901467,clock_FXKST_USNY_quote
core,pca_2,exclude_top1_downside_days,1716,estimated,account_ls,0.7957426488141812,0.4612679057591524,clock_FXKST_USNY_quote
core,pca_2,exclude_top5_downside_days,1680,estimated,e_origin,0.3236779844009304,2.2725536190694475,clock_FXKST_USNY_quote
core,pca_2,exclude_top5_downside_days,1680,estimated,downside,40924.99201190392,0.5520179300465389,clock_FXKST_USNY_quote
core,pca_2,exclude_top5_downside_days,1680,estimated,btc_vol,-615.8651179635207,-1.182692184397282,clock_FXKST_USNY_quote
core,pca_2,exclude_top5_downside_days,1680,estimated,account_ls,0.1827601771416669,0.1059405378006755,clock_FXKST_USNY_quote
core,conditional_linear,Aug_Nov,925,estimated,e_origin,0.3397685808666473,3.407072704898705,clock_FXKST_USNY_quote
core,conditional_linear,Aug_Nov,925,estimated,downside,170076.83760080536,2.294086308286861,clock_FXKST_USNY_quote
core,conditional_linear,Aug_Nov,925,estimated,btc_vol,-1074.7150339256016,-2.0638562470968798,clock_FXKST_USNY_quote
core,conditional_linear,Aug_Nov,925,estimated,account_ls,-0.2483178501015776,-0.1439423346852897,clock_FXKST_USNY_quote
core,conditional_linear,Dec_Mar,794,estimated,e_origin,0.2248544903257808,2.254757030826096,clock_FXKST_USNY_quote
core,conditional_linear,Dec_Mar,794,estimated,downside,-305341.5386670587,-4.118608113183928,clock_FXKST_USNY_quote
core,conditional_linear,Dec_Mar,794,estimated,btc_vol,861.0734923730869,1.653584299414152,clock_FXKST_USNY_quote
core,conditional_linear,Dec_Mar,794,estimated,account_ls,3.1459987990338645,1.823640192860928,clock_FXKST_USNY_quote
core,conditional_linear,exclude_top1_downside_days,1716,estimated,e_origin,0.3190093024726176,3.198906397674873,clock_FXKST_USNY_quote
core,conditional_linear,exclude_top1_downside_days,1716,estimated,downside,-157951.30807319417,-2.1305307550297417,clock_FXKST_USNY_quote
core,conditional_linear,exclude_top1_downside_days,1716,estimated,btc_vol,-147.43436405693836,-0.2831293167866229,clock_FXKST_USNY_quote
core,conditional_linear,exclude_top1_downside_days,1716,estimated,account_ls,0.779512645370802,0.4518598644659684,clock_FXKST_USNY_quote
core,conditional_linear,exclude_top5_downside_days,1680,estimated,e_origin,0.2333437662373658,2.339884325907177,clock_FXKST_USNY_quote
core,conditional_linear,exclude_top5_downside_days,1680,estimated,downside,28844.08685841173,0.3890642939412579,clock_FXKST_USNY_quote
core,conditional_linear,exclude_top5_downside_days,1680,estimated,btc_vol,-750.0660578216725,-1.4404083597082649,clock_FXKST_USNY_quote
core,conditional_linear,exclude_top5_downside_days,1680,estimated,account_ls,-0.0830554820959519,-0.04814474672849,clock_FXKST_USNY_quote
core,ae_relu_1,Aug_Nov,925,estimated,e_origin,0.5791093612971392,25.998475105852336,clock_FXKST_USNY_quote
core,ae_relu_1,Aug_Nov,925,estimated,downside,184786.24213145763,2.4924945337268563,clock_FXKST_USNY_quote
core,ae_relu_1,Aug_Nov,925,estimated,btc_vol,-1355.0998408725134,-2.6023003156558904,clock_FXKST_USNY_quote
core,ae_relu_1,Aug_Nov,925,estimated,account_ls,0.4483372725533838,0.259887534107477,clock_FXKST_USNY_quote
core,ae_relu_1,Dec_Mar,794,estimated,e_origin,0.2552579688178215,11.459524558566908,clock_FXKST_USNY_quote
core,ae_relu_1,Dec_Mar,794,estimated,downside,-251309.82955647528,-3.3897998531499303,clock_FXKST_USNY_quote
core,ae_relu_1,Dec_Mar,794,estimated,btc_vol,679.8239805273175,1.305517206745151,clock_FXKST_USNY_quote
core,ae_relu_1,Dec_Mar,794,estimated,account_ls,2.3564301342279044,1.365951158584794,clock_FXKST_USNY_quote
core,ae_relu_1,exclude_top1_downside_days,1716,estimated,e_origin,0.5586569042633422,25.0802846385878,clock_FXKST_USNY_quote
core,ae_relu_1,exclude_top1_downside_days,1716,estimated,downside,-122771.31480467164,-1.656004405519588,clock_FXKST_USNY_quote
core,ae_relu_1,exclude_top1_downside_days,1716,estimated,btc_vol,-415.8617641260065,-0.7986106760646682,clock_FXKST_USNY_quote
core,ae_relu_1,exclude_top1_downside_days,1716,estimated,account_ls,0.8205498551210765,0.4756478916980345,clock_FXKST_USNY_quote
core,ae_relu_1,exclude_top5_downside_days,1680,estimated,e_origin,0.5318830169736171,23.87830054247567,clock_FXKST_USNY_quote
core,ae_relu_1,exclude_top5_downside_days,1680,estimated,downside,100100.30710178315,1.350205867047609,clock_FXKST_USNY_quote
core,ae_relu_1,exclude_top5_downside_days,1680,estimated,btc_vol,-1132.4285893139872,-2.174687935563552,clock_FXKST_USNY_quote
core,ae_relu_1,exclude_top5_downside_days,1680,estimated,account_ls,-0.1711971010340852,-0.0992377728951798,clock_FXKST_USNY_quote
core,ae_relu_2,Aug_Nov,925,estimated,e_origin,0.5586177640071976,32.12159005748303,clock_FXKST_USNY_quote
core,ae_relu_2,Aug_Nov,925,estimated,downside,200257.5038636977,2.7011790919096708,clock_FXKST_USNY_quote
core,ae_relu_2,Aug_Nov,925,estimated,btc_vol,-1362.204170471494,-2.615943295014553,clock_FXKST_USNY_quote
core,ae_relu_2,Aug_Nov,925,estimated,account_ls,0.3397089484428005,0.196918985615971,clock_FXKST_USNY_quote
core,ae_relu_2,Dec_Mar,794,estimated,e_origin,0.2608347648725288,14.998497953007082,clock_FXKST_USNY_quote
core,ae_relu_2,Dec_Mar,794,estimated,downside,-217215.20260312984,-2.9299134983518584,clock_FXKST_USNY_quote
core,ae_relu_2,Dec_Mar,794,estimated,btc_vol,484.7720452875053,0.9309442805782968,clock_FXKST_USNY_quote
core,ae_relu_2,Dec_Mar,794,estimated,account_ls,-0.8663203849904454,-0.5021796812028354,clock_FXKST_USNY_quote
core,ae_relu_2,exclude_top1_downside_days,1716,estimated,e_origin,0.560995755018443,32.258329089689354,clock_FXKST_USNY_quote
core,ae_relu_2,exclude_top1_downside_days,1716,estimated,downside,-96939.11430712606,-1.3075660272529652,clock_FXKST_USNY_quote
core,ae_relu_2,exclude_top1_downside_days,1716,estimated,btc_vol,-260.112765329171,-0.4995141397746718,clock_FXKST_USNY_quote
core,ae_relu_2,exclude_top1_downside_days,1716,estimated,account_ls,0.242908678697255,0.140806801898047,clock_FXKST_USNY_quote
core,ae_relu_2,exclude_top5_downside_days,1680,estimated,e_origin,0.5317730451724726,30.57796737095794,clock_FXKST_USNY_quote
core,ae_relu_2,exclude_top5_downside_days,1680,estimated,downside,12332.048543849694,0.1663411909385157,clock_FXKST_USNY_quote
core,ae_relu_2,exclude_top5_downside_days,1680,estimated,btc_vol,-690.1649599965431,-1.3253757686940846,clock_FXKST_USNY_quote
core,ae_relu_2,exclude_top5_downside_days,1680,estimated,account_ls,-0.3586899047068959,-0.2079216709166678,clock_FXKST_USNY_quote
core,ae_tanh_1,Aug_Nov,925,estimated,e_origin,0.5590774983864438,36.39024589432715,clock_FXKST_USNY_quote
core,ae_tanh_1,Aug_Nov,925,estimated,downside,212002.0735936176,2.8595960579951334,clock_FXKST_USNY_quote
core,ae_tanh_1,Aug_Nov,925,estimated,btc_vol,-1314.1297078993648,-2.52362228267801,clock_FXKST_USNY_quote
core,ae_tanh_1,Aug_Nov,925,estimated,account_ls,0.0887787395302776,0.051462345671799,clock_FXKST_USNY_quote
core,ae_tanh_1,Dec_Mar,794,estimated,e_origin,0.3117689883887468,20.29298296289153,clock_FXKST_USNY_quote
core,ae_tanh_1,Dec_Mar,794,estimated,downside,-321767.9173462326,-4.340175793734744,clock_FXKST_USNY_quote
core,ae_tanh_1,Dec_Mar,794,estimated,btc_vol,1007.0570270664412,1.9339274792705348,clock_FXKST_USNY_quote
core,ae_tanh_1,Dec_Mar,794,estimated,account_ls,2.5217958669601632,1.461808663942093,clock_FXKST_USNY_quote
core,ae_tanh_1,exclude_top1_downside_days,1716,estimated,e_origin,0.5633983617006705,36.67149004908975,clock_FXKST_USNY_quote
core,ae_tanh_1,exclude_top1_downside_days,1716,estimated,downside,-108202.84371646048,-1.4594971648653203,clock_FXKST_USNY_quote
core,ae_tanh_1,exclude_top1_downside_days,1716,estimated,btc_vol,-264.9738747111416,-0.5088492943496992,clock_FXKST_USNY_quote
core,ae_tanh_1,exclude_top1_downside_days,1716,estimated,account_ls,0.8961487844099487,0.5194703006674141,clock_FXKST_USNY_quote
core,ae_tanh_1,exclude_top5_downside_days,1680,estimated,e_origin,0.5494928943959158,35.76638588024735,clock_FXKST_USNY_quote
core,ae_tanh_1,exclude_top5_downside_days,1680,estimated,downside,92429.37199693455,1.24673623859006,clock_FXKST_USNY_quote
core,ae_tanh_1,exclude_top5_downside_days,1680,estimated,btc_vol,-1120.369742339692,-2.1515304232230226,clock_FXKST_USNY_quote
core,ae_tanh_1,exclude_top5_downside_days,1680,estimated,account_ls,-0.0696896750390322,-0.0403969933070619,clock_FXKST_USNY_quote
core,ae_tanh_2,Aug_Nov,925,estimated,e_origin,0.569884382591622,33.93560587852782,clock_FXKST_USNY_quote
core,ae_tanh_2,Aug_Nov,925,estimated,downside,101256.85248972218,1.365805962726779,clock_FXKST_USNY_quote
core,ae_tanh_2,Aug_Nov,925,estimated,btc_vol,-627.604628790272,-1.2052364514753673,clock_FXKST_USNY_quote
core,ae_tanh_2,Aug_Nov,925,estimated,account_ls,1.6919084673082736,0.9807480805690812,clock_FXKST_USNY_quote
core,ae_tanh_2,Dec_Mar,794,estimated,e_origin,0.3849925819870105,22.92562654384989,clock_FXKST_USNY_quote
core,ae_tanh_2,Dec_Mar,794,estimated,downside,-239828.9705125777,-3.234939956226188,clock_FXKST_USNY_quote
core,ae_tanh_2,Dec_Mar,794,estimated,btc_vol,348.35955059170027,0.6689810898972808,clock_FXKST_USNY_quote
core,ae_tanh_2,Dec_Mar,794,estimated,account_ls,5.950795187358279,3.449495685275727,clock_FXKST_USNY_quote
core,ae_tanh_2,exclude_top1_downside_days,1716,estimated,e_origin,0.5449453283302842,32.450529357309215,clock_FXKST_USNY_quote
core,ae_tanh_2,exclude_top1_downside_days,1716,estimated,downside,-105944.64897398232,-1.4290374402300126,clock_FXKST_USNY_quote
core,ae_tanh_2,exclude_top1_downside_days,1716,estimated,btc_vol,-597.6281397764739,-1.1476703412375893,clock_FXKST_USNY_quote
core,ae_tanh_2,exclude_top1_downside_days,1716,estimated,account_ls,2.711342285784337,1.571682980450659,clock_FXKST_USNY_quote
core,ae_tanh_2,exclude_top5_downside_days,1680,estimated,e_origin,0.5530518062422708,32.93325576267783,clock_FXKST_USNY_quote
core,ae_tanh_2,exclude_top5_downside_days,1680,estimated,downside,120474.77448364614,1.6250274554468265,clock_FXKST_USNY_quote
core,ae_tanh_2,exclude_top5_downside_days,1680,estimated,btc_vol,-1345.7229930746912,-2.5842932483918144,clock_FXKST_USNY_quote
core,ae_tanh_2,exclude_top5_downside_days,1680,estimated,account_ls,1.85259773384766,1.0738947801522345,clock_FXKST_USNY_quote
core,conditional_neural,Aug_Nov,925,estimated,e_origin,0.3125126963559268,3.205463537131974,clock_FXKST_USNY_quote
core,conditional_neural,Aug_Nov,925,estimated,downside,178214.63808039026,2.4038532637590944,clock_FXKST_USNY_quote
core,conditional_neural,Aug_Nov,925,estimated,btc_vol,-1111.9408270007154,-2.135343742075505,clock_FXKST_USNY_quote
core,conditional_neural,Aug_Nov,925,estimated,account_ls,-0.2891052520698665,-0.1675855559142962,clock_FXKST_USNY_quote
core,conditional_neural,Dec_Mar,794,estimated,e_origin,0.2361342247774907,2.422044468014513,clock_FXKST_USNY_quote
core,conditional_neural,Dec_Mar,794,estimated,downside,-327693.4997216469,-4.420103181777849,clock_FXKST_USNY_quote
core,conditional_neural,Dec_Mar,794,estimated,btc_vol,968.6989892184148,1.86026564935283,clock_FXKST_USNY_quote
core,conditional_neural,Dec_Mar,794,estimated,account_ls,3.463813833961148,2.007867940108283,clock_FXKST_USNY_quote
core,conditional_neural,exclude_top1_downside_days,1716,estimated,e_origin,0.3022776215035037,3.100481692804302,clock_FXKST_USNY_quote
core,conditional_neural,exclude_top1_downside_days,1716,estimated,downside,-161410.23573789874,-2.177186600169444,clock_FXKST_USNY_quote
core,conditional_neural,exclude_top1_downside_days,1716,estimated,btc_vol,-170.3032275249614,-0.3270461182107967,clock_FXKST_USNY_quote
core,conditional_neural,exclude_top1_downside_days,1716,estimated,account_ls,0.8658241581149235,0.5018920335167468,clock_FXKST_USNY_quote
core,conditional_neural,exclude_top5_downside_days,1680,estimated,e_origin,0.2492616716983901,2.556693565255201,clock_FXKST_USNY_quote
core,conditional_neural,exclude_top5_downside_days,1680,estimated,downside,19408.26527184315,0.2617889434905855,clock_FXKST_USNY_quote
core,conditional_neural,exclude_top5_downside_days,1680,estimated,btc_vol,-704.7544694549878,-1.3533931028593145,clock_FXKST_USNY_quote
core,conditional_neural,exclude_top5_downside_days,1680,estimated,account_ls,0.0596769121148365,0.0345928979858055,clock_FXKST_USNY_quote
core,pca_selected,Aug_Nov,925,estimated,e_origin,0.4567572264183919,3.2711143892115238,clock_FXKST_USNY_quote
core,pca_selected,Aug_Nov,925,estimated,downside,97500.2794490362,1.3151353193852986,clock_FXKST_USNY_quote
core,pca_selected,Aug_Nov,925,estimated,btc_vol,-585.288439049585,-1.123973484276846,clock_FXKST_USNY_quote
core,pca_selected,Aug_Nov,925,estimated,account_ls,0.5369109934934544,0.3112310367137607,clock_FXKST_USNY_quote
core,pca_selected,Dec_Mar,794,estimated,e_origin,0.1734783434057396,1.2423832016426375,clock_FXKST_USNY_quote
core,pca_selected,Dec_Mar,794,estimated,downside,-139342.88657912737,-1.8795305273058025,clock_FXKST_USNY_quote
core,pca_selected,Dec_Mar,794,estimated,btc_vol,148.01946563651745,0.2842529314305808,clock_FXKST_USNY_quote
core,pca_selected,Dec_Mar,794,estimated,account_ls,1.3597239296235486,0.7881907679105936,clock_FXKST_USNY_quote
core,pca_selected,exclude_top1_downside_days,1716,estimated,e_origin,0.3496730451212889,2.5042198858785283,clock_FXKST_USNY_quote
core,pca_selected,exclude_top1_downside_days,1716,estimated,downside,-53225.35604283615,-0.7179317435226438,clock_FXKST_USNY_quote
core,pca_selected,exclude_top1_downside_days,1716,estimated,btc_vol,-240.4731288577134,-0.4617986662372136,clock_FXKST_USNY_quote
core,pca_selected,exclude_top1_downside_days,1716,estimated,account_ls,0.6723816420216199,0.3897592674571314,clock_FXKST_USNY_quote
core,pca_selected,exclude_top5_downside_days,1680,estimated,e_origin,0.3304952898094339,2.366876396328735,clock_FXKST_USNY_quote
core,pca_selected,exclude_top5_downside_days,1680,estimated,downside,37001.274682156094,0.4990927561619572,clock_FXKST_USNY_quote
core,pca_selected,exclude_top5_downside_days,1680,estimated,btc_vol,-505.5892053524839,-0.9709210413852886,clock_FXKST_USNY_quote
core,pca_selected,exclude_top5_downside_days,1680,estimated,account_ls,0.2990146692110383,0.1733297448160897,clock_FXKST_USNY_quote
core,ae_selected,Aug_Nov,925,estimated,e_origin,0.5587474905292837,32.12827945423642,clock_FXKST_USNY_quote
core,ae_selected,Aug_Nov,925,estimated,downside,200107.55201769152,2.6991564621284625,clock_FXKST_USNY_quote
core,ae_selected,Aug_Nov,925,estimated,btc_vol,-1360.784786282818,-2.6132175446227217,clock_FXKST_USNY_quote
core,ae_selected,Aug_Nov,925,estimated,account_ls,0.3433236465081477,0.1990143165738366,clock_FXKST_USNY_quote
core,ae_selected,Dec_Mar,794,estimated,e_origin,0.260775601368868,14.99473650913238,clock_FXKST_USNY_quote
core,ae_selected,Dec_Mar,794,estimated,downside,-217003.7831280184,-2.927061760690222,clock_FXKST_USNY_quote
core,ae_selected,Dec_Mar,794,estimated,btc_vol,483.5796325435604,0.9286544005514776,clock_FXKST_USNY_quote
core,ae_selected,Dec_Mar,794,estimated,account_ls,-0.8592546050922479,-0.4980838626601777,clock_FXKST_USNY_quote
core,ae_selected,exclude_top1_downside_days,1716,estimated,e_origin,0.5611156027248795,32.26444717165563,clock_FXKST_USNY_quote
core,ae_selected,exclude_top1_downside_days,1716,estimated,downside,-96384.14835311552,-1.3000803530446454,clock_FXKST_USNY_quote
core,ae_selected,exclude_top1_downside_days,1716,estimated,btc_vol,-260.73012837549754,-0.5006997085437563,clock_FXKST_USNY_quote
core,ae_selected,exclude_top1_downside_days,1716,estimated,account_ls,0.2405731019444443,0.1394529388128973,clock_FXKST_USNY_quote
core,ae_selected,exclude_top5_downside_days,1680,estimated,e_origin,0.5316685154559604,30.57122390904567,clock_FXKST_USNY_quote
core,ae_selected,exclude_top5_downside_days,1680,estimated,downside,12980.95713758286,0.1750940131406019,clock_FXKST_USNY_quote
core,ae_selected,exclude_top5_downside_days,1680,estimated,btc_vol,-682.7946383628866,-1.3112219847917852,clock_FXKST_USNY_quote
core,ae_selected,exclude_top5_downside_days,1680,estimated,account_ls,-0.3407148689041194,-0.1975020872321082,clock_FXKST_USNY_quote
core,ae_reconstruction_selected,Aug_Nov,925,estimated,e_origin,0.5587474905292837,32.12827945423642,clock_FXKST_USNY_quote
core,ae_reconstruction_selected,Aug_Nov,925,estimated,downside,200107.55201769152,2.6991564621284625,clock_FXKST_USNY_quote
core,ae_reconstruction_selected,Aug_Nov,925,estimated,btc_vol,-1360.784786282818,-2.6132175446227217,clock_FXKST_USNY_quote
core,ae_reconstruction_selected,Aug_Nov,925,estimated,account_ls,0.3433236465081477,0.1990143165738366,clock_FXKST_USNY_quote
core,ae_reconstruction_selected,Dec_Mar,794,estimated,e_origin,0.260775601368868,14.99473650913238,clock_FXKST_USNY_quote
core,ae_reconstruction_selected,Dec_Mar,794,estimated,downside,-217003.7831280184,-2.927061760690222,clock_FXKST_USNY_quote
core,ae_reconstruction_selected,Dec_Mar,794,estimated,btc_vol,483.5796325435604,0.9286544005514776,clock_FXKST_USNY_quote
core,ae_reconstruction_selected,Dec_Mar,794,estimated,account_ls,-0.8592546050922479,-0.4980838626601777,clock_FXKST_USNY_quote
core,ae_reconstruction_selected,exclude_top1_downside_days,1716,estimated,e_origin,0.5611156027248795,32.26444717165563,clock_FXKST_USNY_quote
core,ae_reconstruction_selected,exclude_top1_downside_days,1716,estimated,downside,-96384.14835311552,-1.3000803530446454,clock_FXKST_USNY_quote
core,ae_reconstruction_selected,exclude_top1_downside_days,1716,estimated,btc_vol,-260.73012837549754,-0.5006997085437563,clock_FXKST_USNY_quote
core,ae_reconstruction_selected,exclude_top1_downside_days,1716,estimated,account_ls,0.2405731019444443,0.1394529388128973,clock_FXKST_USNY_quote
core,ae_reconstruction_selected,exclude_top5_downside_days,1680,estimated,e_origin,0.5316685154559604,30.57122390904567,clock_FXKST_USNY_quote
core,ae_reconstruction_selected,exclude_top5_downside_days,1680,estimated,downside,12980.95713758286,0.1750940131406019,clock_FXKST_USNY_quote
core,ae_reconstruction_selected,exclude_top5_downside_days,1680,estimated,btc_vol,-682.7946383628866,-1.3112219847917852,clock_FXKST_USNY_quote
core,ae_reconstruction_selected,exclude_top5_downside_days,1680,estimated,account_ls,-0.3407148689041194,-0.1975020872321082,clock_FXKST_USNY_quote
full_macro,sequential_ols,Aug_Nov,656,estimated,e_origin,0.3152036944577248,3.2823009425090364,clock_FXKST_USNY_quote
full_macro,sequential_ols,Aug_Nov,656,estimated,downside,205633.40353627683,2.975714521812504,clock_FXKST_USNY_quote
full_macro,sequential_ols,Aug_Nov,656,estimated,btc_vol,-1873.7897502346975,-3.412357385306242,clock_FXKST_USNY_quote
full_macro,sequential_ols,Aug_Nov,656,estimated,account_ls,-0.2566517806557207,-0.1527776978002309,clock_FXKST_USNY_quote
full_macro,sequential_ols,Dec_Mar,534,estimated,e_origin,0.245096926701649,2.552260292833554,clock_FXKST_USNY_quote
full_macro,sequential_ols,Dec_Mar,534,estimated,downside,-285559.0181570762,-4.132315579820789,clock_FXKST_USNY_quote
full_macro,sequential_ols,Dec_Mar,534,estimated,btc_vol,937.6389789617224,1.7075337797158314,clock_FXKST_USNY_quote
full_macro,sequential_ols,Dec_Mar,534,estimated,account_ls,2.1860233821664177,1.3012791838481856,clock_FXKST_USNY_quote
full_macro,sequential_ols,exclude_top1_downside_days,1187,estimated,e_origin,0.3301701539598533,3.438150715191344,clock_FXKST_USNY_quote
full_macro,sequential_ols,exclude_top1_downside_days,1187,estimated,downside,-152278.4654808749,-2.2036168895625137,clock_FXKST_USNY_quote
full_macro,sequential_ols,exclude_top1_downside_days,1187,estimated,btc_vol,-609.0860496745356,-1.1092062381244097,clock_FXKST_USNY_quote
full_macro,sequential_ols,exclude_top1_downside_days,1187,estimated,account_ls,0.3406066941529389,0.2027537329181336,clock_FXKST_USNY_quote
full_macro,sequential_ols,exclude_top5_downside_days,1157,estimated,e_origin,0.2771703185901358,2.8862491586879213,clock_FXKST_USNY_quote
full_macro,sequential_ols,exclude_top5_downside_days,1157,estimated,downside,17308.822973941922,0.2504754334329462,clock_FXKST_USNY_quote
full_macro,sequential_ols,exclude_top5_downside_days,1157,estimated,btc_vol,-957.4289850238262,-1.743573347833235,clock_FXKST_USNY_quote
full_macro,sequential_ols,exclude_top5_downside_days,1157,estimated,account_ls,-0.8112707601970522,-0.4829270177626809,clock_FXKST_USNY_quote
full_macro,pca_1,Aug_Nov,656,estimated,e_origin,0.3123011194386285,3.24293438734828,clock_FXKST_USNY_quote
full_macro,pca_1,Aug_Nov,656,estimated,downside,211899.61171419267,3.066392623478194,clock_FXKST_USNY_quote
full_macro,pca_1,Aug_Nov,656,estimated,btc_vol,-1904.6803189121365,-3.4686121813150077,clock_FXKST_USNY_quote
full_macro,pca_1,Aug_Nov,656,estimated,account_ls,-0.1733195795779758,-0.1031723461414327,clock_FXKST_USNY_quote
full_macro,pca_1,Dec_Mar,534,estimated,e_origin,0.2421576605543569,2.5145648084231698,clock_FXKST_USNY_quote
full_macro,pca_1,Dec_Mar,534,estimated,downside,-289737.65142555203,-4.192784450561135,clock_FXKST_USNY_quote
full_macro,pca_1,Dec_Mar,534,estimated,btc_vol,952.3651943777226,1.7343516817382465,clock_FXKST_USNY_quote
full_macro,pca_1,Dec_Mar,534,estimated,account_ls,2.268965562072719,1.350652366704125,clock_FXKST_USNY_quote
full_macro,pca_1,exclude_top1_downside_days,1187,estimated,e_origin,0.328088356819895,3.406869038229352,clock_FXKST_USNY_quote
full_macro,pca_1,exclude_top1_downside_days,1187,estimated,downside,-153229.4787659055,-2.2173789729304665,clock_FXKST_USNY_quote
full_macro,pca_1,exclude_top1_downside_days,1187,estimated,btc_vol,-624.536471856571,-1.13734299265216,clock_FXKST_USNY_quote
full_macro,pca_1,exclude_top1_downside_days,1187,estimated,account_ls,0.3643249515995248,0.2168725547679745,clock_FXKST_USNY_quote
full_macro,pca_1,exclude_top5_downside_days,1157,estimated,e_origin,0.2823854960112678,2.932290595529869,clock_FXKST_USNY_quote
full_macro,pca_1,exclude_top5_downside_days,1157,estimated,downside,31451.634543902608,0.4551356153112541,clock_FXKST_USNY_quote
full_macro,pca_1,exclude_top5_downside_days,1157,estimated,btc_vol,-1053.9603639133252,-1.919366583774524,clock_FXKST_USNY_quote
full_macro,pca_1,exclude_top5_downside_days,1157,estimated,account_ls,-0.8212210649726008,-0.488850158650833,clock_FXKST_USNY_quote
full_macro,pca_2,Aug_Nov,656,estimated,e_origin,0.3942295826466723,2.859843088564212,clock_FXKST_USNY_quote
full_macro,pca_2,Aug_Nov,656,estimated,downside,160361.6344744044,2.320588174104166,clock_FXKST_USNY_quote
full_macro,pca_2,Aug_Nov,656,estimated,btc_vol,-1720.4380395678306,-3.1330886773960374,clock_FXKST_USNY_quote
full_macro,pca_2,Aug_Nov,656,estimated,account_ls,1.708629689635362,1.0170999387133817,clock_FXKST_USNY_quote
full_macro,pca_2,Dec_Mar,534,estimated,e_origin,0.154731668787607,1.1224634401950555,clock_FXKST_USNY_quote
full_macro,pca_2,Dec_Mar,534,estimated,downside,-170970.83060644066,-2.4741135180023326,clock_FXKST_USNY_quote
full_macro,pca_2,Dec_Mar,534,estimated,btc_vol,1031.7643802564155,1.8789454913086776,clock_FXKST_USNY_quote
full_macro,pca_2,Dec_Mar,534,estimated,account_ls,1.2271622448450623,0.7304957016693626,clock_FXKST_USNY_quote
full_macro,pca_2,exclude_top1_downside_days,1187,estimated,e_origin,0.3659794604593601,2.6549094147742163,clock_FXKST_USNY_quote
full_macro,pca_2,exclude_top1_downside_days,1187,estimated,downside,-39180.66002980624,-0.5669821002808274,clock_FXKST_USNY_quote
full_macro,pca_2,exclude_top1_downside_days,1187,estimated,btc_vol,-641.0212684977322,-1.1673634458842752,clock_FXKST_USNY_quote
full_macro,pca_2,exclude_top1_downside_days,1187,estimated,account_ls,1.3918113987498912,0.8285067835097759,clock_FXKST_USNY_quote
full_macro,pca_2,exclude_top5_downside_days,1157,estimated,e_origin,0.3287691437004822,2.384976178177061,clock_FXKST_USNY_quote
full_macro,pca_2,exclude_top5_downside_days,1157,estimated,downside,55504.69918198174,0.8032067579697473,clock_FXKST_USNY_quote
full_macro,pca_2,exclude_top5_downside_days,1157,estimated,btc_vol,-941.074665829638,-1.7137905070011974,clock_FXKST_USNY_quote
full_macro,pca_2,exclude_top5_downside_days,1157,estimated,account_ls,0.7293758238406645,0.434177229991643,clock_FXKST_USNY_quote
full_macro,conditional_linear,Aug_Nov,656,estimated,e_origin,0.344826401695556,3.618847608685501,clock_FXKST_USNY_quote
full_macro,conditional_linear,Aug_Nov,656,estimated,downside,196588.6678311839,2.8448284355991182,clock_FXKST_USNY_quote
full_macro,conditional_linear,Aug_Nov,656,estimated,btc_vol,-1882.7920749970408,-3.4287515135075832,clock_FXKST_USNY_quote
full_macro,conditional_linear,Aug_Nov,656,estimated,account_ls,-0.4095912238664811,-0.2438183131308237,clock_FXKST_USNY_quote
full_macro,conditional_linear,Dec_Mar,534,estimated,e_origin,0.2150326975391972,2.2567023854686044,clock_FXKST_USNY_quote
full_macro,conditional_linear,Dec_Mar,534,estimated,downside,-337750.2842239024,-4.887573751285312,clock_FXKST_USNY_quote
full_macro,conditional_linear,Dec_Mar,534,estimated,btc_vol,1191.0775911255191,2.169070683645728,clock_FXKST_USNY_quote
full_macro,conditional_linear,Dec_Mar,534,estimated,account_ls,2.994387086761597,1.7824757119135162,clock_FXKST_USNY_quote
full_macro,conditional_linear,exclude_top1_downside_days,1187,estimated,e_origin,0.3138589700978882,3.293853886530508,clock_FXKST_USNY_quote
full_macro,conditional_linear,exclude_top1_downside_days,1187,estimated,downside,-146544.79562025942,-2.120645133154746,clock_FXKST_USNY_quote
full_macro,conditional_linear,exclude_top1_downside_days,1187,estimated,btc_vol,-537.5695138216065,-0.9789675177670726,clock_FXKST_USNY_quote
full_macro,conditional_linear,exclude_top1_downside_days,1187,estimated,account_ls,0.2186185211487557,0.1301375516361668,clock_FXKST_USNY_quote
full_macro,conditional_linear,exclude_top5_downside_days,1157,estimated,e_origin,0.2751662914519297,2.88778605963833,clock_FXKST_USNY_quote
full_macro,conditional_linear,exclude_top5_downside_days,1157,estimated,downside,-15214.10541226396,-0.2201628414114794,clock_FXKST_USNY_quote
full_macro,conditional_linear,exclude_top5_downside_days,1157,estimated,btc_vol,-886.6664959998266,-1.6147078217017932,clock_FXKST_USNY_quote
full_macro,conditional_linear,exclude_top5_downside_days,1157,estimated,account_ls,-0.6620926515767773,-0.3941254207545894,clock_FXKST_USNY_quote
full_macro,ae_relu_1,Aug_Nov,656,estimated,e_origin,0.57583716927458,25.52839165069337,clock_FXKST_USNY_quote
full_macro,ae_relu_1,Aug_Nov,656,estimated,downside,303701.28274320153,4.394851720637881,clock_FXKST_USNY_quote
full_macro,ae_relu_1,Aug_Nov,656,estimated,btc_vol,-1981.813285022032,-3.609078979429742,clock_FXKST_USNY_quote
full_macro,ae_relu_1,Aug_Nov,656,estimated,account_ls,-1.041086739606215,-0.6197301062202498,clock_FXKST_USNY_quote
full_macro,ae_relu_1,Dec_Mar,534,estimated,e_origin,0.2421920462033418,10.737016886128732,clock_FXKST_USNY_quote
full_macro,ae_relu_1,Dec_Mar,534,estimated,downside,-289522.1484183865,-4.189665913315295,clock_FXKST_USNY_quote
full_macro,ae_relu_1,Dec_Mar,534,estimated,btc_vol,952.59956252513,1.734778489430297,clock_FXKST_USNY_quote
full_macro,ae_relu_1,Dec_Mar,534,estimated,account_ls,2.268342371701847,1.3502813987337885,clock_FXKST_USNY_quote
full_macro,ae_relu_1,exclude_top1_downside_days,1187,estimated,e_origin,0.4801733105580399,21.28735862531753,clock_FXKST_USNY_quote
full_macro,ae_relu_1,exclude_top1_downside_days,1187,estimated,downside,-145927.63168425308,-2.1117141732273668,clock_FXKST_USNY_quote
full_macro,ae_relu_1,exclude_top1_downside_days,1187,estimated,btc_vol,-636.611642015566,-1.1593330777541382,clock_FXKST_USNY_quote
full_macro,ae_relu_1,exclude_top1_downside_days,1187,estimated,account_ls,0.7912862762781665,0.4710308078978885,clock_FXKST_USNY_quote
full_macro,ae_relu_1,exclude_top5_downside_days,1157,estimated,e_origin,0.4757185000884932,21.08986504125545,clock_FXKST_USNY_quote
full_macro,ae_relu_1,exclude_top5_downside_days,1157,estimated,downside,51632.48902137892,0.7471721263959767,clock_FXKST_USNY_quote
full_macro,ae_relu_1,exclude_top5_downside_days,1157,estimated,btc_vol,-1337.9661884101915,-2.4365694196692576,clock_FXKST_USNY_quote
full_macro,ae_relu_1,exclude_top5_downside_days,1157,estimated,account_ls,-0.9931148017320202,-0.5911737400469462,clock_FXKST_USNY_quote
full_macro,ae_relu_2,Aug_Nov,656,estimated,e_origin,0.5986911153794757,33.94798153091919,clock_FXKST_USNY_quote
full_macro,ae_relu_2,Aug_Nov,656,estimated,downside,303541.57411858,4.3925405821488415,clock_FXKST_USNY_quote
full_macro,ae_relu_2,Aug_Nov,656,estimated,btc_vol,-2186.9449652614776,-3.9826441587342383,clock_FXKST_USNY_quote
full_macro,ae_relu_2,Aug_Nov,656,estimated,account_ls,-0.8440553458745562,-0.5024427737428132,clock_FXKST_USNY_quote
full_macro,ae_relu_2,Dec_Mar,534,estimated,e_origin,0.2850942632512452,16.165890113952546,clock_FXKST_USNY_quote
full_macro,ae_relu_2,Dec_Mar,534,estimated,downside,-220459.75253153965,-3.1902661522964126,clock_FXKST_USNY_quote
full_macro,ae_relu_2,Dec_Mar,534,estimated,btc_vol,847.4317465177977,1.5432574430566586,clock_FXKST_USNY_quote
full_macro,ae_relu_2,Dec_Mar,534,estimated,account_ls,-1.10795963260044,-0.6595376875695639,clock_FXKST_USNY_quote
full_macro,ae_relu_2,exclude_top1_downside_days,1187,estimated,e_origin,0.5217058449926609,29.582634409327344,clock_FXKST_USNY_quote
full_macro,ae_relu_2,exclude_top1_downside_days,1187,estimated,downside,-93526.45151834888,-1.3534183414303411,clock_FXKST_USNY_quote
full_macro,ae_relu_2,exclude_top1_downside_days,1187,estimated,btc_vol,-606.7253250316469,-1.1049071238994403,clock_FXKST_USNY_quote
full_macro,ae_relu_2,exclude_top1_downside_days,1187,estimated,account_ls,-0.9782985918482554,-0.5823540605949535,clock_FXKST_USNY_quote
full_macro,ae_relu_2,exclude_top5_downside_days,1157,estimated,e_origin,0.5046700049748376,28.61663981306181,clock_FXKST_USNY_quote
full_macro,ae_relu_2,exclude_top5_downside_days,1157,estimated,downside,-4127.31817373516,-0.0597262916166132,clock_FXKST_USNY_quote
full_macro,ae_relu_2,exclude_top5_downside_days,1157,estimated,btc_vol,-916.489968353083,-1.6690193292374516,clock_FXKST_USNY_quote
full_macro,ae_relu_2,exclude_top5_downside_days,1157,estimated,account_ls,-1.5291306834706706,-0.9102491510461124,clock_FXKST_USNY_quote
full_macro,ae_tanh_1,Aug_Nov,656,estimated,e_origin,0.6072093137581881,38.956828626886285,clock_FXKST_USNY_quote
full_macro,ae_tanh_1,Aug_Nov,656,estimated,downside,295855.80172316835,4.281320011292816,clock_FXKST_USNY_quote
full_macro,ae_tanh_1,Aug_Nov,656,estimated,btc_vol,-1816.116259655596,-3.3073282263574666,clock_FXKST_USNY_quote
full_macro,ae_tanh_1,Aug_Nov,656,estimated,account_ls,-0.9523959532643548,-0.5669349371441473,clock_FXKST_USNY_quote
full_macro,ae_tanh_1,Dec_Mar,534,estimated,e_origin,0.3294593042701505,21.137175213186303,clock_FXKST_USNY_quote
full_macro,ae_tanh_1,Dec_Mar,534,estimated,downside,-414329.8266402582,-5.995753903552769,clock_FXKST_USNY_quote
full_macro,ae_tanh_1,Dec_Mar,534,estimated,btc_vol,2053.956069312056,3.740458160438597,clock_FXKST_USNY_quote
full_macro,ae_tanh_1,Dec_Mar,534,estimated,account_ls,3.0560082994302222,1.8191571133950029,clock_FXKST_USNY_quote
full_macro,ae_tanh_1,exclude_top1_downside_days,1187,estimated,e_origin,0.6162458238201002,39.53658550131268,clock_FXKST_USNY_quote
full_macro,ae_tanh_1,exclude_top1_downside_days,1187,estimated,downside,-94045.78469988522,-1.360933595583513,clock_FXKST_USNY_quote
full_macro,ae_tanh_1,exclude_top1_downside_days,1187,estimated,btc_vol,-657.301853884216,-1.1970120101235229,clock_FXKST_USNY_quote
full_macro,ae_tanh_1,exclude_top1_downside_days,1187,estimated,account_ls,0.0765258597415067,0.0455537251431502,clock_FXKST_USNY_quote
full_macro,ae_tanh_1,exclude_top5_downside_days,1157,estimated,e_origin,0.6088962468154259,39.06505747075743,clock_FXKST_USNY_quote
full_macro,ae_tanh_1,exclude_top5_downside_days,1157,estimated,downside,101509.5871262461,1.468942045991441,clock_FXKST_USNY_quote
full_macro,ae_tanh_1,exclude_top5_downside_days,1157,estimated,btc_vol,-1454.4065235628525,-2.648618843867436,clock_FXKST_USNY_quote
full_macro,ae_tanh_1,exclude_top5_downside_days,1157,estimated,account_ls,-0.951510575815011,-0.5664078964665047,clock_FXKST_USNY_quote
full_macro,ae_tanh_2,Aug_Nov,656,estimated,e_origin,0.6354815611688158,37.23249817536945,clock_FXKST_USNY_quote
full_macro,ae_tanh_2,Aug_Nov,656,estimated,downside,313413.4455613356,4.535396123634306,clock_FXKST_USNY_quote
full_macro,ae_tanh_2,Aug_Nov,656,estimated,btc_vol,-1159.88667267564,-2.1122689208473147,clock_FXKST_USNY_quote
full_macro,ae_tanh_2,Aug_Nov,656,estimated,account_ls,-0.7378870396698742,-0.4392437210814197,clock_FXKST_USNY_quote
full_macro,ae_tanh_2,Dec_Mar,534,estimated,e_origin,0.3576721162198709,20.955803013455498,clock_FXKST_USNY_quote
full_macro,ae_tanh_2,Dec_Mar,534,estimated,downside,-205665.24825247377,-2.976175345700066,clock_FXKST_USNY_quote
full_macro,ae_tanh_2,Dec_Mar,534,estimated,btc_vol,130.88259125063018,0.2383502080775956,clock_FXKST_USNY_quote
full_macro,ae_tanh_2,Dec_Mar,534,estimated,account_ls,5.674666878930801,3.3779720496435437,clock_FXKST_USNY_quote
full_macro,ae_tanh_2,exclude_top1_downside_days,1187,estimated,e_origin,0.6372038368298435,37.33340531308208,clock_FXKST_USNY_quote
full_macro,ae_tanh_2,exclude_top1_downside_days,1187,estimated,downside,10796.457497958325,0.1562351972408916,clock_FXKST_USNY_quote
full_macro,ae_tanh_2,exclude_top1_downside_days,1187,estimated,btc_vol,-1607.2020814381067,-2.926874742263884,clock_FXKST_USNY_quote
full_macro,ae_tanh_2,exclude_top1_downside_days,1187,estimated,account_ls,2.4469477799192494,1.4566002522886312,clock_FXKST_USNY_quote
full_macro,ae_tanh_2,exclude_top5_downside_days,1157,estimated,e_origin,0.6090680706794162,35.68494700072497,clock_FXKST_USNY_quote
full_macro,ae_tanh_2,exclude_top5_downside_days,1157,estimated,downside,157832.6924055194,2.283991932881732,clock_FXKST_USNY_quote
full_macro,ae_tanh_2,exclude_top5_downside_days,1157,estimated,btc_vol,-2208.366845723071,-4.021655532337445,clock_FXKST_USNY_quote
full_macro,ae_tanh_2,exclude_top5_downside_days,1157,estimated,account_ls,1.6475638508075812,0.9807491358998872,clock_FXKST_USNY_quote
full_macro,conditional_neural,Aug_Nov,656,estimated,e_origin,0.3159969706894831,3.3644350927155418,clock_FXKST_USNY_quote
full_macro,conditional_neural,Aug_Nov,656,estimated,downside,193685.38154881887,2.802815071024872,clock_FXKST_USNY_quote
full_macro,conditional_neural,Aug_Nov,656,estimated,btc_vol,-1849.510017268276,-3.368141578228177,clock_FXKST_USNY_quote
full_macro,conditional_neural,Aug_Nov,656,estimated,account_ls,-0.544289023619714,-0.3240001832603764,clock_FXKST_USNY_quote
full_macro,conditional_neural,Dec_Mar,534,estimated,e_origin,0.217708881132538,2.3179570300308745,clock_FXKST_USNY_quote
full_macro,conditional_neural,Dec_Mar,534,estimated,downside,-353112.4311891945,-5.10987889735937,clock_FXKST_USNY_quote
full_macro,conditional_neural,Dec_Mar,534,estimated,btc_vol,1299.8403717182166,2.3671385178600244,clock_FXKST_USNY_quote
full_macro,conditional_neural,Dec_Mar,534,estimated,account_ls,3.42543138350653,2.039064445248465,clock_FXKST_USNY_quote
full_macro,conditional_neural,exclude_top1_downside_days,1187,estimated,e_origin,0.3049593483757404,3.246916991920242,clock_FXKST_USNY_quote
full_macro,conditional_neural,exclude_top1_downside_days,1187,estimated,downside,-147808.43239863162,-2.138931181272581,clock_FXKST_USNY_quote
full_macro,conditional_neural,exclude_top1_downside_days,1187,estimated,btc_vol,-514.6623875427666,-0.9372513639008496,clock_FXKST_USNY_quote
full_macro,conditional_neural,exclude_top1_downside_days,1187,estimated,account_ls,0.2637487085086162,0.1570023024222973,clock_FXKST_USNY_quote
full_macro,conditional_neural,exclude_top5_downside_days,1157,estimated,e_origin,0.2626102726551544,2.796024326121819,clock_FXKST_USNY_quote
full_macro,conditional_neural,exclude_top5_downside_days,1157,estimated,downside,-29579.43631326633,-0.4280430935379946,clock_FXKST_USNY_quote
full_macro,conditional_neural,exclude_top5_downside_days,1157,estimated,btc_vol,-843.1697303449957,-1.5354958879719784,clock_FXKST_USNY_quote
full_macro,conditional_neural,exclude_top5_downside_days,1157,estimated,account_ls,-0.3358766230002857,-0.1999380525465136,clock_FXKST_USNY_quote
full_macro,pca_selected,Aug_Nov,656,estimated,e_origin,0.4255581364520425,3.133575101740921,clock_FXKST_USNY_quote
full_macro,pca_selected,Aug_Nov,656,estimated,downside,94442.27995494864,1.3666712659621183,clock_FXKST_USNY_quote
full_macro,pca_selected,Aug_Nov,656,estimated,btc_vol,-1211.511555162435,-2.206282963243115,clock_FXKST_USNY_quote
full_macro,pca_selected,Aug_Nov,656,estimated,account_ls,1.4264046648256667,0.8490991968448595,clock_FXKST_USNY_quote
full_macro,pca_selected,Dec_Mar,534,estimated,e_origin,0.154731668787607,1.1393585581656689,clock_FXKST_USNY_quote
full_macro,pca_selected,Dec_Mar,534,estimated,downside,-170970.83060644066,-2.4741135180023326,clock_FXKST_USNY_quote
full_macro,pca_selected,Dec_Mar,534,estimated,btc_vol,1031.7643802564155,1.8789454913086776,clock_FXKST_USNY_quote
full_macro,pca_selected,Dec_Mar,534,estimated,account_ls,1.2271622448450623,0.7304957016693626,clock_FXKST_USNY_quote
full_macro,pca_selected,exclude_top1_downside_days,1187,estimated,e_origin,0.3542984146594464,2.608857863743926,clock_FXKST_USNY_quote
full_macro,pca_selected,exclude_top1_downside_days,1187,estimated,downside,-51970.96129946533,-0.7520701480977622,clock_FXKST_USNY_quote
full_macro,pca_selected,exclude_top1_downside_days,1187,estimated,btc_vol,-458.84908013909313,-0.8356097834121968,clock_FXKST_USNY_quote
full_macro,pca_selected,exclude_top1_downside_days,1187,estimated,account_ls,1.1526748889748917,0.6861554414303865,clock_FXKST_USNY_quote
full_macro,pca_selected,exclude_top5_downside_days,1157,estimated,e_origin,0.3252063782270473,2.3946401735746328,clock_FXKST_USNY_quote
full_macro,pca_selected,exclude_top5_downside_days,1157,estimated,downside,56801.25656515377,0.8219691991253136,clock_FXKST_USNY_quote
full_macro,pca_selected,exclude_top5_downside_days,1157,estimated,btc_vol,-748.265500466182,-1.3626658521137889,clock_FXKST_USNY_quote
full_macro,pca_selected,exclude_top5_downside_days,1157,estimated,account_ls,0.4717313732312057,0.2808086232570571,clock_FXKST_USNY_quote
full_macro,ae_selected,Aug_Nov,656,estimated,e_origin,0.5982835858081379,33.9241101532302,clock_FXKST_USNY_quote
full_macro,ae_selected,Aug_Nov,656,estimated,downside,305733.8479996435,4.42426490860303,clock_FXKST_USNY_quote
full_macro,ae_selected,Aug_Nov,656,estimated,btc_vol,-2198.479123259698,-4.003649006916158,clock_FXKST_USNY_quote
full_macro,ae_selected,Aug_Nov,656,estimated,account_ls,-0.814309735288855,-0.4847360354792603,clock_FXKST_USNY_quote
full_macro,ae_selected,Dec_Mar,534,estimated,e_origin,0.2848034414199247,16.149036256272893,clock_FXKST_USNY_quote
full_macro,ae_selected,Dec_Mar,534,estimated,downside,-220688.39295714351,-3.1935748007117115,clock_FXKST_USNY_quote
full_macro,ae_selected,Dec_Mar,534,estimated,btc_vol,847.1035334871655,1.542659734504303,clock_FXKST_USNY_quote
full_macro,ae_selected,Dec_Mar,534,estimated,account_ls,-1.0755150605520545,-0.6402243322871578,clock_FXKST_USNY_quote
full_macro,ae_selected,exclude_top1_downside_days,1187,estimated,e_origin,0.5217332648943502,29.583523881860813,clock_FXKST_USNY_quote
full_macro,ae_selected,exclude_top1_downside_days,1187,estimated,downside,-92254.7960777217,-1.3350162555029514,clock_FXKST_USNY_quote
full_macro,ae_selected,exclude_top1_downside_days,1187,estimated,btc_vol,-610.7933556788882,-1.1123154120603866,clock_FXKST_USNY_quote
full_macro,ae_selected,exclude_top1_downside_days,1187,estimated,account_ls,-0.982284245567541,-0.5847266098829641,clock_FXKST_USNY_quote
full_macro,ae_selected,exclude_top5_downside_days,1157,estimated,e_origin,0.5069089664847284,28.74295070866725,clock_FXKST_USNY_quote
full_macro,ae_selected,exclude_top5_downside_days,1157,estimated,downside,-8578.561799840401,-0.1241400982771152,clock_FXKST_USNY_quote
full_macro,ae_selected,exclude_top5_downside_days,1157,estimated,btc_vol,-890.6411660606973,-1.621946090955144,clock_FXKST_USNY_quote
full_macro,ae_selected,exclude_top5_downside_days,1157,estimated,account_ls,-1.4788693444725058,-0.8803299677820103,clock_FXKST_USNY_quote
full_macro,ae_reconstruction_selected,Aug_Nov,656,estimated,e_origin,0.5982835858081379,33.9241101532302,clock_FXKST_USNY_quote
full_macro,ae_reconstruction_selected,Aug_Nov,656,estimated,downside,305733.8479996435,4.42426490860303,clock_FXKST_USNY_quote
full_macro,ae_reconstruction_selected,Aug_Nov,656,estimated,btc_vol,-2198.479123259698,-4.003649006916158,clock_FXKST_USNY_quote
full_macro,ae_reconstruction_selected,Aug_Nov,656,estimated,account_ls,-0.814309735288855,-0.4847360354792603,clock_FXKST_USNY_quote
full_macro,ae_reconstruction_selected,Dec_Mar,534,estimated,e_origin,0.2848034414199247,16.149036256272893,clock_FXKST_USNY_quote
full_macro,ae_reconstruction_selected,Dec_Mar,534,estimated,downside,-220688.39295714351,-3.1935748007117115,clock_FXKST_USNY_quote
full_macro,ae_reconstruction_selected,Dec_Mar,534,estimated,btc_vol,847.1035334871655,1.542659734504303,clock_FXKST_USNY_quote
full_macro,ae_reconstruction_selected,Dec_Mar,534,estimated,account_ls,-1.0755150605520545,-0.6402243322871578,clock_FXKST_USNY_quote
full_macro,ae_reconstruction_selected,exclude_top1_downside_days,1187,estimated,e_origin,0.5217332648943502,29.583523881860813,clock_FXKST_USNY_quote
full_macro,ae_reconstruction_selected,exclude_top1_downside_days,1187,estimated,downside,-92254.7960777217,-1.3350162555029514,clock_FXKST_USNY_quote
full_macro,ae_reconstruction_selected,exclude_top1_downside_days,1187,estimated,btc_vol,-610.7933556788882,-1.1123154120603866,clock_FXKST_USNY_quote
full_macro,ae_reconstruction_selected,exclude_top1_downside_days,1187,estimated,account_ls,-0.982284245567541,-0.5847266098829641,clock_FXKST_USNY_quote
full_macro,ae_reconstruction_selected,exclude_top5_downside_days,1157,estimated,e_origin,0.5069089664847284,28.74295070866725,clock_FXKST_USNY_quote
full_macro,ae_reconstruction_selected,exclude_top5_downside_days,1157,estimated,downside,-8578.561799840401,-0.1241400982771152,clock_FXKST_USNY_quote
full_macro,ae_reconstruction_selected,exclude_top5_downside_days,1157,estimated,btc_vol,-890.6411660606973,-1.621946090955144,clock_FXKST_USNY_quote
full_macro,ae_reconstruction_selected,exclude_top5_downside_days,1157,estimated,account_ls,-1.4788693444725058,-0.8803299677820103,clock_FXKST_USNY_quote
core,sequential_ols,Aug_Nov,926,estimated,e_origin,0.3930779269882248,3.692591136279174,clock_NY_macro_end1h_quote
core,sequential_ols,Aug_Nov,926,estimated,downside,45.217323381300126,0.000778862550112,clock_NY_macro_end1h_quote
core,sequential_ols,Aug_Nov,926,estimated,btc_vol,-1038.1883909766811,-2.0318224980053468,clock_NY_macro_end1h_quote
core,sequential_ols,Aug_Nov,926,estimated,account_ls,2.359693201135912,1.4305139709591157,clock_NY_macro_end1h_quote
core,sequential_ols,Dec_Mar,803,estimated,e_origin,0.2706691335672012,2.5426776088206844,clock_NY_macro_end1h_quote
core,sequential_ols,Dec_Mar,803,estimated,downside,-321235.82521010883,-5.533245563888694,clock_NY_macro_end1h_quote
core,sequential_ols,Dec_Mar,803,estimated,btc_vol,1060.3195360648292,2.075135020941976,clock_NY_macro_end1h_quote
core,sequential_ols,Dec_Mar,803,estimated,account_ls,4.716693697719412,2.8593955468763514,clock_NY_macro_end1h_quote
core,sequential_ols,exclude_top1_downside_days,1719,estimated,e_origin,0.3746616029059938,3.5195873871499885,clock_NY_macro_end1h_quote
core,sequential_ols,exclude_top1_downside_days,1719,estimated,downside,-148517.98717214694,-2.5582031304897543,clock_NY_macro_end1h_quote
core,sequential_ols,exclude_top1_downside_days,1719,estimated,btc_vol,-830.0331014016185,-1.6244449891511474,clock_NY_macro_end1h_quote
core,sequential_ols,exclude_top1_downside_days,1719,estimated,account_ls,2.128226220856987,1.290192021925518,clock_NY_macro_end1h_quote
core,sequential_ols,exclude_top5_downside_days,1679,estimated,e_origin,0.3277620896924043,3.07901132093527,clock_NY_macro_end1h_quote
core,sequential_ols,exclude_top5_downside_days,1679,estimated,downside,122524.71082274054,2.110472305457354,clock_NY_macro_end1h_quote
core,sequential_ols,exclude_top5_downside_days,1679,estimated,btc_vol,-1640.0643145508068,-3.209744591099839,clock_NY_macro_end1h_quote
core,sequential_ols,exclude_top5_downside_days,1679,estimated,account_ls,1.2307808115263408,0.7461347709224593,clock_NY_macro_end1h_quote
core,pca_1,Aug_Nov,926,estimated,e_origin,0.3983528430746864,3.736226653882958,clock_NY_macro_end1h_quote
core,pca_1,Aug_Nov,926,estimated,downside,2686.500949698921,0.046274631581274,clock_NY_macro_end1h_quote
core,pca_1,Aug_Nov,926,estimated,btc_vol,-1051.4455309378627,-2.0577678422862573,clock_NY_macro_end1h_quote
core,pca_1,Aug_Nov,926,estimated,account_ls,2.3511445771260315,1.425331548908349,clock_NY_macro_end1h_quote
core,pca_1,Dec_Mar,803,estimated,e_origin,0.2681048978125119,2.514606542059666,clock_NY_macro_end1h_quote
core,pca_1,Dec_Mar,803,estimated,downside,-325123.5796829979,-5.600211632123866,clock_NY_macro_end1h_quote
core,pca_1,Dec_Mar,803,estimated,btc_vol,1121.7049583733474,2.195271484786146,clock_NY_macro_end1h_quote
core,pca_1,Dec_Mar,803,estimated,account_ls,4.891531608394756,2.965387323160652,clock_NY_macro_end1h_quote
core,pca_1,exclude_top1_downside_days,1719,estimated,e_origin,0.3799131888068938,3.563277649096274,clock_NY_macro_end1h_quote
core,pca_1,exclude_top1_downside_days,1719,estimated,downside,-144010.77683170896,-2.480567015011571,clock_NY_macro_end1h_quote
core,pca_1,exclude_top1_downside_days,1719,estimated,btc_vol,-818.9724589847533,-1.6027983763588032,clock_NY_macro_end1h_quote
core,pca_1,exclude_top1_downside_days,1719,estimated,account_ls,2.09252782998689,1.2685506293682776,clock_NY_macro_end1h_quote
core,pca_1,exclude_top5_downside_days,1679,estimated,e_origin,0.3407836712358193,3.196274503407114,clock_NY_macro_end1h_quote
core,pca_1,exclude_top5_downside_days,1679,estimated,downside,130603.5014678348,2.249628429993948,clock_NY_macro_end1h_quote
core,pca_1,exclude_top5_downside_days,1679,estimated,btc_vol,-1717.8838360730508,-3.3620439772104453,clock_NY_macro_end1h_quote
core,pca_1,exclude_top5_downside_days,1679,estimated,account_ls,1.1986333416613648,0.7266460489349154,clock_NY_macro_end1h_quote
core,pca_2,Aug_Nov,926,estimated,e_origin,0.4516002510949515,3.4058036599221158,clock_NY_macro_end1h_quote
core,pca_2,Aug_Nov,926,estimated,downside,46052.7205770377,0.7932521588189305,clock_NY_macro_end1h_quote
core,pca_2,Aug_Nov,926,estimated,btc_vol,-758.576875406081,-1.4845991106360708,clock_NY_macro_end1h_quote
core,pca_2,Aug_Nov,926,estimated,account_ls,1.7251270688965532,1.0458217079018182,clock_NY_macro_end1h_quote
core,pca_2,Dec_Mar,803,estimated,e_origin,0.2171270121000394,1.6374923855451653,clock_NY_macro_end1h_quote
core,pca_2,Dec_Mar,803,estimated,downside,-154144.0993217011,-2.655112184992313,clock_NY_macro_end1h_quote
core,pca_2,Dec_Mar,803,estimated,btc_vol,638.9287732545542,1.250437654095016,clock_NY_macro_end1h_quote
core,pca_2,Dec_Mar,803,estimated,account_ls,3.608102261910283,2.1873354942190044,clock_NY_macro_end1h_quote
core,pca_2,exclude_top1_downside_days,1719,estimated,e_origin,0.4017150696978356,3.0295878961659217,clock_NY_macro_end1h_quote
core,pca_2,exclude_top1_downside_days,1719,estimated,downside,-29225.252063964897,-0.5034011889262153,clock_NY_macro_end1h_quote
core,pca_2,exclude_top1_downside_days,1719,estimated,btc_vol,-429.6812639419352,-0.8409225788272247,clock_NY_macro_end1h_quote
core,pca_2,exclude_top1_downside_days,1719,estimated,account_ls,1.414618262337193,0.857582327597979,clock_NY_macro_end1h_quote
core,pca_2,exclude_top5_downside_days,1679,estimated,e_origin,0.376050519631175,2.836035261207557,clock_NY_macro_end1h_quote
core,pca_2,exclude_top5_downside_days,1679,estimated,downside,80355.30717359723,1.384109778734693,clock_NY_macro_end1h_quote
core,pca_2,exclude_top5_downside_days,1679,estimated,btc_vol,-824.0107530499512,-1.612658744016744,clock_NY_macro_end1h_quote
core,pca_2,exclude_top5_downside_days,1679,estimated,account_ls,0.872440070737084,0.5288982946652453,clock_NY_macro_end1h_quote
core,conditional_linear,Aug_Nov,926,estimated,e_origin,0.2548765177011951,2.8704616180408267,clock_NY_macro_end1h_quote
core,conditional_linear,Aug_Nov,926,estimated,downside,163048.29603285747,2.808485822318639,clock_NY_macro_end1h_quote
core,conditional_linear,Aug_Nov,926,estimated,btc_vol,-2057.6990984113754,-4.027091189436598,clock_NY_macro_end1h_quote
core,conditional_linear,Aug_Nov,926,estimated,account_ls,1.000831286792507,0.6067327471386856,clock_NY_macro_end1h_quote
core,conditional_linear,Dec_Mar,803,estimated,e_origin,0.2726006144917089,3.0700733359443784,clock_NY_macro_end1h_quote
core,conditional_linear,Dec_Mar,803,estimated,downside,-288668.7831407911,-4.972282474105152,clock_NY_macro_end1h_quote
core,conditional_linear,Dec_Mar,803,estimated,btc_vol,1010.2423428898766,1.977129718037261,clock_NY_macro_end1h_quote
core,conditional_linear,Dec_Mar,803,estimated,account_ls,6.828031747413416,4.139349473111732,clock_NY_macro_end1h_quote
core,conditional_linear,exclude_top1_downside_days,1719,estimated,e_origin,0.3554258067269886,4.0028643888924025,clock_NY_macro_end1h_quote
core,conditional_linear,exclude_top1_downside_days,1719,estimated,downside,-86477.44437491725,-1.489562800633995,clock_NY_macro_end1h_quote
core,conditional_linear,exclude_top1_downside_days,1719,estimated,btc_vol,-1400.65621468135,-2.741202688929408,clock_NY_macro_end1h_quote
core,conditional_linear,exclude_top1_downside_days,1719,estimated,account_ls,2.160191156323536,1.3095700863042652,clock_NY_macro_end1h_quote
core,conditional_linear,exclude_top5_downside_days,1679,estimated,e_origin,0.3209757000842547,3.614881573734388,clock_NY_macro_end1h_quote
core,conditional_linear,exclude_top5_downside_days,1679,estimated,downside,141930.89501095295,2.444741319510193,clock_NY_macro_end1h_quote
core,conditional_linear,exclude_top5_downside_days,1679,estimated,btc_vol,-2168.001526160667,-4.242962370653316,clock_NY_macro_end1h_quote
core,conditional_linear,exclude_top5_downside_days,1679,estimated,account_ls,1.6962866373743235,1.0283378077909144,clock_NY_macro_end1h_quote
core,ae_relu_1,Aug_Nov,926,estimated,e_origin,0.6708318690031916,31.346054987855247,clock_NY_macro_end1h_quote
core,ae_relu_1,Aug_Nov,926,estimated,downside,79088.90606100835,1.3622961832748688,clock_NY_macro_end1h_quote
core,ae_relu_1,Aug_Nov,926,estimated,btc_vol,-1061.7847296221894,-2.0780025286695247,clock_NY_macro_end1h_quote
core,ae_relu_1,Aug_Nov,926,estimated,account_ls,1.0318938304804977,0.6255637556349629,clock_NY_macro_end1h_quote
core,ae_relu_1,Dec_Mar,803,estimated,e_origin,0.2694953347326048,12.592746367359144,clock_NY_macro_end1h_quote
core,ae_relu_1,Dec_Mar,803,estimated,downside,-323760.6152616014,-5.576734746152328,clock_NY_macro_end1h_quote
core,ae_relu_1,Dec_Mar,803,estimated,btc_vol,1114.868066066211,2.181891108231356,clock_NY_macro_end1h_quote
core,ae_relu_1,Dec_Mar,803,estimated,account_ls,4.825705725237678,2.925481777193238,clock_NY_macro_end1h_quote
core,ae_relu_1,exclude_top1_downside_days,1719,estimated,e_origin,0.6654687173110064,31.09545024526714,clock_NY_macro_end1h_quote
core,ae_relu_1,exclude_top1_downside_days,1719,estimated,downside,-87532.55712293954,-1.5077369813268806,clock_NY_macro_end1h_quote
core,ae_relu_1,exclude_top1_downside_days,1719,estimated,btc_vol,-590.2251255182383,-1.1551204957973014,clock_NY_macro_end1h_quote
core,ae_relu_1,exclude_top1_downside_days,1719,estimated,account_ls,0.87753399151172,0.5319863761292118,clock_NY_macro_end1h_quote
core,ae_relu_1,exclude_top5_downside_days,1679,estimated,e_origin,0.6604549273775323,30.86117017866004,clock_NY_macro_end1h_quote
core,ae_relu_1,exclude_top5_downside_days,1679,estimated,downside,161163.35174892284,2.7760179006899204,clock_NY_macro_end1h_quote
core,ae_relu_1,exclude_top5_downside_days,1679,estimated,btc_vol,-1475.5424983754128,-2.887761480497542,clock_NY_macro_end1h_quote
core,ae_relu_1,exclude_top5_downside_days,1679,estimated,account_ls,0.1445920726099195,0.0876558782552135,clock_NY_macro_end1h_quote
core,ae_relu_2,Aug_Nov,926,estimated,e_origin,0.6866600317747841,37.58953146352861,clock_NY_macro_end1h_quote
core,ae_relu_2,Aug_Nov,926,estimated,downside,96840.7882836654,1.6680700598185134,clock_NY_macro_end1h_quote
core,ae_relu_2,Aug_Nov,926,estimated,btc_vol,-1135.7966182037514,-2.2228500550403534,clock_NY_macro_end1h_quote
core,ae_relu_2,Aug_Nov,926,estimated,account_ls,0.978238673767059,0.5930364545198744,clock_NY_macro_end1h_quote
core,ae_relu_2,Dec_Mar,803,estimated,e_origin,0.3288625933206079,18.002781910651702,clock_NY_macro_end1h_quote
core,ae_relu_2,Dec_Mar,803,estimated,downside,-206252.26941274956,-3.552668678917194,clock_NY_macro_end1h_quote
core,ae_relu_2,Dec_Mar,803,estimated,btc_vol,686.5769314776385,1.3436891301350282,clock_NY_macro_end1h_quote
core,ae_relu_2,Dec_Mar,803,estimated,account_ls,-0.544639222859181,-0.3301759809526606,clock_NY_macro_end1h_quote
core,ae_relu_2,exclude_top1_downside_days,1719,estimated,e_origin,0.6252549983438586,34.22806242592507,clock_NY_macro_end1h_quote
core,ae_relu_2,exclude_top1_downside_days,1719,estimated,downside,-85178.22543584007,-1.4671839223551884,clock_NY_macro_end1h_quote
core,ae_relu_2,exclude_top1_downside_days,1719,estimated,btc_vol,66.32427947110546,0.129802225072668,clock_NY_macro_end1h_quote
core,ae_relu_2,exclude_top1_downside_days,1719,estimated,account_ls,0.2839766311816187,0.172154811538914,clock_NY_macro_end1h_quote
core,ae_relu_2,exclude_top5_downside_days,1679,estimated,e_origin,0.6112264308280564,33.46010265599275,clock_NY_macro_end1h_quote
core,ae_relu_2,exclude_top5_downside_days,1679,estimated,downside,74693.9739557953,1.2865940458845062,clock_NY_macro_end1h_quote
core,ae_relu_2,exclude_top5_downside_days,1679,estimated,btc_vol,-311.94967562689874,-0.6105119019756401,clock_NY_macro_end1h_quote
core,ae_relu_2,exclude_top5_downside_days,1679,estimated,account_ls,0.2580106844264688,0.1564135068707725,clock_NY_macro_end1h_quote
core,ae_tanh_1,Aug_Nov,926,estimated,e_origin,0.6712468889093908,37.78095217270539,clock_NY_macro_end1h_quote
core,ae_tanh_1,Aug_Nov,926,estimated,downside,51758.635959538,0.891535813693021,clock_NY_macro_end1h_quote
core,ae_tanh_1,Aug_Nov,926,estimated,btc_vol,-1370.5927528994007,-2.6823659512550213,clock_NY_macro_end1h_quote
core,ae_tanh_1,Aug_Nov,926,estimated,account_ls,4.650341116987159,2.8191707016714798,clock_NY_macro_end1h_quote
core,ae_tanh_1,Dec_Mar,803,estimated,e_origin,0.3393204588004427,19.09856155309568,clock_NY_macro_end1h_quote
core,ae_tanh_1,Dec_Mar,803,estimated,downside,-256657.03777313163,-4.420884298225849,clock_NY_macro_end1h_quote
core,ae_tanh_1,Dec_Mar,803,estimated,btc_vol,1472.47777501267,2.8817635576420138,clock_NY_macro_end1h_quote
core,ae_tanh_1,Dec_Mar,803,estimated,account_ls,6.991256876854112,4.238301246996628,clock_NY_macro_end1h_quote
core,ae_tanh_1,exclude_top1_downside_days,1719,estimated,e_origin,0.6534076987358097,36.776878110115824,clock_NY_macro_end1h_quote
core,ae_tanh_1,exclude_top1_downside_days,1719,estimated,downside,-153473.69299736927,-2.6435645227174542,clock_NY_macro_end1h_quote
core,ae_tanh_1,exclude_top1_downside_days,1719,estimated,btc_vol,263.11163839864827,0.5149317320746546,clock_NY_macro_end1h_quote
core,ae_tanh_1,exclude_top1_downside_days,1719,estimated,account_ls,4.193808459177982,2.542407457669782,clock_NY_macro_end1h_quote
core,ae_tanh_1,exclude_top5_downside_days,1679,estimated,e_origin,0.6476912521742001,36.4551294395292,clock_NY_macro_end1h_quote
core,ae_tanh_1,exclude_top5_downside_days,1679,estimated,downside,-14884.846117481084,-0.2563895502466088,clock_NY_macro_end1h_quote
core,ae_tanh_1,exclude_top5_downside_days,1679,estimated,btc_vol,-235.45443750144835,-0.460804250489237,clock_NY_macro_end1h_quote
core,ae_tanh_1,exclude_top5_downside_days,1679,estimated,account_ls,3.6220530564446713,2.195792867608823,clock_NY_macro_end1h_quote
core,ae_tanh_2,Aug_Nov,926,estimated,e_origin,0.6449135820199173,36.21761446953202,clock_NY_macro_end1h_quote
core,ae_tanh_2,Aug_Nov,926,estimated,downside,37813.71019773357,0.6513362700717781,clock_NY_macro_end1h_quote
core,ae_tanh_2,Aug_Nov,926,estimated,btc_vol,-699.1766227453212,-1.3683477917113878,clock_NY_macro_end1h_quote
core,ae_tanh_2,Aug_Nov,926,estimated,account_ls,3.36636716172627,2.0407887152063906,clock_NY_macro_end1h_quote
core,ae_tanh_2,Dec_Mar,803,estimated,e_origin,0.4289395692917088,24.088759152314527,clock_NY_macro_end1h_quote
core,ae_tanh_2,Dec_Mar,803,estimated,downside,-192329.35434606436,-3.3128482666741124,clock_NY_macro_end1h_quote
core,ae_tanh_2,Dec_Mar,803,estimated,btc_vol,1953.841855815761,3.82383378074216,clock_NY_macro_end1h_quote
core,ae_tanh_2,Dec_Mar,803,estimated,account_ls,5.518913885874836,3.345724526588357,clock_NY_macro_end1h_quote
core,ae_tanh_2,exclude_top1_downside_days,1719,estimated,e_origin,0.6599208880855616,37.0604077374446,clock_NY_macro_end1h_quote
core,ae_tanh_2,exclude_top1_downside_days,1719,estimated,downside,-99698.66775960244,-1.7172966643605638,clock_NY_macro_end1h_quote
core,ae_tanh_2,exclude_top1_downside_days,1719,estimated,btc_vol,153.22092391189366,0.2998663085381615,clock_NY_macro_end1h_quote
core,ae_tanh_2,exclude_top1_downside_days,1719,estimated,account_ls,2.3965247670786813,1.452842326877618,clock_NY_macro_end1h_quote
core,ae_tanh_2,exclude_top5_downside_days,1679,estimated,e_origin,0.6195132302886592,34.791159558298965,clock_NY_macro_end1h_quote
core,ae_tanh_2,exclude_top5_downside_days,1679,estimated,downside,40650.91681030838,0.7002067872147434,clock_NY_macro_end1h_quote
core,ae_tanh_2,exclude_top5_downside_days,1679,estimated,btc_vol,-405.17489347892126,-0.7929615389196575,clock_NY_macro_end1h_quote
core,ae_tanh_2,exclude_top5_downside_days,1679,estimated,account_ls,2.5998871856484778,1.5761264812719644,clock_NY_macro_end1h_quote
core,conditional_neural,Aug_Nov,926,estimated,e_origin,0.2047367366335437,1.9718713482914003,clock_NY_macro_end1h_quote
core,conditional_neural,Aug_Nov,926,estimated,downside,83164.38741960334,1.432495822849338,clock_NY_macro_end1h_quote
core,conditional_neural,Aug_Nov,926,estimated,btc_vol,-1631.4057436121664,-3.192799035373528,clock_NY_macro_end1h_quote
core,conditional_neural,Aug_Nov,926,estimated,account_ls,2.0789484220940926,1.260318401255467,clock_NY_macro_end1h_quote
core,conditional_neural,Dec_Mar,803,estimated,e_origin,0.2104998880591482,2.0273777188572013,clock_NY_macro_end1h_quote
core,conditional_neural,Dec_Mar,803,estimated,downside,-76262.89115008083,-1.3136184417460546,clock_NY_macro_end1h_quote
core,conditional_neural,Dec_Mar,803,estimated,btc_vol,596.8538168115487,1.16809340535701,clock_NY_macro_end1h_quote
core,conditional_neural,Dec_Mar,803,estimated,account_ls,7.053887796649443,4.2762699141683225,clock_NY_macro_end1h_quote
core,conditional_neural,exclude_top1_downside_days,1719,estimated,e_origin,0.2705172688124798,2.6054203088337022,clock_NY_macro_end1h_quote
core,conditional_neural,exclude_top1_downside_days,1719,estimated,downside,107992.3708407762,1.8601546278274308,clock_NY_macro_end1h_quote
core,conditional_neural,exclude_top1_downside_days,1719,estimated,btc_vol,-1764.7726760869543,-3.4538094032869178,clock_NY_macro_end1h_quote
core,conditional_neural,exclude_top1_downside_days,1719,estimated,account_ls,1.8330515593266248,1.1112486419178762,clock_NY_macro_end1h_quote
core,conditional_neural,exclude_top5_downside_days,1679,estimated,e_origin,0.2739136890957491,2.638132092529473,clock_NY_macro_end1h_quote
core,conditional_neural,exclude_top5_downside_days,1679,estimated,downside,157916.64204401328,2.7200937457169343,clock_NY_macro_end1h_quote
core,conditional_neural,exclude_top5_downside_days,1679,estimated,btc_vol,-1995.4048294835611,-3.905176035882188,clock_NY_macro_end1h_quote
core,conditional_neural,exclude_top5_downside_days,1679,estimated,account_ls,1.9704366215785905,1.194535422952766,clock_NY_macro_end1h_quote
core,pca_selected,Aug_Nov,926,estimated,e_origin,0.4516002510949515,3.4058036599221158,clock_NY_macro_end1h_quote
core,pca_selected,Aug_Nov,926,estimated,downside,46052.7205770377,0.7932521588189305,clock_NY_macro_end1h_quote
core,pca_selected,Aug_Nov,926,estimated,btc_vol,-758.576875406081,-1.4845991106360708,clock_NY_macro_end1h_quote
core,pca_selected,Aug_Nov,926,estimated,account_ls,1.7251270688965532,1.0458217079018182,clock_NY_macro_end1h_quote
core,pca_selected,Dec_Mar,803,estimated,e_origin,0.2171270121000394,1.6374923855451653,clock_NY_macro_end1h_quote
core,pca_selected,Dec_Mar,803,estimated,downside,-154144.0993217011,-2.655112184992313,clock_NY_macro_end1h_quote
core,pca_selected,Dec_Mar,803,estimated,btc_vol,638.9287732545542,1.250437654095016,clock_NY_macro_end1h_quote
core,pca_selected,Dec_Mar,803,estimated,account_ls,3.608102261910283,2.1873354942190044,clock_NY_macro_end1h_quote
core,pca_selected,exclude_top1_downside_days,1719,estimated,e_origin,0.4017150696978356,3.0295878961659217,clock_NY_macro_end1h_quote
core,pca_selected,exclude_top1_downside_days,1719,estimated,downside,-29225.252063964897,-0.5034011889262153,clock_NY_macro_end1h_quote
core,pca_selected,exclude_top1_downside_days,1719,estimated,btc_vol,-429.6812639419352,-0.8409225788272247,clock_NY_macro_end1h_quote
core,pca_selected,exclude_top1_downside_days,1719,estimated,account_ls,1.414618262337193,0.857582327597979,clock_NY_macro_end1h_quote
core,pca_selected,exclude_top5_downside_days,1679,estimated,e_origin,0.376050519631175,2.836035261207557,clock_NY_macro_end1h_quote
core,pca_selected,exclude_top5_downside_days,1679,estimated,downside,80355.30717359723,1.384109778734693,clock_NY_macro_end1h_quote
core,pca_selected,exclude_top5_downside_days,1679,estimated,btc_vol,-824.0107530499512,-1.612658744016744,clock_NY_macro_end1h_quote
core,pca_selected,exclude_top5_downside_days,1679,estimated,account_ls,0.872440070737084,0.5288982946652453,clock_NY_macro_end1h_quote
core,ae_selected,Aug_Nov,926,estimated,e_origin,0.6708318690031916,31.31964814419083,clock_NY_macro_end1h_quote
core,ae_selected,Aug_Nov,926,estimated,downside,79088.90606100835,1.3622961832748688,clock_NY_macro_end1h_quote
core,ae_selected,Aug_Nov,926,estimated,btc_vol,-1061.7847296221894,-2.0780025286695247,clock_NY_macro_end1h_quote
core,ae_selected,Aug_Nov,926,estimated,account_ls,1.0318938304804977,0.6255637556349629,clock_NY_macro_end1h_quote
core,ae_selected,Dec_Mar,803,estimated,e_origin,0.3586958391914964,16.746711051393824,clock_NY_macro_end1h_quote
core,ae_selected,Dec_Mar,803,estimated,downside,-227842.20720689985,-3.924552566543921,clock_NY_macro_end1h_quote
core,ae_selected,Dec_Mar,803,estimated,btc_vol,781.3788861927849,1.5292245744910469,clock_NY_macro_end1h_quote
core,ae_selected,Dec_Mar,803,estimated,account_ls,-1.0793259670972093,-0.6543184827621947,clock_NY_macro_end1h_quote
core,ae_selected,exclude_top1_downside_days,1719,estimated,e_origin,0.6599199915654349,30.81019685283984,clock_NY_macro_end1h_quote
core,ae_selected,exclude_top1_downside_days,1719,estimated,downside,-62148.68029930082,-1.0705029843502691,clock_NY_macro_end1h_quote
core,ae_selected,exclude_top1_downside_days,1719,estimated,btc_vol,-38.311749419951774,-0.0749793342768651,clock_NY_macro_end1h_quote
core,ae_selected,exclude_top1_downside_days,1719,estimated,account_ls,0.2357287677547191,0.1429055673287418,clock_NY_macro_end1h_quote
core,ae_selected,exclude_top5_downside_days,1679,estimated,e_origin,0.6489451650682254,30.29780660989133,clock_NY_macro_end1h_quote
core,ae_selected,exclude_top5_downside_days,1679,estimated,downside,88892.65288964959,1.5311644550922672,clock_NY_macro_end1h_quote
core,ae_selected,exclude_top5_downside_days,1679,estimated,btc_vol,-353.1778178007973,-0.6911988635598326,clock_NY_macro_end1h_quote
core,ae_selected,exclude_top5_downside_days,1679,estimated,account_ls,-0.1219384285332813,-0.0739225868556509,clock_NY_macro_end1h_quote
core,ae_reconstruction_selected,Aug_Nov,926,estimated,e_origin,0.6708318690031916,31.31964814419083,clock_NY_macro_end1h_quote
core,ae_reconstruction_selected,Aug_Nov,926,estimated,downside,79088.90606100835,1.3622961832748688,clock_NY_macro_end1h_quote
core,ae_reconstruction_selected,Aug_Nov,926,estimated,btc_vol,-1061.7847296221894,-2.0780025286695247,clock_NY_macro_end1h_quote
core,ae_reconstruction_selected,Aug_Nov,926,estimated,account_ls,1.0318938304804977,0.6255637556349629,clock_NY_macro_end1h_quote
core,ae_reconstruction_selected,Dec_Mar,803,estimated,e_origin,0.3586958391914964,16.746711051393824,clock_NY_macro_end1h_quote
core,ae_reconstruction_selected,Dec_Mar,803,estimated,downside,-227842.20720689985,-3.924552566543921,clock_NY_macro_end1h_quote
core,ae_reconstruction_selected,Dec_Mar,803,estimated,btc_vol,781.3788861927849,1.5292245744910469,clock_NY_macro_end1h_quote
core,ae_reconstruction_selected,Dec_Mar,803,estimated,account_ls,-1.0793259670972093,-0.6543184827621947,clock_NY_macro_end1h_quote
core,ae_reconstruction_selected,exclude_top1_downside_days,1719,estimated,e_origin,0.6599199915654349,30.81019685283984,clock_NY_macro_end1h_quote
core,ae_reconstruction_selected,exclude_top1_downside_days,1719,estimated,downside,-62148.68029930082,-1.0705029843502691,clock_NY_macro_end1h_quote
core,ae_reconstruction_selected,exclude_top1_downside_days,1719,estimated,btc_vol,-38.311749419951774,-0.0749793342768651,clock_NY_macro_end1h_quote
core,ae_reconstruction_selected,exclude_top1_downside_days,1719,estimated,account_ls,0.2357287677547191,0.1429055673287418,clock_NY_macro_end1h_quote
core,ae_reconstruction_selected,exclude_top5_downside_days,1679,estimated,e_origin,0.6489451650682254,30.29780660989133,clock_NY_macro_end1h_quote
core,ae_reconstruction_selected,exclude_top5_downside_days,1679,estimated,downside,88892.65288964959,1.5311644550922672,clock_NY_macro_end1h_quote
core,ae_reconstruction_selected,exclude_top5_downside_days,1679,estimated,btc_vol,-353.1778178007973,-0.6911988635598326,clock_NY_macro_end1h_quote
core,ae_reconstruction_selected,exclude_top5_downside_days,1679,estimated,account_ls,-0.1219384285332813,-0.0739225868556509,clock_NY_macro_end1h_quote
full_macro,sequential_ols,Aug_Nov,152,estimated,e_origin,0.2391435178129982,1.975781720767204,clock_NY_macro_end1h_quote
full_macro,sequential_ols,Aug_Nov,152,estimated,downside,367362.5351366845,5.883400808070972,clock_NY_macro_end1h_quote
full_macro,sequential_ols,Aug_Nov,152,estimated,btc_vol,-3212.43845003694,-6.0083646963943895,clock_NY_macro_end1h_quote
full_macro,sequential_ols,Aug_Nov,152,estimated,account_ls,3.20048427464034,1.7997579872179772,clock_NY_macro_end1h_quote
full_macro,sequential_ols,Dec_Mar,85,insufficient,,,,clock_NY_macro_end1h_quote
full_macro,sequential_ols,exclude_top1_downside_days,236,estimated,e_origin,0.4815520877403742,3.9785390014155007,clock_NY_macro_end1h_quote
full_macro,sequential_ols,exclude_top1_downside_days,236,estimated,downside,-104420.50835971037,-1.6723199687037258,clock_NY_macro_end1h_quote
full_macro,sequential_ols,exclude_top1_downside_days,236,estimated,btc_vol,-1127.6610734913588,-2.109114023145181,clock_NY_macro_end1h_quote
full_macro,sequential_ols,exclude_top1_downside_days,236,estimated,account_ls,2.8918791776950368,1.6262172226141882,clock_NY_macro_end1h_quote
full_macro,sequential_ols,exclude_top5_downside_days,232,estimated,e_origin,0.4210269007999686,3.4784854808497365,clock_NY_macro_end1h_quote
full_macro,sequential_ols,exclude_top5_downside_days,232,estimated,downside,114491.35483309472,1.833607036960217,clock_NY_macro_end1h_quote
full_macro,sequential_ols,exclude_top5_downside_days,232,estimated,btc_vol,-1752.5596132038568,-3.2778892022599138,clock_NY_macro_end1h_quote
full_macro,sequential_ols,exclude_top5_downside_days,232,estimated,account_ls,2.392064582093598,1.345151848323949,clock_NY_macro_end1h_quote
full_macro,pca_1,Aug_Nov,152,estimated,e_origin,0.2497751214354844,2.0636314747695117,clock_NY_macro_end1h_quote
full_macro,pca_1,Aug_Nov,152,estimated,downside,362259.3605626397,5.801672219712087,clock_NY_macro_end1h_quote
full_macro,pca_1,Aug_Nov,152,estimated,btc_vol,-3135.0171373083344,-5.863560215504891,clock_NY_macro_end1h_quote
full_macro,pca_1,Aug_Nov,152,estimated,account_ls,3.1564731507301325,1.7750088039735954,clock_NY_macro_end1h_quote
full_macro,pca_1,Dec_Mar,85,insufficient,,,,clock_NY_macro_end1h_quote
full_macro,pca_1,exclude_top1_downside_days,236,estimated,e_origin,0.480883204249205,3.973036667036504,clock_NY_macro_end1h_quote
full_macro,pca_1,exclude_top1_downside_days,236,estimated,downside,-104166.11855548242,-1.6682458537992138,clock_NY_macro_end1h_quote
full_macro,pca_1,exclude_top1_downside_days,236,estimated,btc_vol,-1076.5265840485126,-2.013474942143328,clock_NY_macro_end1h_quote
full_macro,pca_1,exclude_top1_downside_days,236,estimated,account_ls,2.7663955676874687,1.5556528611000402,clock_NY_macro_end1h_quote
full_macro,pca_1,exclude_top5_downside_days,232,estimated,e_origin,0.4489129660952928,3.7088999134193856,clock_NY_macro_end1h_quote
full_macro,pca_1,exclude_top5_downside_days,232,estimated,downside,127656.99388477612,2.0444579649314463,clock_NY_macro_end1h_quote
full_macro,pca_1,exclude_top5_downside_days,232,estimated,btc_vol,-1711.0334199556546,-3.200220939546498,clock_NY_macro_end1h_quote
full_macro,pca_1,exclude_top5_downside_days,232,estimated,account_ls,2.1842472110335667,1.228287979811436,clock_NY_macro_end1h_quote
full_macro,pca_2,Aug_Nov,152,estimated,e_origin,0.6513632400519215,4.757357607960131,clock_NY_macro_end1h_quote
full_macro,pca_2,Aug_Nov,152,estimated,downside,-115847.62113456088,-1.8553279733399617,clock_NY_macro_end1h_quote
full_macro,pca_2,Aug_Nov,152,estimated,btc_vol,1088.9052262663463,2.036627260249244,clock_NY_macro_end1h_quote
full_macro,pca_2,Aug_Nov,152,estimated,account_ls,2.4231258565458536,1.362618822691413,clock_NY_macro_end1h_quote
full_macro,pca_2,Dec_Mar,85,insufficient,,,,clock_NY_macro_end1h_quote
full_macro,pca_2,exclude_top1_downside_days,236,estimated,e_origin,0.6305708561093678,4.605496403866312,clock_NY_macro_end1h_quote
full_macro,pca_2,exclude_top1_downside_days,236,estimated,downside,-108358.122225652,-1.735381817381716,clock_NY_macro_end1h_quote
full_macro,pca_2,exclude_top1_downside_days,236,estimated,btc_vol,-549.1608333418069,-1.02711962112628,clock_NY_macro_end1h_quote
full_macro,pca_2,exclude_top1_downside_days,236,estimated,account_ls,1.5674932792478689,0.8814630247023719,clock_NY_macro_end1h_quote
full_macro,pca_2,exclude_top5_downside_days,232,estimated,e_origin,0.5344261173970677,3.903284679204295,clock_NY_macro_end1h_quote
full_macro,pca_2,exclude_top5_downside_days,232,estimated,downside,32840.64543721506,0.5259509651167722,clock_NY_macro_end1h_quote
full_macro,pca_2,exclude_top5_downside_days,232,estimated,btc_vol,-1462.8974146950154,-2.7361212728602102,clock_NY_macro_end1h_quote
full_macro,pca_2,exclude_top5_downside_days,232,estimated,account_ls,2.34013822221712,1.3159516170728989,clock_NY_macro_end1h_quote
full_macro,conditional_linear,Aug_Nov,152,estimated,e_origin,0.3160898237005028,3.1317693419522143,clock_NY_macro_end1h_quote
full_macro,conditional_linear,Aug_Nov,152,estimated,downside,214780.4922112184,3.439762089411761,clock_NY_macro_end1h_quote
full_macro,conditional_linear,Aug_Nov,152,estimated,btc_vol,-949.8136611016988,-1.7764781981895803,clock_NY_macro_end1h_quote
full_macro,conditional_linear,Aug_Nov,152,estimated,account_ls,1.5185355236514548,0.853932156211911,clock_NY_macro_end1h_quote
full_macro,conditional_linear,Dec_Mar,85,insufficient,,,,clock_NY_macro_end1h_quote
full_macro,conditional_linear,exclude_top1_downside_days,236,estimated,e_origin,0.4199707968610915,4.1610060416592765,clock_NY_macro_end1h_quote
full_macro,conditional_linear,exclude_top1_downside_days,236,estimated,downside,-167879.7313836753,-2.688634939090776,clock_NY_macro_end1h_quote
full_macro,conditional_linear,exclude_top1_downside_days,236,estimated,btc_vol,-709.0413650734139,-1.3261512002327696,clock_NY_macro_end1h_quote
full_macro,conditional_linear,exclude_top1_downside_days,236,estimated,account_ls,2.1836679551697378,1.227962241492448,clock_NY_macro_end1h_quote
full_macro,conditional_linear,exclude_top5_downside_days,232,estimated,e_origin,0.4648287877530294,4.605452113893645,clock_NY_macro_end1h_quote
full_macro,conditional_linear,exclude_top5_downside_days,232,estimated,downside,110096.79114816673,1.763227025222208,clock_NY_macro_end1h_quote
full_macro,conditional_linear,exclude_top5_downside_days,232,estimated,btc_vol,-1710.978601081854,-3.200118409399644,clock_NY_macro_end1h_quote
full_macro,conditional_linear,exclude_top5_downside_days,232,estimated,account_ls,3.419086514768852,1.9226866111179477,clock_NY_macro_end1h_quote
full_macro,ae_relu_1,Aug_Nov,152,estimated,e_origin,0.8379028510144728,43.25343620089594,clock_NY_macro_end1h_quote
full_macro,ae_relu_1,Aug_Nov,152,estimated,downside,118252.28263533369,1.893839215134174,clock_NY_macro_end1h_quote
full_macro,ae_relu_1,Aug_Nov,152,estimated,btc_vol,195.59015332518123,0.3658208524393272,clock_NY_macro_end1h_quote
full_macro,ae_relu_1,Aug_Nov,152,estimated,account_ls,0.2174469791543151,0.1222789752883189,clock_NY_macro_end1h_quote
full_macro,ae_relu_1,Dec_Mar,85,insufficient,,,,clock_NY_macro_end1h_quote
full_macro,ae_relu_1,exclude_top1_downside_days,236,estimated,e_origin,0.7587524160694049,39.16760657992652,clock_NY_macro_end1h_quote
full_macro,ae_relu_1,exclude_top1_downside_days,236,estimated,downside,-127061.53057898556,-2.0349214745183417,clock_NY_macro_end1h_quote
full_macro,ae_relu_1,exclude_top1_downside_days,236,estimated,btc_vol,-236.2166104039474,-0.4418062990861988,clock_NY_macro_end1h_quote
full_macro,ae_relu_1,exclude_top1_downside_days,236,estimated,account_ls,0.2517814759418381,0.1415866111108379,clock_NY_macro_end1h_quote
full_macro,ae_relu_1,exclude_top5_downside_days,232,estimated,e_origin,0.7044803974380328,36.36602726494536,clock_NY_macro_end1h_quote
full_macro,ae_relu_1,exclude_top5_downside_days,232,estimated,downside,135601.36894431,2.171689073643961,clock_NY_macro_end1h_quote
full_macro,ae_relu_1,exclude_top5_downside_days,232,estimated,btc_vol,-693.1371056126382,-1.2964047653819095,clock_NY_macro_end1h_quote
full_macro,ae_relu_1,exclude_top5_downside_days,232,estimated,account_ls,0.5321641806602531,0.299256816302349,clock_NY_macro_end1h_quote
full_macro,ae_relu_2,Aug_Nov,152,estimated,e_origin,0.8239651606841162,50.26776636431178,clock_NY_macro_end1h_quote
full_macro,ae_relu_2,Aug_Nov,152,estimated,downside,82075.33027010557,1.3144564789497797,clock_NY_macro_end1h_quote
full_macro,ae_relu_2,Aug_Nov,152,estimated,btc_vol,530.5749892808267,0.9923577008450054,clock_NY_macro_end1h_quote
full_macro,ae_relu_2,Aug_Nov,152,estimated,account_ls,-0.15539182162794,-0.0873829233717026,clock_NY_macro_end1h_quote
full_macro,ae_relu_2,Dec_Mar,85,insufficient,,,,clock_NY_macro_end1h_quote
full_macro,ae_relu_2,exclude_top1_downside_days,236,estimated,e_origin,0.8375556773182695,51.09688505468056,clock_NY_macro_end1h_quote
full_macro,ae_relu_2,exclude_top1_downside_days,236,estimated,downside,-175115.8765162705,-2.8045235723848307,clock_NY_macro_end1h_quote
full_macro,ae_relu_2,exclude_top1_downside_days,236,estimated,btc_vol,606.1311809701816,1.1336737639543568,clock_NY_macro_end1h_quote
full_macro,ae_relu_2,exclude_top1_downside_days,236,estimated,account_ls,0.3494981731003297,0.1965365471530386,clock_NY_macro_end1h_quote
full_macro,ae_relu_2,exclude_top5_downside_days,232,estimated,e_origin,0.7124747487409924,43.46605405069325,clock_NY_macro_end1h_quote
full_macro,ae_relu_2,exclude_top5_downside_days,232,estimated,downside,-27099.567663400187,-0.4340062010675659,clock_NY_macro_end1h_quote
full_macro,ae_relu_2,exclude_top5_downside_days,232,estimated,btc_vol,71.63062981157361,0.1339739123516609,clock_NY_macro_end1h_quote
full_macro,ae_relu_2,exclude_top5_downside_days,232,estimated,account_ls,-1.357783960408531,-0.7635352396587934,clock_NY_macro_end1h_quote
full_macro,ae_tanh_1,Aug_Nov,152,estimated,e_origin,0.8076679398227173,50.8720664244337,clock_NY_macro_end1h_quote
full_macro,ae_tanh_1,Aug_Nov,152,estimated,downside,154972.0118027,2.481914654495593,clock_NY_macro_end1h_quote
full_macro,ae_tanh_1,Aug_Nov,152,estimated,btc_vol,1120.1813978764617,2.0951244573981658,clock_NY_macro_end1h_quote
full_macro,ae_tanh_1,Aug_Nov,152,estimated,account_ls,0.3350159139518397,0.1883926041310455,clock_NY_macro_end1h_quote
full_macro,ae_tanh_1,Dec_Mar,85,insufficient,,,,clock_NY_macro_end1h_quote
full_macro,ae_tanh_1,exclude_top1_downside_days,236,estimated,e_origin,0.8330007058986482,52.46768523630863,clock_NY_macro_end1h_quote
full_macro,ae_tanh_1,exclude_top1_downside_days,236,estimated,downside,-149340.62175657987,-2.3917265662204,clock_NY_macro_end1h_quote
full_macro,ae_tanh_1,exclude_top1_downside_days,236,estimated,btc_vol,-138.8914563559249,-0.2597747897676126,clock_NY_macro_end1h_quote
full_macro,ae_tanh_1,exclude_top1_downside_days,236,estimated,account_ls,3.593721595342256,2.0208907746568414,clock_NY_macro_end1h_quote
full_macro,ae_tanh_1,exclude_top5_downside_days,232,estimated,e_origin,0.8148469107194253,51.324243694707135,clock_NY_macro_end1h_quote
full_macro,ae_tanh_1,exclude_top5_downside_days,232,estimated,downside,145005.45796471962,2.322297858291158,clock_NY_macro_end1h_quote
full_macro,ae_tanh_1,exclude_top5_downside_days,232,estimated,btc_vol,-752.4377566770485,-1.4073173770537404,clock_NY_macro_end1h_quote
full_macro,ae_tanh_1,exclude_top5_downside_days,232,estimated,account_ls,2.737145408637298,1.539204348043729,clock_NY_macro_end1h_quote
full_macro,ae_tanh_2,Aug_Nov,152,estimated,e_origin,0.7566078137852522,47.49442397317257,clock_NY_macro_end1h_quote
full_macro,ae_tanh_2,Aug_Nov,152,estimated,downside,136219.0270513833,2.1815810192254954,clock_NY_macro_end1h_quote
full_macro,ae_tanh_2,Aug_Nov,152,estimated,btc_vol,1004.9069498622416,1.8795215953925064,clock_NY_macro_end1h_quote
full_macro,ae_tanh_2,Aug_Nov,152,estimated,account_ls,0.8725333294479022,0.4906597545973655,clock_NY_macro_end1h_quote
full_macro,ae_tanh_2,Dec_Mar,85,insufficient,,,,clock_NY_macro_end1h_quote
full_macro,ae_tanh_2,exclude_top1_downside_days,236,estimated,e_origin,0.8282607106336696,51.99228006165151,clock_NY_macro_end1h_quote
full_macro,ae_tanh_2,exclude_top1_downside_days,236,estimated,downside,-257380.1162977419,-4.122005483341193,clock_NY_macro_end1h_quote
full_macro,ae_tanh_2,exclude_top1_downside_days,236,estimated,btc_vol,-15.706953691558471,-0.0293774052066822,clock_NY_macro_end1h_quote
full_macro,ae_tanh_2,exclude_top1_downside_days,236,estimated,account_ls,4.275607993111279,2.4043422730704704,clock_NY_macro_end1h_quote
full_macro,ae_tanh_2,exclude_top5_downside_days,232,estimated,e_origin,0.8195102056792278,51.44298598258776,clock_NY_macro_end1h_quote
full_macro,ae_tanh_2,exclude_top5_downside_days,232,estimated,downside,263017.05887706415,4.212282496793027,clock_NY_macro_end1h_quote
full_macro,ae_tanh_2,exclude_top5_downside_days,232,estimated,btc_vol,-1930.7307708555893,-3.6111305421953386,clock_NY_macro_end1h_quote
full_macro,ae_tanh_2,exclude_top5_downside_days,232,estimated,account_ls,3.047586983088628,1.7137778360656604,clock_NY_macro_end1h_quote
full_macro,conditional_neural,Aug_Nov,152,estimated,e_origin,0.1791610872689879,1.4464912984543847,clock_NY_macro_end1h_quote
full_macro,conditional_neural,Aug_Nov,152,estimated,downside,272395.43868723576,4.36247954215322,clock_NY_macro_end1h_quote
full_macro,conditional_neural,Aug_Nov,152,estimated,btc_vol,-2125.484719663685,-3.975387404607289,clock_NY_macro_end1h_quote
full_macro,conditional_neural,Aug_Nov,152,estimated,account_ls,1.3180083264506477,0.7411678387377549,clock_NY_macro_end1h_quote
full_macro,conditional_neural,Dec_Mar,85,insufficient,,,,clock_NY_macro_end1h_quote
full_macro,conditional_neural,exclude_top1_downside_days,236,estimated,e_origin,0.4189770527031627,3.3826913546091943,clock_NY_macro_end1h_quote
full_macro,conditional_neural,exclude_top1_downside_days,236,estimated,downside,126121.54721647242,2.0198674111731902,clock_NY_macro_end1h_quote
full_macro,conditional_neural,exclude_top1_downside_days,236,estimated,btc_vol,-2032.3003762779117,-3.8011006352998993,clock_NY_macro_end1h_quote
full_macro,conditional_neural,exclude_top1_downside_days,236,estimated,account_ls,2.7072572716528254,1.5223970749422495,clock_NY_macro_end1h_quote
full_macro,conditional_neural,exclude_top5_downside_days,232,estimated,e_origin,0.418695964242632,3.380421933171474,clock_NY_macro_end1h_quote
full_macro,conditional_neural,exclude_top5_downside_days,232,estimated,downside,137083.9255502604,2.1954325801237773,clock_NY_macro_end1h_quote
full_macro,conditional_neural,exclude_top5_downside_days,232,estimated,btc_vol,-2141.87471122033,-4.006042325526323,clock_NY_macro_end1h_quote
full_macro,conditional_neural,exclude_top5_downside_days,232,estimated,account_ls,2.654370040693236,1.4926565081487884,clock_NY_macro_end1h_quote
full_macro,pca_selected,Aug_Nov,152,estimated,e_origin,0.6513632400519215,4.757357607960131,clock_NY_macro_end1h_quote
full_macro,pca_selected,Aug_Nov,152,estimated,downside,-115847.62113456088,-1.8553279733399617,clock_NY_macro_end1h_quote
full_macro,pca_selected,Aug_Nov,152,estimated,btc_vol,1088.9052262663463,2.036627260249244,clock_NY_macro_end1h_quote
full_macro,pca_selected,Aug_Nov,152,estimated,account_ls,2.4231258565458536,1.362618822691413,clock_NY_macro_end1h_quote
full_macro,pca_selected,Dec_Mar,85,insufficient,,,,clock_NY_macro_end1h_quote
full_macro,pca_selected,exclude_top1_downside_days,236,estimated,e_origin,0.6305708561093678,4.605496403866312,clock_NY_macro_end1h_quote
full_macro,pca_selected,exclude_top1_downside_days,236,estimated,downside,-108358.122225652,-1.735381817381716,clock_NY_macro_end1h_quote
full_macro,pca_selected,exclude_top1_downside_days,236,estimated,btc_vol,-549.1608333418069,-1.02711962112628,clock_NY_macro_end1h_quote
full_macro,pca_selected,exclude_top1_downside_days,236,estimated,account_ls,1.5674932792478689,0.8814630247023719,clock_NY_macro_end1h_quote
full_macro,pca_selected,exclude_top5_downside_days,232,estimated,e_origin,0.5344261173970677,3.903284679204295,clock_NY_macro_end1h_quote
full_macro,pca_selected,exclude_top5_downside_days,232,estimated,downside,32840.64543721506,0.5259509651167722,clock_NY_macro_end1h_quote
full_macro,pca_selected,exclude_top5_downside_days,232,estimated,btc_vol,-1462.8974146950154,-2.7361212728602102,clock_NY_macro_end1h_quote
full_macro,pca_selected,exclude_top5_downside_days,232,estimated,account_ls,2.34013822221712,1.3159516170728989,clock_NY_macro_end1h_quote
full_macro,ae_selected,Aug_Nov,152,estimated,e_origin,0.8379028510144728,43.256362993010384,clock_NY_macro_end1h_quote
full_macro,ae_selected,Aug_Nov,152,estimated,downside,118252.28263533369,1.893839215134174,clock_NY_macro_end1h_quote
full_macro,ae_selected,Aug_Nov,152,estimated,btc_vol,195.59015332518123,0.3658208524393272,clock_NY_macro_end1h_quote
full_macro,ae_selected,Aug_Nov,152,estimated,account_ls,0.2174469791543151,0.1222789752883189,clock_NY_macro_end1h_quote
full_macro,ae_selected,Dec_Mar,85,insufficient,,,,clock_NY_macro_end1h_quote
full_macro,ae_selected,exclude_top1_downside_days,236,estimated,e_origin,0.8094701690512569,41.78853839929213,clock_NY_macro_end1h_quote
full_macro,ae_selected,exclude_top1_downside_days,236,estimated,downside,-78181.45005420328,-1.2520950353685845,clock_NY_macro_end1h_quote
full_macro,ae_selected,exclude_top1_downside_days,236,estimated,btc_vol,599.3014823472878,1.1208998787170112,clock_NY_macro_end1h_quote
full_macro,ae_selected,exclude_top1_downside_days,236,estimated,account_ls,-1.896328745009386,-1.0663801201164218,clock_NY_macro_end1h_quote
full_macro,ae_selected,exclude_top5_downside_days,232,estimated,e_origin,0.7166306630308923,36.99574008425298,clock_NY_macro_end1h_quote
full_macro,ae_selected,exclude_top5_downside_days,232,estimated,downside,-12257.440843914055,-0.1963059116497388,clock_NY_macro_end1h_quote
full_macro,ae_selected,exclude_top5_downside_days,232,estimated,btc_vol,196.05452126846367,0.3666893801947846,clock_NY_macro_end1h_quote
full_macro,ae_selected,exclude_top5_downside_days,232,estimated,account_ls,-2.5395870732820947,-1.4281095381693791,clock_NY_macro_end1h_quote
full_macro,ae_reconstruction_selected,Aug_Nov,152,estimated,e_origin,0.8379028510144728,43.256362993010384,clock_NY_macro_end1h_quote
full_macro,ae_reconstruction_selected,Aug_Nov,152,estimated,downside,118252.28263533369,1.893839215134174,clock_NY_macro_end1h_quote
full_macro,ae_reconstruction_selected,Aug_Nov,152,estimated,btc_vol,195.59015332518123,0.3658208524393272,clock_NY_macro_end1h_quote
full_macro,ae_reconstruction_selected,Aug_Nov,152,estimated,account_ls,0.2174469791543151,0.1222789752883189,clock_NY_macro_end1h_quote
full_macro,ae_reconstruction_selected,Dec_Mar,85,insufficient,,,,clock_NY_macro_end1h_quote
full_macro,ae_reconstruction_selected,exclude_top1_downside_days,236,estimated,e_origin,0.8094701690512569,41.78853839929213,clock_NY_macro_end1h_quote
full_macro,ae_reconstruction_selected,exclude_top1_downside_days,236,estimated,downside,-78181.45005420328,-1.2520950353685845,clock_NY_macro_end1h_quote
full_macro,ae_reconstruction_selected,exclude_top1_downside_days,236,estimated,btc_vol,599.3014823472878,1.1208998787170112,clock_NY_macro_end1h_quote
full_macro,ae_reconstruction_selected,exclude_top1_downside_days,236,estimated,account_ls,-1.896328745009386,-1.0663801201164218,clock_NY_macro_end1h_quote
full_macro,ae_reconstruction_selected,exclude_top5_downside_days,232,estimated,e_origin,0.7166306630308923,36.99574008425298,clock_NY_macro_end1h_quote
full_macro,ae_reconstruction_selected,exclude_top5_downside_days,232,estimated,downside,-12257.440843914055,-0.1963059116497388,clock_NY_macro_end1h_quote
full_macro,ae_reconstruction_selected,exclude_top5_downside_days,232,estimated,btc_vol,196.05452126846367,0.3666893801947846,clock_NY_macro_end1h_quote
full_macro,ae_reconstruction_selected,exclude_top5_downside_days,232,estimated,account_ls,-2.5395870732820947,-1.4281095381693791,clock_NY_macro_end1h_quote
