scenario,block_days,scope,sample,h,method,q,term,metric,point,ci_low,ci_high,successful
clock_UTC_quote,3,core,matched,1,linear,0.1,e_origin,coef_raw,0.4287216371347704,0.24275329117233116,0.6423974813942995,199
clock_UTC_quote,3,core,matched,1,linear,0.1,e_origin,effect_bp_per_sd,4.331897103909948,2.4528322993491947,6.490924525780876,199
clock_UTC_quote,3,core,matched,1,linear,0.1,downside,coef_raw,-220799.58096817663,-413705.72891194,28040.48289222804,199
clock_UTC_quote,3,core,matched,1,linear,0.1,downside,effect_bp_per_sd,-3.4723380138960334,-6.5060183663778774,0.44097019680810884,199
clock_UTC_quote,3,core,matched,1,linear,0.1,btc_vol,coef_raw,-72.54550571120333,-1146.5055353625714,955.5845995386089,199
clock_UTC_quote,3,core,matched,1,linear,0.1,btc_vol,effect_bp_per_sd,-0.1403642144810031,-2.218309008829983,1.8489068394993202,199
clock_UTC_quote,3,core,matched,1,linear,0.1,account_ls,coef_raw,0.9580597609717836,-1.2905451058641668,2.5981840550160795,199
clock_UTC_quote,3,core,matched,1,linear,0.1,account_ls,effect_bp_per_sd,0.605352475256669,-0.815434178628719,1.6416691452327006,199
clock_UTC_quote,3,core,matched,1,pca,0.1,e_origin,coef_raw,0.4367777838420336,0.24097130896328814,0.6412158995130828,199
clock_UTC_quote,3,core,matched,1,pca,0.1,e_origin,effect_bp_per_sd,4.393295111059251,2.4237910276975985,6.449619876919174,199
clock_UTC_quote,3,core,matched,1,pca,0.1,downside,coef_raw,-214256.77128277483,-420904.2659236915,25608.466420042027,199
clock_UTC_quote,3,core,matched,1,pca,0.1,downside,effect_bp_per_sd,-3.3694444907802343,-6.619223987515107,0.40272382328799805,199
clock_UTC_quote,3,core,matched,1,pca,0.1,btc_vol,coef_raw,-71.45764678869116,-1134.392530430363,950.1524924251327,199
clock_UTC_quote,3,core,matched,1,pca,0.1,btc_vol,effect_bp_per_sd,-0.1382593775014052,-2.1948722375834993,1.8383965612886328,199
clock_UTC_quote,3,core,matched,1,pca,0.1,account_ls,coef_raw,0.8946257920234825,-1.3037983230553014,2.629837488190391,199
clock_UTC_quote,3,core,matched,1,pca,0.1,account_ls,effect_bp_per_sd,0.5652715620584581,-0.8238082573225469,1.6616694467827884,199
clock_UTC_quote,3,core,matched,1,ml,0.1,e_origin,coef_raw,0.4718351195256822,0.25999438141879455,0.6471603872482835,199
clock_UTC_quote,3,core,matched,1,ml,0.1,e_origin,effect_bp_per_sd,4.750589569535088,2.617708062400015,6.515821434759995,199
clock_UTC_quote,3,core,matched,1,ml,0.1,downside,coef_raw,-209495.64895820597,-383778.22845633735,8070.969534418417,199
clock_UTC_quote,3,core,matched,1,ml,0.1,downside,effect_bp_per_sd,-3.294570136563084,-6.0353725570098895,0.1269256680672643,199
clock_UTC_quote,3,core,matched,1,ml,0.1,btc_vol,coef_raw,9.432477517348673,-970.267453694669,1053.601107455816,199
clock_UTC_quote,3,core,matched,1,ml,0.1,btc_vol,effect_bp_per_sd,0.018250369672837,-1.877315867319168,2.038553462058395,199
clock_UTC_quote,3,core,matched,1,ml,0.1,account_ls,coef_raw,1.7356039691010658,-0.4294698348319235,3.2626141398517268,199
clock_UTC_quote,3,core,matched,1,ml,0.1,account_ls,effect_bp_per_sd,1.0966457433667052,-0.2713615978400689,2.0614909693768246,199
clock_UTC_quote,3,core,matched,1,joint_linear,0.1,e_origin,coef_raw,0.4293988482472303,0.24083871919791724,0.6393794140794302,199
clock_UTC_quote,3,core,matched,1,joint_linear,0.1,e_origin,effect_bp_per_sd,4.349788258110034,2.4396838443828246,6.4768805952611626,199
clock_UTC_quote,3,core,matched,1,joint_linear,0.1,downside,coef_raw,-221784.615807272,-411765.36627681664,20673.66535300792,199
clock_UTC_quote,3,core,matched,1,joint_linear,0.1,downside,effect_bp_per_sd,-3.487828867192968,-6.475503838636751,0.32511816271137356,199
clock_UTC_quote,3,core,matched,1,joint_linear,0.1,btc_vol,coef_raw,-71.31328234287518,-1139.698756057999,977.4146406405337,199
clock_UTC_quote,3,core,matched,1,joint_linear,0.1,btc_vol,effect_bp_per_sd,-0.1379800548633274,-2.2051389547947227,1.89114455693364,199
clock_UTC_quote,3,core,matched,1,joint_linear,0.1,account_ls,coef_raw,0.9726960810195864,-1.216827063331169,2.545626246802442,199
clock_UTC_quote,3,core,matched,1,joint_linear,0.1,account_ls,effect_bp_per_sd,0.6146004709773109,-0.768855247609675,1.6084603616136919,199
clock_UTC_quote,3,core,all,6,linear,0.1,e_origin,coef_raw,0.3283474968718088,0.1461473105918325,0.4659818587212454,199
clock_UTC_quote,3,core,all,6,linear,0.1,e_origin,effect_bp_per_sd,3.188386575824785,1.4191493086539857,4.524871719989842,199
clock_UTC_quote,3,core,all,6,linear,0.1,downside,coef_raw,-63828.747896714274,-273665.1781569319,128058.3674204072,199
clock_UTC_quote,3,core,all,6,linear,0.1,downside,effect_bp_per_sd,-1.0414117626790564,-4.465043494656416,2.089364033223556,199
clock_UTC_quote,3,core,all,6,linear,0.1,btc_vol,coef_raw,-378.3134748000165,-1661.0016644218886,593.2350985005958,199
clock_UTC_quote,3,core,all,6,linear,0.1,btc_vol,effect_bp_per_sd,-0.7340731443528496,-3.2229798719753115,1.151103471339493,199
clock_UTC_quote,3,core,all,6,linear,0.1,account_ls,coef_raw,1.5158690957393826,-0.6651073439536854,3.912142995548828,199
clock_UTC_quote,3,core,all,6,linear,0.1,account_ls,effect_bp_per_sd,0.96034159475382,-0.42136240468931235,2.478442006509692,199
clock_UTC_quote,3,core,all,6,linear,0.5,e_origin,coef_raw,0.2233490922327112,0.12235282203438323,0.3536107736189415,199
clock_UTC_quote,3,core,all,6,linear,0.5,e_origin,effect_bp_per_sd,2.1688097341441,1.1880952314401527,3.43370317853777,199
clock_UTC_quote,3,core,all,6,linear,0.5,downside,coef_raw,-73640.14464304537,-179741.57042692747,15035.342347151352,199
clock_UTC_quote,3,core,all,6,linear,0.5,downside,effect_bp_per_sd,-1.2014917316058196,-2.932612527319278,0.24531238497059693,199
clock_UTC_quote,3,core,all,6,linear,0.5,btc_vol,coef_raw,-39.34722271241341,-592.29552344162,741.0865244864611,199
clock_UTC_quote,3,core,all,6,linear,0.5,btc_vol,effect_bp_per_sd,-0.0763486934038541,-1.1492803355966743,1.437991907517638,199
clock_UTC_quote,3,core,all,6,linear,0.5,account_ls,coef_raw,1.5763941409574351,0.42752825799169936,2.713507931257185,199
clock_UTC_quote,3,core,all,6,linear,0.5,account_ls,effect_bp_per_sd,0.9986857490153068,0.27085001616304427,1.7190762325091196,199
clock_UTC_quote,3,core,all,6,pca,0.1,e_origin,coef_raw,0.3262484781343441,0.14303807400042076,0.46259034077877353,199
clock_UTC_quote,3,core,all,6,pca,0.1,e_origin,effect_bp_per_sd,3.152861956815444,1.3823184845827006,4.470468323322281,199
clock_UTC_quote,3,core,all,6,pca,0.1,downside,coef_raw,-58050.28972733869,-272359.1293667235,136578.53369346092,199
clock_UTC_quote,3,core,all,6,pca,0.1,downside,effect_bp_per_sd,-0.9471320767062974,-4.443734372707842,2.228376651661529,199
clock_UTC_quote,3,core,all,6,pca,0.1,btc_vol,coef_raw,-353.0273683582602,-1640.585100870862,594.5812276998489,199
clock_UTC_quote,3,core,all,6,pca,0.1,btc_vol,effect_bp_per_sd,-0.6850084059795918,-3.1833639132503304,1.153715477942016,199
clock_UTC_quote,3,core,all,6,pca,0.1,account_ls,coef_raw,1.564426303536166,-0.7240207500195021,3.912737558250996,199
clock_UTC_quote,3,core,all,6,pca,0.1,account_ls,effect_bp_per_sd,0.991103819871689,-0.4586855445914617,2.4788186770910676,199
clock_UTC_quote,3,core,all,6,pca,0.5,e_origin,coef_raw,0.2277079291875802,0.12208977082628485,0.35654540959747805,199
clock_UTC_quote,3,core,all,6,pca,0.5,e_origin,effect_bp_per_sd,2.2005670993662494,1.1798742969032348,3.4456511926905167,199
clock_UTC_quote,3,core,all,6,pca,0.5,downside,coef_raw,-67017.23242766513,-177153.32973707226,13554.753389385482,199
clock_UTC_quote,3,core,all,6,pca,0.5,downside,effect_bp_per_sd,-1.0934341727226564,-2.8903835256878905,0.22115551510993217,199
clock_UTC_quote,3,core,all,6,pca,0.5,btc_vol,coef_raw,-70.30021997268184,-567.8379653319578,692.1215931512954,199
clock_UTC_quote,3,core,all,6,pca,0.5,btc_vol,effect_bp_per_sd,-0.1364093720196543,-1.101823298560806,1.3429811730276042,199
clock_UTC_quote,3,core,all,6,pca,0.5,account_ls,coef_raw,1.4814274771966796,0.434805372903073,2.6743770939500173,199
clock_UTC_quote,3,core,all,6,pca,0.5,account_ls,effect_bp_per_sd,0.9385219541462192,0.2754602533918642,1.6942858526476658,199
clock_UTC_quote,3,core,all,6,ml,0.1,e_origin,coef_raw,0.3241879562036224,0.15114655746571387,0.4378393284930872,199
clock_UTC_quote,3,core,all,6,ml,0.1,e_origin,effect_bp_per_sd,3.1520133784071063,1.4695671511401611,4.2570224914097965,199
clock_UTC_quote,3,core,all,6,ml,0.1,downside,coef_raw,-91286.10415188032,-296998.098553298,115291.24989709219,199
clock_UTC_quote,3,core,all,6,ml,0.1,downside,effect_bp_per_sd,-1.4893982063810367,-4.845736811682623,1.8810593617015476,199
clock_UTC_quote,3,core,all,6,ml,0.1,btc_vol,coef_raw,-428.402455669327,-1533.1531305020362,565.8793625168047,199
clock_UTC_quote,3,core,all,6,ml,0.1,btc_vol,effect_bp_per_sd,-0.8312649657744928,-2.974904713285659,1.098022858389285,199
clock_UTC_quote,3,core,all,6,ml,0.1,account_ls,coef_raw,2.657899307577192,0.4355080060981205,4.928323365916629,199
clock_UTC_quote,3,core,all,6,ml,0.1,account_ls,effect_bp_per_sd,1.683846756232435,0.27590538937686154,3.1222180952098477,199
clock_UTC_quote,3,core,all,6,ml,0.5,e_origin,coef_raw,0.2361874361037055,0.1362922009874631,0.34992180856889155,199
clock_UTC_quote,3,core,all,6,ml,0.5,e_origin,effect_bp_per_sd,2.296402269623349,1.325141272722684,3.402218376406274,199
clock_UTC_quote,3,core,all,6,ml,0.5,downside,coef_raw,-75805.79860159449,-169885.60988972607,10923.577779480664,199
clock_UTC_quote,3,core,all,6,ml,0.5,downside,effect_bp_per_sd,-1.2368259278832563,-2.7718054682093105,0.17822599949005627,199
clock_UTC_quote,3,core,all,6,ml,0.5,btc_vol,coef_raw,4.771123887365216,-660.6935733769486,740.7432922304923,199
clock_UTC_quote,3,core,all,6,ml,0.5,btc_vol,effect_bp_per_sd,0.0092578090588673,-1.2819987686637795,1.4373259053840488,199
clock_UTC_quote,3,core,all,6,ml,0.5,account_ls,coef_raw,2.407503882323635,1.148453259172523,3.591867699503621,199
clock_UTC_quote,3,core,all,6,ml,0.5,account_ls,effect_bp_per_sd,1.525214891064835,0.7275743251933023,2.275539467346649,199
clock_UTC_quote,3,core,all,6,joint_linear,0.1,e_origin,coef_raw,0.3290422153587279,0.15491074866745255,0.4691827565268496,199
clock_UTC_quote,3,core,all,6,joint_linear,0.1,e_origin,effect_bp_per_sd,3.203362345666604,1.5081203446169842,4.567688598423807,199
clock_UTC_quote,3,core,all,6,joint_linear,0.1,downside,coef_raw,-59182.43405638198,-264357.71778241603,132025.98760534837,199
clock_UTC_quote,3,core,all,6,joint_linear,0.1,downside,effect_bp_per_sd,-0.9656038227481272,-4.313185608765018,2.1540985998035986,199
clock_UTC_quote,3,core,all,6,joint_linear,0.1,btc_vol,coef_raw,-383.00826467690143,-1662.1277977407995,612.6635721421877,199
clock_UTC_quote,3,core,all,6,joint_linear,0.1,btc_vol,effect_bp_per_sd,-0.7431828361734295,-3.2251650022480587,1.1888021569165768,199
clock_UTC_quote,3,core,all,6,joint_linear,0.1,account_ls,coef_raw,1.4471369918891352,-0.47871111615742196,3.9188167715647033,199
clock_UTC_quote,3,core,all,6,joint_linear,0.1,account_ls,effect_bp_per_sd,0.9167980602838224,-0.30327565751498015,2.4826700132156327,199
clock_UTC_quote,3,core,all,6,joint_linear,0.5,e_origin,coef_raw,0.2361721451937052,0.12002625166871445,0.37054834909506346,199
clock_UTC_quote,3,core,all,6,joint_linear,0.5,e_origin,effect_bp_per_sd,2.2992337204635644,1.1685053076484062,3.6074417607660467,199
clock_UTC_quote,3,core,all,6,joint_linear,0.5,downside,coef_raw,-65817.24244843744,-178300.46869847807,13989.511436294708,199
clock_UTC_quote,3,core,all,6,joint_linear,0.5,downside,effect_bp_per_sd,-1.073855476278745,-2.909099919902118,0.22824890420011593,199
clock_UTC_quote,3,core,all,6,joint_linear,0.5,btc_vol,coef_raw,-48.55904476461181,-576.421174706841,711.6408907829723,199
clock_UTC_quote,3,core,all,6,joint_linear,0.5,btc_vol,effect_bp_per_sd,-0.0942231589714652,-1.1184780145943551,1.3808560919572528,199
clock_UTC_quote,3,core,all,6,joint_linear,0.5,account_ls,coef_raw,1.5084879536486056,0.44031960749349897,2.766699012614398,199
clock_UTC_quote,3,core,all,6,joint_linear,0.5,account_ls,effect_bp_per_sd,0.9556654536632174,0.27895366113749376,1.752774134287604,199
clock_UTC_quote,3,core,matched,6,linear,0.1,e_origin,coef_raw,0.2430376666823717,0.10022108296821554,0.44422333866625885,199
clock_UTC_quote,3,core,matched,6,linear,0.1,e_origin,effect_bp_per_sd,2.455705691643085,1.0126557221656058,4.488529683545348,199
clock_UTC_quote,3,core,matched,6,linear,0.1,downside,coef_raw,-29878.6470271715,-110786.88602860243,266050.8625712341,199
clock_UTC_quote,3,core,matched,6,linear,0.1,downside,effect_bp_per_sd,-0.4698775306606328,-1.7422565482754606,4.183968645615653,199
clock_UTC_quote,3,core,matched,6,linear,0.1,btc_vol,coef_raw,-453.4082251965954,-1782.0218095416037,622.8750252589733,199
clock_UTC_quote,3,core,matched,6,linear,0.1,btc_vol,effect_bp_per_sd,-0.8772740467521135,-3.447933666353845,1.2051658167269332,199
clock_UTC_quote,3,core,matched,6,linear,0.1,account_ls,coef_raw,1.7220837945017144,-2.402249148699139,3.6075218092608625,199
clock_UTC_quote,3,core,matched,6,linear,0.1,account_ls,effect_bp_per_sd,1.0881029869614909,-1.5178671807207635,2.2794217498116978,199
clock_UTC_quote,3,core,matched,6,pca,0.1,e_origin,coef_raw,0.2354977473184714,0.09813071143990443,0.4399067005458213,199
clock_UTC_quote,3,core,matched,6,pca,0.1,e_origin,effect_bp_per_sd,2.368735636824166,0.9870400710893706,4.424767074529431,199
clock_UTC_quote,3,core,matched,6,pca,0.1,downside,coef_raw,-39214.52311391082,-113573.86432656957,264219.7649108028,199
clock_UTC_quote,3,core,matched,6,pca,0.1,downside,effect_bp_per_sd,-0.6166953701097038,-1.7860851218873344,4.155172440543198,199
clock_UTC_quote,3,core,matched,6,pca,0.1,btc_vol,coef_raw,-396.0002378671914,-1750.1388164600016,644.6309109358964,199
clock_UTC_quote,3,core,matched,6,pca,0.1,btc_vol,effect_bp_per_sd,-0.7661985643024438,-3.3862450581440147,1.247260055004581,199
clock_UTC_quote,3,core,matched,6,pca,0.1,account_ls,coef_raw,1.73315734092503,-2.3470921137345,3.610653086954024,199
clock_UTC_quote,3,core,matched,6,pca,0.1,account_ls,effect_bp_per_sd,1.095099835185681,-1.4830160691264354,2.281400255516132,199
clock_UTC_quote,3,core,matched,6,ml,0.1,e_origin,coef_raw,0.212359011435386,0.07049705241171375,0.4137280977427595,199
clock_UTC_quote,3,core,matched,6,ml,0.1,e_origin,effect_bp_per_sd,2.138099651708558,0.7097872710423097,4.165549159918704,199
clock_UTC_quote,3,core,matched,6,ml,0.1,downside,coef_raw,-43007.05773206977,-160117.10485129745,244935.18735852942,199
clock_UTC_quote,3,core,matched,6,ml,0.1,downside,effect_bp_per_sd,-0.6763375219014139,-2.518033355915967,3.8518993481620303,199
clock_UTC_quote,3,core,matched,6,ml,0.1,btc_vol,coef_raw,-364.1983740931348,-1692.9158822882894,792.2997618205126,199
clock_UTC_quote,3,core,matched,6,ml,0.1,btc_vol,effect_bp_per_sd,-0.7046669286219722,-3.275527624630141,1.532976200402277,199
clock_UTC_quote,3,core,matched,6,ml,0.1,account_ls,coef_raw,2.679775211687069,-1.002841206323936,5.2193782587058495,199
clock_UTC_quote,3,core,matched,6,ml,0.1,account_ls,effect_bp_per_sd,1.6932227232681034,-0.633647744397291,3.2978773109138886,199
clock_UTC_quote,3,core,matched,6,joint_linear,0.1,e_origin,coef_raw,0.2596670384002391,0.10596460264710303,0.44390403882851875,199
clock_UTC_quote,3,core,matched,6,joint_linear,0.1,e_origin,effect_bp_per_sd,2.630413749971796,1.0734159773625738,4.496725093012323,199
clock_UTC_quote,3,core,matched,6,joint_linear,0.1,downside,coef_raw,-17878.372039426198,-111787.07507043054,267585.41645757476,199
clock_UTC_quote,3,core,matched,6,joint_linear,0.1,downside,effect_bp_per_sd,-0.2811588255143607,-1.7579857195709558,4.208101344466564,199
clock_UTC_quote,3,core,matched,6,joint_linear,0.1,btc_vol,coef_raw,-471.41727971422046,-1774.06570531864,567.0671351428472,199
clock_UTC_quote,3,core,matched,6,joint_linear,0.1,btc_vol,effect_bp_per_sd,-0.9121187523769532,-3.4325398482442706,1.0971862722851828,199
clock_UTC_quote,3,core,matched,6,joint_linear,0.1,account_ls,coef_raw,1.4982911339054854,-2.360770371793924,3.602419703073275,199
clock_UTC_quote,3,core,matched,6,joint_linear,0.1,account_ls,effect_bp_per_sd,0.946699030178264,-1.491658710964428,2.276197971154565,199
clock_UTC_quote,3,core,matched,12,linear,0.1,e_origin,coef_raw,0.294473638182391,0.08566555673703695,0.3952069410263306,199
clock_UTC_quote,3,core,matched,12,linear,0.1,e_origin,effect_bp_per_sd,2.975425987233591,0.8655835045184546,3.993257290951467,199
clock_UTC_quote,3,core,matched,12,linear,0.1,downside,coef_raw,50035.98786037232,-48837.81031429915,266505.91808586725,199
clock_UTC_quote,3,core,matched,12,linear,0.1,downside,effect_bp_per_sd,0.786875871541859,-0.7680330937504185,4.191124938915507,199
clock_UTC_quote,3,core,matched,12,linear,0.1,btc_vol,coef_raw,-685.1960081112535,-2222.42192756045,130.05501865769693,199
clock_UTC_quote,3,core,matched,12,linear,0.1,btc_vol,effect_bp_per_sd,-1.3257471775981071,-4.300039058921394,0.25163613313099664,199
clock_UTC_quote,3,core,matched,12,linear,0.1,account_ls,coef_raw,-0.1951314250103969,-1.6207818471915916,2.143313685347282,199
clock_UTC_quote,3,core,matched,12,linear,0.1,account_ls,effect_bp_per_sd,-0.1232942828228058,-1.0240950961694784,1.3542581554207276,199
clock_UTC_quote,3,core,matched,12,pca,0.1,e_origin,coef_raw,0.295696934037894,0.0847351682497443,0.3956080126415946,199
clock_UTC_quote,3,core,matched,12,pca,0.1,e_origin,effect_bp_per_sd,2.974244438983921,0.8523020496413803,3.979192193673392,199
clock_UTC_quote,3,core,matched,12,pca,0.1,downside,coef_raw,49528.31460338368,-43074.10557649654,237156.85189042593,199
clock_UTC_quote,3,core,matched,12,pca,0.1,downside,effect_bp_per_sd,0.7788921011870859,-0.6773919296042366,3.729575701476194,199
clock_UTC_quote,3,core,matched,12,pca,0.1,btc_vol,coef_raw,-654.84510316351,-2195.9561888688672,193.20051635148988,199
clock_UTC_quote,3,core,matched,12,pca,0.1,btc_vol,effect_bp_per_sd,-1.267022920457534,-4.248831991223887,0.3738128013464676,199
clock_UTC_quote,3,core,matched,12,pca,0.1,account_ls,coef_raw,-0.2139350467893753,-1.5534630465554868,2.0993126787651883,199
clock_UTC_quote,3,core,matched,12,pca,0.1,account_ls,effect_bp_per_sd,-0.1351753986481369,-0.981559542275595,1.3264560084844677,199
clock_UTC_quote,3,core,matched,12,ml,0.1,e_origin,coef_raw,0.2218569228994859,0.09964175740426828,0.36734332670835956,199
clock_UTC_quote,3,core,matched,12,ml,0.1,e_origin,effect_bp_per_sd,2.233727715976176,1.0032256477447266,3.6985321865259486,199
clock_UTC_quote,3,core,matched,12,ml,0.1,downside,coef_raw,25992.289979990564,-36312.52590928176,242550.02530858933,199
clock_UTC_quote,3,core,matched,12,ml,0.1,downside,effect_bp_per_sd,0.4087599087370474,-0.5710579863535005,3.8143898165814285,199
clock_UTC_quote,3,core,matched,12,ml,0.1,btc_vol,coef_raw,-682.5268973883622,-2146.1168108180427,-50.16910348674406,199
clock_UTC_quote,3,core,matched,12,ml,0.1,btc_vol,effect_bp_per_sd,-1.3205828655389575,-4.152400584732978,-0.09706937367238563,199
clock_UTC_quote,3,core,matched,12,ml,0.1,account_ls,coef_raw,0.8569630335638592,-0.7134698185071426,3.642484431557144,199
clock_UTC_quote,3,core,matched,12,ml,0.1,account_ls,effect_bp_per_sd,0.5414742531772238,-0.45080770349454785,2.3015129708510305,199
clock_UTC_quote,3,core,matched,12,joint_linear,0.1,e_origin,coef_raw,0.2923964073055201,0.08508229209384091,0.39379600414761684,199
clock_UTC_quote,3,core,matched,12,joint_linear,0.1,e_origin,effect_bp_per_sd,2.9619605744233946,0.8618792449806355,3.989133277660119,199
clock_UTC_quote,3,core,matched,12,joint_linear,0.1,downside,coef_raw,49040.80161969713,-44620.913599099134,264289.7272115501,199
clock_UTC_quote,3,core,matched,12,joint_linear,0.1,downside,effect_bp_per_sd,0.7712253752897814,-0.7017173394330554,4.156272681564305,199
clock_UTC_quote,3,core,matched,12,joint_linear,0.1,btc_vol,coef_raw,-672.3376194668351,-2232.2125892697295,126.48830041659814,199
clock_UTC_quote,3,core,matched,12,joint_linear,0.1,btc_vol,effect_bp_per_sd,-1.3008682053741047,-4.318982459020405,0.24473509082273992,199
clock_UTC_quote,3,core,matched,12,joint_linear,0.1,account_ls,coef_raw,-0.1353764649768493,-1.6741169197383985,2.2686027226378784,199
clock_UTC_quote,3,core,matched,12,joint_linear,0.1,account_ls,effect_bp_per_sd,-0.0855379606822325,-1.057794996216898,1.4334223494888065,199
clock_UTC_quote,3,full_macro,all,6,linear,0.1,e_origin,coef_raw,0.4542527640172143,0.162446549678875,0.5694631589604114,199
clock_UTC_quote,3,full_macro,all,6,linear,0.1,e_origin,effect_bp_per_sd,4.144207387617236,1.4820211225981932,5.195286891529298,199
clock_UTC_quote,3,full_macro,all,6,linear,0.1,downside,coef_raw,-57230.811537287365,-333069.5898805958,311564.93968710495,199
clock_UTC_quote,3,full_macro,all,6,linear,0.1,downside,effect_bp_per_sd,-0.845379955099637,-4.919908478929434,4.602254408915727,199
clock_UTC_quote,3,full_macro,all,6,linear,0.1,btc_vol,coef_raw,-1115.9921754395575,-4055.7499884225845,997.7515601894597,199
clock_UTC_quote,3,full_macro,all,6,linear,0.1,btc_vol,effect_bp_per_sd,-2.0320454988411134,-7.384880189821159,1.816748012633802,199
clock_UTC_quote,3,full_macro,all,6,linear,0.1,account_ls,coef_raw,1.7738762507564132,-0.41073290985557503,4.976399887402828,199
clock_UTC_quote,3,full_macro,all,6,linear,0.1,account_ls,effect_bp_per_sd,1.0500468681557955,-0.24313353620832,2.9457822180267454,199
clock_UTC_quote,3,full_macro,all,6,linear,0.5,e_origin,coef_raw,0.257415055746667,0.09899055587850679,0.44036542835155645,199
clock_UTC_quote,3,full_macro,all,6,linear,0.5,e_origin,effect_bp_per_sd,2.348431226427966,0.9031037903833169,4.017511407716145,199
clock_UTC_quote,3,full_macro,all,6,linear,0.5,downside,coef_raw,-80756.2176089311,-219131.49179559693,257463.12181576513,199
clock_UTC_quote,3,full_macro,all,6,linear,0.5,downside,effect_bp_per_sd,-1.1928834448166998,-3.2368817725812504,3.8030941116153234,199
clock_UTC_quote,3,full_macro,all,6,linear,0.5,btc_vol,coef_raw,-253.956569359828,-1992.8688846339105,776.2156985074142,199
clock_UTC_quote,3,full_macro,all,6,linear,0.5,btc_vol,effect_bp_per_sd,-0.462414804535266,-3.6286994980102114,1.413366196461499,199
clock_UTC_quote,3,full_macro,all,6,linear,0.5,account_ls,coef_raw,1.792336153489125,-0.36618863197196055,4.651993951861783,199
clock_UTC_quote,3,full_macro,all,6,linear,0.5,account_ls,effect_bp_per_sd,1.0609742161276057,-0.21676553028569387,2.7537499742438047,199
clock_UTC_quote,3,full_macro,all,6,pca,0.1,e_origin,coef_raw,0.454303692954649,0.1613266797276357,0.5694578412594078,199
clock_UTC_quote,3,full_macro,all,6,pca,0.1,e_origin,effect_bp_per_sd,4.127220126099552,1.465607103297709,5.173362884473951,199
clock_UTC_quote,3,full_macro,all,6,pca,0.1,downside,coef_raw,-57141.86221172416,-329050.22469047783,314348.1130031868,199
clock_UTC_quote,3,full_macro,all,6,pca,0.1,downside,effect_bp_per_sd,-0.8440660478732512,-4.860536775599014,4.64336581149388,199
clock_UTC_quote,3,full_macro,all,6,pca,0.1,btc_vol,coef_raw,-1124.822032707804,-4063.2918899323045,1030.5807359331448,199
clock_UTC_quote,3,full_macro,all,6,pca,0.1,btc_vol,effect_bp_per_sd,-2.0481232743956617,-7.398612801350889,1.8765247568339511,199
clock_UTC_quote,3,full_macro,all,6,pca,0.1,account_ls,coef_raw,1.78279729571663,-0.38324491979295644,4.982738834713806,199
clock_UTC_quote,3,full_macro,all,6,pca,0.1,account_ls,effect_bp_per_sd,1.0553276848515254,-0.22686200776046894,2.9495345608231824,199
clock_UTC_quote,3,full_macro,all,6,pca,0.5,e_origin,coef_raw,0.2553825759307251,0.09185827757540382,0.44609832827253676,199
clock_UTC_quote,3,full_macro,all,6,pca,0.5,e_origin,effect_bp_per_sd,2.320078228687552,0.8345063838076516,4.052676716518725,199
clock_UTC_quote,3,full_macro,all,6,pca,0.5,downside,coef_raw,-92644.31861046414,-222190.9076554486,257578.6016824264,199
clock_UTC_quote,3,full_macro,all,6,pca,0.5,downside,effect_bp_per_sd,-1.368487494819523,-3.282073667869114,3.804799912422104,199
clock_UTC_quote,3,full_macro,all,6,pca,0.5,btc_vol,coef_raw,-208.1607728600527,-2041.4644429582588,757.3667945166059,199
clock_UTC_quote,3,full_macro,all,6,pca,0.5,btc_vol,effect_bp_per_sd,-0.3790278918030521,-3.7171843348485782,1.3790453191690357,199
clock_UTC_quote,3,full_macro,all,6,pca,0.5,account_ls,coef_raw,1.8360517079166856,-0.34489192838423005,4.667196362321997,199
clock_UTC_quote,3,full_macro,all,6,pca,0.5,account_ls,effect_bp_per_sd,1.0868516588166208,-0.20415893673397184,2.762749048156294,199
clock_UTC_quote,3,full_macro,all,6,ml,0.1,e_origin,coef_raw,0.4223380250814048,0.17624402996149888,0.5447055998270103,199
clock_UTC_quote,3,full_macro,all,6,ml,0.1,e_origin,effect_bp_per_sd,3.885715562058733,1.6215309284768795,5.011556857993987,199
clock_UTC_quote,3,full_macro,all,6,ml,0.1,downside,coef_raw,-96660.33001195273,-334194.0581984579,284988.2552618933,199
clock_UTC_quote,3,full_macro,all,6,ml,0.1,downside,effect_bp_per_sd,-1.4278096579528918,-4.936518464888587,4.209679226377131,199
clock_UTC_quote,3,full_macro,all,6,ml,0.1,btc_vol,coef_raw,-1161.1793356140668,-3954.213984137723,885.2734201159295,199
clock_UTC_quote,3,full_macro,all,6,ml,0.1,btc_vol,effect_bp_per_sd,-2.114324180949128,-7.199999161962609,1.611943083634713,199
clock_UTC_quote,3,full_macro,all,6,ml,0.1,account_ls,coef_raw,2.80290957622892,-0.12417094878403499,5.390589922212852,199
clock_UTC_quote,3,full_macro,all,6,ml,0.1,account_ls,effect_bp_per_sd,1.6591836217368816,-0.07350305063896699,3.190962200952921,199
clock_UTC_quote,3,full_macro,all,6,ml,0.5,e_origin,coef_raw,0.2732632759134828,0.1056312328798494,0.43712574930841314,199
clock_UTC_quote,3,full_macro,all,6,ml,0.5,e_origin,effect_bp_per_sd,2.514155251712193,0.9718587980837553,4.02176982841385,199
clock_UTC_quote,3,full_macro,all,6,ml,0.5,downside,coef_raw,-91785.86936845748,-197493.51169043253,179136.3837067155,199
clock_UTC_quote,3,full_macro,all,6,ml,0.5,downside,effect_bp_per_sd,-1.355806986502948,-2.917258231373333,2.6460975119325103,199
clock_UTC_quote,3,full_macro,all,6,ml,0.5,btc_vol,coef_raw,-134.419308932821,-1817.6232939747224,652.5784764604551,199
clock_UTC_quote,3,full_macro,all,6,ml,0.5,btc_vol,effect_bp_per_sd,-0.2447563322446122,-3.309604954582526,1.1882423415825099,199
clock_UTC_quote,3,full_macro,all,6,ml,0.5,account_ls,coef_raw,2.452915513459414,0.4160726408272484,5.724470148938857,199
clock_UTC_quote,3,full_macro,all,6,ml,0.5,account_ls,effect_bp_per_sd,1.4520044741906364,0.24629439242994722,3.3886027557905485,199
clock_UTC_quote,3,full_macro,all,6,joint_linear,0.1,e_origin,coef_raw,0.4543907862119262,0.16523941459698385,0.5681142940003925,199
clock_UTC_quote,3,full_macro,all,6,joint_linear,0.1,e_origin,effect_bp_per_sd,4.15543730232531,1.5111266514776047,5.195447180947871,199
clock_UTC_quote,3,full_macro,all,6,joint_linear,0.1,downside,coef_raw,-65205.61627402679,-324490.8256298153,318773.8236282244,199
clock_UTC_quote,3,full_macro,all,6,joint_linear,0.1,downside,effect_bp_per_sd,-0.9631790896773588,-4.793188008918098,4.708739811075218,199
clock_UTC_quote,3,full_macro,all,6,joint_linear,0.1,btc_vol,coef_raw,-1055.2726048875495,-4053.184217102336,959.452297297768,199
clock_UTC_quote,3,full_macro,all,6,joint_linear,0.1,btc_vol,effect_bp_per_sd,-1.9214847505247767,-7.380208325468424,1.7470111036475526,199
clock_UTC_quote,3,full_macro,all,6,joint_linear,0.1,account_ls,coef_raw,1.7999462617306887,-0.3256783276104298,4.64364851109387,199
clock_UTC_quote,3,full_macro,all,6,joint_linear,0.1,account_ls,effect_bp_per_sd,1.0654790232256053,-0.19278543685768587,2.7488098867162836,199
clock_UTC_quote,3,full_macro,all,6,joint_linear,0.5,e_origin,coef_raw,0.2601995845155176,0.09969077958146937,0.45311952858861004,199
clock_UTC_quote,3,full_macro,all,6,joint_linear,0.5,e_origin,effect_bp_per_sd,2.3795444193735067,0.9116795426778738,4.143811557461879,199
clock_UTC_quote,3,full_macro,all,6,joint_linear,0.5,downside,coef_raw,-74115.58265291959,-221309.25154892576,257789.54168294504,199
clock_UTC_quote,3,full_macro,all,6,joint_linear,0.5,downside,effect_bp_per_sd,-1.0947918831185313,-3.269050361371704,3.8079157942937245,199
clock_UTC_quote,3,full_macro,all,6,joint_linear,0.5,btc_vol,coef_raw,-304.68486593868823,-2066.285827208741,801.0433405187466,199
clock_UTC_quote,3,full_macro,all,6,joint_linear,0.5,btc_vol,effect_bp_per_sd,-0.5547830209041208,-3.7623801554387466,1.458573411445865,199
clock_UTC_quote,3,full_macro,all,6,joint_linear,0.5,account_ls,coef_raw,1.7652999053336629,-0.4102108337558761,4.48297065188088,199
clock_UTC_quote,3,full_macro,all,6,joint_linear,0.5,account_ls,effect_bp_per_sd,1.0449700965109072,-0.24282449301931838,2.653696553541755,199
clock_UTC_quote,7,core,matched,1,linear,0.1,e_origin,coef_raw,0.4287216371347704,0.21768533352236152,0.5970395067583003,199
clock_UTC_quote,7,core,matched,1,linear,0.1,e_origin,effect_bp_per_sd,4.331897103909948,2.199540177517926,6.032617638640632,199
clock_UTC_quote,7,core,matched,1,linear,0.1,downside,coef_raw,-220799.58096817663,-365631.7112688016,5764.689272067828,199
clock_UTC_quote,7,core,matched,1,linear,0.1,downside,effect_bp_per_sd,-3.4723380138960334,-5.749996827700062,0.09065664712735466,199
clock_UTC_quote,7,core,matched,1,linear,0.1,btc_vol,coef_raw,-72.54550571120333,-1004.7158096905381,815.4103307730122,199
clock_UTC_quote,7,core,matched,1,linear,0.1,btc_vol,effect_bp_per_sd,-0.1403642144810031,-1.9439680517945377,1.5776915390772916,199
clock_UTC_quote,7,core,matched,1,linear,0.1,account_ls,coef_raw,0.9580597609717836,-1.1123433704971162,2.590353666572179,199
clock_UTC_quote,7,core,matched,1,linear,0.1,account_ls,effect_bp_per_sd,0.605352475256669,-0.7028369628871272,1.6367214945538657,199
clock_UTC_quote,7,core,matched,1,pca,0.1,e_origin,coef_raw,0.4367777838420336,0.22388302090377862,0.5979498829876018,199
clock_UTC_quote,7,core,matched,1,pca,0.1,e_origin,effect_bp_per_sd,4.393295111059251,2.251909821360037,6.014432040201845,199
clock_UTC_quote,7,core,matched,1,pca,0.1,downside,coef_raw,-214256.77128277483,-368121.4196047648,3953.933078074966,199
clock_UTC_quote,7,core,matched,1,pca,0.1,downside,effect_bp_per_sd,-3.3694444907802343,-5.7891504749152025,0.06218033599157708,199
clock_UTC_quote,7,core,matched,1,pca,0.1,btc_vol,coef_raw,-71.45764678869116,-986.874535469274,831.7970737386422,199
clock_UTC_quote,7,core,matched,1,pca,0.1,btc_vol,effect_bp_per_sd,-0.1382593775014052,-1.9094479748186162,1.6093973254209595,199
clock_UTC_quote,7,core,matched,1,pca,0.1,account_ls,coef_raw,0.8946257920234825,-1.1045868130012872,2.6395719410062544,199
clock_UTC_quote,7,core,matched,1,pca,0.1,account_ls,effect_bp_per_sd,0.5652715620584581,-0.6979359624789605,1.66782018533523,199
clock_UTC_quote,7,core,matched,1,ml,0.1,e_origin,coef_raw,0.4718351195256822,0.24841514973756196,0.6156977955066794,199
clock_UTC_quote,7,core,matched,1,ml,0.1,e_origin,effect_bp_per_sd,4.750589569535088,2.5011245886997284,6.199045819777249,199
clock_UTC_quote,7,core,matched,1,ml,0.1,downside,coef_raw,-209495.64895820597,-372100.84206671297,-4144.401885213432,199
clock_UTC_quote,7,core,matched,1,ml,0.1,downside,effect_bp_per_sd,-3.294570136563084,-5.851731662014312,-0.06517568623902002,199
clock_UTC_quote,7,core,matched,1,ml,0.1,btc_vol,coef_raw,9.432477517348673,-955.4182182361493,885.5696281569788,199
clock_UTC_quote,7,core,matched,1,ml,0.1,btc_vol,effect_bp_per_sd,0.018250369672837,-1.8485849176849343,1.7134388134162826,199
clock_UTC_quote,7,core,matched,1,ml,0.1,account_ls,coef_raw,1.7356039691010658,-0.4971562878333789,3.4409382663997783,199
clock_UTC_quote,7,core,matched,1,ml,0.1,account_ls,effect_bp_per_sd,1.0966457433667052,-0.3141294538078574,2.174165518294682,199
clock_UTC_quote,7,core,matched,1,joint_linear,0.1,e_origin,coef_raw,0.4293988482472303,0.22492015368370818,0.5941496211064579,199
clock_UTC_quote,7,core,matched,1,joint_linear,0.1,e_origin,effect_bp_per_sd,4.349788258110034,2.278429594069152,6.018705117628516,199
clock_UTC_quote,7,core,matched,1,joint_linear,0.1,downside,coef_raw,-221784.615807272,-367688.84981182107,6476.168730887399,199
clock_UTC_quote,7,core,matched,1,joint_linear,0.1,downside,effect_bp_per_sd,-3.487828867192968,-5.78234779653549,0.10184551424445952,199
clock_UTC_quote,7,core,matched,1,joint_linear,0.1,btc_vol,coef_raw,-71.31328234287518,-1012.629079434063,820.6769293471095,199
clock_UTC_quote,7,core,matched,1,joint_linear,0.1,btc_vol,effect_bp_per_sd,-0.1379800548633274,-1.9592789918815487,1.587881584133739,199
clock_UTC_quote,7,core,matched,1,joint_linear,0.1,account_ls,coef_raw,0.9726960810195864,-1.1089481501721836,2.503147925736676,199
clock_UTC_quote,7,core,matched,1,joint_linear,0.1,account_ls,effect_bp_per_sd,0.6146004709773109,-0.7006916843654043,1.5816203273596428,199
clock_UTC_quote,7,core,all,6,linear,0.1,e_origin,coef_raw,0.3283474968718088,0.15417929872142913,0.46541319153996097,199
clock_UTC_quote,7,core,all,6,linear,0.1,e_origin,effect_bp_per_sd,3.188386575824785,1.4971431516817835,4.5193497323877025,199
clock_UTC_quote,7,core,all,6,linear,0.1,downside,coef_raw,-63828.747896714274,-232051.3328730423,80318.77074500307,199
clock_UTC_quote,7,core,all,6,linear,0.1,downside,effect_bp_per_sd,-1.0414117626790564,-3.7860837876749183,1.3104583024739935,199
clock_UTC_quote,7,core,all,6,linear,0.1,btc_vol,coef_raw,-378.3134748000165,-1214.2247349348224,460.9807545059406,199
clock_UTC_quote,7,core,all,6,linear,0.1,btc_vol,effect_bp_per_sd,-0.7340731443528496,-2.3560613842681235,0.8944793524079628,199
clock_UTC_quote,7,core,all,6,linear,0.1,account_ls,coef_raw,1.5158690957393826,-0.96241434662258,3.717870818743056,199
clock_UTC_quote,7,core,all,6,linear,0.1,account_ls,effect_bp_per_sd,0.96034159475382,-0.6097139463079245,2.355365645487271,199
clock_UTC_quote,7,core,all,6,linear,0.5,e_origin,coef_raw,0.2233490922327112,0.11350144313237105,0.33705739605371166,199
clock_UTC_quote,7,core,all,6,linear,0.5,e_origin,effect_bp_per_sd,2.1688097341441,1.1021447736550816,3.27296320848664,199
clock_UTC_quote,7,core,all,6,linear,0.5,downside,coef_raw,-73640.14464304537,-141083.70748444772,4648.508967493828,199
clock_UTC_quote,7,core,all,6,linear,0.5,downside,effect_bp_per_sd,-1.2014917316058196,-2.301881790544076,0.07584375500363445,199
clock_UTC_quote,7,core,all,6,linear,0.5,btc_vol,coef_raw,-39.34722271241341,-480.5119351787286,487.68984678868173,199
clock_UTC_quote,7,core,all,6,linear,0.5,btc_vol,effect_bp_per_sd,-0.0763486934038541,-0.9323773289920009,0.946305228726977,199
clock_UTC_quote,7,core,all,6,linear,0.5,account_ls,coef_raw,1.5763941409574351,0.1070736607253763,2.531057096406133,199
clock_UTC_quote,7,core,all,6,linear,0.5,account_ls,effect_bp_per_sd,0.9986857490153068,0.06783388511986387,1.603488992029385,199
clock_UTC_quote,7,core,all,6,pca,0.1,e_origin,coef_raw,0.3262484781343441,0.15514964497091996,0.4619352185349548,199
clock_UTC_quote,7,core,all,6,pca,0.1,e_origin,effect_bp_per_sd,3.152861956815444,1.4993645826013795,4.464137228656609,199
clock_UTC_quote,7,core,all,6,pca,0.1,downside,coef_raw,-58050.28972733869,-233865.60568377448,79730.2013376004,199
clock_UTC_quote,7,core,all,6,pca,0.1,downside,effect_bp_per_sd,-0.9471320767062974,-3.815684948720136,1.300855370813576,199
clock_UTC_quote,7,core,all,6,pca,0.1,btc_vol,coef_raw,-353.0273683582602,-1200.42434007664,477.94712507138973,199
clock_UTC_quote,7,core,all,6,pca,0.1,btc_vol,effect_bp_per_sd,-0.6850084059795918,-2.329283328709272,0.9274006143212968,199
clock_UTC_quote,7,core,all,6,pca,0.1,account_ls,coef_raw,1.564426303536166,-0.9763735525020002,3.7023813212284375,199
clock_UTC_quote,7,core,all,6,pca,0.1,account_ls,effect_bp_per_sd,0.991103819871689,-0.6185574579761933,2.3455526551789827,199
clock_UTC_quote,7,core,all,6,pca,0.5,e_origin,coef_raw,0.2277079291875802,0.11321503906706125,0.33751079805316864,199
clock_UTC_quote,7,core,all,6,pca,0.5,e_origin,effect_bp_per_sd,2.2005670993662494,1.0941089799257997,3.2617009013542897,199
clock_UTC_quote,7,core,all,6,pca,0.5,downside,coef_raw,-67017.23242766513,-140610.83744148855,1989.2219282785754,199
clock_UTC_quote,7,core,all,6,pca,0.5,downside,effect_bp_per_sd,-1.0934341727226564,-2.294166576926646,0.03245558126944015,199
clock_UTC_quote,7,core,all,6,pca,0.5,btc_vol,coef_raw,-70.30021997268184,-464.0898379614841,500.99252259320997,199
clock_UTC_quote,7,core,all,6,pca,0.5,btc_vol,effect_bp_per_sd,-0.1364093720196543,-0.9005121659879513,0.9721175185517016,199
clock_UTC_quote,7,core,all,6,pca,0.5,account_ls,coef_raw,1.4814274771966796,0.1357819943179301,2.484822962397751,199
clock_UTC_quote,7,core,all,6,pca,0.5,account_ls,effect_bp_per_sd,0.9385219541462192,0.08602134401224952,1.5741984931924695,199
clock_UTC_quote,7,core,all,6,ml,0.1,e_origin,coef_raw,0.3241879562036224,0.15660582872027184,0.45204882948166397,199
clock_UTC_quote,7,core,all,6,ml,0.1,e_origin,effect_bp_per_sd,3.1520133784071063,1.522646532102457,4.3951785714226865,199
clock_UTC_quote,7,core,all,6,ml,0.1,downside,coef_raw,-91286.10415188032,-259125.38076878065,67536.37696280929,199
clock_UTC_quote,7,core,all,6,ml,0.1,downside,effect_bp_per_sd,-1.4893982063810367,-4.227816280807679,1.1019043878411563,199
clock_UTC_quote,7,core,all,6,ml,0.1,btc_vol,coef_raw,-428.402455669327,-1155.9563848438,371.3311408463879,199
clock_UTC_quote,7,core,all,6,ml,0.1,btc_vol,effect_bp_per_sd,-0.8312649657744928,-2.2429984514974093,0.7205247402338283,199
clock_UTC_quote,7,core,all,6,ml,0.1,account_ls,coef_raw,2.657899307577192,0.3028615213359219,4.557437797350177,199
clock_UTC_quote,7,core,all,6,ml,0.1,account_ls,effect_bp_per_sd,1.683846756232435,0.19187047035050314,2.887252662251697,199
clock_UTC_quote,7,core,all,6,ml,0.5,e_origin,coef_raw,0.2361874361037055,0.1255379780763052,0.33728734783350184,199
clock_UTC_quote,7,core,all,6,ml,0.5,e_origin,effect_bp_per_sd,2.296402269623349,1.220580156735232,3.279376091537757,199
clock_UTC_quote,7,core,all,6,ml,0.5,downside,coef_raw,-75805.79860159449,-146747.63562446294,-2034.6947697998116,199
clock_UTC_quote,7,core,all,6,ml,0.5,downside,effect_bp_per_sd,-1.2368259278832563,-2.394292837013693,-0.033197503265454946,199
clock_UTC_quote,7,core,all,6,ml,0.5,btc_vol,coef_raw,4.771123887365216,-510.5324170259232,587.6991635292751,199
clock_UTC_quote,7,core,all,6,ml,0.5,btc_vol,effect_bp_per_sd,0.0092578090588673,-0.9906285702839137,1.1403616356343849,199
clock_UTC_quote,7,core,all,6,ml,0.5,account_ls,coef_raw,2.407503882323635,1.0136071896269871,3.5442489594882534,199
clock_UTC_quote,7,core,all,6,ml,0.5,account_ls,effect_bp_per_sd,1.525214891064835,0.6421459133089107,2.245371785417478,199
clock_UTC_quote,7,core,all,6,joint_linear,0.1,e_origin,coef_raw,0.3290422153587279,0.15334950430027178,0.46461641408750304,199
clock_UTC_quote,7,core,all,6,joint_linear,0.1,e_origin,effect_bp_per_sd,3.203362345666604,1.4929209836086756,4.523233362150629,199
clock_UTC_quote,7,core,all,6,joint_linear,0.1,downside,coef_raw,-59182.43405638198,-226171.31795222065,85242.0755027408,199
clock_UTC_quote,7,core,all,6,joint_linear,0.1,downside,effect_bp_per_sd,-0.9656038227481272,-3.690147130525056,1.390785547718699,199
clock_UTC_quote,7,core,all,6,joint_linear,0.1,btc_vol,coef_raw,-383.00826467690143,-1213.1488065902558,500.3844319160197,199
clock_UTC_quote,7,core,all,6,joint_linear,0.1,btc_vol,effect_bp_per_sd,-0.7431828361734295,-2.3539736708885983,0.97093758956373,199
clock_UTC_quote,7,core,all,6,joint_linear,0.1,account_ls,coef_raw,1.4471369918891352,-1.062697540347717,3.743606549240149,199
clock_UTC_quote,7,core,all,6,joint_linear,0.1,account_ls,effect_bp_per_sd,0.9167980602838224,-0.6732458980177982,2.37166988477627,199
clock_UTC_quote,7,core,all,6,joint_linear,0.5,e_origin,coef_raw,0.2361721451937052,0.11271261801207588,0.35124026032287053,199
clock_UTC_quote,7,core,all,6,joint_linear,0.5,e_origin,effect_bp_per_sd,2.2992337204635644,1.0973040526965638,3.419469513885202,199
clock_UTC_quote,7,core,all,6,joint_linear,0.5,downside,coef_raw,-65817.24244843744,-141478.8018223555,5463.771546435457,199
clock_UTC_quote,7,core,all,6,joint_linear,0.5,downside,effect_bp_per_sd,-1.073855476278745,-2.3083280377982267,0.0891453482098139,199
clock_UTC_quote,7,core,all,6,joint_linear,0.5,btc_vol,coef_raw,-48.55904476461181,-485.6304699938455,539.5197769670193,199
clock_UTC_quote,7,core,all,6,joint_linear,0.5,btc_vol,effect_bp_per_sd,-0.0942231589714652,-0.9423092484093536,1.0468751590941499,199
clock_UTC_quote,7,core,all,6,joint_linear,0.5,account_ls,coef_raw,1.5084879536486056,0.09509827750183336,2.46714692597922,199
clock_UTC_quote,7,core,all,6,joint_linear,0.5,account_ls,effect_bp_per_sd,0.9556654536632174,0.0602471755187451,1.5630002749222969,199
clock_UTC_quote,7,core,matched,6,linear,0.1,e_origin,coef_raw,0.2430376666823717,0.11177089744005352,0.42491410857634415,199
clock_UTC_quote,7,core,matched,6,linear,0.1,e_origin,effect_bp_per_sd,2.455705691643085,1.1293575714019297,4.293425003351804,199
clock_UTC_quote,7,core,matched,6,linear,0.1,downside,coef_raw,-29878.6470271715,-115315.6526660138,235192.13565396157,199
clock_UTC_quote,7,core,matched,6,linear,0.1,downside,effect_bp_per_sd,-0.4698775306606328,-1.8134768308602094,3.698678184168962,199
clock_UTC_quote,7,core,matched,6,linear,0.1,btc_vol,coef_raw,-453.4082251965954,-1434.3510241816864,338.03005506710775,199
clock_UTC_quote,7,core,matched,6,linear,0.1,btc_vol,effect_bp_per_sd,-0.8772740467521135,-2.7752450386212253,0.6540353214897702,199
clock_UTC_quote,7,core,matched,6,linear,0.1,account_ls,coef_raw,1.7220837945017144,-2.3455259917191733,3.0289657539494588,199
clock_UTC_quote,7,core,matched,6,linear,0.1,account_ls,effect_bp_per_sd,1.0881029869614909,-1.4820265109828281,1.9138596477125085,199
clock_UTC_quote,7,core,matched,6,pca,0.1,e_origin,coef_raw,0.2354977473184714,0.11056356122461398,0.43109237452462723,199
clock_UTC_quote,7,core,matched,6,pca,0.1,e_origin,effect_bp_per_sd,2.368735636824166,1.1120949163592773,4.336108866972337,199
clock_UTC_quote,7,core,matched,6,pca,0.1,downside,coef_raw,-39214.52311391082,-116065.43831014753,234143.6925550833,199
clock_UTC_quote,7,core,matched,6,pca,0.1,downside,effect_bp_per_sd,-0.6166953701097038,-1.8252681086469837,3.682190159999357,199
clock_UTC_quote,7,core,matched,6,pca,0.1,btc_vol,coef_raw,-396.0002378671914,-1377.6478168341464,358.0219691281743,199
clock_UTC_quote,7,core,matched,6,pca,0.1,btc_vol,effect_bp_per_sd,-0.7661985643024438,-2.665533195277334,0.6927165504045473,199
clock_UTC_quote,7,core,matched,6,pca,0.1,account_ls,coef_raw,1.73315734092503,-2.3348236541987686,3.0997963985158523,199
clock_UTC_quote,7,core,matched,6,pca,0.1,account_ls,effect_bp_per_sd,1.095099835185681,-1.4752642120397668,1.958614169047169,199
clock_UTC_quote,7,core,matched,6,ml,0.1,e_origin,coef_raw,0.212359011435386,0.10120576795339996,0.43513843505639893,199
clock_UTC_quote,7,core,matched,6,ml,0.1,e_origin,effect_bp_per_sd,2.138099651708558,1.0189726150514764,4.381115405230521,199
clock_UTC_quote,7,core,matched,6,ml,0.1,downside,coef_raw,-43007.05773206977,-100670.03148510447,236791.20939656618,199
clock_UTC_quote,7,core,matched,6,ml,0.1,downside,effect_bp_per_sd,-0.6763375219014139,-1.583156886680053,3.723825535079331,199
clock_UTC_quote,7,core,matched,6,ml,0.1,btc_vol,coef_raw,-364.1983740931348,-1329.25821614309,430.4693733580985,199
clock_UTC_quote,7,core,matched,6,ml,0.1,btc_vol,effect_bp_per_sd,-0.7046669286219722,-2.5719068813732244,0.8328909538528176,199
clock_UTC_quote,7,core,matched,6,ml,0.1,account_ls,coef_raw,2.679775211687069,-0.5889973927333174,4.823473308429446,199
clock_UTC_quote,7,core,matched,6,ml,0.1,account_ls,effect_bp_per_sd,1.6932227232681034,-0.37215948747203365,3.04772376999793,199
clock_UTC_quote,7,core,matched,6,joint_linear,0.1,e_origin,coef_raw,0.2596670384002391,0.10673437032064013,0.43226414074819297,199
clock_UTC_quote,7,core,matched,6,joint_linear,0.1,e_origin,effect_bp_per_sd,2.630413749971796,1.0812136843231117,4.378813523845171,199
clock_UTC_quote,7,core,matched,6,joint_linear,0.1,downside,coef_raw,-17878.372039426198,-111303.74428187047,236130.65754575815,199
clock_UTC_quote,7,core,matched,6,joint_linear,0.1,downside,effect_bp_per_sd,-0.2811588255143607,-1.7503847637039007,3.71343756562915,199
clock_UTC_quote,7,core,matched,6,joint_linear,0.1,btc_vol,coef_raw,-471.41727971422046,-1479.8881836625092,315.8612344946488,199
clock_UTC_quote,7,core,matched,6,joint_linear,0.1,btc_vol,effect_bp_per_sd,-0.9121187523769532,-2.8633523246282584,0.611142118732167,199
clock_UTC_quote,7,core,matched,6,joint_linear,0.1,account_ls,coef_raw,1.4982911339054854,-2.3596764391257152,2.997254456900996,199
clock_UTC_quote,7,core,matched,6,joint_linear,0.1,account_ls,effect_bp_per_sd,0.946699030178264,-1.4909675068501955,1.8938227847276614,199
clock_UTC_quote,7,core,matched,12,linear,0.1,e_origin,coef_raw,0.294473638182391,0.08912230344425573,0.3773391182564132,199
clock_UTC_quote,7,core,matched,12,linear,0.1,e_origin,effect_bp_per_sd,2.975425987233591,0.9005112286007456,3.8127169052889407,199
clock_UTC_quote,7,core,matched,12,linear,0.1,downside,coef_raw,50035.98786037232,-48933.29453473762,257207.17888326876,199
clock_UTC_quote,7,core,matched,12,linear,0.1,downside,effect_bp_per_sd,0.786875871541859,-0.7695346975437858,4.044891121473882,199
clock_UTC_quote,7,core,matched,12,linear,0.1,btc_vol,coef_raw,-685.1960081112535,-2183.7870819209425,103.14026812109745,199
clock_UTC_quote,7,core,matched,12,linear,0.1,btc_vol,effect_bp_per_sd,-1.3257471775981071,-4.2252866713458985,0.1995602976952183,199
clock_UTC_quote,7,core,matched,12,linear,0.1,account_ls,coef_raw,-0.1951314250103969,-1.5597079554521345,2.4856845666109955,199
clock_UTC_quote,7,core,matched,12,linear,0.1,account_ls,effect_bp_per_sd,-0.1232942828228058,-0.9855054037054743,1.5705860598706254,199
clock_UTC_quote,7,core,matched,12,pca,0.1,e_origin,coef_raw,0.295696934037894,0.09002264072545074,0.37789831893799364,199
clock_UTC_quote,7,core,matched,12,pca,0.1,e_origin,effect_bp_per_sd,2.974244438983921,0.9054856771900347,3.801060627360656,199
clock_UTC_quote,7,core,matched,12,pca,0.1,downside,coef_raw,49528.31460338368,-49760.47302344853,257814.11425153312,199
clock_UTC_quote,7,core,matched,12,pca,0.1,downside,effect_bp_per_sd,0.7788921011870859,-0.7825430705580533,4.0544359074828105,199
clock_UTC_quote,7,core,matched,12,pca,0.1,btc_vol,coef_raw,-654.84510316351,-2177.8392963133,127.8449783482312,199
clock_UTC_quote,7,core,matched,12,pca,0.1,btc_vol,effect_bp_per_sd,-1.267022920457534,-4.213778635851025,0.24736005056780613,199
clock_UTC_quote,7,core,matched,12,pca,0.1,account_ls,coef_raw,-0.2139350467893753,-1.57637137606629,2.6376918276924664,199
clock_UTC_quote,7,core,matched,12,pca,0.1,account_ls,effect_bp_per_sd,-0.1351753986481369,-0.9960342280293252,1.666632230998112,199
clock_UTC_quote,7,core,matched,12,ml,0.1,e_origin,coef_raw,0.2218569228994859,0.08734488218098253,0.3777544395018841,199
clock_UTC_quote,7,core,matched,12,ml,0.1,e_origin,effect_bp_per_sd,2.233727715976176,0.8794167052642665,3.8033546590326357,199
clock_UTC_quote,7,core,matched,12,ml,0.1,downside,coef_raw,25992.289979990564,-36278.79676190652,239004.9335878729,199
clock_UTC_quote,7,core,matched,12,ml,0.1,downside,effect_bp_per_sd,0.4087599087370474,-0.57052755509048,3.7586390008841564,199
clock_UTC_quote,7,core,matched,12,ml,0.1,btc_vol,coef_raw,-682.5268973883622,-2171.667721599607,-195.29820148004475,199
clock_UTC_quote,7,core,matched,12,ml,0.1,btc_vol,effect_bp_per_sd,-1.3205828655389575,-4.201837603414819,-0.37787149419603194,199
clock_UTC_quote,7,core,matched,12,ml,0.1,account_ls,coef_raw,0.8569630335638592,-0.4750130880881465,3.8669149480716514,199
clock_UTC_quote,7,core,matched,12,ml,0.1,account_ls,effect_bp_per_sd,0.5414742531772238,-0.30013821722541,2.4433199585042686,199
clock_UTC_quote,7,core,matched,12,joint_linear,0.1,e_origin,coef_raw,0.2923964073055201,0.08936694311376135,0.378262289297144,199
clock_UTC_quote,7,core,matched,12,joint_linear,0.1,e_origin,effect_bp_per_sd,2.9619605744233946,0.9052825395461086,3.831777544785602,199
clock_UTC_quote,7,core,matched,12,joint_linear,0.1,downside,coef_raw,49040.80161969713,-51828.74505844245,261062.36241479765,199
clock_UTC_quote,7,core,matched,12,joint_linear,0.1,downside,effect_bp_per_sd,0.7712253752897814,-0.8150691268970034,4.1055185025059275,199
clock_UTC_quote,7,core,matched,12,joint_linear,0.1,btc_vol,coef_raw,-672.3376194668351,-2219.7562731236776,88.95836175091169,199
clock_UTC_quote,7,core,matched,12,joint_linear,0.1,btc_vol,effect_bp_per_sd,-1.3008682053741047,-4.294881434235659,0.1721205255414645,199
clock_UTC_quote,7,core,matched,12,joint_linear,0.1,account_ls,coef_raw,-0.1353764649768493,-1.5800913066988438,2.4400840655598888,199
clock_UTC_quote,7,core,matched,12,joint_linear,0.1,account_ls,effect_bp_per_sd,-0.0855379606822325,-0.998384675577519,1.5417732683217642,199
clock_UTC_quote,7,full_macro,all,6,linear,0.1,e_origin,coef_raw,0.4542527640172143,0.13484526956011264,0.6029800582180719,199
clock_UTC_quote,7,full_macro,all,6,linear,0.1,e_origin,effect_bp_per_sd,4.144207387617236,1.2302110335097036,5.501065947853004,199
clock_UTC_quote,7,full_macro,all,6,linear,0.1,downside,coef_raw,-57230.811537287365,-299554.87534589646,313515.37301491894,199
clock_UTC_quote,7,full_macro,all,6,linear,0.1,downside,effect_bp_per_sd,-0.845379955099637,-4.424848788048381,4.631065065182902,199
clock_UTC_quote,7,full_macro,all,6,linear,0.1,btc_vol,coef_raw,-1115.9921754395575,-3951.244190342402,889.5036204916494,199
clock_UTC_quote,7,full_macro,all,6,linear,0.1,btc_vol,effect_bp_per_sd,-2.0320454988411134,-7.194591636491482,1.619645610428229,199
clock_UTC_quote,7,full_macro,all,6,linear,0.1,account_ls,coef_raw,1.7738762507564132,-0.37345588188454526,4.985370266997039,199
clock_UTC_quote,7,full_macro,all,6,linear,0.1,account_ls,effect_bp_per_sd,1.0500468681557955,-0.22106738223706934,2.9510922383819165,199
clock_UTC_quote,7,full_macro,all,6,linear,0.5,e_origin,coef_raw,0.257415055746667,0.11045810799900109,0.4173819772648961,199
clock_UTC_quote,7,full_macro,all,6,linear,0.5,e_origin,effect_bp_per_sd,2.348431226427966,1.0077237684663507,3.807830376952693,199
clock_UTC_quote,7,full_macro,all,6,linear,0.5,downside,coef_raw,-80756.2176089311,-214919.55029719629,187022.1524395559,199
clock_UTC_quote,7,full_macro,all,6,linear,0.5,downside,effect_bp_per_sd,-1.1928834448166998,-3.174665445061932,2.762581458922347,199
clock_UTC_quote,7,full_macro,all,6,linear,0.5,btc_vol,coef_raw,-253.956569359828,-1885.1253359113996,537.910803384139,199
clock_UTC_quote,7,full_macro,all,6,linear,0.5,btc_vol,effect_bp_per_sd,-0.462414804535266,-3.432515512110389,0.9794506187861232,199
clock_UTC_quote,7,full_macro,all,6,linear,0.5,account_ls,coef_raw,1.792336153489125,-0.23762144694621234,4.580350837194194,199
clock_UTC_quote,7,full_macro,all,6,linear,0.5,account_ls,effect_bp_per_sd,1.0609742161276057,-0.14066012556745242,2.711340799336846,199
clock_UTC_quote,7,full_macro,all,6,pca,0.1,e_origin,coef_raw,0.454303692954649,0.13137141508162373,0.6040653740936748,199
clock_UTC_quote,7,full_macro,all,6,pca,0.1,e_origin,effect_bp_per_sd,4.127220126099552,1.1934720248315944,5.487762499188279,199
clock_UTC_quote,7,full_macro,all,6,pca,0.1,downside,coef_raw,-57141.86221172416,-294654.1143133935,317070.9060685002,199
clock_UTC_quote,7,full_macro,all,6,pca,0.1,downside,effect_bp_per_sd,-0.8440660478732512,-4.352457622689628,4.683585312449246,199
clock_UTC_quote,7,full_macro,all,6,pca,0.1,btc_vol,coef_raw,-1124.822032707804,-3966.704797254462,886.9287543075723,199
clock_UTC_quote,7,full_macro,all,6,pca,0.1,btc_vol,effect_bp_per_sd,-2.0481232743956617,-7.222742959929417,1.614957185764847,199
clock_UTC_quote,7,full_macro,all,6,pca,0.1,account_ls,coef_raw,1.78279729571663,-0.3220244824441778,4.987505685107974,199
clock_UTC_quote,7,full_macro,all,6,pca,0.1,account_ls,effect_bp_per_sd,1.0553276848515254,-0.19062254151934813,2.952356300121642,199
clock_UTC_quote,7,full_macro,all,6,pca,0.5,e_origin,coef_raw,0.2553825759307251,0.10899061756670783,0.4259731697524985,199
clock_UTC_quote,7,full_macro,all,6,pca,0.5,e_origin,effect_bp_per_sd,2.320078228687552,0.9901488307343348,3.8698453625743117,199
clock_UTC_quote,7,full_macro,all,6,pca,0.5,downside,coef_raw,-92644.31861046414,-210931.0986944276,192660.23353645977,199
clock_UTC_quote,7,full_macro,all,6,pca,0.5,downside,effect_bp_per_sd,-1.368487494819523,-3.115750379098402,2.8458638834856145,199
clock_UTC_quote,7,full_macro,all,6,pca,0.5,btc_vol,coef_raw,-208.1607728600527,-1877.3890400536188,541.8425435261807,199
clock_UTC_quote,7,full_macro,all,6,pca,0.5,btc_vol,effect_bp_per_sd,-0.3790278918030521,-3.4184289391742357,0.9866096966310033,199
clock_UTC_quote,7,full_macro,all,6,pca,0.5,account_ls,coef_raw,1.8360517079166856,-0.2624311305853577,4.551687133365154,199
clock_UTC_quote,7,full_macro,all,6,pca,0.5,account_ls,effect_bp_per_sd,1.0868516588166208,-0.15534622928754668,2.694373306580463,199
clock_UTC_quote,7,full_macro,all,6,ml,0.1,e_origin,coef_raw,0.4223380250814048,0.19519755805275,0.566593068254938,199
clock_UTC_quote,7,full_macro,all,6,ml,0.1,e_origin,effect_bp_per_sd,3.885715562058733,1.7959126196492436,5.212932229458764,199
clock_UTC_quote,7,full_macro,all,6,ml,0.1,downside,coef_raw,-96660.33001195273,-324257.1035476171,294422.3715115833,199
clock_UTC_quote,7,full_macro,all,6,ml,0.1,downside,effect_bp_per_sd,-1.4278096579528918,-4.789735603508371,4.349034454048007,199
clock_UTC_quote,7,full_macro,all,6,ml,0.1,btc_vol,coef_raw,-1161.1793356140668,-3706.8998798003354,891.019283826156,199
clock_UTC_quote,7,full_macro,all,6,ml,0.1,btc_vol,effect_bp_per_sd,-2.114324180949128,-6.749679237164957,1.6224053939862362,199
clock_UTC_quote,7,full_macro,all,6,ml,0.1,account_ls,coef_raw,2.80290957622892,0.0922824312239914,4.923162744828362,199
clock_UTC_quote,7,full_macro,all,6,ml,0.1,account_ls,effect_bp_per_sd,1.6591836217368816,0.054626627901035646,2.914268466824516,199
clock_UTC_quote,7,full_macro,all,6,ml,0.5,e_origin,coef_raw,0.2732632759134828,0.11881439502017274,0.4198454391314977,199
clock_UTC_quote,7,full_macro,all,6,ml,0.5,e_origin,effect_bp_per_sd,2.514155251712193,1.0931503116194459,3.862782557119252,199
clock_UTC_quote,7,full_macro,all,6,ml,0.5,downside,coef_raw,-91785.86936845748,-197721.3532823084,178988.5786130357,199
clock_UTC_quote,7,full_macro,all,6,ml,0.5,downside,effect_bp_per_sd,-1.355806986502948,-2.920623773631709,2.64391422184624,199
clock_UTC_quote,7,full_macro,all,6,ml,0.5,btc_vol,coef_raw,-134.419308932821,-1841.1384163020589,643.8486538214365,199
clock_UTC_quote,7,full_macro,all,6,ml,0.5,btc_vol,effect_bp_per_sd,-0.2447563322446122,-3.352422278513262,1.1723467132889585,199
clock_UTC_quote,7,full_macro,all,6,ml,0.5,account_ls,coef_raw,2.452915513459414,0.5837389372225318,5.188954187317213,199
clock_UTC_quote,7,full_macro,all,6,ml,0.5,account_ls,effect_bp_per_sd,1.4520044741906364,0.34554453423103093,3.0716038342995686,199
clock_UTC_quote,7,full_macro,all,6,joint_linear,0.1,e_origin,coef_raw,0.4543907862119262,0.12961405020694408,0.6075466897396287,199
clock_UTC_quote,7,full_macro,all,6,joint_linear,0.1,e_origin,effect_bp_per_sd,4.15543730232531,1.1853300627539536,5.556059352556589,199
clock_UTC_quote,7,full_macro,all,6,joint_linear,0.1,downside,coef_raw,-65205.61627402679,-290537.6601310628,305024.95432243904,199
clock_UTC_quote,7,full_macro,all,6,joint_linear,0.1,downside,effect_bp_per_sd,-0.9631790896773588,-4.291651777754839,4.505649583902345,199
clock_UTC_quote,7,full_macro,all,6,joint_linear,0.1,btc_vol,coef_raw,-1055.2726048875495,-3981.952778515289,784.3134199834142,199
clock_UTC_quote,7,full_macro,all,6,joint_linear,0.1,btc_vol,effect_bp_per_sd,-1.9214847505247767,-7.250507125637185,1.4281108683671901,199
clock_UTC_quote,7,full_macro,all,6,joint_linear,0.1,account_ls,coef_raw,1.7999462617306887,-0.4413899501646886,5.012637337010942,199
clock_UTC_quote,7,full_macro,all,6,joint_linear,0.1,account_ls,effect_bp_per_sd,1.0654790232256053,-0.26128098541723954,2.9672329931046164,199
clock_UTC_quote,7,full_macro,all,6,joint_linear,0.5,e_origin,coef_raw,0.2601995845155176,0.1057676330288815,0.42971962032438155,199
clock_UTC_quote,7,full_macro,all,6,joint_linear,0.5,e_origin,effect_bp_per_sd,2.3795444193735067,0.9672528163057479,3.9298176680109287,199
clock_UTC_quote,7,full_macro,all,6,joint_linear,0.5,downside,coef_raw,-74115.58265291959,-216795.33084909842,202823.1979179267,199
clock_UTC_quote,7,full_macro,all,6,joint_linear,0.5,downside,effect_bp_per_sd,-1.0947918831185313,-3.202373374342485,2.9959852279450776,199
clock_UTC_quote,7,full_macro,all,6,joint_linear,0.5,btc_vol,coef_raw,-304.68486593868823,-1913.8960676024988,592.5462201771819,199
clock_UTC_quote,7,full_macro,all,6,joint_linear,0.5,btc_vol,effect_bp_per_sd,-0.5547830209041208,-3.48490247065536,1.07893308399954,199
clock_UTC_quote,7,full_macro,all,6,joint_linear,0.5,account_ls,coef_raw,1.7652999053336629,-0.24197092570088177,4.646222865433112,199
clock_UTC_quote,7,full_macro,all,6,joint_linear,0.5,account_ls,effect_bp_per_sd,1.0449700965109072,-0.14323480153061682,2.750333776959637,199
clock_NY_quote,3,core,matched,1,linear,0.1,e_origin,coef_raw,0.3869531660619812,0.2161163598725185,0.5655161910939467,199
clock_NY_quote,3,core,matched,1,linear,0.1,e_origin,effect_bp_per_sd,3.606515845270253,2.0142672154219294,5.270775077753234,199
clock_NY_quote,3,core,matched,1,linear,0.1,downside,coef_raw,-72570.7756401516,-299959.5009277439,76284.13576596217,199
clock_NY_quote,3,core,matched,1,linear,0.1,downside,effect_bp_per_sd,-1.1678614320839065,-4.827165332470699,1.227619510127281,199
clock_NY_quote,3,core,matched,1,linear,0.1,btc_vol,coef_raw,-286.32038051235435,-1327.8814538439265,611.0858697672489,199
clock_NY_quote,3,core,matched,1,linear,0.1,btc_vol,effect_bp_per_sd,-0.5492536214873383,-2.5472992740667935,1.1722571980687868,199
clock_NY_quote,3,core,matched,1,linear,0.1,account_ls,coef_raw,0.6073448255122977,-0.8453502884109133,2.813445131216219,199
clock_NY_quote,3,core,matched,1,linear,0.1,account_ls,effect_bp_per_sd,0.3835678739610454,-0.5338799299139909,1.7768277956042429,199
clock_NY_quote,3,core,matched,1,pca,0.1,e_origin,coef_raw,0.3846668809260964,0.21033270255031808,0.5718313556027804,199
clock_NY_quote,3,core,matched,1,pca,0.1,e_origin,effect_bp_per_sd,3.567432804173229,1.9506430630625944,5.303211785534851,199
clock_NY_quote,3,core,matched,1,pca,0.1,downside,coef_raw,-71754.91811717761,-293739.0443237624,75953.07905628691,199
clock_NY_quote,3,core,matched,1,pca,0.1,downside,effect_bp_per_sd,-1.1547320624891622,-4.727061243825376,1.2222919060104467,199
clock_NY_quote,3,core,matched,1,pca,0.1,btc_vol,coef_raw,-289.563213190356,-1299.9555757812934,664.2692008338457,199
clock_NY_quote,3,core,matched,1,pca,0.1,btc_vol,effect_bp_per_sd,-0.5554744067108094,-2.4937285515367806,1.2742797545449156,199
clock_NY_quote,3,core,matched,1,pca,0.1,account_ls,coef_raw,0.5304922341384649,-0.900007585288592,2.6974104302652506,199
clock_NY_quote,3,core,matched,1,pca,0.1,account_ls,effect_bp_per_sd,0.3350317148577006,-0.5683986782084958,1.7035462236209356,199
clock_NY_quote,3,core,matched,1,ml,0.1,e_origin,coef_raw,0.3818166725551738,0.2450746677717204,0.5632239402064899,199
clock_NY_quote,3,core,matched,1,ml,0.1,e_origin,effect_bp_per_sd,3.520582460995515,2.259737824483669,5.193268047291,199
clock_NY_quote,3,core,matched,1,ml,0.1,downside,coef_raw,-78905.35635766057,-365640.1803490266,37145.436254892964,199
clock_NY_quote,3,core,matched,1,ml,0.1,downside,effect_bp_per_sd,-1.269802088541601,-5.884146350691257,0.5977712377655682,199
clock_NY_quote,3,core,matched,1,ml,0.1,btc_vol,coef_raw,-306.17405678451183,-1153.054807394104,757.8844462802417,199
clock_NY_quote,3,core,matched,1,ml,0.1,btc_vol,effect_bp_per_sd,-0.5873392917173316,-2.2119261213655377,1.4538635916991147,199
clock_NY_quote,3,core,matched,1,ml,0.1,account_ls,coef_raw,1.4135261607990928,-0.5454662406442728,3.9095295524294724,199
clock_NY_quote,3,core,matched,1,ml,0.1,account_ls,effect_bp_per_sd,0.8927106999367175,-0.3444885301607155,2.469058557218063,199
clock_NY_quote,3,core,matched,1,joint_linear,0.1,e_origin,coef_raw,0.3890789010801133,0.21125461731045433,0.5675307379148335,199
clock_NY_quote,3,core,matched,1,joint_linear,0.1,e_origin,effect_bp_per_sd,3.6436481953886912,1.9783583817932928,5.314814921319026,199
clock_NY_quote,3,core,matched,1,joint_linear,0.1,downside,coef_raw,-72355.60643565659,-308241.40624538076,57408.214421896,199
clock_NY_quote,3,core,matched,1,joint_linear,0.1,downside,effect_bp_per_sd,-1.164398773553868,-4.960443745431292,0.9238545256920363,199
clock_NY_quote,3,core,matched,1,joint_linear,0.1,btc_vol,coef_raw,-283.211794055114,-1304.8031264813976,598.9297474788543,199
clock_NY_quote,3,core,matched,1,joint_linear,0.1,btc_vol,effect_bp_per_sd,-0.5432903632439311,-2.5030276966853426,1.1489378864005222,199
clock_NY_quote,3,core,matched,1,joint_linear,0.1,account_ls,coef_raw,0.6302107301493911,-0.9370298121613472,2.6146006758743696,199
clock_NY_quote,3,core,matched,1,joint_linear,0.1,account_ls,effect_bp_per_sd,0.3980088077756175,-0.5917800198358127,1.651247825576375,199
clock_NY_quote,3,core,all,6,linear,0.1,e_origin,coef_raw,0.3626566155802948,0.15138411414533764,0.5000598992051152,199
clock_NY_quote,3,core,all,6,linear,0.1,e_origin,effect_bp_per_sd,3.4227326684769754,1.4287547247541472,4.719537103896281,199
clock_NY_quote,3,core,all,6,linear,0.1,downside,coef_raw,-94907.54578995558,-372149.5334367306,168733.46813014304,199
clock_NY_quote,3,core,all,6,linear,0.1,downside,effect_bp_per_sd,-1.6177279673710423,-6.343401921034605,2.8761132547853925,199
clock_NY_quote,3,core,all,6,linear,0.1,btc_vol,coef_raw,-1012.3381420486436,-2260.554094123227,141.9942743346763,199
clock_NY_quote,3,core,all,6,linear,0.1,btc_vol,effect_bp_per_sd,-1.9730177671964355,-4.405754565750084,0.2767427349280092,199
clock_NY_quote,3,core,all,6,linear,0.1,account_ls,coef_raw,2.175981520645017,0.18567423670951141,4.361237227140741,199
clock_NY_quote,3,core,all,6,linear,0.1,account_ls,effect_bp_per_sd,1.333586698466381,0.11379356395007607,2.6728572369710446,199
clock_NY_quote,3,core,all,6,linear,0.5,e_origin,coef_raw,0.3003438419329423,0.18473224669068317,0.45954894225431836,199
clock_NY_quote,3,core,all,6,linear,0.5,e_origin,effect_bp_per_sd,2.834628227903264,1.7434925174537603,4.33719697874818,199
clock_NY_quote,3,core,all,6,linear,0.5,downside,coef_raw,-46798.49558373253,-176647.75197093445,67621.9732859026,199
clock_NY_quote,3,core,all,6,linear,0.5,downside,effect_bp_per_sd,-0.7976945827283916,-3.01101462858444,1.1526370899478018,199
clock_NY_quote,3,core,all,6,linear,0.5,btc_vol,coef_raw,-149.0041268441474,-746.8918993742,541.5083720678491,199
clock_NY_quote,3,core,all,6,linear,0.5,btc_vol,effect_bp_per_sd,-0.2904047347797824,-1.4556707155755664,1.0553841594996884,199
clock_NY_quote,3,core,all,6,linear,0.5,account_ls,coef_raw,1.2164580285002504,-0.2788034886373542,2.37029965809632,199
clock_NY_quote,3,core,all,6,linear,0.5,account_ls,effect_bp_per_sd,0.7455266649367932,-0.17086938487537554,1.4526778216754614,199
clock_NY_quote,3,core,all,6,pca,0.1,e_origin,coef_raw,0.363595701879541,0.1538539602138855,0.5036494473264266,199
clock_NY_quote,3,core,all,6,pca,0.1,e_origin,effect_bp_per_sd,3.415074350731949,1.445074049470052,4.730529817689198,199
clock_NY_quote,3,core,all,6,pca,0.1,downside,coef_raw,-99823.6944794112,-367848.5293106964,166854.68514163335,199
clock_NY_quote,3,core,all,6,pca,0.1,downside,effect_bp_per_sd,-1.70152521616186,-6.270089998314966,2.8440888276459573,199
clock_NY_quote,3,core,all,6,pca,0.1,btc_vol,coef_raw,-980.1198088646396,-2267.213484902894,164.4934140017366,199
clock_NY_quote,3,core,all,6,pca,0.1,btc_vol,effect_bp_per_sd,-1.9102251674107005,-4.4187335258240354,0.3205929075787311,199
clock_NY_quote,3,core,all,6,pca,0.1,account_ls,coef_raw,2.221576778973454,0.2473235397408811,4.301191302852916,199
clock_NY_quote,3,core,all,6,pca,0.1,account_ls,effect_bp_per_sd,1.3615305157474749,0.15157637125442633,2.6360570871684743,199
clock_NY_quote,3,core,all,6,pca,0.5,e_origin,coef_raw,0.2997079082758734,0.18501405087477613,0.46143662636459704,199
clock_NY_quote,3,core,all,6,pca,0.5,e_origin,effect_bp_per_sd,2.81500794694089,1.7377453484771688,4.334045697020071,199
clock_NY_quote,3,core,all,6,pca,0.5,downside,coef_raw,-42894.83736404313,-177408.26433887484,65679.67237856518,199
clock_NY_quote,3,core,all,6,pca,0.5,downside,effect_bp_per_sd,-0.7311555417650359,-3.0239777930716096,1.1195299805741818,199
clock_NY_quote,3,core,all,6,pca,0.5,btc_vol,coef_raw,-183.3920299431161,-752.1210594722382,523.0413440694329,199
clock_NY_quote,3,core,all,6,pca,0.5,btc_vol,effect_bp_per_sd,-0.3574257635968854,-1.4658621974060004,1.0193924559030472,199
clock_NY_quote,3,core,all,6,pca,0.5,account_ls,coef_raw,1.205092775288567,-0.24954413490797092,2.383407571897993,199
clock_NY_quote,3,core,all,6,pca,0.5,account_ls,effect_bp_per_sd,0.7385612792641655,-0.15293730017289983,1.4607112260608874,199
clock_NY_quote,3,core,all,6,ml,0.1,e_origin,coef_raw,0.3449513782555526,0.15379490259638925,0.46927578458537106,199
clock_NY_quote,3,core,all,6,ml,0.1,e_origin,effect_bp_per_sd,3.234935889868168,1.4422805109630845,4.40084363621998,199
clock_NY_quote,3,core,all,6,ml,0.1,downside,coef_raw,-107426.78798131162,-380419.0736518042,185320.60155480457,199
clock_NY_quote,3,core,all,6,ml,0.1,downside,effect_bp_per_sd,-1.831122256040886,-6.4843587477218225,3.1588459860581666,199
clock_NY_quote,3,core,all,6,ml,0.1,btc_vol,coef_raw,-943.9937168026034,-2092.650687514002,182.96922511987714,199
clock_NY_quote,3,core,all,6,ml,0.1,btc_vol,effect_bp_per_sd,-1.83981645856414,-4.078515681178955,0.35660172922175193,199
clock_NY_quote,3,core,all,6,ml,0.1,account_ls,coef_raw,3.2542234810162256,0.99857546960733,5.42056796338025,199
clock_NY_quote,3,core,all,6,ml,0.1,account_ls,effect_bp_per_sd,1.9944053324652204,0.611993691604701,3.3220858107076663,199
clock_NY_quote,3,core,all,6,ml,0.5,e_origin,coef_raw,0.2937102235700347,0.18991492008540153,0.44021236595870933,199
clock_NY_quote,3,core,all,6,ml,0.5,e_origin,effect_bp_per_sd,2.754399035170733,1.7810121360076672,4.128288424314148,199
clock_NY_quote,3,core,all,6,ml,0.5,downside,coef_raw,-45728.79320020539,-183352.41651300428,59533.014891127095,199
clock_NY_quote,3,core,all,6,ml,0.5,downside,effect_bp_per_sd,-0.7794611804399671,-3.1252976737445355,1.0147583352796556,199
clock_NY_quote,3,core,all,6,ml,0.5,btc_vol,coef_raw,-42.5222276645088,-688.7967794127565,604.0495668687536,199
clock_NY_quote,3,core,all,6,ml,0.5,btc_vol,effect_bp_per_sd,-0.0828745921921574,-1.3424450065853104,1.1772751397942436,199
clock_NY_quote,3,core,all,6,ml,0.5,account_ls,coef_raw,1.512066428787194,0.21014689294582534,3.2901428248591484,199
clock_NY_quote,3,core,all,6,ml,0.5,account_ls,effect_bp_per_sd,0.9266952212123708,0.1287920409698691,2.0164191035896932,199
clock_NY_quote,3,core,all,6,joint_linear,0.1,e_origin,coef_raw,0.3700921008074396,0.15200170011335773,0.5112244440388168,199
clock_NY_quote,3,core,all,6,joint_linear,0.1,e_origin,effect_bp_per_sd,3.50550243353422,1.4397560188023424,4.8423041960376425,199
clock_NY_quote,3,core,all,6,joint_linear,0.1,downside,coef_raw,-96255.25243122356,-366177.48801956465,168618.91965778166,199
clock_NY_quote,3,core,all,6,joint_linear,0.1,downside,effect_bp_per_sd,-1.6407000367385935,-6.241606591555313,2.87416074125429,199
clock_NY_quote,3,core,all,6,joint_linear,0.1,btc_vol,coef_raw,-1024.9620160580448,-2277.5765759119395,184.12489270821206,199
clock_NY_quote,3,core,all,6,joint_linear,0.1,btc_vol,effect_bp_per_sd,-1.9976213326227008,-4.438930890552922,0.3588540919354037,199
clock_NY_quote,3,core,all,6,joint_linear,0.1,account_ls,coef_raw,2.0608100168969847,0.1972360032575944,4.3830747061134865,199
clock_NY_quote,3,core,all,6,joint_linear,0.1,account_ls,effect_bp_per_sd,1.2630019145500089,0.12087938611033341,2.686240701494889,199
clock_NY_quote,3,core,all,6,joint_linear,0.5,e_origin,coef_raw,0.3020166532771527,0.17893889473353675,0.46774710790051377,199
clock_NY_quote,3,core,all,6,joint_linear,0.5,e_origin,effect_bp_per_sd,2.8606936238873577,1.6949044023739057,4.430488036481981,199
clock_NY_quote,3,core,all,6,joint_linear,0.5,downside,coef_raw,-44404.2125597163,-176256.5105924942,67809.95458089406,199
clock_NY_quote,3,core,all,6,joint_linear,0.5,downside,effect_bp_per_sd,-0.7568833007853841,-3.0043458003619046,1.155841288262268,199
clock_NY_quote,3,core,all,6,joint_linear,0.5,btc_vol,coef_raw,-167.09493467044624,-762.262373899479,510.2202150518733,199
clock_NY_quote,3,core,all,6,joint_linear,0.5,btc_vol,effect_bp_per_sd,-0.3256631961393356,-1.485627325989598,0.99440444616949,199
clock_NY_quote,3,core,all,6,joint_linear,0.5,account_ls,coef_raw,1.211636686381081,-0.24377093788924753,2.4318098625750393,199
clock_NY_quote,3,core,all,6,joint_linear,0.5,account_ls,effect_bp_per_sd,0.7425718247150922,-0.14939909974300228,1.4903753801034636,199
clock_NY_quote,3,core,matched,6,linear,0.1,e_origin,coef_raw,0.4489035822006207,0.15060594490654408,0.5747552715023413,199
clock_NY_quote,3,core,matched,6,linear,0.1,e_origin,effect_bp_per_sd,4.183911708699632,1.4036911294074992,5.356885989385531,199
clock_NY_quote,3,core,matched,6,linear,0.1,downside,coef_raw,-185571.4831175657,-482021.2844913664,234970.27308520643,199
clock_NY_quote,3,core,matched,6,linear,0.1,downside,effect_bp_per_sd,-2.986350581427547,-7.757035289141295,3.781311653373181,199
clock_NY_quote,3,core,matched,6,linear,0.1,btc_vol,coef_raw,554.3693504054354,-1988.8437076217679,1275.8872049113716,199
clock_NY_quote,3,core,matched,6,linear,0.1,btc_vol,effect_bp_per_sd,1.0634568618793458,-3.815235251604544,2.4475577555915216,199
clock_NY_quote,3,core,matched,6,linear,0.1,account_ls,coef_raw,2.5237529040353848,-1.0879219488224274,6.085021179145263,199
clock_NY_quote,3,core,matched,6,linear,0.1,account_ls,effect_bp_per_sd,1.5938730275463024,-0.6870757622630412,3.8429876054742516,199
clock_NY_quote,3,core,matched,6,pca,0.1,e_origin,coef_raw,0.4519098585174977,0.14872503576430246,0.5751909457866015,199
clock_NY_quote,3,core,matched,6,pca,0.1,e_origin,effect_bp_per_sd,4.191049798525124,1.3792884121192222,5.334368905694214,199
clock_NY_quote,3,core,matched,6,pca,0.1,downside,coef_raw,-183813.38952277607,-492696.05425263644,224864.29608602822,199
clock_NY_quote,3,core,matched,6,pca,0.1,downside,effect_bp_per_sd,-2.958058067185594,-7.928821408148478,3.6186789590584554,199
clock_NY_quote,3,core,matched,6,pca,0.1,btc_vol,coef_raw,547.2910133043911,-2032.3135699469576,1287.6268563345986,199
clock_NY_quote,3,core,matched,6,pca,0.1,btc_vol,effect_bp_per_sd,1.0498783583865112,-3.8986242833770697,2.4700781435837,199
clock_NY_quote,3,core,matched,6,pca,0.1,account_ls,coef_raw,2.5072724787311924,-1.154962521781402,5.929126431513032,199
clock_NY_quote,3,core,matched,6,pca,0.1,account_ls,effect_bp_per_sd,1.583464835312886,-0.7294151532627321,3.7445324702707037,199
clock_NY_quote,3,core,matched,6,ml,0.1,e_origin,coef_raw,0.4168227842723584,0.12340753942644421,0.5517443357389609,199
clock_NY_quote,3,core,matched,6,ml,0.1,e_origin,effect_bp_per_sd,3.84336014934112,1.137892737768203,5.087419096596716,199
clock_NY_quote,3,core,matched,6,ml,0.1,downside,coef_raw,-197056.30017995037,-510499.45079827955,218812.35741644632,199
clock_NY_quote,3,core,matched,6,ml,0.1,downside,effect_bp_per_sd,-3.171172567735177,-8.215326547474135,3.5212867829490486,199
clock_NY_quote,3,core,matched,6,ml,0.1,btc_vol,coef_raw,489.3450238710384,-1857.9045171217392,1369.376349843519,199
clock_NY_quote,3,core,matched,6,ml,0.1,btc_vol,effect_bp_per_sd,0.9387195072771932,-3.564052208161857,2.6268996918234095,199
clock_NY_quote,3,core,matched,6,ml,0.1,account_ls,coef_raw,3.0462448341193946,-0.7979487303062608,7.046063497881809,199
clock_NY_quote,3,core,matched,6,ml,0.1,account_ls,effect_bp_per_sd,1.9238521602656424,-0.5039435344745367,4.44993269416161,199
clock_NY_quote,3,core,matched,6,joint_linear,0.1,e_origin,coef_raw,0.4498830755543208,0.16228283374215133,0.5801564503383544,199
clock_NY_quote,3,core,matched,6,joint_linear,0.1,e_origin,effect_bp_per_sd,4.213067457086018,1.5197471583929474,5.43305226125123,199
clock_NY_quote,3,core,matched,6,joint_linear,0.1,downside,coef_raw,-182921.6842588347,-480334.54067717586,241864.8453895457,199
clock_NY_quote,3,core,matched,6,joint_linear,0.1,downside,effect_bp_per_sd,-2.9437081008615853,-7.72989098719574,3.8922640996427056,199
clock_NY_quote,3,core,matched,6,joint_linear,0.1,btc_vol,coef_raw,520.1025758864984,-1982.5551012843316,1295.1569500960288,199
clock_NY_quote,3,core,matched,6,joint_linear,0.1,btc_vol,effect_bp_per_sd,0.9977222817298756,-3.8031717030762677,2.484523260138811,199
clock_NY_quote,3,core,matched,6,joint_linear,0.1,account_ls,coef_raw,2.446459816627315,-1.0627392762907681,6.155381885158372,199
clock_NY_quote,3,core,matched,6,joint_linear,0.1,account_ls,effect_bp_per_sd,1.5450586737169254,-0.6711716765478496,3.8874238224010713,199
clock_NY_quote,3,core,matched,12,linear,0.1,e_origin,coef_raw,0.2491156177542557,0.05422506099093437,0.5050048943920514,199
clock_NY_quote,3,core,matched,12,linear,0.1,e_origin,effect_bp_per_sd,2.321829878996521,0.5053933106809777,4.706792225269535,199
clock_NY_quote,3,core,matched,12,linear,0.1,downside,coef_raw,18567.12970769437,-455555.2311963454,345874.13690998865,199
clock_NY_quote,3,core,matched,12,linear,0.1,downside,effect_bp_per_sd,0.2987956859884858,-7.331124409312813,5.566056877432607,199
clock_NY_quote,3,core,matched,12,linear,0.1,btc_vol,coef_raw,-1403.597305200842,-3191.520656715876,554.7088538683748,199
clock_NY_quote,3,core,matched,12,linear,0.1,btc_vol,effect_bp_per_sd,-2.692546376237324,-6.12235243476566,1.0641081375803396,199
clock_NY_quote,3,core,matched,12,linear,0.1,account_ls,coef_raw,2.704547378024694,-0.0865376184900936,5.549455955710071,199
clock_NY_quote,3,core,matched,12,linear,0.1,account_ls,effect_bp_per_sd,1.7080535541581667,-0.05465272600931236,3.504752050495692,199
clock_NY_quote,3,core,matched,12,pca,0.1,e_origin,coef_raw,0.2500927083550106,0.05805277050481091,0.5023027702072151,199
clock_NY_quote,3,core,matched,12,pca,0.1,e_origin,effect_bp_per_sd,2.3193806800372903,0.5383862457131868,4.658397873376,199
clock_NY_quote,3,core,matched,12,pca,0.1,downside,coef_raw,10913.714101100217,-451633.35281275224,338233.2249821388,199
clock_NY_quote,3,core,matched,12,pca,0.1,downside,effect_bp_per_sd,0.1756313842181582,-7.268010704586362,5.443093793907996,199
clock_NY_quote,3,core,matched,12,pca,0.1,btc_vol,coef_raw,-1403.6506515058752,-3146.5862863510365,514.3308890680697,199
clock_NY_quote,3,core,matched,12,pca,0.1,btc_vol,effect_bp_per_sd,-2.69264871142974,-6.036154010441211,0.986650349367115,199
clock_NY_quote,3,core,matched,12,pca,0.1,account_ls,coef_raw,2.568381646383844,-0.11286045830320221,5.478711412738206,199
clock_NY_quote,3,core,matched,12,pca,0.1,account_ls,effect_bp_per_sd,1.622058254621736,-0.07127688296202,3.460073421811936,199
clock_NY_quote,3,core,matched,12,ml,0.1,e_origin,coef_raw,0.2646212255969128,0.04322970186674324,0.48694733403729196,199
clock_NY_quote,3,core,matched,12,ml,0.1,e_origin,effect_bp_per_sd,2.439969002424865,0.398604202293259,4.489951243269731,199
clock_NY_quote,3,core,matched,12,ml,0.1,downside,coef_raw,-14316.303305164742,-462615.71404985554,297774.11727629957,199
clock_NY_quote,3,core,matched,12,ml,0.1,downside,effect_bp_per_sd,-0.2303883117223677,-7.444746808188513,4.7919965574601635,199
clock_NY_quote,3,core,matched,12,ml,0.1,btc_vol,coef_raw,-1324.9073725981057,-3132.000859146184,521.8138472332357,199
clock_NY_quote,3,core,matched,12,ml,0.1,btc_vol,effect_bp_per_sd,-2.541594039629966,-6.008174518730319,1.0010050448460082,199
clock_NY_quote,3,core,matched,12,ml,0.1,account_ls,coef_raw,3.6727310929162233,1.0357660017841746,6.780335978673028,199
clock_NY_quote,3,core,matched,12,ml,0.1,account_ls,effect_bp_per_sd,2.3195087827614627,0.6541367383683157,4.282112807806473,199
clock_NY_quote,3,core,matched,12,joint_linear,0.1,e_origin,coef_raw,0.2550293303349954,0.06309799853463101,0.5122578671967597,199
clock_NY_quote,3,core,matched,12,joint_linear,0.1,e_origin,effect_bp_per_sd,2.3883000508808307,0.5909004776540364,4.797195242927897,199
clock_NY_quote,3,core,matched,12,joint_linear,0.1,downside,coef_raw,16142.056037937282,-453825.84913936374,334532.2084494986,199
clock_NY_quote,3,core,matched,12,joint_linear,0.1,downside,effect_bp_per_sd,0.2597696457692804,-7.3032939419122505,5.3835343578974495,199
clock_NY_quote,3,core,matched,12,joint_linear,0.1,btc_vol,coef_raw,-1443.0080754164524,-3235.099231529931,549.279723641843,199
clock_NY_quote,3,core,matched,12,joint_linear,0.1,btc_vol,effect_bp_per_sd,-2.768148777392959,-6.205950011693452,1.0536933377916802,199
clock_NY_quote,3,core,matched,12,joint_linear,0.1,account_ls,coef_raw,2.5915511999210894,0.04233919339739903,5.589493128720304,199
clock_NY_quote,3,core,matched,12,joint_linear,0.1,account_ls,effect_bp_per_sd,1.6366909575239328,0.026739265264946285,3.5300374776300902,199
clock_NY_quote,3,full_macro,all,6,linear,0.1,e_origin,coef_raw,0.4253015778324497,0.010421766859642925,0.5720451634617085,199
clock_NY_quote,3,full_macro,all,6,linear,0.1,e_origin,effect_bp_per_sd,3.5245844027348188,0.08636788301995743,4.740686529010083,199
clock_NY_quote,3,full_macro,all,6,linear,0.1,downside,coef_raw,-294074.14444979123,-573566.8647069627,233313.40781105566,199
clock_NY_quote,3,full_macro,all,6,linear,0.1,downside,effect_bp_per_sd,-4.737527651558947,-9.240148897317091,3.758673592513142,199
clock_NY_quote,3,full_macro,all,6,linear,0.1,btc_vol,coef_raw,850.0370872631177,-1924.147203163287,2499.1127512071735,199
clock_NY_quote,3,full_macro,all,6,linear,0.1,btc_vol,effect_bp_per_sd,1.5825629670329149,-3.582295587420188,4.652742038861176,199
clock_NY_quote,3,full_macro,all,6,linear,0.1,account_ls,coef_raw,2.6026413735460703,-2.860608086019947,6.6990557714420955,199
clock_NY_quote,3,full_macro,all,6,linear,0.1,account_ls,effect_bp_per_sd,1.460217934252367,-1.604950752159294,3.7585206626791585,199
clock_NY_quote,3,full_macro,all,6,linear,0.5,e_origin,coef_raw,0.2569408541773754,-0.01805123953478772,0.5867726558875228,199
clock_NY_quote,3,full_macro,all,6,linear,0.5,e_origin,effect_bp_per_sd,2.1293354510330778,-0.14959530044209693,4.862737075730297,199
clock_NY_quote,3,full_macro,all,6,linear,0.5,downside,coef_raw,-164590.35462003687,-267787.4872181663,221981.9219407033,199
clock_NY_quote,3,full_macro,all,6,linear,0.5,downside,effect_bp_per_sd,-2.6515467983464576,-4.314050212782831,3.57612361776278,199
clock_NY_quote,3,full_macro,all,6,linear,0.5,btc_vol,coef_raw,681.7773845780634,-968.1972151886145,1711.2116333629497,199
clock_NY_quote,3,full_macro,all,6,linear,0.5,btc_vol,effect_bp_per_sd,1.2693041947942962,-1.8025484775908567,3.185861182169636,199
clock_NY_quote,3,full_macro,all,6,linear,0.5,account_ls,coef_raw,1.2515525141567756,-1.914102591153759,5.874766224455129,199
clock_NY_quote,3,full_macro,all,6,linear,0.5,account_ls,effect_bp_per_sd,0.7021864193069215,-1.073911665283903,3.296051114718667,199
clock_NY_quote,3,full_macro,all,6,pca,0.1,e_origin,coef_raw,0.4283882000479924,0.005606739552600541,0.5730568160806098,199
clock_NY_quote,3,full_macro,all,6,pca,0.1,e_origin,effect_bp_per_sd,3.533375243447095,0.04624477221687037,4.726611906679502,199
clock_NY_quote,3,full_macro,all,6,pca,0.1,downside,coef_raw,-292087.77513364685,-577287.4713256196,220235.6544042762,199
clock_NY_quote,3,full_macro,all,6,pca,0.1,downside,effect_bp_per_sd,-4.705527287912394,-9.300087783714053,3.5479912882228195,199
clock_NY_quote,3,full_macro,all,6,pca,0.1,btc_vol,coef_raw,861.0344891432377,-1939.689770539214,2469.271686656263,199
clock_NY_quote,3,full_macro,all,6,pca,0.1,btc_vol,effect_bp_per_sd,1.6030374630400153,-3.611232079616019,4.597185211561839,199
clock_NY_quote,3,full_macro,all,6,pca,0.1,account_ls,coef_raw,2.5327826018186443,-2.859728519885533,6.676800716024646,199
clock_NY_quote,3,full_macro,all,6,pca,0.1,account_ls,effect_bp_per_sd,1.4210235095505712,-1.6044572695547037,3.7460344126031204,199
clock_NY_quote,3,full_macro,all,6,pca,0.5,e_origin,coef_raw,0.2585023513780141,-0.013240638258868509,0.5975818118827034,199
clock_NY_quote,3,full_macro,all,6,pca,0.5,e_origin,effect_bp_per_sd,2.132145116577932,-0.10920969211122862,4.92889575344058,199
clock_NY_quote,3,full_macro,all,6,pca,0.5,downside,coef_raw,-164160.3661641224,-263703.21688400855,221396.0255132751,199
clock_NY_quote,3,full_macro,all,6,pca,0.5,downside,effect_bp_per_sd,-2.6446196942871825,-4.2482527123575,3.5666848398957764,199
clock_NY_quote,3,full_macro,all,6,pca,0.5,btc_vol,coef_raw,683.5470195726625,-967.9301433654202,1700.552912367481,199
clock_NY_quote,3,full_macro,all,6,pca,0.5,btc_vol,effect_bp_per_sd,1.272598826110484,-1.8020512546069916,3.1660172278573886,199
clock_NY_quote,3,full_macro,all,6,pca,0.5,account_ls,coef_raw,1.28927102069511,-1.859938629965417,5.879558017129554,199
clock_NY_quote,3,full_macro,all,6,pca,0.5,account_ls,effect_bp_per_sd,0.72334847423324,-1.0435228501665879,3.2987395610299926,199
clock_NY_quote,3,full_macro,all,6,ml,0.1,e_origin,coef_raw,0.3014763762527342,-0.021873692705186982,0.5658785833323541,199
clock_NY_quote,3,full_macro,all,6,ml,0.1,e_origin,effect_bp_per_sd,2.4942067344742744,-0.18096778371570124,4.681687470792394,199
clock_NY_quote,3,full_macro,all,6,ml,0.1,downside,coef_raw,-270774.13180162275,-580624.3093855645,189137.72027427118,199
clock_NY_quote,3,full_macro,all,6,ml,0.1,downside,effect_bp_per_sd,-4.362164987803181,-9.353844167524471,3.0470042901210155,199
clock_NY_quote,3,full_macro,all,6,ml,0.1,btc_vol,coef_raw,389.54687179534966,-1858.5283061456503,2423.632620981958,199
clock_NY_quote,3,full_macro,all,6,ml,0.1,btc_vol,effect_bp_per_sd,0.725241830579111,-3.460129110317391,4.512216336358184,199
clock_NY_quote,3,full_macro,all,6,ml,0.1,account_ls,coef_raw,4.449383950495025,-1.3854305455940383,7.403802120658004,199
clock_NY_quote,3,full_macro,all,6,ml,0.1,account_ls,effect_bp_per_sd,2.496337108495011,-0.7772989970497163,4.1539202243259625,199
clock_NY_quote,3,full_macro,all,6,ml,0.5,e_origin,coef_raw,0.2405481879651459,-0.016349577832249176,0.516805360783764,199
clock_NY_quote,3,full_macro,all,6,ml,0.5,e_origin,effect_bp_per_sd,1.9901291034667232,-0.13526508326085596,4.275689615556007,199
clock_NY_quote,3,full_macro,all,6,ml,0.5,downside,coef_raw,-157805.00823092487,-273889.6397343092,187655.4032894315,199
clock_NY_quote,3,full_macro,all,6,ml,0.5,downside,effect_bp_per_sd,-2.5422350252765464,-4.412355748393062,3.023124197849753,199
clock_NY_quote,3,full_macro,all,6,ml,0.5,btc_vol,coef_raw,790.8177877769577,-773.3334308774299,1792.6108456623247,199
clock_NY_quote,3,full_macro,all,6,ml,0.5,btc_vol,effect_bp_per_sd,1.4723109889666697,-1.439759355460102,3.3374067804274756,199
clock_NY_quote,3,full_macro,all,6,ml,0.5,account_ls,coef_raw,1.698453314567271,-1.3832582264772846,6.385189665557193,199
clock_NY_quote,3,full_macro,all,6,ml,0.5,account_ls,effect_bp_per_sd,0.952921142201924,-0.7760802124082958,3.582425361411185,199
clock_NY_quote,3,full_macro,all,6,joint_linear,0.1,e_origin,coef_raw,0.4433965792107887,0.034066472356034994,0.5696995864155296,199
clock_NY_quote,3,full_macro,all,6,joint_linear,0.1,e_origin,effect_bp_per_sd,3.6880085836373753,0.28335230435680747,4.738550235400673,199
clock_NY_quote,3,full_macro,all,6,joint_linear,0.1,downside,coef_raw,-291575.9851646553,-572560.6121135221,242304.282366441,199
clock_NY_quote,3,full_macro,all,6,joint_linear,0.1,downside,effect_bp_per_sd,-4.697282363373298,-9.223938191357894,3.903516373225909,199
clock_NY_quote,3,full_macro,all,6,joint_linear,0.1,btc_vol,coef_raw,849.6669362646624,-2018.4562042770465,2503.174362168395,199
clock_NY_quote,3,full_macro,all,6,joint_linear,0.1,btc_vol,effect_bp_per_sd,1.5818738356160118,-3.7578760825031083,4.660303773743145,199
clock_NY_quote,3,full_macro,all,6,joint_linear,0.1,account_ls,coef_raw,2.105340318343894,-2.875488843900833,6.70631821267719,199
clock_NY_quote,3,full_macro,all,6,joint_linear,0.1,account_ls,effect_bp_per_sd,1.1812060323784457,-1.613299635625836,3.762595272053208,199
clock_NY_quote,3,full_macro,all,6,joint_linear,0.5,e_origin,coef_raw,0.2747620571989585,-0.004810680983412429,0.5828301636391623,199
clock_NY_quote,3,full_macro,all,6,joint_linear,0.5,e_origin,effect_bp_per_sd,2.285369064441728,-0.040013463323387295,4.847765515308932,199
clock_NY_quote,3,full_macro,all,6,joint_linear,0.5,downside,coef_raw,-148168.3611093156,-271270.5726936366,201621.4182727135,199
clock_NY_quote,3,full_macro,all,6,joint_linear,0.5,downside,effect_bp_per_sd,-2.3869888634884786,-4.370162639067901,3.2481163755509845,199
clock_NY_quote,3,full_macro,all,6,joint_linear,0.5,btc_vol,coef_raw,494.7052685513774,-1056.8087009820176,1677.523366209508,199
clock_NY_quote,3,full_macro,all,6,joint_linear,0.5,btc_vol,effect_bp_per_sd,0.9210212699380088,-1.9675215804961839,3.123141796369419,199
clock_NY_quote,3,full_macro,all,6,joint_linear,0.5,account_ls,coef_raw,1.312815378342706,-1.952704327757723,5.899616219143709,199
clock_NY_quote,3,full_macro,all,6,joint_linear,0.5,account_ls,effect_bp_per_sd,0.736558090293646,-1.0955692584718557,3.309993261446666,199
clock_NY_quote,7,core,matched,1,linear,0.1,e_origin,coef_raw,0.3869531660619812,0.21824541867809874,0.5692099369966116,199
clock_NY_quote,7,core,matched,1,linear,0.1,e_origin,effect_bp_per_sd,3.606515845270253,2.0341106615835947,5.305201861908888,199
clock_NY_quote,7,core,matched,1,linear,0.1,downside,coef_raw,-72570.7756401516,-283030.39697669726,38451.59436401215,199
clock_NY_quote,7,core,matched,1,linear,0.1,downside,effect_bp_per_sd,-1.1678614320839065,-4.5547299421945615,0.6187908791623726,199
clock_NY_quote,7,core,matched,1,linear,0.1,btc_vol,coef_raw,-286.32038051235435,-1260.3167776703995,786.5741667786548,199
clock_NY_quote,7,core,matched,1,linear,0.1,btc_vol,effect_bp_per_sd,-0.5492536214873383,-2.4176887202999873,1.5088996071410299,199
clock_NY_quote,7,core,matched,1,linear,0.1,account_ls,coef_raw,0.6073448255122977,-1.0290044232795577,2.6620527790060167,199
clock_NY_quote,7,core,matched,1,linear,0.1,account_ls,effect_bp_per_sd,0.3835678739610454,-0.6498664718200678,1.681216142665161,199
clock_NY_quote,7,core,matched,1,pca,0.1,e_origin,coef_raw,0.3846668809260964,0.23206016202889343,0.5710487263309458,199
clock_NY_quote,7,core,matched,1,pca,0.1,e_origin,effect_bp_per_sd,3.567432804173229,2.152145338248344,5.295953616255688,199
clock_NY_quote,7,core,matched,1,pca,0.1,downside,coef_raw,-71754.91811717761,-279532.87232262426,39492.04760494376,199
clock_NY_quote,7,core,matched,1,pca,0.1,downside,effect_bp_per_sd,-1.1547320624891622,-4.498445244735789,0.6355346055625964,199
clock_NY_quote,7,core,matched,1,pca,0.1,btc_vol,coef_raw,-289.563213190356,-1233.580239424828,696.5976494446738,199
clock_NY_quote,7,core,matched,1,pca,0.1,btc_vol,effect_bp_per_sd,-0.5554744067108094,-2.36639953008888,1.3362960086613371,199
clock_NY_quote,7,core,matched,1,pca,0.1,account_ls,coef_raw,0.5304922341384649,-1.0821311068475972,2.685633665687573,199
clock_NY_quote,7,core,matched,1,pca,0.1,account_ls,effect_bp_per_sd,0.3350317148577006,-0.6834185631704888,1.6961086225062982,199
clock_NY_quote,7,core,matched,1,ml,0.1,e_origin,coef_raw,0.3818166725551738,0.24949777274396373,0.5750919679336756,199
clock_NY_quote,7,core,matched,1,ml,0.1,e_origin,effect_bp_per_sd,3.520582460995515,2.300521548474066,5.302698497206465,199
clock_NY_quote,7,core,matched,1,ml,0.1,downside,coef_raw,-78905.35635766057,-263108.4961877042,16600.52980227091,199
clock_NY_quote,7,core,matched,1,ml,0.1,downside,effect_bp_per_sd,-1.269802088541601,-4.234132299685772,0.26714773732561936,199
clock_NY_quote,7,core,matched,1,ml,0.1,btc_vol,coef_raw,-306.17405678451183,-1145.5350141218705,699.5231950681533,199
clock_NY_quote,7,core,matched,1,ml,0.1,btc_vol,effect_bp_per_sd,-0.5873392917173316,-2.1975007644272035,1.3419081363263223,199
clock_NY_quote,7,core,matched,1,ml,0.1,account_ls,coef_raw,1.4135261607990928,-0.29069822473715634,3.6729242458283804,199
clock_NY_quote,7,core,matched,1,ml,0.1,account_ls,effect_bp_per_sd,0.8927106999367175,-0.18359010457136674,2.319630768244426,199
clock_NY_quote,7,core,matched,1,joint_linear,0.1,e_origin,coef_raw,0.3890789010801133,0.21792090906928177,0.5698015185214106,199
clock_NY_quote,7,core,matched,1,joint_linear,0.1,e_origin,effect_bp_per_sd,3.6436481953886912,2.040786906880508,5.336080339814629,199
clock_NY_quote,7,core,matched,1,joint_linear,0.1,downside,coef_raw,-72355.60643565659,-283672.2862857861,37532.79254000534,199
clock_NY_quote,7,core,matched,1,joint_linear,0.1,downside,effect_bp_per_sd,-1.164398773553868,-4.565059689412215,0.6040048553873668,199
clock_NY_quote,7,core,matched,1,joint_linear,0.1,btc_vol,coef_raw,-283.211794055114,-1277.9345746527274,721.4983079459307,199
clock_NY_quote,7,core,matched,1,joint_linear,0.1,btc_vol,effect_bp_per_sd,-0.5432903632439311,-2.451485262403824,1.384063397188696,199
clock_NY_quote,7,core,matched,1,joint_linear,0.1,account_ls,coef_raw,0.6302107301493911,-1.1252475644365798,2.6957801772214105,199
clock_NY_quote,7,core,matched,1,joint_linear,0.1,account_ls,effect_bp_per_sd,0.3980088077756175,-0.7106487086750425,1.702516639325858,199
clock_NY_quote,7,core,all,6,linear,0.1,e_origin,coef_raw,0.3626566155802948,0.17301760933154245,0.5046744325928658,199
clock_NY_quote,7,core,all,6,linear,0.1,e_origin,effect_bp_per_sd,3.4227326684769754,1.6329304312656097,4.763088809552495,199
clock_NY_quote,7,core,all,6,linear,0.1,downside,coef_raw,-94907.54578995558,-298173.9347815369,120254.60598045854,199
clock_NY_quote,7,core,all,6,linear,0.1,downside,effect_bp_per_sd,-1.6177279673710423,-5.082465355333336,2.0497763131534015,199
clock_NY_quote,7,core,all,6,linear,0.1,btc_vol,coef_raw,-1012.3381420486436,-2020.8428333982472,61.0119915067389,199
clock_NY_quote,7,core,all,6,linear,0.1,btc_vol,effect_bp_per_sd,-1.9730177671964355,-3.938564249824286,0.1189106072909871,199
clock_NY_quote,7,core,all,6,linear,0.1,account_ls,coef_raw,2.175981520645017,0.511657428577298,4.081362134350916,199
clock_NY_quote,7,core,all,6,linear,0.1,account_ls,effect_bp_per_sd,1.333586698466381,0.3135778196866,2.5013311015533524,199
clock_NY_quote,7,core,all,6,linear,0.5,e_origin,coef_raw,0.3003438419329423,0.18403212612441827,0.4294717710731025,199
clock_NY_quote,7,core,all,6,linear,0.5,e_origin,effect_bp_per_sd,2.834628227903264,1.7368848190661472,4.053330334780868,199
clock_NY_quote,7,core,all,6,linear,0.5,downside,coef_raw,-46798.49558373253,-174621.14416843906,61323.17010327183,199
clock_NY_quote,7,core,all,6,linear,0.5,downside,effect_bp_per_sd,-0.7976945827283916,-2.976470482555788,1.0452720750304532,199
clock_NY_quote,7,core,all,6,linear,0.5,btc_vol,coef_raw,-149.0041268441474,-769.7294547222709,435.86182148922126,199
clock_NY_quote,7,core,all,6,linear,0.5,btc_vol,effect_bp_per_sd,-0.2904047347797824,-1.5001804506033225,0.8494820871814119,199
clock_NY_quote,7,core,all,6,linear,0.5,account_ls,coef_raw,1.2164580285002504,-0.33202449195204675,2.0852931279494342,199
clock_NY_quote,7,core,all,6,linear,0.5,account_ls,effect_bp_per_sd,0.7455266649367932,-0.20348676761788628,1.2780067989788726,199
clock_NY_quote,7,core,all,6,pca,0.1,e_origin,coef_raw,0.363595701879541,0.17437362986283364,0.5040790893716335,199
clock_NY_quote,7,core,all,6,pca,0.1,e_origin,effect_bp_per_sd,3.415074350731949,1.6378051437634384,4.7345652326322165,199
clock_NY_quote,7,core,all,6,pca,0.1,downside,coef_raw,-99823.6944794112,-300596.6968497081,115368.6383058411,199
clock_NY_quote,7,core,all,6,pca,0.1,downside,effect_bp_per_sd,-1.70152521616186,-5.12376207124084,1.96649350893473,199
clock_NY_quote,7,core,all,6,pca,0.1,btc_vol,coef_raw,-980.1198088646396,-1986.1831695415945,76.157820273595,199
clock_NY_quote,7,core,all,6,pca,0.1,btc_vol,effect_bp_per_sd,-1.9102251674107005,-3.871013567148392,0.1484293896174621,199
clock_NY_quote,7,core,all,6,pca,0.1,account_ls,coef_raw,2.221576778973454,0.5903945460716352,4.028178554108611,199
clock_NY_quote,7,core,all,6,pca,0.1,account_ls,effect_bp_per_sd,1.3615305157474749,0.36183318011581317,2.4687366541671754,199
clock_NY_quote,7,core,all,6,pca,0.5,e_origin,coef_raw,0.2997079082758734,0.18546192499033862,0.43264088296451786,199
clock_NY_quote,7,core,all,6,pca,0.5,e_origin,effect_bp_per_sd,2.81500794694089,1.7419520082272917,4.063581540850125,199
clock_NY_quote,7,core,all,6,pca,0.5,downside,coef_raw,-42894.83736404313,-163854.78623162466,60910.70749164382,199
clock_NY_quote,7,core,all,6,pca,0.5,downside,effect_bp_per_sd,-0.7311555417650359,-2.792954638835013,1.0382415244375396,199
clock_NY_quote,7,core,all,6,pca,0.5,btc_vol,coef_raw,-183.3920299431161,-737.4529543356324,423.0334304372772,199
clock_NY_quote,7,core,all,6,pca,0.5,btc_vol,effect_bp_per_sd,-0.3574257635968854,-1.4372744846215524,0.8244799239528203,199
clock_NY_quote,7,core,all,6,pca,0.5,account_ls,coef_raw,1.205092775288567,-0.25949687165441665,2.0989273494073384,199
clock_NY_quote,7,core,all,6,pca,0.5,account_ls,effect_bp_per_sd,0.7385612792641655,-0.15903700148583344,1.2863627598212313,199
clock_NY_quote,7,core,all,6,ml,0.1,e_origin,coef_raw,0.3449513782555526,0.1623046024594342,0.46920955264705794,199
clock_NY_quote,7,core,all,6,ml,0.1,e_origin,effect_bp_per_sd,3.234935889868168,1.522084028891273,4.400222516584546,199
clock_NY_quote,7,core,all,6,ml,0.1,downside,coef_raw,-107426.78798131162,-329722.9924437726,125343.4691422814,199
clock_NY_quote,7,core,all,6,ml,0.1,downside,effect_bp_per_sd,-1.831122256040886,-5.620228633264413,2.1365175326263466,199
clock_NY_quote,7,core,all,6,ml,0.1,btc_vol,coef_raw,-943.9937168026034,-1921.4340897962343,-20.729657106269105,199
clock_NY_quote,7,core,all,6,ml,0.1,btc_vol,effect_bp_per_sd,-1.83981645856414,-3.7448194829378654,-0.040401502304151564,199
clock_NY_quote,7,core,all,6,ml,0.1,account_ls,coef_raw,3.2542234810162256,0.8580830177266476,5.057293200328086,199
clock_NY_quote,7,core,all,6,ml,0.1,account_ls,effect_bp_per_sd,1.9944053324652204,0.5258905407803924,3.099446791350881,199
clock_NY_quote,7,core,all,6,ml,0.5,e_origin,coef_raw,0.2937102235700347,0.2032568823759338,0.41839147501011964,199
clock_NY_quote,7,core,all,6,ml,0.5,e_origin,effect_bp_per_sd,2.754399035170733,1.906132356930326,3.923653256205913,199
clock_NY_quote,7,core,all,6,ml,0.5,downside,coef_raw,-45728.79320020539,-158192.5326194889,59054.83527531349,199
clock_NY_quote,7,core,all,6,ml,0.5,downside,effect_bp_per_sd,-0.7794611804399671,-2.696439804840968,1.0066076183741695,199
clock_NY_quote,7,core,all,6,ml,0.5,btc_vol,coef_raw,-42.5222276645088,-667.6671604281621,539.5968047774007,199
clock_NY_quote,7,core,all,6,ml,0.5,btc_vol,effect_bp_per_sd,-0.0828745921921574,-1.3012639901451606,1.051658570123382,199
clock_NY_quote,7,core,all,6,ml,0.5,account_ls,coef_raw,1.512066428787194,0.10217788391651637,3.017660728544663,199
clock_NY_quote,7,core,all,6,ml,0.5,account_ls,effect_bp_per_sd,0.9266952212123708,0.0626214265037123,1.8494238898125475,199
clock_NY_quote,7,core,all,6,joint_linear,0.1,e_origin,coef_raw,0.3700921008074396,0.1728442280634777,0.5070592490581258,199
clock_NY_quote,7,core,all,6,joint_linear,0.1,e_origin,effect_bp_per_sd,3.50550243353422,1.637175883454265,4.802851581109895,199
clock_NY_quote,7,core,all,6,joint_linear,0.1,downside,coef_raw,-96255.25243122356,-294749.70274308947,121663.91211054985,199
clock_NY_quote,7,core,all,6,joint_linear,0.1,downside,effect_bp_per_sd,-1.6407000367385935,-5.024098279362116,2.07379836453256,199
clock_NY_quote,7,core,all,6,joint_linear,0.1,btc_vol,coef_raw,-1024.9620160580448,-2040.1383901769768,37.94815175924182,199
clock_NY_quote,7,core,all,6,joint_linear,0.1,btc_vol,effect_bp_per_sd,-1.9976213326227008,-3.9761707320569304,0.07395985051174041,199
clock_NY_quote,7,core,all,6,joint_linear,0.1,account_ls,coef_raw,2.0608100168969847,0.5740044882567822,4.120171530307055,199
clock_NY_quote,7,core,all,6,joint_linear,0.1,account_ls,effect_bp_per_sd,1.2630019145500089,0.35178825883242665,2.5251160894917053,199
clock_NY_quote,7,core,all,6,joint_linear,0.5,e_origin,coef_raw,0.3020166532771527,0.17497753681350225,0.42961377270453005,199
clock_NY_quote,7,core,all,6,joint_linear,0.5,e_origin,effect_bp_per_sd,2.8606936238873577,1.6573825266070779,4.069290110245102,199
clock_NY_quote,7,core,all,6,joint_linear,0.5,downside,coef_raw,-44404.2125597163,-175014.6731478744,61141.16374617974,199
clock_NY_quote,7,core,all,6,joint_linear,0.5,downside,effect_bp_per_sd,-0.7568833007853841,-2.9831783036326542,1.0421697213487042,199
clock_NY_quote,7,core,all,6,joint_linear,0.5,btc_vol,coef_raw,-167.09493467044624,-764.4191603532064,428.4016130356511,199
clock_NY_quote,7,core,all,6,joint_linear,0.5,btc_vol,effect_bp_per_sd,-0.3256631961393356,-1.4898308404246476,0.8349423566165869,199
clock_NY_quote,7,core,all,6,joint_linear,0.5,account_ls,coef_raw,1.211636686381081,-0.26077986075283577,2.1988491452795382,199
clock_NY_quote,7,core,all,6,joint_linear,0.5,account_ls,effect_bp_per_sd,0.7425718247150922,-0.15982330283062698,1.34760150500255,199
clock_NY_quote,7,core,matched,6,linear,0.1,e_origin,coef_raw,0.4489035822006207,0.16093176406525259,0.5803270417898952,199
clock_NY_quote,7,core,matched,6,linear,0.1,e_origin,effect_bp_per_sd,4.183911708699632,1.4999307616872162,5.40881650602343,199
clock_NY_quote,7,core,matched,6,linear,0.1,downside,coef_raw,-185571.4831175657,-441198.01137466193,196843.2420715936,199
clock_NY_quote,7,core,matched,6,linear,0.1,downside,effect_bp_per_sd,-2.986350581427547,-7.10007763940041,3.1677438824917337,199
clock_NY_quote,7,core,matched,6,linear,0.1,btc_vol,coef_raw,554.3693504054354,-2085.6237800224962,1093.8747673513249,199
clock_NY_quote,7,core,matched,6,linear,0.1,btc_vol,effect_bp_per_sd,1.0634568618793458,-4.000890234176115,2.0983999684067562,199
clock_NY_quote,7,core,matched,6,linear,0.1,account_ls,coef_raw,2.5237529040353848,-1.1201337794503206,5.316927553250381,199
clock_NY_quote,7,core,matched,6,linear,0.1,account_ls,effect_bp_per_sd,1.5938730275463024,-0.7074191040868766,3.357899025294087,199
clock_NY_quote,7,core,matched,6,pca,0.1,e_origin,coef_raw,0.4519098585174977,0.16707030317502772,0.5807917389264216,199
clock_NY_quote,7,core,matched,6,pca,0.1,e_origin,effect_bp_per_sd,4.191049798525124,1.5494239553840579,5.386311129387294,199
clock_NY_quote,7,core,matched,6,pca,0.1,downside,coef_raw,-183813.38952277607,-436613.08195266087,200731.75316895917,199
clock_NY_quote,7,core,matched,6,pca,0.1,downside,effect_bp_per_sd,-2.958058067185594,-7.02629363759598,3.230320616704438,199
clock_NY_quote,7,core,matched,6,pca,0.1,btc_vol,coef_raw,547.2910133043911,-2029.4918492832066,1110.844813161916,199
clock_NY_quote,7,core,matched,6,pca,0.1,btc_vol,effect_bp_per_sd,1.0498783583865112,-3.893211325030836,2.1309539175933074,199
clock_NY_quote,7,core,matched,6,pca,0.1,account_ls,coef_raw,2.5072724787311924,-1.1228880118372209,5.279096118897786,199
clock_NY_quote,7,core,matched,6,pca,0.1,account_ls,effect_bp_per_sd,1.583464835312886,-0.7091585361469865,3.334006629682942,199
clock_NY_quote,7,core,matched,6,ml,0.1,e_origin,coef_raw,0.4168227842723584,0.13885026552969354,0.566082260744488,199
clock_NY_quote,7,core,matched,6,ml,0.1,e_origin,effect_bp_per_sd,3.84336014934112,1.280284085702861,5.219623504968206,199
clock_NY_quote,7,core,matched,6,ml,0.1,downside,coef_raw,-197056.30017995037,-461670.7427032312,191345.92640646177,199
clock_NY_quote,7,core,matched,6,ml,0.1,downside,effect_bp_per_sd,-3.171172567735177,-7.429539645519904,3.0792771010819178,199
clock_NY_quote,7,core,matched,6,ml,0.1,btc_vol,coef_raw,489.3450238710384,-1970.5219724825354,1077.2773899588465,199
clock_NY_quote,7,core,matched,6,ml,0.1,btc_vol,effect_bp_per_sd,0.9387195072771932,-3.7800883320623586,2.0665609158611495,199
clock_NY_quote,7,core,matched,6,ml,0.1,account_ls,coef_raw,3.0462448341193946,-0.5655723158616454,6.237590902097042,199
clock_NY_quote,7,core,matched,6,ml,0.1,account_ls,effect_bp_per_sd,1.9238521602656424,-0.35718649711601697,3.9393428254501153,199
clock_NY_quote,7,core,matched,6,joint_linear,0.1,e_origin,coef_raw,0.4498830755543208,0.18843119381415727,0.5796700913485495,199
clock_NY_quote,7,core,matched,6,joint_linear,0.1,e_origin,effect_bp_per_sd,4.213067457086018,1.7646214620990754,5.428497603955259,199
clock_NY_quote,7,core,matched,6,joint_linear,0.1,downside,coef_raw,-182921.6842588347,-443623.24986213096,193521.15879952552,199
clock_NY_quote,7,core,matched,6,joint_linear,0.1,downside,effect_bp_per_sd,-2.9437081008615853,-7.139106331985494,3.1142825146973836,199
clock_NY_quote,7,core,matched,6,joint_linear,0.1,btc_vol,coef_raw,520.1025758864984,-2062.7737299453825,1073.354931097364,199
clock_NY_quote,7,core,matched,6,joint_linear,0.1,btc_vol,effect_bp_per_sd,0.9977222817298756,-3.957056565285471,2.05903639130251,199
clock_NY_quote,7,core,matched,6,joint_linear,0.1,account_ls,coef_raw,2.446459816627315,-1.036702880639969,5.191022679381771,199
clock_NY_quote,7,core,matched,6,joint_linear,0.1,account_ls,effect_bp_per_sd,1.5450586737169254,-0.6547284230518444,3.2783839578027636,199
clock_NY_quote,7,core,matched,12,linear,0.1,e_origin,coef_raw,0.2491156177542557,0.07333794751058562,0.4994987269319018,199
clock_NY_quote,7,core,matched,12,linear,0.1,e_origin,effect_bp_per_sd,2.321829878996521,0.6835309617654333,4.655473146028403,199
clock_NY_quote,7,core,matched,12,linear,0.1,downside,coef_raw,18567.12970769437,-421943.43725391006,274802.8169869863,199
clock_NY_quote,7,core,matched,12,linear,0.1,downside,effect_bp_per_sd,0.2987956859884858,-6.7902191004986205,4.422325771719464,199
clock_NY_quote,7,core,matched,12,linear,0.1,btc_vol,coef_raw,-1403.597305200842,-3374.5851081932005,262.8430744658975,199
clock_NY_quote,7,core,matched,12,linear,0.1,btc_vol,effect_bp_per_sd,-2.692546376237324,-6.473528319484682,0.5042166760009283,199
clock_NY_quote,7,core,matched,12,linear,0.1,account_ls,coef_raw,2.704547378024694,0.2704441664966828,4.768333842093711,199
clock_NY_quote,7,core,matched,12,linear,0.1,account_ls,effect_bp_per_sd,1.7080535541581667,0.17079867912071175,3.0114353449963724,199
clock_NY_quote,7,core,matched,12,pca,0.1,e_origin,coef_raw,0.2500927083550106,0.07193142584734008,0.5068041979843386,199
clock_NY_quote,7,core,matched,12,pca,0.1,e_origin,effect_bp_per_sd,2.3193806800372903,0.6670980553380579,4.700144490810455,199
clock_NY_quote,7,core,matched,12,pca,0.1,downside,coef_raw,10913.714101100217,-430603.39351921243,274413.16098434286,199
clock_NY_quote,7,core,matched,12,pca,0.1,downside,effect_bp_per_sd,0.1756313842181582,-6.929581382857696,4.416055145379134,199
clock_NY_quote,7,core,matched,12,pca,0.1,btc_vol,coef_raw,-1403.6506515058752,-3375.3718282900813,238.69267301009734,199
clock_NY_quote,7,core,matched,12,pca,0.1,btc_vol,effect_bp_per_sd,-2.69264871142974,-6.475037499032207,0.4578885192827972,199
clock_NY_quote,7,core,matched,12,pca,0.1,account_ls,coef_raw,2.568381646383844,0.39610150821768053,4.766722453699783,199
clock_NY_quote,7,core,matched,12,pca,0.1,account_ls,effect_bp_per_sd,1.622058254621736,0.25015741799012475,3.010417674647633,199
clock_NY_quote,7,core,matched,12,ml,0.1,e_origin,coef_raw,0.2646212255969128,0.04905336384178625,0.4816204911781589,199
clock_NY_quote,7,core,matched,12,ml,0.1,e_origin,effect_bp_per_sd,2.439969002424865,0.45230191557250304,4.440834505080062,199
clock_NY_quote,7,core,matched,12,ml,0.1,downside,coef_raw,-14316.303305164742,-427500.88977004506,274923.50057520746,199
clock_NY_quote,7,core,matched,12,ml,0.1,downside,effect_bp_per_sd,-0.2303883117223677,-6.879653647628372,4.424267899344886,199
clock_NY_quote,7,core,matched,12,ml,0.1,btc_vol,coef_raw,-1324.9073725981057,-3325.001112772139,333.0368775648119,199
clock_NY_quote,7,core,matched,12,ml,0.1,btc_vol,effect_bp_per_sd,-2.541594039629966,-6.37841043439353,0.6388707320239656,199
clock_NY_quote,7,core,matched,12,ml,0.1,account_ls,coef_raw,3.6727310929162233,1.109267324770201,6.136443382480307,199
clock_NY_quote,7,core,matched,12,ml,0.1,account_ls,effect_bp_per_sd,2.3195087827614627,0.7005564080630292,3.875463234440018,199
clock_NY_quote,7,core,matched,12,joint_linear,0.1,e_origin,coef_raw,0.2550293303349954,0.07961053399904953,0.5072302865187166,199
clock_NY_quote,7,core,matched,12,joint_linear,0.1,e_origin,effect_bp_per_sd,2.3883000508808307,0.7455371590037456,4.750112928225484,199
clock_NY_quote,7,core,matched,12,joint_linear,0.1,downside,coef_raw,16142.056037937282,-429340.301961284,274484.14355343574,199
clock_NY_quote,7,core,matched,12,joint_linear,0.1,downside,effect_bp_per_sd,0.2597696457692804,-6.909254799564584,4.417197448242272,199
clock_NY_quote,7,core,matched,12,joint_linear,0.1,btc_vol,coef_raw,-1443.0080754164524,-3385.6140873653176,309.93294523527015,199
clock_NY_quote,7,core,matched,12,joint_linear,0.1,btc_vol,effect_bp_per_sd,-2.768148777392959,-6.494685411902463,0.5945500361660901,199
clock_NY_quote,7,core,matched,12,joint_linear,0.1,account_ls,coef_raw,2.5915511999210894,0.28599770160076354,4.818618500854846,199
clock_NY_quote,7,core,matched,12,joint_linear,0.1,account_ls,effect_bp_per_sd,1.6366909575239328,0.18062149499375146,3.043192559092329,199
clock_NY_quote,7,full_macro,all,6,linear,0.1,e_origin,coef_raw,0.4253015778324497,0.009326004582160131,0.5439766607414963,199
clock_NY_quote,7,full_macro,all,6,linear,0.1,e_origin,effect_bp_per_sd,3.5245844027348188,0.07728701703303992,4.508075572333233,199
clock_NY_quote,7,full_macro,all,6,linear,0.1,downside,coef_raw,-294074.14444979123,-560618.6639110708,171346.09157682868,199
clock_NY_quote,7,full_macro,all,6,linear,0.1,downside,effect_bp_per_sd,-4.737527651558947,-9.031553682585626,2.7603815641479246,199
clock_NY_quote,7,full_macro,all,6,linear,0.1,btc_vol,coef_raw,850.0370872631177,-2052.481687305268,2428.577948806055,199
clock_NY_quote,7,full_macro,all,6,linear,0.1,btc_vol,effect_bp_per_sd,1.5825629670329149,-3.8212232825049868,4.521423337783793,199
clock_NY_quote,7,full_macro,all,6,linear,0.1,account_ls,coef_raw,2.6026413735460703,-2.289997266168036,5.577421879834818,199
clock_NY_quote,7,full_macro,all,6,linear,0.1,account_ls,effect_bp_per_sd,1.460217934252367,-1.2848082380598742,3.1292253856434695,199
clock_NY_quote,7,full_macro,all,6,linear,0.5,e_origin,coef_raw,0.2569408541773754,0.03471486761498911,0.4844187732063904,199
clock_NY_quote,7,full_macro,all,6,linear,0.5,e_origin,effect_bp_per_sd,2.1293354510330778,0.2876911051268135,4.014503922456197,199
clock_NY_quote,7,full_macro,all,6,linear,0.5,downside,coef_raw,-164590.35462003687,-261203.34549820737,86017.64035443602,199
clock_NY_quote,7,full_macro,all,6,linear,0.5,downside,effect_bp_per_sd,-2.6515467983464576,-4.207979842269813,1.385742192546172,199
clock_NY_quote,7,full_macro,all,6,linear,0.5,btc_vol,coef_raw,681.7773845780634,-956.8560072214216,1659.3586975453109,199
clock_NY_quote,7,full_macro,all,6,linear,0.5,btc_vol,effect_bp_per_sd,1.2693041947942962,-1.7814338980045867,3.089323587296991,199
clock_NY_quote,7,full_macro,all,6,linear,0.5,account_ls,coef_raw,1.2515525141567756,-2.194023817560047,5.555886982933357,199
clock_NY_quote,7,full_macro,all,6,linear,0.5,account_ls,effect_bp_per_sd,0.7021864193069215,-1.2309621137748017,3.1171431821607265,199
clock_NY_quote,7,full_macro,all,6,pca,0.1,e_origin,coef_raw,0.4283882000479924,0.002177496984586231,0.5398792869592427,199
clock_NY_quote,7,full_macro,all,6,pca,0.1,e_origin,effect_bp_per_sd,3.533375243447095,0.017960144413772326,4.452961371900416,199
clock_NY_quote,7,full_macro,all,6,pca,0.1,downside,coef_raw,-292087.77513364685,-565387.7144234595,164622.3862190849,199
clock_NY_quote,7,full_macro,all,6,pca,0.1,downside,effect_bp_per_sd,-4.705527287912394,-9.108382975811644,2.65206282666475,199
clock_NY_quote,7,full_macro,all,6,pca,0.1,btc_vol,coef_raw,861.0344891432377,-2030.3876649939614,2480.589565149482,199
clock_NY_quote,7,full_macro,all,6,pca,0.1,btc_vol,effect_bp_per_sd,1.6030374630400153,-3.780089569603999,4.6182563573237445,199
clock_NY_quote,7,full_macro,all,6,pca,0.1,account_ls,coef_raw,2.5327826018186443,-2.2925498760420693,5.42969021352091,199
clock_NY_quote,7,full_macro,all,6,pca,0.1,account_ls,effect_bp_per_sd,1.4210235095505712,-1.286240385706146,3.0463401941602344,199
clock_NY_quote,7,full_macro,all,6,pca,0.5,e_origin,coef_raw,0.2585023513780141,0.031746701392574614,0.48550330206831094,199
clock_NY_quote,7,full_macro,all,6,pca,0.5,e_origin,effect_bp_per_sd,2.132145116577932,0.2618489695772758,4.004464520609584,199
clock_NY_quote,7,full_macro,all,6,pca,0.5,downside,coef_raw,-164160.3661641224,-255295.9002160776,83647.33769785232,199
clock_NY_quote,7,full_macro,all,6,pca,0.5,downside,effect_bp_per_sd,-2.6446196942871825,-4.112811035686956,1.3475566716832652,199
clock_NY_quote,7,full_macro,all,6,pca,0.5,btc_vol,coef_raw,683.5470195726625,-917.9831509614331,1665.437304200404,199
clock_NY_quote,7,full_macro,all,6,pca,0.5,btc_vol,effect_bp_per_sd,1.272598826110484,-1.7090620642791614,3.1006404791451843,199
clock_NY_quote,7,full_macro,all,6,pca,0.5,account_ls,coef_raw,1.28927102069511,-2.08217846622437,5.550348573466999,199
clock_NY_quote,7,full_macro,all,6,pca,0.5,account_ls,effect_bp_per_sd,0.72334847423324,-1.1682110219251423,3.1140358447794756,199
clock_NY_quote,7,full_macro,all,6,ml,0.1,e_origin,coef_raw,0.3014763762527342,-0.03344271281794174,0.5518953132771985,199
clock_NY_quote,7,full_macro,all,6,ml,0.1,e_origin,effect_bp_per_sd,2.4942067344742744,-0.2766818434213649,4.5659995791736385,199
clock_NY_quote,7,full_macro,all,6,ml,0.1,downside,coef_raw,-270774.13180162275,-566569.3843251957,177090.44089901494,199
clock_NY_quote,7,full_macro,all,6,ml,0.1,downside,effect_bp_per_sd,-4.362164987803181,-9.127419650541972,2.8529228985960393,199
clock_NY_quote,7,full_macro,all,6,ml,0.1,btc_vol,coef_raw,389.54687179534966,-2148.7075883453695,2139.231882998365,199
clock_NY_quote,7,full_macro,all,6,ml,0.1,btc_vol,effect_bp_per_sd,0.725241830579111,-4.00037258050297,3.9827311145088595,199
clock_NY_quote,7,full_macro,all,6,ml,0.1,account_ls,coef_raw,4.449383950495025,-1.3099746012688396,6.91244175105294,199
clock_NY_quote,7,full_macro,all,6,ml,0.1,account_ls,effect_bp_per_sd,2.496337108495011,-0.7349642657765093,3.8782413577825445,199
clock_NY_quote,7,full_macro,all,6,ml,0.5,e_origin,coef_raw,0.2405481879651459,0.0010646093425872526,0.44423737933306656,199
clock_NY_quote,7,full_macro,all,6,ml,0.5,e_origin,effect_bp_per_sd,1.9901291034667232,0.008807840351774036,3.675312397641599,199
clock_NY_quote,7,full_macro,all,6,ml,0.5,downside,coef_raw,-157805.00823092487,-245598.50250244563,117478.59074113928,199
clock_NY_quote,7,full_macro,all,6,ml,0.5,downside,effect_bp_per_sd,-2.5422350252765464,-3.956586183269372,1.8925773741300407,199
clock_NY_quote,7,full_macro,all,6,ml,0.5,btc_vol,coef_raw,790.8177877769577,-1056.8165966926094,1548.3662957584206,199
clock_NY_quote,7,full_macro,all,6,ml,0.5,btc_vol,effect_bp_per_sd,1.4723109889666697,-1.967536280395009,2.88268264501114,199
clock_NY_quote,7,full_macro,all,6,ml,0.5,account_ls,coef_raw,1.698453314567271,-1.7532105366149393,5.897782908658089,199
clock_NY_quote,7,full_macro,all,6,ml,0.5,account_ls,effect_bp_per_sd,0.952921142201924,-0.9836428076901289,3.3089646783781856,199
clock_NY_quote,7,full_macro,all,6,joint_linear,0.1,e_origin,coef_raw,0.4433965792107887,0.01313636060137287,0.5779858179321452,199
clock_NY_quote,7,full_macro,all,6,joint_linear,0.1,e_origin,effect_bp_per_sd,3.6880085836373753,0.10926338390307638,4.807472041278559,199
clock_NY_quote,7,full_macro,all,6,joint_linear,0.1,downside,coef_raw,-291575.9851646553,-560559.1377494182,190613.68780505095,199
clock_NY_quote,7,full_macro,all,6,joint_linear,0.1,downside,effect_bp_per_sd,-4.697282363373298,-9.030594717500998,3.070782092834528,199
clock_NY_quote,7,full_macro,all,6,joint_linear,0.1,btc_vol,coef_raw,849.6669362646624,-2077.663420057362,2468.772290992905,199
clock_NY_quote,7,full_macro,all,6,joint_linear,0.1,btc_vol,effect_bp_per_sd,1.5818738356160118,-3.868105563638737,4.596255457913945,199
clock_NY_quote,7,full_macro,all,6,joint_linear,0.1,account_ls,coef_raw,2.105340318343894,-2.214368419165442,5.502742355945457,199
clock_NY_quote,7,full_macro,all,6,joint_linear,0.1,account_ls,effect_bp_per_sd,1.1812060323784457,-1.2423764993414697,3.087326266843211,199
clock_NY_quote,7,full_macro,all,6,joint_linear,0.5,e_origin,coef_raw,0.2747620571989585,0.014319245414099145,0.4897447314671974,199
clock_NY_quote,7,full_macro,all,6,joint_linear,0.5,e_origin,effect_bp_per_sd,2.285369064441728,0.11910218182649195,4.0735153542615725,199
clock_NY_quote,7,full_macro,all,6,joint_linear,0.5,downside,coef_raw,-148168.3611093156,-254061.0230563705,85323.7996316953,199
clock_NY_quote,7,full_macro,all,6,joint_linear,0.5,downside,effect_bp_per_sd,-2.3869888634884786,-4.09291719326386,1.3745644345834245,199
clock_NY_quote,7,full_macro,all,6,joint_linear,0.5,btc_vol,coef_raw,494.7052685513774,-939.899451259986,1619.3023464803211,199
clock_NY_quote,7,full_macro,all,6,joint_linear,0.5,btc_vol,effect_bp_per_sd,0.9210212699380088,-1.7498649018806767,3.0147483731801272,199
clock_NY_quote,7,full_macro,all,6,joint_linear,0.5,account_ls,coef_raw,1.312815378342706,-2.1128085748148293,5.512920267327512,199
clock_NY_quote,7,full_macro,all,6,joint_linear,0.5,account_ls,effect_bp_per_sd,0.736558090293646,-1.185396114864377,3.0930366074550104,199
clock_FXUTC_USNY_quote,3,core,matched,1,linear,0.1,e_origin,coef_raw,0.4287216371347704,0.24275329117233116,0.6423974813942995,199
clock_FXUTC_USNY_quote,3,core,matched,1,linear,0.1,e_origin,effect_bp_per_sd,4.331897103909948,2.4528322993491947,6.490924525780876,199
clock_FXUTC_USNY_quote,3,core,matched,1,linear,0.1,downside,coef_raw,-220799.58096817663,-413705.72891194,28040.48289222804,199
clock_FXUTC_USNY_quote,3,core,matched,1,linear,0.1,downside,effect_bp_per_sd,-3.4723380138960334,-6.5060183663778774,0.44097019680810884,199
clock_FXUTC_USNY_quote,3,core,matched,1,linear,0.1,btc_vol,coef_raw,-72.54550571120333,-1146.5055353625714,955.5845995386089,199
clock_FXUTC_USNY_quote,3,core,matched,1,linear,0.1,btc_vol,effect_bp_per_sd,-0.1403642144810031,-2.218309008829983,1.8489068394993202,199
clock_FXUTC_USNY_quote,3,core,matched,1,linear,0.1,account_ls,coef_raw,0.9580597609717836,-1.2905451058641668,2.5981840550160795,199
clock_FXUTC_USNY_quote,3,core,matched,1,linear,0.1,account_ls,effect_bp_per_sd,0.605352475256669,-0.815434178628719,1.6416691452327006,199
clock_FXUTC_USNY_quote,3,core,matched,1,pca,0.1,e_origin,coef_raw,0.4367777838420336,0.24097130896328814,0.6412158995130828,199
clock_FXUTC_USNY_quote,3,core,matched,1,pca,0.1,e_origin,effect_bp_per_sd,4.393295111059251,2.4237910276975985,6.449619876919174,199
clock_FXUTC_USNY_quote,3,core,matched,1,pca,0.1,downside,coef_raw,-214256.77128277483,-420904.2659236915,25608.466420042027,199
clock_FXUTC_USNY_quote,3,core,matched,1,pca,0.1,downside,effect_bp_per_sd,-3.3694444907802343,-6.619223987515107,0.40272382328799805,199
clock_FXUTC_USNY_quote,3,core,matched,1,pca,0.1,btc_vol,coef_raw,-71.45764678869116,-1134.392530430363,950.1524924251327,199
clock_FXUTC_USNY_quote,3,core,matched,1,pca,0.1,btc_vol,effect_bp_per_sd,-0.1382593775014052,-2.1948722375834993,1.8383965612886328,199
clock_FXUTC_USNY_quote,3,core,matched,1,pca,0.1,account_ls,coef_raw,0.8946257920234825,-1.3037983230553014,2.629837488190391,199
clock_FXUTC_USNY_quote,3,core,matched,1,pca,0.1,account_ls,effect_bp_per_sd,0.5652715620584581,-0.8238082573225469,1.6616694467827884,199
clock_FXUTC_USNY_quote,3,core,matched,1,ml,0.1,e_origin,coef_raw,0.4718351195256822,0.25999438141879455,0.6471603872482835,199
clock_FXUTC_USNY_quote,3,core,matched,1,ml,0.1,e_origin,effect_bp_per_sd,4.750589569535088,2.617708062400015,6.515821434759995,199
clock_FXUTC_USNY_quote,3,core,matched,1,ml,0.1,downside,coef_raw,-209495.64895820597,-383778.22845633735,8070.969534418417,199
clock_FXUTC_USNY_quote,3,core,matched,1,ml,0.1,downside,effect_bp_per_sd,-3.294570136563084,-6.0353725570098895,0.1269256680672643,199
clock_FXUTC_USNY_quote,3,core,matched,1,ml,0.1,btc_vol,coef_raw,9.432477517348673,-970.267453694669,1053.601107455816,199
clock_FXUTC_USNY_quote,3,core,matched,1,ml,0.1,btc_vol,effect_bp_per_sd,0.018250369672837,-1.877315867319168,2.038553462058395,199
clock_FXUTC_USNY_quote,3,core,matched,1,ml,0.1,account_ls,coef_raw,1.7356039691010658,-0.4294698348319235,3.2626141398517268,199
clock_FXUTC_USNY_quote,3,core,matched,1,ml,0.1,account_ls,effect_bp_per_sd,1.0966457433667052,-0.2713615978400689,2.0614909693768246,199
clock_FXUTC_USNY_quote,3,core,matched,1,joint_linear,0.1,e_origin,coef_raw,0.4293988482472303,0.24083871919791724,0.6393794140794302,199
clock_FXUTC_USNY_quote,3,core,matched,1,joint_linear,0.1,e_origin,effect_bp_per_sd,4.349788258110034,2.4396838443828246,6.4768805952611626,199
clock_FXUTC_USNY_quote,3,core,matched,1,joint_linear,0.1,downside,coef_raw,-221784.615807272,-411765.36627681664,20673.66535300792,199
clock_FXUTC_USNY_quote,3,core,matched,1,joint_linear,0.1,downside,effect_bp_per_sd,-3.487828867192968,-6.475503838636751,0.32511816271137356,199
clock_FXUTC_USNY_quote,3,core,matched,1,joint_linear,0.1,btc_vol,coef_raw,-71.31328234287518,-1139.698756057999,977.4146406405337,199
clock_FXUTC_USNY_quote,3,core,matched,1,joint_linear,0.1,btc_vol,effect_bp_per_sd,-0.1379800548633274,-2.2051389547947227,1.89114455693364,199
clock_FXUTC_USNY_quote,3,core,matched,1,joint_linear,0.1,account_ls,coef_raw,0.9726960810195864,-1.216827063331169,2.545626246802442,199
clock_FXUTC_USNY_quote,3,core,matched,1,joint_linear,0.1,account_ls,effect_bp_per_sd,0.6146004709773109,-0.768855247609675,1.6084603616136919,199
clock_FXUTC_USNY_quote,3,core,all,6,linear,0.1,e_origin,coef_raw,0.3283474968718088,0.1461473105918325,0.4659818587212454,199
clock_FXUTC_USNY_quote,3,core,all,6,linear,0.1,e_origin,effect_bp_per_sd,3.188386575824785,1.4191493086539857,4.524871719989842,199
clock_FXUTC_USNY_quote,3,core,all,6,linear,0.1,downside,coef_raw,-63828.747896714274,-273665.1781569319,128058.3674204072,199
clock_FXUTC_USNY_quote,3,core,all,6,linear,0.1,downside,effect_bp_per_sd,-1.0414117626790564,-4.465043494656416,2.089364033223556,199
clock_FXUTC_USNY_quote,3,core,all,6,linear,0.1,btc_vol,coef_raw,-378.3134748000165,-1661.0016644218886,593.2350985005958,199
clock_FXUTC_USNY_quote,3,core,all,6,linear,0.1,btc_vol,effect_bp_per_sd,-0.7340731443528496,-3.2229798719753115,1.151103471339493,199
clock_FXUTC_USNY_quote,3,core,all,6,linear,0.1,account_ls,coef_raw,1.5158690957393826,-0.6651073439536854,3.912142995548828,199
clock_FXUTC_USNY_quote,3,core,all,6,linear,0.1,account_ls,effect_bp_per_sd,0.96034159475382,-0.42136240468931235,2.478442006509692,199
clock_FXUTC_USNY_quote,3,core,all,6,linear,0.5,e_origin,coef_raw,0.2233490922327112,0.12235282203438323,0.3536107736189415,199
clock_FXUTC_USNY_quote,3,core,all,6,linear,0.5,e_origin,effect_bp_per_sd,2.1688097341441,1.1880952314401527,3.43370317853777,199
clock_FXUTC_USNY_quote,3,core,all,6,linear,0.5,downside,coef_raw,-73640.14464304537,-179741.57042692747,15035.342347151352,199
clock_FXUTC_USNY_quote,3,core,all,6,linear,0.5,downside,effect_bp_per_sd,-1.2014917316058196,-2.932612527319278,0.24531238497059693,199
clock_FXUTC_USNY_quote,3,core,all,6,linear,0.5,btc_vol,coef_raw,-39.34722271241341,-592.29552344162,741.0865244864611,199
clock_FXUTC_USNY_quote,3,core,all,6,linear,0.5,btc_vol,effect_bp_per_sd,-0.0763486934038541,-1.1492803355966743,1.437991907517638,199
clock_FXUTC_USNY_quote,3,core,all,6,linear,0.5,account_ls,coef_raw,1.5763941409574351,0.42752825799169936,2.713507931257185,199
clock_FXUTC_USNY_quote,3,core,all,6,linear,0.5,account_ls,effect_bp_per_sd,0.9986857490153068,0.27085001616304427,1.7190762325091196,199
clock_FXUTC_USNY_quote,3,core,all,6,pca,0.1,e_origin,coef_raw,0.3262484781343441,0.14303807400042076,0.46259034077877353,199
clock_FXUTC_USNY_quote,3,core,all,6,pca,0.1,e_origin,effect_bp_per_sd,3.152861956815444,1.3823184845827006,4.470468323322281,199
clock_FXUTC_USNY_quote,3,core,all,6,pca,0.1,downside,coef_raw,-58050.28972733869,-272359.1293667235,136578.53369346092,199
clock_FXUTC_USNY_quote,3,core,all,6,pca,0.1,downside,effect_bp_per_sd,-0.9471320767062974,-4.443734372707842,2.228376651661529,199
clock_FXUTC_USNY_quote,3,core,all,6,pca,0.1,btc_vol,coef_raw,-353.0273683582602,-1640.585100870862,594.5812276998489,199
clock_FXUTC_USNY_quote,3,core,all,6,pca,0.1,btc_vol,effect_bp_per_sd,-0.6850084059795918,-3.1833639132503304,1.153715477942016,199
clock_FXUTC_USNY_quote,3,core,all,6,pca,0.1,account_ls,coef_raw,1.564426303536166,-0.7240207500195021,3.912737558250996,199
clock_FXUTC_USNY_quote,3,core,all,6,pca,0.1,account_ls,effect_bp_per_sd,0.991103819871689,-0.4586855445914617,2.4788186770910676,199
clock_FXUTC_USNY_quote,3,core,all,6,pca,0.5,e_origin,coef_raw,0.2277079291875802,0.12208977082628485,0.35654540959747805,199
clock_FXUTC_USNY_quote,3,core,all,6,pca,0.5,e_origin,effect_bp_per_sd,2.2005670993662494,1.1798742969032348,3.4456511926905167,199
clock_FXUTC_USNY_quote,3,core,all,6,pca,0.5,downside,coef_raw,-67017.23242766513,-177153.32973707226,13554.753389385482,199
clock_FXUTC_USNY_quote,3,core,all,6,pca,0.5,downside,effect_bp_per_sd,-1.0934341727226564,-2.8903835256878905,0.22115551510993217,199
clock_FXUTC_USNY_quote,3,core,all,6,pca,0.5,btc_vol,coef_raw,-70.30021997268184,-567.8379653319578,692.1215931512954,199
clock_FXUTC_USNY_quote,3,core,all,6,pca,0.5,btc_vol,effect_bp_per_sd,-0.1364093720196543,-1.101823298560806,1.3429811730276042,199
clock_FXUTC_USNY_quote,3,core,all,6,pca,0.5,account_ls,coef_raw,1.4814274771966796,0.434805372903073,2.6743770939500173,199
clock_FXUTC_USNY_quote,3,core,all,6,pca,0.5,account_ls,effect_bp_per_sd,0.9385219541462192,0.2754602533918642,1.6942858526476658,199
clock_FXUTC_USNY_quote,3,core,all,6,ml,0.1,e_origin,coef_raw,0.3241879562036224,0.15114655746571387,0.4378393284930872,199
clock_FXUTC_USNY_quote,3,core,all,6,ml,0.1,e_origin,effect_bp_per_sd,3.1520133784071063,1.4695671511401611,4.2570224914097965,199
clock_FXUTC_USNY_quote,3,core,all,6,ml,0.1,downside,coef_raw,-91286.10415188032,-296998.098553298,115291.24989709219,199
clock_FXUTC_USNY_quote,3,core,all,6,ml,0.1,downside,effect_bp_per_sd,-1.4893982063810367,-4.845736811682623,1.8810593617015476,199
clock_FXUTC_USNY_quote,3,core,all,6,ml,0.1,btc_vol,coef_raw,-428.402455669327,-1533.1531305020362,565.8793625168047,199
clock_FXUTC_USNY_quote,3,core,all,6,ml,0.1,btc_vol,effect_bp_per_sd,-0.8312649657744928,-2.974904713285659,1.098022858389285,199
clock_FXUTC_USNY_quote,3,core,all,6,ml,0.1,account_ls,coef_raw,2.657899307577192,0.4355080060981205,4.928323365916629,199
clock_FXUTC_USNY_quote,3,core,all,6,ml,0.1,account_ls,effect_bp_per_sd,1.683846756232435,0.27590538937686154,3.1222180952098477,199
clock_FXUTC_USNY_quote,3,core,all,6,ml,0.5,e_origin,coef_raw,0.2361874361037055,0.1362922009874631,0.34992180856889155,199
clock_FXUTC_USNY_quote,3,core,all,6,ml,0.5,e_origin,effect_bp_per_sd,2.296402269623349,1.325141272722684,3.402218376406274,199
clock_FXUTC_USNY_quote,3,core,all,6,ml,0.5,downside,coef_raw,-75805.79860159449,-169885.60988972607,10923.577779480664,199
clock_FXUTC_USNY_quote,3,core,all,6,ml,0.5,downside,effect_bp_per_sd,-1.2368259278832563,-2.7718054682093105,0.17822599949005627,199
clock_FXUTC_USNY_quote,3,core,all,6,ml,0.5,btc_vol,coef_raw,4.771123887365216,-660.6935733769486,740.7432922304923,199
clock_FXUTC_USNY_quote,3,core,all,6,ml,0.5,btc_vol,effect_bp_per_sd,0.0092578090588673,-1.2819987686637795,1.4373259053840488,199
clock_FXUTC_USNY_quote,3,core,all,6,ml,0.5,account_ls,coef_raw,2.407503882323635,1.148453259172523,3.591867699503621,199
clock_FXUTC_USNY_quote,3,core,all,6,ml,0.5,account_ls,effect_bp_per_sd,1.525214891064835,0.7275743251933023,2.275539467346649,199
clock_FXUTC_USNY_quote,3,core,all,6,joint_linear,0.1,e_origin,coef_raw,0.3290422153587279,0.15491074866745255,0.4691827565268496,199
clock_FXUTC_USNY_quote,3,core,all,6,joint_linear,0.1,e_origin,effect_bp_per_sd,3.203362345666604,1.5081203446169842,4.567688598423807,199
clock_FXUTC_USNY_quote,3,core,all,6,joint_linear,0.1,downside,coef_raw,-59182.43405638198,-264357.71778241603,132025.98760534837,199
clock_FXUTC_USNY_quote,3,core,all,6,joint_linear,0.1,downside,effect_bp_per_sd,-0.9656038227481272,-4.313185608765018,2.1540985998035986,199
clock_FXUTC_USNY_quote,3,core,all,6,joint_linear,0.1,btc_vol,coef_raw,-383.00826467690143,-1662.1277977407995,612.6635721421877,199
clock_FXUTC_USNY_quote,3,core,all,6,joint_linear,0.1,btc_vol,effect_bp_per_sd,-0.7431828361734295,-3.2251650022480587,1.1888021569165768,199
clock_FXUTC_USNY_quote,3,core,all,6,joint_linear,0.1,account_ls,coef_raw,1.4471369918891352,-0.47871111615742196,3.9188167715647033,199
clock_FXUTC_USNY_quote,3,core,all,6,joint_linear,0.1,account_ls,effect_bp_per_sd,0.9167980602838224,-0.30327565751498015,2.4826700132156327,199
clock_FXUTC_USNY_quote,3,core,all,6,joint_linear,0.5,e_origin,coef_raw,0.2361721451937052,0.12002625166871445,0.37054834909506346,199
clock_FXUTC_USNY_quote,3,core,all,6,joint_linear,0.5,e_origin,effect_bp_per_sd,2.2992337204635644,1.1685053076484062,3.6074417607660467,199
clock_FXUTC_USNY_quote,3,core,all,6,joint_linear,0.5,downside,coef_raw,-65817.24244843744,-178300.46869847807,13989.511436294708,199
clock_FXUTC_USNY_quote,3,core,all,6,joint_linear,0.5,downside,effect_bp_per_sd,-1.073855476278745,-2.909099919902118,0.22824890420011593,199
clock_FXUTC_USNY_quote,3,core,all,6,joint_linear,0.5,btc_vol,coef_raw,-48.55904476461181,-576.421174706841,711.6408907829723,199
clock_FXUTC_USNY_quote,3,core,all,6,joint_linear,0.5,btc_vol,effect_bp_per_sd,-0.0942231589714652,-1.1184780145943551,1.3808560919572528,199
clock_FXUTC_USNY_quote,3,core,all,6,joint_linear,0.5,account_ls,coef_raw,1.5084879536486056,0.44031960749349897,2.766699012614398,199
clock_FXUTC_USNY_quote,3,core,all,6,joint_linear,0.5,account_ls,effect_bp_per_sd,0.9556654536632174,0.27895366113749376,1.752774134287604,199
clock_FXUTC_USNY_quote,3,core,matched,6,linear,0.1,e_origin,coef_raw,0.2430376666823717,0.10022108296821554,0.44422333866625885,199
clock_FXUTC_USNY_quote,3,core,matched,6,linear,0.1,e_origin,effect_bp_per_sd,2.455705691643085,1.0126557221656058,4.488529683545348,199
clock_FXUTC_USNY_quote,3,core,matched,6,linear,0.1,downside,coef_raw,-29878.6470271715,-110786.88602860243,266050.8625712341,199
clock_FXUTC_USNY_quote,3,core,matched,6,linear,0.1,downside,effect_bp_per_sd,-0.4698775306606328,-1.7422565482754606,4.183968645615653,199
clock_FXUTC_USNY_quote,3,core,matched,6,linear,0.1,btc_vol,coef_raw,-453.4082251965954,-1782.0218095416037,622.8750252589733,199
clock_FXUTC_USNY_quote,3,core,matched,6,linear,0.1,btc_vol,effect_bp_per_sd,-0.8772740467521135,-3.447933666353845,1.2051658167269332,199
clock_FXUTC_USNY_quote,3,core,matched,6,linear,0.1,account_ls,coef_raw,1.7220837945017144,-2.402249148699139,3.6075218092608625,199
clock_FXUTC_USNY_quote,3,core,matched,6,linear,0.1,account_ls,effect_bp_per_sd,1.0881029869614909,-1.5178671807207635,2.2794217498116978,199
clock_FXUTC_USNY_quote,3,core,matched,6,pca,0.1,e_origin,coef_raw,0.2354977473184714,0.09813071143990443,0.4399067005458213,199
clock_FXUTC_USNY_quote,3,core,matched,6,pca,0.1,e_origin,effect_bp_per_sd,2.368735636824166,0.9870400710893706,4.424767074529431,199
clock_FXUTC_USNY_quote,3,core,matched,6,pca,0.1,downside,coef_raw,-39214.52311391082,-113573.86432656957,264219.7649108028,199
clock_FXUTC_USNY_quote,3,core,matched,6,pca,0.1,downside,effect_bp_per_sd,-0.6166953701097038,-1.7860851218873344,4.155172440543198,199
clock_FXUTC_USNY_quote,3,core,matched,6,pca,0.1,btc_vol,coef_raw,-396.0002378671914,-1750.1388164600016,644.6309109358964,199
clock_FXUTC_USNY_quote,3,core,matched,6,pca,0.1,btc_vol,effect_bp_per_sd,-0.7661985643024438,-3.3862450581440147,1.247260055004581,199
clock_FXUTC_USNY_quote,3,core,matched,6,pca,0.1,account_ls,coef_raw,1.73315734092503,-2.3470921137345,3.610653086954024,199
clock_FXUTC_USNY_quote,3,core,matched,6,pca,0.1,account_ls,effect_bp_per_sd,1.095099835185681,-1.4830160691264354,2.281400255516132,199
clock_FXUTC_USNY_quote,3,core,matched,6,ml,0.1,e_origin,coef_raw,0.212359011435386,0.07049705241171375,0.4137280977427595,199
clock_FXUTC_USNY_quote,3,core,matched,6,ml,0.1,e_origin,effect_bp_per_sd,2.138099651708558,0.7097872710423097,4.165549159918704,199
clock_FXUTC_USNY_quote,3,core,matched,6,ml,0.1,downside,coef_raw,-43007.05773206977,-160117.10485129745,244935.18735852942,199
clock_FXUTC_USNY_quote,3,core,matched,6,ml,0.1,downside,effect_bp_per_sd,-0.6763375219014139,-2.518033355915967,3.8518993481620303,199
clock_FXUTC_USNY_quote,3,core,matched,6,ml,0.1,btc_vol,coef_raw,-364.1983740931348,-1692.9158822882894,792.2997618205126,199
clock_FXUTC_USNY_quote,3,core,matched,6,ml,0.1,btc_vol,effect_bp_per_sd,-0.7046669286219722,-3.275527624630141,1.532976200402277,199
clock_FXUTC_USNY_quote,3,core,matched,6,ml,0.1,account_ls,coef_raw,2.679775211687069,-1.002841206323936,5.2193782587058495,199
clock_FXUTC_USNY_quote,3,core,matched,6,ml,0.1,account_ls,effect_bp_per_sd,1.6932227232681034,-0.633647744397291,3.2978773109138886,199
clock_FXUTC_USNY_quote,3,core,matched,6,joint_linear,0.1,e_origin,coef_raw,0.2596670384002391,0.10596460264710303,0.44390403882851875,199
clock_FXUTC_USNY_quote,3,core,matched,6,joint_linear,0.1,e_origin,effect_bp_per_sd,2.630413749971796,1.0734159773625738,4.496725093012323,199
clock_FXUTC_USNY_quote,3,core,matched,6,joint_linear,0.1,downside,coef_raw,-17878.372039426198,-111787.07507043054,267585.41645757476,199
clock_FXUTC_USNY_quote,3,core,matched,6,joint_linear,0.1,downside,effect_bp_per_sd,-0.2811588255143607,-1.7579857195709558,4.208101344466564,199
clock_FXUTC_USNY_quote,3,core,matched,6,joint_linear,0.1,btc_vol,coef_raw,-471.41727971422046,-1774.06570531864,567.0671351428472,199
clock_FXUTC_USNY_quote,3,core,matched,6,joint_linear,0.1,btc_vol,effect_bp_per_sd,-0.9121187523769532,-3.4325398482442706,1.0971862722851828,199
clock_FXUTC_USNY_quote,3,core,matched,6,joint_linear,0.1,account_ls,coef_raw,1.4982911339054854,-2.360770371793924,3.602419703073275,199
clock_FXUTC_USNY_quote,3,core,matched,6,joint_linear,0.1,account_ls,effect_bp_per_sd,0.946699030178264,-1.491658710964428,2.276197971154565,199
clock_FXUTC_USNY_quote,3,core,matched,12,linear,0.1,e_origin,coef_raw,0.294473638182391,0.08566555673703695,0.3952069410263306,199
clock_FXUTC_USNY_quote,3,core,matched,12,linear,0.1,e_origin,effect_bp_per_sd,2.975425987233591,0.8655835045184546,3.993257290951467,199
clock_FXUTC_USNY_quote,3,core,matched,12,linear,0.1,downside,coef_raw,50035.98786037232,-48837.81031429915,266505.91808586725,199
clock_FXUTC_USNY_quote,3,core,matched,12,linear,0.1,downside,effect_bp_per_sd,0.786875871541859,-0.7680330937504185,4.191124938915507,199
clock_FXUTC_USNY_quote,3,core,matched,12,linear,0.1,btc_vol,coef_raw,-685.1960081112535,-2222.42192756045,130.05501865769693,199
clock_FXUTC_USNY_quote,3,core,matched,12,linear,0.1,btc_vol,effect_bp_per_sd,-1.3257471775981071,-4.300039058921394,0.25163613313099664,199
clock_FXUTC_USNY_quote,3,core,matched,12,linear,0.1,account_ls,coef_raw,-0.1951314250103969,-1.6207818471915916,2.143313685347282,199
clock_FXUTC_USNY_quote,3,core,matched,12,linear,0.1,account_ls,effect_bp_per_sd,-0.1232942828228058,-1.0240950961694784,1.3542581554207276,199
clock_FXUTC_USNY_quote,3,core,matched,12,pca,0.1,e_origin,coef_raw,0.295696934037894,0.0847351682497443,0.3956080126415946,199
clock_FXUTC_USNY_quote,3,core,matched,12,pca,0.1,e_origin,effect_bp_per_sd,2.974244438983921,0.8523020496413803,3.979192193673392,199
clock_FXUTC_USNY_quote,3,core,matched,12,pca,0.1,downside,coef_raw,49528.31460338368,-43074.10557649654,237156.85189042593,199
clock_FXUTC_USNY_quote,3,core,matched,12,pca,0.1,downside,effect_bp_per_sd,0.7788921011870859,-0.6773919296042366,3.729575701476194,199
clock_FXUTC_USNY_quote,3,core,matched,12,pca,0.1,btc_vol,coef_raw,-654.84510316351,-2195.9561888688672,193.20051635148988,199
clock_FXUTC_USNY_quote,3,core,matched,12,pca,0.1,btc_vol,effect_bp_per_sd,-1.267022920457534,-4.248831991223887,0.3738128013464676,199
clock_FXUTC_USNY_quote,3,core,matched,12,pca,0.1,account_ls,coef_raw,-0.2139350467893753,-1.5534630465554868,2.0993126787651883,199
clock_FXUTC_USNY_quote,3,core,matched,12,pca,0.1,account_ls,effect_bp_per_sd,-0.1351753986481369,-0.981559542275595,1.3264560084844677,199
clock_FXUTC_USNY_quote,3,core,matched,12,ml,0.1,e_origin,coef_raw,0.2218569228994859,0.09964175740426828,0.36734332670835956,199
clock_FXUTC_USNY_quote,3,core,matched,12,ml,0.1,e_origin,effect_bp_per_sd,2.233727715976176,1.0032256477447266,3.6985321865259486,199
clock_FXUTC_USNY_quote,3,core,matched,12,ml,0.1,downside,coef_raw,25992.289979990564,-36312.52590928176,242550.02530858933,199
clock_FXUTC_USNY_quote,3,core,matched,12,ml,0.1,downside,effect_bp_per_sd,0.4087599087370474,-0.5710579863535005,3.8143898165814285,199
clock_FXUTC_USNY_quote,3,core,matched,12,ml,0.1,btc_vol,coef_raw,-682.5268973883622,-2146.1168108180427,-50.16910348674406,199
clock_FXUTC_USNY_quote,3,core,matched,12,ml,0.1,btc_vol,effect_bp_per_sd,-1.3205828655389575,-4.152400584732978,-0.09706937367238563,199
clock_FXUTC_USNY_quote,3,core,matched,12,ml,0.1,account_ls,coef_raw,0.8569630335638592,-0.7134698185071426,3.642484431557144,199
clock_FXUTC_USNY_quote,3,core,matched,12,ml,0.1,account_ls,effect_bp_per_sd,0.5414742531772238,-0.45080770349454785,2.3015129708510305,199
clock_FXUTC_USNY_quote,3,core,matched,12,joint_linear,0.1,e_origin,coef_raw,0.2923964073055201,0.08508229209384091,0.39379600414761684,199
clock_FXUTC_USNY_quote,3,core,matched,12,joint_linear,0.1,e_origin,effect_bp_per_sd,2.9619605744233946,0.8618792449806355,3.989133277660119,199
clock_FXUTC_USNY_quote,3,core,matched,12,joint_linear,0.1,downside,coef_raw,49040.80161969713,-44620.913599099134,264289.7272115501,199
clock_FXUTC_USNY_quote,3,core,matched,12,joint_linear,0.1,downside,effect_bp_per_sd,0.7712253752897814,-0.7017173394330554,4.156272681564305,199
clock_FXUTC_USNY_quote,3,core,matched,12,joint_linear,0.1,btc_vol,coef_raw,-672.3376194668351,-2232.2125892697295,126.48830041659814,199
clock_FXUTC_USNY_quote,3,core,matched,12,joint_linear,0.1,btc_vol,effect_bp_per_sd,-1.3008682053741047,-4.318982459020405,0.24473509082273992,199
clock_FXUTC_USNY_quote,3,core,matched,12,joint_linear,0.1,account_ls,coef_raw,-0.1353764649768493,-1.6741169197383985,2.2686027226378784,199
clock_FXUTC_USNY_quote,3,core,matched,12,joint_linear,0.1,account_ls,effect_bp_per_sd,-0.0855379606822325,-1.057794996216898,1.4334223494888065,199
clock_FXUTC_USNY_quote,3,full_macro,matched,1,linear,0.1,e_origin,coef_raw,0.4811071253213671,0.20796723259014563,0.5772911176233413,199
clock_FXUTC_USNY_quote,3,full_macro,matched,1,linear,0.1,e_origin,effect_bp_per_sd,5.202041051683437,2.248676073164131,6.242044514811218,199
clock_FXUTC_USNY_quote,3,full_macro,matched,1,linear,0.1,downside,coef_raw,-63472.989218015886,-371146.8366057961,191509.29892533767,199
clock_FXUTC_USNY_quote,3,full_macro,matched,1,linear,0.1,downside,effect_bp_per_sd,-1.264442328735072,-7.393598066865359,3.8150474223899247,199
clock_FXUTC_USNY_quote,3,full_macro,matched,1,linear,0.1,btc_vol,coef_raw,247.00711383972376,-2121.5434901921844,1973.3911985601076,199
clock_FXUTC_USNY_quote,3,full_macro,matched,1,linear,0.1,btc_vol,effect_bp_per_sd,0.4850488321486198,-4.166083220331663,3.8751559878353983,199
clock_FXUTC_USNY_quote,3,full_macro,matched,1,linear,0.1,account_ls,coef_raw,-0.9818221383457776,-3.829250175597096,2.881152102619446,199
clock_FXUTC_USNY_quote,3,full_macro,matched,1,linear,0.1,account_ls,effect_bp_per_sd,-0.6708642113642692,-2.6164687053162767,1.9686476375455149,199
clock_FXUTC_USNY_quote,3,full_macro,matched,1,pca,0.1,e_origin,coef_raw,0.4811778686604665,0.207241231598041,0.5785548000261072,199
clock_FXUTC_USNY_quote,3,full_macro,matched,1,pca,0.1,e_origin,effect_bp_per_sd,5.177662974874919,2.229997100032491,6.225477026552724,199
clock_FXUTC_USNY_quote,3,full_macro,matched,1,pca,0.1,downside,coef_raw,-59754.74224468417,-367535.2873664737,199513.5948125874,199
clock_FXUTC_USNY_quote,3,full_macro,matched,1,pca,0.1,downside,effect_bp_per_sd,-1.190371311760859,-7.321652570256953,3.974500611159644,199
clock_FXUTC_USNY_quote,3,full_macro,matched,1,pca,0.1,btc_vol,coef_raw,210.9142616658333,-2100.8139431835916,1929.714517246678,199
clock_FXUTC_USNY_quote,3,full_macro,matched,1,pca,0.1,btc_vol,effect_bp_per_sd,0.4141731576641269,-4.125376528078208,3.789387918511885,199
clock_FXUTC_USNY_quote,3,full_macro,matched,1,pca,0.1,account_ls,coef_raw,-0.948528342923462,-3.845500920729243,2.923692186786377,199
clock_FXUTC_USNY_quote,3,full_macro,matched,1,pca,0.1,account_ls,effect_bp_per_sd,-0.6481150647144012,-2.6275725935780834,1.9977146333907105,199
clock_FXUTC_USNY_quote,3,full_macro,matched,1,ml,0.1,e_origin,coef_raw,0.4886766405729317,0.22951327463577562,0.595122201093125,199
clock_FXUTC_USNY_quote,3,full_macro,matched,1,ml,0.1,e_origin,effect_bp_per_sd,5.257623572971841,2.4693105887366906,6.402860815277972,199
clock_FXUTC_USNY_quote,3,full_macro,matched,1,ml,0.1,downside,coef_raw,-51942.16881294526,-398562.1556855545,150682.75818348894,199
clock_FXUTC_USNY_quote,3,full_macro,matched,1,ml,0.1,downside,effect_bp_per_sd,-1.0347374166954946,-7.939737303843119,3.001743891457934,199
clock_FXUTC_USNY_quote,3,full_macro,matched,1,ml,0.1,btc_vol,coef_raw,375.3487157792172,-2183.4027192749454,2063.557479338956,199
clock_FXUTC_USNY_quote,3,full_macro,matched,1,ml,0.1,btc_vol,effect_bp_per_sd,0.7370737360840908,-4.287556429575654,4.052215864820736,199
clock_FXUTC_USNY_quote,3,full_macro,matched,1,ml,0.1,account_ls,coef_raw,-0.6467496205440796,-3.0065324999857066,3.6182103690594953,199
clock_FXUTC_USNY_quote,3,full_macro,matched,1,ml,0.1,account_ls,effect_bp_per_sd,-0.4419142298700544,-2.0543181659585055,2.472268398713031,199
clock_FXUTC_USNY_quote,3,full_macro,matched,1,joint_linear,0.1,e_origin,coef_raw,0.4865209565420987,0.2101169789338602,0.5776817049515746,199
clock_FXUTC_USNY_quote,3,full_macro,matched,1,joint_linear,0.1,e_origin,effect_bp_per_sd,5.262897487083957,2.272921866067651,6.249020833413866,199
clock_FXUTC_USNY_quote,3,full_macro,matched,1,joint_linear,0.1,downside,coef_raw,-58451.234017490286,-383038.87831095426,192049.01306767837,199
clock_FXUTC_USNY_quote,3,full_macro,matched,1,joint_linear,0.1,downside,effect_bp_per_sd,-1.16440418781374,-7.630498850841937,3.8257990415495096,199
clock_FXUTC_USNY_quote,3,full_macro,matched,1,joint_linear,0.1,btc_vol,coef_raw,323.60686284307906,-2245.655564340308,1988.0325185069323,199
clock_FXUTC_USNY_quote,3,full_macro,matched,1,joint_linear,0.1,btc_vol,effect_bp_per_sd,0.6354680578113411,-4.409802584058786,3.9039072048790087,199
clock_FXUTC_USNY_quote,3,full_macro,matched,1,joint_linear,0.1,account_ls,coef_raw,-1.1059628229063785,-3.902193628783679,2.8790895477935443,199
clock_FXUTC_USNY_quote,3,full_macro,matched,1,joint_linear,0.1,account_ls,effect_bp_per_sd,-0.7556876627750154,-2.6663098631849027,1.967238325041108,199
clock_FXUTC_USNY_quote,3,full_macro,all,6,linear,0.1,e_origin,coef_raw,0.1329979440252092,-0.08257656900848787,0.39522059285616007,199
clock_FXUTC_USNY_quote,3,full_macro,all,6,linear,0.1,e_origin,effect_bp_per_sd,1.4380596923117466,-0.8928712115880321,4.273380376844526,199
clock_FXUTC_USNY_quote,3,full_macro,all,6,linear,0.1,downside,coef_raw,17841.960065422096,-88936.31141795401,434683.8090243815,199
clock_FXUTC_USNY_quote,3,full_macro,all,6,linear,0.1,downside,effect_bp_per_sd,0.3554288180257486,-1.7716959308812048,8.659315001824668,199
clock_FXUTC_USNY_quote,3,full_macro,all,6,linear,0.1,btc_vol,coef_raw,-1812.219618771076,-4112.939852741047,-161.4857298840976,199
clock_FXUTC_USNY_quote,3,full_macro,all,6,linear,0.1,btc_vol,effect_bp_per_sd,-3.5586627284431023,-8.076596018866274,-0.31711015715836527,199
clock_FXUTC_USNY_quote,3,full_macro,all,6,linear,0.1,account_ls,coef_raw,0.2414221292349578,-2.6432319029773295,5.675024644092998,199
clock_FXUTC_USNY_quote,3,full_macro,all,6,linear,0.1,account_ls,effect_bp_per_sd,0.1649600879930996,-1.806080365056161,3.877658471570779,199
clock_FXUTC_USNY_quote,3,full_macro,all,6,linear,0.5,e_origin,coef_raw,0.056277294686397,-0.2008610755112051,0.24167765043633152,199
clock_FXUTC_USNY_quote,3,full_macro,all,6,linear,0.5,e_origin,effect_bp_per_sd,0.6085064673294326,-2.1718397119905832,2.6131748890736297,199
clock_FXUTC_USNY_quote,3,full_macro,all,6,linear,0.5,downside,coef_raw,-80860.35055023736,-188797.93070203843,204676.6011497869,199
clock_FXUTC_USNY_quote,3,full_macro,all,6,linear,0.5,downside,effect_bp_per_sd,-1.6108151075238175,-3.761034387986407,4.077352609099414,199
clock_FXUTC_USNY_quote,3,full_macro,all,6,linear,0.5,btc_vol,coef_raw,-237.6538977389016,-2309.8103612366845,560.078794894027,199
clock_FXUTC_USNY_quote,3,full_macro,all,6,linear,0.5,btc_vol,effect_bp_per_sd,-0.466681885237604,-4.535783608765267,1.099828912420841,199
clock_FXUTC_USNY_quote,3,full_macro,all,6,linear,0.5,account_ls,coef_raw,1.3807213704846644,-1.2568586027585829,3.898603652328326,199
clock_FXUTC_USNY_quote,3,full_macro,all,6,linear,0.5,account_ls,effect_bp_per_sd,0.9434260210149914,-0.8587924659721646,2.6638568865922236,199
clock_FXUTC_USNY_quote,3,full_macro,all,6,pca,0.1,e_origin,coef_raw,0.1338500304226101,-0.0849793355411561,0.3977736064088667,199
clock_FXUTC_USNY_quote,3,full_macro,all,6,pca,0.1,e_origin,effect_bp_per_sd,1.4402789318518154,-0.9144110482175767,4.280200334273747,199
clock_FXUTC_USNY_quote,3,full_macro,all,6,pca,0.1,downside,coef_raw,16763.52286330336,-85004.9659869947,432629.2381750271,199
clock_FXUTC_USNY_quote,3,full_macro,all,6,pca,0.1,downside,effect_bp_per_sd,0.3339453230140703,-1.693379789904923,8.618385995938622,199
clock_FXUTC_USNY_quote,3,full_macro,all,6,pca,0.1,btc_vol,coef_raw,-1778.114879597873,-4058.5159605548697,-164.78064042833557,199
clock_FXUTC_USNY_quote,3,full_macro,all,6,pca,0.1,btc_vol,effect_bp_per_sd,-3.4916911192066604,-7.969723609665068,-0.32358038583588355,199
clock_FXUTC_USNY_quote,3,full_macro,all,6,pca,0.1,account_ls,coef_raw,0.2500145306174292,-2.580287009359902,5.664579341099382,199
clock_FXUTC_USNY_quote,3,full_macro,all,6,pca,0.1,account_ls,effect_bp_per_sd,0.1708311458477217,-1.763071071654802,3.8705213540811703,199
clock_FXUTC_USNY_quote,3,full_macro,all,6,pca,0.5,e_origin,coef_raw,0.0560407728567504,-0.20360379880818513,0.24114579467330524,199
clock_FXUTC_USNY_quote,3,full_macro,all,6,pca,0.5,e_origin,effect_bp_per_sd,0.6030207405663495,-2.190856893663353,2.594823523581031,199
clock_FXUTC_USNY_quote,3,full_macro,all,6,pca,0.5,downside,coef_raw,-78709.30244557533,-182944.36146876175,212783.80950610692,199
clock_FXUTC_USNY_quote,3,full_macro,all,6,pca,0.5,downside,effect_bp_per_sd,-1.5679641829307152,-3.6444257202062627,4.238855912156333,199
clock_FXUTC_USNY_quote,3,full_macro,all,6,pca,0.5,btc_vol,coef_raw,-241.31363760518727,-2298.6696586997073,573.8588849322321,199
clock_FXUTC_USNY_quote,3,full_macro,all,6,pca,0.5,btc_vol,effect_bp_per_sd,-0.4738685306767369,-4.513906567772909,1.1268889289362813,199
clock_FXUTC_USNY_quote,3,full_macro,all,6,pca,0.5,account_ls,coef_raw,1.435503115972926,-1.2591134565307927,3.8276120932053934,199
clock_FXUTC_USNY_quote,3,full_macro,all,6,pca,0.5,account_ls,effect_bp_per_sd,0.9808575588147612,-0.860333173436944,2.615349428403545,199
clock_FXUTC_USNY_quote,3,full_macro,all,6,ml,0.1,e_origin,coef_raw,0.1548611997681173,-0.03999466294336312,0.3841182060884194,199
clock_FXUTC_USNY_quote,3,full_macro,all,6,ml,0.1,e_origin,effect_bp_per_sd,1.6661363094519366,-0.43029861717465756,4.132689732765578,199
clock_FXUTC_USNY_quote,3,full_macro,all,6,ml,0.1,downside,coef_raw,40938.07061333294,-115648.47655022866,395945.5169439184,199
clock_FXUTC_USNY_quote,3,full_macro,all,6,ml,0.1,downside,effect_bp_per_sd,0.8155253120732354,-2.303827672296376,7.887611370832962,199
clock_FXUTC_USNY_quote,3,full_macro,all,6,ml,0.1,btc_vol,coef_raw,-2319.046525782526,-3905.19338827879,-245.74741599035315,199
clock_FXUTC_USNY_quote,3,full_macro,all,6,ml,0.1,btc_vol,effect_bp_per_sd,-4.553920701081563,-7.668643476917187,-0.4825751585721826,199
clock_FXUTC_USNY_quote,3,full_macro,all,6,ml,0.1,account_ls,coef_raw,2.2366270731908764,-0.8492189014573992,7.1028112169270345,199
clock_FXUTC_USNY_quote,3,full_macro,all,6,ml,0.1,account_ls,effect_bp_per_sd,1.5282534371248158,-0.5802584259932513,4.85324343321631,199
clock_FXUTC_USNY_quote,3,full_macro,all,6,ml,0.5,e_origin,coef_raw,0.0561200684980617,-0.18848139858905877,0.2314887169444021,199
clock_FXUTC_USNY_quote,3,full_macro,all,6,ml,0.5,e_origin,effect_bp_per_sd,0.6037902583317124,-2.0278526985180143,2.4905641768695377,199
clock_FXUTC_USNY_quote,3,full_macro,all,6,ml,0.5,downside,coef_raw,-86138.3788885288,-199932.96239617758,185575.77608839708,199
clock_FXUTC_USNY_quote,3,full_macro,all,6,ml,0.5,downside,effect_bp_per_sd,-1.7159584531487733,-3.9828548123800926,3.696846002762843,199
clock_FXUTC_USNY_quote,3,full_macro,all,6,ml,0.5,btc_vol,coef_raw,-107.783186212827,-2225.2557347186066,526.021795680535,199
clock_FXUTC_USNY_quote,3,full_macro,all,6,ml,0.5,btc_vol,effect_bp_per_sd,-0.2116542628473126,-4.369743359123031,1.0329510503293475,199
clock_FXUTC_USNY_quote,3,full_macro,all,6,ml,0.5,account_ls,coef_raw,1.8899639802123145,-0.289857468353902,4.917588462633069,199
clock_FXUTC_USNY_quote,3,full_macro,all,6,ml,0.5,account_ls,effect_bp_per_sd,1.291383790987078,-0.19805522234700418,3.360113789404605,199
clock_FXUTC_USNY_quote,3,full_macro,all,6,joint_linear,0.1,e_origin,coef_raw,0.1344658112779063,-0.08172677596198055,0.3984964999082625,199
clock_FXUTC_USNY_quote,3,full_macro,all,6,joint_linear,0.1,e_origin,effect_bp_per_sd,1.4545720400267343,-0.8840721824087814,4.310700700099179,199
clock_FXUTC_USNY_quote,3,full_macro,all,6,joint_linear,0.1,downside,coef_raw,23842.114094409528,-81807.32419277495,434978.2230868196,199
clock_FXUTC_USNY_quote,3,full_macro,all,6,joint_linear,0.1,downside,effect_bp_per_sd,0.4749575943863958,-1.6296797233639222,8.665180010032218,199
clock_FXUTC_USNY_quote,3,full_macro,all,6,joint_linear,0.1,btc_vol,coef_raw,-1897.909472075013,-4111.158402558498,-229.588621271624,199
clock_FXUTC_USNY_quote,3,full_macro,all,6,joint_linear,0.1,btc_vol,effect_bp_per_sd,-3.726932227349239,-8.073097778199662,-0.450844070404679,199
clock_FXUTC_USNY_quote,3,full_macro,all,6,joint_linear,0.1,account_ls,coef_raw,0.2691043505540214,-2.7196188322649615,5.7851501612973175,199
clock_FXUTC_USNY_quote,3,full_macro,all,6,joint_linear,0.1,account_ls,effect_bp_per_sd,0.1838749309658951,-1.8582743980420402,3.9529055711878573,199
clock_FXUTC_USNY_quote,3,full_macro,all,6,joint_linear,0.5,e_origin,coef_raw,0.0623643223075515,-0.21601823214809895,0.2496454386411013,199
clock_FXUTC_USNY_quote,3,full_macro,all,6,joint_linear,0.5,e_origin,effect_bp_per_sd,0.6746205497269393,-2.3367581516258373,2.7005174885463252,199
clock_FXUTC_USNY_quote,3,full_macro,all,6,joint_linear,0.5,downside,coef_raw,-76021.24939876825,-187865.42307378742,238488.7154578214,199
clock_FXUTC_USNY_quote,3,full_macro,all,6,joint_linear,0.5,downside,effect_bp_per_sd,-1.514415609023258,-3.742457948912789,4.750922092462782,199
clock_FXUTC_USNY_quote,3,full_macro,all,6,joint_linear,0.5,btc_vol,coef_raw,-289.4477434929482,-2289.7084266850634,536.6798756863542,199
clock_FXUTC_USNY_quote,3,full_macro,all,6,joint_linear,0.5,btc_vol,effect_bp_per_sd,-0.5683896620095207,-4.496309361539666,1.0538803635762675,199
clock_FXUTC_USNY_quote,3,full_macro,all,6,joint_linear,0.5,account_ls,coef_raw,1.4590003344107834,-1.2245495055377684,4.027765702468075,199
clock_FXUTC_USNY_quote,3,full_macro,all,6,joint_linear,0.5,account_ls,effect_bp_per_sd,0.9969128526413256,-0.8367161487040978,2.752111361125857,199
clock_FXUTC_USNY_quote,3,full_macro,matched,6,linear,0.1,e_origin,coef_raw,0.1329979440252092,-0.08257656900848787,0.39522059285616007,199
clock_FXUTC_USNY_quote,3,full_macro,matched,6,linear,0.1,e_origin,effect_bp_per_sd,1.4380596923117466,-0.8928712115880321,4.273380376844526,199
clock_FXUTC_USNY_quote,3,full_macro,matched,6,linear,0.1,downside,coef_raw,17841.960065422096,-88936.31141795401,434683.8090243815,199
clock_FXUTC_USNY_quote,3,full_macro,matched,6,linear,0.1,downside,effect_bp_per_sd,0.3554288180257486,-1.7716959308812048,8.659315001824668,199
clock_FXUTC_USNY_quote,3,full_macro,matched,6,linear,0.1,btc_vol,coef_raw,-1812.219618771076,-4112.939852741047,-161.4857298840976,199
clock_FXUTC_USNY_quote,3,full_macro,matched,6,linear,0.1,btc_vol,effect_bp_per_sd,-3.5586627284431023,-8.076596018866274,-0.31711015715836527,199
clock_FXUTC_USNY_quote,3,full_macro,matched,6,linear,0.1,account_ls,coef_raw,0.2414221292349578,-2.6432319029773295,5.675024644092998,199
clock_FXUTC_USNY_quote,3,full_macro,matched,6,linear,0.1,account_ls,effect_bp_per_sd,0.1649600879930996,-1.806080365056161,3.877658471570779,199
clock_FXUTC_USNY_quote,3,full_macro,matched,6,pca,0.1,e_origin,coef_raw,0.1338500304226101,-0.0849793355411561,0.3977736064088667,199
clock_FXUTC_USNY_quote,3,full_macro,matched,6,pca,0.1,e_origin,effect_bp_per_sd,1.4402789318518154,-0.9144110482175767,4.280200334273747,199
clock_FXUTC_USNY_quote,3,full_macro,matched,6,pca,0.1,downside,coef_raw,16763.52286330336,-85004.9659869947,432629.2381750271,199
clock_FXUTC_USNY_quote,3,full_macro,matched,6,pca,0.1,downside,effect_bp_per_sd,0.3339453230140703,-1.693379789904923,8.618385995938622,199
clock_FXUTC_USNY_quote,3,full_macro,matched,6,pca,0.1,btc_vol,coef_raw,-1778.114879597873,-4058.5159605548697,-164.78064042833557,199
clock_FXUTC_USNY_quote,3,full_macro,matched,6,pca,0.1,btc_vol,effect_bp_per_sd,-3.4916911192066604,-7.969723609665068,-0.32358038583588355,199
clock_FXUTC_USNY_quote,3,full_macro,matched,6,pca,0.1,account_ls,coef_raw,0.2500145306174292,-2.580287009359902,5.664579341099382,199
clock_FXUTC_USNY_quote,3,full_macro,matched,6,pca,0.1,account_ls,effect_bp_per_sd,0.1708311458477217,-1.763071071654802,3.8705213540811703,199
clock_FXUTC_USNY_quote,3,full_macro,matched,6,ml,0.1,e_origin,coef_raw,0.1548611997681173,-0.03999466294336312,0.3841182060884194,199
clock_FXUTC_USNY_quote,3,full_macro,matched,6,ml,0.1,e_origin,effect_bp_per_sd,1.6661363094519366,-0.43029861717465756,4.132689732765578,199
clock_FXUTC_USNY_quote,3,full_macro,matched,6,ml,0.1,downside,coef_raw,40938.07061333294,-115648.47655022866,395945.5169439184,199
clock_FXUTC_USNY_quote,3,full_macro,matched,6,ml,0.1,downside,effect_bp_per_sd,0.8155253120732354,-2.303827672296376,7.887611370832962,199
clock_FXUTC_USNY_quote,3,full_macro,matched,6,ml,0.1,btc_vol,coef_raw,-2319.046525782526,-3905.19338827879,-245.74741599035315,199
clock_FXUTC_USNY_quote,3,full_macro,matched,6,ml,0.1,btc_vol,effect_bp_per_sd,-4.553920701081563,-7.668643476917187,-0.4825751585721826,199
clock_FXUTC_USNY_quote,3,full_macro,matched,6,ml,0.1,account_ls,coef_raw,2.2366270731908764,-0.8492189014573992,7.1028112169270345,199
clock_FXUTC_USNY_quote,3,full_macro,matched,6,ml,0.1,account_ls,effect_bp_per_sd,1.5282534371248158,-0.5802584259932513,4.85324343321631,199
clock_FXUTC_USNY_quote,3,full_macro,matched,6,joint_linear,0.1,e_origin,coef_raw,0.1344658112779063,-0.08172677596198055,0.3984964999082625,199
clock_FXUTC_USNY_quote,3,full_macro,matched,6,joint_linear,0.1,e_origin,effect_bp_per_sd,1.4545720400267343,-0.8840721824087814,4.310700700099179,199
clock_FXUTC_USNY_quote,3,full_macro,matched,6,joint_linear,0.1,downside,coef_raw,23842.114094409528,-81807.32419277495,434978.2230868196,199
clock_FXUTC_USNY_quote,3,full_macro,matched,6,joint_linear,0.1,downside,effect_bp_per_sd,0.4749575943863958,-1.6296797233639222,8.665180010032218,199
clock_FXUTC_USNY_quote,3,full_macro,matched,6,joint_linear,0.1,btc_vol,coef_raw,-1897.909472075013,-4111.158402558498,-229.588621271624,199
clock_FXUTC_USNY_quote,3,full_macro,matched,6,joint_linear,0.1,btc_vol,effect_bp_per_sd,-3.726932227349239,-8.073097778199662,-0.450844070404679,199
clock_FXUTC_USNY_quote,3,full_macro,matched,6,joint_linear,0.1,account_ls,coef_raw,0.2691043505540214,-2.7196188322649615,5.7851501612973175,199
clock_FXUTC_USNY_quote,3,full_macro,matched,6,joint_linear,0.1,account_ls,effect_bp_per_sd,0.1838749309658951,-1.8582743980420402,3.9529055711878573,199
clock_FXUTC_USNY_quote,3,full_macro,matched,12,linear,0.1,e_origin,coef_raw,0.1456618205639589,-0.1534720129514648,0.4411196991512374,199
clock_FXUTC_USNY_quote,3,full_macro,matched,12,linear,0.1,e_origin,effect_bp_per_sd,1.574989706773748,-1.6594385525359305,4.769671166599682,199
clock_FXUTC_USNY_quote,3,full_macro,matched,12,linear,0.1,downside,coef_raw,110858.89457850716,-98089.54917758185,433967.0618471935,199
clock_FXUTC_USNY_quote,3,full_macro,matched,12,linear,0.1,downside,effect_bp_per_sd,2.208414642965277,-1.9540371347671028,8.645036716194774,199
clock_FXUTC_USNY_quote,3,full_macro,matched,12,linear,0.1,btc_vol,coef_raw,-1964.6008687553688,-3050.5915170627645,460.02838430658176,199
clock_FXUTC_USNY_quote,3,full_macro,matched,12,linear,0.1,btc_vol,effect_bp_per_sd,-3.857894382937831,-5.990458451629488,0.9033595312073117,199
clock_FXUTC_USNY_quote,3,full_macro,matched,12,linear,0.1,account_ls,coef_raw,0.7875336650414024,-2.7753102175365143,3.393277894573772,199
clock_FXUTC_USNY_quote,3,full_macro,matched,12,linear,0.1,account_ls,effect_bp_per_sd,0.538109837297992,-1.896327478942143,2.318575442308197,199
clock_FXUTC_USNY_quote,3,full_macro,matched,12,pca,0.1,e_origin,coef_raw,0.1938179081851642,-0.15248873310116365,0.44338693570538656,199
clock_FXUTC_USNY_quote,3,full_macro,matched,12,pca,0.1,e_origin,effect_bp_per_sd,2.0855568645991656,-1.6408386978840839,4.771017684034315,199
clock_FXUTC_USNY_quote,3,full_macro,matched,12,pca,0.1,downside,coef_raw,110516.7497128887,-96304.77721486046,432851.52373579866,199
clock_FXUTC_USNY_quote,3,full_macro,matched,12,pca,0.1,downside,effect_bp_per_sd,2.201598791750812,-1.9184827793695165,8.62281413577525,199
clock_FXUTC_USNY_quote,3,full_macro,matched,12,pca,0.1,btc_vol,coef_raw,-2042.5559351207137,-3019.5734908372765,460.40249741572666,199
clock_FXUTC_USNY_quote,3,full_macro,matched,12,pca,0.1,btc_vol,effect_bp_per_sd,-4.010975050586593,-5.92954823263883,0.9040941785778324,199
clock_FXUTC_USNY_quote,3,full_macro,matched,12,pca,0.1,account_ls,coef_raw,0.7774183371348592,-2.753464866107124,3.356327694750499,199
clock_FXUTC_USNY_quote,3,full_macro,matched,12,pca,0.1,account_ls,effect_bp_per_sd,0.5311981867925883,-1.8814008808483729,2.2933279298555274,199
clock_FXUTC_USNY_quote,3,full_macro,matched,12,ml,0.1,e_origin,coef_raw,0.1605152548271009,-0.1509164679918326,0.43711149566470825,199
clock_FXUTC_USNY_quote,3,full_macro,matched,12,ml,0.1,e_origin,effect_bp_per_sd,1.726967727802813,-1.6236953309927866,4.702839286382388,199
clock_FXUTC_USNY_quote,3,full_macro,matched,12,ml,0.1,downside,coef_raw,96704.46671372213,-86659.08428400304,433012.65423192614,199
clock_FXUTC_USNY_quote,3,full_macro,matched,12,ml,0.1,downside,effect_bp_per_sd,1.9264449744218983,-1.726331399987261,8.626024008545759,199
clock_FXUTC_USNY_quote,3,full_macro,matched,12,ml,0.1,btc_vol,coef_raw,-1856.1895339283165,-3120.6025661402964,43.7067848984695,199
clock_FXUTC_USNY_quote,3,full_macro,matched,12,ml,0.1,btc_vol,effect_bp_per_sd,-3.6450066222085766,-6.1279394215686445,0.08582718385078417,199
clock_FXUTC_USNY_quote,3,full_macro,matched,12,ml,0.1,account_ls,coef_raw,1.1484861114074605,-1.7356755720429178,4.651365300644207,199
clock_FXUTC_USNY_quote,3,full_macro,matched,12,ml,0.1,account_ls,effect_bp_per_sd,0.7847431823958686,-1.185960856194017,3.1782075309905564,199
clock_FXUTC_USNY_quote,3,full_macro,matched,12,joint_linear,0.1,e_origin,coef_raw,0.2007095104385421,-0.15213677082558025,0.44469706196393594,199
clock_FXUTC_USNY_quote,3,full_macro,matched,12,joint_linear,0.1,e_origin,effect_bp_per_sd,2.171157406308872,-1.6457260845694552,4.810471200578392,199
clock_FXUTC_USNY_quote,3,full_macro,matched,12,joint_linear,0.1,downside,coef_raw,112719.7073642156,-97564.0772472722,452152.9840460178,199
clock_FXUTC_USNY_quote,3,full_macro,matched,12,joint_linear,0.1,downside,effect_bp_per_sd,2.245483803896386,-1.9435692340201651,9.007317587138054,199
clock_FXUTC_USNY_quote,3,full_macro,matched,12,joint_linear,0.1,btc_vol,coef_raw,-2114.6505105987094,-3056.218909805587,480.42838057860695,199
clock_FXUTC_USNY_quote,3,full_macro,matched,12,joint_linear,0.1,btc_vol,effect_bp_per_sd,-4.15254744943881,-6.001508984691135,0.9434190833949571,199
clock_FXUTC_USNY_quote,3,full_macro,matched,12,joint_linear,0.1,account_ls,coef_raw,0.7065045912760841,-2.68994469840768,3.492758901735506,199
clock_FXUTC_USNY_quote,3,full_macro,matched,12,joint_linear,0.1,account_ls,effect_bp_per_sd,0.4827438972299314,-1.8379985113711363,2.386549309273271,199
clock_FXUTC_USNY_quote,7,core,matched,1,linear,0.1,e_origin,coef_raw,0.4287216371347704,0.21768533352236152,0.5970395067583003,199
clock_FXUTC_USNY_quote,7,core,matched,1,linear,0.1,e_origin,effect_bp_per_sd,4.331897103909948,2.199540177517926,6.032617638640632,199
clock_FXUTC_USNY_quote,7,core,matched,1,linear,0.1,downside,coef_raw,-220799.58096817663,-365631.7112688016,5764.689272067828,199
clock_FXUTC_USNY_quote,7,core,matched,1,linear,0.1,downside,effect_bp_per_sd,-3.4723380138960334,-5.749996827700062,0.09065664712735466,199
clock_FXUTC_USNY_quote,7,core,matched,1,linear,0.1,btc_vol,coef_raw,-72.54550571120333,-1004.7158096905381,815.4103307730122,199
clock_FXUTC_USNY_quote,7,core,matched,1,linear,0.1,btc_vol,effect_bp_per_sd,-0.1403642144810031,-1.9439680517945377,1.5776915390772916,199
clock_FXUTC_USNY_quote,7,core,matched,1,linear,0.1,account_ls,coef_raw,0.9580597609717836,-1.1123433704971162,2.590353666572179,199
clock_FXUTC_USNY_quote,7,core,matched,1,linear,0.1,account_ls,effect_bp_per_sd,0.605352475256669,-0.7028369628871272,1.6367214945538657,199
clock_FXUTC_USNY_quote,7,core,matched,1,pca,0.1,e_origin,coef_raw,0.4367777838420336,0.22388302090377862,0.5979498829876018,199
clock_FXUTC_USNY_quote,7,core,matched,1,pca,0.1,e_origin,effect_bp_per_sd,4.393295111059251,2.251909821360037,6.014432040201845,199
clock_FXUTC_USNY_quote,7,core,matched,1,pca,0.1,downside,coef_raw,-214256.77128277483,-368121.4196047648,3953.933078074966,199
clock_FXUTC_USNY_quote,7,core,matched,1,pca,0.1,downside,effect_bp_per_sd,-3.3694444907802343,-5.7891504749152025,0.06218033599157708,199
clock_FXUTC_USNY_quote,7,core,matched,1,pca,0.1,btc_vol,coef_raw,-71.45764678869116,-986.874535469274,831.7970737386422,199
clock_FXUTC_USNY_quote,7,core,matched,1,pca,0.1,btc_vol,effect_bp_per_sd,-0.1382593775014052,-1.9094479748186162,1.6093973254209595,199
clock_FXUTC_USNY_quote,7,core,matched,1,pca,0.1,account_ls,coef_raw,0.8946257920234825,-1.1045868130012872,2.6395719410062544,199
clock_FXUTC_USNY_quote,7,core,matched,1,pca,0.1,account_ls,effect_bp_per_sd,0.5652715620584581,-0.6979359624789605,1.66782018533523,199
clock_FXUTC_USNY_quote,7,core,matched,1,ml,0.1,e_origin,coef_raw,0.4718351195256822,0.24841514973756196,0.6156977955066794,199
clock_FXUTC_USNY_quote,7,core,matched,1,ml,0.1,e_origin,effect_bp_per_sd,4.750589569535088,2.5011245886997284,6.199045819777249,199
clock_FXUTC_USNY_quote,7,core,matched,1,ml,0.1,downside,coef_raw,-209495.64895820597,-372100.84206671297,-4144.401885213432,199
clock_FXUTC_USNY_quote,7,core,matched,1,ml,0.1,downside,effect_bp_per_sd,-3.294570136563084,-5.851731662014312,-0.06517568623902002,199
clock_FXUTC_USNY_quote,7,core,matched,1,ml,0.1,btc_vol,coef_raw,9.432477517348673,-955.4182182361493,885.5696281569788,199
clock_FXUTC_USNY_quote,7,core,matched,1,ml,0.1,btc_vol,effect_bp_per_sd,0.018250369672837,-1.8485849176849343,1.7134388134162826,199
clock_FXUTC_USNY_quote,7,core,matched,1,ml,0.1,account_ls,coef_raw,1.7356039691010658,-0.4971562878333789,3.4409382663997783,199
clock_FXUTC_USNY_quote,7,core,matched,1,ml,0.1,account_ls,effect_bp_per_sd,1.0966457433667052,-0.3141294538078574,2.174165518294682,199
clock_FXUTC_USNY_quote,7,core,matched,1,joint_linear,0.1,e_origin,coef_raw,0.4293988482472303,0.22492015368370818,0.5941496211064579,199
clock_FXUTC_USNY_quote,7,core,matched,1,joint_linear,0.1,e_origin,effect_bp_per_sd,4.349788258110034,2.278429594069152,6.018705117628516,199
clock_FXUTC_USNY_quote,7,core,matched,1,joint_linear,0.1,downside,coef_raw,-221784.615807272,-367688.84981182107,6476.168730887399,199
clock_FXUTC_USNY_quote,7,core,matched,1,joint_linear,0.1,downside,effect_bp_per_sd,-3.487828867192968,-5.78234779653549,0.10184551424445952,199
clock_FXUTC_USNY_quote,7,core,matched,1,joint_linear,0.1,btc_vol,coef_raw,-71.31328234287518,-1012.629079434063,820.6769293471095,199
clock_FXUTC_USNY_quote,7,core,matched,1,joint_linear,0.1,btc_vol,effect_bp_per_sd,-0.1379800548633274,-1.9592789918815487,1.587881584133739,199
clock_FXUTC_USNY_quote,7,core,matched,1,joint_linear,0.1,account_ls,coef_raw,0.9726960810195864,-1.1089481501721836,2.503147925736676,199
clock_FXUTC_USNY_quote,7,core,matched,1,joint_linear,0.1,account_ls,effect_bp_per_sd,0.6146004709773109,-0.7006916843654043,1.5816203273596428,199
clock_FXUTC_USNY_quote,7,core,all,6,linear,0.1,e_origin,coef_raw,0.3283474968718088,0.15417929872142913,0.46541319153996097,199
clock_FXUTC_USNY_quote,7,core,all,6,linear,0.1,e_origin,effect_bp_per_sd,3.188386575824785,1.4971431516817835,4.5193497323877025,199
clock_FXUTC_USNY_quote,7,core,all,6,linear,0.1,downside,coef_raw,-63828.747896714274,-232051.3328730423,80318.77074500307,199
clock_FXUTC_USNY_quote,7,core,all,6,linear,0.1,downside,effect_bp_per_sd,-1.0414117626790564,-3.7860837876749183,1.3104583024739935,199
clock_FXUTC_USNY_quote,7,core,all,6,linear,0.1,btc_vol,coef_raw,-378.3134748000165,-1214.2247349348224,460.9807545059406,199
clock_FXUTC_USNY_quote,7,core,all,6,linear,0.1,btc_vol,effect_bp_per_sd,-0.7340731443528496,-2.3560613842681235,0.8944793524079628,199
clock_FXUTC_USNY_quote,7,core,all,6,linear,0.1,account_ls,coef_raw,1.5158690957393826,-0.96241434662258,3.717870818743056,199
clock_FXUTC_USNY_quote,7,core,all,6,linear,0.1,account_ls,effect_bp_per_sd,0.96034159475382,-0.6097139463079245,2.355365645487271,199
clock_FXUTC_USNY_quote,7,core,all,6,linear,0.5,e_origin,coef_raw,0.2233490922327112,0.11350144313237105,0.33705739605371166,199
clock_FXUTC_USNY_quote,7,core,all,6,linear,0.5,e_origin,effect_bp_per_sd,2.1688097341441,1.1021447736550816,3.27296320848664,199
clock_FXUTC_USNY_quote,7,core,all,6,linear,0.5,downside,coef_raw,-73640.14464304537,-141083.70748444772,4648.508967493828,199
clock_FXUTC_USNY_quote,7,core,all,6,linear,0.5,downside,effect_bp_per_sd,-1.2014917316058196,-2.301881790544076,0.07584375500363445,199
clock_FXUTC_USNY_quote,7,core,all,6,linear,0.5,btc_vol,coef_raw,-39.34722271241341,-480.5119351787286,487.68984678868173,199
clock_FXUTC_USNY_quote,7,core,all,6,linear,0.5,btc_vol,effect_bp_per_sd,-0.0763486934038541,-0.9323773289920009,0.946305228726977,199
clock_FXUTC_USNY_quote,7,core,all,6,linear,0.5,account_ls,coef_raw,1.5763941409574351,0.1070736607253763,2.531057096406133,199
clock_FXUTC_USNY_quote,7,core,all,6,linear,0.5,account_ls,effect_bp_per_sd,0.9986857490153068,0.06783388511986387,1.603488992029385,199
clock_FXUTC_USNY_quote,7,core,all,6,pca,0.1,e_origin,coef_raw,0.3262484781343441,0.15514964497091996,0.4619352185349548,199
clock_FXUTC_USNY_quote,7,core,all,6,pca,0.1,e_origin,effect_bp_per_sd,3.152861956815444,1.4993645826013795,4.464137228656609,199
clock_FXUTC_USNY_quote,7,core,all,6,pca,0.1,downside,coef_raw,-58050.28972733869,-233865.60568377448,79730.2013376004,199
clock_FXUTC_USNY_quote,7,core,all,6,pca,0.1,downside,effect_bp_per_sd,-0.9471320767062974,-3.815684948720136,1.300855370813576,199
clock_FXUTC_USNY_quote,7,core,all,6,pca,0.1,btc_vol,coef_raw,-353.0273683582602,-1200.42434007664,477.94712507138973,199
clock_FXUTC_USNY_quote,7,core,all,6,pca,0.1,btc_vol,effect_bp_per_sd,-0.6850084059795918,-2.329283328709272,0.9274006143212968,199
clock_FXUTC_USNY_quote,7,core,all,6,pca,0.1,account_ls,coef_raw,1.564426303536166,-0.9763735525020002,3.7023813212284375,199
clock_FXUTC_USNY_quote,7,core,all,6,pca,0.1,account_ls,effect_bp_per_sd,0.991103819871689,-0.6185574579761933,2.3455526551789827,199
clock_FXUTC_USNY_quote,7,core,all,6,pca,0.5,e_origin,coef_raw,0.2277079291875802,0.11321503906706125,0.33751079805316864,199
clock_FXUTC_USNY_quote,7,core,all,6,pca,0.5,e_origin,effect_bp_per_sd,2.2005670993662494,1.0941089799257997,3.2617009013542897,199
clock_FXUTC_USNY_quote,7,core,all,6,pca,0.5,downside,coef_raw,-67017.23242766513,-140610.83744148855,1989.2219282785754,199
clock_FXUTC_USNY_quote,7,core,all,6,pca,0.5,downside,effect_bp_per_sd,-1.0934341727226564,-2.294166576926646,0.03245558126944015,199
clock_FXUTC_USNY_quote,7,core,all,6,pca,0.5,btc_vol,coef_raw,-70.30021997268184,-464.0898379614841,500.99252259320997,199
clock_FXUTC_USNY_quote,7,core,all,6,pca,0.5,btc_vol,effect_bp_per_sd,-0.1364093720196543,-0.9005121659879513,0.9721175185517016,199
clock_FXUTC_USNY_quote,7,core,all,6,pca,0.5,account_ls,coef_raw,1.4814274771966796,0.1357819943179301,2.484822962397751,199
clock_FXUTC_USNY_quote,7,core,all,6,pca,0.5,account_ls,effect_bp_per_sd,0.9385219541462192,0.08602134401224952,1.5741984931924695,199
clock_FXUTC_USNY_quote,7,core,all,6,ml,0.1,e_origin,coef_raw,0.3241879562036224,0.15660582872027184,0.45204882948166397,199
clock_FXUTC_USNY_quote,7,core,all,6,ml,0.1,e_origin,effect_bp_per_sd,3.1520133784071063,1.522646532102457,4.3951785714226865,199
clock_FXUTC_USNY_quote,7,core,all,6,ml,0.1,downside,coef_raw,-91286.10415188032,-259125.38076878065,67536.37696280929,199
clock_FXUTC_USNY_quote,7,core,all,6,ml,0.1,downside,effect_bp_per_sd,-1.4893982063810367,-4.227816280807679,1.1019043878411563,199
clock_FXUTC_USNY_quote,7,core,all,6,ml,0.1,btc_vol,coef_raw,-428.402455669327,-1155.9563848438,371.3311408463879,199
clock_FXUTC_USNY_quote,7,core,all,6,ml,0.1,btc_vol,effect_bp_per_sd,-0.8312649657744928,-2.2429984514974093,0.7205247402338283,199
clock_FXUTC_USNY_quote,7,core,all,6,ml,0.1,account_ls,coef_raw,2.657899307577192,0.3028615213359219,4.557437797350177,199
clock_FXUTC_USNY_quote,7,core,all,6,ml,0.1,account_ls,effect_bp_per_sd,1.683846756232435,0.19187047035050314,2.887252662251697,199
clock_FXUTC_USNY_quote,7,core,all,6,ml,0.5,e_origin,coef_raw,0.2361874361037055,0.1255379780763052,0.33728734783350184,199
clock_FXUTC_USNY_quote,7,core,all,6,ml,0.5,e_origin,effect_bp_per_sd,2.296402269623349,1.220580156735232,3.279376091537757,199
clock_FXUTC_USNY_quote,7,core,all,6,ml,0.5,downside,coef_raw,-75805.79860159449,-146747.63562446294,-2034.6947697998116,199
clock_FXUTC_USNY_quote,7,core,all,6,ml,0.5,downside,effect_bp_per_sd,-1.2368259278832563,-2.394292837013693,-0.033197503265454946,199
clock_FXUTC_USNY_quote,7,core,all,6,ml,0.5,btc_vol,coef_raw,4.771123887365216,-510.5324170259232,587.6991635292751,199
clock_FXUTC_USNY_quote,7,core,all,6,ml,0.5,btc_vol,effect_bp_per_sd,0.0092578090588673,-0.9906285702839137,1.1403616356343849,199
clock_FXUTC_USNY_quote,7,core,all,6,ml,0.5,account_ls,coef_raw,2.407503882323635,1.0136071896269871,3.5442489594882534,199
clock_FXUTC_USNY_quote,7,core,all,6,ml,0.5,account_ls,effect_bp_per_sd,1.525214891064835,0.6421459133089107,2.245371785417478,199
clock_FXUTC_USNY_quote,7,core,all,6,joint_linear,0.1,e_origin,coef_raw,0.3290422153587279,0.15334950430027178,0.46461641408750304,199
clock_FXUTC_USNY_quote,7,core,all,6,joint_linear,0.1,e_origin,effect_bp_per_sd,3.203362345666604,1.4929209836086756,4.523233362150629,199
clock_FXUTC_USNY_quote,7,core,all,6,joint_linear,0.1,downside,coef_raw,-59182.43405638198,-226171.31795222065,85242.0755027408,199
clock_FXUTC_USNY_quote,7,core,all,6,joint_linear,0.1,downside,effect_bp_per_sd,-0.9656038227481272,-3.690147130525056,1.390785547718699,199
clock_FXUTC_USNY_quote,7,core,all,6,joint_linear,0.1,btc_vol,coef_raw,-383.00826467690143,-1213.1488065902558,500.3844319160197,199
clock_FXUTC_USNY_quote,7,core,all,6,joint_linear,0.1,btc_vol,effect_bp_per_sd,-0.7431828361734295,-2.3539736708885983,0.97093758956373,199
clock_FXUTC_USNY_quote,7,core,all,6,joint_linear,0.1,account_ls,coef_raw,1.4471369918891352,-1.062697540347717,3.743606549240149,199
clock_FXUTC_USNY_quote,7,core,all,6,joint_linear,0.1,account_ls,effect_bp_per_sd,0.9167980602838224,-0.6732458980177982,2.37166988477627,199
clock_FXUTC_USNY_quote,7,core,all,6,joint_linear,0.5,e_origin,coef_raw,0.2361721451937052,0.11271261801207588,0.35124026032287053,199
clock_FXUTC_USNY_quote,7,core,all,6,joint_linear,0.5,e_origin,effect_bp_per_sd,2.2992337204635644,1.0973040526965638,3.419469513885202,199
clock_FXUTC_USNY_quote,7,core,all,6,joint_linear,0.5,downside,coef_raw,-65817.24244843744,-141478.8018223555,5463.771546435457,199
clock_FXUTC_USNY_quote,7,core,all,6,joint_linear,0.5,downside,effect_bp_per_sd,-1.073855476278745,-2.3083280377982267,0.0891453482098139,199
clock_FXUTC_USNY_quote,7,core,all,6,joint_linear,0.5,btc_vol,coef_raw,-48.55904476461181,-485.6304699938455,539.5197769670193,199
clock_FXUTC_USNY_quote,7,core,all,6,joint_linear,0.5,btc_vol,effect_bp_per_sd,-0.0942231589714652,-0.9423092484093536,1.0468751590941499,199
clock_FXUTC_USNY_quote,7,core,all,6,joint_linear,0.5,account_ls,coef_raw,1.5084879536486056,0.09509827750183336,2.46714692597922,199
clock_FXUTC_USNY_quote,7,core,all,6,joint_linear,0.5,account_ls,effect_bp_per_sd,0.9556654536632174,0.0602471755187451,1.5630002749222969,199
clock_FXUTC_USNY_quote,7,core,matched,6,linear,0.1,e_origin,coef_raw,0.2430376666823717,0.11177089744005352,0.42491410857634415,199
clock_FXUTC_USNY_quote,7,core,matched,6,linear,0.1,e_origin,effect_bp_per_sd,2.455705691643085,1.1293575714019297,4.293425003351804,199
clock_FXUTC_USNY_quote,7,core,matched,6,linear,0.1,downside,coef_raw,-29878.6470271715,-115315.6526660138,235192.13565396157,199
clock_FXUTC_USNY_quote,7,core,matched,6,linear,0.1,downside,effect_bp_per_sd,-0.4698775306606328,-1.8134768308602094,3.698678184168962,199
clock_FXUTC_USNY_quote,7,core,matched,6,linear,0.1,btc_vol,coef_raw,-453.4082251965954,-1434.3510241816864,338.03005506710775,199
clock_FXUTC_USNY_quote,7,core,matched,6,linear,0.1,btc_vol,effect_bp_per_sd,-0.8772740467521135,-2.7752450386212253,0.6540353214897702,199
clock_FXUTC_USNY_quote,7,core,matched,6,linear,0.1,account_ls,coef_raw,1.7220837945017144,-2.3455259917191733,3.0289657539494588,199
clock_FXUTC_USNY_quote,7,core,matched,6,linear,0.1,account_ls,effect_bp_per_sd,1.0881029869614909,-1.4820265109828281,1.9138596477125085,199
clock_FXUTC_USNY_quote,7,core,matched,6,pca,0.1,e_origin,coef_raw,0.2354977473184714,0.11056356122461398,0.43109237452462723,199
clock_FXUTC_USNY_quote,7,core,matched,6,pca,0.1,e_origin,effect_bp_per_sd,2.368735636824166,1.1120949163592773,4.336108866972337,199
clock_FXUTC_USNY_quote,7,core,matched,6,pca,0.1,downside,coef_raw,-39214.52311391082,-116065.43831014753,234143.6925550833,199
clock_FXUTC_USNY_quote,7,core,matched,6,pca,0.1,downside,effect_bp_per_sd,-0.6166953701097038,-1.8252681086469837,3.682190159999357,199
clock_FXUTC_USNY_quote,7,core,matched,6,pca,0.1,btc_vol,coef_raw,-396.0002378671914,-1377.6478168341464,358.0219691281743,199
clock_FXUTC_USNY_quote,7,core,matched,6,pca,0.1,btc_vol,effect_bp_per_sd,-0.7661985643024438,-2.665533195277334,0.6927165504045473,199
clock_FXUTC_USNY_quote,7,core,matched,6,pca,0.1,account_ls,coef_raw,1.73315734092503,-2.3348236541987686,3.0997963985158523,199
clock_FXUTC_USNY_quote,7,core,matched,6,pca,0.1,account_ls,effect_bp_per_sd,1.095099835185681,-1.4752642120397668,1.958614169047169,199
clock_FXUTC_USNY_quote,7,core,matched,6,ml,0.1,e_origin,coef_raw,0.212359011435386,0.10120576795339996,0.43513843505639893,199
clock_FXUTC_USNY_quote,7,core,matched,6,ml,0.1,e_origin,effect_bp_per_sd,2.138099651708558,1.0189726150514764,4.381115405230521,199
clock_FXUTC_USNY_quote,7,core,matched,6,ml,0.1,downside,coef_raw,-43007.05773206977,-100670.03148510447,236791.20939656618,199
clock_FXUTC_USNY_quote,7,core,matched,6,ml,0.1,downside,effect_bp_per_sd,-0.6763375219014139,-1.583156886680053,3.723825535079331,199
clock_FXUTC_USNY_quote,7,core,matched,6,ml,0.1,btc_vol,coef_raw,-364.1983740931348,-1329.25821614309,430.4693733580985,199
clock_FXUTC_USNY_quote,7,core,matched,6,ml,0.1,btc_vol,effect_bp_per_sd,-0.7046669286219722,-2.5719068813732244,0.8328909538528176,199
clock_FXUTC_USNY_quote,7,core,matched,6,ml,0.1,account_ls,coef_raw,2.679775211687069,-0.5889973927333174,4.823473308429446,199
clock_FXUTC_USNY_quote,7,core,matched,6,ml,0.1,account_ls,effect_bp_per_sd,1.6932227232681034,-0.37215948747203365,3.04772376999793,199
clock_FXUTC_USNY_quote,7,core,matched,6,joint_linear,0.1,e_origin,coef_raw,0.2596670384002391,0.10673437032064013,0.43226414074819297,199
clock_FXUTC_USNY_quote,7,core,matched,6,joint_linear,0.1,e_origin,effect_bp_per_sd,2.630413749971796,1.0812136843231117,4.378813523845171,199
clock_FXUTC_USNY_quote,7,core,matched,6,joint_linear,0.1,downside,coef_raw,-17878.372039426198,-111303.74428187047,236130.65754575815,199
clock_FXUTC_USNY_quote,7,core,matched,6,joint_linear,0.1,downside,effect_bp_per_sd,-0.2811588255143607,-1.7503847637039007,3.71343756562915,199
clock_FXUTC_USNY_quote,7,core,matched,6,joint_linear,0.1,btc_vol,coef_raw,-471.41727971422046,-1479.8881836625092,315.8612344946488,199
clock_FXUTC_USNY_quote,7,core,matched,6,joint_linear,0.1,btc_vol,effect_bp_per_sd,-0.9121187523769532,-2.8633523246282584,0.611142118732167,199
clock_FXUTC_USNY_quote,7,core,matched,6,joint_linear,0.1,account_ls,coef_raw,1.4982911339054854,-2.3596764391257152,2.997254456900996,199
clock_FXUTC_USNY_quote,7,core,matched,6,joint_linear,0.1,account_ls,effect_bp_per_sd,0.946699030178264,-1.4909675068501955,1.8938227847276614,199
clock_FXUTC_USNY_quote,7,core,matched,12,linear,0.1,e_origin,coef_raw,0.294473638182391,0.08912230344425573,0.3773391182564132,199
clock_FXUTC_USNY_quote,7,core,matched,12,linear,0.1,e_origin,effect_bp_per_sd,2.975425987233591,0.9005112286007456,3.8127169052889407,199
clock_FXUTC_USNY_quote,7,core,matched,12,linear,0.1,downside,coef_raw,50035.98786037232,-48933.29453473762,257207.17888326876,199
clock_FXUTC_USNY_quote,7,core,matched,12,linear,0.1,downside,effect_bp_per_sd,0.786875871541859,-0.7695346975437858,4.044891121473882,199
clock_FXUTC_USNY_quote,7,core,matched,12,linear,0.1,btc_vol,coef_raw,-685.1960081112535,-2183.7870819209425,103.14026812109745,199
clock_FXUTC_USNY_quote,7,core,matched,12,linear,0.1,btc_vol,effect_bp_per_sd,-1.3257471775981071,-4.2252866713458985,0.1995602976952183,199
clock_FXUTC_USNY_quote,7,core,matched,12,linear,0.1,account_ls,coef_raw,-0.1951314250103969,-1.5597079554521345,2.4856845666109955,199
clock_FXUTC_USNY_quote,7,core,matched,12,linear,0.1,account_ls,effect_bp_per_sd,-0.1232942828228058,-0.9855054037054743,1.5705860598706254,199
clock_FXUTC_USNY_quote,7,core,matched,12,pca,0.1,e_origin,coef_raw,0.295696934037894,0.09002264072545074,0.37789831893799364,199
clock_FXUTC_USNY_quote,7,core,matched,12,pca,0.1,e_origin,effect_bp_per_sd,2.974244438983921,0.9054856771900347,3.801060627360656,199
clock_FXUTC_USNY_quote,7,core,matched,12,pca,0.1,downside,coef_raw,49528.31460338368,-49760.47302344853,257814.11425153312,199
clock_FXUTC_USNY_quote,7,core,matched,12,pca,0.1,downside,effect_bp_per_sd,0.7788921011870859,-0.7825430705580533,4.0544359074828105,199
clock_FXUTC_USNY_quote,7,core,matched,12,pca,0.1,btc_vol,coef_raw,-654.84510316351,-2177.8392963133,127.8449783482312,199
clock_FXUTC_USNY_quote,7,core,matched,12,pca,0.1,btc_vol,effect_bp_per_sd,-1.267022920457534,-4.213778635851025,0.24736005056780613,199
clock_FXUTC_USNY_quote,7,core,matched,12,pca,0.1,account_ls,coef_raw,-0.2139350467893753,-1.57637137606629,2.6376918276924664,199
clock_FXUTC_USNY_quote,7,core,matched,12,pca,0.1,account_ls,effect_bp_per_sd,-0.1351753986481369,-0.9960342280293252,1.666632230998112,199
clock_FXUTC_USNY_quote,7,core,matched,12,ml,0.1,e_origin,coef_raw,0.2218569228994859,0.08734488218098253,0.3777544395018841,199
clock_FXUTC_USNY_quote,7,core,matched,12,ml,0.1,e_origin,effect_bp_per_sd,2.233727715976176,0.8794167052642665,3.8033546590326357,199
clock_FXUTC_USNY_quote,7,core,matched,12,ml,0.1,downside,coef_raw,25992.289979990564,-36278.79676190652,239004.9335878729,199
clock_FXUTC_USNY_quote,7,core,matched,12,ml,0.1,downside,effect_bp_per_sd,0.4087599087370474,-0.57052755509048,3.7586390008841564,199
clock_FXUTC_USNY_quote,7,core,matched,12,ml,0.1,btc_vol,coef_raw,-682.5268973883622,-2171.667721599607,-195.29820148004475,199
clock_FXUTC_USNY_quote,7,core,matched,12,ml,0.1,btc_vol,effect_bp_per_sd,-1.3205828655389575,-4.201837603414819,-0.37787149419603194,199
clock_FXUTC_USNY_quote,7,core,matched,12,ml,0.1,account_ls,coef_raw,0.8569630335638592,-0.4750130880881465,3.8669149480716514,199
clock_FXUTC_USNY_quote,7,core,matched,12,ml,0.1,account_ls,effect_bp_per_sd,0.5414742531772238,-0.30013821722541,2.4433199585042686,199
clock_FXUTC_USNY_quote,7,core,matched,12,joint_linear,0.1,e_origin,coef_raw,0.2923964073055201,0.08936694311376135,0.378262289297144,199
clock_FXUTC_USNY_quote,7,core,matched,12,joint_linear,0.1,e_origin,effect_bp_per_sd,2.9619605744233946,0.9052825395461086,3.831777544785602,199
clock_FXUTC_USNY_quote,7,core,matched,12,joint_linear,0.1,downside,coef_raw,49040.80161969713,-51828.74505844245,261062.36241479765,199
clock_FXUTC_USNY_quote,7,core,matched,12,joint_linear,0.1,downside,effect_bp_per_sd,0.7712253752897814,-0.8150691268970034,4.1055185025059275,199
clock_FXUTC_USNY_quote,7,core,matched,12,joint_linear,0.1,btc_vol,coef_raw,-672.3376194668351,-2219.7562731236776,88.95836175091169,199
clock_FXUTC_USNY_quote,7,core,matched,12,joint_linear,0.1,btc_vol,effect_bp_per_sd,-1.3008682053741047,-4.294881434235659,0.1721205255414645,199
clock_FXUTC_USNY_quote,7,core,matched,12,joint_linear,0.1,account_ls,coef_raw,-0.1353764649768493,-1.5800913066988438,2.4400840655598888,199
clock_FXUTC_USNY_quote,7,core,matched,12,joint_linear,0.1,account_ls,effect_bp_per_sd,-0.0855379606822325,-0.998384675577519,1.5417732683217642,199
clock_FXUTC_USNY_quote,7,full_macro,matched,1,linear,0.1,e_origin,coef_raw,0.4811071253213671,0.21087018119445236,0.5840514255294549,199
clock_FXUTC_USNY_quote,7,full_macro,matched,1,linear,0.1,e_origin,effect_bp_per_sd,5.202041051683437,2.2800646288843214,6.315141331297009,199
clock_FXUTC_USNY_quote,7,full_macro,matched,1,linear,0.1,downside,coef_raw,-63472.989218015886,-361969.2056930054,181162.9407973765,199
clock_FXUTC_USNY_quote,7,full_macro,matched,1,linear,0.1,downside,effect_bp_per_sd,-1.264442328735072,-7.210770928162613,3.6089381257202633,199
clock_FXUTC_USNY_quote,7,full_macro,matched,1,linear,0.1,btc_vol,coef_raw,247.00711383972376,-2836.7658792221027,2365.3723247036687,199
clock_FXUTC_USNY_quote,7,full_macro,matched,1,linear,0.1,btc_vol,effect_bp_per_sd,0.4850488321486198,-5.570568213223864,4.644890852976187,199
clock_FXUTC_USNY_quote,7,full_macro,matched,1,linear,0.1,account_ls,coef_raw,-0.9818221383457776,-3.310410330692239,2.578436723832991,199
clock_FXUTC_USNY_quote,7,full_macro,matched,1,linear,0.1,account_ls,effect_bp_per_sd,-0.6708642113642692,-2.2619532897615775,1.7618067995505882,199
clock_FXUTC_USNY_quote,7,full_macro,matched,1,pca,0.1,e_origin,coef_raw,0.4811778686604665,0.21191181612869905,0.5793973750004293,199
clock_FXUTC_USNY_quote,7,full_macro,matched,1,pca,0.1,e_origin,effect_bp_per_sd,5.177662974874919,2.28025442517243,6.2345434644174755,199
clock_FXUTC_USNY_quote,7,full_macro,matched,1,pca,0.1,downside,coef_raw,-59754.74224468417,-358424.32107850007,184226.9164153719,199
clock_FXUTC_USNY_quote,7,full_macro,matched,1,pca,0.1,downside,effect_bp_per_sd,-1.190371311760859,-7.140153454300362,3.6699754348707505,199
clock_FXUTC_USNY_quote,7,full_macro,matched,1,pca,0.1,btc_vol,coef_raw,210.9142616658333,-2826.116229084214,2374.89082683898,199
clock_FXUTC_USNY_quote,7,full_macro,matched,1,pca,0.1,btc_vol,effect_bp_per_sd,0.4141731576641269,-5.549655453741455,4.663582372717325,199
clock_FXUTC_USNY_quote,7,full_macro,matched,1,pca,0.1,account_ls,coef_raw,-0.948528342923462,-3.3386835842897473,2.4967574059518567,199
clock_FXUTC_USNY_quote,7,full_macro,matched,1,pca,0.1,account_ls,effect_bp_per_sd,-0.6481150647144012,-2.281271976147436,1.7059965575169131,199
clock_FXUTC_USNY_quote,7,full_macro,matched,1,ml,0.1,e_origin,coef_raw,0.4886766405729317,0.23748034012748798,0.613116505892991,199
clock_FXUTC_USNY_quote,7,full_macro,matched,1,ml,0.1,e_origin,effect_bp_per_sd,5.257623572971841,2.555027457231832,6.596459758301108,199
clock_FXUTC_USNY_quote,7,full_macro,matched,1,ml,0.1,downside,coef_raw,-51942.16881294526,-379701.6711297702,192557.29633385479,199
clock_FXUTC_USNY_quote,7,full_macro,matched,1,ml,0.1,downside,effect_bp_per_sd,-1.0347374166954946,-7.5640185090204115,3.835924527754888,199
clock_FXUTC_USNY_quote,7,full_macro,matched,1,ml,0.1,btc_vol,coef_raw,375.3487157792172,-3212.0022922883677,2115.377805459116,199
clock_FXUTC_USNY_quote,7,full_macro,matched,1,ml,0.1,btc_vol,effect_bp_per_sd,0.7370737360840908,-6.307421420032835,4.153975641190797,199
clock_FXUTC_USNY_quote,7,full_macro,matched,1,ml,0.1,account_ls,coef_raw,-0.6467496205440796,-2.4595718354506166,3.527055657251116,199
clock_FXUTC_USNY_quote,7,full_macro,matched,1,ml,0.1,account_ls,effect_bp_per_sd,-0.4419142298700544,-1.6805882198413375,2.409983763379285,199
clock_FXUTC_USNY_quote,7,full_macro,matched,1,joint_linear,0.1,e_origin,coef_raw,0.4865209565420987,0.21092891095536268,0.586410763239067,199
clock_FXUTC_USNY_quote,7,full_macro,matched,1,joint_linear,0.1,e_origin,effect_bp_per_sd,5.262897487083957,2.2817048690158064,6.343446650653823,199
clock_FXUTC_USNY_quote,7,full_macro,matched,1,joint_linear,0.1,downside,coef_raw,-58451.234017490286,-361985.2237451177,183196.40523559897,199
clock_FXUTC_USNY_quote,7,full_macro,matched,1,joint_linear,0.1,downside,effect_bp_per_sd,-1.16440418781374,-7.211090022999081,3.649446671817477,199
clock_FXUTC_USNY_quote,7,full_macro,matched,1,joint_linear,0.1,btc_vol,coef_raw,323.60686284307906,-2842.927663357163,2358.9644822837695,199
clock_FXUTC_USNY_quote,7,full_macro,matched,1,joint_linear,0.1,btc_vol,effect_bp_per_sd,0.6354680578113411,-5.58266813274522,4.63230774784189,199
clock_FXUTC_USNY_quote,7,full_macro,matched,1,joint_linear,0.1,account_ls,coef_raw,-1.1059628229063785,-3.6374576403206387,2.5895977518136837,199
clock_FXUTC_USNY_quote,7,full_macro,matched,1,joint_linear,0.1,account_ls,effect_bp_per_sd,-0.7556876627750154,-2.485419767938904,1.769432961094366,199
clock_FXUTC_USNY_quote,7,full_macro,all,6,linear,0.1,e_origin,coef_raw,0.1329979440252092,-0.09124895600426984,0.3777329348481838,199
clock_FXUTC_USNY_quote,7,full_macro,all,6,linear,0.1,e_origin,effect_bp_per_sd,1.4380596923117466,-0.9866426624639854,4.084292520798896,199
clock_FXUTC_USNY_quote,7,full_macro,all,6,linear,0.1,downside,coef_raw,17841.960065422096,-71044.20084102474,443996.30924657034,199
clock_FXUTC_USNY_quote,7,full_macro,all,6,linear,0.1,downside,effect_bp_per_sd,0.3554288180257486,-1.415268066956742,8.844828865475318,199
clock_FXUTC_USNY_quote,7,full_macro,all,6,linear,0.1,btc_vol,coef_raw,-1812.219618771076,-4203.169189720566,-137.5975266127065,199
clock_FXUTC_USNY_quote,7,full_macro,all,6,linear,0.1,btc_vol,effect_bp_per_sd,-3.5586627284431023,-8.253779719558628,-0.27020079929090096,199
clock_FXUTC_USNY_quote,7,full_macro,all,6,linear,0.1,account_ls,coef_raw,0.2414221292349578,-3.3302304489133134,5.185709078849207,199
clock_FXUTC_USNY_quote,7,full_macro,all,6,linear,0.1,account_ls,effect_bp_per_sd,0.1649600879930996,-2.275496076647531,3.543316549582126,199
clock_FXUTC_USNY_quote,7,full_macro,all,6,linear,0.5,e_origin,coef_raw,0.056277294686397,-0.19319986269205974,0.23966663301159497,199
clock_FXUTC_USNY_quote,7,full_macro,all,6,linear,0.5,e_origin,effect_bp_per_sd,0.6085064673294326,-2.0890017295677374,2.591430469486947,199
clock_FXUTC_USNY_quote,7,full_macro,all,6,linear,0.5,downside,coef_raw,-80860.35055023736,-216037.50294918235,249689.63123138083,199
clock_FXUTC_USNY_quote,7,full_macro,all,6,linear,0.5,downside,effect_bp_per_sd,-1.6108151075238175,-4.3036725808659355,4.974054990395767,199
clock_FXUTC_USNY_quote,7,full_macro,all,6,linear,0.5,btc_vol,coef_raw,-237.6538977389016,-2572.177255354684,545.6886152138674,199
clock_FXUTC_USNY_quote,7,full_macro,all,6,linear,0.5,btc_vol,effect_bp_per_sd,-0.466681885237604,-5.050994501310542,1.0715708604976912,199
clock_FXUTC_USNY_quote,7,full_macro,all,6,linear,0.5,account_ls,coef_raw,1.3807213704846644,-1.33490197405303,3.7865923624748428,199
clock_FXUTC_USNY_quote,7,full_macro,all,6,linear,0.5,account_ls,effect_bp_per_sd,0.9434260210149914,-0.9121183207179852,2.5873212670572445,199
clock_FXUTC_USNY_quote,7,full_macro,all,6,pca,0.1,e_origin,coef_raw,0.1338500304226101,-0.09213380090525439,0.3790297789765986,199
clock_FXUTC_USNY_quote,7,full_macro,all,6,pca,0.1,e_origin,effect_bp_per_sd,1.4402789318518154,-0.9913959073172696,4.078509384576349,199
clock_FXUTC_USNY_quote,7,full_macro,all,6,pca,0.1,downside,coef_raw,16763.52286330336,-70136.51510705687,438976.0255526805,199
clock_FXUTC_USNY_quote,7,full_macro,all,6,pca,0.1,downside,effect_bp_per_sd,0.3339453230140703,-1.39718610363096,8.744820038366052,199
clock_FXUTC_USNY_quote,7,full_macro,all,6,pca,0.1,btc_vol,coef_raw,-1778.114879597873,-4189.471214146204,-129.17906946520327,199
clock_FXUTC_USNY_quote,7,full_macro,all,6,pca,0.1,btc_vol,effect_bp_per_sd,-3.4916911192066604,-8.226880951535875,-0.25366944217970766,199
clock_FXUTC_USNY_quote,7,full_macro,all,6,pca,0.1,account_ls,coef_raw,0.2500145306174292,-3.2220580637033325,5.177884955251127,199
clock_FXUTC_USNY_quote,7,full_macro,all,6,pca,0.1,account_ls,effect_bp_per_sd,0.1708311458477217,-2.2015835225697082,3.5379704443129096,199
clock_FXUTC_USNY_quote,7,full_macro,all,6,pca,0.5,e_origin,coef_raw,0.0560407728567504,-0.19169242161723402,0.2474250678372192,199
clock_FXUTC_USNY_quote,7,full_macro,all,6,pca,0.5,e_origin,effect_bp_per_sd,0.6030207405663495,-2.0626857937891074,2.6623909706467734,199
clock_FXUTC_USNY_quote,7,full_macro,all,6,pca,0.5,downside,coef_raw,-78709.30244557533,-215390.93957654692,245224.20821932223,199
clock_FXUTC_USNY_quote,7,full_macro,all,6,pca,0.5,downside,effect_bp_per_sd,-1.5679641829307152,-4.290792423390417,4.885099515922035,199
clock_FXUTC_USNY_quote,7,full_macro,all,6,pca,0.5,btc_vol,coef_raw,-241.31363760518727,-2499.0259926199665,514.3476905848761,199
clock_FXUTC_USNY_quote,7,full_macro,all,6,pca,0.5,btc_vol,effect_bp_per_sd,-0.4738685306767369,-4.907347081573899,1.0100265646535878,199
clock_FXUTC_USNY_quote,7,full_macro,all,6,pca,0.5,account_ls,coef_raw,1.435503115972926,-1.3419172800395347,3.7461674838628585,199
clock_FXUTC_USNY_quote,7,full_macro,all,6,pca,0.5,account_ls,effect_bp_per_sd,0.9808575588147612,-0.9169117731512794,2.5596995591629637,199
clock_FXUTC_USNY_quote,7,full_macro,all,6,ml,0.1,e_origin,coef_raw,0.1548611997681173,-0.07995209065284807,0.4068748252230553,199
clock_FXUTC_USNY_quote,7,full_macro,all,6,ml,0.1,e_origin,effect_bp_per_sd,1.6661363094519366,-0.8601966241561327,4.377525944013837,199
clock_FXUTC_USNY_quote,7,full_macro,all,6,ml,0.1,downside,coef_raw,40938.07061333294,-92655.16111867646,424669.96688159887,199
clock_FXUTC_USNY_quote,7,full_macro,all,6,ml,0.1,downside,effect_bp_per_sd,0.8155253120732354,-1.845778954758432,8.459829739910901,199
clock_FXUTC_USNY_quote,7,full_macro,all,6,ml,0.1,btc_vol,coef_raw,-2319.046525782526,-4450.834763414648,-152.50744168990107,199
clock_FXUTC_USNY_quote,7,full_macro,all,6,ml,0.1,btc_vol,effect_bp_per_sd,-4.553920701081563,-8.740121571889574,-0.29947945763885847,199
clock_FXUTC_USNY_quote,7,full_macro,all,6,ml,0.1,account_ls,coef_raw,2.2366270731908764,-0.4834562294348667,6.470058782128198,199
clock_FXUTC_USNY_quote,7,full_macro,all,6,ml,0.1,account_ls,effect_bp_per_sd,1.5282534371248158,-0.33033832648693184,4.420893268577176,199
clock_FXUTC_USNY_quote,7,full_macro,all,6,ml,0.5,e_origin,coef_raw,0.0561200684980617,-0.18278414502296386,0.21970658133347626,199
clock_FXUTC_USNY_quote,7,full_macro,all,6,ml,0.5,e_origin,effect_bp_per_sd,0.6037902583317124,-1.9665565117078976,2.363801346840814,199
clock_FXUTC_USNY_quote,7,full_macro,all,6,ml,0.5,downside,coef_raw,-86138.3788885288,-218632.6947884726,210839.4738588396,199
clock_FXUTC_USNY_quote,7,full_macro,all,6,ml,0.5,downside,effect_bp_per_sd,-1.7159584531487733,-4.355371271178365,4.2001228963654915,199
clock_FXUTC_USNY_quote,7,full_macro,all,6,ml,0.5,btc_vol,coef_raw,-107.783186212827,-2328.628880744578,568.0467428907841,199
clock_FXUTC_USNY_quote,7,full_macro,all,6,ml,0.5,btc_vol,effect_bp_per_sd,-0.2116542628473126,-4.572737608867437,1.1154756029568702,199
clock_FXUTC_USNY_quote,7,full_macro,all,6,ml,0.5,account_ls,coef_raw,1.8899639802123145,0.3165449332851912,4.758755835590756,199
clock_FXUTC_USNY_quote,7,full_macro,all,6,ml,0.5,account_ls,effect_bp_per_sd,1.291383790987078,0.2162903633315066,3.2515858586134074,199
clock_FXUTC_USNY_quote,7,full_macro,all,6,joint_linear,0.1,e_origin,coef_raw,0.1344658112779063,-0.07991323263981841,0.37828924013592735,199
clock_FXUTC_USNY_quote,7,full_macro,all,6,joint_linear,0.1,e_origin,effect_bp_per_sd,1.4545720400267343,-0.8644543376590684,4.092110451834151,199
clock_FXUTC_USNY_quote,7,full_macro,all,6,joint_linear,0.1,downside,coef_raw,23842.114094409528,-71006.18320759409,446321.0880368937,199
clock_FXUTC_USNY_quote,7,full_macro,all,6,joint_linear,0.1,downside,effect_bp_per_sd,0.4749575943863958,-1.4145107195316362,8.891140670601333,199
clock_FXUTC_USNY_quote,7,full_macro,all,6,joint_linear,0.1,btc_vol,coef_raw,-1897.909472075013,-4215.818465266347,-121.5172319428363,199
clock_FXUTC_USNY_quote,7,full_macro,all,6,joint_linear,0.1,btc_vol,effect_bp_per_sd,-3.726932227349239,-8.278619151247984,-0.23862386197529287,199
clock_FXUTC_USNY_quote,7,full_macro,all,6,joint_linear,0.1,account_ls,coef_raw,0.2691043505540214,-3.319581030297011,5.27124299853928,199
clock_FXUTC_USNY_quote,7,full_macro,all,6,joint_linear,0.1,account_ls,effect_bp_per_sd,0.1838749309658951,-2.268219490041376,3.6017605827085877,199
clock_FXUTC_USNY_quote,7,full_macro,all,6,joint_linear,0.5,e_origin,coef_raw,0.0623643223075515,-0.1891287893673029,0.24140168077586702,199
clock_FXUTC_USNY_quote,7,full_macro,all,6,joint_linear,0.5,e_origin,effect_bp_per_sd,0.6746205497269393,-2.045883978710546,2.611341365771609,199
clock_FXUTC_USNY_quote,7,full_macro,all,6,joint_linear,0.5,downside,coef_raw,-76021.24939876825,-204431.80209804125,253989.18253330525,199
clock_FXUTC_USNY_quote,7,full_macro,all,6,joint_linear,0.5,downside,effect_bp_per_sd,-1.514415609023258,-4.072475979104911,5.059706142605534,199
clock_FXUTC_USNY_quote,7,full_macro,all,6,joint_linear,0.5,btc_vol,coef_raw,-289.4477434929482,-2563.4789340026623,437.302572755765,199
clock_FXUTC_USNY_quote,7,full_macro,all,6,joint_linear,0.5,btc_vol,effect_bp_per_sd,-0.5683896620095207,-5.033913573770175,0.8587327664919202,199
clock_FXUTC_USNY_quote,7,full_macro,all,6,joint_linear,0.5,account_ls,coef_raw,1.4590003344107834,-1.2138284563957913,3.901037232027396,199
clock_FXUTC_USNY_quote,7,full_macro,all,6,joint_linear,0.5,account_ls,effect_bp_per_sd,0.9969128526413256,-0.8293906180435769,2.665519714778558,199
clock_FXUTC_USNY_quote,7,full_macro,matched,6,linear,0.1,e_origin,coef_raw,0.1329979440252092,-0.09124895600426984,0.3777329348481838,199
clock_FXUTC_USNY_quote,7,full_macro,matched,6,linear,0.1,e_origin,effect_bp_per_sd,1.4380596923117466,-0.9866426624639854,4.084292520798896,199
clock_FXUTC_USNY_quote,7,full_macro,matched,6,linear,0.1,downside,coef_raw,17841.960065422096,-71044.20084102474,443996.30924657034,199
clock_FXUTC_USNY_quote,7,full_macro,matched,6,linear,0.1,downside,effect_bp_per_sd,0.3554288180257486,-1.415268066956742,8.844828865475318,199
clock_FXUTC_USNY_quote,7,full_macro,matched,6,linear,0.1,btc_vol,coef_raw,-1812.219618771076,-4203.169189720566,-137.5975266127065,199
clock_FXUTC_USNY_quote,7,full_macro,matched,6,linear,0.1,btc_vol,effect_bp_per_sd,-3.5586627284431023,-8.253779719558628,-0.27020079929090096,199
clock_FXUTC_USNY_quote,7,full_macro,matched,6,linear,0.1,account_ls,coef_raw,0.2414221292349578,-3.3302304489133134,5.185709078849207,199
clock_FXUTC_USNY_quote,7,full_macro,matched,6,linear,0.1,account_ls,effect_bp_per_sd,0.1649600879930996,-2.275496076647531,3.543316549582126,199
clock_FXUTC_USNY_quote,7,full_macro,matched,6,pca,0.1,e_origin,coef_raw,0.1338500304226101,-0.09213380090525439,0.3790297789765986,199
clock_FXUTC_USNY_quote,7,full_macro,matched,6,pca,0.1,e_origin,effect_bp_per_sd,1.4402789318518154,-0.9913959073172696,4.078509384576349,199
clock_FXUTC_USNY_quote,7,full_macro,matched,6,pca,0.1,downside,coef_raw,16763.52286330336,-70136.51510705687,438976.0255526805,199
clock_FXUTC_USNY_quote,7,full_macro,matched,6,pca,0.1,downside,effect_bp_per_sd,0.3339453230140703,-1.39718610363096,8.744820038366052,199
clock_FXUTC_USNY_quote,7,full_macro,matched,6,pca,0.1,btc_vol,coef_raw,-1778.114879597873,-4189.471214146204,-129.17906946520327,199
clock_FXUTC_USNY_quote,7,full_macro,matched,6,pca,0.1,btc_vol,effect_bp_per_sd,-3.4916911192066604,-8.226880951535875,-0.25366944217970766,199
clock_FXUTC_USNY_quote,7,full_macro,matched,6,pca,0.1,account_ls,coef_raw,0.2500145306174292,-3.2220580637033325,5.177884955251127,199
clock_FXUTC_USNY_quote,7,full_macro,matched,6,pca,0.1,account_ls,effect_bp_per_sd,0.1708311458477217,-2.2015835225697082,3.5379704443129096,199
clock_FXUTC_USNY_quote,7,full_macro,matched,6,ml,0.1,e_origin,coef_raw,0.1548611997681173,-0.07995209065284807,0.4068748252230553,199
clock_FXUTC_USNY_quote,7,full_macro,matched,6,ml,0.1,e_origin,effect_bp_per_sd,1.6661363094519366,-0.8601966241561327,4.377525944013837,199
clock_FXUTC_USNY_quote,7,full_macro,matched,6,ml,0.1,downside,coef_raw,40938.07061333294,-92655.16111867646,424669.96688159887,199
clock_FXUTC_USNY_quote,7,full_macro,matched,6,ml,0.1,downside,effect_bp_per_sd,0.8155253120732354,-1.845778954758432,8.459829739910901,199
clock_FXUTC_USNY_quote,7,full_macro,matched,6,ml,0.1,btc_vol,coef_raw,-2319.046525782526,-4450.834763414648,-152.50744168990107,199
clock_FXUTC_USNY_quote,7,full_macro,matched,6,ml,0.1,btc_vol,effect_bp_per_sd,-4.553920701081563,-8.740121571889574,-0.29947945763885847,199
clock_FXUTC_USNY_quote,7,full_macro,matched,6,ml,0.1,account_ls,coef_raw,2.2366270731908764,-0.4834562294348667,6.470058782128198,199
clock_FXUTC_USNY_quote,7,full_macro,matched,6,ml,0.1,account_ls,effect_bp_per_sd,1.5282534371248158,-0.33033832648693184,4.420893268577176,199
clock_FXUTC_USNY_quote,7,full_macro,matched,6,joint_linear,0.1,e_origin,coef_raw,0.1344658112779063,-0.07991323263981841,0.37828924013592735,199
clock_FXUTC_USNY_quote,7,full_macro,matched,6,joint_linear,0.1,e_origin,effect_bp_per_sd,1.4545720400267343,-0.8644543376590684,4.092110451834151,199
clock_FXUTC_USNY_quote,7,full_macro,matched,6,joint_linear,0.1,downside,coef_raw,23842.114094409528,-71006.18320759409,446321.0880368937,199
clock_FXUTC_USNY_quote,7,full_macro,matched,6,joint_linear,0.1,downside,effect_bp_per_sd,0.4749575943863958,-1.4145107195316362,8.891140670601333,199
clock_FXUTC_USNY_quote,7,full_macro,matched,6,joint_linear,0.1,btc_vol,coef_raw,-1897.909472075013,-4215.818465266347,-121.5172319428363,199
clock_FXUTC_USNY_quote,7,full_macro,matched,6,joint_linear,0.1,btc_vol,effect_bp_per_sd,-3.726932227349239,-8.278619151247984,-0.23862386197529287,199
clock_FXUTC_USNY_quote,7,full_macro,matched,6,joint_linear,0.1,account_ls,coef_raw,0.2691043505540214,-3.319581030297011,5.27124299853928,199
clock_FXUTC_USNY_quote,7,full_macro,matched,6,joint_linear,0.1,account_ls,effect_bp_per_sd,0.1838749309658951,-2.268219490041376,3.6017605827085877,199
clock_FXUTC_USNY_quote,7,full_macro,matched,12,linear,0.1,e_origin,coef_raw,0.1456618205639589,-0.06431509236843634,0.45834473902201406,199
clock_FXUTC_USNY_quote,7,full_macro,matched,12,linear,0.1,e_origin,effect_bp_per_sd,1.574989706773748,-0.695416328577412,4.955919425685036,199
clock_FXUTC_USNY_quote,7,full_macro,matched,12,linear,0.1,downside,coef_raw,110858.89457850716,-101417.50840337182,438443.88847585913,199
clock_FXUTC_USNY_quote,7,full_macro,matched,12,linear,0.1,downside,effect_bp_per_sd,2.208414642965277,-2.0203332485193575,8.734219361559875,199
clock_FXUTC_USNY_quote,7,full_macro,matched,12,linear,0.1,btc_vol,coef_raw,-1964.6008687553688,-2924.272257300647,63.92224541751353,199
clock_FXUTC_USNY_quote,7,full_macro,matched,12,linear,0.1,btc_vol,effect_bp_per_sd,-3.857894382937831,-5.742404828909739,0.12552436246107865,199
clock_FXUTC_USNY_quote,7,full_macro,matched,12,linear,0.1,account_ls,coef_raw,0.7875336650414024,-2.5629522602771293,3.2176252510364702,199
clock_FXUTC_USNY_quote,7,full_macro,matched,12,linear,0.1,account_ls,effect_bp_per_sd,0.538109837297992,-1.7512264998953946,2.198554648746502,199
clock_FXUTC_USNY_quote,7,full_macro,matched,12,pca,0.1,e_origin,coef_raw,0.1938179081851642,-0.05406877304562557,0.4590330341034118,199
clock_FXUTC_USNY_quote,7,full_macro,matched,12,pca,0.1,e_origin,effect_bp_per_sd,2.0855568645991656,-0.5818012475814675,4.939375851882362,199
clock_FXUTC_USNY_quote,7,full_macro,matched,12,pca,0.1,downside,coef_raw,110516.7497128887,-99484.65580261424,443690.31329206715,199
clock_FXUTC_USNY_quote,7,full_macro,matched,12,pca,0.1,downside,effect_bp_per_sd,2.201598791750812,-1.981828985939112,8.838733134959671,199
clock_FXUTC_USNY_quote,7,full_macro,matched,12,pca,0.1,btc_vol,coef_raw,-2042.5559351207137,-2880.3145687258616,89.38872413391982,199
clock_FXUTC_USNY_quote,7,full_macro,matched,12,pca,0.1,btc_vol,effect_bp_per_sd,-4.010975050586593,-5.656084944531885,0.17553298597119243,199
clock_FXUTC_USNY_quote,7,full_macro,matched,12,pca,0.1,account_ls,coef_raw,0.7774183371348592,-2.599943793358018,3.117608165019415,199
clock_FXUTC_USNY_quote,7,full_macro,matched,12,pca,0.1,account_ls,effect_bp_per_sd,0.5311981867925883,-1.7765022547375877,2.130214487210896,199
clock_FXUTC_USNY_quote,7,full_macro,matched,12,ml,0.1,e_origin,coef_raw,0.1605152548271009,-0.06579828262489767,0.44106047590132824,199
clock_FXUTC_USNY_quote,7,full_macro,matched,12,ml,0.1,e_origin,effect_bp_per_sd,1.726967727802813,-0.7079172055045185,4.74532597360548,199
clock_FXUTC_USNY_quote,7,full_macro,matched,12,ml,0.1,downside,coef_raw,96704.46671372213,-72876.80768488586,481808.86708234745,199
clock_FXUTC_USNY_quote,7,full_macro,matched,12,ml,0.1,downside,effect_bp_per_sd,1.9264449744218983,-1.4517753386932035,9.598090989637715,199
clock_FXUTC_USNY_quote,7,full_macro,matched,12,ml,0.1,btc_vol,coef_raw,-1856.1895339283165,-3297.334879054934,137.92794472334288,199
clock_FXUTC_USNY_quote,7,full_macro,matched,12,ml,0.1,btc_vol,effect_bp_per_sd,-3.6450066222085766,-6.474989353247103,0.27084964262255057,199
clock_FXUTC_USNY_quote,7,full_macro,matched,12,ml,0.1,account_ls,coef_raw,1.1484861114074605,-1.9801551985725818,4.545479970496517,199
clock_FXUTC_USNY_quote,7,full_macro,matched,12,ml,0.1,account_ls,effect_bp_per_sd,0.7847431823958686,-1.3530100858261689,3.1058576870317953,199
clock_FXUTC_USNY_quote,7,full_macro,matched,12,joint_linear,0.1,e_origin,coef_raw,0.2007095104385421,-0.06524532696059022,0.45863866799358854,199
clock_FXUTC_USNY_quote,7,full_macro,matched,12,joint_linear,0.1,e_origin,effect_bp_per_sd,2.171157406308872,-0.7057855631654559,4.961283292745739,199
clock_FXUTC_USNY_quote,7,full_macro,matched,12,joint_linear,0.1,downside,coef_raw,112719.7073642156,-53444.959260091295,444819.80538561434,199
clock_FXUTC_USNY_quote,7,full_macro,matched,12,joint_linear,0.1,downside,effect_bp_per_sd,2.245483803896386,-1.0646744320464403,8.861233691978459,199
clock_FXUTC_USNY_quote,7,full_macro,matched,12,joint_linear,0.1,btc_vol,coef_raw,-2114.6505105987094,-2940.2516880966987,66.60213971356951,199
clock_FXUTC_USNY_quote,7,full_macro,matched,12,joint_linear,0.1,btc_vol,effect_bp_per_sd,-4.15254744943881,-5.773783699443215,0.13078688133503766,199
clock_FXUTC_USNY_quote,7,full_macro,matched,12,joint_linear,0.1,account_ls,coef_raw,0.7065045912760841,-2.7470666067383958,3.128208249350654,199
clock_FXUTC_USNY_quote,7,full_macro,matched,12,joint_linear,0.1,account_ls,effect_bp_per_sd,0.4827438972299314,-1.8770290470325877,2.1374573644465356,199
clock_FXKST_USNY_quote,3,core,matched,1,linear,0.1,e_origin,coef_raw,0.4692534164371473,0.2935860966970766,0.5462296807141876,199
clock_FXKST_USNY_quote,3,core,matched,1,linear,0.1,e_origin,effect_bp_per_sd,4.298076132010252,2.6890702351930003,5.003131934762782,199
clock_FXKST_USNY_quote,3,core,matched,1,linear,0.1,downside,coef_raw,-83098.5781238784,-340675.5874704589,322998.829886293,199
clock_FXKST_USNY_quote,3,core,matched,1,linear,0.1,downside,effect_bp_per_sd,-1.0149986439217384,-4.161145318085723,3.9452344639900607,199
clock_FXKST_USNY_quote,3,core,matched,1,linear,0.1,btc_vol,coef_raw,-862.4003072940421,-2466.24036992073,250.30252568258325,199
clock_FXKST_USNY_quote,3,core,matched,1,linear,0.1,btc_vol,effect_bp_per_sd,-1.6388280897232357,-4.686621699982131,0.4756524395316886,199
clock_FXKST_USNY_quote,3,core,matched,1,linear,0.1,account_ls,coef_raw,0.2358573992506264,-1.9378746762375312,2.350139882425827,199
clock_FXKST_USNY_quote,3,core,matched,1,linear,0.1,account_ls,effect_bp_per_sd,0.1316142188063072,-1.0813816419068771,1.311435747590609,199
clock_FXKST_USNY_quote,3,core,matched,1,pca,0.1,e_origin,coef_raw,0.4712131223664106,0.2976045742727802,0.5437355722255713,199
clock_FXKST_USNY_quote,3,core,matched,1,pca,0.1,e_origin,effect_bp_per_sd,4.29560242023644,2.7129782020915925,4.956720704829215,199
clock_FXKST_USNY_quote,3,core,matched,1,pca,0.1,downside,coef_raw,-79230.68858232813,-347645.86508667056,323654.7522447577,199
clock_FXKST_USNY_quote,3,core,matched,1,pca,0.1,downside,effect_bp_per_sd,-0.9677547231694472,-4.246283024264838,3.9532461570826585,199
clock_FXKST_USNY_quote,3,core,matched,1,pca,0.1,btc_vol,coef_raw,-881.1571966108272,-2437.350385658441,291.9464158824544,199
clock_FXKST_USNY_quote,3,core,matched,1,pca,0.1,btc_vol,effect_bp_per_sd,-1.674471997579238,-4.63172176856947,0.5547887483289785,199
clock_FXKST_USNY_quote,3,core,matched,1,pca,0.1,account_ls,coef_raw,0.1347388364872648,-1.8343191397215954,2.286002614953993,199
clock_FXKST_USNY_quote,3,core,matched,1,pca,0.1,account_ls,effect_bp_per_sd,0.0751875784414044,-1.0235951103631706,1.2756455778461075,199
clock_FXKST_USNY_quote,3,core,matched,1,ml,0.1,e_origin,coef_raw,0.4619727669846691,0.3012563927745506,0.5543624738457634,199
clock_FXKST_USNY_quote,3,core,matched,1,ml,0.1,e_origin,effect_bp_per_sd,4.247351193458025,2.7697340424188024,5.096776873376357,199
clock_FXKST_USNY_quote,3,core,matched,1,ml,0.1,downside,coef_raw,-94869.6835702522,-341223.5146447042,299291.89034845674,199
clock_FXKST_USNY_quote,3,core,matched,1,ml,0.1,downside,effect_bp_per_sd,-1.1587755452270574,-4.1678379156172705,3.655668601063172,199
clock_FXKST_USNY_quote,3,core,matched,1,ml,0.1,btc_vol,coef_raw,-802.4180628740304,-2489.3159683414747,184.90008999471962,199
clock_FXKST_USNY_quote,3,core,matched,1,ml,0.1,btc_vol,effect_bp_per_sd,-1.5248432195779569,-4.730472494745584,0.35136752470147703,199
clock_FXKST_USNY_quote,3,core,matched,1,ml,0.1,account_ls,coef_raw,0.9541469501911276,-1.4169110439836243,2.9493467451226074,199
clock_FXKST_USNY_quote,3,core,matched,1,ml,0.1,account_ls,effect_bp_per_sd,0.5324374214030189,-0.7906711460587713,1.6458078868060189,199
clock_FXKST_USNY_quote,3,core,matched,1,joint_linear,0.1,e_origin,coef_raw,0.4716161982376533,0.30023990420860497,0.5484620245854012,199
clock_FXKST_USNY_quote,3,core,matched,1,joint_linear,0.1,e_origin,effect_bp_per_sd,4.3254786016731055,2.7536825195479864,5.030278349300885,199
clock_FXKST_USNY_quote,3,core,matched,1,joint_linear,0.1,downside,coef_raw,-83300.9663391577,-343811.89632154995,324296.1948225748,199
clock_FXKST_USNY_quote,3,core,matched,1,joint_linear,0.1,downside,effect_bp_per_sd,-1.0174706930071995,-4.199453425187528,3.961080988452065,199
clock_FXKST_USNY_quote,3,core,matched,1,joint_linear,0.1,btc_vol,coef_raw,-844.1543126392824,-2465.1885676994434,221.12031439229003,199
clock_FXKST_USNY_quote,3,core,matched,1,joint_linear,0.1,btc_vol,effect_bp_per_sd,-1.6041550401982605,-4.684622949505701,0.42019718612062396,199
clock_FXKST_USNY_quote,3,core,matched,1,joint_linear,0.1,account_ls,coef_raw,0.204265866204917,-1.9502563969758113,2.3534165735527983,199
clock_FXKST_USNY_quote,3,core,matched,1,joint_linear,0.1,account_ls,effect_bp_per_sd,0.1139853678314585,-1.0882909460356611,1.31326422167841,199
clock_FXKST_USNY_quote,3,core,all,6,linear,0.1,e_origin,coef_raw,0.3139358184105253,0.14302100239911017,0.41930425786976616,199
clock_FXKST_USNY_quote,3,core,all,6,linear,0.1,e_origin,effect_bp_per_sd,3.104484196957124,1.4143223415188306,4.146463595215807,199
clock_FXKST_USNY_quote,3,core,all,6,linear,0.1,downside,coef_raw,-151031.55221903845,-674730.0347854153,134883.8738140098,199
clock_FXKST_USNY_quote,3,core,all,6,linear,0.1,downside,effect_bp_per_sd,-2.037193429467714,-9.101115451265947,1.8193850055684904,199
clock_FXKST_USNY_quote,3,core,all,6,linear,0.1,btc_vol,coef_raw,-291.1998813748243,-1476.9951338248377,1165.1335565084855,199
clock_FXKST_USNY_quote,3,core,all,6,linear,0.1,btc_vol,effect_bp_per_sd,-0.5592130707747277,-2.8363850301242786,2.2374937480112598,199
clock_FXKST_USNY_quote,3,core,all,6,linear,0.1,account_ls,coef_raw,0.5582936869769057,-1.210293274751852,2.0798420169091663,199
clock_FXKST_USNY_quote,3,core,all,6,linear,0.1,account_ls,effect_bp_per_sd,0.323625936317671,-0.7015703444211624,1.2056214064675697,199
clock_FXKST_USNY_quote,3,core,all,6,linear,0.5,e_origin,coef_raw,0.1888862065301196,0.07340524202187172,0.2809903420352777,199
clock_FXKST_USNY_quote,3,core,all,6,linear,0.5,e_origin,effect_bp_per_sd,1.8678793842795092,0.7258980991226506,2.7786892262334146,199
clock_FXKST_USNY_quote,3,core,all,6,linear,0.5,downside,coef_raw,-76993.2371043297,-219113.3285992009,17806.54499647302,199
clock_FXKST_USNY_quote,3,core,all,6,linear,0.5,downside,effect_bp_per_sd,-1.038525489792446,-2.9555164253607122,0.2401840935576593,199
clock_FXKST_USNY_quote,3,core,all,6,linear,0.5,btc_vol,coef_raw,80.58240390904261,-634.2772536175894,761.2391279226,199
clock_FXKST_USNY_quote,3,core,all,6,linear,0.5,btc_vol,effect_bp_per_sd,0.154748461186293,-1.2180503956370026,1.4618648479857395,199
clock_FXKST_USNY_quote,3,core,all,6,linear,0.5,account_ls,coef_raw,-0.1143083229713097,-1.267484519873496,1.5328112297528296,199
clock_FXKST_USNY_quote,3,core,all,6,linear,0.5,account_ls,effect_bp_per_sd,-0.066261071750258,-0.7347223765565916,0.8885242319559312,199
clock_FXKST_USNY_quote,3,core,all,6,pca,0.1,e_origin,coef_raw,0.3128827764006466,0.1395320535687921,0.41997992120202526,199
clock_FXKST_USNY_quote,3,core,all,6,pca,0.1,e_origin,effect_bp_per_sd,3.0816335184431494,1.3742739633075762,4.136450772835186,199
clock_FXKST_USNY_quote,3,core,all,6,pca,0.1,downside,coef_raw,-150635.63336601504,-663296.8992570301,133039.33624469786,199
clock_FXKST_USNY_quote,3,core,all,6,pca,0.1,downside,effect_bp_per_sd,-2.0318530666486128,-8.946899274351725,1.7945049075929431,199
clock_FXKST_USNY_quote,3,core,all,6,pca,0.1,btc_vol,coef_raw,-284.7849886071281,-1485.283126853135,1180.3038067323232,199
clock_FXKST_USNY_quote,3,core,all,6,pca,0.1,btc_vol,effect_bp_per_sd,-0.5468940689043371,-2.852301087541719,2.2666263224204295,199
clock_FXKST_USNY_quote,3,core,all,6,pca,0.1,account_ls,coef_raw,0.5112662573306972,-1.2199735160785854,2.086582608926078,199
clock_FXKST_USNY_quote,3,core,all,6,pca,0.1,account_ls,effect_bp_per_sd,0.2963655600911757,-0.7071816870464188,1.2095287234473138,199
clock_FXKST_USNY_quote,3,core,all,6,pca,0.5,e_origin,coef_raw,0.1874857804334757,0.07698625426331092,0.2825187841121505,199
clock_FXKST_USNY_quote,3,core,all,6,pca,0.5,e_origin,effect_bp_per_sd,1.8465780438979689,0.758250180231767,2.7825736038438187,199
clock_FXKST_USNY_quote,3,core,all,6,pca,0.5,downside,coef_raw,-74898.83260834584,-216011.641052882,19690.487791972002,199
clock_FXKST_USNY_quote,3,core,all,6,pca,0.5,downside,effect_bp_per_sd,-1.0102750546007448,-2.9136792238171654,0.2655957100582792,199
clock_FXKST_USNY_quote,3,core,all,6,pca,0.5,btc_vol,coef_raw,75.13129396795082,-640.1843993448822,774.570618512357,199
clock_FXKST_USNY_quote,3,core,all,6,pca,0.5,btc_vol,effect_bp_per_sd,0.1442802840878111,-1.2293943326127916,1.4874663137401378,199
clock_FXKST_USNY_quote,3,core,all,6,pca,0.5,account_ls,coef_raw,-0.120375996541686,-1.2444629312915478,1.4783681433421438,199
clock_FXKST_USNY_quote,3,core,all,6,pca,0.5,account_ls,effect_bp_per_sd,-0.0697783182932307,-0.721377459115923,0.8569652241672386,199
clock_FXKST_USNY_quote,3,core,all,6,ml,0.1,e_origin,coef_raw,0.3390847122800352,0.16053581126604916,0.43988856464103215,199
clock_FXKST_USNY_quote,3,core,all,6,ml,0.1,e_origin,effect_bp_per_sd,3.360111628096502,1.5908067412826188,4.3590130359411035,199
clock_FXKST_USNY_quote,3,core,all,6,ml,0.1,downside,coef_raw,-103400.9764451134,-613788.732519423,137188.62838522485,199
clock_FXKST_USNY_quote,3,core,all,6,ml,0.1,downside,effect_bp_per_sd,-1.3947270402745515,-8.279106945523822,1.8504727537908325,199
clock_FXKST_USNY_quote,3,core,all,6,ml,0.1,btc_vol,coef_raw,-293.7069732624763,-1414.0594000020894,1272.9571000437422,199
clock_FXKST_USNY_quote,3,core,all,6,ml,0.1,btc_vol,effect_bp_per_sd,-0.5640276282072003,-2.71552479897886,2.444555421929155,199
clock_FXKST_USNY_quote,3,core,all,6,ml,0.1,account_ls,coef_raw,1.1543728835848754,-0.3967343942503529,3.0364647463662897,199
clock_FXKST_USNY_quote,3,core,all,6,ml,0.1,account_ls,effect_bp_per_sd,0.6691549878215599,-0.22997490891206437,1.7601466209648169,199
clock_FXKST_USNY_quote,3,core,all,6,ml,0.5,e_origin,coef_raw,0.1981578698513368,0.07209618853572966,0.3150985754587514,199
clock_FXKST_USNY_quote,3,core,all,6,ml,0.5,e_origin,effect_bp_per_sd,1.9636171687281143,0.7144269047443178,3.1224244239038557,199
clock_FXKST_USNY_quote,3,core,all,6,ml,0.5,downside,coef_raw,-52188.1255646035,-201446.611632874,54807.34671457743,199
clock_FXKST_USNY_quote,3,core,all,6,ml,0.5,downside,effect_bp_per_sd,-0.703941030429563,-2.717218406203294,0.7392704701304228,199
clock_FXKST_USNY_quote,3,core,all,6,ml,0.5,btc_vol,coef_raw,83.98260096937291,-706.896687643426,616.7221398872279,199
clock_FXKST_USNY_quote,3,core,all,6,ml,0.5,btc_vol,effect_bp_per_sd,0.1612781157670895,-1.3575069658381391,1.1843379881641474,199
clock_FXKST_USNY_quote,3,core,all,6,ml,0.5,account_ls,coef_raw,0.4990798946389101,-0.5893707382907591,2.307605071616347,199
clock_FXKST_USNY_quote,3,core,all,6,ml,0.5,account_ls,effect_bp_per_sd,0.2893014948358589,-0.3416403614563421,1.337648748989237,199
clock_FXKST_USNY_quote,3,core,all,6,joint_linear,0.1,e_origin,coef_raw,0.3200741528768341,0.14704668541239152,0.41719119013878364,199
clock_FXKST_USNY_quote,3,core,all,6,joint_linear,0.1,e_origin,effect_bp_per_sd,3.1683286210210904,1.4555758964943408,4.129664255217738,199
clock_FXKST_USNY_quote,3,core,all,6,joint_linear,0.1,downside,coef_raw,-146013.35757825358,-668609.0439895631,134326.16594440799,199
clock_FXKST_USNY_quote,3,core,all,6,joint_linear,0.1,downside,effect_bp_per_sd,-1.969505366941741,-9.018552291131973,1.8118623469529749,199
clock_FXKST_USNY_quote,3,core,all,6,joint_linear,0.1,btc_vol,coef_raw,-323.6167036908766,-1475.9164860663593,1143.4662147041101,199
clock_FXKST_USNY_quote,3,core,all,6,joint_linear,0.1,btc_vol,effect_bp_per_sd,-0.6214655369039449,-2.8343136215699376,2.1958843191586634,199
clock_FXKST_USNY_quote,3,core,all,6,joint_linear,0.1,account_ls,coef_raw,0.6006756610917584,-1.2074896660424297,2.187046150711428,199
clock_FXKST_USNY_quote,3,core,all,6,joint_linear,0.1,account_ls,effect_bp_per_sd,0.3481934827110048,-0.6999451773902252,1.2677643949845023,199
clock_FXKST_USNY_quote,3,core,all,6,joint_linear,0.5,e_origin,coef_raw,0.1890825730955582,0.08235385964400285,0.2973179721815546,199
clock_FXKST_USNY_quote,3,core,all,6,joint_linear,0.5,e_origin,effect_bp_per_sd,1.8716779305372289,0.8151988788112258,2.943071261268815,199
clock_FXKST_USNY_quote,3,core,all,6,joint_linear,0.5,downside,coef_raw,-74113.5101128845,-210098.3771272707,18328.843400729656,199
clock_FXKST_USNY_quote,3,core,all,6,joint_linear,0.5,downside,effect_bp_per_sd,-0.9996822095676302,-2.833917993537991,0.2472291305829688,199
clock_FXKST_USNY_quote,3,core,all,6,joint_linear,0.5,btc_vol,coef_raw,71.58536006255439,-653.5192780471338,744.768619626071,199
clock_FXKST_USNY_quote,3,core,all,6,joint_linear,0.5,btc_vol,effect_bp_per_sd,0.1374707600638346,-1.2550023048148684,1.430235290040051,199
clock_FXKST_USNY_quote,3,core,all,6,joint_linear,0.5,account_ls,coef_raw,-0.1153729313105003,-1.2123765415494803,1.5657313333700453,199
clock_FXKST_USNY_quote,3,core,all,6,joint_linear,0.5,account_ls,effect_bp_per_sd,-0.066878192951194,-0.7027779510692559,0.9076070186778895,199
clock_FXKST_USNY_quote,3,core,matched,6,linear,0.1,e_origin,coef_raw,0.3284404030092411,0.1526711922316709,0.5651647830203123,199
clock_FXKST_USNY_quote,3,core,matched,6,linear,0.1,e_origin,effect_bp_per_sd,3.0083145002545293,1.3983753434523698,5.176565965136064,199
clock_FXKST_USNY_quote,3,core,matched,6,linear,0.1,downside,coef_raw,-307825.50897148694,-1255789.5878289076,176755.26126659266,199
clock_FXKST_USNY_quote,3,core,matched,6,linear,0.1,downside,effect_bp_per_sd,-3.759901567807906,-15.33870684041363,2.158958125904102,199
clock_FXKST_USNY_quote,3,core,matched,6,linear,0.1,btc_vol,coef_raw,313.72330439012467,-1642.622276266468,3177.8550795776187,199
clock_FXKST_USNY_quote,3,core,matched,6,linear,0.1,btc_vol,effect_bp_per_sd,0.5961715914139043,-3.1214918459354846,6.038910382375102,199
clock_FXKST_USNY_quote,3,core,matched,6,linear,0.1,account_ls,coef_raw,0.9146819335574592,-2.2383401817218993,4.3053737095679505,199
clock_FXKST_USNY_quote,3,core,matched,6,linear,0.1,account_ls,effect_bp_per_sd,0.5104149733012368,-1.2490487700453734,2.4025042218491857,199
clock_FXKST_USNY_quote,3,core,matched,6,pca,0.1,e_origin,coef_raw,0.3292564408588598,0.15345960076806658,0.570573349131144,199
clock_FXKST_USNY_quote,3,core,matched,6,pca,0.1,e_origin,effect_bp_per_sd,3.001518202907699,1.398945405334524,5.201375223044647,199
clock_FXKST_USNY_quote,3,core,matched,6,pca,0.1,downside,coef_raw,-312847.8498214979,-1252798.854642999,169952.92281151752,199
clock_FXKST_USNY_quote,3,core,matched,6,pca,0.1,downside,effect_bp_per_sd,-3.8212464098878103,-15.30217685161522,2.0758716945441655,199
clock_FXKST_USNY_quote,3,core,matched,6,pca,0.1,btc_vol,coef_raw,359.63606922820816,-1610.4041192408363,3265.460317575972,199
clock_FXKST_USNY_quote,3,core,matched,6,pca,0.1,btc_vol,effect_bp_per_sd,0.6834200861756922,-3.0602673539146155,6.205387508628768,199
clock_FXKST_USNY_quote,3,core,matched,6,pca,0.1,account_ls,coef_raw,0.976059152453558,-2.1505473684228242,4.324517538672381,199
clock_FXKST_USNY_quote,3,core,matched,6,pca,0.1,account_ls,effect_bp_per_sd,0.5446649681845002,-1.2000582250131724,2.4131869484481667,199
clock_FXKST_USNY_quote,3,core,matched,6,ml,0.1,e_origin,coef_raw,0.3925169272556237,0.16334119259840504,0.5632304435552722,199
clock_FXKST_USNY_quote,3,core,matched,6,ml,0.1,e_origin,effect_bp_per_sd,3.608778176067197,1.5017495811538082,5.17830847961167,199
clock_FXKST_USNY_quote,3,core,matched,6,ml,0.1,downside,coef_raw,-245744.52326556144,-1238359.0495293147,185608.13314407822,199
clock_FXKST_USNY_quote,3,core,matched,6,ml,0.1,downside,effect_bp_per_sd,-3.0016200456992546,-15.125803405284588,2.2670905771846224,199
clock_FXKST_USNY_quote,3,core,matched,6,ml,0.1,btc_vol,coef_raw,144.04300042930493,-1681.2252604455316,3143.2826971184095,199
clock_FXKST_USNY_quote,3,core,matched,6,ml,0.1,btc_vol,effect_bp_per_sd,0.2737263811654393,-3.19484949004196,5.973212131778946,199
clock_FXKST_USNY_quote,3,core,matched,6,ml,0.1,account_ls,coef_raw,1.488154755152337,-1.2940776145308714,4.9520512140067225,199
clock_FXKST_USNY_quote,3,core,matched,6,ml,0.1,account_ls,effect_bp_per_sd,0.8304268858410475,-0.7221270770065015,2.763366144505595,199
clock_FXKST_USNY_quote,3,core,matched,6,joint_linear,0.1,e_origin,coef_raw,0.3345178009415653,0.15504685033458984,0.5681738210540612,199
clock_FXKST_USNY_quote,3,core,matched,6,joint_linear,0.1,e_origin,effect_bp_per_sd,3.068065930005119,1.4220288359161304,5.211067207156779,199
clock_FXKST_USNY_quote,3,core,matched,6,joint_linear,0.1,downside,coef_raw,-309319.100669632,-1255625.5332292514,174118.1624817737,199
clock_FXKST_USNY_quote,3,core,matched,6,joint_linear,0.1,downside,effect_bp_per_sd,-3.778144882945382,-15.336703013152812,2.1267475664588043,199
clock_FXKST_USNY_quote,3,core,matched,6,joint_linear,0.1,btc_vol,coef_raw,298.50417715414704,-1629.6040068046216,3168.7357845613856,199
clock_FXKST_USNY_quote,3,core,matched,6,joint_linear,0.1,btc_vol,effect_bp_per_sd,0.5672505288812955,-3.096753095852473,6.021580893152204,199
clock_FXKST_USNY_quote,3,core,matched,6,joint_linear,0.1,account_ls,coef_raw,1.0410337155297993,-2.2106579177629175,4.334378810604497,199
clock_FXKST_USNY_quote,3,core,matched,6,joint_linear,0.1,account_ls,effect_bp_per_sd,0.580922369430893,-1.2336013871889222,2.4186897802690286,199
clock_FXKST_USNY_quote,3,core,matched,12,linear,0.1,e_origin,coef_raw,0.275018380153931,0.07316172964606123,0.4121555639329185,199
clock_FXKST_USNY_quote,3,core,matched,12,linear,0.1,e_origin,effect_bp_per_sd,2.5190012351504287,0.6701169836031263,3.7750945011022146,199
clock_FXKST_USNY_quote,3,core,matched,12,linear,0.1,downside,coef_raw,-10469.710017806505,-414665.15975343867,394193.9755364231,199
clock_FXKST_USNY_quote,3,core,matched,12,linear,0.1,downside,effect_bp_per_sd,-0.127881146828839,-5.064882989982111,4.81483991236449,199
clock_FXKST_USNY_quote,3,core,matched,12,linear,0.1,btc_vol,coef_raw,-808.1556505557442,-2273.8659348852707,539.3403483975433,199
clock_FXKST_USNY_quote,3,core,matched,12,linear,0.1,btc_vol,effect_bp_per_sd,-1.5357464159016525,-4.321050601254247,1.024913958632951,199
clock_FXKST_USNY_quote,3,core,matched,12,linear,0.1,account_ls,coef_raw,-0.4842073535401471,-3.1900369961403667,1.9027959044203044,199
clock_FXKST_USNY_quote,3,core,matched,12,linear,0.1,account_ls,effect_bp_per_sd,-0.2701995900019941,-1.7801189555392685,1.0618068260898714,199
clock_FXKST_USNY_quote,3,core,matched,12,pca,0.1,e_origin,coef_raw,0.2745372069117436,0.07297137332033271,0.41353728838182674,199
clock_FXKST_USNY_quote,3,core,matched,12,pca,0.1,e_origin,effect_bp_per_sd,2.502694926093388,0.665210693345373,3.7698266294241383,199
clock_FXKST_USNY_quote,3,core,matched,12,pca,0.1,downside,coef_raw,-17558.2638775399,-417931.6637586559,393351.72782235395,199
clock_FXKST_USNY_quote,3,core,matched,12,pca,0.1,downside,effect_bp_per_sd,-0.2144635254619597,-5.104781351789432,4.804552368258116,199
clock_FXKST_USNY_quote,3,core,matched,12,pca,0.1,btc_vol,coef_raw,-773.2802100737921,-2276.392591801356,520.1567224989108,199
clock_FXKST_USNY_quote,3,core,matched,12,pca,0.1,btc_vol,effect_bp_per_sd,-1.469472261057449,-4.325852033132404,0.9884591189030508,199
clock_FXKST_USNY_quote,3,core,matched,12,pca,0.1,account_ls,coef_raw,-0.4242641333697707,-3.175642277801496,1.7928391398551002,199
clock_FXKST_USNY_quote,3,core,matched,12,pca,0.1,account_ls,effect_bp_per_sd,-0.2367498016106824,-1.7720863493326087,1.0004482521519797,199
clock_FXKST_USNY_quote,3,core,matched,12,ml,0.1,e_origin,coef_raw,0.2817947173603223,0.05877166923879054,0.38786359745941035,199
clock_FXKST_USNY_quote,3,core,matched,12,ml,0.1,e_origin,effect_bp_per_sd,2.590804511925377,0.540343365069356,3.5659957281049413,199
clock_FXKST_USNY_quote,3,core,matched,12,ml,0.1,downside,coef_raw,-134949.0417591385,-395633.7203906478,386132.86056015966,199
clock_FXKST_USNY_quote,3,core,matched,12,ml,0.1,downside,effect_bp_per_sd,-1.648320554653442,-4.832425521018985,4.7163782905879135,199
clock_FXKST_USNY_quote,3,core,matched,12,ml,0.1,btc_vol,coef_raw,-574.2414150292573,-2178.5913714386843,560.8587584412821,199
clock_FXKST_USNY_quote,3,core,matched,12,ml,0.1,btc_vol,effect_bp_per_sd,-1.0912368111106154,-4.139999377719434,1.0658056124595978,199
clock_FXKST_USNY_quote,3,core,matched,12,ml,0.1,account_ls,coef_raw,0.7129174955055204,-2.097524168187867,3.013931278458604,199
clock_FXKST_USNY_quote,3,core,matched,12,ml,0.1,account_ls,effect_bp_per_sd,0.3978254637862879,-1.1704699776242544,1.6818476418825794,199
clock_FXKST_USNY_quote,3,core,matched,12,joint_linear,0.1,e_origin,coef_raw,0.267394111748394,0.08252745998132463,0.4166291736189261,199
clock_FXKST_USNY_quote,3,core,matched,12,joint_linear,0.1,e_origin,effect_bp_per_sd,2.4524338071998035,0.7569094605604942,3.821159201180157,199
clock_FXKST_USNY_quote,3,core,matched,12,joint_linear,0.1,downside,coef_raw,-10868.859225025466,-415559.1877881501,392456.46582440275,199
clock_FXKST_USNY_quote,3,core,matched,12,joint_linear,0.1,downside,effect_bp_per_sd,-0.1327565118855759,-5.075802999245173,4.793617286883793,199
clock_FXKST_USNY_quote,3,core,matched,12,joint_linear,0.1,btc_vol,coef_raw,-783.3248953927601,-2312.7489137808147,540.328686516871,199
clock_FXKST_USNY_quote,3,core,matched,12,joint_linear,0.1,btc_vol,effect_bp_per_sd,-1.4885602789001222,-4.394940322172918,1.0267921076298832,199
clock_FXKST_USNY_quote,3,core,matched,12,joint_linear,0.1,account_ls,coef_raw,-0.5255898545628509,-3.180720471122219,1.7903595733806088,199
clock_FXKST_USNY_quote,3,core,matched,12,joint_linear,0.1,account_ls,effect_bp_per_sd,-0.2932920414648663,-1.7749201058693038,0.9990645931887446,199
clock_FXKST_USNY_quote,3,full_macro,matched,1,linear,0.1,e_origin,coef_raw,0.4119961434806719,0.1889907314403929,0.5228159982409022,199
clock_FXKST_USNY_quote,3,full_macro,matched,1,linear,0.1,e_origin,effect_bp_per_sd,3.9331126362127953,1.804196096777736,4.9910520805444545,199
clock_FXKST_USNY_quote,3,full_macro,matched,1,linear,0.1,downside,coef_raw,89331.12853340873,-425523.3687551022,368581.79713974864,199
clock_FXKST_USNY_quote,3,full_macro,matched,1,linear,0.1,downside,effect_bp_per_sd,1.1397205066131644,-5.428988946802903,4.70250672370494,199
clock_FXKST_USNY_quote,3,full_macro,matched,1,linear,0.1,btc_vol,coef_raw,-1608.9533432358112,-2940.4950083480494,640.2509196394138,199
clock_FXKST_USNY_quote,3,full_macro,matched,1,linear,0.1,btc_vol,effect_bp_per_sd,-2.886505909147344,-5.275327748376438,1.1486275041136045,199
clock_FXKST_USNY_quote,3,full_macro,matched,1,linear,0.1,account_ls,coef_raw,1.062879953734742,-1.2270339845202445,3.840212297590752,199
clock_FXKST_USNY_quote,3,full_macro,matched,1,linear,0.1,account_ls,effect_bp_per_sd,0.592127037110227,-0.6835767248545291,2.1393700404798057,199
clock_FXKST_USNY_quote,3,full_macro,matched,1,pca,0.1,e_origin,coef_raw,0.3869659439743494,0.1885725848719858,0.5227129840044402,199
clock_FXKST_USNY_quote,3,full_macro,matched,1,pca,0.1,e_origin,effect_bp_per_sd,3.675746319691144,1.7912299405959964,4.9651923047172755,199
clock_FXKST_USNY_quote,3,full_macro,matched,1,pca,0.1,downside,coef_raw,41674.94419731649,-423159.40093534766,353997.34989471536,199
clock_FXKST_USNY_quote,3,full_macro,matched,1,pca,0.1,downside,effect_bp_per_sd,0.5317047852572166,-5.398828546443244,4.516432799915142,199
clock_FXKST_USNY_quote,3,full_macro,matched,1,pca,0.1,btc_vol,coef_raw,-1245.3020398644064,-2948.739874814268,620.5327107762806,199
clock_FXKST_USNY_quote,3,full_macro,matched,1,pca,0.1,btc_vol,effect_bp_per_sd,-2.234105613971818,-5.290119262297536,1.1132525029424898,199
clock_FXKST_USNY_quote,3,full_macro,matched,1,pca,0.1,account_ls,coef_raw,1.3472613212583526,-1.290897484971544,3.838954514363851,199
clock_FXKST_USNY_quote,3,full_macro,matched,1,pca,0.1,account_ls,effect_bp_per_sd,0.7505549912450495,-0.719154877560148,2.1386693334499522,199
clock_FXKST_USNY_quote,3,full_macro,matched,1,ml,0.1,e_origin,coef_raw,0.4304139035084905,0.17018527835068184,0.5464114177581512,199
clock_FXKST_USNY_quote,3,full_macro,matched,1,ml,0.1,e_origin,effect_bp_per_sd,4.117327053513261,1.6279874905321796,5.226955947160272,199
clock_FXKST_USNY_quote,3,full_macro,matched,1,ml,0.1,downside,coef_raw,53052.1804083166,-430046.78925964935,384871.9125093849,199
clock_FXKST_USNY_quote,3,full_macro,matched,1,ml,0.1,downside,effect_bp_per_sd,0.676859891110483,-5.486700465662075,4.910342210020612,199
clock_FXKST_USNY_quote,3,full_macro,matched,1,ml,0.1,btc_vol,coef_raw,-1604.732859725725,-2782.144713100238,717.4148570746829,199
clock_FXKST_USNY_quote,3,full_macro,matched,1,ml,0.1,btc_vol,effect_bp_per_sd,-2.8789342473322024,-4.9912430265480285,1.2870616994346653,199
clock_FXKST_USNY_quote,3,full_macro,matched,1,ml,0.1,account_ls,coef_raw,1.39721883445357,-1.1146365144956374,4.694219185093423,199
clock_FXKST_USNY_quote,3,full_macro,matched,1,ml,0.1,account_ls,effect_bp_per_sd,0.7783861627388168,-0.6209604522731331,2.6151345576219587,199
clock_FXKST_USNY_quote,3,full_macro,matched,1,joint_linear,0.1,e_origin,coef_raw,0.4265594674510326,0.182297566626971,0.5224271580438173,199
clock_FXKST_USNY_quote,3,full_macro,matched,1,joint_linear,0.1,e_origin,effect_bp_per_sd,4.077792251446408,1.742715052349258,4.994261245088417,199
clock_FXKST_USNY_quote,3,full_macro,matched,1,joint_linear,0.1,downside,coef_raw,95906.062551969,-423775.749211267,374830.3423138386,199
clock_FXKST_USNY_quote,3,full_macro,matched,1,joint_linear,0.1,downside,effect_bp_per_sd,1.22360601498642,-5.406692152118147,4.782228039088814,199
clock_FXKST_USNY_quote,3,full_macro,matched,1,joint_linear,0.1,btc_vol,coef_raw,-1734.8418745717966,-2954.4763994442824,652.3230502376579,199
clock_FXKST_USNY_quote,3,full_macro,matched,1,joint_linear,0.1,btc_vol,effect_bp_per_sd,-3.1123533466276645,-5.300410742974785,1.1702852336272207,199
clock_FXKST_USNY_quote,3,full_macro,matched,1,joint_linear,0.1,account_ls,coef_raw,0.9438526499787387,-1.257704643142279,3.8291971748764086,199
clock_FXKST_USNY_quote,3,full_macro,matched,1,joint_linear,0.1,account_ls,effect_bp_per_sd,0.5258173052721098,-0.7006632510913546,2.1332335506971805,199
clock_FXKST_USNY_quote,3,full_macro,all,6,linear,0.1,e_origin,coef_raw,0.3317762984008862,0.14322990259902055,0.4622535100223056,199
clock_FXKST_USNY_quote,3,full_macro,all,6,linear,0.1,e_origin,effect_bp_per_sd,3.454875929728177,1.4914915420171133,4.8135702667908244,199
clock_FXKST_USNY_quote,3,full_macro,all,6,linear,0.1,downside,coef_raw,-138421.05156450433,-581835.8981531867,142218.25319080177,199
clock_FXKST_USNY_quote,3,full_macro,all,6,linear,0.1,downside,effect_bp_per_sd,-2.003086688162448,-8.419729001571563,2.058035873592966,199
clock_FXKST_USNY_quote,3,full_macro,all,6,linear,0.1,btc_vol,coef_raw,-612.4720061500741,-1719.688547019576,966.2147297600063,199
clock_FXKST_USNY_quote,3,full_macro,all,6,linear,0.1,btc_vol,effect_bp_per_sd,-1.1153724014221766,-3.1317237769679345,1.7595730622794072,199
clock_FXKST_USNY_quote,3,full_macro,all,6,linear,0.1,account_ls,coef_raw,0.2016559428884892,-2.310600036893323,2.463818881798484,199
clock_FXKST_USNY_quote,3,full_macro,all,6,linear,0.1,account_ls,effect_bp_per_sd,0.1200401985270681,-1.3754362166192207,1.4666431520412735,199
clock_FXKST_USNY_quote,3,full_macro,all,6,linear,0.5,e_origin,coef_raw,0.210271028954653,0.0846283525661207,0.31523125668244895,199
clock_FXKST_USNY_quote,3,full_macro,all,6,linear,0.5,e_origin,effect_bp_per_sd,2.189608842331538,0.8812578224016361,3.2825879553765267,199
clock_FXKST_USNY_quote,3,full_macro,all,6,linear,0.5,downside,coef_raw,-56855.44350703058,-214919.63694275165,48166.81041601708,199
clock_FXKST_USNY_quote,3,full_macro,all,6,linear,0.5,downside,effect_bp_per_sd,-0.8227533366587226,-3.110095313675012,0.6970204001853526,199
clock_FXKST_USNY_quote,3,full_macro,all,6,linear,0.5,btc_vol,coef_raw,-204.92596242412395,-849.4410268895537,431.8939053160371,199
clock_FXKST_USNY_quote,3,full_macro,all,6,linear,0.5,btc_vol,effect_bp_per_sd,-0.3731905467149459,-1.5469165423311921,0.7865217307808089,199
clock_FXKST_USNY_quote,3,full_macro,all,6,linear,0.5,account_ls,coef_raw,0.247727626454238,-1.076368273226878,2.349391393755927,199
clock_FXKST_USNY_quote,3,full_macro,all,6,linear,0.5,account_ls,effect_bp_per_sd,0.1474653959325666,-0.6407322261652385,1.3985276371457975,199
clock_FXKST_USNY_quote,3,full_macro,all,6,pca,0.1,e_origin,coef_raw,0.3265576049163842,0.14407395751963323,0.4612628623009528,199
clock_FXKST_USNY_quote,3,full_macro,all,6,pca,0.1,e_origin,effect_bp_per_sd,3.3874984970233126,1.4945305428820885,4.784844172216529,199
clock_FXKST_USNY_quote,3,full_macro,all,6,pca,0.1,downside,coef_raw,-143402.71252949795,-552917.1247535143,146342.11764962855,199
clock_FXKST_USNY_quote,3,full_macro,all,6,pca,0.1,downside,effect_bp_per_sd,-2.075176147468911,-8.001246340298932,2.1177121866096518,199
clock_FXKST_USNY_quote,3,full_macro,all,6,pca,0.1,btc_vol,coef_raw,-580.6455645042348,-1697.3849449066638,951.4615351996133,199
clock_FXKST_USNY_quote,3,full_macro,all,6,pca,0.1,btc_vol,effect_bp_per_sd,-1.0574132877144649,-3.0911067005966957,1.7327060285533922,199
clock_FXKST_USNY_quote,3,full_macro,all,6,pca,0.1,account_ls,coef_raw,0.1684561182603829,-2.2606708074293893,2.3924743658245853,199
clock_FXKST_USNY_quote,3,full_macro,all,6,pca,0.1,account_ls,effect_bp_per_sd,0.1002772622984764,-1.3457147289640399,1.4241737373607444,199
clock_FXKST_USNY_quote,3,full_macro,all,6,pca,0.5,e_origin,coef_raw,0.212011946491108,0.08337103854278284,0.31448376765822195,199
clock_FXKST_USNY_quote,3,full_macro,all,6,pca,0.5,e_origin,effect_bp_per_sd,2.1992755314135453,0.8648375156697506,3.26225227721532,199
clock_FXKST_USNY_quote,3,full_macro,all,6,pca,0.5,downside,coef_raw,-56936.12985850248,-213832.1261342042,48112.887124885754,199
clock_FXKST_USNY_quote,3,full_macro,all,6,pca,0.5,downside,effect_bp_per_sd,-0.8239209463158017,-3.094357978932839,0.696240077933598,199
clock_FXKST_USNY_quote,3,full_macro,all,6,pca,0.5,btc_vol,coef_raw,-209.1847313297487,-873.200624654874,447.4225353281413,199
clock_FXKST_USNY_quote,3,full_macro,all,6,pca,0.5,btc_vol,effect_bp_per_sd,-0.3809461882033258,-1.5901851315078814,0.8148009095407819,199
clock_FXKST_USNY_quote,3,full_macro,all,6,pca,0.5,account_ls,coef_raw,0.2703489033338048,-1.0651603754909527,2.2208392573111975,199
clock_FXKST_USNY_quote,3,full_macro,all,6,pca,0.5,account_ls,effect_bp_per_sd,0.1609312156285453,-0.6340604750131512,1.3220041101975375,199
clock_FXKST_USNY_quote,3,full_macro,all,6,ml,0.1,e_origin,coef_raw,0.326282267390259,0.16625317187749525,0.46222678699198844,199
clock_FXKST_USNY_quote,3,full_macro,all,6,ml,0.1,e_origin,effect_bp_per_sd,3.399543004658189,1.7321959050332618,4.815952312862826,199
clock_FXKST_USNY_quote,3,full_macro,all,6,ml,0.1,downside,coef_raw,-114164.91531278736,-607352.3038942767,133185.09085438043,199
clock_FXKST_USNY_quote,3,full_macro,all,6,ml,0.1,downside,effect_bp_per_sd,-1.652076902563274,-8.788976107355262,1.9273172652340047,199
clock_FXKST_USNY_quote,3,full_macro,all,6,ml,0.1,btc_vol,coef_raw,-556.7289686484652,-1595.3386803721787,1028.9745726361728,199
clock_FXKST_USNY_quote,3,full_macro,all,6,ml,0.1,btc_vol,effect_bp_per_sd,-1.0138587894098403,-2.9052703097297115,1.8738649743321456,199
clock_FXKST_USNY_quote,3,full_macro,all,6,ml,0.1,account_ls,coef_raw,1.1664672647918664,-1.2877203074937462,3.430742221455986,199
clock_FXKST_USNY_quote,3,full_macro,all,6,ml,0.1,account_ls,effect_bp_per_sd,0.694365660814524,-0.7665442393848239,2.042225840011575,199
clock_FXKST_USNY_quote,3,full_macro,all,6,ml,0.5,e_origin,coef_raw,0.2450695794083324,0.10396206709288115,0.35975176697104677,199
clock_FXKST_USNY_quote,3,full_macro,all,6,ml,0.5,e_origin,effect_bp_per_sd,2.55338600223603,1.083183345396725,3.748262547645752,199
clock_FXKST_USNY_quote,3,full_macro,all,6,ml,0.5,downside,coef_raw,-13440.55483452182,-197098.22335834944,91944.95059756999,199
clock_FXKST_USNY_quote,3,full_macro,all,6,ml,0.5,downside,effect_bp_per_sd,-0.1944978467238571,-2.8522021976230927,1.3305324912946588,199
clock_FXKST_USNY_quote,3,full_macro,all,6,ml,0.5,btc_vol,coef_raw,-225.77281055136527,-862.1065156838606,548.8927588209644,199
clock_FXKST_USNY_quote,3,full_macro,all,6,ml,0.5,btc_vol,effect_bp_per_sd,-0.4111547292804869,-1.5699816563443056,0.9995882724138261,199
clock_FXKST_USNY_quote,3,full_macro,all,6,ml,0.5,account_ls,coef_raw,0.8163768893105969,-0.6578742479638866,3.1430063559791424,199
clock_FXKST_USNY_quote,3,full_macro,all,6,ml,0.5,account_ls,effect_bp_per_sd,0.4859665550245888,-0.39161432190024664,1.8709446473005933,199
clock_FXKST_USNY_quote,3,full_macro,all,6,joint_linear,0.1,e_origin,coef_raw,0.332909724995364,0.14561489917343065,0.4627869557791378,199
clock_FXKST_USNY_quote,3,full_macro,all,6,joint_linear,0.1,e_origin,effect_bp_per_sd,3.469735845585096,1.5176643918117683,4.823375133779707,199
clock_FXKST_USNY_quote,3,full_macro,all,6,joint_linear,0.1,downside,coef_raw,-137982.01347307267,-587587.3363827049,142261.0262800971,199
clock_FXKST_USNY_quote,3,full_macro,all,6,joint_linear,0.1,downside,effect_bp_per_sd,-1.9967333817354036,-8.502957883487461,2.0586548416242776,199
clock_FXKST_USNY_quote,3,full_macro,all,6,joint_linear,0.1,btc_vol,coef_raw,-622.9131959735637,-1705.468071702443,966.9967796765902,199
clock_FXKST_USNY_quote,3,full_macro,all,6,joint_linear,0.1,btc_vol,effect_bp_per_sd,-1.1343868459195416,-3.1058268779348897,1.7609972529113596,199
clock_FXKST_USNY_quote,3,full_macro,all,6,joint_linear,0.1,account_ls,coef_raw,0.2203640268773197,-2.335865224822617,2.630982183055374,199
clock_FXKST_USNY_quote,3,full_macro,all,6,joint_linear,0.1,account_ls,effect_bp_per_sd,0.1311766028596798,-1.3904758833476805,1.5661508361783754,199
clock_FXKST_USNY_quote,3,full_macro,all,6,joint_linear,0.5,e_origin,coef_raw,0.2143998714472215,0.08392772251909876,0.3234893149242182,199
clock_FXKST_USNY_quote,3,full_macro,all,6,joint_linear,0.5,e_origin,effect_bp_per_sd,2.234572508386832,0.8747327140019471,3.3715520676722672,199
clock_FXKST_USNY_quote,3,full_macro,all,6,joint_linear,0.5,downside,coef_raw,-55055.91666405291,-214617.40624257404,47126.9400587103,199
clock_FXKST_USNY_quote,3,full_macro,all,6,joint_linear,0.5,downside,effect_bp_per_sd,-0.7967124402530208,-3.105721742708477,0.6819724689162763,199
clock_FXKST_USNY_quote,3,full_macro,all,6,joint_linear,0.5,btc_vol,coef_raw,-230.38945219971265,-843.3866071716101,510.5308095272848,199
clock_FXKST_USNY_quote,3,full_macro,all,6,joint_linear,0.5,btc_vol,effect_bp_per_sd,-0.419562092605042,-1.5358908422302704,0.9297273496658843,199
clock_FXKST_USNY_quote,3,full_macro,all,6,joint_linear,0.5,account_ls,coef_raw,0.2676639374342719,-1.065196790456823,2.293542888844075,199
clock_FXKST_USNY_quote,3,full_macro,all,6,joint_linear,0.5,account_ls,effect_bp_per_sd,0.1593329297808697,-0.6340821518339271,1.365282568733577,199
clock_FXKST_USNY_quote,3,full_macro,matched,6,linear,0.1,e_origin,coef_raw,0.3490806470726541,0.11640477262112153,0.6081564829959717,199
clock_FXKST_USNY_quote,3,full_macro,matched,6,linear,0.1,e_origin,effect_bp_per_sd,3.3324911550372454,1.111255746822516,5.80575324773253,199
clock_FXKST_USNY_quote,3,full_macro,matched,6,linear,0.1,downside,coef_raw,-473446.1298760498,-1221728.3710052352,137495.25160768628,199
clock_FXKST_USNY_quote,3,full_macro,matched,6,linear,0.1,downside,effect_bp_per_sd,-6.040405756147716,-15.587275128008843,1.7542167035381238,199
clock_FXKST_USNY_quote,3,full_macro,matched,6,linear,0.1,btc_vol,coef_raw,622.6308252196976,-1413.6483473160333,2509.8660500711035,199
clock_FXKST_USNY_quote,3,full_macro,matched,6,linear,0.1,btc_vol,effect_bp_per_sd,1.1170165771242873,-2.5361234526401435,4.502767724841814,199
clock_FXKST_USNY_quote,3,full_macro,matched,6,linear,0.1,account_ls,coef_raw,1.1619291677598973,-2.9793876006552464,5.133816648545519,199
clock_FXKST_USNY_quote,3,full_macro,matched,6,linear,0.1,account_ls,effect_bp_per_sd,0.6473070387865487,-1.659807343416335,2.8600329044582398,199
clock_FXKST_USNY_quote,3,full_macro,matched,6,pca,0.1,e_origin,coef_raw,0.3458062469585458,0.11726848542314917,0.6110870589178278,199
clock_FXKST_USNY_quote,3,full_macro,matched,6,pca,0.1,e_origin,effect_bp_per_sd,3.284774950811532,1.1139202568649509,5.804647780521437,199
clock_FXKST_USNY_quote,3,full_macro,matched,6,pca,0.1,downside,coef_raw,-463339.7510606021,-1201322.0824097462,136669.74388426304,199
clock_FXKST_USNY_quote,3,full_macro,matched,6,pca,0.1,downside,effect_bp_per_sd,-5.911464732199285,-15.326923938474193,1.7436845620976278,199
clock_FXKST_USNY_quote,3,full_macro,matched,6,pca,0.1,btc_vol,coef_raw,567.3500851094916,-1400.1436125937694,2515.268267775726,199
clock_FXKST_USNY_quote,3,full_macro,matched,6,pca,0.1,btc_vol,effect_bp_per_sd,1.017841430958,-2.511895592496676,4.512459449833376,199
clock_FXKST_USNY_quote,3,full_macro,matched,6,pca,0.1,account_ls,coef_raw,1.154369834040417,-3.0798824484928433,5.160238094576626,199
clock_FXKST_USNY_quote,3,full_macro,matched,6,pca,0.1,account_ls,effect_bp_per_sd,0.6430957580467858,-1.715792703085438,2.874752207893773,199
clock_FXKST_USNY_quote,3,full_macro,matched,6,ml,0.1,e_origin,coef_raw,0.4087570137653505,0.13377507498116747,0.5885246995792469,199
clock_FXKST_USNY_quote,3,full_macro,matched,6,ml,0.1,e_origin,effect_bp_per_sd,3.910157867509898,1.279688529612893,5.629810392940984,199
clock_FXKST_USNY_quote,3,full_macro,matched,6,ml,0.1,downside,coef_raw,-515795.7651608815,-1204900.7358237226,136545.66789087615,199
clock_FXKST_USNY_quote,3,full_macro,matched,6,ml,0.1,downside,effect_bp_per_sd,-6.580718506855438,-15.372581759537598,1.7421015533932371,199
clock_FXKST_USNY_quote,3,full_macro,matched,6,ml,0.1,btc_vol,coef_raw,783.2507556441394,-1332.4075361696043,2598.0986225615884,199
clock_FXKST_USNY_quote,3,full_macro,matched,6,ml,0.1,btc_vol,effect_bp_per_sd,1.405173085979023,-2.390375235375821,4.661059351472114,199
clock_FXKST_USNY_quote,3,full_macro,matched,6,ml,0.1,account_ls,coef_raw,2.06865068244306,-2.005402069555044,5.732016016534216,199
clock_FXKST_USNY_quote,3,full_macro,matched,6,ml,0.1,account_ls,effect_bp_per_sd,1.1524387068426654,-1.117203106040226,3.1932878671882596,199
clock_FXKST_USNY_quote,3,full_macro,matched,6,joint_linear,0.1,e_origin,coef_raw,0.3569580248602309,0.11761825283334497,0.6059952635762189,199
clock_FXKST_USNY_quote,3,full_macro,matched,6,joint_linear,0.1,e_origin,effect_bp_per_sd,3.4124214299235107,1.124398440617281,5.793149557764779,199
clock_FXKST_USNY_quote,3,full_macro,matched,6,joint_linear,0.1,downside,coef_raw,-488301.6544945681,-1193609.8446344782,136760.69489308313,199
clock_FXKST_USNY_quote,3,full_macro,matched,6,joint_linear,0.1,downside,effect_bp_per_sd,-6.229938188147497,-15.228528276305186,1.744844949652909,199
clock_FXKST_USNY_quote,3,full_macro,matched,6,joint_linear,0.1,btc_vol,coef_raw,664.4729813039371,-1415.1277514672208,2478.752006186953,199
clock_FXKST_USNY_quote,3,full_macro,matched,6,joint_linear,0.1,btc_vol,effect_bp_per_sd,1.192082539289308,-2.5387775437872686,4.446948286753915,199
clock_FXKST_USNY_quote,3,full_macro,matched,6,joint_linear,0.1,account_ls,coef_raw,1.2291811519675118,-2.9726855003400123,5.120019304530689,199
clock_FXKST_USNY_quote,3,full_macro,matched,6,joint_linear,0.1,account_ls,effect_bp_per_sd,0.6847729050009911,-1.6560736246759158,2.852346448050077,199
clock_FXKST_USNY_quote,3,full_macro,matched,12,linear,0.1,e_origin,coef_raw,0.275145432271604,-0.07522485211865375,0.43733628271139896,199
clock_FXKST_USNY_quote,3,full_macro,matched,12,linear,0.1,e_origin,effect_bp_per_sd,2.626670160844469,-0.7181324900896707,4.175021749656814,199
clock_FXKST_USNY_quote,3,full_macro,matched,12,linear,0.1,downside,coef_raw,11467.847249780329,-462886.68355313694,461378.3832781814,199
clock_FXKST_USNY_quote,3,full_macro,matched,12,linear,0.1,downside,effect_bp_per_sd,0.146311155941503,-5.905684324656968,5.886440856207399,199
clock_FXKST_USNY_quote,3,full_macro,matched,12,linear,0.1,btc_vol,coef_raw,-869.085331228085,-3132.4470480513,1145.3118325678447,199
clock_FXKST_USNY_quote,3,full_macro,matched,12,linear,0.1,btc_vol,effect_bp_per_sd,-1.5591626411602393,-5.619694910547848,2.0547204718035954,199
clock_FXKST_USNY_quote,3,full_macro,matched,12,linear,0.1,account_ls,coef_raw,-0.9429247430767536,-4.187245700939806,2.351221913504632,199
clock_FXKST_USNY_quote,3,full_macro,matched,12,linear,0.1,account_ls,effect_bp_per_sd,-0.52530037129226,-2.3327012442355177,1.309858239719503,199
clock_FXKST_USNY_quote,3,full_macro,matched,12,pca,0.1,e_origin,coef_raw,0.2689007051032553,-0.071066136977984,0.44141251696743383,199
clock_FXKST_USNY_quote,3,full_macro,matched,12,pca,0.1,e_origin,effect_bp_per_sd,2.5542577907350994,-0.6750493047750133,4.192928240776145,199
clock_FXKST_USNY_quote,3,full_macro,matched,12,pca,0.1,downside,coef_raw,19185.892485623823,-461283.07025893155,458948.8129313739,199
clock_FXKST_USNY_quote,3,full_macro,matched,12,pca,0.1,downside,effect_bp_per_sd,0.2447809119008618,-5.885224816464369,5.855443473861778,199
clock_FXKST_USNY_quote,3,full_macro,matched,12,pca,0.1,btc_vol,coef_raw,-937.7534239911844,-3130.2921699941817,1189.6671376761835,199
clock_FXKST_USNY_quote,3,full_macro,matched,12,pca,0.1,btc_vol,effect_bp_per_sd,-1.6823550608558513,-5.615829000904467,2.1342950914378505,199
clock_FXKST_USNY_quote,3,full_macro,matched,12,pca,0.1,account_ls,coef_raw,-0.916178432763107,-4.237133179326567,2.2728644957683333,199
clock_FXKST_USNY_quote,3,full_macro,matched,12,pca,0.1,account_ls,effect_bp_per_sd,-0.5104000869995686,-2.3604933995605446,1.2662055718553933,199
clock_FXKST_USNY_quote,3,full_macro,matched,12,ml,0.1,e_origin,coef_raw,0.2883850599159678,-0.09033554191936628,0.44068410687639026,199
clock_FXKST_USNY_quote,3,full_macro,matched,12,ml,0.1,e_origin,effect_bp_per_sd,2.7586832101431744,-0.8641472025102718,4.215571524305321,199
clock_FXKST_USNY_quote,3,full_macro,matched,12,ml,0.1,downside,coef_raw,-90047.5768556343,-453634.742854075,457686.39131346054,199
clock_FXKST_USNY_quote,3,full_macro,matched,12,ml,0.1,downside,effect_bp_per_sd,-1.1488612267425835,-5.787644547103433,5.839337018815825,199
clock_FXKST_USNY_quote,3,full_macro,matched,12,ml,0.1,btc_vol,coef_raw,-804.0958623931602,-3103.4755494671035,1148.0419401908207,199
clock_FXKST_USNY_quote,3,full_macro,matched,12,ml,0.1,btc_vol,effect_bp_per_sd,-1.4425697725024789,-5.5677192568026905,2.059618358879972,199
clock_FXKST_USNY_quote,3,full_macro,matched,12,ml,0.1,account_ls,coef_raw,0.3735778120777435,-4.3606943113386265,3.354258581613997,199
clock_FXKST_USNY_quote,3,full_macro,matched,12,ml,0.1,account_ls,effect_bp_per_sd,0.2081190093184509,-2.429328912680539,1.8686467729998433,199
clock_FXKST_USNY_quote,3,full_macro,matched,12,joint_linear,0.1,e_origin,coef_raw,0.2670708943097773,-0.07544559010839802,0.44755296373109443,199
clock_FXKST_USNY_quote,3,full_macro,matched,12,joint_linear,0.1,e_origin,effect_bp_per_sd,2.55312496030414,-0.7212392789878582,4.278484354175161,199
clock_FXKST_USNY_quote,3,full_macro,matched,12,joint_linear,0.1,downside,coef_raw,1965.8966524459188,-471147.5342002699,465970.9378084812,199
clock_FXKST_USNY_quote,3,full_macro,matched,12,joint_linear,0.1,downside,effect_bp_per_sd,0.0250816570378022,-6.0110793984590964,5.945034413255819,199
clock_FXKST_USNY_quote,3,full_macro,matched,12,joint_linear,0.1,btc_vol,coef_raw,-816.8519937153366,-3198.00212778828,1275.9204558714791,199
clock_FXKST_USNY_quote,3,full_macro,matched,12,joint_linear,0.1,btc_vol,effect_bp_per_sd,-1.4654546178549677,-5.7373025004950255,2.28903588221403,199
clock_FXKST_USNY_quote,3,full_macro,matched,12,joint_linear,0.1,account_ls,coef_raw,-0.7503383833745292,-4.396751938444093,2.346007867228876,199
clock_FXKST_USNY_quote,3,full_macro,matched,12,joint_linear,0.1,account_ls,effect_bp_per_sd,-0.4180111236612129,-2.4494165019027867,1.3069535111452455,199
clock_FXKST_USNY_quote,7,core,matched,1,linear,0.1,e_origin,coef_raw,0.4692534164371473,0.2795095763386111,0.5377180964393725,199
clock_FXKST_USNY_quote,7,core,matched,1,linear,0.1,e_origin,effect_bp_per_sd,4.298076132010252,2.5601378629284697,4.92517099524541,199
clock_FXKST_USNY_quote,7,core,matched,1,linear,0.1,downside,coef_raw,-83098.5781238784,-315253.0430532216,279234.42354718363,199
clock_FXKST_USNY_quote,7,core,matched,1,linear,0.1,downside,effect_bp_per_sd,-1.0149986439217384,-3.8506243838999525,3.4106788303182554,199
clock_FXKST_USNY_quote,7,core,matched,1,linear,0.1,btc_vol,coef_raw,-862.4003072940421,-2283.4015152607085,456.5844265124907,199
clock_FXKST_USNY_quote,7,core,matched,1,linear,0.1,btc_vol,effect_bp_per_sd,-1.6388280897232357,-4.339171161786181,0.8676520371921876,199
clock_FXKST_USNY_quote,7,core,matched,1,linear,0.1,account_ls,coef_raw,0.2358573992506264,-1.7339294169576196,2.1275742680975056,199
clock_FXKST_USNY_quote,7,core,matched,1,linear,0.1,account_ls,effect_bp_per_sd,0.1316142188063072,-0.9675751806100983,1.1872386710687874,199
clock_FXKST_USNY_quote,7,core,matched,1,pca,0.1,e_origin,coef_raw,0.4712131223664106,0.27738223055682176,0.5398876433964044,199
clock_FXKST_USNY_quote,7,core,matched,1,pca,0.1,e_origin,effect_bp_per_sd,4.29560242023644,2.5286303041109894,4.921642792931391,199
clock_FXKST_USNY_quote,7,core,matched,1,pca,0.1,downside,coef_raw,-79230.68858232813,-314964.29505799524,280771.4348379808,199
clock_FXKST_USNY_quote,7,core,matched,1,pca,0.1,downside,effect_bp_per_sd,-0.9677547231694472,-3.847097502571695,3.429452489399712,199
clock_FXKST_USNY_quote,7,core,matched,1,pca,0.1,btc_vol,coef_raw,-881.1571966108272,-2275.2563310442943,379.38681127016036,199
clock_FXKST_USNY_quote,7,core,matched,1,pca,0.1,btc_vol,effect_bp_per_sd,-1.674471997579238,-4.323692785240011,0.7209526224902841,199
clock_FXKST_USNY_quote,7,core,matched,1,pca,0.1,account_ls,coef_raw,0.1347388364872648,-1.867525959107032,2.17717074191652,199
clock_FXKST_USNY_quote,7,core,matched,1,pca,0.1,account_ls,effect_bp_per_sd,0.0751875784414044,-1.0421253307689853,1.2149147209954665,199
clock_FXKST_USNY_quote,7,core,matched,1,ml,0.1,e_origin,coef_raw,0.4619727669846691,0.29929763491905853,0.5494001158617995,199
clock_FXKST_USNY_quote,7,core,matched,1,ml,0.1,e_origin,effect_bp_per_sd,4.247351193458025,2.7517253347421113,5.051153237933243,199
clock_FXKST_USNY_quote,7,core,matched,1,ml,0.1,downside,coef_raw,-94869.6835702522,-304355.4163911818,257808.73653607318,199
clock_FXKST_USNY_quote,7,core,matched,1,ml,0.1,downside,effect_bp_per_sd,-1.1587755452270574,-3.717516495249361,3.1489770809941025,199
clock_FXKST_USNY_quote,7,core,matched,1,ml,0.1,btc_vol,coef_raw,-802.4180628740304,-2127.1454843216384,214.21555428137154,199
clock_FXKST_USNY_quote,7,core,matched,1,ml,0.1,btc_vol,effect_bp_per_sd,-1.5248432195779569,-4.042236234321806,0.4070760001390476,199
clock_FXKST_USNY_quote,7,core,matched,1,ml,0.1,account_ls,coef_raw,0.9541469501911276,-0.992750326315107,2.761531921132606,199
clock_FXKST_USNY_quote,7,core,matched,1,ml,0.1,account_ls,effect_bp_per_sd,0.5324374214030189,-0.5539790529481232,1.5410026043844098,199
clock_FXKST_USNY_quote,7,core,matched,1,joint_linear,0.1,e_origin,coef_raw,0.4716161982376533,0.279418418903787,0.5387371445542838,199
clock_FXKST_USNY_quote,7,core,matched,1,joint_linear,0.1,e_origin,effect_bp_per_sd,4.3254786016731055,2.562716031379026,4.941085567891711,199
clock_FXKST_USNY_quote,7,core,matched,1,joint_linear,0.1,downside,coef_raw,-83300.9663391577,-314548.77251745894,274499.6572726961,199
clock_FXKST_USNY_quote,7,core,matched,1,joint_linear,0.1,downside,effect_bp_per_sd,-1.0174706930071995,-3.8420221471963654,3.352846536957868,199
clock_FXKST_USNY_quote,7,core,matched,1,joint_linear,0.1,btc_vol,coef_raw,-844.1543126392824,-2277.716408773351,401.7576733181049,199
clock_FXKST_USNY_quote,7,core,matched,1,joint_linear,0.1,btc_vol,effect_bp_per_sd,-1.6041550401982605,-4.328367696010776,0.7634641995449463,199
clock_FXKST_USNY_quote,7,core,matched,1,joint_linear,0.1,account_ls,coef_raw,0.204265866204917,-1.8202684126320765,2.0920632406936153,199
clock_FXKST_USNY_quote,7,core,matched,1,joint_linear,0.1,account_ls,effect_bp_per_sd,0.1139853678314585,-1.0157544597182333,1.1674226460230523,199
clock_FXKST_USNY_quote,7,core,all,6,linear,0.1,e_origin,coef_raw,0.3139358184105253,0.14273167845271828,0.4344695085915903,199
clock_FXKST_USNY_quote,7,core,all,6,linear,0.1,e_origin,effect_bp_per_sd,3.104484196957124,1.411461241998799,4.296431449942182,199
clock_FXKST_USNY_quote,7,core,all,6,linear,0.1,downside,coef_raw,-151031.55221903845,-381688.02117050136,102678.61100370537,199
clock_FXKST_USNY_quote,7,core,all,6,linear,0.1,downside,effect_bp_per_sd,-2.037193429467714,-5.1484098349686525,1.384983393273051,199
clock_FXKST_USNY_quote,7,core,all,6,linear,0.1,btc_vol,coef_raw,-291.1998813748243,-1274.3517008389592,652.5807228735364,199
clock_FXKST_USNY_quote,7,core,all,6,linear,0.1,btc_vol,effect_bp_per_sd,-0.5592130707747277,-2.4472335789033823,1.2531999266056435,199
clock_FXKST_USNY_quote,7,core,all,6,linear,0.1,account_ls,coef_raw,0.5582936869769057,-0.9382645964159155,2.0673709125191175,199
clock_FXKST_USNY_quote,7,core,all,6,linear,0.1,account_ls,effect_bp_per_sd,0.323625936317671,-0.5438835609498536,1.1983922850762838,199
clock_FXKST_USNY_quote,7,core,all,6,linear,0.5,e_origin,coef_raw,0.1888862065301196,0.07697959456563583,0.2901473338220198,199
clock_FXKST_USNY_quote,7,core,all,6,linear,0.5,e_origin,effect_bp_per_sd,1.8678793842795092,0.7612445627490425,2.869241927220318,199
clock_FXKST_USNY_quote,7,core,all,6,linear,0.5,downside,coef_raw,-76993.2371043297,-222832.13738422366,27574.983394398816,199
clock_FXKST_USNY_quote,7,core,all,6,linear,0.5,downside,effect_bp_per_sd,-1.038525489792446,-3.0056776844551556,0.3719459554204947,199
clock_FXKST_USNY_quote,7,core,all,6,linear,0.5,btc_vol,coef_raw,80.58240390904261,-507.42845228559037,707.2921468242504,199
clock_FXKST_USNY_quote,7,core,all,6,linear,0.5,btc_vol,effect_bp_per_sd,0.154748461186293,-0.9744530858370912,1.3582663958963892,199
clock_FXKST_USNY_quote,7,core,all,6,linear,0.5,account_ls,coef_raw,-0.1143083229713097,-0.9710519086432771,1.535317843385663,199
clock_FXKST_USNY_quote,7,core,all,6,linear,0.5,account_ls,effect_bp_per_sd,-0.066261071750258,-0.5628893725261515,0.8899772399387098,199
clock_FXKST_USNY_quote,7,core,all,6,pca,0.1,e_origin,coef_raw,0.3128827764006466,0.1400387231457271,0.43776629922336524,199
clock_FXKST_USNY_quote,7,core,all,6,pca,0.1,e_origin,effect_bp_per_sd,3.0816335184431494,1.379264234645041,4.311631712204237,199
clock_FXKST_USNY_quote,7,core,all,6,pca,0.1,downside,coef_raw,-150635.63336601504,-373202.3445048759,99391.89371975913,199
clock_FXKST_USNY_quote,7,core,all,6,pca,0.1,downside,effect_bp_per_sd,-2.0318530666486128,-5.033950541570616,1.340650412799788,199
clock_FXKST_USNY_quote,7,core,all,6,pca,0.1,btc_vol,coef_raw,-284.7849886071281,-1230.028746876538,566.000681785378,199
clock_FXKST_USNY_quote,7,core,all,6,pca,0.1,btc_vol,effect_bp_per_sd,-0.5468940689043371,-2.3621168711831997,1.086933750891133,199
clock_FXKST_USNY_quote,7,core,all,6,pca,0.1,account_ls,coef_raw,0.5112662573306972,-0.8857967869494408,2.0422060314504593,199
clock_FXKST_USNY_quote,7,core,all,6,pca,0.1,account_ls,effect_bp_per_sd,0.2963655600911757,-0.5134695613628809,1.1838049659140948,199
clock_FXKST_USNY_quote,7,core,all,6,pca,0.5,e_origin,coef_raw,0.1874857804334757,0.0778930552758155,0.29225936580937034,199
clock_FXKST_USNY_quote,7,core,all,6,pca,0.5,e_origin,effect_bp_per_sd,1.8465780438979689,0.7671814113683566,2.8785101823688377,199
clock_FXKST_USNY_quote,7,core,all,6,pca,0.5,downside,coef_raw,-74898.83260834584,-229208.57254067293,24255.530939648525,199
clock_FXKST_USNY_quote,7,core,all,6,pca,0.5,downside,effect_bp_per_sd,-1.0102750546007448,-3.0916864131829525,0.3271714256557444,199
clock_FXKST_USNY_quote,7,core,all,6,pca,0.5,btc_vol,coef_raw,75.13129396795082,-491.80202296431565,689.1146415851645,199
clock_FXKST_USNY_quote,7,core,all,6,pca,0.5,btc_vol,effect_bp_per_sd,0.1442802840878111,-0.9444444763392517,1.3233587631192703,199
clock_FXKST_USNY_quote,7,core,all,6,pca,0.5,account_ls,coef_raw,-0.120375996541686,-0.8767727631458259,1.4927708040952437,199
clock_FXKST_USNY_quote,7,core,all,6,pca,0.5,account_ls,effect_bp_per_sd,-0.0697783182932307,-0.5082386081550603,0.8653140102639018,199
clock_FXKST_USNY_quote,7,core,all,6,ml,0.1,e_origin,coef_raw,0.3390847122800352,0.1572406142023029,0.4446715688365131,199
clock_FXKST_USNY_quote,7,core,all,6,ml,0.1,e_origin,effect_bp_per_sd,3.360111628096502,1.5581534556292715,4.406409534315814,199
clock_FXKST_USNY_quote,7,core,all,6,ml,0.1,downside,coef_raw,-103400.9764451134,-404659.12259977637,120182.09087457113,199
clock_FXKST_USNY_quote,7,core,all,6,ml,0.1,downside,effect_bp_per_sd,-1.3947270402745515,-5.458256196287161,1.6210795841804582,199
clock_FXKST_USNY_quote,7,core,all,6,ml,0.1,btc_vol,coef_raw,-293.7069732624763,-1284.5895264040987,711.3639136714746,199
clock_FXKST_USNY_quote,7,core,all,6,ml,0.1,btc_vol,effect_bp_per_sd,-0.5640276282072003,-2.4668940466388354,1.3660857165340377,199
clock_FXKST_USNY_quote,7,core,all,6,ml,0.1,account_ls,coef_raw,1.1543728835848754,-0.3438426554095486,2.8692672555898806,199
clock_FXKST_USNY_quote,7,core,all,6,ml,0.1,account_ls,effect_bp_per_sd,0.6691549878215599,-0.1993151703101248,1.6632273009641256,199
clock_FXKST_USNY_quote,7,core,all,6,ml,0.5,e_origin,coef_raw,0.1981578698513368,0.09726287024393501,0.30828716413754825,199
clock_FXKST_USNY_quote,7,core,all,6,ml,0.5,e_origin,effect_bp_per_sd,1.9636171687281143,0.9638125502360779,3.054927714216687,199
clock_FXKST_USNY_quote,7,core,all,6,ml,0.5,downside,coef_raw,-52188.1255646035,-214689.87091145662,63702.97714047465,199
clock_FXKST_USNY_quote,7,core,all,6,ml,0.5,downside,effect_bp_per_sd,-0.703941030429563,-2.8958504893056287,0.8592594365970367,199
clock_FXKST_USNY_quote,7,core,all,6,ml,0.5,btc_vol,coef_raw,83.98260096937291,-556.4715678689454,674.6212983082968,199
clock_FXKST_USNY_quote,7,core,all,6,ml,0.5,btc_vol,effect_bp_per_sd,0.1612781157670895,-1.068634275527984,1.2955261041175412,199
clock_FXKST_USNY_quote,7,core,all,6,ml,0.5,account_ls,coef_raw,0.4990798946389101,-0.6649898956696726,2.2707496442850963,199
clock_FXKST_USNY_quote,7,core,all,6,ml,0.5,account_ls,effect_bp_per_sd,0.2893014948358589,-0.3854744960366897,1.3162847743345185,199
clock_FXKST_USNY_quote,7,core,all,6,joint_linear,0.1,e_origin,coef_raw,0.3200741528768341,0.14343619478807396,0.4396496856885086,199
clock_FXKST_USNY_quote,7,core,all,6,joint_linear,0.1,e_origin,effect_bp_per_sd,3.1683286210210904,1.4198366133371798,4.351974909157512,199
clock_FXKST_USNY_quote,7,core,all,6,joint_linear,0.1,downside,coef_raw,-146013.35757825358,-391921.9459108466,102072.7968313931,199
clock_FXKST_USNY_quote,7,core,all,6,joint_linear,0.1,downside,effect_bp_per_sd,-1.969505366941741,-5.286450422729163,1.376811851411897,199
clock_FXKST_USNY_quote,7,core,all,6,joint_linear,0.1,btc_vol,coef_raw,-323.6167036908766,-1270.240159617124,554.5887304379833,199
clock_FXKST_USNY_quote,7,core,all,6,joint_linear,0.1,btc_vol,effect_bp_per_sd,-0.6214655369039449,-2.439337876537625,1.0650185209591054,199
clock_FXKST_USNY_quote,7,core,all,6,joint_linear,0.1,account_ls,coef_raw,0.6006756610917584,-0.81990896352049,2.1022824830604447,199
clock_FXKST_USNY_quote,7,core,all,6,joint_linear,0.1,account_ls,effect_bp_per_sd,0.3481934827110048,-0.47527638625357743,1.2186294648408198,199
clock_FXKST_USNY_quote,7,core,all,6,joint_linear,0.5,e_origin,coef_raw,0.1890825730955582,0.08193066729954099,0.3004185534585881,199
clock_FXKST_USNY_quote,7,core,all,6,joint_linear,0.5,e_origin,effect_bp_per_sd,1.8716779305372289,0.8110098107308941,2.973763087876906,199
clock_FXKST_USNY_quote,7,core,all,6,joint_linear,0.5,downside,coef_raw,-74113.5101128845,-217405.879283032,31278.510841634066,199
clock_FXKST_USNY_quote,7,core,all,6,joint_linear,0.5,downside,effect_bp_per_sd,-0.9996822095676302,-2.9324854462246193,0.4219010917513382,199
clock_FXKST_USNY_quote,7,core,all,6,joint_linear,0.5,btc_vol,coef_raw,71.58536006255439,-505.546706070275,723.2092123163678,199
clock_FXKST_USNY_quote,7,core,all,6,joint_linear,0.5,btc_vol,effect_bp_per_sd,0.1374707600638346,-0.9708394268118294,1.3888331359291994,199
clock_FXKST_USNY_quote,7,core,all,6,joint_linear,0.5,account_ls,coef_raw,-0.1153729313105003,-0.9910267577614857,1.569980238699269,199
clock_FXKST_USNY_quote,7,core,all,6,joint_linear,0.5,account_ls,effect_bp_per_sd,-0.066878192951194,-0.5744681874034758,0.9100699803727299,199
clock_FXKST_USNY_quote,7,core,matched,6,linear,0.1,e_origin,coef_raw,0.3284404030092411,0.1665799438759027,0.5484923130404348,199
clock_FXKST_USNY_quote,7,core,matched,6,linear,0.1,e_origin,effect_bp_per_sd,3.0083145002545293,1.525771056246585,5.023856271882786,199
clock_FXKST_USNY_quote,7,core,matched,6,linear,0.1,downside,coef_raw,-307825.50897148694,-1214607.7927671156,136785.70075168798,199
clock_FXKST_USNY_quote,7,core,matched,6,linear,0.1,downside,effect_bp_per_sd,-3.759901567807906,-14.835696234387742,1.6707542283560817,199
clock_FXKST_USNY_quote,7,core,matched,6,linear,0.1,btc_vol,coef_raw,313.72330439012467,-1561.6723113834164,2773.9993860941026,199
clock_FXKST_USNY_quote,7,core,matched,6,linear,0.1,btc_vol,effect_bp_per_sd,0.5961715914139043,-2.9676618029839554,5.2714592937360765,199
clock_FXKST_USNY_quote,7,core,matched,6,linear,0.1,account_ls,coef_raw,0.9146819335574592,-1.6898553149586113,4.016467013604374,199
clock_FXKST_USNY_quote,7,core,matched,6,linear,0.1,account_ls,effect_bp_per_sd,0.5104149733012368,-0.9429807497267791,2.241287193178603,199
clock_FXKST_USNY_quote,7,core,matched,6,pca,0.1,e_origin,coef_raw,0.3292564408588598,0.16849992872761793,0.5511217902992741,199
clock_FXKST_USNY_quote,7,core,matched,6,pca,0.1,e_origin,effect_bp_per_sd,3.001518202907699,1.5360537881820637,5.024053838665671,199
clock_FXKST_USNY_quote,7,core,matched,6,pca,0.1,downside,coef_raw,-312847.8498214979,-1214221.4921417746,136869.3982614066,199
clock_FXKST_USNY_quote,7,core,matched,6,pca,0.1,downside,effect_bp_per_sd,-3.8212464098878103,-14.830977806952284,1.6717765425855426,199
clock_FXKST_USNY_quote,7,core,matched,6,pca,0.1,btc_vol,coef_raw,359.63606922820816,-1522.5957433177437,2809.169248380287,199
clock_FXKST_USNY_quote,7,core,matched,6,pca,0.1,btc_vol,effect_bp_per_sd,0.6834200861756922,-2.893404202593083,5.338292941334308,199
clock_FXKST_USNY_quote,7,core,matched,6,pca,0.1,account_ls,coef_raw,0.976059152453558,-1.7367110576294542,3.9877507292101058,199
clock_FXKST_USNY_quote,7,core,matched,6,pca,0.1,account_ls,effect_bp_per_sd,0.5446649681845002,-0.9691274043910209,2.225262801535264,199
clock_FXKST_USNY_quote,7,core,matched,6,ml,0.1,e_origin,coef_raw,0.3925169272556237,0.1794823883891617,0.5549658087696536,199
clock_FXKST_USNY_quote,7,core,matched,6,ml,0.1,e_origin,effect_bp_per_sd,3.608778176067197,1.650150811930222,5.102323900154075,199
clock_FXKST_USNY_quote,7,core,matched,6,ml,0.1,downside,coef_raw,-245744.52326556144,-1207805.38732122,196493.98483849445,199
clock_FXKST_USNY_quote,7,core,matched,6,ml,0.1,downside,effect_bp_per_sd,-3.0016200456992546,-14.75260898477563,2.4000546417597612,199
clock_FXKST_USNY_quote,7,core,matched,6,ml,0.1,btc_vol,coef_raw,144.04300042930493,-1614.2539354198889,2796.3421690250743,199
clock_FXKST_USNY_quote,7,core,matched,6,ml,0.1,btc_vol,effect_bp_per_sd,0.2737263811654393,-3.067583198819981,5.313917511758697,199
clock_FXKST_USNY_quote,7,core,matched,6,ml,0.1,account_ls,coef_raw,1.488154755152337,-1.0662478727590923,4.858916425715011,199
clock_FXKST_USNY_quote,7,core,matched,6,ml,0.1,account_ls,effect_bp_per_sd,0.8304268858410475,-0.5949924881430326,2.711394646288237,199
clock_FXKST_USNY_quote,7,core,matched,6,joint_linear,0.1,e_origin,coef_raw,0.3345178009415653,0.17125143054205047,0.5509917805557369,199
clock_FXKST_USNY_quote,7,core,matched,6,joint_linear,0.1,e_origin,effect_bp_per_sd,3.068065930005119,1.5706508832469688,5.05348027781401,199
clock_FXKST_USNY_quote,7,core,matched,6,joint_linear,0.1,downside,coef_raw,-309319.100669632,-1212381.3001625673,139682.8922843381,199
clock_FXKST_USNY_quote,7,core,matched,6,joint_linear,0.1,downside,effect_bp_per_sd,-3.778144882945382,-14.80850097996414,1.7061416626926555,199
clock_FXKST_USNY_quote,7,core,matched,6,joint_linear,0.1,btc_vol,coef_raw,298.50417715414704,-1562.0199257502125,2749.32128726918,199
clock_FXKST_USNY_quote,7,core,matched,6,joint_linear,0.1,btc_vol,effect_bp_per_sd,0.5672505288812955,-2.968322378106527,5.224563251128962,199
clock_FXKST_USNY_quote,7,core,matched,6,joint_linear,0.1,account_ls,coef_raw,1.0410337155297993,-1.7225141448835222,4.011411585039076,199
clock_FXKST_USNY_quote,7,core,matched,6,joint_linear,0.1,account_ls,effect_bp_per_sd,0.580922369430893,-0.9612051785611175,2.238466139934283,199
clock_FXKST_USNY_quote,7,core,matched,12,linear,0.1,e_origin,coef_raw,0.275018380153931,0.09748940252207995,0.4112786987454099,199
clock_FXKST_USNY_quote,7,core,matched,12,linear,0.1,e_origin,effect_bp_per_sd,2.5190012351504287,0.892943683363072,3.7670629488504765,199
clock_FXKST_USNY_quote,7,core,matched,12,linear,0.1,downside,coef_raw,-10469.710017806505,-349294.6377532759,438074.18685690593,199
clock_FXKST_USNY_quote,7,core,matched,12,linear,0.1,downside,effect_bp_per_sd,-0.127881146828839,-4.266421780649393,5.350810033524617,199
clock_FXKST_USNY_quote,7,core,matched,12,linear,0.1,btc_vol,coef_raw,-808.1556505557442,-2355.75710190248,483.5922034070703,199
clock_FXKST_USNY_quote,7,core,matched,12,linear,0.1,btc_vol,effect_bp_per_sd,-1.5357464159016525,-4.476669220209889,0.9189751907688527,199
clock_FXKST_USNY_quote,7,core,matched,12,linear,0.1,account_ls,coef_raw,-0.4842073535401471,-2.4969698638331934,1.5634785026053426,199
clock_FXKST_USNY_quote,7,core,matched,12,linear,0.1,account_ls,effect_bp_per_sd,-0.2701995900019941,-1.3933704817209556,0.872459386030098,199
clock_FXKST_USNY_quote,7,core,matched,12,pca,0.1,e_origin,coef_raw,0.2745372069117436,0.09936151146310983,0.4142178848505645,199
clock_FXKST_USNY_quote,7,core,matched,12,pca,0.1,e_origin,effect_bp_per_sd,2.502694926093388,0.90578451418294,3.776030980915099,199
clock_FXKST_USNY_quote,7,core,matched,12,pca,0.1,downside,coef_raw,-17558.2638775399,-347256.84780969284,440268.0786364117,199
clock_FXKST_USNY_quote,7,core,matched,12,pca,0.1,downside,effect_bp_per_sd,-0.2144635254619597,-4.241531414580183,5.377607088677472,199
clock_FXKST_USNY_quote,7,core,matched,12,pca,0.1,btc_vol,coef_raw,-773.2802100737921,-2343.758841614927,478.84558966606596,199
clock_FXKST_USNY_quote,7,core,matched,12,pca,0.1,btc_vol,effect_bp_per_sd,-1.469472261057449,-4.453868803952211,0.9099551523203134,199
clock_FXKST_USNY_quote,7,core,matched,12,pca,0.1,account_ls,coef_raw,-0.4242641333697707,-2.5975642337070166,1.5600244817835127,199
clock_FXKST_USNY_quote,7,core,matched,12,pca,0.1,account_ls,effect_bp_per_sd,-0.2367498016106824,-1.4495046095851714,0.8705319576193284,199
clock_FXKST_USNY_quote,7,core,matched,12,ml,0.1,e_origin,coef_raw,0.2817947173603223,0.08033933672076554,0.3985282339050191,199
clock_FXKST_USNY_quote,7,core,matched,12,ml,0.1,e_origin,effect_bp_per_sd,2.590804511925377,0.7386352661647124,3.664045785537343,199
clock_FXKST_USNY_quote,7,core,matched,12,ml,0.1,downside,coef_raw,-134949.0417591385,-343887.95716954005,420052.7988773616,199
clock_FXKST_USNY_quote,7,core,matched,12,ml,0.1,downside,effect_bp_per_sd,-1.648320554653442,-4.200382462233751,5.13068972853508,199
clock_FXKST_USNY_quote,7,core,matched,12,ml,0.1,btc_vol,coef_raw,-574.2414150292573,-2364.307502495381,470.3036286839933,199
clock_FXKST_USNY_quote,7,core,matched,12,ml,0.1,btc_vol,effect_bp_per_sd,-1.0912368111106154,-4.49291763356447,0.8937227768441675,199
clock_FXKST_USNY_quote,7,core,matched,12,ml,0.1,account_ls,coef_raw,0.7129174955055204,-2.2015044282277523,2.716306779852529,199
clock_FXKST_USNY_quote,7,core,matched,12,ml,0.1,account_ls,effect_bp_per_sd,0.3978254637862879,-1.2284935153207925,1.5157658653255806,199
clock_FXKST_USNY_quote,7,core,matched,12,joint_linear,0.1,e_origin,coef_raw,0.267394111748394,0.1017960947491892,0.4139828930095244,199
clock_FXKST_USNY_quote,7,core,matched,12,joint_linear,0.1,e_origin,effect_bp_per_sd,2.4524338071998035,0.933633813293293,3.796888554428068,199
clock_FXKST_USNY_quote,7,core,matched,12,joint_linear,0.1,downside,coef_raw,-10868.859225025466,-347121.9028565407,429212.4958817435,199
clock_FXKST_USNY_quote,7,core,matched,12,joint_linear,0.1,downside,effect_bp_per_sd,-0.1327565118855759,-4.239883143965379,5.2425698623241574,199
clock_FXKST_USNY_quote,7,core,matched,12,joint_linear,0.1,btc_vol,coef_raw,-783.3248953927601,-2298.1710195044348,430.2215734828918,199
clock_FXKST_USNY_quote,7,core,matched,12,joint_linear,0.1,btc_vol,effect_bp_per_sd,-1.4885602789001222,-4.367237801166046,0.817554439006359,199
clock_FXKST_USNY_quote,7,core,matched,12,joint_linear,0.1,account_ls,coef_raw,-0.5255898545628509,-2.62902911427676,1.5841777960163228,199
clock_FXKST_USNY_quote,7,core,matched,12,joint_linear,0.1,account_ls,effect_bp_per_sd,-0.2932920414648663,-1.4670627853692604,0.8840100998969704,199
clock_FXKST_USNY_quote,7,full_macro,matched,1,linear,0.1,e_origin,coef_raw,0.4119961434806719,0.2108390687398522,0.5003844671071771,199
clock_FXKST_USNY_quote,7,full_macro,matched,1,linear,0.1,e_origin,effect_bp_per_sd,3.9331126362127953,2.012770795527978,4.776909933954692,199
clock_FXKST_USNY_quote,7,full_macro,matched,1,linear,0.1,downside,coef_raw,89331.12853340873,-406775.46627646434,340180.64210201014,199
clock_FXKST_USNY_quote,7,full_macro,matched,1,linear,0.1,downside,effect_bp_per_sd,1.1397205066131644,-5.189796077959921,4.340153987996419,199
clock_FXKST_USNY_quote,7,full_macro,matched,1,linear,0.1,btc_vol,coef_raw,-1608.9533432358112,-2713.9101524044336,687.614375315962,199
clock_FXKST_USNY_quote,7,full_macro,matched,1,linear,0.1,btc_vol,effect_bp_per_sd,-2.886505909147344,-4.86882837513222,1.2335988274044611,199
clock_FXKST_USNY_quote,7,full_macro,matched,1,linear,0.1,account_ls,coef_raw,1.062879953734742,-0.9473852935357356,3.380111490266368,199
clock_FXKST_USNY_quote,7,full_macro,matched,1,linear,0.1,account_ls,effect_bp_per_sd,0.592127037110227,-0.5277853297467656,1.88304934607239,199
clock_FXKST_USNY_quote,7,full_macro,matched,1,pca,0.1,e_origin,coef_raw,0.3869659439743494,0.21185823047388472,0.5021957821184198,199
clock_FXKST_USNY_quote,7,full_macro,matched,1,pca,0.1,e_origin,effect_bp_per_sd,3.675746319691144,2.012417689687647,4.770301693547889,199
clock_FXKST_USNY_quote,7,full_macro,matched,1,pca,0.1,downside,coef_raw,41674.94419731649,-405871.515324259,336737.6562573381,199
clock_FXKST_USNY_quote,7,full_macro,matched,1,pca,0.1,downside,effect_bp_per_sd,0.5317047852572166,-5.178263127978037,4.296227065370741,199
clock_FXKST_USNY_quote,7,full_macro,matched,1,pca,0.1,btc_vol,coef_raw,-1245.3020398644064,-2604.9680416366486,690.1920696862576,199
clock_FXKST_USNY_quote,7,full_macro,matched,1,pca,0.1,btc_vol,effect_bp_per_sd,-2.234105613971818,-4.673383275491374,1.2382232809743017,199
clock_FXKST_USNY_quote,7,full_macro,matched,1,pca,0.1,account_ls,coef_raw,1.3472613212583526,-0.9230832695670455,3.452470348169642,199
clock_FXKST_USNY_quote,7,full_macro,matched,1,pca,0.1,account_ls,effect_bp_per_sd,0.7505549912450495,-0.5142467495921591,1.9233602353580475,199
clock_FXKST_USNY_quote,7,full_macro,matched,1,ml,0.1,e_origin,coef_raw,0.4304139035084905,0.20604033410875647,0.5244823426922758,199
clock_FXKST_USNY_quote,7,full_macro,matched,1,ml,0.1,e_origin,effect_bp_per_sd,4.117327053513261,1.9709759253261658,5.017183044167907,199
clock_FXKST_USNY_quote,7,full_macro,matched,1,ml,0.1,downside,coef_raw,53052.1804083166,-408593.7534904259,353806.6564434237,199
clock_FXKST_USNY_quote,7,full_macro,matched,1,ml,0.1,downside,effect_bp_per_sd,0.676859891110483,-5.212994477652022,4.513999860351049,199
clock_FXKST_USNY_quote,7,full_macro,matched,1,ml,0.1,btc_vol,coef_raw,-1604.732859725725,-2900.880738006738,740.6887703988255,199
clock_FXKST_USNY_quote,7,full_macro,matched,1,ml,0.1,btc_vol,effect_bp_per_sd,-2.8789342473322024,-5.204258673622045,1.3288157307877513,199
clock_FXKST_USNY_quote,7,full_macro,matched,1,ml,0.1,account_ls,coef_raw,1.39721883445357,-0.9437455478349017,4.664511719451864,199
clock_FXKST_USNY_quote,7,full_macro,matched,1,ml,0.1,account_ls,effect_bp_per_sd,0.7783861627388168,-0.5257576390088825,2.5985846231269294,199
clock_FXKST_USNY_quote,7,full_macro,matched,1,joint_linear,0.1,e_origin,coef_raw,0.4265594674510326,0.21732991326953233,0.5023090715966788,199
clock_FXKST_USNY_quote,7,full_macro,matched,1,joint_linear,0.1,e_origin,effect_bp_per_sd,4.077792251446408,2.0776147383008308,4.801937821772329,199
clock_FXKST_USNY_quote,7,full_macro,matched,1,joint_linear,0.1,downside,coef_raw,95906.062551969,-401001.782638105,338291.58321839944,199
clock_FXKST_USNY_quote,7,full_macro,matched,1,joint_linear,0.1,downside,effect_bp_per_sd,1.22360601498642,-5.116133226618306,4.316052656431513,199
clock_FXKST_USNY_quote,7,full_macro,matched,1,joint_linear,0.1,btc_vol,coef_raw,-1734.8418745717966,-2744.697769712956,691.6877673031754,199
clock_FXKST_USNY_quote,7,full_macro,matched,1,joint_linear,0.1,btc_vol,effect_bp_per_sd,-3.1123533466276645,-4.924062195095507,1.2409066030405889,199
clock_FXKST_USNY_quote,7,full_macro,matched,1,joint_linear,0.1,account_ls,coef_raw,0.9438526499787387,-0.9535660119550415,3.252511288356621,199
clock_FXKST_USNY_quote,7,full_macro,matched,1,joint_linear,0.1,account_ls,effect_bp_per_sd,0.5258173052721098,-0.5312285882934872,1.811963679976234,199
clock_FXKST_USNY_quote,7,full_macro,all,6,linear,0.1,e_origin,coef_raw,0.3317762984008862,0.14033063679557006,0.4296144829069414,199
clock_FXKST_USNY_quote,7,full_macro,all,6,linear,0.1,e_origin,effect_bp_per_sd,3.454875929728177,1.4613007065460326,4.473691289015371,199
clock_FXKST_USNY_quote,7,full_macro,all,6,linear,0.1,downside,coef_raw,-138421.05156450433,-365969.4295143657,116061.68894016198,199
clock_FXKST_USNY_quote,7,full_macro,all,6,linear,0.1,downside,effect_bp_per_sd,-2.003086688162448,-5.295932116171077,1.679525054130604,199
clock_FXKST_USNY_quote,7,full_macro,all,6,linear,0.1,btc_vol,coef_raw,-612.4720061500741,-1709.5994248053473,252.77666568675943,199
clock_FXKST_USNY_quote,7,full_macro,all,6,linear,0.1,btc_vol,effect_bp_per_sd,-1.1153724014221766,-3.113350482581695,0.4603314335993469,199
clock_FXKST_USNY_quote,7,full_macro,all,6,linear,0.1,account_ls,coef_raw,0.2016559428884892,-1.4136055079407936,2.072096730532948,199
clock_FXKST_USNY_quote,7,full_macro,all,6,linear,0.1,account_ls,effect_bp_per_sd,0.1200401985270681,-0.8414802131866944,1.2334618029978321,199
clock_FXKST_USNY_quote,7,full_macro,all,6,linear,0.5,e_origin,coef_raw,0.210271028954653,0.0886947302915493,0.3267484338389709,199
clock_FXKST_USNY_quote,7,full_macro,all,6,linear,0.5,e_origin,effect_bp_per_sd,2.189608842331538,0.9236021085742145,3.4025194222361757,199
clock_FXKST_USNY_quote,7,full_macro,all,6,linear,0.5,downside,coef_raw,-56855.44350703058,-237254.88935425994,44733.897269282286,199
clock_FXKST_USNY_quote,7,full_macro,all,6,linear,0.5,downside,effect_bp_per_sd,-0.8227533366587226,-3.4333080495744484,0.6473428218970683,199
clock_FXKST_USNY_quote,7,full_macro,all,6,linear,0.5,btc_vol,coef_raw,-204.92596242412395,-838.1494413960535,473.44155132796783,199
clock_FXKST_USNY_quote,7,full_macro,all,6,linear,0.5,btc_vol,effect_bp_per_sd,-0.3731905467149459,-1.5263534427914833,0.862184123903166,199
clock_FXKST_USNY_quote,7,full_macro,all,6,linear,0.5,account_ls,coef_raw,0.247727626454238,-0.9998331801284335,2.01894381152022,199
clock_FXKST_USNY_quote,7,full_macro,all,6,linear,0.5,account_ls,effect_bp_per_sd,0.1474653959325666,-0.5951730046603941,1.201821342224954,199
clock_FXKST_USNY_quote,7,full_macro,all,6,pca,0.1,e_origin,coef_raw,0.3265576049163842,0.13905882873835246,0.4307580143572122,199
clock_FXKST_USNY_quote,7,full_macro,all,6,pca,0.1,e_origin,effect_bp_per_sd,3.3874984970233126,1.4425068234733276,4.468406505459985,199
clock_FXKST_USNY_quote,7,full_macro,all,6,pca,0.1,downside,coef_raw,-143402.71252949795,-365895.3444222382,117076.55591934244,199
clock_FXKST_USNY_quote,7,full_macro,all,6,pca,0.1,downside,effect_bp_per_sd,-2.075176147468911,-5.294860033130566,1.6942111623003913,199
clock_FXKST_USNY_quote,7,full_macro,all,6,pca,0.1,btc_vol,coef_raw,-580.6455645042348,-1667.9353160869432,254.12570010112816,199
clock_FXKST_USNY_quote,7,full_macro,all,6,pca,0.1,btc_vol,effect_bp_per_sd,-1.0574132877144649,-3.0374759992947418,0.46278815935864126,199
clock_FXKST_USNY_quote,7,full_macro,all,6,pca,0.1,account_ls,coef_raw,0.1684561182603829,-1.3412213131298267,1.9510768311816296,199
clock_FXKST_USNY_quote,7,full_macro,all,6,pca,0.1,account_ls,effect_bp_per_sd,0.1002772622984764,-0.798391906485338,1.1614220082078948,199
clock_FXKST_USNY_quote,7,full_macro,all,6,pca,0.5,e_origin,coef_raw,0.212011946491108,0.08674362537724965,0.32686687089216876,199
clock_FXKST_USNY_quote,7,full_macro,all,6,pca,0.5,e_origin,effect_bp_per_sd,2.1992755314135453,0.8998225616795109,3.3907066232845855,199
clock_FXKST_USNY_quote,7,full_macro,all,6,pca,0.5,downside,coef_raw,-56936.12985850248,-232956.60610388988,51328.004566129515,199
clock_FXKST_USNY_quote,7,full_macro,all,6,pca,0.5,downside,effect_bp_per_sd,-0.8239209463158017,-3.3711077277053736,0.742765941410608,199
clock_FXKST_USNY_quote,7,full_macro,all,6,pca,0.5,btc_vol,coef_raw,-209.1847313297487,-831.79826336563,463.63182135343095,199
clock_FXKST_USNY_quote,7,full_macro,all,6,pca,0.5,btc_vol,effect_bp_per_sd,-0.3809461882033258,-1.5147873163064838,0.8443196305563122,199
clock_FXKST_USNY_quote,7,full_macro,all,6,pca,0.5,account_ls,coef_raw,0.2703489033338048,-0.9726276114372913,2.056609997429929,199
clock_FXKST_USNY_quote,7,full_macro,all,6,pca,0.5,account_ls,effect_bp_per_sd,0.1609312156285453,-0.5789782829976046,1.2242429796416063,199
clock_FXKST_USNY_quote,7,full_macro,all,6,ml,0.1,e_origin,coef_raw,0.326282267390259,0.16784561995133662,0.44964835258699454,199
clock_FXKST_USNY_quote,7,full_macro,all,6,ml,0.1,e_origin,effect_bp_per_sd,3.399543004658189,1.7487876608556339,4.684897294050224,199
clock_FXKST_USNY_quote,7,full_macro,all,6,ml,0.1,downside,coef_raw,-114164.91531278736,-348652.50431256136,145142.23418846563,199
clock_FXKST_USNY_quote,7,full_macro,all,6,ml,0.1,downside,effect_bp_per_sd,-1.652076902563274,-5.045339435653296,2.1003487107420975,199
clock_FXKST_USNY_quote,7,full_macro,all,6,ml,0.1,btc_vol,coef_raw,-556.7289686484652,-1604.5604407002634,249.22425073070426,199
clock_FXKST_USNY_quote,7,full_macro,all,6,ml,0.1,btc_vol,effect_bp_per_sd,-1.0138587894098403,-2.922064051907628,0.45386213286299204,199
clock_FXKST_USNY_quote,7,full_macro,all,6,ml,0.1,account_ls,coef_raw,1.1664672647918664,-0.6976219067750118,2.803601967204959,199
clock_FXKST_USNY_quote,7,full_macro,all,6,ml,0.1,account_ls,effect_bp_per_sd,0.694365660814524,-0.4152750024947781,1.6689066134800843,199
clock_FXKST_USNY_quote,7,full_macro,all,6,ml,0.5,e_origin,coef_raw,0.2450695794083324,0.11387823157173095,0.3688242790576234,199
clock_FXKST_USNY_quote,7,full_macro,all,6,ml,0.5,e_origin,effect_bp_per_sd,2.55338600223603,1.1865001080781412,3.8427892752098596,199
clock_FXKST_USNY_quote,7,full_macro,all,6,ml,0.5,downside,coef_raw,-13440.55483452182,-211203.41958417674,89161.61435036093,199
clock_FXKST_USNY_quote,7,full_macro,all,6,ml,0.5,downside,effect_bp_per_sd,-0.1944978467238571,-3.056318049038276,1.290254919910465,199
clock_FXKST_USNY_quote,7,full_macro,all,6,ml,0.5,btc_vol,coef_raw,-225.77281055136527,-911.9677489311181,434.7958558524327,199
clock_FXKST_USNY_quote,7,full_macro,all,6,ml,0.5,btc_vol,effect_bp_per_sd,-0.4111547292804869,-1.6607839181724777,0.7918064711543874,199
clock_FXKST_USNY_quote,7,full_macro,all,6,ml,0.5,account_ls,coef_raw,0.8163768893105969,-0.7219657226044671,2.592630558218187,199
clock_FXKST_USNY_quote,7,full_macro,all,6,ml,0.5,account_ls,effect_bp_per_sd,0.4859665550245888,-0.4297662019269225,1.5433211759494312,199
clock_FXKST_USNY_quote,7,full_macro,all,6,joint_linear,0.1,e_origin,coef_raw,0.332909724995364,0.13949750845285258,0.43050988073489804,199
clock_FXKST_USNY_quote,7,full_macro,all,6,joint_linear,0.1,e_origin,effect_bp_per_sd,3.469735845585096,1.4539061766832229,4.4869688474412746,199
clock_FXKST_USNY_quote,7,full_macro,all,6,joint_linear,0.1,downside,coef_raw,-137982.01347307267,-352551.39476841054,118395.78632821275,199
clock_FXKST_USNY_quote,7,full_macro,all,6,joint_linear,0.1,downside,effect_bp_per_sd,-1.9967333817354036,-5.101760156941312,1.7133017040984775,199
clock_FXKST_USNY_quote,7,full_macro,all,6,joint_linear,0.1,btc_vol,coef_raw,-622.9131959735637,-1715.3093797370507,240.9014997292235,199
clock_FXKST_USNY_quote,7,full_macro,all,6,joint_linear,0.1,btc_vol,effect_bp_per_sd,-1.1343868459195416,-3.123748878067915,0.43870557602815485,199
clock_FXKST_USNY_quote,7,full_macro,all,6,joint_linear,0.1,account_ls,coef_raw,0.2203640268773197,-1.3981274862958781,1.98781871380619,199
clock_FXKST_USNY_quote,7,full_macro,all,6,joint_linear,0.1,account_ls,effect_bp_per_sd,0.1311766028596798,-0.8322665755202393,1.1832934334747884,199
clock_FXKST_USNY_quote,7,full_macro,all,6,joint_linear,0.5,e_origin,coef_raw,0.2143998714472215,0.0949709793031533,0.33104178313563654,199
clock_FXKST_USNY_quote,7,full_macro,all,6,joint_linear,0.5,e_origin,effect_bp_per_sd,2.234572508386832,0.9898305349387447,3.4502673099985928,199
clock_FXKST_USNY_quote,7,full_macro,all,6,joint_linear,0.5,downside,coef_raw,-55055.91666405291,-221795.57187927948,45735.7598132219,199
clock_FXKST_USNY_quote,7,full_macro,all,6,joint_linear,0.5,downside,effect_bp_per_sd,-0.7967124402530208,-3.2095967521076743,0.6618407432930693,199
clock_FXKST_USNY_quote,7,full_macro,all,6,joint_linear,0.5,btc_vol,coef_raw,-230.38945219971265,-861.3892737943715,421.29712214403116,199
clock_FXKST_USNY_quote,7,full_macro,all,6,joint_linear,0.5,btc_vol,effect_bp_per_sd,-0.419562092605042,-1.5686754875714524,0.7672239353301964,199
clock_FXKST_USNY_quote,7,full_macro,all,6,joint_linear,0.5,account_ls,coef_raw,0.2676639374342719,-0.9962784789488468,2.0779742019107093,199
clock_FXKST_USNY_quote,7,full_macro,all,6,joint_linear,0.5,account_ls,effect_bp_per_sd,0.1593329297808697,-0.5930569894852898,1.2369604989495493,199
clock_FXKST_USNY_quote,7,full_macro,matched,6,linear,0.1,e_origin,coef_raw,0.3490806470726541,0.146327736473669,0.5858347693586127,199
clock_FXKST_USNY_quote,7,full_macro,matched,6,linear,0.1,e_origin,effect_bp_per_sd,3.3324911550372454,1.3969147004406446,5.5926594715934845,199
clock_FXKST_USNY_quote,7,full_macro,matched,6,linear,0.1,downside,coef_raw,-473446.1298760498,-1188972.2812415138,130871.16023143331,199
clock_FXKST_USNY_quote,7,full_macro,matched,6,linear,0.1,downside,effect_bp_per_sd,-6.040405756147716,-15.16936047907196,1.669704026902997,199
clock_FXKST_USNY_quote,7,full_macro,matched,6,linear,0.1,btc_vol,coef_raw,622.6308252196976,-1328.7676646352968,2631.118311546406,199
clock_FXKST_USNY_quote,7,full_macro,matched,6,linear,0.1,btc_vol,effect_bp_per_sd,1.1170165771242873,-2.3838452071829677,4.720297568523952,199
clock_FXKST_USNY_quote,7,full_macro,matched,6,linear,0.1,account_ls,coef_raw,1.1619291677598973,-2.9049137481963596,5.1369082928532555,199
clock_FXKST_USNY_quote,7,full_macro,matched,6,linear,0.1,account_ls,effect_bp_per_sd,0.6473070387865487,-1.6183181973996907,2.86175524965565,199
clock_FXKST_USNY_quote,7,full_macro,matched,6,pca,0.1,e_origin,coef_raw,0.3458062469585458,0.149674740557065,0.5807481196484715,199
clock_FXKST_USNY_quote,7,full_macro,matched,6,pca,0.1,e_origin,effect_bp_per_sd,3.284774950811532,1.4217436581184701,5.5164615819704315,199
clock_FXKST_USNY_quote,7,full_macro,matched,6,pca,0.1,downside,coef_raw,-463339.7510606021,-1187427.5580922887,129652.54917733242,199
clock_FXKST_USNY_quote,7,full_macro,matched,6,pca,0.1,downside,effect_bp_per_sd,-5.911464732199285,-15.149652313742406,1.654156523689435,199
clock_FXKST_USNY_quote,7,full_macro,matched,6,pca,0.1,btc_vol,coef_raw,567.3500851094916,-1302.2151754445208,2634.513930333927,199
clock_FXKST_USNY_quote,7,full_macro,matched,6,pca,0.1,btc_vol,effect_bp_per_sd,1.017841430958,-2.336209321857912,4.726389400668493,199
clock_FXKST_USNY_quote,7,full_macro,matched,6,pca,0.1,account_ls,coef_raw,1.154369834040417,-2.866483274740243,5.1275908752830155,199
clock_FXKST_USNY_quote,7,full_macro,matched,6,pca,0.1,account_ls,effect_bp_per_sd,0.6430957580467858,-1.5969087030326603,2.8565645460018647,199
clock_FXKST_USNY_quote,7,full_macro,matched,6,ml,0.1,e_origin,coef_raw,0.4087570137653505,0.16358598207536795,0.5754062226426762,199
clock_FXKST_USNY_quote,7,full_macro,matched,6,ml,0.1,e_origin,effect_bp_per_sd,3.910157867509898,1.5648588116790738,5.5043194189005344,199
clock_FXKST_USNY_quote,7,full_macro,matched,6,ml,0.1,downside,coef_raw,-515795.7651608815,-1167682.599651236,141749.15941018122,199
clock_FXKST_USNY_quote,7,full_macro,matched,6,ml,0.1,downside,effect_bp_per_sd,-6.580718506855438,-14.897738625793458,1.8084896768604308,199
clock_FXKST_USNY_quote,7,full_macro,matched,6,ml,0.1,btc_vol,coef_raw,783.2507556441394,-1425.3025416397618,2589.2424376050353,199
clock_FXKST_USNY_quote,7,full_macro,matched,6,ml,0.1,btc_vol,effect_bp_per_sd,1.405173085979023,-2.557031393148934,4.645171115609301,199
clock_FXKST_USNY_quote,7,full_macro,matched,6,ml,0.1,account_ls,coef_raw,2.06865068244306,-1.6590772538096308,5.603635533967399,199
clock_FXKST_USNY_quote,7,full_macro,matched,6,ml,0.1,account_ls,effect_bp_per_sd,1.1524387068426654,-0.924266654181755,3.121767509223129,199
clock_FXKST_USNY_quote,7,full_macro,matched,6,joint_linear,0.1,e_origin,coef_raw,0.3569580248602309,0.15194738255702842,0.5857450676602995,199
clock_FXKST_USNY_quote,7,full_macro,matched,6,joint_linear,0.1,e_origin,effect_bp_per_sd,3.4124214299235107,1.4525755644838496,5.599563203933148,199
clock_FXKST_USNY_quote,7,full_macro,matched,6,joint_linear,0.1,downside,coef_raw,-488301.6544945681,-1179427.498579208,133037.18322840595,199
clock_FXKST_USNY_quote,7,full_macro,matched,6,joint_linear,0.1,downside,effect_bp_per_sd,-6.229938188147497,-15.047584512396167,1.697338971943708,199
clock_FXKST_USNY_quote,7,full_macro,matched,6,joint_linear,0.1,btc_vol,coef_raw,664.4729813039371,-1327.209856117603,2634.2288846901365,199
clock_FXKST_USNY_quote,7,full_macro,matched,6,joint_linear,0.1,btc_vol,effect_bp_per_sd,1.192082539289308,-2.381050456477146,4.725878021057247,199
clock_FXKST_USNY_quote,7,full_macro,matched,6,joint_linear,0.1,account_ls,coef_raw,1.2291811519675118,-2.9026590676259385,5.19134286929502,199
clock_FXKST_USNY_quote,7,full_macro,matched,6,joint_linear,0.1,account_ls,effect_bp_per_sd,0.6847729050009911,-1.617062122034733,2.892080578825284,199
clock_FXKST_USNY_quote,7,full_macro,matched,12,linear,0.1,e_origin,coef_raw,0.275145432271604,-0.017503129011182963,0.44315281395789635,199
clock_FXKST_USNY_quote,7,full_macro,matched,12,linear,0.1,e_origin,effect_bp_per_sd,2.626670160844469,-0.16709325797457641,4.230549144528166,199
clock_FXKST_USNY_quote,7,full_macro,matched,12,linear,0.1,downside,coef_raw,11467.847249780329,-479658.55487552343,534732.5413444687,199
clock_FXKST_USNY_quote,7,full_macro,matched,12,linear,0.1,downside,effect_bp_per_sd,0.146311155941503,-6.119666236608884,6.822321098246708,199
clock_FXKST_USNY_quote,7,full_macro,matched,12,linear,0.1,btc_vol,coef_raw,-869.085331228085,-3095.3100231130047,845.4960609128901,199
clock_FXKST_USNY_quote,7,full_macro,matched,12,linear,0.1,btc_vol,effect_bp_per_sd,-1.5591626411602393,-5.553070081193283,1.5168428508173166,199
clock_FXKST_USNY_quote,7,full_macro,matched,12,linear,0.1,account_ls,coef_raw,-0.9429247430767536,-4.548750670356181,2.483236464306014,199
clock_FXKST_USNY_quote,7,full_macro,matched,12,linear,0.1,account_ls,effect_bp_per_sd,-0.52530037129226,-2.5340945113575386,1.38340312552414,199
clock_FXKST_USNY_quote,7,full_macro,matched,12,pca,0.1,e_origin,coef_raw,0.2689007051032553,-0.019671772068638453,0.4429769045883856,199
clock_FXKST_USNY_quote,7,full_macro,matched,12,pca,0.1,e_origin,effect_bp_per_sd,2.5542577907350994,-0.1868599676768814,4.207788184215159,199
clock_FXKST_USNY_quote,7,full_macro,matched,12,pca,0.1,downside,coef_raw,19185.892485623823,-480742.6682676993,535026.6418456502,199
clock_FXKST_USNY_quote,7,full_macro,matched,12,pca,0.1,downside,effect_bp_per_sd,0.2447809119008618,-6.133497767507933,6.826073344274543,199
clock_FXKST_USNY_quote,7,full_macro,matched,12,pca,0.1,btc_vol,coef_raw,-937.7534239911844,-3107.4037700170525,851.2991460552581,199
clock_FXKST_USNY_quote,7,full_macro,matched,12,pca,0.1,btc_vol,effect_bp_per_sd,-1.6823550608558513,-5.574766590945432,1.5272537428578794,199
clock_FXKST_USNY_quote,7,full_macro,matched,12,pca,0.1,account_ls,coef_raw,-0.916178432763107,-4.508102523303768,2.553487469365651,199
clock_FXKST_USNY_quote,7,full_macro,matched,12,pca,0.1,account_ls,effect_bp_per_sd,-0.5104000869995686,-2.511449558092974,1.4225397367038066,199
clock_FXKST_USNY_quote,7,full_macro,matched,12,ml,0.1,e_origin,coef_raw,0.2883850599159678,0.013172328867308751,0.4179102230390817,199
clock_FXKST_USNY_quote,7,full_macro,matched,12,ml,0.1,e_origin,effect_bp_per_sd,2.7586832101431744,0.126006120065019,3.9977172048407805,199
clock_FXKST_USNY_quote,7,full_macro,matched,12,ml,0.1,downside,coef_raw,-90047.5768556343,-418831.2365863917,513150.36188464746,199
clock_FXKST_USNY_quote,7,full_macro,matched,12,ml,0.1,downside,effect_bp_per_sd,-1.1488612267425835,-5.343608179864618,6.546967445924219,199
clock_FXKST_USNY_quote,7,full_macro,matched,12,ml,0.1,btc_vol,coef_raw,-804.0958623931602,-3122.6636330347883,754.8142506383746,199
clock_FXKST_USNY_quote,7,full_macro,matched,12,ml,0.1,btc_vol,effect_bp_per_sd,-1.4425697725024789,-5.602143198824494,1.3541572252148069,199
clock_FXKST_USNY_quote,7,full_macro,matched,12,ml,0.1,account_ls,coef_raw,0.3735778120777435,-3.7953895984897783,3.651139894101466,199
clock_FXKST_USNY_quote,7,full_macro,matched,12,ml,0.1,account_ls,effect_bp_per_sd,0.2081190093184509,-2.1143994575643186,2.0340384066635555,199
clock_FXKST_USNY_quote,7,full_macro,matched,12,joint_linear,0.1,e_origin,coef_raw,0.2670708943097773,0.006341125333406951,0.44533767741196095,199
clock_FXKST_USNY_quote,7,full_macro,matched,12,joint_linear,0.1,e_origin,effect_bp_per_sd,2.55312496030414,0.06061942993443453,4.257306820733275,199
clock_FXKST_USNY_quote,7,full_macro,matched,12,joint_linear,0.1,downside,coef_raw,1965.8966524459188,-459613.0912221128,530842.7495816943,199
clock_FXKST_USNY_quote,7,full_macro,matched,12,joint_linear,0.1,downside,effect_bp_per_sd,0.0250816570378022,-5.863918588891473,6.772693655816815,199
clock_FXKST_USNY_quote,7,full_macro,matched,12,joint_linear,0.1,btc_vol,coef_raw,-816.8519937153366,-3107.9705825999577,834.8254828282676,199
clock_FXKST_USNY_quote,7,full_macro,matched,12,joint_linear,0.1,btc_vol,effect_bp_per_sd,-1.4654546178549677,-5.575783468082865,1.4976995445028296,199
clock_FXKST_USNY_quote,7,full_macro,matched,12,joint_linear,0.1,account_ls,coef_raw,-0.7503383833745292,-4.4999668431860735,2.7364746740663715,199
clock_FXKST_USNY_quote,7,full_macro,matched,12,joint_linear,0.1,account_ls,effect_bp_per_sd,-0.4180111236612129,-2.506917196610343,1.5244813256554046,199
clock_NY_macro_end1h_quote,3,core,matched,1,linear,0.1,e_origin,coef_raw,0.5073022554817562,0.31086589176249696,0.686284450383365,199
clock_NY_macro_end1h_quote,3,core,matched,1,linear,0.1,e_origin,effect_bp_per_sd,4.72019981680379,2.892455354755769,6.385541759317776,199
clock_NY_macro_end1h_quote,3,core,matched,1,linear,0.1,downside,coef_raw,-145719.02732859697,-419663.3177968125,41934.48240379769,199
clock_NY_macro_end1h_quote,3,core,matched,1,linear,0.1,downside,effect_bp_per_sd,-2.361162715650368,-6.800027403926442,0.6794866680565076,199
clock_NY_macro_end1h_quote,3,core,matched,1,linear,0.1,btc_vol,coef_raw,-60.23537942740049,-1198.6439685234034,874.4722114210049,199
clock_NY_macro_end1h_quote,3,core,matched,1,linear,0.1,btc_vol,effect_bp_per_sd,-0.1158092906945569,-2.3045278225118815,1.6812711648778889,199
clock_NY_macro_end1h_quote,3,core,matched,1,linear,0.1,account_ls,coef_raw,0.4011306224607852,-1.5519332914707185,3.1128369179859217,199
clock_NY_macro_end1h_quote,3,core,matched,1,linear,0.1,account_ls,effect_bp_per_sd,0.2499796753068364,-0.9671457589544827,1.9398817204919983,199
clock_NY_macro_end1h_quote,3,core,matched,1,pca,0.1,e_origin,coef_raw,0.5130300339051693,0.3143796822496798,0.6874126205987174,199
clock_NY_macro_end1h_quote,3,core,matched,1,pca,0.1,e_origin,effect_bp_per_sd,4.749834735298071,2.9106512994081735,6.364337615769289,199
clock_NY_macro_end1h_quote,3,core,matched,1,pca,0.1,downside,coef_raw,-151442.5971636689,-414744.9285225945,32048.02316800079,199
clock_NY_macro_end1h_quote,3,core,matched,1,pca,0.1,downside,effect_bp_per_sd,-2.45390475450929,-6.720332132909085,0.5192911234848224,199
clock_NY_macro_end1h_quote,3,core,matched,1,pca,0.1,btc_vol,coef_raw,-15.998375352405644,-1150.6648740146272,899.6708573912013,199
clock_NY_macro_end1h_quote,3,core,matched,1,pca,0.1,btc_vol,effect_bp_per_sd,-0.0307586757058689,-2.2122826178489734,1.7297183954591944,199
clock_NY_macro_end1h_quote,3,core,matched,1,pca,0.1,account_ls,coef_raw,0.4391883406266282,-1.5775762846536872,3.3018859003329064,199
clock_NY_macro_end1h_quote,3,core,matched,1,pca,0.1,account_ls,effect_bp_per_sd,0.2736967776603138,-0.9831261572358446,2.0576947234840777,199
clock_NY_macro_end1h_quote,3,core,matched,1,ml,0.1,e_origin,coef_raw,0.5577492313204799,0.28426735630575184,0.6851661798445985,199
clock_NY_macro_end1h_quote,3,core,matched,1,ml,0.1,e_origin,effect_bp_per_sd,5.20461173170031,2.6526279813342035,6.393597225299379,199
clock_NY_macro_end1h_quote,3,core,matched,1,ml,0.1,downside,coef_raw,-173848.4980116534,-417490.7722545305,50337.8231148896,199
clock_NY_macro_end1h_quote,3,core,matched,1,ml,0.1,downside,effect_bp_per_sd,-2.8169594541095093,-6.764824495792001,0.8156504562568918,199
clock_NY_macro_end1h_quote,3,core,matched,1,ml,0.1,btc_vol,coef_raw,171.24235448180826,-965.0393831602016,1058.6676251895153,199
clock_NY_macro_end1h_quote,3,core,matched,1,ml,0.1,btc_vol,effect_bp_per_sd,0.3292326834814121,-1.8553967372413858,2.035407561469061,199
clock_NY_macro_end1h_quote,3,core,matched,1,ml,0.1,account_ls,coef_raw,0.9708919329559258,-1.1022362016584386,4.141033007614861,199
clock_NY_macro_end1h_quote,3,core,matched,1,ml,0.1,account_ls,effect_bp_per_sd,0.6050479234655689,-0.686900057920544,2.580640890311621,199
clock_NY_macro_end1h_quote,3,core,matched,1,joint_linear,0.1,e_origin,coef_raw,0.542551511749217,0.3162069322576591,0.6957423254325755,199
clock_NY_macro_end1h_quote,3,core,matched,1,joint_linear,0.1,e_origin,effect_bp_per_sd,5.0770814022993465,2.958997072678984,6.510608384184134,199
clock_NY_macro_end1h_quote,3,core,matched,1,joint_linear,0.1,downside,coef_raw,-152127.98982675272,-420924.8150303236,34317.21148318221,199
clock_NY_macro_end1h_quote,3,core,matched,1,joint_linear,0.1,downside,effect_bp_per_sd,-2.4650105354860217,-6.8204681129283315,0.5560599857454366,199
clock_NY_macro_end1h_quote,3,core,matched,1,joint_linear,0.1,btc_vol,coef_raw,8.496042259889004,-1202.3143994334052,852.7316068712173,199
clock_NY_macro_end1h_quote,3,core,matched,1,joint_linear,0.1,btc_vol,effect_bp_per_sd,0.0163345966636536,-2.3115846386931924,1.639472407799977,199
clock_NY_macro_end1h_quote,3,core,matched,1,joint_linear,0.1,account_ls,coef_raw,0.1294779851812154,-1.5615900345443812,3.18886187426454,199
clock_NY_macro_end1h_quote,3,core,matched,1,joint_linear,0.1,account_ls,effect_bp_per_sd,0.0806890894951502,-0.9731637225875429,1.9872595391415915,199
clock_NY_macro_end1h_quote,3,core,all,6,linear,0.1,e_origin,coef_raw,0.3759012878860324,0.17973578468558096,0.5330613718841537,199
clock_NY_macro_end1h_quote,3,core,all,6,linear,0.1,e_origin,effect_bp_per_sd,3.531233041751209,1.6884457758474951,5.0076017037995815,199
clock_NY_macro_end1h_quote,3,core,all,6,linear,0.1,downside,coef_raw,-23443.63276322809,-337188.3396619152,162635.71210036043,199
clock_NY_macro_end1h_quote,3,core,all,6,linear,0.1,downside,effect_bp_per_sd,-0.4038135438465579,-5.8080255631792275,2.8013791174150753,199
clock_NY_macro_end1h_quote,3,core,all,6,linear,0.1,btc_vol,coef_raw,-1207.5787779062805,-2231.1435518367866,142.7552790990446,199
clock_NY_macro_end1h_quote,3,core,all,6,linear,0.1,btc_vol,effect_bp_per_sd,-2.3633338133896475,-4.366536655873052,0.27938415638572306,199
clock_NY_macro_end1h_quote,3,core,all,6,linear,0.1,account_ls,coef_raw,1.5054369657913451,-0.08203935065980074,3.6973559250659846,199
clock_NY_macro_end1h_quote,3,core,all,6,linear,0.1,account_ls,effect_bp_per_sd,0.9126392409513836,-0.04973461686916112,2.2414436350747935,199
clock_NY_macro_end1h_quote,3,core,all,6,linear,0.5,e_origin,coef_raw,0.2876919876846476,0.1670113310917351,0.47749614408649316,199
clock_NY_macro_end1h_quote,3,core,all,6,linear,0.5,e_origin,effect_bp_per_sd,2.702591040515716,1.568911705556038,4.485619538016151,199
clock_NY_macro_end1h_quote,3,core,all,6,linear,0.5,downside,coef_raw,-57704.76059557886,-188155.52947809335,64463.8974933552,199
clock_NY_macro_end1h_quote,3,core,all,6,linear,0.5,downside,effect_bp_per_sd,-0.9939570419080956,-3.2409546728632623,1.1103823012354925,199
clock_NY_macro_end1h_quote,3,core,all,6,linear,0.5,btc_vol,coef_raw,-59.40341680525545,-858.8478679381088,514.629287220466,199
clock_NY_macro_end1h_quote,3,core,all,6,linear,0.5,btc_vol,effect_bp_per_sd,-0.1162575114231054,-1.6808379246072398,1.0071730458508705,199
clock_NY_macro_end1h_quote,3,core,all,6,linear,0.5,account_ls,coef_raw,0.9481844570687918,-0.37982160808380744,2.3394091815385702,199
clock_NY_macro_end1h_quote,3,core,all,6,linear,0.5,account_ls,effect_bp_per_sd,0.5748167228817073,-0.23025879659885037,1.4182172141573255,199
clock_NY_macro_end1h_quote,3,core,all,6,pca,0.1,e_origin,coef_raw,0.3792809365791632,0.1839670204838515,0.5365956279924947,199
clock_NY_macro_end1h_quote,3,core,all,6,pca,0.1,e_origin,effect_bp_per_sd,3.545552861276662,1.7197405219993747,5.0161449751119855,199
clock_NY_macro_end1h_quote,3,core,all,6,pca,0.1,downside,coef_raw,-17381.97698839373,-331790.71725190675,159437.38521420577,199
clock_NY_macro_end1h_quote,3,core,all,6,pca,0.1,downside,effect_bp_per_sd,-0.2994023067001879,-5.715052214904043,2.746288350240816,199
clock_NY_macro_end1h_quote,3,core,all,6,pca,0.1,btc_vol,coef_raw,-1221.9072332036756,-2219.710917522053,145.48031896028195,199
clock_NY_macro_end1h_quote,3,core,all,6,pca,0.1,btc_vol,effect_bp_per_sd,-2.3913758124024893,-4.344162023471036,0.28471728989612055,199
clock_NY_macro_end1h_quote,3,core,all,6,pca,0.1,account_ls,coef_raw,1.430194051067999,-0.11245694092805274,3.545784223815132,199
clock_NY_macro_end1h_quote,3,core,all,6,pca,0.1,account_ls,effect_bp_per_sd,0.8670248192648616,-0.06817463602957485,2.149556504944059,199
clock_NY_macro_end1h_quote,3,core,all,6,pca,0.5,e_origin,coef_raw,0.289235218903261,0.1666334701700184,0.4775550332215643,199
clock_NY_macro_end1h_quote,3,core,all,6,pca,0.5,e_origin,effect_bp_per_sd,2.7037972622976727,1.5577049093856983,4.464228098905218,199
clock_NY_macro_end1h_quote,3,core,all,6,pca,0.5,downside,coef_raw,-56791.25039565019,-187693.9335217139,68318.40940944283,199
clock_NY_macro_end1h_quote,3,core,all,6,pca,0.5,downside,effect_bp_per_sd,-0.9782219468015138,-3.233003742183987,1.1767757707269422,199
clock_NY_macro_end1h_quote,3,core,all,6,pca,0.5,btc_vol,coef_raw,-65.08617632580597,-841.7581225276275,540.5662382007024,199
clock_NY_macro_end1h_quote,3,core,all,6,pca,0.5,btc_vol,effect_bp_per_sd,-0.1273791524903363,-1.6473918472748463,1.057933852838636,199
clock_NY_macro_end1h_quote,3,core,all,6,pca,0.5,account_ls,coef_raw,0.9937236863537714,-0.32465847195358233,2.310855019686102,199
clock_NY_macro_end1h_quote,3,core,all,6,pca,0.5,account_ls,effect_bp_per_sd,0.6024239150741136,-0.196817314935802,1.4009068589639806,199
clock_NY_macro_end1h_quote,3,core,all,6,ml,0.1,e_origin,coef_raw,0.4129849119839796,0.15795611297113601,0.534397225378102,199
clock_NY_macro_end1h_quote,3,core,all,6,ml,0.1,e_origin,effect_bp_per_sd,3.8844949075277455,1.4857194503828681,5.026487022505849,199
clock_NY_macro_end1h_quote,3,core,all,6,ml,0.1,downside,coef_raw,-92175.34121968104,-348945.02214920963,153366.87615955097,199
clock_NY_macro_end1h_quote,3,core,all,6,ml,0.1,downside,effect_bp_per_sd,-1.5877083372321106,-6.0105328992657965,2.6417246164939807,199
clock_NY_macro_end1h_quote,3,core,all,6,ml,0.1,btc_vol,coef_raw,-805.0102377316438,-2219.118223468529,96.98473048687467,199
clock_NY_macro_end1h_quote,3,core,all,6,ml,0.1,btc_vol,effect_bp_per_sd,-1.575473128349135,-4.3430020710742925,0.18980732117495136,199
clock_NY_macro_end1h_quote,3,core,all,6,ml,0.1,account_ls,coef_raw,2.6346602152803884,0.4329383684251348,4.415077893365266,199
clock_NY_macro_end1h_quote,3,core,all,6,ml,0.1,account_ls,effect_bp_per_sd,1.597206893198853,0.2624597063288859,2.676547360602399,199
clock_NY_macro_end1h_quote,3,core,all,6,ml,0.5,e_origin,coef_raw,0.3009090032242842,0.18322875554408458,0.4572467353646696,199
clock_NY_macro_end1h_quote,3,core,all,6,ml,0.5,e_origin,effect_bp_per_sd,2.8303200837015683,1.7234314067416896,4.300817205342955,199
clock_NY_macro_end1h_quote,3,core,all,6,ml,0.5,downside,coef_raw,-45494.58671209832,-209452.87549199647,69759.20448444774,199
clock_NY_macro_end1h_quote,3,core,all,6,ml,0.5,downside,effect_bp_per_sd,-0.783638375143925,-3.6077987048978426,1.2015932796459095,199
clock_NY_macro_end1h_quote,3,core,all,6,ml,0.5,btc_vol,coef_raw,-4.899746880924863,-843.6994338943716,726.1758082687552,199
clock_NY_macro_end1h_quote,3,core,all,6,ml,0.5,btc_vol,effect_bp_per_sd,-0.009589219099078,-1.6511911578285632,1.421187481551038,199
clock_NY_macro_end1h_quote,3,core,all,6,ml,0.5,account_ls,coef_raw,1.510476426229752,-0.004734385357904728,3.3263867422642703,199
clock_NY_macro_end1h_quote,3,core,all,6,ml,0.5,account_ls,effect_bp_per_sd,0.9156943069912258,-0.0028701207407499287,2.016551433606535,199
clock_NY_macro_end1h_quote,3,core,all,6,joint_linear,0.1,e_origin,coef_raw,0.3998749390080274,0.1786911993444693,0.5429798408995845,199
clock_NY_macro_end1h_quote,3,core,all,6,joint_linear,0.1,e_origin,effect_bp_per_sd,3.772799392753328,1.6859422349637272,5.122986749570035,199
clock_NY_macro_end1h_quote,3,core,all,6,joint_linear,0.1,downside,coef_raw,-33427.971037316966,-334250.925795518,161801.52289170082,199
clock_NY_macro_end1h_quote,3,core,all,6,joint_linear,0.1,downside,effect_bp_per_sd,-0.5757924799671853,-5.757428989042714,2.787010316129476,199
clock_NY_macro_end1h_quote,3,core,all,6,joint_linear,0.1,btc_vol,coef_raw,-1101.7347704923727,-2243.1410100105936,147.4322635275932,199
clock_NY_macro_end1h_quote,3,core,all,6,joint_linear,0.1,btc_vol,effect_bp_per_sd,-2.156188137892056,-4.390016696343825,0.28853741052277415,199
clock_NY_macro_end1h_quote,3,core,all,6,joint_linear,0.1,account_ls,coef_raw,1.5054622904996249,-0.1355394165008163,3.623154427508703,199
clock_NY_macro_end1h_quote,3,core,all,6,joint_linear,0.1,account_ls,effect_bp_per_sd,0.912654593518822,-0.08216789743121214,2.1964605504641828,199
clock_NY_macro_end1h_quote,3,core,all,6,joint_linear,0.5,e_origin,coef_raw,0.2984134755082983,0.15759346977495542,0.49247420520499097,199
clock_NY_macro_end1h_quote,3,core,all,6,joint_linear,0.5,e_origin,effect_bp_per_sd,2.815515725941797,1.4868862463444,4.646468685817713,199
clock_NY_macro_end1h_quote,3,core,all,6,joint_linear,0.5,downside,coef_raw,-59667.75650603133,-189191.52292361463,61095.204537326426,199
clock_NY_macro_end1h_quote,3,core,all,6,joint_linear,0.5,downside,effect_bp_per_sd,-1.0277693927140448,-3.258799526042073,1.0523570005304494,199
clock_NY_macro_end1h_quote,3,core,all,6,joint_linear,0.5,btc_vol,coef_raw,-44.43462973906655,-880.326402891394,552.7823364018245,199
clock_NY_macro_end1h_quote,3,core,all,6,joint_linear,0.5,btc_vol,effect_bp_per_sd,-0.0869623289752242,-1.7228732343078463,1.0818417903368893,199
clock_NY_macro_end1h_quote,3,core,all,6,joint_linear,0.5,account_ls,coef_raw,0.9187842900106497,-0.34300388833039475,2.373716309130316,199
clock_NY_macro_end1h_quote,3,core,all,6,joint_linear,0.5,account_ls,effect_bp_per_sd,0.556993494970147,-0.20793883463906657,1.4390151828508166,199
clock_NY_macro_end1h_quote,3,core,matched,6,linear,0.1,e_origin,coef_raw,0.4495385343763458,0.20326433242476585,0.5793914234092433,199
clock_NY_macro_end1h_quote,3,core,matched,6,linear,0.1,e_origin,effect_bp_per_sd,4.182736592792027,1.8912753773645077,5.39095432965673,199
clock_NY_macro_end1h_quote,3,core,matched,6,linear,0.1,downside,coef_raw,-168073.8529751606,-297150.2700394909,253393.11759919007,199
clock_NY_macro_end1h_quote,3,core,matched,6,linear,0.1,downside,effect_bp_per_sd,-2.7233898166624004,-4.814883487936881,4.1058631302035975,199
clock_NY_macro_end1h_quote,3,core,matched,6,linear,0.1,btc_vol,coef_raw,-45.45242921816623,-2221.988650150427,1180.2756773011522,199
clock_NY_macro_end1h_quote,3,core,matched,6,linear,0.1,btc_vol,effect_bp_per_sd,-0.0873874065065809,-4.272023052754633,2.2692127170382976,199
clock_NY_macro_end1h_quote,3,core,matched,6,linear,0.1,account_ls,coef_raw,0.6979034532274727,-1.834412257342022,3.030315866695703,199
clock_NY_macro_end1h_quote,3,core,matched,6,linear,0.1,account_ls,effect_bp_per_sd,0.4349248570529642,-1.1431831797236307,1.8884556152473801,199
clock_NY_macro_end1h_quote,3,core,matched,6,pca,0.1,e_origin,coef_raw,0.4705326688161351,0.2046968961086192,0.5794690360550747,199
clock_NY_macro_end1h_quote,3,core,matched,6,pca,0.1,e_origin,effect_bp_per_sd,4.356377339983375,1.8951647332291275,5.364953265080864,199
clock_NY_macro_end1h_quote,3,core,matched,6,pca,0.1,downside,coef_raw,-149849.3212819579,-293502.0531770451,249862.33323443652,199
clock_NY_macro_end1h_quote,3,core,matched,6,pca,0.1,downside,effect_bp_per_sd,-2.4280880600349466,-4.755769494437669,4.048651957772026,199
clock_NY_macro_end1h_quote,3,core,matched,6,pca,0.1,btc_vol,coef_raw,-24.86481293059883,-2198.840323090114,1121.3518641694436,199
clock_NY_macro_end1h_quote,3,core,matched,6,pca,0.1,btc_vol,effect_bp_per_sd,-0.0478053990216189,-4.227517790845367,2.1559250600388693,199
clock_NY_macro_end1h_quote,3,core,matched,6,pca,0.1,account_ls,coef_raw,0.7877815430023499,-1.8093251169987477,2.9962295726151074,199
clock_NY_macro_end1h_quote,3,core,matched,6,pca,0.1,account_ls,effect_bp_per_sd,0.4909357782867799,-1.127549182102315,1.8672134555877458,199
clock_NY_macro_end1h_quote,3,core,matched,6,ml,0.1,e_origin,coef_raw,0.4379205065033063,0.18677402650803365,0.5712732437392332,199
clock_NY_macro_end1h_quote,3,core,matched,6,ml,0.1,e_origin,effect_bp_per_sd,4.086435404497454,1.7428733827910217,5.330810442055609,199
clock_NY_macro_end1h_quote,3,core,matched,6,ml,0.1,downside,coef_raw,-149702.59459354347,-256249.43606646956,226967.38780640377,199
clock_NY_macro_end1h_quote,3,core,matched,6,ml,0.1,downside,effect_bp_per_sd,-2.4257105696520758,-4.152145573839155,3.6776730093631937,199
clock_NY_macro_end1h_quote,3,core,matched,6,ml,0.1,btc_vol,coef_raw,-230.93896247914745,-2252.4255548430237,1210.1222652304868,199
clock_NY_macro_end1h_quote,3,core,matched,6,ml,0.1,btc_vol,effect_bp_per_sd,-0.4440061255143516,-4.330541424796031,2.3265961387184917,199
clock_NY_macro_end1h_quote,3,core,matched,6,ml,0.1,account_ls,coef_raw,1.383827066556494,-1.9492938710976369,3.6514585830771757,199
clock_NY_macro_end1h_quote,3,core,matched,6,ml,0.1,account_ls,effect_bp_per_sd,0.8623840250750803,-1.2147759898890063,2.275544124241546,199
clock_NY_macro_end1h_quote,3,core,matched,6,joint_linear,0.1,e_origin,coef_raw,0.4767763853367618,0.20669797639633716,0.5793222183090546,199
clock_NY_macro_end1h_quote,3,core,matched,6,joint_linear,0.1,e_origin,effect_bp_per_sd,4.461571789274945,1.9342356055213177,5.421173836624091,199
clock_NY_macro_end1h_quote,3,core,matched,6,joint_linear,0.1,downside,coef_raw,-141447.2695662511,-296126.4787656516,248878.0596471143,199
clock_NY_macro_end1h_quote,3,core,matched,6,joint_linear,0.1,downside,effect_bp_per_sd,-2.291945158110704,-4.798294454721978,4.032703250599119,199
clock_NY_macro_end1h_quote,3,core,matched,6,joint_linear,0.1,btc_vol,coef_raw,-59.43977217949823,-2231.2894722175524,1166.7144326709622,199
clock_NY_macro_end1h_quote,3,core,matched,6,joint_linear,0.1,btc_vol,effect_bp_per_sd,-0.1142796462907716,-4.289904929098889,2.243139699212444,199
clock_NY_macro_end1h_quote,3,core,matched,6,joint_linear,0.1,account_ls,coef_raw,0.7429383894773195,-1.8195417059257777,2.92682908388972,199
clock_NY_macro_end1h_quote,3,core,matched,6,joint_linear,0.1,account_ls,effect_bp_per_sd,0.4629900759887271,-1.133916034792481,1.8239639237238345,199
clock_NY_macro_end1h_quote,3,core,matched,12,linear,0.1,e_origin,coef_raw,0.2692530484259588,0.08110342828334424,0.538579507852792,199
clock_NY_macro_end1h_quote,3,core,matched,12,linear,0.1,e_origin,effect_bp_per_sd,2.5052681633499625,0.7546278046046814,5.011219380223015,199
clock_NY_macro_end1h_quote,3,core,matched,12,linear,0.1,downside,coef_raw,-106295.2553251956,-578282.4581956727,229529.8121910839,199
clock_NY_macro_end1h_quote,3,core,matched,12,linear,0.1,downside,effect_bp_per_sd,-1.7223584203484037,-9.370217496217844,3.7191933312435794,199
clock_NY_macro_end1h_quote,3,core,matched,12,linear,0.1,btc_vol,coef_raw,-711.622665248291,-3226.269190013638,881.0766161699389,199
clock_NY_macro_end1h_quote,3,core,matched,12,linear,0.1,btc_vol,effect_bp_per_sd,-1.3681745991805954,-6.202865326606057,1.6939688757033957,199
clock_NY_macro_end1h_quote,3,core,matched,12,linear,0.1,account_ls,coef_raw,2.851647082520929,0.22542782882492432,6.149949753539345,199
clock_NY_macro_end1h_quote,3,core,matched,12,linear,0.1,account_ls,effect_bp_per_sd,1.7771114242168295,0.1404838531376117,3.8325731232185305,199
clock_NY_macro_end1h_quote,3,core,matched,12,pca,0.1,e_origin,coef_raw,0.2661513664947795,0.07975366656219247,0.54339642341314,199
clock_NY_macro_end1h_quote,3,core,matched,12,pca,0.1,e_origin,effect_bp_per_sd,2.464134498717529,0.7383909531006224,5.030978766131189,199
clock_NY_macro_end1h_quote,3,core,matched,12,pca,0.1,downside,coef_raw,-111886.28105945124,-575793.1209976061,223633.56720019752,199
clock_NY_macro_end1h_quote,3,core,matched,12,pca,0.1,downside,effect_bp_per_sd,-1.812952776816328,-9.329881444800877,3.6236533452167237,199
clock_NY_macro_end1h_quote,3,core,matched,12,pca,0.1,btc_vol,coef_raw,-681.5215112840195,-3244.246934545274,1008.6686717386652,199
clock_NY_macro_end1h_quote,3,core,matched,12,pca,0.1,btc_vol,effect_bp_per_sd,-1.3103017456711148,-6.2374295621481615,1.9392789508475907,199
clock_NY_macro_end1h_quote,3,core,matched,12,pca,0.1,account_ls,coef_raw,2.944571514280508,0.2687295878034025,6.144419954272033,199
clock_NY_macro_end1h_quote,3,core,matched,12,pca,0.1,account_ls,effect_bp_per_sd,1.835020788345724,0.1674689772930558,3.8291270202586647,199
clock_NY_macro_end1h_quote,3,core,matched,12,ml,0.1,e_origin,coef_raw,0.3313911842536411,0.07647253269420719,0.4859839487710689,199
clock_NY_macro_end1h_quote,3,core,matched,12,ml,0.1,e_origin,effect_bp_per_sd,3.0923618509794406,0.7135999808925094,4.534937242681006,199
clock_NY_macro_end1h_quote,3,core,matched,12,ml,0.1,downside,coef_raw,-76197.57404001565,-565229.7415050692,209012.3802086853,199
clock_NY_macro_end1h_quote,3,core,matched,12,ml,0.1,downside,effect_bp_per_sd,-1.2346697212065836,-9.158717402147753,3.386738494659415,199
clock_NY_macro_end1h_quote,3,core,matched,12,ml,0.1,btc_vol,coef_raw,-900.488421367406,-2855.2049314073165,829.7903111744049,199
clock_NY_macro_end1h_quote,3,core,matched,12,ml,0.1,btc_vol,effect_bp_per_sd,-1.7312902541422763,-5.4894525615533665,1.5953651869686698,199
clock_NY_macro_end1h_quote,3,core,matched,12,ml,0.1,account_ls,coef_raw,3.708668175154201,1.3179627342720763,7.84035059144427,199
clock_NY_macro_end1h_quote,3,core,matched,12,ml,0.1,account_ls,effect_bp_per_sd,2.311196439101276,0.8213381824571437,4.886010155788108,199
clock_NY_macro_end1h_quote,3,core,matched,12,joint_linear,0.1,e_origin,coef_raw,0.2912229399199342,0.07893942049299504,0.5536102555236819,199
clock_NY_macro_end1h_quote,3,core,matched,12,joint_linear,0.1,e_origin,effect_bp_per_sd,2.725202197711085,0.7386982710657827,5.180566769373731,199
clock_NY_macro_end1h_quote,3,core,matched,12,joint_linear,0.1,downside,coef_raw,-112925.52963862623,-555871.0855358967,229587.8827867209,199
clock_NY_macro_end1h_quote,3,core,matched,12,joint_linear,0.1,downside,effect_bp_per_sd,-1.8297922729509488,-9.00707413394792,3.7201342799158796,199
clock_NY_macro_end1h_quote,3,core,matched,12,joint_linear,0.1,btc_vol,coef_raw,-728.873120539915,-3274.380012322555,809.9993398910744,199
clock_NY_macro_end1h_quote,3,core,matched,12,joint_linear,0.1,btc_vol,effect_bp_per_sd,-1.401340539371758,-6.295363792778132,1.557314819090747,199
clock_NY_macro_end1h_quote,3,core,matched,12,joint_linear,0.1,account_ls,coef_raw,2.8057845791355307,0.05951009032153083,6.155741650523925,199
clock_NY_macro_end1h_quote,3,core,matched,12,joint_linear,0.1,account_ls,effect_bp_per_sd,1.7485304756103408,0.03708595709994967,3.8361825622554546,199
clock_NY_macro_end1h_quote,3,full_macro,all,6,linear,0.1,e_origin,coef_raw,0.4810583791060708,0.16034695861239587,0.8964743161280918,199
clock_NY_macro_end1h_quote,3,full_macro,all,6,linear,0.1,e_origin,effect_bp_per_sd,3.9744600261459127,1.3247718052501087,7.40658824099179,199
clock_NY_macro_end1h_quote,3,full_macro,all,6,linear,0.1,downside,coef_raw,-104612.70708058076,-1241390.9417831006,406392.35751352814,199
clock_NY_macro_end1h_quote,3,full_macro,all,6,linear,0.1,downside,effect_bp_per_sd,-1.6753980782046265,-19.88117941123536,6.508472954922719,199
clock_NY_macro_end1h_quote,3,full_macro,all,6,linear,0.1,btc_vol,coef_raw,-1124.5117034213056,-4229.468957752425,2970.870186431682,199
clock_NY_macro_end1h_quote,3,full_macro,all,6,linear,0.1,btc_vol,effect_bp_per_sd,-2.103223618009303,-7.910561514404558,5.556548965326162,199
clock_NY_macro_end1h_quote,3,full_macro,all,6,linear,0.1,account_ls,coef_raw,2.8891562950268765,-1.1763568066848231,6.065641210116258,199
clock_NY_macro_end1h_quote,3,full_macro,all,6,linear,0.1,account_ls,effect_bp_per_sd,1.6246860387651971,-0.6615116266700494,3.410948243678539,199
clock_NY_macro_end1h_quote,3,full_macro,all,6,linear,0.5,e_origin,coef_raw,0.322528271091118,0.05957637329604908,0.6182297581804331,199
clock_NY_macro_end1h_quote,3,full_macro,all,6,linear,0.5,e_origin,effect_bp_per_sd,2.6646988732129624,0.4922145096150267,5.107757327557538,199
clock_NY_macro_end1h_quote,3,full_macro,all,6,linear,0.5,downside,coef_raw,-19971.202618888707,-302592.86552538536,246109.4377095513,199
clock_NY_macro_end1h_quote,3,full_macro,all,6,linear,0.5,downside,effect_bp_per_sd,-0.3198436922328,-4.846098715227389,3.9415028104472447,199
clock_NY_macro_end1h_quote,3,full_macro,all,6,linear,0.5,btc_vol,coef_raw,-418.30487452838975,-2532.4189217545018,1015.4937050270751,199
clock_NY_macro_end1h_quote,3,full_macro,all,6,linear,0.5,btc_vol,effect_bp_per_sd,-0.7823739752639185,-4.736494311906871,1.8993224684585799,199
clock_NY_macro_end1h_quote,3,full_macro,all,6,linear,0.5,account_ls,coef_raw,-0.2337343127335064,-2.659654162620611,5.414513479793021,199
clock_NY_macro_end1h_quote,3,full_macro,all,6,linear,0.5,account_ls,effect_bp_per_sd,-0.1314379825460338,-1.495627977410357,3.0447935518295846,199
clock_NY_macro_end1h_quote,3,full_macro,all,6,pca,0.1,e_origin,coef_raw,0.4795847354211087,0.16840893668082663,0.8845471657597914,199
clock_NY_macro_end1h_quote,3,full_macro,all,6,pca,0.1,e_origin,effect_bp_per_sd,3.9458275899819935,1.3856000403583488,7.277693290697963,199
clock_NY_macro_end1h_quote,3,full_macro,all,6,pca,0.1,downside,coef_raw,-104329.09350786128,-1239977.5731887587,404478.50633701676,199
clock_NY_macro_end1h_quote,3,full_macro,all,6,pca,0.1,downside,effect_bp_per_sd,-1.6708559375034877,-19.85854396767561,6.477822160458268,199
clock_NY_macro_end1h_quote,3,full_macro,all,6,pca,0.1,btc_vol,coef_raw,-1065.987268600694,-4225.985582610049,2951.004929020927,199
clock_NY_macro_end1h_quote,3,full_macro,all,6,pca,0.1,btc_vol,effect_bp_per_sd,-1.993762797663141,-7.90404640491522,5.519394102075726,199
clock_NY_macro_end1h_quote,3,full_macro,all,6,pca,0.1,account_ls,coef_raw,2.744513897366786,-1.122098362966711,5.984293195338308,199
clock_NY_macro_end1h_quote,3,full_macro,all,6,pca,0.1,account_ls,effect_bp_per_sd,1.543347938608976,-0.6309999730964154,3.365203060519533,199
clock_NY_macro_end1h_quote,3,full_macro,all,6,pca,0.5,e_origin,coef_raw,0.3329460514647199,0.062433316203080506,0.6260271730605399,199
clock_NY_macro_end1h_quote,3,full_macro,all,6,pca,0.5,e_origin,effect_bp_per_sd,2.7393443093877763,0.5136758604125955,5.150696235925248,199
clock_NY_macro_end1h_quote,3,full_macro,all,6,pca,0.5,downside,coef_raw,-35045.09056953922,-299413.8791402061,246352.82558104506,199
clock_NY_macro_end1h_quote,3,full_macro,all,6,pca,0.5,downside,effect_bp_per_sd,-0.5612556928240722,-4.795186471112862,3.9454007267094138,199
clock_NY_macro_end1h_quote,3,full_macro,all,6,pca,0.5,btc_vol,coef_raw,-307.4539084405295,-2493.659367669472,984.5413072204998,199
clock_NY_macro_end1h_quote,3,full_macro,all,6,pca,0.5,btc_vol,effect_bp_per_sd,-0.5750445457472683,-4.664000615907868,1.8414308396718422,199
clock_NY_macro_end1h_quote,3,full_macro,all,6,pca,0.5,account_ls,coef_raw,-0.140681488524871,-2.624750985293445,5.427107067711228,199
clock_NY_macro_end1h_quote,3,full_macro,all,6,pca,0.5,account_ls,effect_bp_per_sd,-0.0791107254088301,-1.4760005501889215,3.051875420852695,199
clock_NY_macro_end1h_quote,3,full_macro,all,6,ml,0.1,e_origin,coef_raw,0.4323177381318892,0.12591888231737916,0.8835450646021114,199
clock_NY_macro_end1h_quote,3,full_macro,all,6,ml,0.1,e_origin,effect_bp_per_sd,3.5357944326287654,1.0298519903081091,7.226244599391627,199
clock_NY_macro_end1h_quote,3,full_macro,all,6,ml,0.1,downside,coef_raw,-50932.99114174037,-1224178.968013586,372163.5370076,199
clock_NY_macro_end1h_quote,3,full_macro,all,6,ml,0.1,downside,effect_bp_per_sd,-0.8157043045483469,-19.605525443564485,5.960290026718117,199
clock_NY_macro_end1h_quote,3,full_macro,all,6,ml,0.1,btc_vol,coef_raw,-996.9312367395158,-3874.9053174422706,2799.8971587326087,199
clock_NY_macro_end1h_quote,3,full_macro,all,6,ml,0.1,btc_vol,effect_bp_per_sd,-1.8646042689128024,-7.247405568478149,5.236770603922548,199
clock_NY_macro_end1h_quote,3,full_macro,all,6,ml,0.1,account_ls,coef_raw,3.3409488249960835,-0.2850267541248852,7.367117197403995,199
clock_NY_macro_end1h_quote,3,full_macro,all,6,ml,0.1,account_ls,effect_bp_per_sd,1.878746719775377,-0.1602817365396127,4.142819298897747,199
clock_NY_macro_end1h_quote,3,full_macro,all,6,ml,0.5,e_origin,coef_raw,0.2856315097088152,0.0811228502241739,0.6806464488382253,199
clock_NY_macro_end1h_quote,3,full_macro,all,6,ml,0.5,e_origin,effect_bp_per_sd,2.336092676131814,0.6634789574470472,5.566798935408328,199
clock_NY_macro_end1h_quote,3,full_macro,all,6,ml,0.5,downside,coef_raw,-61509.17312448364,-258142.508366619,272348.9285736779,199
clock_NY_macro_end1h_quote,3,full_macro,all,6,ml,0.5,downside,effect_bp_per_sd,-0.9850844445248575,-4.134215378703631,4.361734671314423,199
clock_NY_macro_end1h_quote,3,full_macro,all,6,ml,0.5,btc_vol,coef_raw,-32.17021805994656,-2461.1830897190766,1021.7082218926032,199
clock_NY_macro_end1h_quote,3,full_macro,all,6,ml,0.5,btc_vol,effect_bp_per_sd,-0.0601693714830456,-4.603258807172141,1.9109457522415132,199
clock_NY_macro_end1h_quote,3,full_macro,all,6,ml,0.5,account_ls,coef_raw,0.4210798877060171,-2.329956452981208,5.85062795558007,199
clock_NY_macro_end1h_quote,3,full_macro,all,6,ml,0.5,account_ls,effect_bp_per_sd,0.2367897562130396,-1.3102260084043786,3.2900378473127514,199
clock_NY_macro_end1h_quote,3,full_macro,all,6,joint_linear,0.1,e_origin,coef_raw,0.4897632552761712,0.1712667306690266,0.9325245276537241,199
clock_NY_macro_end1h_quote,3,full_macro,all,6,joint_linear,0.1,e_origin,effect_bp_per_sd,4.069599245244727,1.4231099421151563,7.748644009179166,199
clock_NY_macro_end1h_quote,3,full_macro,all,6,joint_linear,0.1,downside,coef_raw,-99866.18606317924,-1242443.94548831,390239.7773256884,199
clock_NY_macro_end1h_quote,3,full_macro,all,6,joint_linear,0.1,downside,effect_bp_per_sd,-1.5993813837452533,-19.898043522998485,6.249785434448677,199
clock_NY_macro_end1h_quote,3,full_macro,all,6,joint_linear,0.1,btc_vol,coef_raw,-1142.5253203450002,-3917.314050935976,2961.7751217522846,199
clock_NY_macro_end1h_quote,3,full_macro,all,6,joint_linear,0.1,btc_vol,effect_bp_per_sd,-2.136915276748307,-7.326724484966478,5.539538066477504,199
clock_NY_macro_end1h_quote,3,full_macro,all,6,joint_linear,0.1,account_ls,coef_raw,2.8312954142916213,-1.0007731768533914,6.299016195831179,199
clock_NY_macro_end1h_quote,3,full_macro,all,6,joint_linear,0.1,account_ls,effect_bp_per_sd,1.5921485933929824,-0.5627740566348534,3.5421841625316355,199
clock_NY_macro_end1h_quote,3,full_macro,all,6,joint_linear,0.5,e_origin,coef_raw,0.3279533338305445,0.055637686202689336,0.6583844961654848,199
clock_NY_macro_end1h_quote,3,full_macro,all,6,joint_linear,0.5,e_origin,effect_bp_per_sd,2.7250689500576977,0.46231129701625007,5.470726968206362,199
clock_NY_macro_end1h_quote,3,full_macro,all,6,joint_linear,0.5,downside,coef_raw,-26338.16272758728,-300415.6170309498,281588.88634795306,199
clock_NY_macro_end1h_quote,3,full_macro,all,6,joint_linear,0.5,downside,effect_bp_per_sd,-0.4218121148824731,-4.811229548324543,4.509714853930174,199
clock_NY_macro_end1h_quote,3,full_macro,all,6,joint_linear,0.5,btc_vol,coef_raw,-376.57313052531873,-2485.449118049715,1044.338726235863,199
clock_NY_macro_end1h_quote,3,full_macro,all,6,joint_linear,0.5,btc_vol,effect_bp_per_sd,-0.7043212619476099,-4.648644625518898,1.9532725782562124,199
clock_NY_macro_end1h_quote,3,full_macro,all,6,joint_linear,0.5,account_ls,coef_raw,-0.1603598562970218,-2.8481258166516703,5.76782370046443,199
clock_NY_macro_end1h_quote,3,full_macro,all,6,joint_linear,0.5,account_ls,effect_bp_per_sd,-0.0901766443555248,-1.6016129895519022,3.243473763026864,199
clock_NY_macro_end1h_quote,7,core,matched,1,linear,0.1,e_origin,coef_raw,0.5073022554817562,0.3124242058199889,0.6888698198491584,199
clock_NY_macro_end1h_quote,7,core,matched,1,linear,0.1,e_origin,effect_bp_per_sd,4.72019981680379,2.9069547062749366,6.409597359991617,199
clock_NY_macro_end1h_quote,7,core,matched,1,linear,0.1,downside,coef_raw,-145719.02732859697,-370499.63077168574,-8615.418341180046,199
clock_NY_macro_end1h_quote,7,core,matched,1,linear,0.1,downside,effect_bp_per_sd,-2.361162715650368,-6.003402097707064,-0.13960019456520567,199
clock_NY_macro_end1h_quote,7,core,matched,1,linear,0.1,btc_vol,coef_raw,-60.23537942740049,-1088.135756555888,887.7707734610026,199
clock_NY_macro_end1h_quote,7,core,matched,1,linear,0.1,btc_vol,effect_bp_per_sd,-0.1158092906945569,-2.092063357847779,1.7068391458842327,199
clock_NY_macro_end1h_quote,7,core,matched,1,linear,0.1,account_ls,coef_raw,0.4011306224607852,-1.723885214863278,2.9328616423549754,199
clock_NY_macro_end1h_quote,7,core,matched,1,linear,0.1,account_ls,effect_bp_per_sd,0.2499796753068364,-1.0743040848742653,1.8277233400385575,199
clock_NY_macro_end1h_quote,7,core,matched,1,pca,0.1,e_origin,coef_raw,0.5130300339051693,0.3176887204573581,0.6929019167606192,199
clock_NY_macro_end1h_quote,7,core,matched,1,pca,0.1,e_origin,effect_bp_per_sd,4.749834735298071,2.9412876824277365,6.415159688277734,199
clock_NY_macro_end1h_quote,7,core,matched,1,pca,0.1,downside,coef_raw,-151442.5971636689,-367385.3014227541,-9492.278545999716,199
clock_NY_macro_end1h_quote,7,core,matched,1,pca,0.1,downside,effect_bp_per_sd,-2.45390475450929,-5.952938966860254,-0.1538084257098521,199
clock_NY_macro_end1h_quote,7,core,matched,1,pca,0.1,btc_vol,coef_raw,-15.998375352405644,-1033.3594801124705,881.6313236991116,199
clock_NY_macro_end1h_quote,7,core,matched,1,pca,0.1,btc_vol,effect_bp_per_sd,-0.0307586757058689,-1.9867498065411606,1.6950353633076423,199
clock_NY_macro_end1h_quote,7,core,matched,1,pca,0.1,account_ls,coef_raw,0.4391883406266282,-1.8022524488041984,2.897275697903215,199
clock_NY_macro_end1h_quote,7,core,matched,1,pca,0.1,account_ls,effect_bp_per_sd,0.2736967776603138,-1.123141582183914,1.8055466166935132,199
clock_NY_macro_end1h_quote,7,core,matched,1,ml,0.1,e_origin,coef_raw,0.5577492313204799,0.2911875837430756,0.6798929030103871,199
clock_NY_macro_end1h_quote,7,core,matched,1,ml,0.1,e_origin,effect_bp_per_sd,5.20461173170031,2.7172037707459755,6.344389880968552,199
clock_NY_macro_end1h_quote,7,core,matched,1,ml,0.1,downside,coef_raw,-173848.4980116534,-382176.2011970242,-19339.767478729296,199
clock_NY_macro_end1h_quote,7,core,matched,1,ml,0.1,downside,effect_bp_per_sd,-2.8169594541095093,-6.19260376368308,-0.31337251378400904,199
clock_NY_macro_end1h_quote,7,core,matched,1,ml,0.1,btc_vol,coef_raw,171.24235448180826,-933.6321825801249,1152.6871365579411,199
clock_NY_macro_end1h_quote,7,core,matched,1,ml,0.1,btc_vol,effect_bp_per_sd,0.3292326834814121,-1.795012862242072,2.216170645001216,199
clock_NY_macro_end1h_quote,7,core,matched,1,ml,0.1,account_ls,coef_raw,0.9708919329559258,-1.0172835429754488,3.9241548097504584,199
clock_NY_macro_end1h_quote,7,core,matched,1,ml,0.1,account_ls,effect_bp_per_sd,0.6050479234655689,-0.6339586048254182,2.4454850621410227,199
clock_NY_macro_end1h_quote,7,core,matched,1,joint_linear,0.1,e_origin,coef_raw,0.542551511749217,0.30716416153215104,0.695375499228948,199
clock_NY_macro_end1h_quote,7,core,matched,1,joint_linear,0.1,e_origin,effect_bp_per_sd,5.0770814022993465,2.8743767516928442,6.507175702759454,199
clock_NY_macro_end1h_quote,7,core,matched,1,joint_linear,0.1,downside,coef_raw,-152127.98982675272,-368879.79316920124,-6255.0693692968625,199
clock_NY_macro_end1h_quote,7,core,matched,1,joint_linear,0.1,downside,effect_bp_per_sd,-2.4650105354860217,-5.977155009577867,-0.10135420781587927,199
clock_NY_macro_end1h_quote,7,core,matched,1,joint_linear,0.1,btc_vol,coef_raw,8.496042259889004,-1116.3891714038878,876.1238730673558,199
clock_NY_macro_end1h_quote,7,core,matched,1,joint_linear,0.1,btc_vol,effect_bp_per_sd,0.0163345966636536,-2.1463837251194686,1.6844466701299448,199
clock_NY_macro_end1h_quote,7,core,matched,1,joint_linear,0.1,account_ls,coef_raw,0.1294779851812154,-1.728713957489177,2.850847235157875,199
clock_NY_macro_end1h_quote,7,core,matched,1,joint_linear,0.1,account_ls,effect_bp_per_sd,0.0806890894951502,-1.0773132979489428,1.7766129691677368,199
clock_NY_macro_end1h_quote,7,core,all,6,linear,0.1,e_origin,coef_raw,0.3759012878860324,0.19348942225459514,0.5312713529967168,199
clock_NY_macro_end1h_quote,7,core,all,6,linear,0.1,e_origin,effect_bp_per_sd,3.531233041751209,1.8176480451483086,4.990786188544969,199
clock_NY_macro_end1h_quote,7,core,all,6,linear,0.1,downside,coef_raw,-23443.63276322809,-277114.9773385411,121169.95917538296,199
clock_NY_macro_end1h_quote,7,core,all,6,linear,0.1,downside,effect_bp_per_sd,-0.4038135438465579,-4.773269662693109,2.0871368834569934,199
clock_NY_macro_end1h_quote,7,core,all,6,linear,0.1,btc_vol,coef_raw,-1207.5787779062805,-2056.0451604133737,73.94556369049695,199
clock_NY_macro_end1h_quote,7,core,all,6,linear,0.1,btc_vol,effect_bp_per_sd,-2.3633338133896475,-4.023854292873458,0.14471772294881466,199
clock_NY_macro_end1h_quote,7,core,all,6,linear,0.1,account_ls,coef_raw,1.5054369657913451,0.17283867916588394,3.18596000280375,199
clock_NY_macro_end1h_quote,7,core,all,6,linear,0.1,account_ls,effect_bp_per_sd,0.9126392409513836,0.10477978457110294,1.9314207002561956,199
clock_NY_macro_end1h_quote,7,core,all,6,linear,0.5,e_origin,coef_raw,0.2876919876846476,0.17071606902903402,0.4267990590459408,199
clock_NY_macro_end1h_quote,7,core,all,6,linear,0.5,e_origin,effect_bp_per_sd,2.702591040515716,1.6037141748127686,4.009368916948988,199
clock_NY_macro_end1h_quote,7,core,all,6,linear,0.5,downside,coef_raw,-57704.76059557886,-169069.18458342287,62057.523966093046,199
clock_NY_macro_end1h_quote,7,core,all,6,linear,0.5,downside,effect_bp_per_sd,-0.9939570419080956,-2.9121948492968537,1.0689328282943176,199
clock_NY_macro_end1h_quote,7,core,all,6,linear,0.5,btc_vol,coef_raw,-59.40341680525545,-751.2967716063856,475.032428125488,199
clock_NY_macro_end1h_quote,7,core,all,6,linear,0.5,btc_vol,effect_bp_per_sd,-0.1162575114231054,-1.4703513317005736,0.9296786432368743,199
clock_NY_macro_end1h_quote,7,core,all,6,linear,0.5,account_ls,coef_raw,0.9481844570687918,-0.28154283983346,2.0346524851521357,199
clock_NY_macro_end1h_quote,7,core,all,6,linear,0.5,account_ls,effect_bp_per_sd,0.5748167228817073,-0.17067937713741438,1.2334649286846724,199
clock_NY_macro_end1h_quote,7,core,all,6,pca,0.1,e_origin,coef_raw,0.3792809365791632,0.19752478983314214,0.5326091509184298,199
clock_NY_macro_end1h_quote,7,core,all,6,pca,0.1,e_origin,effect_bp_per_sd,3.545552861276662,1.8464797890515525,4.978879023061123,199
clock_NY_macro_end1h_quote,7,core,all,6,pca,0.1,downside,coef_raw,-17381.97698839373,-274923.6409415857,123386.2313366688,199
clock_NY_macro_end1h_quote,7,core,all,6,pca,0.1,downside,effect_bp_per_sd,-0.2994023067001879,-4.7355241765241525,2.1253118849431565,199
clock_NY_macro_end1h_quote,7,core,all,6,pca,0.1,btc_vol,coef_raw,-1221.9072332036756,-2041.8941049117977,82.09635101436264,199
clock_NY_macro_end1h_quote,7,core,all,6,pca,0.1,btc_vol,effect_bp_per_sd,-2.3913758124024893,-3.9961594802666847,0.16066950318930376,199
clock_NY_macro_end1h_quote,7,core,all,6,pca,0.1,account_ls,coef_raw,1.430194051067999,0.22659692382547686,3.234489102552309,199
clock_NY_macro_end1h_quote,7,core,all,6,pca,0.1,account_ls,effect_bp_per_sd,0.8670248192648616,0.13736958056778872,1.9608404380233613,199
clock_NY_macro_end1h_quote,7,core,all,6,pca,0.5,e_origin,coef_raw,0.289235218903261,0.17050528735047477,0.42311963998763386,199
clock_NY_macro_end1h_quote,7,core,all,6,pca,0.5,e_origin,effect_bp_per_sd,2.7037972622976727,1.593899010271235,3.9553610675800126,199
clock_NY_macro_end1h_quote,7,core,all,6,pca,0.5,downside,coef_raw,-56791.25039565019,-163906.885035934,60909.17799815253,199
clock_NY_macro_end1h_quote,7,core,all,6,pca,0.5,downside,effect_bp_per_sd,-0.9782219468015138,-2.8232749069089693,1.0491527174403668,199
clock_NY_macro_end1h_quote,7,core,all,6,pca,0.5,btc_vol,coef_raw,-65.08617632580597,-742.1999421497429,478.3090720350123,199
clock_NY_macro_end1h_quote,7,core,all,6,pca,0.5,btc_vol,effect_bp_per_sd,-0.1273791524903363,-1.4525480669837179,0.9360913125281003,199
clock_NY_macro_end1h_quote,7,core,all,6,pca,0.5,account_ls,coef_raw,0.9937236863537714,-0.25436506046427954,2.013259027728391,199
clock_NY_macro_end1h_quote,7,core,all,6,pca,0.5,account_ls,effect_bp_per_sd,0.6024239150741136,-0.15420342464132647,1.2204955987238733,199
clock_NY_macro_end1h_quote,7,core,all,6,ml,0.1,e_origin,coef_raw,0.4129849119839796,0.19354266638621764,0.5360459535744102,199
clock_NY_macro_end1h_quote,7,core,all,6,ml,0.1,e_origin,effect_bp_per_sd,3.8844949075277455,1.820443023825936,5.041994795542132,199
clock_NY_macro_end1h_quote,7,core,all,6,ml,0.1,downside,coef_raw,-92175.34121968104,-283184.38101709035,120350.96328761928,199
clock_NY_macro_end1h_quote,7,core,all,6,ml,0.1,downside,effect_bp_per_sd,-1.5877083372321106,-4.877814356479415,2.073029785159823,199
clock_NY_macro_end1h_quote,7,core,all,6,ml,0.1,btc_vol,coef_raw,-805.0102377316438,-2082.0448000092965,96.2568683347507,199
clock_NY_macro_end1h_quote,7,core,all,6,ml,0.1,btc_vol,effect_bp_per_sd,-1.575473128349135,-4.07473778678474,0.1883828333758336,199
clock_NY_macro_end1h_quote,7,core,all,6,ml,0.1,account_ls,coef_raw,2.6346602152803884,0.46368275356861277,4.243224947839453,199
clock_NY_macro_end1h_quote,7,core,all,6,ml,0.1,account_ls,effect_bp_per_sd,1.597206893198853,0.2810978379534215,2.572365156150224,199
clock_NY_macro_end1h_quote,7,core,all,6,ml,0.5,e_origin,coef_raw,0.3009090032242842,0.1680778197591704,0.42860287434019473,199
clock_NY_macro_end1h_quote,7,core,all,6,ml,0.5,e_origin,effect_bp_per_sd,2.8303200837015683,1.580923215297005,4.03139590433954,199
clock_NY_macro_end1h_quote,7,core,all,6,ml,0.5,downside,coef_raw,-45494.58671209832,-198726.7743308712,58676.620756886514,199
clock_NY_macro_end1h_quote,7,core,all,6,ml,0.5,downside,effect_bp_per_sd,-0.783638375143925,-3.4230429989338558,1.0106972075566762,199
clock_NY_macro_end1h_quote,7,core,all,6,ml,0.5,btc_vol,coef_raw,-4.899746880924863,-749.6093240119638,611.2597189481841,199
clock_NY_macro_end1h_quote,7,core,all,6,ml,0.5,btc_vol,effect_bp_per_sd,-0.009589219099078,-1.4670488540227742,1.1962869743852123,199
clock_NY_macro_end1h_quote,7,core,all,6,ml,0.5,account_ls,coef_raw,1.510476426229752,-0.018383072998689215,3.0423765944111287,199
clock_NY_macro_end1h_quote,7,core,all,6,ml,0.5,account_ls,effect_bp_per_sd,0.9156943069912258,-0.01114434823184943,1.8443763032961595,199
clock_NY_macro_end1h_quote,7,core,all,6,joint_linear,0.1,e_origin,coef_raw,0.3998749390080274,0.19641691103793193,0.5427038535997417,199
clock_NY_macro_end1h_quote,7,core,all,6,joint_linear,0.1,e_origin,effect_bp_per_sd,3.772799392753328,1.8531834091146124,5.120382823653005,199
clock_NY_macro_end1h_quote,7,core,all,6,joint_linear,0.1,downside,coef_raw,-33427.971037316966,-279208.416717411,118961.79001087202,199
clock_NY_macro_end1h_quote,7,core,all,6,joint_linear,0.1,downside,effect_bp_per_sd,-0.5757924799671853,-4.809328885380446,2.0491014550428233,199
clock_NY_macro_end1h_quote,7,core,all,6,joint_linear,0.1,btc_vol,coef_raw,-1101.7347704923727,-2036.9850432695,73.9411328874857,199
clock_NY_macro_end1h_quote,7,core,all,6,joint_linear,0.1,btc_vol,effect_bp_per_sd,-2.156188137892056,-3.986552031391697,0.1447090514925348,199
clock_NY_macro_end1h_quote,7,core,all,6,joint_linear,0.1,account_ls,coef_raw,1.5054622904996249,0.19252063532551797,3.2002622847090434,199
clock_NY_macro_end1h_quote,7,core,all,6,joint_linear,0.1,account_ls,effect_bp_per_sd,0.912654593518822,0.11671155317924568,1.9400911554120899,199
clock_NY_macro_end1h_quote,7,core,all,6,joint_linear,0.5,e_origin,coef_raw,0.2984134755082983,0.16864331532674912,0.44693573216677007,199
clock_NY_macro_end1h_quote,7,core,all,6,joint_linear,0.5,e_origin,effect_bp_per_sd,2.815515725941797,1.5911409683113311,4.216815545133985,199
clock_NY_macro_end1h_quote,7,core,all,6,joint_linear,0.5,downside,coef_raw,-59667.75650603133,-168165.98418334193,64503.51170960748,199
clock_NY_macro_end1h_quote,7,core,all,6,joint_linear,0.5,downside,effect_bp_per_sd,-1.0277693927140448,-2.896637339159927,1.1110646509896072,199
clock_NY_macro_end1h_quote,7,core,all,6,joint_linear,0.5,btc_vol,coef_raw,-44.43462973906655,-754.1052449277169,451.3405690442981,199
clock_NY_macro_end1h_quote,7,core,all,6,joint_linear,0.5,btc_vol,effect_bp_per_sd,-0.0869623289752242,-1.4758477515497306,0.883311671000315,199
clock_NY_macro_end1h_quote,7,core,all,6,joint_linear,0.5,account_ls,coef_raw,0.9187842900106497,-0.29968020385929073,2.0699089798327144,199
clock_NY_macro_end1h_quote,7,core,all,6,joint_linear,0.5,account_ls,effect_bp_per_sd,0.556993494970147,-0.1816747695141998,1.2548384310464775,199
clock_NY_macro_end1h_quote,7,core,matched,6,linear,0.1,e_origin,coef_raw,0.4495385343763458,0.23838655596612573,0.587580726200051,199
clock_NY_macro_end1h_quote,7,core,matched,6,linear,0.1,e_origin,effect_bp_per_sd,4.182736592792027,2.2180705203670428,5.467151794018902,199
clock_NY_macro_end1h_quote,7,core,matched,6,linear,0.1,downside,coef_raw,-168073.8529751606,-271582.70054347854,191599.84277381026,199
clock_NY_macro_end1h_quote,7,core,matched,6,linear,0.1,downside,effect_bp_per_sd,-2.7233898166624004,-4.40059859370923,3.104593911828915,199
clock_NY_macro_end1h_quote,7,core,matched,6,linear,0.1,btc_vol,coef_raw,-45.45242921816623,-1712.2507567839475,802.1040323056789,199
clock_NY_macro_end1h_quote,7,core,matched,6,linear,0.1,btc_vol,effect_bp_per_sd,-0.0873874065065809,-3.291994630387687,1.5421352023941834,199
clock_NY_macro_end1h_quote,7,core,matched,6,linear,0.1,account_ls,coef_raw,0.6979034532274727,-1.9319262381274254,3.0119353556949147,199
clock_NY_macro_end1h_quote,7,core,matched,6,linear,0.1,account_ls,effect_bp_per_sd,0.4349248570529642,-1.2039526944145598,1.877001106629305,199
clock_NY_macro_end1h_quote,7,core,matched,6,pca,0.1,e_origin,coef_raw,0.4705326688161351,0.2271321901247527,0.5876035376844052,199
clock_NY_macro_end1h_quote,7,core,matched,6,pca,0.1,e_origin,effect_bp_per_sd,4.356377339983375,2.1028795486821212,5.440265694841019,199
clock_NY_macro_end1h_quote,7,core,matched,6,pca,0.1,downside,coef_raw,-149849.3212819579,-262857.7850283601,189380.40194415807,199
clock_NY_macro_end1h_quote,7,core,matched,6,pca,0.1,downside,effect_bp_per_sd,-2.4280880600349466,-4.259224158337506,3.068631134471434,199
clock_NY_macro_end1h_quote,7,core,matched,6,pca,0.1,btc_vol,coef_raw,-24.86481293059883,-1655.721988441667,829.8693904501565,199
clock_NY_macro_end1h_quote,7,core,matched,6,pca,0.1,btc_vol,effect_bp_per_sd,-0.0478053990216189,-3.1833117163297326,1.5955172257691306,199
clock_NY_macro_end1h_quote,7,core,matched,6,pca,0.1,account_ls,coef_raw,0.7877815430023499,-1.8923753328727406,3.052739411535221,199
clock_NY_macro_end1h_quote,7,core,matched,6,pca,0.1,account_ls,effect_bp_per_sd,0.4909357782867799,-1.1793050562138037,1.9024296928778133,199
clock_NY_macro_end1h_quote,7,core,matched,6,ml,0.1,e_origin,coef_raw,0.4379205065033063,0.22405035107779317,0.5709844048113236,199
clock_NY_macro_end1h_quote,7,core,matched,6,ml,0.1,e_origin,effect_bp_per_sd,4.086435404497454,2.0907157199487445,5.328115154660571,199
clock_NY_macro_end1h_quote,7,core,matched,6,ml,0.1,downside,coef_raw,-149702.59459354347,-223693.9533343442,206242.0023757196,199
clock_NY_macro_end1h_quote,7,core,matched,6,ml,0.1,downside,effect_bp_per_sd,-2.4257105696520758,-3.624631813788078,3.3418485927201704,199
clock_NY_macro_end1h_quote,7,core,matched,6,ml,0.1,btc_vol,coef_raw,-230.93896247914745,-1671.803624325865,763.2790207934249,199
clock_NY_macro_end1h_quote,7,core,matched,6,ml,0.1,btc_vol,effect_bp_per_sd,-0.4440061255143516,-3.2142304697710022,1.467489751710813,199
clock_NY_macro_end1h_quote,7,core,matched,6,ml,0.1,account_ls,coef_raw,1.383827066556494,-1.3161022678966623,3.4710421559778215,199
clock_NY_macro_end1h_quote,7,core,matched,6,ml,0.1,account_ls,effect_bp_per_sd,0.8623840250750803,-0.8201787626711592,2.163110823613332,199
clock_NY_macro_end1h_quote,7,core,matched,6,joint_linear,0.1,e_origin,coef_raw,0.4767763853367618,0.2323980979303977,0.5901786566982716,199
clock_NY_macro_end1h_quote,7,core,matched,6,joint_linear,0.1,e_origin,effect_bp_per_sd,4.461571789274945,2.1747318648658567,5.522766073024642,199
clock_NY_macro_end1h_quote,7,core,matched,6,joint_linear,0.1,downside,coef_raw,-141447.2695662511,-266288.500862092,195010.11346581005,199
clock_NY_macro_end1h_quote,7,core,matched,6,joint_linear,0.1,downside,effect_bp_per_sd,-2.291945158110704,-4.314813867266406,3.1598523372785126,199
clock_NY_macro_end1h_quote,7,core,matched,6,joint_linear,0.1,btc_vol,coef_raw,-59.43977217949823,-1754.7625909639064,824.7688921749598,199
clock_NY_macro_end1h_quote,7,core,matched,6,joint_linear,0.1,btc_vol,effect_bp_per_sd,-0.1142796462907716,-3.3737284122498816,1.5857109442605817,199
clock_NY_macro_end1h_quote,7,core,matched,6,joint_linear,0.1,account_ls,coef_raw,0.7429383894773195,-1.9588458932812474,3.059998217961799,199
clock_NY_macro_end1h_quote,7,core,matched,6,joint_linear,0.1,account_ls,effect_bp_per_sd,0.4629900759887271,-1.22072869275007,1.9069532918553718,199
clock_NY_macro_end1h_quote,7,core,matched,12,linear,0.1,e_origin,coef_raw,0.2692530484259588,0.0659173495573338,0.5098925207054834,199
clock_NY_macro_end1h_quote,7,core,matched,12,linear,0.1,e_origin,effect_bp_per_sd,2.5052681633499625,0.6133287560672165,4.744300970115043,199
clock_NY_macro_end1h_quote,7,core,matched,12,linear,0.1,downside,coef_raw,-106295.2553251956,-551900.4790146209,235575.10001567623,199
clock_NY_macro_end1h_quote,7,core,matched,12,linear,0.1,downside,effect_bp_per_sd,-1.7223584203484037,-8.942736289752645,3.817148337384368,199
clock_NY_macro_end1h_quote,7,core,matched,12,linear,0.1,btc_vol,coef_raw,-711.622665248291,-3058.939905383334,718.1188384643268,199
clock_NY_macro_end1h_quote,7,core,matched,12,linear,0.1,btc_vol,effect_bp_per_sd,-1.3681745991805954,-5.881155959956859,1.380664222712972,199
clock_NY_macro_end1h_quote,7,core,matched,12,linear,0.1,account_ls,coef_raw,2.851647082520929,0.12184448857168624,5.420470509128108,199
clock_NY_macro_end1h_quote,7,core,matched,12,linear,0.1,account_ls,effect_bp_per_sd,1.7771114242168295,0.07593198819931862,3.3779706210651956,199
clock_NY_macro_end1h_quote,7,core,matched,12,pca,0.1,e_origin,coef_raw,0.2661513664947795,0.062398318600582155,0.5094530580066965,199
clock_NY_macro_end1h_quote,7,core,matched,12,pca,0.1,e_origin,effect_bp_per_sd,2.464134498717529,0.5777082851411107,4.716717679283704,199
clock_NY_macro_end1h_quote,7,core,matched,12,pca,0.1,downside,coef_raw,-111886.28105945124,-538262.712044922,235302.31188555487,199
clock_NY_macro_end1h_quote,7,core,matched,12,pca,0.1,downside,effect_bp_per_sd,-1.812952776816328,-8.721756315593417,3.81272820657563,199
clock_NY_macro_end1h_quote,7,core,matched,12,pca,0.1,btc_vol,coef_raw,-681.5215112840195,-3007.8775644983316,709.3068193093433,199
clock_NY_macro_end1h_quote,7,core,matched,12,pca,0.1,btc_vol,effect_bp_per_sd,-1.3103017456711148,-5.782982867410424,1.3637221249354445,199
clock_NY_macro_end1h_quote,7,core,matched,12,pca,0.1,account_ls,coef_raw,2.944571514280508,0.21253664551846202,5.204135317870214,199
clock_NY_macro_end1h_quote,7,core,matched,12,pca,0.1,account_ls,effect_bp_per_sd,1.835020788345724,0.13245022609238297,3.2431531879399604,199
clock_NY_macro_end1h_quote,7,core,matched,12,ml,0.1,e_origin,coef_raw,0.3313911842536411,0.09394239474956537,0.4907763883603903,199
clock_NY_macro_end1h_quote,7,core,matched,12,ml,0.1,e_origin,effect_bp_per_sd,3.0923618509794406,0.8766192087079195,4.579657676003691,199
clock_NY_macro_end1h_quote,7,core,matched,12,ml,0.1,downside,coef_raw,-76197.57404001565,-460151.5269199765,249543.06545468047,199
clock_NY_macro_end1h_quote,7,core,matched,12,ml,0.1,downside,effect_bp_per_sd,-1.2346697212065836,-7.4560793386507465,4.043478692539007,199
clock_NY_macro_end1h_quote,7,core,matched,12,ml,0.1,btc_vol,coef_raw,-900.488421367406,-3120.9670481089047,518.056302325007,199
clock_NY_macro_end1h_quote,7,core,matched,12,ml,0.1,btc_vol,effect_bp_per_sd,-1.7312902541422763,-6.0004101170841695,0.9960214990330508,199
clock_NY_macro_end1h_quote,7,core,matched,12,ml,0.1,account_ls,coef_raw,3.708668175154201,0.6295932069034038,6.597910449479425,199
clock_NY_macro_end1h_quote,7,core,matched,12,ml,0.1,account_ls,effect_bp_per_sd,2.311196439101276,0.3923547508579675,4.1117367249260335,199
clock_NY_macro_end1h_quote,7,core,matched,12,joint_linear,0.1,e_origin,coef_raw,0.2912229399199342,0.07821018107494268,0.5134094961245151,199
clock_NY_macro_end1h_quote,7,core,matched,12,joint_linear,0.1,e_origin,effect_bp_per_sd,2.725202197711085,0.7318742040287555,4.804376631693011,199
clock_NY_macro_end1h_quote,7,core,matched,12,joint_linear,0.1,downside,coef_raw,-112925.52963862623,-555606.9184084049,239217.4752146447,199
clock_NY_macro_end1h_quote,7,core,matched,12,joint_linear,0.1,downside,effect_bp_per_sd,-1.8297922729509488,-9.002793693818935,3.8761676753107768,199
clock_NY_macro_end1h_quote,7,core,matched,12,joint_linear,0.1,btc_vol,coef_raw,-728.873120539915,-3132.107251503487,739.5829003049972,199
clock_NY_macro_end1h_quote,7,core,matched,12,joint_linear,0.1,btc_vol,effect_bp_per_sd,-1.401340539371758,-6.021828410877348,1.4219312953341068,199
clock_NY_macro_end1h_quote,7,core,matched,12,joint_linear,0.1,account_ls,coef_raw,2.8057845791355307,0.11275678019593603,5.328586071031529,199
clock_NY_macro_end1h_quote,7,core,matched,12,joint_linear,0.1,account_ls,effect_bp_per_sd,1.7485304756103408,0.07026863999838351,3.3207093682088904,199
clock_NY_macro_end1h_quote,7,full_macro,all,6,linear,0.1,e_origin,coef_raw,0.4810583791060708,0.2233614051255832,0.8946649161201095,199
clock_NY_macro_end1h_quote,7,full_macro,all,6,linear,0.1,e_origin,effect_bp_per_sd,3.9744600261459127,1.845391359163232,7.39163914475861,199
clock_NY_macro_end1h_quote,7,full_macro,all,6,linear,0.1,downside,coef_raw,-104612.70708058076,-1129162.5682832291,374826.989747489,199
clock_NY_macro_end1h_quote,7,full_macro,all,6,linear,0.1,downside,effect_bp_per_sd,-1.6753980782046265,-18.083814573549986,6.002945873472581,199
clock_NY_macro_end1h_quote,7,full_macro,all,6,linear,0.1,btc_vol,coef_raw,-1124.5117034213056,-3720.3246816138812,2546.9639750087013,199
clock_NY_macro_end1h_quote,7,full_macro,all,6,linear,0.1,btc_vol,effect_bp_per_sd,-2.103223618009303,-6.958286617406321,4.763698563704662,199
clock_NY_macro_end1h_quote,7,full_macro,all,6,linear,0.1,account_ls,coef_raw,2.8891562950268765,-2.4754239405334104,5.649729701155554,199
clock_NY_macro_end1h_quote,7,full_macro,all,6,linear,0.1,account_ls,effect_bp_per_sd,1.6246860387651971,-1.3920280890073304,3.177064869790684,199
clock_NY_macro_end1h_quote,7,full_macro,all,6,linear,0.5,e_origin,coef_raw,0.322528271091118,0.08531255425656899,0.5975717082927022,199
clock_NY_macro_end1h_quote,7,full_macro,all,6,linear,0.5,e_origin,effect_bp_per_sd,2.6646988732129624,0.7048444665930548,4.937082421843421,199
clock_NY_macro_end1h_quote,7,full_macro,all,6,linear,0.5,downside,coef_raw,-19971.202618888707,-328368.13116143184,238254.28347729612,199
clock_NY_macro_end1h_quote,7,full_macro,all,6,linear,0.5,downside,effect_bp_per_sd,-0.3198436922328,-5.258895895579317,3.8157005950951075,199
clock_NY_macro_end1h_quote,7,full_macro,all,6,linear,0.5,btc_vol,coef_raw,-418.30487452838975,-2113.2393862906015,1383.71417274658,199
clock_NY_macro_end1h_quote,7,full_macro,all,6,linear,0.5,btc_vol,effect_bp_per_sd,-0.7823739752639185,-3.9524844198875138,2.5880213783817454,199
clock_NY_macro_end1h_quote,7,full_macro,all,6,linear,0.5,account_ls,coef_raw,-0.2337343127335064,-3.0253870456558714,5.079331139643681,199
clock_NY_macro_end1h_quote,7,full_macro,all,6,linear,0.5,account_ls,effect_bp_per_sd,-0.1314379825460338,-1.7012939394794686,2.8563073597123063,199
clock_NY_macro_end1h_quote,7,full_macro,all,6,pca,0.1,e_origin,coef_raw,0.4795847354211087,0.2057442275998712,0.8933796634128562,199
clock_NY_macro_end1h_quote,7,full_macro,all,6,pca,0.1,e_origin,effect_bp_per_sd,3.9458275899819935,1.6927795857185954,7.350363478787482,199
clock_NY_macro_end1h_quote,7,full_macro,all,6,pca,0.1,downside,coef_raw,-104329.09350786128,-1133375.4440113008,374527.52488513524,199
clock_NY_macro_end1h_quote,7,full_macro,all,6,pca,0.1,downside,effect_bp_per_sd,-1.6708559375034877,-18.15128480824231,5.99814987049284,199
clock_NY_macro_end1h_quote,7,full_macro,all,6,pca,0.1,btc_vol,coef_raw,-1065.987268600694,-3713.8707906197524,2627.27674404575,199
clock_NY_macro_end1h_quote,7,full_macro,all,6,pca,0.1,btc_vol,effect_bp_per_sd,-1.993762797663141,-6.9462156216793645,4.913911062296295,199
clock_NY_macro_end1h_quote,7,full_macro,all,6,pca,0.1,account_ls,coef_raw,2.744513897366786,-2.3376874969407786,5.535406273655784,199
clock_NY_macro_end1h_quote,7,full_macro,all,6,pca,0.1,account_ls,effect_bp_per_sd,1.543347938608976,-1.3145734780126568,3.1127763171490788,199
clock_NY_macro_end1h_quote,7,full_macro,all,6,pca,0.5,e_origin,coef_raw,0.3329460514647199,0.0823136752436172,0.5964672145650293,199
clock_NY_macro_end1h_quote,7,full_macro,all,6,pca,0.5,e_origin,effect_bp_per_sd,2.7393443093877763,0.677243345795586,4.907488954342584,199
clock_NY_macro_end1h_quote,7,full_macro,all,6,pca,0.5,downside,coef_raw,-35045.09056953922,-320455.23606996227,237119.06503659,199
clock_NY_macro_end1h_quote,7,full_macro,all,6,pca,0.5,downside,effect_bp_per_sd,-0.5612556928240722,-5.132168946251153,3.797519794244247,199
clock_NY_macro_end1h_quote,7,full_macro,all,6,pca,0.5,btc_vol,coef_raw,-307.4539084405295,-2102.572822830506,1237.2245202018516,199
clock_NY_macro_end1h_quote,7,full_macro,all,6,pca,0.5,btc_vol,effect_bp_per_sd,-0.5750445457472683,-3.9325342778623007,2.314035348633314,199
clock_NY_macro_end1h_quote,7,full_macro,all,6,pca,0.5,account_ls,coef_raw,-0.140681488524871,-2.949497861859721,5.04239534082271,199
clock_NY_macro_end1h_quote,7,full_macro,all,6,pca,0.5,account_ls,effect_bp_per_sd,-0.0791107254088301,-1.658618471343971,2.8355369096060357,199
clock_NY_macro_end1h_quote,7,full_macro,all,6,ml,0.1,e_origin,coef_raw,0.4323177381318892,0.2330403740991034,0.9384914864771617,199
clock_NY_macro_end1h_quote,7,full_macro,all,6,ml,0.1,e_origin,effect_bp_per_sd,3.5357944326287654,1.9059658779625606,7.675634562889735,199
clock_NY_macro_end1h_quote,7,full_macro,all,6,ml,0.1,downside,coef_raw,-50932.99114174037,-1176634.9642192752,362398.4753166376,199
clock_NY_macro_end1h_quote,7,full_macro,all,6,ml,0.1,downside,effect_bp_per_sd,-0.8157043045483469,-18.84409659987931,5.803900176506269,199
clock_NY_macro_end1h_quote,7,full_macro,all,6,ml,0.1,btc_vol,coef_raw,-996.9312367395158,-3703.963667433412,2845.9226493740985,199
clock_NY_macro_end1h_quote,7,full_macro,all,6,ml,0.1,btc_vol,effect_bp_per_sd,-1.8646042689128024,-6.927685894146388,5.322854100121948,199
clock_NY_macro_end1h_quote,7,full_macro,all,6,ml,0.1,account_ls,coef_raw,3.3409488249960835,-1.1326496819860217,7.070558405867411,199
clock_NY_macro_end1h_quote,7,full_macro,all,6,ml,0.1,account_ls,effect_bp_per_sd,1.878746719775377,-0.6369333941199645,3.976052644870786,199
clock_NY_macro_end1h_quote,7,full_macro,all,6,ml,0.5,e_origin,coef_raw,0.2856315097088152,0.09984431475402676,0.6387393473257587,199
clock_NY_macro_end1h_quote,7,full_macro,all,6,ml,0.5,e_origin,effect_bp_per_sd,2.336092676131814,0.8165960845428507,5.224053581364624,199
clock_NY_macro_end1h_quote,7,full_macro,all,6,ml,0.5,downside,coef_raw,-61509.17312448364,-323753.14719226054,237101.3421715136,199
clock_NY_macro_end1h_quote,7,full_macro,all,6,ml,0.5,downside,effect_bp_per_sd,-0.9850844445248575,-5.184985799103762,3.7972359582274,199
clock_NY_macro_end1h_quote,7,full_macro,all,6,ml,0.5,btc_vol,coef_raw,-32.17021805994656,-2220.0162374151096,1410.2392920561851,199
clock_NY_macro_end1h_quote,7,full_macro,all,6,ml,0.5,btc_vol,effect_bp_per_sd,-0.0601693714830456,-4.152193853287327,2.6376324737867476,199
clock_NY_macro_end1h_quote,7,full_macro,all,6,ml,0.5,account_ls,coef_raw,0.4210798877060171,-2.638319704171327,5.813574371916152,199
clock_NY_macro_end1h_quote,7,full_macro,all,6,ml,0.5,account_ls,effect_bp_per_sd,0.2367897562130396,-1.4836307736430039,3.2692011621640074,199
clock_NY_macro_end1h_quote,7,full_macro,all,6,joint_linear,0.1,e_origin,coef_raw,0.4897632552761712,0.2271484025029899,0.8925414172153658,199
clock_NY_macro_end1h_quote,7,full_macro,all,6,joint_linear,0.1,e_origin,effect_bp_per_sd,4.069599245244727,1.8874485936341923,7.416411579919593,199
clock_NY_macro_end1h_quote,7,full_macro,all,6,joint_linear,0.1,downside,coef_raw,-99866.18606317924,-1130400.5547964177,374762.0856520946,199
clock_NY_macro_end1h_quote,7,full_macro,all,6,joint_linear,0.1,downside,effect_bp_per_sd,-1.5993813837452533,-18.103641230205007,6.00190641851796,199
clock_NY_macro_end1h_quote,7,full_macro,all,6,joint_linear,0.1,btc_vol,coef_raw,-1142.5253203450002,-3765.38609598633,2611.84971905731,199
clock_NY_macro_end1h_quote,7,full_macro,all,6,joint_linear,0.1,btc_vol,effect_bp_per_sd,-2.136915276748307,-7.042566959425608,4.885057220035169,199
clock_NY_macro_end1h_quote,7,full_macro,all,6,joint_linear,0.1,account_ls,coef_raw,2.8312954142916213,-2.4017179886943913,5.6385110972517625,199
clock_NY_macro_end1h_quote,7,full_macro,all,6,joint_linear,0.1,account_ls,effect_bp_per_sd,1.5921485933929824,-1.3505803379345074,3.1707562082730285,199
clock_NY_macro_end1h_quote,7,full_macro,all,6,joint_linear,0.5,e_origin,coef_raw,0.3279533338305445,0.10667424898898997,0.6057155987648811,199
clock_NY_macro_end1h_quote,7,full_macro,all,6,joint_linear,0.5,e_origin,effect_bp_per_sd,2.7250689500576977,0.886390390654861,5.033084285133897,199
clock_NY_macro_end1h_quote,7,full_macro,all,6,joint_linear,0.5,downside,coef_raw,-26338.16272758728,-321516.9604045816,238672.17660434608,199
clock_NY_macro_end1h_quote,7,full_macro,all,6,joint_linear,0.5,downside,effect_bp_per_sd,-0.4218121148824731,-5.149172721026182,3.822393255685709,199
clock_NY_macro_end1h_quote,7,full_macro,all,6,joint_linear,0.5,btc_vol,coef_raw,-376.57313052531873,-2231.7867564250064,1350.570311899805,199
clock_NY_macro_end1h_quote,7,full_macro,all,6,joint_linear,0.5,btc_vol,effect_bp_per_sd,-0.7043212619476099,-4.17420877185378,2.526030960040288,199
clock_NY_macro_end1h_quote,7,full_macro,all,6,joint_linear,0.5,account_ls,coef_raw,-0.1603598562970218,-2.999127091943364,5.060151911495756,199
clock_NY_macro_end1h_quote,7,full_macro,all,6,joint_linear,0.5,account_ls,effect_bp_per_sd,-0.0901766443555248,-1.6865269363066844,2.845522126576992,199
