scope,sample,h,method,model,q,term,n,status,coef_raw,effect_bp_per_sd
core,all,1,sequential_ols,M0,0.1,e_origin,2523,estimated,0.5041246993175145,4.8601251750150425
core,all,1,sequential_ols,M0,0.1,downside,2523,estimated,-99797.71448638465,-1.7499383691125616
core,all,1,sequential_ols,M0,0.5,e_origin,2523,estimated,0.39166276439311887,3.7759111265922636
core,all,1,sequential_ols,M0,0.5,downside,2523,estimated,-54468.40024561709,-0.9550954546858825
core,all,1,sequential_ols,M0,0.9,e_origin,2523,estimated,0.3217916096574404,3.1023028733208604
core,all,1,sequential_ols,M0,0.9,downside,2523,estimated,17931.88968048168,0.31443307037707363
core,all,1,sequential_ols,M1,0.1,e_origin,2523,estimated,0.5009320158800571,4.829345407288433
core,all,1,sequential_ols,M1,0.1,downside,2523,estimated,-55602.293033476286,-0.9749780993551201
core,all,1,sequential_ols,M1,0.1,btc_vol,2523,estimated,-557.3066454841623,-1.1054522189321208
core,all,1,sequential_ols,M1,0.1,btc_ret,2523,estimated,233.0671514523651,1.2216754976338808
core,all,1,sequential_ols,M1,0.5,e_origin,2523,estimated,0.3915200931888177,3.774535673430154
core,all,1,sequential_ols,M1,0.5,downside,2523,estimated,-86670.6033776456,-1.5197563902665412
core,all,1,sequential_ols,M1,0.5,btc_vol,2523,estimated,289.0608811004583,0.5733701455172338
core,all,1,sequential_ols,M1,0.5,btc_ret,2523,estimated,152.73633862236468,0.8006029220784078
core,all,1,sequential_ols,M1,0.9,e_origin,2523,estimated,0.312627939747794,3.013958495662527
core,all,1,sequential_ols,M1,0.9,downside,2523,estimated,-52554.45442169366,-0.9215346937914703
core,all,1,sequential_ols,M1,0.9,btc_vol,2523,estimated,645.7206806702069,1.2808269290187837
core,all,1,sequential_ols,M1,0.9,btc_ret,2523,estimated,119.09521571805426,0.6242651786041378
core,all,1,sequential_ols,M2,0.1,e_origin,2523,estimated,0.5032373382383618,4.851570375129306
core,all,1,sequential_ols,M2,0.1,downside,2523,estimated,-60772.992084306214,-1.0656455531214652
core,all,1,sequential_ols,M2,0.1,btc_vol,2523,estimated,-509.78318466932603,-1.011186493528013
core,all,1,sequential_ols,M2,0.1,btc_ret,2523,estimated,211.65397383788454,1.109433363746387
core,all,1,sequential_ols,M2,0.1,account_ls,2523,estimated,0.6313261764846465,0.375606500319274
core,all,1,sequential_ols,M2,0.5,e_origin,2523,estimated,0.39654414338812793,3.8229711357022143
core,all,1,sequential_ols,M2,0.5,downside,2523,estimated,-93536.51658031913,-1.640149176957003
core,all,1,sequential_ols,M2,0.5,btc_vol,2523,estimated,214.41906261627992,0.4253134795200427
core,all,1,sequential_ols,M2,0.5,btc_ret,2523,estimated,157.19258575726474,0.8239613743621533
core,all,1,sequential_ols,M2,0.5,account_ls,2523,estimated,0.9298562487110851,0.5532164899658218
core,all,1,sequential_ols,M2,0.9,e_origin,2523,estimated,0.30435417813590837,2.934193474911834
core,all,1,sequential_ols,M2,0.9,downside,2523,estimated,-77433.32144110753,-1.357781998665983
core,all,1,sequential_ols,M2,0.9,btc_vol,2523,estimated,719.9214353003046,1.4280087175672038
core,all,1,sequential_ols,M2,0.9,btc_ret,2523,estimated,109.65301821844682,0.5747717117761969
core,all,1,sequential_ols,M2,0.9,account_ls,2523,estimated,0.8176766112173293,0.48647539381686605
core,all,1,pca_1,M0,0.1,e_origin,2523,estimated,0.5080045605361112,4.873268175156689
core,all,1,pca_1,M0,0.1,downside,2523,estimated,-100438.3743768586,-1.7611722468587778
core,all,1,pca_1,M0,0.5,e_origin,2523,estimated,0.39424336092306733,3.7819613706334527
core,all,1,pca_1,M0,0.5,downside,2523,estimated,-53732.73054443358,-0.942195593765017
core,all,1,pca_1,M0,0.9,e_origin,2523,estimated,0.32200501541499366,3.0889817056104567
core,all,1,pca_1,M0,0.9,downside,2523,estimated,16635.08066900662,0.29169371348628287
core,all,1,pca_1,M1,0.1,e_origin,2523,estimated,0.5041542525668834,4.836332319165182
core,all,1,pca_1,M1,0.1,downside,2523,estimated,-55848.18763798928,-0.9792898253842143
core,all,1,pca_1,M1,0.1,btc_vol,2523,estimated,-538.5409094679508,-1.0682292202704171
core,all,1,pca_1,M1,0.1,btc_ret,2523,estimated,223.23119050139093,1.1701180284040538
core,all,1,pca_1,M1,0.5,e_origin,2523,estimated,0.39509335284881636,3.790115310425886
core,all,1,pca_1,M1,0.5,downside,2523,estimated,-84126.0316741154,-1.475137696543118
core,all,1,pca_1,M1,0.5,btc_vol,2523,estimated,276.36170854490086,0.5481805508947849
core,all,1,pca_1,M1,0.5,btc_ret,2523,estimated,152.4676494876986,0.7991945256988385
core,all,1,pca_1,M1,0.9,e_origin,2523,estimated,0.31835259015005357,3.053944130776509
core,all,1,pca_1,M1,0.9,downside,2523,estimated,-58595.3812882303,-1.0274614653930145
core,all,1,pca_1,M1,0.9,btc_vol,2523,estimated,696.1428857257152,1.380842493006251
core,all,1,pca_1,M1,0.9,btc_ret,2523,estimated,107.598838648024,0.5640042534137149
core,all,1,pca_1,M2,0.1,e_origin,2523,estimated,0.5047464711864506,4.842013449563749
core,all,1,pca_1,M2,0.1,downside,2523,estimated,-60201.48845800542,-1.05562432038184
core,all,1,pca_1,M2,0.1,btc_vol,2523,estimated,-506.168921405036,-1.0040173786830908
core,all,1,pca_1,M2,0.1,btc_ret,2523,estimated,204.13816922470832,1.070037531756748
core,all,1,pca_1,M2,0.1,account_ls,2523,estimated,0.6247872691398856,0.3717161878387216
core,all,1,pca_1,M2,0.5,e_origin,2523,estimated,0.39657808500430397,3.8043582887848473
core,all,1,pca_1,M2,0.5,downside,2523,estimated,-90846.42179359143,-1.5929787571926635
core,all,1,pca_1,M2,0.5,btc_vol,2523,estimated,195.3304533588699,0.387450041804169
core,all,1,pca_1,M2,0.5,btc_ret,2523,estimated,158.89292740185678,0.8328741092192967
core,all,1,pca_1,M2,0.5,account_ls,2523,estimated,0.9230361905590562,0.549158907261551
core,all,1,pca_1,M2,0.9,e_origin,2523,estimated,0.302960040999358,2.906283999868516
core,all,1,pca_1,M2,0.9,downside,2523,estimated,-72092.43049403152,-1.2641302548195912
core,all,1,pca_1,M2,0.9,btc_vol,2523,estimated,672.2564643468168,1.3334622980460578
core,all,1,pca_1,M2,0.9,btc_ret,2523,estimated,101.7880028588028,0.5335454107143974
core,all,1,pca_1,M2,0.9,account_ls,2523,estimated,0.7469402809047659,0.44439092708039735
core,all,1,pca_2,M0,0.1,e_origin,2523,estimated,0.555552233950095,4.238996747709168
core,all,1,pca_2,M0,0.1,downside,2523,estimated,-44953.57608015116,-0.7882544005775758
core,all,1,pca_2,M0,0.5,e_origin,2523,estimated,0.47123378618321965,3.595626774530773
core,all,1,pca_2,M0,0.5,downside,2523,estimated,-16302.642969099283,-0.2858644669008138
core,all,1,pca_2,M0,0.9,e_origin,2523,estimated,0.42815184292575276,3.266901217880778
core,all,1,pca_2,M0,0.9,downside,2523,estimated,-9581.75584036913,-0.16801469126648083
core,all,1,pca_2,M1,0.1,e_origin,2523,estimated,0.5322650796550068,4.061310176964232
core,all,1,pca_2,M1,0.1,downside,2523,estimated,10452.136197592748,0.18327668389493232
core,all,1,pca_2,M1,0.1,btc_vol,2523,estimated,-545.2370473595961,-1.0815114241532797
core,all,1,pca_2,M1,0.1,btc_ret,2523,estimated,67.15581157964787,0.35201275263082943
core,all,1,pca_2,M1,0.5,e_origin,2523,estimated,0.47319280748508197,3.610574576771153
core,all,1,pca_2,M1,0.5,downside,2523,estimated,-20492.434024031154,-0.3593318420137996
core,all,1,pca_2,M1,0.5,btc_vol,2523,estimated,95.8247517990128,0.19007432508329702
core,all,1,pca_2,M1,0.5,btc_ret,2523,estimated,88.74815357980793,0.46519401817488387
core,all,1,pca_2,M1,0.9,e_origin,2523,estimated,0.4244038599902192,3.238303209442883
core,all,1,pca_2,M1,0.9,downside,2523,estimated,-26772.368162234925,-0.4694495712674279
core,all,1,pca_2,M1,0.9,btc_vol,2523,estimated,245.52403640935268,0.48701211989693177
core,all,1,pca_2,M1,0.9,btc_ret,2523,estimated,128.47674754129946,0.6734406522275568
core,all,1,pca_2,M2,0.1,e_origin,2523,estimated,0.5392718092968802,4.1147732041089435
core,all,1,pca_2,M2,0.1,downside,2523,estimated,-16924.561256860936,-0.29676971337672764
core,all,1,pca_2,M2,0.1,btc_vol,2523,estimated,-458.39469120327476,-0.9092542366817423
core,all,1,pca_2,M2,0.1,btc_ret,2523,estimated,52.016616905315,0.27265715458842615
core,all,1,pca_2,M2,0.1,account_ls,2523,estimated,1.095317467982296,0.6516573780897296
core,all,1,pca_2,M2,0.5,e_origin,2523,estimated,0.484542993731935,3.697179219226115
core,all,1,pca_2,M2,0.5,downside,2523,estimated,-27784.07020250501,-0.4871896189978759
core,all,1,pca_2,M2,0.5,btc_vol,2523,estimated,9.079249788149447,0.018009253802867164
core,all,1,pca_2,M2,0.5,btc_ret,2523,estimated,99.06413676648707,0.5192676352188746
core,all,1,pca_2,M2,0.5,account_ls,2523,estimated,0.9189210240315683,0.5467105955089362
core,all,1,pca_2,M2,0.9,e_origin,2523,estimated,0.42473399978467946,3.240822255230992
core,all,1,pca_2,M2,0.9,downside,2523,estimated,-27379.709907013195,-0.4800992201879577
core,all,1,pca_2,M2,0.9,btc_vol,2523,estimated,246.26848059808242,0.48848877101345933
core,all,1,pca_2,M2,0.9,btc_ret,2523,estimated,128.8315146223967,0.6753002461155962
core,all,1,pca_2,M2,0.9,account_ls,2523,estimated,-0.008967390859532137,-0.005335134868791276
core,all,1,conditional_linear,M0,0.1,e_origin,2523,estimated,0.4936970298183023,5.633812740017427
core,all,1,conditional_linear,M0,0.1,downside,2523,estimated,-92503.89696608341,-1.622042342617667
core,all,1,conditional_linear,M0,0.5,e_origin,2523,estimated,0.43802775664523264,4.998544060063291
core,all,1,conditional_linear,M0,0.5,downside,2523,estimated,-56248.55681635885,-0.9863102405374546
core,all,1,conditional_linear,M0,0.9,e_origin,2523,estimated,0.5157731159505727,5.8857335088085225
core,all,1,conditional_linear,M0,0.9,downside,2523,estimated,14496.61491226948,0.2541960283137613
core,all,1,conditional_linear,M1,0.1,e_origin,2523,estimated,0.4733291750506503,5.401385415674288
core,all,1,conditional_linear,M1,0.1,downside,2523,estimated,-27003.6755564117,-0.4735055126906617
core,all,1,conditional_linear,M1,0.1,btc_vol,2523,estimated,-809.3084785619665,-1.6053134493841756
core,all,1,conditional_linear,M1,0.1,btc_ret,2523,estimated,176.60045315595883,0.9256922099370581
core,all,1,conditional_linear,M1,0.5,e_origin,2523,estimated,0.4274174355174503,4.877464615110228
core,all,1,conditional_linear,M1,0.5,downside,2523,estimated,-36078.67777309302,-0.6326343530702556
core,all,1,conditional_linear,M1,0.5,btc_vol,2523,estimated,-158.32678990297632,-0.3140509854545036
core,all,1,conditional_linear,M1,0.5,btc_ret,2523,estimated,128.3721689526453,0.6728924793145582
core,all,1,conditional_linear,M1,0.9,e_origin,2523,estimated,0.5212750421844566,5.948518618377642
core,all,1,conditional_linear,M1,0.9,downside,2523,estimated,-36911.06876782687,-0.6472302077677825
core,all,1,conditional_linear,M1,0.9,btc_vol,2523,estimated,581.5688172999614,1.1535777381363408
core,all,1,conditional_linear,M1,0.9,btc_ret,2523,estimated,95.53572826447171,0.5007726641957434
core,all,1,conditional_linear,M2,0.1,e_origin,2523,estimated,0.47483211100815464,5.418536136123092
core,all,1,conditional_linear,M2,0.1,downside,2523,estimated,-38570.26433508081,-0.6763239600640364
core,all,1,conditional_linear,M2,0.1,btc_vol,2523,estimated,-802.9934187705231,-1.592787137495188
core,all,1,conditional_linear,M2,0.1,btc_ret,2523,estimated,177.75299580822485,0.931733529400042
core,all,1,conditional_linear,M2,0.1,account_ls,2523,estimated,1.2066927491993753,0.7179199237566278
core,all,1,conditional_linear,M2,0.5,e_origin,2523,estimated,0.42880016487840283,4.893243600640275
core,all,1,conditional_linear,M2,0.5,downside,2523,estimated,-50632.373124806334,-0.8878312785651061
core,all,1,conditional_linear,M2,0.5,btc_vol,2523,estimated,-153.91318063657533,-0.3052963183487424
core,all,1,conditional_linear,M2,0.5,btc_ret,2523,estimated,121.83756574010782,0.6386398419018239
core,all,1,conditional_linear,M2,0.5,account_ls,2523,estimated,0.7605974191093955,0.45251621964149596
core,all,1,conditional_linear,M2,0.9,e_origin,2523,estimated,0.5169312214576837,5.898949204196941
core,all,1,conditional_linear,M2,0.9,downside,2523,estimated,-50058.239440907695,-0.8777639281490679
core,all,1,conditional_linear,M2,0.9,btc_vol,2523,estimated,486.7524722078358,0.9655036501590377
core,all,1,conditional_linear,M2,0.9,btc_ret,2523,estimated,78.8470302425566,0.4132949851932105
core,all,1,conditional_linear,M2,0.9,account_ls,2523,estimated,0.99472731299691,0.5918114260479279
core,all,1,ae_relu_1,M0,0.1,e_origin,2523,estimated,0.9168184277000871,42.973631543776264
core,all,1,ae_relu_1,M0,0.1,downside,2523,estimated,-69391.433410756,-1.2167686648752665
core,all,1,ae_relu_1,M0,0.5,e_origin,2523,estimated,0.9518602031200393,44.61612944743902
core,all,1,ae_relu_1,M0,0.5,downside,2523,estimated,-15763.44977285565,-0.27640979284011774
core,all,1,ae_relu_1,M0,0.9,e_origin,2523,estimated,1.0078837057719652,47.242094729130756
core,all,1,ae_relu_1,M0,0.9,downside,2523,estimated,39132.45615625061,0.6861819116587147
core,all,1,ae_relu_1,M1,0.1,e_origin,2523,estimated,0.9176202588731497,43.01121542772801
core,all,1,ae_relu_1,M1,0.1,downside,2523,estimated,-13214.012396095479,-0.23170578024621247
core,all,1,ae_relu_1,M1,0.1,btc_vol,2523,estimated,-692.1493816398465,-1.3729211305232991
core,all,1,ae_relu_1,M1,0.1,btc_ret,2523,estimated,110.10110598600332,0.5771204676733793
core,all,1,ae_relu_1,M1,0.5,e_origin,2523,estimated,0.9495107811662017,44.50600601368742
core,all,1,ae_relu_1,M1,0.5,downside,2523,estimated,-54991.73538261002,-0.9642720599903422
core,all,1,ae_relu_1,M1,0.5,btc_vol,2523,estimated,367.1495962156613,0.7282639442851735
core,all,1,ae_relu_1,M1,0.5,btc_ret,2523,estimated,95.73590420211112,0.5018219327722289
core,all,1,ae_relu_1,M1,0.9,e_origin,2523,estimated,1.0021073460618592,46.97134193190665
core,all,1,ae_relu_1,M1,0.9,downside,2523,estimated,-69739.63976527257,-1.2228744125196225
core,all,1,ae_relu_1,M1,0.9,btc_vol,2523,estimated,1360.584076486601,2.6988027122647438
core,all,1,ae_relu_1,M1,0.9,btc_ret,2523,estimated,-35.10479350818992,-0.18400991221286644
core,all,1,ae_relu_1,M2,0.1,e_origin,2523,estimated,0.9178665775264678,43.02276101486963
core,all,1,ae_relu_1,M2,0.1,downside,2523,estimated,-20887.29560555656,-0.3662556822596005
core,all,1,ae_relu_1,M2,0.1,btc_vol,2523,estimated,-602.2445639150656,-1.1945893610174727
core,all,1,ae_relu_1,M2,0.1,btc_ret,2523,estimated,115.17595385648364,0.6037214590998885
core,all,1,ae_relu_1,M2,0.1,account_ls,2523,estimated,0.1311539805977414,0.07802985127206687
core,all,1,ae_relu_1,M2,0.5,e_origin,2523,estimated,0.9477735483166111,44.42457745364928
core,all,1,ae_relu_1,M2,0.5,downside,2523,estimated,-69450.956791434,-1.2178123986746205
core,all,1,ae_relu_1,M2,0.5,btc_vol,2523,estimated,327.6709838106111,0.6499556735384467
core,all,1,ae_relu_1,M2,0.5,btc_ret,2523,estimated,107.51640138129966,0.5635721393718112
core,all,1,ae_relu_1,M2,0.5,account_ls,2523,estimated,0.8580429941086993,0.5104913088432312
core,all,1,ae_relu_1,M2,0.9,e_origin,2523,estimated,1.0017196703096714,46.95317057492949
core,all,1,ae_relu_1,M2,0.9,downside,2523,estimated,-62319.57933712832,-1.0927647350468492
core,all,1,ae_relu_1,M2,0.9,btc_vol,2523,estimated,1320.3513844028666,2.6189986778108953
core,all,1,ae_relu_1,M2,0.9,btc_ret,2523,estimated,1.1879149359941858,0.006226731487186973
core,all,1,ae_relu_1,M2,0.9,account_ls,2523,estimated,-0.3649160010783425,-0.21710619198263828
core,all,1,ae_relu_2,M0,0.1,e_origin,2523,estimated,0.9097431110072124,46.707054070139975
core,all,1,ae_relu_2,M0,0.1,downside,2523,estimated,-39358.20309128027,-0.690140351241736
core,all,1,ae_relu_2,M0,0.5,e_origin,2523,estimated,0.960956940446485,49.336419516074166
core,all,1,ae_relu_2,M0,0.5,downside,2523,estimated,-16320.955180140558,-0.28618556885078666
core,all,1,ae_relu_2,M0,0.9,e_origin,2523,estimated,1.028207098747633,52.78910494121534
core,all,1,ae_relu_2,M0,0.9,downside,2523,estimated,29662.84796147319,0.5201337130021758
core,all,1,ae_relu_2,M1,0.1,e_origin,2523,estimated,0.9101154487265418,46.72617023356969
core,all,1,ae_relu_2,M1,0.1,downside,2523,estimated,-10092.233709850629,-0.17696584626021952
core,all,1,ae_relu_2,M1,0.1,btc_vol,2523,estimated,-422.83875117238694,-0.8387268293345437
core,all,1,ae_relu_2,M1,0.1,btc_ret,2523,estimated,64.16786840051728,0.3363507558735893
core,all,1,ae_relu_2,M1,0.5,e_origin,2523,estimated,0.9653622875037448,49.562594114937966
core,all,1,ae_relu_2,M1,0.5,downside,2523,estimated,-14832.643280183902,-0.2600882367390749
core,all,1,ae_relu_2,M1,0.5,btc_vol,2523,estimated,46.11103928471192,0.09146409989471328
core,all,1,ae_relu_2,M1,0.5,btc_ret,2523,estimated,111.0307472806179,0.581993398003295
core,all,1,ae_relu_2,M1,0.9,e_origin,2523,estimated,1.028507285694664,52.80451681715755
core,all,1,ae_relu_2,M1,0.9,downside,2523,estimated,-11971.016759150792,-0.20991003302971914
core,all,1,ae_relu_2,M1,0.9,btc_vol,2523,estimated,522.396983442935,1.036206743970811
core,all,1,ae_relu_2,M1,0.9,btc_ret,2523,estimated,-28.870994952956913,-0.15133401213575856
core,all,1,ae_relu_2,M2,0.1,e_origin,2523,estimated,0.9100113000365815,46.720823143347786
core,all,1,ae_relu_2,M2,0.1,downside,2523,estimated,-9453.15182312567,-0.16575963857960746
core,all,1,ae_relu_2,M2,0.1,btc_vol,2523,estimated,-443.0722136724839,-0.8788611543038439
core,all,1,ae_relu_2,M2,0.1,btc_ret,2523,estimated,65.98535902637258,0.34587755427031874
core,all,1,ae_relu_2,M2,0.1,account_ls,2523,estimated,0.0636054384003408,0.037841953983047266
core,all,1,ae_relu_2,M2,0.5,e_origin,2523,estimated,0.9652402305373268,49.55632759721318
core,all,1,ae_relu_2,M2,0.5,downside,2523,estimated,-24231.382596181444,-0.42489375994166023
core,all,1,ae_relu_2,M2,0.5,btc_vol,2523,estimated,33.73009975329457,0.06690574016875041
core,all,1,ae_relu_2,M2,0.5,btc_ret,2523,estimated,114.07050267214925,0.5979269804815333
core,all,1,ae_relu_2,M2,0.5,account_ls,2523,estimated,0.7000964583919878,0.4165212696973097
core,all,1,ae_relu_2,M2,0.9,e_origin,2523,estimated,1.0287697018227693,52.817989504266684
core,all,1,ae_relu_2,M2,0.9,downside,2523,estimated,-12015.000135554954,-0.21068127512047125
core,all,1,ae_relu_2,M2,0.9,btc_vol,2523,estimated,535.3022301714212,1.0618050994676806
core,all,1,ae_relu_2,M2,0.9,btc_ret,2523,estimated,-28.582577255528236,-0.14982220392152976
core,all,1,ae_relu_2,M2,0.9,account_ls,2523,estimated,-0.14503175244552674,-0.0862864094667559
core,all,1,ae_tanh_1,M0,0.1,e_origin,2523,estimated,0.8933422766750129,50.60791415261814
core,all,1,ae_tanh_1,M0,0.1,downside,2523,estimated,-57425.00917465801,-1.0069391610675087
core,all,1,ae_tanh_1,M0,0.5,e_origin,2523,estimated,0.9539112380332985,54.03915084292926
core,all,1,ae_tanh_1,M0,0.5,downside,2523,estimated,-17409.42080196489,-0.3052716547886588
core,all,1,ae_tanh_1,M0,0.9,e_origin,2523,estimated,1.0372642076925873,58.76110349537005
core,all,1,ae_tanh_1,M0,0.9,downside,2523,estimated,43020.58363601213,0.7543596599754246
core,all,1,ae_tanh_1,M1,0.1,e_origin,2523,estimated,0.8936122623989662,50.623208866298455
core,all,1,ae_tanh_1,M1,0.1,downside,2523,estimated,-23750.26453871725,-0.41645742496983723
core,all,1,ae_tanh_1,M1,0.1,btc_vol,2523,estimated,-452.79741889319075,-0.8981517006806252
core,all,1,ae_tanh_1,M1,0.1,btc_ret,2523,estimated,112.51395562277293,0.5897679783257704
core,all,1,ae_tanh_1,M1,0.5,e_origin,2523,estimated,0.9536232950053177,54.0228388464847
core,all,1,ae_tanh_1,M1,0.5,downside,2523,estimated,-46613.59784541617,-0.8173626401354619
core,all,1,ae_tanh_1,M1,0.5,btc_vol,2523,estimated,304.1983792249979,0.6033963097958162
core,all,1,ae_tanh_1,M1,0.5,btc_ret,2523,estimated,113.22808055036964,0.5935112296628117
core,all,1,ae_tanh_1,M1,0.9,e_origin,2523,estimated,1.0358075133924425,58.678581642309744
core,all,1,ae_tanh_1,M1,0.9,downside,2523,estimated,-45519.56935211574,-0.7981790100575404
core,all,1,ae_tanh_1,M1,0.9,btc_vol,2523,estimated,1153.2330769200332,2.287509173194305
core,all,1,ae_tanh_1,M1,0.9,btc_ret,2523,estimated,-30.853720538877116,-0.1617269278759484
core,all,1,ae_tanh_1,M2,0.1,e_origin,2523,estimated,0.8916260177598562,50.51068794256438
core,all,1,ae_tanh_1,M2,0.1,downside,2523,estimated,-26665.827725314084,-0.4675814002437796
core,all,1,ae_tanh_1,M2,0.1,btc_vol,2523,estimated,-517.6291661666188,-1.026749483358051
core,all,1,ae_tanh_1,M2,0.1,btc_ret,2523,estimated,140.196136855838,0.7348705477902108
core,all,1,ae_tanh_1,M2,0.1,account_ls,2523,estimated,1.152316309994348,0.6855687481038933
core,all,1,ae_tanh_1,M2,0.5,e_origin,2523,estimated,0.9537709780857637,54.031205105254884
core,all,1,ae_tanh_1,M2,0.5,downside,2523,estimated,-69804.79133569631,-1.224016835805358
core,all,1,ae_tanh_1,M2,0.5,btc_vol,2523,estimated,362.8860249748428,0.7198068868879064
core,all,1,ae_tanh_1,M2,0.5,btc_ret,2523,estimated,119.58306678415417,0.6268223630474833
core,all,1,ae_tanh_1,M2,0.5,account_ls,2523,estimated,0.8007776157973667,0.47642136348353337
core,all,1,ae_tanh_1,M2,0.9,e_origin,2523,estimated,1.0372816257771766,58.762090231308356
core,all,1,ae_tanh_1,M2,0.9,downside,2523,estimated,-48691.496577797305,-0.8537982913689397
core,all,1,ae_tanh_1,M2,0.9,btc_vol,2523,estimated,1225.3889557267594,2.430634824004725
core,all,1,ae_tanh_1,M2,0.9,btc_ret,2523,estimated,-48.446746011386956,-0.25394484882739915
core,all,1,ae_tanh_1,M2,0.9,account_ls,2523,estimated,-0.8787220468965836,-0.5227942782699451
core,all,1,ae_tanh_2,M0,0.1,e_origin,2523,estimated,0.8920585926587783,50.430916597732995
core,all,1,ae_tanh_2,M0,0.1,downside,2523,estimated,-49214.12024914332,-0.8629624212270403
core,all,1,ae_tanh_2,M0,0.5,e_origin,2523,estimated,0.9538019980882368,53.92146817730182
core,all,1,ae_tanh_2,M0,0.5,downside,2523,estimated,-13912.907495110418,-0.24396080388122587
core,all,1,ae_tanh_2,M0,0.9,e_origin,2523,estimated,1.0381134395368634,58.68786279187254
core,all,1,ae_tanh_2,M0,0.9,downside,2523,estimated,41261.12412940702,0.7235077941250478
core,all,1,ae_tanh_2,M1,0.1,e_origin,2523,estimated,0.8910125000793032,50.3717776487187
core,all,1,ae_tanh_2,M1,0.1,downside,2523,estimated,-46889.40029104156,-0.82219879579673
core,all,1,ae_tanh_2,M1,0.1,btc_vol,2523,estimated,-173.3846766419325,-0.3439192356232174
core,all,1,ae_tanh_2,M1,0.1,btc_ret,2523,estimated,178.99993025583473,0.9382696253376626
core,all,1,ae_tanh_2,M1,0.5,e_origin,2523,estimated,0.9522441968782677,53.83340070780786
core,all,1,ae_tanh_2,M1,0.5,downside,2523,estimated,-62387.49572299857,-1.0939556389682212
core,all,1,ae_tanh_2,M1,0.5,btc_vol,2523,estimated,547.459453363135,1.0859197039896809
core,all,1,ae_tanh_2,M1,0.5,btc_ret,2523,estimated,83.09108031093493,0.43554115736702237
core,all,1,ae_tanh_2,M1,0.9,e_origin,2523,estimated,1.0368556907797966,58.6167582442671
core,all,1,ae_tanh_2,M1,0.9,downside,2523,estimated,-62829.167844004536,-1.101700295197008
core,all,1,ae_tanh_2,M1,0.9,btc_vol,2523,estimated,1302.7303214893475,2.5840462090837915
core,all,1,ae_tanh_2,M1,0.9,btc_ret,2523,estimated,-81.79991714724883,-0.4287732263621886
core,all,1,ae_tanh_2,M2,0.1,e_origin,2523,estimated,0.8897124384316722,50.298281018493796
core,all,1,ae_tanh_2,M2,0.1,downside,2523,estimated,-48521.82799459784,-0.8508231775068461
core,all,1,ae_tanh_2,M2,0.1,btc_vol,2523,estimated,-213.38636430583998,-0.42326505851517293
core,all,1,ae_tanh_2,M2,0.1,btc_ret,2523,estimated,153.29579989037748,0.8035354679938115
core,all,1,ae_tanh_2,M2,0.1,account_ls,2523,estimated,1.089532019792532,0.6482153349299865
core,all,1,ae_tanh_2,M2,0.5,e_origin,2523,estimated,0.9527539244169465,53.86221723085043
core,all,1,ae_tanh_2,M2,0.5,downside,2523,estimated,-68544.78628393284,-1.2019228309806547
core,all,1,ae_tanh_2,M2,0.5,btc_vol,2523,estimated,376.93372779358054,0.7476713747380049
core,all,1,ae_tanh_2,M2,0.5,btc_ret,2523,estimated,103.1606817497028,0.5407406252981846
core,all,1,ae_tanh_2,M2,0.5,account_ls,2523,estimated,1.0509746307552505,0.6252756779077115
core,all,1,ae_tanh_2,M2,0.9,e_origin,2523,estimated,1.037647032976296,58.66149534185279
core,all,1,ae_tanh_2,M2,0.9,downside,2523,estimated,-48482.38501179091,-0.8501315505556546
core,all,1,ae_tanh_2,M2,0.9,btc_vol,2523,estimated,1299.4314856441397,2.577502764044105
core,all,1,ae_tanh_2,M2,0.9,btc_ret,2523,estimated,-61.578141058253465,-0.3227760997288651
core,all,1,ae_tanh_2,M2,0.9,account_ls,2523,estimated,-0.9400203806650973,-0.5592636240372897
core,all,1,conditional_neural,M0,0.1,e_origin,2523,estimated,0.30792481877306804,3.00270425492972
core,all,1,conditional_neural,M0,0.1,downside,2523,estimated,-46763.849583390715,-0.8199972824482714
core,all,1,conditional_neural,M0,0.5,e_origin,2523,estimated,0.2615395785530323,2.550382292933909
core,all,1,conditional_neural,M0,0.5,downside,2523,estimated,-43833.24566252091,-0.7686095700923792
core,all,1,conditional_neural,M0,0.9,e_origin,2523,estimated,0.2823984123425518,2.7537855431890335
core,all,1,conditional_neural,M0,0.9,downside,2523,estimated,35335.258872228886,0.6195986110631265
core,all,1,conditional_neural,M1,0.1,e_origin,2523,estimated,0.3142824700848251,3.064700383469269
core,all,1,conditional_neural,M1,0.1,downside,2523,estimated,72108.7273165286,1.264416017225364
core,all,1,conditional_neural,M1,0.1,btc_vol,2523,estimated,-1318.1935884899015,-2.614718556087391
core,all,1,conditional_neural,M1,0.1,btc_ret,2523,estimated,227.42127134353558,1.1920813083688817
core,all,1,conditional_neural,M1,0.5,e_origin,2523,estimated,0.265559484807653,2.5895820874268107
core,all,1,conditional_neural,M1,0.5,downside,2523,estimated,-8809.02679841744,-0.1544650002099453
core,all,1,conditional_neural,M1,0.5,btc_vol,2523,estimated,-275.10385992799945,-0.5456855303241503
core,all,1,conditional_neural,M1,0.5,btc_ret,2523,estimated,184.56260675061498,0.9674276835736207
core,all,1,conditional_neural,M1,0.9,e_origin,2523,estimated,0.27424213587614427,2.674250265234988
core,all,1,conditional_neural,M1,0.9,downside,2523,estimated,-17375.041721421443,-0.30466882262514267
core,all,1,conditional_neural,M1,0.9,btc_vol,2523,estimated,602.540111520406,1.1951755979819356
core,all,1,conditional_neural,M1,0.9,btc_ret,2523,estimated,122.27397152924031,0.6409273640012979
core,all,1,conditional_neural,M2,0.1,e_origin,2523,estimated,0.2900758179486584,2.8286511502295197
core,all,1,conditional_neural,M2,0.1,downside,2523,estimated,49860.45354356346,0.8742957812840487
core,all,1,conditional_neural,M2,0.1,btc_vol,2523,estimated,-1363.5808037226604,-2.7047469061829026
core,all,1,conditional_neural,M2,0.1,btc_ret,2523,estimated,180.2593050325681,0.9448709301439633
core,all,1,conditional_neural,M2,0.1,account_ls,2523,estimated,2.010807083672266,1.196326462686619
core,all,1,conditional_neural,M2,0.5,e_origin,2523,estimated,0.25326393495705135,2.4696830159579695
core,all,1,conditional_neural,M2,0.5,downside,2523,estimated,-28281.893902250573,-0.49591888497076736
core,all,1,conditional_neural,M2,0.5,btc_vol,2523,estimated,-297.3013240850137,-0.5897155741175809
core,all,1,conditional_neural,M2,0.5,btc_ret,2523,estimated,171.0484790207507,0.8965902505995275
core,all,1,conditional_neural,M2,0.5,account_ls,2523,estimated,0.7834170212988376,0.46609270551569265
core,all,1,conditional_neural,M2,0.9,e_origin,2523,estimated,0.2632289570087397,2.566856131896782
core,all,1,conditional_neural,M2,0.9,downside,2523,estimated,-18964.78368830389,-0.33254471616793124
core,all,1,conditional_neural,M2,0.9,btc_vol,2523,estimated,484.3768331572318,0.9607914230913154
core,all,1,conditional_neural,M2,0.9,btc_ret,2523,estimated,124.94511684336752,0.6549287913176468
core,all,1,conditional_neural,M2,0.9,account_ls,2523,estimated,0.9914704448690707,0.5898737575572743
core,all,1,pca_selected,M0,0.1,e_origin,2523,estimated,0.555552233950095,4.238996747709168
core,all,1,pca_selected,M0,0.1,downside,2523,estimated,-44953.57608015116,-0.7882544005775758
core,all,1,pca_selected,M0,0.5,e_origin,2523,estimated,0.47123378618321965,3.595626774530773
core,all,1,pca_selected,M0,0.5,downside,2523,estimated,-16302.642969099283,-0.2858644669008138
core,all,1,pca_selected,M0,0.9,e_origin,2523,estimated,0.42815184292575276,3.266901217880778
core,all,1,pca_selected,M0,0.9,downside,2523,estimated,-9581.75584036913,-0.16801469126648083
core,all,1,pca_selected,M1,0.1,e_origin,2523,estimated,0.5322650796550068,4.061310176964232
core,all,1,pca_selected,M1,0.1,downside,2523,estimated,10452.136197592748,0.18327668389493232
core,all,1,pca_selected,M1,0.1,btc_vol,2523,estimated,-545.2370473595961,-1.0815114241532797
core,all,1,pca_selected,M1,0.1,btc_ret,2523,estimated,67.15581157964787,0.35201275263082943
core,all,1,pca_selected,M1,0.5,e_origin,2523,estimated,0.47319280748508197,3.610574576771153
core,all,1,pca_selected,M1,0.5,downside,2523,estimated,-20492.434024031154,-0.3593318420137996
core,all,1,pca_selected,M1,0.5,btc_vol,2523,estimated,95.8247517990128,0.19007432508329702
core,all,1,pca_selected,M1,0.5,btc_ret,2523,estimated,88.74815357980793,0.46519401817488387
core,all,1,pca_selected,M1,0.9,e_origin,2523,estimated,0.4244038599902192,3.238303209442883
core,all,1,pca_selected,M1,0.9,downside,2523,estimated,-26772.368162234925,-0.4694495712674279
core,all,1,pca_selected,M1,0.9,btc_vol,2523,estimated,245.52403640935268,0.48701211989693177
core,all,1,pca_selected,M1,0.9,btc_ret,2523,estimated,128.47674754129946,0.6734406522275568
core,all,1,pca_selected,M2,0.1,e_origin,2523,estimated,0.5392718092968802,4.1147732041089435
core,all,1,pca_selected,M2,0.1,downside,2523,estimated,-16924.561256860936,-0.29676971337672764
core,all,1,pca_selected,M2,0.1,btc_vol,2523,estimated,-458.39469120327476,-0.9092542366817423
core,all,1,pca_selected,M2,0.1,btc_ret,2523,estimated,52.016616905315,0.27265715458842615
core,all,1,pca_selected,M2,0.1,account_ls,2523,estimated,1.095317467982296,0.6516573780897296
core,all,1,pca_selected,M2,0.5,e_origin,2523,estimated,0.484542993731935,3.697179219226115
core,all,1,pca_selected,M2,0.5,downside,2523,estimated,-27784.07020250501,-0.4871896189978759
core,all,1,pca_selected,M2,0.5,btc_vol,2523,estimated,9.079249788149447,0.018009253802867164
core,all,1,pca_selected,M2,0.5,btc_ret,2523,estimated,99.06413676648707,0.5192676352188746
core,all,1,pca_selected,M2,0.5,account_ls,2523,estimated,0.9189210240315683,0.5467105955089362
core,all,1,pca_selected,M2,0.9,e_origin,2523,estimated,0.42473399978467946,3.240822255230992
core,all,1,pca_selected,M2,0.9,downside,2523,estimated,-27379.709907013195,-0.4800992201879577
core,all,1,pca_selected,M2,0.9,btc_vol,2523,estimated,246.26848059808242,0.48848877101345933
core,all,1,pca_selected,M2,0.9,btc_ret,2523,estimated,128.8315146223967,0.6753002461155962
core,all,1,pca_selected,M2,0.9,account_ls,2523,estimated,-0.008967390859532137,-0.005335134868791276
core,all,1,ae_selected,M0,0.1,e_origin,2523,estimated,0.9134988709897403,42.73128361693146
core,all,1,ae_selected,M0,0.1,downside,2523,estimated,-49123.20458974166,-0.8613682283984876
core,all,1,ae_selected,M0,0.5,e_origin,2523,estimated,0.955950991634021,44.7170918811776
core,all,1,ae_selected,M0,0.5,downside,2523,estimated,-21425.706403382872,-0.3756966370781531
core,all,1,ae_selected,M0,0.9,e_origin,2523,estimated,1.0172100311759167,47.582642650747154
core,all,1,ae_selected,M0,0.9,downside,2523,estimated,35131.69984783573,0.616029233257252
core,all,1,ae_selected,M1,0.1,e_origin,2523,estimated,0.9137309146853005,42.74213806380752
core,all,1,ae_selected,M1,0.1,downside,2523,estimated,-24991.9988996345,-0.4382310558951328
core,all,1,ae_selected,M1,0.1,btc_vol,2523,estimated,-188.05549642204016,-0.37301971452632454
core,all,1,ae_selected,M1,0.1,btc_ret,2523,estimated,83.16079231960657,0.4359065690192191
core,all,1,ae_selected,M1,0.5,e_origin,2523,estimated,0.957341855731248,44.78215316378961
core,all,1,ae_selected,M1,0.5,downside,2523,estimated,-41411.37122135735,-0.7261423549705003
core,all,1,ae_selected,M1,0.5,btc_vol,2523,estimated,238.38469231113262,0.4728507890765521
core,all,1,ae_selected,M1,0.5,btc_ret,2523,estimated,80.05874993985518,0.41964649485454764
core,all,1,ae_selected,M1,0.9,e_origin,2523,estimated,1.0159202476397182,47.522309674057176
core,all,1,ae_selected,M1,0.9,downside,2523,estimated,-8270.274806892014,-0.1450180626096381
core,all,1,ae_selected,M1,0.9,btc_vol,2523,estimated,493.9149210234167,0.9797108106160839
core,all,1,ae_selected,M1,0.9,btc_ret,2523,estimated,-27.811913253283883,-0.14578258991937032
core,all,1,ae_selected,M2,0.1,e_origin,2523,estimated,0.914051299182699,42.75712488126245
core,all,1,ae_selected,M2,0.1,downside,2523,estimated,-28560.567471135404,-0.5008053853596679
core,all,1,ae_selected,M2,0.1,btc_vol,2523,estimated,-96.91564137918046,-0.19223817207270194
core,all,1,ae_selected,M2,0.1,btc_ret,2523,estimated,83.86897242699868,0.4396186592031912
core,all,1,ae_selected,M2,0.1,account_ls,2523,estimated,-0.5470217057849421,-0.32544969013107045
core,all,1,ae_selected,M2,0.5,e_origin,2523,estimated,0.9561865937689309,44.72811278330163
core,all,1,ae_selected,M2,0.5,downside,2523,estimated,-52305.90341595597,-0.9171763881543082
core,all,1,ae_selected,M2,0.5,btc_vol,2523,estimated,191.1067824685912,0.37907212922133704
core,all,1,ae_selected,M2,0.5,btc_ret,2523,estimated,91.25939838378072,0.47835728990346543
core,all,1,ae_selected,M2,0.5,account_ls,2523,estimated,0.9064766075596027,0.5393068098056767
core,all,1,ae_selected,M2,0.9,e_origin,2523,estimated,1.015806077001418,47.51696904575333
core,all,1,ae_selected,M2,0.9,downside,2523,estimated,-7962.838746391811,-0.13962721612495718
core,all,1,ae_selected,M2,0.9,btc_vol,2523,estimated,382.14731563000254,0.7580128488421999
core,all,1,ae_selected,M2,0.9,btc_ret,2523,estimated,-25.04693952786093,-0.1312893392364611
core,all,1,ae_selected,M2,0.9,account_ls,2523,estimated,0.35114617434257234,0.2089138555599283
core,all,1,ae_reconstruction_selected,M0,0.1,e_origin,2523,estimated,0.913977322249024,42.80019653932183
core,all,1,ae_reconstruction_selected,M0,0.1,downside,2523,estimated,-10013.47077601941,-0.1755847497022024
core,all,1,ae_reconstruction_selected,M0,0.5,e_origin,2523,estimated,0.9566518978231705,44.79858334536555
core,all,1,ae_reconstruction_selected,M0,0.5,downside,2523,estimated,-12291.478136674803,-0.21552927654881235
core,all,1,ae_reconstruction_selected,M0,0.9,e_origin,2523,estimated,1.018920866875333,47.7145464101552
core,all,1,ae_reconstruction_selected,M0,0.9,downside,2523,estimated,29293.476423628003,0.5136568369548632
core,all,1,ae_reconstruction_selected,M1,0.1,e_origin,2523,estimated,0.9137909900769257,42.79147088126307
core,all,1,ae_reconstruction_selected,M1,0.1,downside,2523,estimated,-16794.598311705962,-0.2944908320871107
core,all,1,ae_reconstruction_selected,M1,0.1,btc_vol,2523,estimated,71.85402747403553,0.14252691001266635
core,all,1,ae_reconstruction_selected,M1,0.1,btc_ret,2523,estimated,-5.068054727965939,-0.026565383595418296
core,all,1,ae_reconstruction_selected,M1,0.5,e_origin,2523,estimated,0.9567058918312871,44.80111180433612
core,all,1,ae_reconstruction_selected,M1,0.5,downside,2523,estimated,-26943.996435921923,-0.4724590480164211
core,all,1,ae_reconstruction_selected,M1,0.5,btc_vol,2523,estimated,183.85518289848414,0.36468813272580297
core,all,1,ae_reconstruction_selected,M1,0.5,btc_ret,2523,estimated,76.7738277471467,0.4024278137600309
core,all,1,ae_reconstruction_selected,M1,0.9,e_origin,2523,estimated,1.0190792233234989,47.72196200673488
core,all,1,ae_reconstruction_selected,M1,0.9,downside,2523,estimated,17822.755660905244,0.31251942125980514
core,all,1,ae_reconstruction_selected,M1,0.9,btc_vol,2523,estimated,148.18426179595485,0.29393265330766954
core,all,1,ae_reconstruction_selected,M1,0.9,btc_ret,2523,estimated,-23.650325564124337,-0.12396866342042254
core,all,1,ae_reconstruction_selected,M2,0.1,e_origin,2523,estimated,0.9133995238991788,42.773139103287626
core,all,1,ae_reconstruction_selected,M2,0.1,downside,2523,estimated,-8304.093644425737,-0.145611070993684
core,all,1,ae_reconstruction_selected,M2,0.1,btc_vol,2523,estimated,38.46021968562404,0.07628822576690081
core,all,1,ae_reconstruction_selected,M2,0.1,btc_ret,2523,estimated,-5.122743569721501,-0.02685204783596187
core,all,1,ae_reconstruction_selected,M2,0.1,account_ls,2523,estimated,-0.4791426482575777,-0.2850651532744016
core,all,1,ae_reconstruction_selected,M2,0.5,e_origin,2523,estimated,0.9562399889982662,44.77929426867511
core,all,1,ae_reconstruction_selected,M2,0.5,downside,2523,estimated,-26648.105434742258,-0.46727064246320504
core,all,1,ae_reconstruction_selected,M2,0.5,btc_vol,2523,estimated,134.70735484830786,0.2672003743902428
core,all,1,ae_reconstruction_selected,M2,0.5,btc_ret,2523,estimated,73.66448356634154,0.38612946551263094
core,all,1,ae_reconstruction_selected,M2,0.5,account_ls,2523,estimated,0.48110099703744913,0.28623026975303045
core,all,1,ae_reconstruction_selected,M2,0.9,e_origin,2523,estimated,1.0186444802186823,47.701603634730105
core,all,1,ae_reconstruction_selected,M2,0.9,downside,2523,estimated,17493.56180550125,0.30674705501462285
core,all,1,ae_reconstruction_selected,M2,0.9,btc_vol,2523,estimated,191.67100631416452,0.3801913021347007
core,all,1,ae_reconstruction_selected,M2,0.9,btc_ret,2523,estimated,-23.52185501024398,-0.12329525523370445
core,all,1,ae_reconstruction_selected,M2,0.9,account_ls,2523,estimated,-0.13091682887518657,-0.07788875823352143
core,matched,1,sequential_ols,M0,0.1,e_origin,727,estimated,0.5179515093259612,4.819285924743087
core,matched,1,sequential_ols,M0,0.1,downside,727,estimated,-148407.38755856323,-2.4047236428511765
core,matched,1,sequential_ols,M0,0.5,e_origin,727,estimated,0.3918208795120086,3.645701992663415
core,matched,1,sequential_ols,M0,0.5,downside,727,estimated,-44443.118609744444,-0.7201354315378546
core,matched,1,sequential_ols,M0,0.9,e_origin,727,estimated,0.35475445538678896,3.3008170124078413
core,matched,1,sequential_ols,M0,0.9,downside,727,estimated,8385.168504113948,0.13586933428888032
core,matched,1,sequential_ols,M1,0.1,e_origin,727,estimated,0.5429053410596896,5.051469146294589
core,matched,1,sequential_ols,M1,0.1,downside,727,estimated,-144768.9824431769,-2.3457686342955038
core,matched,1,sequential_ols,M1,0.1,btc_vol,727,estimated,0.6993170993675989,0.0013445157649575005
core,matched,1,sequential_ols,M1,0.1,btc_ret,727,estimated,77.47631803607476,0.3757935472834178
core,matched,1,sequential_ols,M1,0.5,e_origin,727,estimated,0.38707421384672186,3.601536586021494
core,matched,1,sequential_ols,M1,0.5,downside,727,estimated,-99355.41411812959,-1.6099084911177644
core,matched,1,sequential_ols,M1,0.5,btc_vol,727,estimated,415.6467754371601,0.7991276671689866
core,matched,1,sequential_ols,M1,0.5,btc_ret,727,estimated,111.81832659031033,0.542367095724692
core,matched,1,sequential_ols,M1,0.9,e_origin,727,estimated,0.35327319369622096,3.2870345955451015
core,matched,1,sequential_ols,M1,0.9,downside,727,estimated,-29398.980660312045,-0.4763672821993397
core,matched,1,sequential_ols,M1,0.9,btc_vol,727,estimated,263.2061410444206,0.5060434048986837
core,matched,1,sequential_ols,M1,0.9,btc_ret,727,estimated,40.416005928844015,0.19603505458217593
core,matched,1,sequential_ols,M2,0.1,e_origin,727,estimated,0.5073022554817579,4.720199816803807
core,matched,1,sequential_ols,M2,0.1,downside,727,estimated,-145719.0273285885,-2.3611627156502313
core,matched,1,sequential_ols,M2,0.1,btc_vol,727,estimated,-60.23537942744422,-0.11580929069464106
core,matched,1,sequential_ols,M2,0.1,btc_ret,727,estimated,44.31755168520708,0.2149592336970063
core,matched,1,sequential_ols,M2,0.1,account_ls,727,estimated,0.4011306224607631,0.2499796753068227
core,matched,1,sequential_ols,M2,0.5,e_origin,727,estimated,0.382003653296145,3.5543574956009385
core,matched,1,sequential_ols,M2,0.5,downside,727,estimated,-145035.10571381074,-2.3500807708497136
core,matched,1,sequential_ols,M2,0.5,btc_vol,727,estimated,565.971628276286,1.0881441014731033
core,matched,1,sequential_ols,M2,0.5,btc_ret,727,estimated,65.69234101446193,0.31863617793093735
core,matched,1,sequential_ols,M2,0.5,account_ls,727,estimated,1.499690044049981,0.9345884090640805
core,matched,1,sequential_ols,M2,0.9,e_origin,727,estimated,0.3661840527677413,3.407163835984407
core,matched,1,sequential_ols,M2,0.9,downside,727,estimated,-56314.65963437421,-0.9124963095820128
core,matched,1,sequential_ols,M2,0.9,btc_vol,727,estimated,401.71008471373636,0.7723328120082515
core,matched,1,sequential_ols,M2,0.9,btc_ret,727,estimated,26.28007110345409,0.1274696758076322
core,matched,1,sequential_ols,M2,0.9,account_ls,727,estimated,0.6685319288511505,0.4166208839436122
core,matched,1,pca_1,M0,0.1,e_origin,727,estimated,0.530426688635633,4.910899837642574
core,matched,1,pca_1,M0,0.1,downside,727,estimated,-145206.04515815165,-2.3528505933637054
core,matched,1,pca_1,M0,0.5,e_origin,727,estimated,0.39478170962875014,3.6550450330976174
core,matched,1,pca_1,M0,0.5,downside,727,estimated,-44352.38138934191,-0.7186651682121663
core,matched,1,pca_1,M0,0.9,e_origin,727,estimated,0.3536968419897336,3.274665097206777
core,matched,1,pca_1,M0,0.9,downside,727,estimated,2104.5671450027135,0.03410141809523287
core,matched,1,pca_1,M1,0.1,e_origin,727,estimated,0.5689673733551229,5.267724722940892
core,matched,1,pca_1,M1,0.1,downside,727,estimated,-150237.54747187262,-2.434378694975835
core,matched,1,pca_1,M1,0.1,btc_vol,727,estimated,32.107516065833785,0.06173031027437777
core,matched,1,pca_1,M1,0.1,btc_ret,727,estimated,88.60039831755685,0.4297501329241707
core,matched,1,pca_1,M1,0.5,e_origin,727,estimated,0.39180340716909723,3.62747073229616
core,matched,1,pca_1,M1,0.5,downside,727,estimated,-93008.87514926028,-1.5070721528479196
core,matched,1,pca_1,M1,0.5,btc_vol,727,estimated,373.61588979646643,0.7183185629584042
core,matched,1,pca_1,M1,0.5,btc_ret,727,estimated,126.0951555048888,0.6116158715799124
core,matched,1,pca_1,M1,0.9,e_origin,727,estimated,0.3489950390305437,3.2311339478818706
core,matched,1,pca_1,M1,0.9,downside,727,estimated,-32384.763424032408,-0.5247475045215108
core,matched,1,pca_1,M1,0.9,btc_vol,727,estimated,294.9133606530954,0.5670041002189963
core,matched,1,pca_1,M1,0.9,btc_ret,727,estimated,30.628025970670297,0.14855913158453918
core,matched,1,pca_1,M2,0.1,e_origin,727,estimated,0.513030033905169,4.7498347352980606
core,matched,1,pca_1,M2,0.1,downside,727,estimated,-151442.59716366933,-2.453904754509297
core,matched,1,pca_1,M2,0.1,btc_vol,727,estimated,-15.998375352420783,-0.03075867570589804
core,matched,1,pca_1,M2,0.1,btc_ret,727,estimated,31.360352632142238,0.15211123164376789
core,matched,1,pca_1,M2,0.1,account_ls,727,estimated,0.439188340626686,0.27369677766034983
core,matched,1,pca_1,M2,0.5,e_origin,727,estimated,0.38448399274469985,3.559704701893599
core,matched,1,pca_1,M2,0.5,downside,727,estimated,-134459.05327817172,-2.1787113817754737
core,matched,1,pca_1,M2,0.5,btc_vol,727,estimated,530.6282214084027,1.020192427240986
core,matched,1,pca_1,M2,0.5,btc_ret,727,estimated,81.47469717148864,0.3951874100374733
core,matched,1,pca_1,M2,0.5,account_ls,727,estimated,1.4244528378011323,0.8877015065541147
core,matched,1,pca_1,M2,0.9,e_origin,727,estimated,0.36486473514260287,3.378061864085733
core,matched,1,pca_1,M2,0.9,downside,727,estimated,-67027.61488480555,-1.0860840076024567
core,matched,1,pca_1,M2,0.9,btc_vol,727,estimated,451.87612410501424,0.8687826641397768
core,matched,1,pca_1,M2,0.9,btc_ret,727,estimated,31.419082751997156,0.15239609804723306
core,matched,1,pca_1,M2,0.9,account_ls,727,estimated,0.7877901133681063,0.490941119233417
core,matched,1,pca_2,M0,0.1,e_origin,727,estimated,0.6607740826186921,4.874505203882624
core,matched,1,pca_2,M0,0.1,downside,727,estimated,-44929.01275551087,-0.7280086321882362
core,matched,1,pca_2,M0,0.5,e_origin,727,estimated,0.5172268806030368,3.815562969866637
core,matched,1,pca_2,M0,0.5,downside,727,estimated,-20168.615239580846,-0.3268027738245172
core,matched,1,pca_2,M0,0.9,e_origin,727,estimated,0.44231987490796376,3.2629768459968176
core,matched,1,pca_2,M0,0.9,downside,727,estimated,-33908.73839699917,-0.5494412796016799
core,matched,1,pca_2,M1,0.1,e_origin,727,estimated,0.6171820008261981,4.552928079211696
core,matched,1,pca_2,M1,0.1,downside,727,estimated,-53796.549802663045,-0.8716940399158728
core,matched,1,pca_2,M1,0.1,btc_vol,727,estimated,-10.069250512522501,-0.019359266443843164
core,matched,1,pca_2,M1,0.1,btc_ret,727,estimated,118.93272930119946,0.5768750163293201
core,matched,1,pca_2,M1,0.5,e_origin,727,estimated,0.5110377502293271,3.7699059911688733
core,matched,1,pca_2,M1,0.5,downside,727,estimated,-56106.76559417108,-0.909127692143834
core,matched,1,pca_2,M1,0.5,btc_vol,727,estimated,251.7574227192342,0.4840319564574959
core,matched,1,pca_2,M1,0.5,btc_ret,727,estimated,97.09952256083555,0.4709745499995541
core,matched,1,pca_2,M1,0.9,e_origin,727,estimated,0.46111740234618814,3.4016454889233394
core,matched,1,pca_2,M1,0.9,downside,727,estimated,-33317.19688177162,-0.5398562185693618
core,matched,1,pca_2,M1,0.9,btc_vol,727,estimated,244.29409415307288,0.469682868003437
core,matched,1,pca_2,M1,0.9,btc_ret,727,estimated,171.2249285753252,0.8305147291939027
core,matched,1,pca_2,M2,0.1,e_origin,727,estimated,0.6226648039895674,4.593374509019886
core,matched,1,pca_2,M2,0.1,downside,727,estimated,-119578.52716668526,-1.9375943218566394
core,matched,1,pca_2,M2,0.1,btc_vol,727,estimated,87.52606834285058,0.16827870909796122
core,matched,1,pca_2,M2,0.1,btc_ret,727,estimated,46.97572200517839,0.227852505849671
core,matched,1,pca_2,M2,0.1,account_ls,727,estimated,2.4380738775033093,1.519377684340066
core,matched,1,pca_2,M2,0.5,e_origin,727,estimated,0.49606499797645554,3.6594525688980966
core,matched,1,pca_2,M2,0.5,downside,727,estimated,-57607.68206466407,-0.9334478380740019
core,matched,1,pca_2,M2,0.5,btc_vol,727,estimated,216.28434179820317,0.4158309692757586
core,matched,1,pca_2,M2,0.5,btc_ret,727,estimated,120.73553938453728,0.5856194225358771
core,matched,1,pca_2,M2,0.5,account_ls,727,estimated,1.0346226445614883,0.6447641198918082
core,matched,1,pca_2,M2,0.9,e_origin,727,estimated,0.4496167590965748,3.316805682334575
core,matched,1,pca_2,M2,0.9,downside,727,estimated,-42299.16522447838,-0.6853958172940177
core,matched,1,pca_2,M2,0.9,btc_vol,727,estimated,329.16317272819225,0.6328532154822187
core,matched,1,pca_2,M2,0.9,btc_ret,727,estimated,163.5639244714555,0.7933555561598213
core,matched,1,pca_2,M2,0.9,account_ls,727,estimated,0.2592362688567959,0.16155285756801793
core,matched,1,conditional_linear,M0,0.1,e_origin,727,estimated,0.5093534577633628,5.8915229423188284
core,matched,1,conditional_linear,M0,0.1,downside,727,estimated,-123028.95998771019,-1.9935035155921204
core,matched,1,conditional_linear,M0,0.5,e_origin,727,estimated,0.4445084390709377,5.141482063045945
core,matched,1,conditional_linear,M0,0.5,downside,727,estimated,-51023.717628933584,-0.8267643689910044
core,matched,1,conditional_linear,M0,0.9,e_origin,727,estimated,0.6190615244449743,7.160479856149068
core,matched,1,conditional_linear,M0,0.9,downside,727,estimated,36864.016800292564,0.5973272235867981
core,matched,1,conditional_linear,M1,0.1,e_origin,727,estimated,0.4981629302767632,5.762085812916674
core,matched,1,conditional_linear,M1,0.1,downside,727,estimated,-91600.33149525242,-1.4842487726745839
core,matched,1,conditional_linear,M1,0.1,btc_vol,727,estimated,-211.24729911539288,-0.4061466882794457
core,matched,1,conditional_linear,M1,0.1,btc_ret,727,estimated,23.840394723592535,0.1156361934706831
core,matched,1,conditional_linear,M1,0.5,e_origin,727,estimated,0.4414839321866013,5.10649859247815
core,matched,1,conditional_linear,M1,0.5,downside,727,estimated,-63029.08357266225,-1.0212936832043713
core,matched,1,conditional_linear,M1,0.5,btc_vol,727,estimated,110.08099912078323,0.21164309992421054
core,matched,1,conditional_linear,M1,0.5,btc_ret,727,estimated,-19.211963736816646,-0.09318630758339652
core,matched,1,conditional_linear,M1,0.9,e_origin,727,estimated,0.6092326444435531,7.04679245274957
core,matched,1,conditional_linear,M1,0.9,downside,727,estimated,-58765.517390557034,-0.9522088581856483
core,matched,1,conditional_linear,M1,0.9,btc_vol,727,estimated,689.0115810408238,1.3247022470713545
core,matched,1,conditional_linear,M1,0.9,btc_ret,727,estimated,34.59332973431412,0.16779256452468172
core,matched,1,conditional_linear,M2,0.1,e_origin,727,estimated,0.48932594608019014,5.659871340154212
core,matched,1,conditional_linear,M2,0.1,downside,727,estimated,-125410.20252366294,-2.032088051845808
core,matched,1,conditional_linear,M2,0.1,btc_vol,727,estimated,-278.0906957050178,-0.5346606350702928
core,matched,1,conditional_linear,M2,0.1,btc_ret,727,estimated,-16.4369715231366,-0.07972639887713708
core,matched,1,conditional_linear,M2,0.1,account_ls,727,estimated,1.2581510872747779,0.7840642989420215
core,matched,1,conditional_linear,M2,0.5,e_origin,727,estimated,0.44371539157116024,5.132309144970933
core,matched,1,conditional_linear,M2,0.5,downside,727,estimated,-86996.84128528478,-1.4096559782749472
core,matched,1,conditional_linear,M2,0.5,btc_vol,727,estimated,169.4158226553367,0.3257209706431182
core,matched,1,conditional_linear,M2,0.5,btc_ret,727,estimated,3.8246009944683035,0.018550963844018886
core,matched,1,conditional_linear,M2,0.5,account_ls,727,estimated,0.9783798370110737,0.6097142932703763
core,matched,1,conditional_linear,M2,0.9,e_origin,727,estimated,0.607243435703397,7.023783933319562
core,matched,1,conditional_linear,M2,0.9,downside,727,estimated,-64373.62304459101,-1.0430799696560336
core,matched,1,conditional_linear,M2,0.9,btc_vol,727,estimated,714.658626104208,1.3740115753338535
core,matched,1,conditional_linear,M2,0.9,btc_ret,727,estimated,9.684953580882018,0.0469762006467607
core,matched,1,conditional_linear,M2,0.9,account_ls,727,estimated,0.2229030930338345,0.13891046881352184
core,matched,1,ae_relu_1,M0,0.1,e_origin,727,estimated,0.9204311992872505,46.55257861298855
core,matched,1,ae_relu_1,M0,0.1,downside,727,estimated,-159660.1974919562,-2.5870588927366485
core,matched,1,ae_relu_1,M0,0.5,e_origin,727,estimated,0.9404970112675056,47.56744565613921
core,matched,1,ae_relu_1,M0,0.5,downside,727,estimated,-7244.277109325507,-0.11738286568305978
core,matched,1,ae_relu_1,M0,0.9,e_origin,727,estimated,0.9656053872872652,48.837350076382094
core,matched,1,ae_relu_1,M0,0.9,downside,727,estimated,50683.92892274633,0.8212585922989926
core,matched,1,ae_relu_1,M1,0.1,e_origin,727,estimated,0.9154295863519853,46.29961241677424
core,matched,1,ae_relu_1,M1,0.1,downside,727,estimated,-161339.3635760379,-2.614267311731772
core,matched,1,ae_relu_1,M1,0.1,btc_vol,727,estimated,296.9287757339951,0.5708789623547187
core,matched,1,ae_relu_1,M1,0.1,btc_ret,727,estimated,259.0322517309181,1.2564181056390415
core,matched,1,ae_relu_1,M1,0.5,e_origin,727,estimated,0.9370441966107265,47.39281291240969
core,matched,1,ae_relu_1,M1,0.5,downside,727,estimated,-82960.29371130427,-1.3442496562155812
core,matched,1,ae_relu_1,M1,0.5,btc_vol,727,estimated,631.0381442802468,1.213241795519619
core,matched,1,ae_relu_1,M1,0.5,btc_ret,727,estimated,178.6864856352755,0.8667064980710806
core,matched,1,ae_relu_1,M1,0.9,e_origin,727,estimated,0.9608471199562774,48.59669155224802
core,matched,1,ae_relu_1,M1,0.9,downside,727,estimated,-98877.8100488271,-1.6021696189748906
core,matched,1,ae_relu_1,M1,0.9,btc_vol,727,estimated,1520.0558690859118,2.9224783455893775
core,matched,1,ae_relu_1,M1,0.9,btc_ret,727,estimated,-191.8318110095223,-0.9304669938948856
core,matched,1,ae_relu_1,M2,0.1,e_origin,727,estimated,0.9201642621986692,46.53907775620476
core,matched,1,ae_relu_1,M2,0.1,downside,727,estimated,-131581.8790428256,-2.132091001064245
core,matched,1,ae_relu_1,M2,0.1,btc_vol,727,estimated,173.78707945962893,0.33412520341729673
core,matched,1,ae_relu_1,M2,0.1,btc_ret,727,estimated,217.39694747279782,1.0544689284453326
core,matched,1,ae_relu_1,M2,0.1,account_ls,727,estimated,-0.863691719979893,-0.5382420678862129
core,matched,1,ae_relu_1,M2,0.5,e_origin,727,estimated,0.9340848458246346,47.24313805325712
core,matched,1,ae_relu_1,M2,0.5,downside,727,estimated,-98975.39803820931,-1.6037508889452492
core,matched,1,ae_relu_1,M2,0.5,btc_vol,727,estimated,674.1215179026383,1.2960744262321284
core,matched,1,ae_relu_1,M2,0.5,btc_ret,727,estimated,175.30557697213334,0.8503076333370616
core,matched,1,ae_relu_1,M2,0.5,account_ls,727,estimated,0.9111745009278276,0.567832753561652
core,matched,1,ae_relu_1,M2,0.9,e_origin,727,estimated,0.9624982997280269,48.68020314571429
core,matched,1,ae_relu_1,M2,0.9,downside,727,estimated,-86558.0124321661,-1.4025454015333185
core,matched,1,ae_relu_1,M2,0.9,btc_vol,727,estimated,1434.7374067077028,2.758444007213881
core,matched,1,ae_relu_1,M2,0.9,btc_ret,727,estimated,-181.3822107734725,-0.8797819272843331
core,matched,1,ae_relu_1,M2,0.9,account_ls,727,estimated,-0.7928992491474955,-0.4941250698762157
core,matched,1,ae_relu_2,M0,0.1,e_origin,727,estimated,0.9153402632284189,50.69847781273926
core,matched,1,ae_relu_2,M0,0.1,downside,727,estimated,-61002.92904072862,-0.988462826282992
core,matched,1,ae_relu_2,M0,0.5,e_origin,727,estimated,0.9428582946469913,52.22263485178848
core,matched,1,ae_relu_2,M0,0.5,downside,727,estimated,8897.0952656275,0.1441643552246413
core,matched,1,ae_relu_2,M0,0.9,e_origin,727,estimated,0.9718717438236096,53.82961945461126
core,matched,1,ae_relu_2,M0,0.9,downside,727,estimated,23816.99365942985,0.38591938512405144
core,matched,1,ae_relu_2,M1,0.1,e_origin,727,estimated,0.9093996201802952,50.369439998204115
core,matched,1,ae_relu_2,M1,0.1,downside,727,estimated,-90639.35352445756,-1.4686775367364966
core,matched,1,ae_relu_2,M1,0.1,btc_vol,727,estimated,101.61832873323877,0.19537266443795978
core,matched,1,ae_relu_2,M1,0.1,btc_ret,727,estimated,204.51213327733726,0.9919720241610415
core,matched,1,ae_relu_2,M1,0.5,e_origin,727,estimated,0.943921420763583,52.28151882969202
core,matched,1,ae_relu_2,M1,0.5,downside,727,estimated,5901.331701699095,0.09562240870106971
core,matched,1,ae_relu_2,M1,0.5,btc_vol,727,estimated,32.79372400924341,0.0630496222128212
core,matched,1,ae_relu_2,M1,0.5,btc_ret,727,estimated,117.58258192503186,0.5703262194232879
core,matched,1,ae_relu_2,M1,0.9,e_origin,727,estimated,0.9725504391992178,53.86721074587656
core,matched,1,ae_relu_2,M1,0.9,downside,727,estimated,16206.626141560682,0.2626045623104978
core,matched,1,ae_relu_2,M1,0.9,btc_vol,727,estimated,246.3416533661386,0.47361953084800407
core,matched,1,ae_relu_2,M1,0.9,btc_ret,727,estimated,101.80978068237982,0.4938213327711806
core,matched,1,ae_relu_2,M2,0.1,e_origin,727,estimated,0.9095462000286956,50.37755870060415
core,matched,1,ae_relu_2,M2,0.1,downside,727,estimated,-97733.92149561997,-1.5836345858209748
core,matched,1,ae_relu_2,M2,0.1,btc_vol,727,estimated,146.91401536738354,0.28245871570033515
core,matched,1,ae_relu_2,M2,0.1,btc_ret,727,estimated,228.88614351635596,1.1101964829560278
core,matched,1,ae_relu_2,M2,0.1,account_ls,727,estimated,-0.31554370808837506,-0.1966429618590351
core,matched,1,ae_relu_2,M2,0.5,e_origin,727,estimated,0.9430062306305564,52.23082866722715
core,matched,1,ae_relu_2,M2,0.5,downside,727,estimated,-30486.7170322949,-0.49399245176756046
core,matched,1,ae_relu_2,M2,0.5,btc_vol,727,estimated,108.7991740183453,0.209178647017647
core,matched,1,ae_relu_2,M2,0.5,btc_ret,727,estimated,150.83694116577658,0.7316241997415804
core,matched,1,ae_relu_2,M2,0.5,account_ls,727,estimated,0.598933877372927,0.3732482333995475
core,matched,1,ae_relu_2,M2,0.9,e_origin,727,estimated,0.972932665409729,53.88838132891713
core,matched,1,ae_relu_2,M2,0.9,downside,727,estimated,1599.9150340589229,0.02592427218245
core,matched,1,ae_relu_2,M2,0.9,btc_vol,727,estimated,462.92045361079937,0.8900166296002836
core,matched,1,ae_relu_2,M2,0.9,btc_ret,727,estimated,100.90299057175305,0.4894230097616219
core,matched,1,ae_relu_2,M2,0.9,account_ls,727,estimated,-0.7425685781329282,-0.46275961410269956
core,matched,1,ae_tanh_1,M0,0.1,e_origin,727,estimated,0.8944516263268328,54.61463671958664
core,matched,1,ae_tanh_1,M0,0.1,downside,727,estimated,-93189.18286022404,-1.509993774356632
core,matched,1,ae_tanh_1,M0,0.5,e_origin,727,estimated,0.9324931684590091,56.93742863213943
core,matched,1,ae_tanh_1,M0,0.5,downside,727,estimated,12785.635944182875,0.20717244302768756
core,matched,1,ae_tanh_1,M0,0.9,e_origin,727,estimated,0.9584737427947992,58.523785666272566
core,matched,1,ae_tanh_1,M0,0.9,downside,727,estimated,31245.039250683647,0.5062799490239837
core,matched,1,ae_tanh_1,M1,0.1,e_origin,727,estimated,0.8898310919938837,54.332509887215956
core,matched,1,ae_tanh_1,M1,0.1,downside,727,estimated,-140077.8327279561,-2.269755446421723
core,matched,1,ae_tanh_1,M1,0.1,btc_vol,727,estimated,589.5699720876204,1.1335145711926606
core,matched,1,ae_tanh_1,M1,0.1,btc_ret,727,estimated,248.04359971726282,1.203118405488709
core,matched,1,ae_tanh_1,M1,0.5,e_origin,727,estimated,0.9340596874865333,57.033079268892024
core,matched,1,ae_tanh_1,M1,0.5,downside,727,estimated,-55246.60024422382,-0.8951899765906692
core,matched,1,ae_tanh_1,M1,0.5,btc_vol,727,estimated,515.1425586761678,0.9904194992042868
core,matched,1,ae_tanh_1,M1,0.5,btc_ret,727,estimated,125.97318728424317,0.6110242731217754
core,matched,1,ae_tanh_1,M1,0.9,e_origin,727,estimated,0.9606135769588996,58.65444255376958
core,matched,1,ae_tanh_1,M1,0.9,downside,727,estimated,-40975.408755000346,-0.6639462888581446
core,matched,1,ae_tanh_1,M1,0.9,btc_vol,727,estimated,1018.8098401179761,1.958776487477829
core,matched,1,ae_tanh_1,M1,0.9,btc_ret,727,estimated,47.08317613351349,0.2283737047021835
core,matched,1,ae_tanh_1,M2,0.1,e_origin,727,estimated,0.8883832963254761,54.24410842184104
core,matched,1,ae_tanh_1,M2,0.1,downside,727,estimated,-160218.35385057935,-2.5961029963629527
core,matched,1,ae_tanh_1,M2,0.1,btc_vol,727,estimated,669.8424201076244,1.2878473795169918
core,matched,1,ae_tanh_1,M2,0.1,btc_ret,727,estimated,263.3396008543706,1.2773106060510595
core,matched,1,ae_tanh_1,M2,0.1,account_ls,727,estimated,0.6617678065293263,0.4124055660220525
core,matched,1,ae_tanh_1,M2,0.5,e_origin,727,estimated,0.9324265680989305,56.93336205730852
core,matched,1,ae_tanh_1,M2,0.5,downside,727,estimated,-94581.33789955736,-1.532551601110898
core,matched,1,ae_tanh_1,M2,0.5,btc_vol,727,estimated,625.57612631042,1.202740451743592
core,matched,1,ae_tanh_1,M2,0.5,btc_ret,727,estimated,142.01768228544756,0.6888469916467604
core,matched,1,ae_tanh_1,M2,0.5,account_ls,727,estimated,0.7620469293918072,0.47489828328067557
core,matched,1,ae_tanh_1,M2,0.9,e_origin,727,estimated,0.9609342393908955,58.674021994085415
core,matched,1,ae_tanh_1,M2,0.9,downside,727,estimated,-12184.94110197406,-0.1974390657817046
core,matched,1,ae_tanh_1,M2,0.9,btc_vol,727,estimated,644.2211280815425,1.238587564364754
core,matched,1,ae_tanh_1,M2,0.9,btc_ret,727,estimated,-2.8212956696579234,-0.013684500432021456
core,matched,1,ae_tanh_1,M2,0.9,account_ls,727,estimated,-1.2217941157552428,-0.7614070810017936
core,matched,1,ae_tanh_2,M0,0.1,e_origin,727,estimated,0.891398290896851,54.27728638496324
core,matched,1,ae_tanh_2,M0,0.1,downside,727,estimated,-118070.56976001628,-1.9131600879018202
core,matched,1,ae_tanh_2,M0,0.5,e_origin,727,estimated,0.930784396294081,56.67550830670706
core,matched,1,ae_tanh_2,M0,0.5,downside,727,estimated,-5353.375956572183,-0.0867435910275031
core,matched,1,ae_tanh_2,M0,0.9,e_origin,727,estimated,0.9620133465082116,58.5770406425709
core,matched,1,ae_tanh_2,M0,0.9,downside,727,estimated,38645.88608374289,0.6261997970137269
core,matched,1,ae_tanh_2,M1,0.1,e_origin,727,estimated,0.8895901343969496,54.167187645515085
core,matched,1,ae_tanh_2,M1,0.1,downside,727,estimated,-149981.7064339858,-2.430233166894389
core,matched,1,ae_tanh_2,M1,0.1,btc_vol,727,estimated,611.1967770302109,1.175094535728447
core,matched,1,ae_tanh_2,M1,0.1,btc_ret,727,estimated,220.92260606455906,1.071569892743756
core,matched,1,ae_tanh_2,M1,0.5,e_origin,727,estimated,0.9327731923405594,56.79660619715442
core,matched,1,ae_tanh_2,M1,0.5,downside,727,estimated,-61267.56969005028,-0.992750939137429
core,matched,1,ae_tanh_2,M1,0.5,btc_vol,727,estimated,588.9041245593407,1.1322344044419268
core,matched,1,ae_tanh_2,M1,0.5,btc_ret,727,estimated,86.43260635007417,0.41923540721336056
core,matched,1,ae_tanh_2,M1,0.9,e_origin,727,estimated,0.9642163275586374,58.711180268589594
core,matched,1,ae_tanh_2,M1,0.9,downside,727,estimated,-59223.11052469678,-0.9596234825286446
core,matched,1,ae_tanh_2,M1,0.9,btc_vol,727,estimated,1296.4214786450816,2.492516081251403
core,matched,1,ae_tanh_2,M1,0.9,btc_ret,727,estimated,0.46188173986513986,0.0022403255839873355
core,matched,1,ae_tanh_2,M2,0.1,e_origin,727,estimated,0.8899647989970545,54.19000099169925
core,matched,1,ae_tanh_2,M2,0.1,downside,727,estimated,-161073.88361712635,-2.609965599098728
core,matched,1,ae_tanh_2,M2,0.1,btc_vol,727,estimated,535.0992067905225,1.0287883994209752
core,matched,1,ae_tanh_2,M2,0.1,btc_ret,727,estimated,126.57713911288974,0.6139536998915107
core,matched,1,ae_tanh_2,M2,0.1,account_ls,727,estimated,0.31772615443664576,0.1980030356080011
core,matched,1,ae_tanh_2,M2,0.5,e_origin,727,estimated,0.9326388869781097,56.788428336937315
core,matched,1,ae_tanh_2,M2,0.5,downside,727,estimated,-86678.87676370723,-1.4045038304256787
core,matched,1,ae_tanh_2,M2,0.5,btc_vol,727,estimated,658.9016420220511,1.2668125033066755
core,matched,1,ae_tanh_2,M2,0.5,btc_ret,727,estimated,127.28448151639762,0.6173846155273627
core,matched,1,ae_tanh_2,M2,0.5,account_ls,727,estimated,0.7823699215897114,0.48756332231392
core,matched,1,ae_tanh_2,M2,0.9,e_origin,727,estimated,0.9655258927651251,58.79091975931804
core,matched,1,ae_tanh_2,M2,0.9,downside,727,estimated,-61959.209665262235,-1.0039579486272825
core,matched,1,ae_tanh_2,M2,0.9,btc_vol,727,estimated,1262.7983259704802,2.427871789156364
core,matched,1,ae_tanh_2,M2,0.9,btc_ret,727,estimated,-147.2096266632034,-0.7140301604456002
core,matched,1,ae_tanh_2,M2,0.9,account_ls,727,estimated,-1.7170902237781116,-1.070069529918669
core,matched,1,conditional_neural,M0,0.1,e_origin,727,estimated,0.4724682463724744,4.50290642125484
core,matched,1,conditional_neural,M0,0.1,downside,727,estimated,-79738.90721767301,-1.2920518216506431
core,matched,1,conditional_neural,M0,0.5,e_origin,727,estimated,0.31120018833786023,2.965924878806639
core,matched,1,conditional_neural,M0,0.5,downside,727,estimated,-35731.11480034266,-0.5789702113845729
core,matched,1,conditional_neural,M0,0.9,e_origin,727,estimated,0.39208524328100325,3.7368080780129938
core,matched,1,conditional_neural,M0,0.9,downside,727,estimated,38396.022644121316,0.622151127128577
core,matched,1,conditional_neural,M1,0.1,e_origin,727,estimated,0.43995593281310436,4.19304452763475
core,matched,1,conditional_neural,M1,0.1,downside,727,estimated,-44109.88104977046,-0.7147358065438546
core,matched,1,conditional_neural,M1,0.1,btc_vol,727,estimated,-552.832818680699,-1.0628832625060358
core,matched,1,conditional_neural,M1,0.1,btc_ret,727,estimated,51.34599858429798,0.24905023155357303
core,matched,1,conditional_neural,M1,0.5,e_origin,727,estimated,0.3059359259631004,2.9157532936631396
core,matched,1,conditional_neural,M1,0.5,downside,727,estimated,-54070.642914056916,-0.876135316028569
core,matched,1,conditional_neural,M1,0.5,btc_vol,727,estimated,195.38606532315887,0.37565168264520576
core,matched,1,conditional_neural,M1,0.5,btc_ret,727,estimated,-22.939192942825823,-0.11126497627041856
core,matched,1,conditional_neural,M1,0.9,e_origin,727,estimated,0.4052270919070281,3.8620577958927305
core,matched,1,conditional_neural,M1,0.9,downside,727,estimated,33252.58900949488,0.538809342935109
core,matched,1,conditional_neural,M1,0.9,btc_vol,727,estimated,45.690237858400344,0.08784462036010605
core,matched,1,conditional_neural,M1,0.9,btc_ret,727,estimated,69.89819169626614,0.33903636713873697
core,matched,1,conditional_neural,M2,0.1,e_origin,727,estimated,0.42486877561779607,4.049254849630279
core,matched,1,conditional_neural,M2,0.1,downside,727,estimated,-40716.58899741725,-0.6597524950010061
core,matched,1,conditional_neural,M2,0.1,btc_vol,727,estimated,-657.3292463825318,-1.26378939586658
core,matched,1,conditional_neural,M2,0.1,btc_ret,727,estimated,57.56443430442385,0.27921232594649353
core,matched,1,conditional_neural,M2,0.1,account_ls,727,estimated,0.9743945701664785,0.6072307239389912
core,matched,1,conditional_neural,M2,0.5,e_origin,727,estimated,0.2880210740972244,2.7450139855254108
core,matched,1,conditional_neural,M2,0.5,downside,727,estimated,-119071.36670697917,-1.929376531837977
core,matched,1,conditional_neural,M2,0.5,btc_vol,727,estimated,499.7533402036947,0.9608319961025802
core,matched,1,conditional_neural,M2,0.5,btc_ret,727,estimated,-38.23784457346886,-0.1854700328692061
core,matched,1,conditional_neural,M2,0.5,account_ls,727,estimated,0.9936611687529744,0.6192374314533003
core,matched,1,conditional_neural,M2,0.9,e_origin,727,estimated,0.3741728651630244,3.5660923461798655
core,matched,1,conditional_neural,M2,0.9,downside,727,estimated,26280.478902985513,0.4258365436055025
core,matched,1,conditional_neural,M2,0.9,btc_vol,727,estimated,-162.62648249841538,-0.31266770069891886
core,matched,1,conditional_neural,M2,0.9,btc_ret,727,estimated,69.95810380027622,0.3393269666749808
core,matched,1,conditional_neural,M2,0.9,account_ls,727,estimated,1.2350583323046573,0.7696731777806461
core,matched,1,pca_selected,M0,0.1,e_origin,727,estimated,0.6607740826186921,4.874505203882624
core,matched,1,pca_selected,M0,0.1,downside,727,estimated,-44929.01275551087,-0.7280086321882362
core,matched,1,pca_selected,M0,0.5,e_origin,727,estimated,0.5172268806030368,3.815562969866637
core,matched,1,pca_selected,M0,0.5,downside,727,estimated,-20168.615239580846,-0.3268027738245172
core,matched,1,pca_selected,M0,0.9,e_origin,727,estimated,0.44231987490796376,3.2629768459968176
core,matched,1,pca_selected,M0,0.9,downside,727,estimated,-33908.73839699917,-0.5494412796016799
core,matched,1,pca_selected,M1,0.1,e_origin,727,estimated,0.6171820008261981,4.552928079211696
core,matched,1,pca_selected,M1,0.1,downside,727,estimated,-53796.549802663045,-0.8716940399158728
core,matched,1,pca_selected,M1,0.1,btc_vol,727,estimated,-10.069250512522501,-0.019359266443843164
core,matched,1,pca_selected,M1,0.1,btc_ret,727,estimated,118.93272930119946,0.5768750163293201
core,matched,1,pca_selected,M1,0.5,e_origin,727,estimated,0.5110377502293271,3.7699059911688733
core,matched,1,pca_selected,M1,0.5,downside,727,estimated,-56106.76559417108,-0.909127692143834
core,matched,1,pca_selected,M1,0.5,btc_vol,727,estimated,251.7574227192342,0.4840319564574959
core,matched,1,pca_selected,M1,0.5,btc_ret,727,estimated,97.09952256083555,0.4709745499995541
core,matched,1,pca_selected,M1,0.9,e_origin,727,estimated,0.46111740234618814,3.4016454889233394
core,matched,1,pca_selected,M1,0.9,downside,727,estimated,-33317.19688177162,-0.5398562185693618
core,matched,1,pca_selected,M1,0.9,btc_vol,727,estimated,244.29409415307288,0.469682868003437
core,matched,1,pca_selected,M1,0.9,btc_ret,727,estimated,171.2249285753252,0.8305147291939027
core,matched,1,pca_selected,M2,0.1,e_origin,727,estimated,0.6226648039895674,4.593374509019886
core,matched,1,pca_selected,M2,0.1,downside,727,estimated,-119578.52716668526,-1.9375943218566394
core,matched,1,pca_selected,M2,0.1,btc_vol,727,estimated,87.52606834285058,0.16827870909796122
core,matched,1,pca_selected,M2,0.1,btc_ret,727,estimated,46.97572200517839,0.227852505849671
core,matched,1,pca_selected,M2,0.1,account_ls,727,estimated,2.4380738775033093,1.519377684340066
core,matched,1,pca_selected,M2,0.5,e_origin,727,estimated,0.49606499797645554,3.6594525688980966
core,matched,1,pca_selected,M2,0.5,downside,727,estimated,-57607.68206466407,-0.9334478380740019
core,matched,1,pca_selected,M2,0.5,btc_vol,727,estimated,216.28434179820317,0.4158309692757586
core,matched,1,pca_selected,M2,0.5,btc_ret,727,estimated,120.73553938453728,0.5856194225358771
core,matched,1,pca_selected,M2,0.5,account_ls,727,estimated,1.0346226445614883,0.6447641198918082
core,matched,1,pca_selected,M2,0.9,e_origin,727,estimated,0.4496167590965748,3.316805682334575
core,matched,1,pca_selected,M2,0.9,downside,727,estimated,-42299.16522447838,-0.6853958172940177
core,matched,1,pca_selected,M2,0.9,btc_vol,727,estimated,329.16317272819225,0.6328532154822187
core,matched,1,pca_selected,M2,0.9,btc_ret,727,estimated,163.5639244714555,0.7933555561598213
core,matched,1,pca_selected,M2,0.9,account_ls,727,estimated,0.2592362688567959,0.16155285756801793
core,matched,1,ae_selected,M0,0.1,e_origin,727,estimated,0.9208645381252394,46.47562029161186
core,matched,1,ae_selected,M0,0.1,downside,727,estimated,-107115.33603110803,-1.7356466231460945
core,matched,1,ae_selected,M0,0.5,e_origin,727,estimated,0.9411260062259824,47.49820750071196
core,matched,1,ae_selected,M0,0.5,downside,727,estimated,-2098.214303086788,-0.03399847962696764
core,matched,1,ae_selected,M0,0.9,e_origin,727,estimated,0.9705436664536506,48.98290362050414
core,matched,1,ae_selected,M0,0.9,downside,727,estimated,45658.761955941496,0.7398331456743643
core,matched,1,ae_selected,M1,0.1,e_origin,727,estimated,0.9163682863660381,46.248696481600064
core,matched,1,ae_selected,M1,0.1,downside,727,estimated,-143054.46267075939,-2.317987360730256
core,matched,1,ae_selected,M1,0.1,btc_vol,727,estimated,593.9404451864057,1.1419172972048708
core,matched,1,ae_selected,M1,0.1,btc_ret,727,estimated,182.66208269066684,0.8859898579142701
core,matched,1,ae_selected,M1,0.5,e_origin,727,estimated,0.9428858788482208,47.58702748276846
core,matched,1,ae_selected,M1,0.5,downside,727,estimated,-12542.916740179786,-0.20323953498286448
core,matched,1,ae_selected,M1,0.5,btc_vol,727,estimated,45.639116329085525,0.08774633347114728
core,matched,1,ae_selected,M1,0.5,btc_ret,727,estimated,113.36042107305181,0.5498469188578173
core,matched,1,ae_selected,M1,0.9,e_origin,727,estimated,0.9691855214082732,48.91435864910324
core,matched,1,ae_selected,M1,0.9,downside,727,estimated,-30955.987775739773,-0.5015962946100533
core,matched,1,ae_selected,M1,0.9,btc_vol,727,estimated,654.3598892817225,1.258080472922415
core,matched,1,ae_selected,M1,0.9,btc_ret,727,estimated,-46.96807571867507,-0.22781541806334524
core,matched,1,ae_selected,M2,0.1,e_origin,727,estimated,0.9172638863968718,46.29389701353816
core,matched,1,ae_selected,M2,0.1,downside,727,estimated,-102197.45785131608,-1.6559596336628999
core,matched,1,ae_selected,M2,0.1,btc_vol,727,estimated,452.3580087239111,0.8697091415097471
core,matched,1,ae_selected,M2,0.1,btc_ret,727,estimated,194.8132328162731,0.9449281751320391
core,matched,1,ae_selected,M2,0.1,account_ls,727,estimated,-0.7812217802438797,-0.4868478147341779
core,matched,1,ae_selected,M2,0.5,e_origin,727,estimated,0.9412631344393081,47.505128300145465
core,matched,1,ae_selected,M2,0.5,downside,727,estimated,-49724.064208978045,-0.8057053950551807
core,matched,1,ae_selected,M2,0.5,btc_vol,727,estimated,209.35397545466668,0.40250656062874846
core,matched,1,ae_selected,M2,0.5,btc_ret,727,estimated,109.76550858255872,0.5324100432909269
core,matched,1,ae_selected,M2,0.5,account_ls,727,estimated,0.729168986536954,0.4544091532581568
core,matched,1,ae_selected,M2,0.9,e_origin,727,estimated,0.9692152365112291,48.91585835702414
core,matched,1,ae_selected,M2,0.9,downside,727,estimated,-30779.874466277724,-0.4987426372143456
core,matched,1,ae_selected,M2,0.9,btc_vol,727,estimated,654.2157030280522,1.2578032586353267
core,matched,1,ae_selected,M2,0.9,btc_ret,727,estimated,-45.58072131333043,-0.22108615102356435
core,matched,1,ae_selected,M2,0.9,account_ls,727,estimated,-0.010622990423058675,-0.0066201171091181095
core,matched,1,ae_reconstruction_selected,M0,0.1,e_origin,727,estimated,0.9203915810367259,46.48708331801445
core,matched,1,ae_reconstruction_selected,M0,0.1,downside,727,estimated,-41596.78170011193,-0.6740147243768835
core,matched,1,ae_reconstruction_selected,M0,0.5,e_origin,727,estimated,0.9404284954442831,47.49910660102932
core,matched,1,ae_reconstruction_selected,M0,0.5,downside,727,estimated,-11335.2240727922,-0.18367064991358914
core,matched,1,ae_reconstruction_selected,M0,0.9,e_origin,727,estimated,0.9722128469361314,49.10446873868196
core,matched,1,ae_reconstruction_selected,M0,0.9,downside,727,estimated,19732.78852162829,0.31974084227186333
core,matched,1,ae_reconstruction_selected,M1,0.1,e_origin,727,estimated,0.9175360282584191,46.34285522786328
core,matched,1,ae_reconstruction_selected,M1,0.1,downside,727,estimated,-107151.20229536448,-1.7362277832558242
core,matched,1,ae_reconstruction_selected,M1,0.1,btc_vol,727,estimated,722.87795715464,1.389814163579878
core,matched,1,ae_reconstruction_selected,M1,0.1,btc_ret,727,estimated,141.70318171823004,0.6873215282952071
core,matched,1,ae_reconstruction_selected,M1,0.5,e_origin,727,estimated,0.9427469423666681,47.61620658050534
core,matched,1,ae_reconstruction_selected,M1,0.5,downside,727,estimated,-25511.71906365044,-0.4133799200388756
core,matched,1,ae_reconstruction_selected,M1,0.5,btc_vol,727,estimated,221.96144774054284,0.42674584386657316
core,matched,1,ae_reconstruction_selected,M1,0.5,btc_ret,727,estimated,119.09635586342654,0.5776686757056018
core,matched,1,ae_reconstruction_selected,M1,0.9,e_origin,727,estimated,0.9709641941871441,49.04140185978672
core,matched,1,ae_reconstruction_selected,M1,0.9,downside,727,estimated,-79310.14037587238,-1.28510428501712
core,matched,1,ae_reconstruction_selected,M1,0.9,btc_vol,727,estimated,812.9543433590485,1.5629961455616543
core,matched,1,ae_reconstruction_selected,M1,0.9,btc_ret,727,estimated,-106.24778737918233,-0.5153475787484665
core,matched,1,ae_reconstruction_selected,M2,0.1,e_origin,727,estimated,0.9201558363228618,46.47517633800618
core,matched,1,ae_reconstruction_selected,M2,0.1,downside,727,estimated,-104670.30747430814,-1.696028528152927
core,matched,1,ae_reconstruction_selected,M2,0.1,btc_vol,727,estimated,774.5803696944548,1.4892178658616906
core,matched,1,ae_reconstruction_selected,M2,0.1,btc_ret,727,estimated,115.89006951026863,0.5621168044654301
core,matched,1,ae_reconstruction_selected,M2,0.1,account_ls,727,estimated,-0.910495724485781,-0.5674097484229572
core,matched,1,ae_reconstruction_selected,M2,0.5,e_origin,727,estimated,0.942946057627913,47.62626348229594
core,matched,1,ae_reconstruction_selected,M2,0.5,downside,727,estimated,-22890.957468706583,-0.3709143293879323
core,matched,1,ae_reconstruction_selected,M2,0.5,btc_vol,727,estimated,198.86735543703162,0.38234485437620647
core,matched,1,ae_reconstruction_selected,M2,0.5,btc_ret,727,estimated,122.21335961054523,0.5927874878112575
core,matched,1,ae_reconstruction_selected,M2,0.5,account_ls,727,estimated,-0.04468631940323005,-0.027847965200335924
core,matched,1,ae_reconstruction_selected,M2,0.9,e_origin,727,estimated,0.9713697870407604,49.06188751955124
core,matched,1,ae_reconstruction_selected,M2,0.9,downside,727,estimated,-83535.35820083373,-1.3535677312581051
core,matched,1,ae_reconstruction_selected,M2,0.9,btc_vol,727,estimated,882.5680281184942,1.6968362828906245
core,matched,1,ae_reconstruction_selected,M2,0.9,btc_ret,727,estimated,-107.5001912059133,-0.5214222772964721
core,matched,1,ae_reconstruction_selected,M2,0.9,account_ls,727,estimated,-0.3303488427490828,-0.2058693398718968
core,all,6,sequential_ols,M0,0.1,e_origin,1729,estimated,0.4348376484277955,4.084883775102074
core,all,6,sequential_ols,M0,0.1,downside,1729,estimated,-137849.91077422348,-2.3744468935712013
core,all,6,sequential_ols,M0,0.5,e_origin,1729,estimated,0.296626050486277,2.7865180149073514
core,all,6,sequential_ols,M0,0.5,downside,1729,estimated,-50750.90700087029,-0.8741778126465836
core,all,6,sequential_ols,M0,0.9,e_origin,1729,estimated,0.24329404632986718,2.2855148491054154
core,all,6,sequential_ols,M0,0.9,downside,1729,estimated,23971.097891105637,0.4128990624901446
core,all,6,sequential_ols,M1,0.1,e_origin,1729,estimated,0.3939582686680607,3.700861104294845
core,all,6,sequential_ols,M1,0.1,downside,1729,estimated,-13223.377036841832,-0.22777096010656966
core,all,6,sequential_ols,M1,0.1,btc_vol,1729,estimated,-1095.3834137740826,-2.143757995554461
core,all,6,sequential_ols,M1,0.1,btc_ret,1729,estimated,77.92630551280435,0.3445961097643044
core,all,6,sequential_ols,M1,0.5,e_origin,1729,estimated,0.29486759778365185,2.769999033765288
core,all,6,sequential_ols,M1,0.5,downside,1729,estimated,-49069.57131637608,-0.8452170228232492
core,all,6,sequential_ols,M1,0.5,btc_vol,1729,estimated,-3.0940657317647946,-0.006055348353676872
core,all,6,sequential_ols,M1,0.5,btc_ret,1729,estimated,20.385590714142474,0.0901466482866502
core,all,6,sequential_ols,M1,0.9,e_origin,1729,estimated,0.244593747762841,2.2977243008748918
core,all,6,sequential_ols,M1,0.9,downside,1729,estimated,-25398.48278243922,-0.437485582728874
core,all,6,sequential_ols,M1,0.9,btc_vol,1729,estimated,438.81470219324586,0.8587974900518603
core,all,6,sequential_ols,M1,0.9,btc_ret,1729,estimated,14.744631490666647,0.06520189322663468
core,all,6,sequential_ols,M2,0.1,e_origin,1729,estimated,0.3759012878860348,3.531233041751232
core,all,6,sequential_ols,M2,0.1,downside,1729,estimated,-23443.632763221354,-0.4038135438464418
core,all,6,sequential_ols,M2,0.1,btc_vol,1729,estimated,-1207.5787779063296,-2.3633338133897444
core,all,6,sequential_ols,M2,0.1,btc_ret,1729,estimated,60.495603764081686,0.26751620749581134
core,all,6,sequential_ols,M2,0.1,account_ls,1729,estimated,1.505436965791376,0.9126392409514023
core,all,6,sequential_ols,M2,0.5,e_origin,1729,estimated,0.2876919876846484,2.7025910405157223
core,all,6,sequential_ols,M2,0.5,downside,1729,estimated,-57704.76059557919,-0.9939570419081013
core,all,6,sequential_ols,M2,0.5,btc_vol,1729,estimated,-59.403416805252974,-0.11625751142310056
core,all,6,sequential_ols,M2,0.5,btc_ret,1729,estimated,19.79149654300424,0.08751951821984309
core,all,6,sequential_ols,M2,0.5,account_ls,1729,estimated,0.9481844570687814,0.5748167228817009
core,all,6,sequential_ols,M2,0.9,e_origin,1729,estimated,0.24001262146155347,2.25468900122344
core,all,6,sequential_ols,M2,0.9,downside,1729,estimated,-76500.39570659415,-1.3177094270303737
core,all,6,sequential_ols,M2,0.9,btc_vol,1729,estimated,592.2263469342718,1.159037055385067
core,all,6,sequential_ols,M2,0.9,btc_ret,1729,estimated,31.56723815954315,0.13959275233437668
core,all,6,sequential_ols,M2,0.9,account_ls,1729,estimated,1.3685190854501372,0.829635679044301
core,all,6,pca_1,M0,0.1,e_origin,1729,estimated,0.4265369240589229,3.987306151416894
core,all,6,pca_1,M0,0.1,downside,1729,estimated,-140214.9200464706,-2.415183872566797
core,all,6,pca_1,M0,0.5,e_origin,1729,estimated,0.29667564020499343,2.773351000677966
core,all,6,pca_1,M0,0.5,downside,1729,estimated,-50417.85195070377,-0.8684409824606625
core,all,6,pca_1,M0,0.9,e_origin,1729,estimated,0.25442767565991886,2.378413166662574
core,all,6,pca_1,M0,0.9,downside,1729,estimated,14917.758596899104,0.25695646345006995
core,all,6,pca_1,M1,0.1,e_origin,1729,estimated,0.39561777287167155,3.698271100119704
core,all,6,pca_1,M1,0.1,downside,1729,estimated,-12600.49231590179,-0.21704185130713471
core,all,6,pca_1,M1,0.1,btc_vol,1729,estimated,-1085.981110657481,-2.1253568930460762
core,all,6,pca_1,M1,0.1,btc_ret,1729,estimated,59.2563850160075,0.2620362869872844
core,all,6,pca_1,M1,0.5,e_origin,1729,estimated,0.30273623219617146,2.830005968547322
core,all,6,pca_1,M1,0.5,downside,1729,estimated,-50947.73774728053,-0.8775681968096793
core,all,6,pca_1,M1,0.5,btc_vol,1729,estimated,49.23644896571686,0.09635989537151607
core,all,6,pca_1,M1,0.5,btc_ret,1729,estimated,23.899299610683677,0.10568453897227205
core,all,6,pca_1,M1,0.9,e_origin,1729,estimated,0.25060515895077273,2.34267993108889
core,all,6,pca_1,M1,0.9,downside,1729,estimated,-28006.73380553687,-0.48241236943961435
core,all,6,pca_1,M1,0.9,btc_vol,1729,estimated,475.5491667625981,0.9306899444588819
core,all,6,pca_1,M1,0.9,btc_ret,1729,estimated,15.270040446077186,0.0675252919926656
core,all,6,pca_1,M2,0.1,e_origin,1729,estimated,0.37928093657916273,3.5455528612766525
core,all,6,pca_1,M2,0.1,downside,1729,estimated,-17381.976988389764,-0.29940230670011964
core,all,6,pca_1,M2,0.1,btc_vol,1729,estimated,-1221.9072332036953,-2.391375812402528
core,all,6,pca_1,M2,0.1,btc_ret,1729,estimated,61.108894581239795,0.2702282266061249
core,all,6,pca_1,M2,0.1,account_ls,1729,estimated,1.4301940510680082,0.8670248192648673
core,all,6,pca_1,M2,0.5,e_origin,1729,estimated,0.2892352189032605,2.703797262297664
core,all,6,pca_1,M2,0.5,downside,1729,estimated,-56791.25039565006,-0.9782219468015114
core,all,6,pca_1,M2,0.5,btc_vol,1729,estimated,-65.08617632580608,-0.12737915249033652
core,all,6,pca_1,M2,0.5,btc_ret,1729,estimated,18.03795190357076,0.07976520910599016
core,all,6,pca_1,M2,0.5,account_ls,1729,estimated,0.9937236863537564,0.6024239150741045
core,all,6,pca_1,M2,0.9,e_origin,1729,estimated,0.24183878752752014,2.260731089781281
core,all,6,pca_1,M2,0.9,downside,1729,estimated,-72833.34166687474,-1.2545448952271536
core,all,6,pca_1,M2,0.9,btc_vol,1729,estimated,538.6505053210941,1.054184601547842
core,all,6,pca_1,M2,0.9,btc_ret,1729,estimated,26.37852671681813,0.11664787170534724
core,all,6,pca_1,M2,0.9,account_ls,1729,estimated,1.374374440277501,0.8331853637581591
core,all,6,pca_2,M0,0.1,e_origin,1729,estimated,0.43699802717834874,3.277430915679965
core,all,6,pca_2,M0,0.1,downside,1729,estimated,-16151.208908803406,-0.27820248562757033
core,all,6,pca_2,M0,0.5,e_origin,1729,estimated,0.3226389787353071,2.4197522591536704
core,all,6,pca_2,M0,0.5,downside,1729,estimated,-13267.458273924902,-0.22853025371705377
core,all,6,pca_2,M0,0.9,e_origin,1729,estimated,0.36390818282187554,2.72926616293984
core,all,6,pca_2,M0,0.9,downside,1729,estimated,-17338.221295371965,-0.29864862054407754
core,all,6,pca_2,M1,0.1,e_origin,1729,estimated,0.4017598474019322,3.013148944987265
core,all,6,pca_2,M1,0.1,downside,1729,estimated,46104.08745755938,0.7941369466958476
core,all,6,pca_2,M1,0.1,btc_vol,1729,estimated,-634.3343948450586,-1.2414460669246166
core,all,6,pca_2,M1,0.1,btc_ret,1729,estimated,16.33441883819662,0.07223205501482986
core,all,6,pca_2,M1,0.5,e_origin,1729,estimated,0.32904562497222084,2.467801310034434
core,all,6,pca_2,M1,0.5,downside,1729,estimated,16630.97346151689,0.2864663680300907
core,all,6,pca_2,M1,0.5,btc_vol,1729,estimated,-342.81488571062795,-0.6709177288938021
core,all,6,pca_2,M1,0.5,btc_ret,1729,estimated,36.15052421955108,0.15986039540846267
core,all,6,pca_2,M1,0.9,e_origin,1729,estimated,0.3630350475481928,2.7227177568566
core,all,6,pca_2,M1,0.9,downside,1729,estimated,12456.902232172375,0.2145685306764282
core,all,6,pca_2,M1,0.9,btc_vol,1729,estimated,-365.7576948879685,-0.7158187471089164
core,all,6,pca_2,M1,0.9,btc_ret,1729,estimated,-6.288551578672455,-0.027808458206794284
core,all,6,pca_2,M2,0.1,e_origin,1729,estimated,0.403243662097736,3.0242773708718578
core,all,6,pca_2,M2,0.1,downside,1729,estimated,5117.163636100632,0.08814248214882897
core,all,6,pca_2,M2,0.1,btc_vol,1729,estimated,-497.0535083207098,-0.9727757598680278
core,all,6,pca_2,M2,0.1,btc_ret,1729,estimated,20.800082649556906,0.09197956346891842
core,all,6,pca_2,M2,0.1,account_ls,1729,estimated,0.9968542121602791,0.6043217299682285
core,all,6,pca_2,M2,0.5,e_origin,1729,estimated,0.3253412686653555,2.4400190979242184
core,all,6,pca_2,M2,0.5,downside,1729,estimated,11512.557129313964,0.19830230835283263
core,all,6,pca_2,M2,0.5,btc_vol,1729,estimated,-349.9254072031884,-0.6848336209098392
core,all,6,pca_2,M2,0.5,btc_ret,1729,estimated,27.958218849936692,0.1236333916798376
core,all,6,pca_2,M2,0.5,account_ls,1729,estimated,0.9351341060712858,0.5669052242941511
core,all,6,pca_2,M2,0.9,e_origin,1729,estimated,0.3480785725233536,2.610546052209527
core,all,6,pca_2,M2,0.9,downside,1729,estimated,5326.6274243872585,0.09175046882520364
core,all,6,pca_2,M2,0.9,btc_vol,1729,estimated,-365.51481240424573,-0.7153434055436585
core,all,6,pca_2,M2,0.9,btc_ret,1729,estimated,11.279187289944998,0.04987743273392302
core,all,6,pca_2,M2,0.9,account_ls,1729,estimated,0.7362915585009416,0.4463611458590595
core,all,6,conditional_linear,M0,0.1,e_origin,1729,estimated,0.42470399848554746,4.783086875466665
core,all,6,conditional_linear,M0,0.1,downside,1729,estimated,-121243.69769478188,-2.0884070199216445
core,all,6,conditional_linear,M0,0.5,e_origin,1729,estimated,0.38534745748631277,4.339846982768525
core,all,6,conditional_linear,M0,0.5,downside,1729,estimated,-33650.07481393748,-0.5796181888086713
core,all,6,conditional_linear,M0,0.9,e_origin,1729,estimated,0.4774792220634296,5.3774501970867155
core,all,6,conditional_linear,M0,0.9,downside,1729,estimated,23729.757851690243,0.40874201150864053
core,all,6,conditional_linear,M1,0.1,e_origin,1729,estimated,0.38646090670841104,4.352386832592656
core,all,6,conditional_linear,M1,0.1,downside,1729,estimated,57906.99139794526,0.9974404413369845
core,all,6,conditional_linear,M1,0.1,btc_vol,1729,estimated,-1644.9474824573915,-3.219301363743774
core,all,6,conditional_linear,M1,0.1,btc_ret,1729,estimated,-11.682160957034199,-0.051659413248751576
core,all,6,conditional_linear,M1,0.5,e_origin,1729,estimated,0.3753468274130578,4.227218228105621
core,all,6,conditional_linear,M1,0.5,downside,1729,estimated,3149.480202867618,0.054249389368929306
core,all,6,conditional_linear,M1,0.5,btc_vol,1729,estimated,-430.0890674402277,-0.8417206847681092
core,all,6,conditional_linear,M1,0.5,btc_ret,1729,estimated,69.84084456122629,0.3088415802606931
core,all,6,conditional_linear,M1,0.9,e_origin,1729,estimated,0.47039543563858566,5.297671419401313
core,all,6,conditional_linear,M1,0.9,downside,1729,estimated,-50607.38817821127,-0.871705719478603
core,all,6,conditional_linear,M1,0.9,btc_vol,1729,estimated,758.3593759422898,1.4841734457878835
core,all,6,conditional_linear,M1,0.9,btc_ret,1729,estimated,-9.04486074704446,-0.039997069106262766
core,all,6,conditional_linear,M2,0.1,e_origin,1729,estimated,0.36013930018418944,4.055948534022019
core,all,6,conditional_linear,M2,0.1,downside,1729,estimated,30475.23307994402,0.5249319503445214
core,all,6,conditional_linear,M2,0.1,btc_vol,1729,estimated,-1718.222303811938,-3.362706387205295
core,all,6,conditional_linear,M2,0.1,btc_ret,1729,estimated,-0.8018000216387287,-0.003545621294984164
core,all,6,conditional_linear,M2,0.1,account_ls,1729,estimated,1.1320799229234297,0.6862994499474376
core,all,6,conditional_linear,M2,0.5,e_origin,1729,estimated,0.37558656976360255,4.229918246222882
core,all,6,conditional_linear,M2,0.5,downside,1729,estimated,-1228.1785671653665,-0.021155217055837526
core,all,6,conditional_linear,M2,0.5,btc_vol,1729,estimated,-477.5802483023648,-0.9346649428345611
core,all,6,conditional_linear,M2,0.5,btc_ret,1729,estimated,48.002037359331894,0.21226869702001477
core,all,6,conditional_linear,M2,0.5,account_ls,1729,estimated,0.727420814333531,0.4409834452926569
core,all,6,conditional_linear,M2,0.9,e_origin,1729,estimated,0.47177799945538657,5.3132420824283075
core,all,6,conditional_linear,M2,0.9,downside,1729,estimated,-67372.2223954132,-1.160477821721522
core,all,6,conditional_linear,M2,0.9,btc_vol,1729,estimated,812.6166582573774,1.5903595367195231
core,all,6,conditional_linear,M2,0.9,btc_ret,1729,estimated,20.61846222931851,0.09117642401740643
core,all,6,conditional_linear,M2,0.9,account_ls,1729,estimated,0.668168484739912,0.40506297679499637
core,all,6,ae_relu_1,M0,0.1,e_origin,1729,estimated,0.668376422325441,31.192828573262904
core,all,6,ae_relu_1,M0,0.1,downside,1729,estimated,-54315.17163788793,-0.9355718102755958
core,all,6,ae_relu_1,M0,0.5,e_origin,1729,estimated,0.8864773120857834,41.37149951186449
core,all,6,ae_relu_1,M0,0.5,downside,1729,estimated,-4172.970491327265,-0.07187887728360505
core,all,6,ae_relu_1,M0,0.9,e_origin,1729,estimated,1.09306321529474,51.01277118034953
core,all,6,ae_relu_1,M0,0.9,downside,1729,estimated,98236.1501886819,1.692104988257463
core,all,6,ae_relu_1,M1,0.1,e_origin,1729,estimated,0.6640376334774611,30.990339239064454
core,all,6,ae_relu_1,M1,0.1,downside,1729,estimated,53101.42241380605,0.9146651367891261
core,all,6,ae_relu_1,M1,0.1,btc_vol,1729,estimated,-1092.3114667486473,-2.1377459353800177
core,all,6,ae_relu_1,M1,0.1,btc_ret,1729,estimated,88.02861003353415,0.389269276477255
core,all,6,ae_relu_1,M1,0.5,e_origin,1729,estimated,0.8854431238959865,41.323234411781236
core,all,6,ae_relu_1,M1,0.5,downside,1729,estimated,31202.867192972535,0.5374653538819872
core,all,6,ae_relu_1,M1,0.5,btc_vol,1729,estimated,-290.7515892666941,-0.5690254538938955
core,all,6,ae_relu_1,M1,0.5,btc_ret,1729,estimated,51.078127271643154,0.22587140293674152
core,all,6,ae_relu_1,M1,0.9,e_origin,1729,estimated,1.097173812566427,51.20461091578386
core,all,6,ae_relu_1,M1,0.9,downside,1729,estimated,32716.560983655545,0.563538533755074
core,all,6,ae_relu_1,M1,0.9,btc_vol,1729,estimated,955.9029510978362,1.8707829319138602
core,all,6,ae_relu_1,M1,0.9,btc_ret,1729,estimated,84.73714149182038,0.3747141497145756
core,all,6,ae_relu_1,M2,0.1,e_origin,1729,estimated,0.6629462284923302,30.939403856743894
core,all,6,ae_relu_1,M2,0.1,downside,1729,estimated,33162.30624004832,0.5712164381760598
core,all,6,ae_relu_1,M2,0.1,btc_vol,1729,estimated,-930.8269028079742,-1.8217069843120202
core,all,6,ae_relu_1,M2,0.1,btc_ret,1729,estimated,66.17231941577911,0.2926190802284555
core,all,6,ae_relu_1,M2,0.1,account_ls,1729,estimated,0.3837084905160399,0.2326151366603921
core,all,6,ae_relu_1,M2,0.5,e_origin,1729,estimated,0.8853196185560963,41.31747047282948
core,all,6,ae_relu_1,M2,0.5,downside,1729,estimated,18487.986645236688,0.31845318006819284
core,all,6,ae_relu_1,M2,0.5,btc_vol,1729,estimated,-282.95063470065224,-0.5537583259516439
core,all,6,ae_relu_1,M2,0.5,btc_ret,1729,estimated,54.81302550633198,0.24238740986880197
core,all,6,ae_relu_1,M2,0.5,account_ls,1729,estimated,0.5184616983194136,0.31430641173864754
core,all,6,ae_relu_1,M2,0.9,e_origin,1729,estimated,1.0974424727511092,51.21714916639434
core,all,6,ae_relu_1,M2,0.9,downside,1729,estimated,41224.360424632025,0.7100842793438397
core,all,6,ae_relu_1,M2,0.9,btc_vol,1729,estimated,997.4787332814356,1.9521502544027363
core,all,6,ae_relu_1,M2,0.9,btc_ret,1729,estimated,80.54875228818393,0.35619277087781326
core,all,6,ae_relu_1,M2,0.9,account_ls,1729,estimated,-0.5600177621709983,-0.3394988943415319
core,all,6,ae_relu_2,M0,0.1,e_origin,1729,estimated,0.6569175578650361,33.59009183695934
core,all,6,ae_relu_2,M0,0.1,downside,1729,estimated,-49028.65882653728,-0.8445123104744315
core,all,6,ae_relu_2,M0,0.5,e_origin,1729,estimated,0.8997521465751606,46.00692563642851
core,all,6,ae_relu_2,M0,0.5,downside,1729,estimated,21369.249234405706,0.36808255571298704
core,all,6,ae_relu_2,M0,0.9,e_origin,1729,estimated,1.1559880394239126,59.10900681795047
core,all,6,ae_relu_2,M0,0.9,downside,1729,estimated,87571.48842790503,1.508407568022358
core,all,6,ae_relu_2,M1,0.1,e_origin,1729,estimated,0.6505499785374351,33.26449911709298
core,all,6,ae_relu_2,M1,0.1,downside,1729,estimated,-23307.430546225765,-0.40146747826521434
core,all,6,ae_relu_2,M1,0.1,btc_vol,1729,estimated,-392.8372542023148,-0.7688157352559306
core,all,6,ae_relu_2,M1,0.1,btc_ret,1729,estimated,-48.39493101353728,-0.2140061029434614
core,all,6,ae_relu_2,M1,0.5,e_origin,1729,estimated,0.8996591818200725,46.002172080029204
core,all,6,ae_relu_2,M1,0.5,downside,1729,estimated,23534.842542874012,0.4053846205104977
core,all,6,ae_relu_2,M1,0.5,btc_vol,1729,estimated,-34.0651558935705,-0.06666839154067425
core,all,6,ae_relu_2,M1,0.5,btc_ret,1729,estimated,56.51274337075144,0.24990369284823302
core,all,6,ae_relu_2,M1,0.9,e_origin,1729,estimated,1.1547313050169945,59.04474635841847
core,all,6,ae_relu_2,M1,0.9,downside,1729,estimated,65718.7880675839,1.1319976291600016
core,all,6,ae_relu_2,M1,0.9,btc_vol,1729,estimated,378.51858706833514,0.7407928925068413
core,all,6,ae_relu_2,M1,0.9,btc_ret,1729,estimated,114.82815642036365,0.5077789295087596
core,all,6,ae_relu_2,M2,0.1,e_origin,1729,estimated,0.6421430334836412,32.83462773818972
core,all,6,ae_relu_2,M2,0.1,downside,1729,estimated,-25705.32584035605,-0.4427709147366532
core,all,6,ae_relu_2,M2,0.1,btc_vol,1729,estimated,-398.86282980437704,-0.7806082963923392
core,all,6,ae_relu_2,M2,0.1,btc_ret,1729,estimated,-38.84380399488097,-0.17177028548958634
core,all,6,ae_relu_2,M2,0.1,account_ls,1729,estimated,0.16994668982034927,0.10302657734879932
core,all,6,ae_relu_2,M2,0.5,e_origin,1729,estimated,0.8991245433061276,45.97483446883587
core,all,6,ae_relu_2,M2,0.5,downside,1729,estimated,11954.090592127668,0.2059076651738671
core,all,6,ae_relu_2,M2,0.5,btc_vol,1729,estimated,-35.5841749556349,-0.06964124033384743
core,all,6,ae_relu_2,M2,0.5,btc_ret,1729,estimated,62.52315790268235,0.27648220766610687
core,all,6,ae_relu_2,M2,0.5,account_ls,1729,estimated,0.45141313141523765,0.27365963967394036
core,all,6,ae_relu_2,M2,0.9,e_origin,1729,estimated,1.154447703312645,59.030244984265565
core,all,6,ae_relu_2,M2,0.9,downside,1729,estimated,61847.67733198108,1.0653182471480909
core,all,6,ae_relu_2,M2,0.9,btc_vol,1729,estimated,375.3489421968552,0.7345896293837567
core,all,6,ae_relu_2,M2,0.9,btc_ret,1729,estimated,138.81148699650137,0.6138350598660544
core,all,6,ae_relu_2,M2,0.9,account_ls,1729,estimated,0.22831870528025755,0.13841337406806942
core,all,6,ae_tanh_1,M0,0.1,e_origin,1729,estimated,0.6681985513424266,37.57859558976909
core,all,6,ae_tanh_1,M0,0.1,downside,1729,estimated,-13452.210243940579,-0.23171258251814658
core,all,6,ae_tanh_1,M0,0.5,e_origin,1729,estimated,0.8903267519600867,50.070789419468795
core,all,6,ae_tanh_1,M0,0.5,downside,1729,estimated,25652.67863355301,0.4418640734050442
core,all,6,ae_tanh_1,M0,0.9,e_origin,1729,estimated,1.1240241025574762,63.21361681838563
core,all,6,ae_tanh_1,M0,0.9,downside,1729,estimated,90473.8461273685,1.5584003042150618
core,all,6,ae_tanh_1,M1,0.1,e_origin,1729,estimated,0.6638888723173526,37.336224987678435
core,all,6,ae_tanh_1,M1,0.1,downside,1729,estimated,-8501.518267939186,-0.14643755319514992
core,all,6,ae_tanh_1,M1,0.1,btc_vol,1729,estimated,-142.1644195726518,-0.27822779431375244
core,all,6,ae_tanh_1,M1,0.1,btc_ret,1729,estimated,78.84128513885732,0.34864221996517414
core,all,6,ae_tanh_1,M1,0.5,e_origin,1729,estimated,0.8905982885294548,50.086060274078726
core,all,6,ae_tanh_1,M1,0.5,downside,1729,estimated,53173.56122644549,0.9159077185116357
core,all,6,ae_tanh_1,M1,0.5,btc_vol,1729,estimated,-217.75954739833168,-0.4261738538062018
core,all,6,ae_tanh_1,M1,0.5,btc_ret,1729,estimated,-23.113903226832107,-0.10221145582381286
core,all,6,ae_tanh_1,M1,0.9,e_origin,1729,estimated,1.125601310989487,63.3023169176424
core,all,6,ae_tanh_1,M1,0.9,downside,1729,estimated,28073.273471775934,0.4835585065891652
core,all,6,ae_tanh_1,M1,0.9,btc_vol,1729,estimated,610.4556291631958,1.19471330266074
core,all,6,ae_tanh_1,M1,0.9,btc_ret,1729,estimated,7.453039391987602,0.0329579127805185
core,all,6,ae_tanh_1,M2,0.1,e_origin,1729,estimated,0.656119312051583,36.89927527781881
core,all,6,ae_tanh_1,M2,0.1,downside,1729,estimated,-76017.56215430037,-1.3093926815068044
core,all,6,ae_tanh_1,M2,0.1,btc_vol,1729,estimated,41.741233472170585,0.08169112465557803
core,all,6,ae_tanh_1,M2,0.1,btc_ret,1729,estimated,76.9702703746063,0.34036844893458756
core,all,6,ae_tanh_1,M2,0.1,account_ls,1729,estimated,3.1935454487564887,1.9360192160319432
core,all,6,ae_tanh_1,M2,0.5,e_origin,1729,estimated,0.8897965741259991,50.04097292498851
core,all,6,ae_tanh_1,M2,0.5,downside,1729,estimated,31285.14980375495,0.5388826612162461
core,all,6,ae_tanh_1,M2,0.5,btc_vol,1729,estimated,-176.0537747669697,-0.3445521290155995
core,all,6,ae_tanh_1,M2,0.5,btc_ret,1729,estimated,-24.08279604841611,-0.10649597431727008
core,all,6,ae_tanh_1,M2,0.5,account_ls,1729,estimated,0.7505680535758594,0.4550159682957931
core,all,6,ae_tanh_1,M2,0.9,e_origin,1729,estimated,1.1276953673077448,63.42008385288631
core,all,6,ae_tanh_1,M2,0.9,downside,1729,estimated,71903.7507293658,1.2385328114944685
core,all,6,ae_tanh_1,M2,0.9,btc_vol,1729,estimated,674.8703194454811,1.3207783001651603
core,all,6,ae_tanh_1,M2,0.9,btc_ret,1729,estimated,51.27770666409803,0.22675395834311546
core,all,6,ae_tanh_1,M2,0.9,account_ls,1729,estimated,-2.275534866595488,-1.3794947650408316
core,all,6,ae_tanh_2,M0,0.1,e_origin,1729,estimated,0.6654405335833515,37.35599426706819
core,all,6,ae_tanh_2,M0,0.1,downside,1729,estimated,-39807.97437243877,-0.6856872126875099
core,all,6,ae_tanh_2,M0,0.5,e_origin,1729,estimated,0.8928629656326565,50.122861686593076
core,all,6,ae_tanh_2,M0,0.5,downside,1729,estimated,35304.453957594305,0.6081146557006868
core,all,6,ae_tanh_2,M0,0.9,e_origin,1729,estimated,1.1239952019577282,63.09798727535093
core,all,6,ae_tanh_2,M0,0.9,downside,1729,estimated,79438.91745004113,1.3683250842058574
core,all,6,ae_tanh_2,M1,0.1,e_origin,1729,estimated,0.6644356031731924,37.299580248465276
core,all,6,ae_tanh_2,M1,0.1,downside,1729,estimated,-52978.93097272942,-0.9125552375507447
core,all,6,ae_tanh_2,M1,0.1,btc_vol,1729,estimated,173.75384065740556,0.3400509634194921
core,all,6,ae_tanh_2,M1,0.1,btc_ret,1729,estimated,11.517973303441659,0.05093336283064184
core,all,6,ae_tanh_2,M1,0.5,e_origin,1729,estimated,0.8914612862412373,50.044175275610314
core,all,6,ae_tanh_2,M1,0.5,downside,1729,estimated,14742.52465766086,0.2539380814987463
core,all,6,ae_tanh_2,M1,0.5,btc_vol,1729,estimated,173.30905852923524,0.33918048717203864
core,all,6,ae_tanh_2,M1,0.5,btc_ret,1729,estimated,-31.921194760640827,-0.1411579756175928
core,all,6,ae_tanh_2,M1,0.9,e_origin,1729,estimated,1.128209054268253,63.33454130957331
core,all,6,ae_tanh_2,M1,0.9,downside,1729,estimated,-4770.420422755818,-0.08216987512159656
core,all,6,ae_tanh_2,M1,0.9,btc_vol,1729,estimated,945.4785001886304,1.8503813997153054
core,all,6,ae_tanh_2,M1,0.9,btc_ret,1729,estimated,51.08190276047976,0.22588809843843366
core,all,6,ae_tanh_2,M2,0.1,e_origin,1729,estimated,0.6571708569044414,36.89175745097833
core,all,6,ae_tanh_2,M2,0.1,downside,1729,estimated,-48920.735628544804,-0.8426533473399743
core,all,6,ae_tanh_2,M2,0.1,btc_vol,1729,estimated,-35.097572051483496,-0.06868891729032019
core,all,6,ae_tanh_2,M2,0.1,btc_ret,1729,estimated,51.096909846151966,0.22595446092421445
core,all,6,ae_tanh_2,M2,0.1,account_ls,1729,estimated,2.467277956460405,1.4957349477707702
core,all,6,ae_tanh_2,M2,0.5,e_origin,1729,estimated,0.8910812580967123,50.022841544838386
core,all,6,ae_tanh_2,M2,0.5,downside,1729,estimated,3674.16661868095,0.06328704505640714
core,all,6,ae_tanh_2,M2,0.5,btc_vol,1729,estimated,154.85365525444942,0.30306170188279563
core,all,6,ae_tanh_2,M2,0.5,btc_ret,1729,estimated,-23.05864075157942,-0.10196708091263613
core,all,6,ae_tanh_2,M2,0.5,account_ls,1729,estimated,0.5536732127717608,0.3356526457907964
core,all,6,ae_tanh_2,M2,0.9,e_origin,1729,estimated,1.1265809266220703,63.24314271879415
core,all,6,ae_tanh_2,M2,0.9,downside,1729,estimated,50773.42288076558,0.8745656457672082
core,all,6,ae_tanh_2,M2,0.9,btc_vol,1729,estimated,851.0820239136293,1.6656395109647084
core,all,6,ae_tanh_2,M2,0.9,btc_ret,1729,estimated,13.267092866988909,0.058668103918963835
core,all,6,ae_tanh_2,M2,0.9,account_ls,1729,estimated,-2.77533504483638,-1.682488025909354
core,all,6,conditional_neural,M0,0.1,e_origin,1729,estimated,0.2693295391116953,2.5939809833613823
core,all,6,conditional_neural,M0,0.1,downside,1729,estimated,-11897.631779158539,-0.20493516941876405
core,all,6,conditional_neural,M0,0.5,e_origin,1729,estimated,0.18336678456552685,1.7660519292161279
core,all,6,conditional_neural,M0,0.5,downside,1729,estimated,-38801.777282002724,-0.668355597873342
core,all,6,conditional_neural,M0,0.9,e_origin,1729,estimated,0.1511840203046849,1.4560915781905197
core,all,6,conditional_neural,M0,0.9,downside,1729,estimated,29539.399978898353,0.5088123461518251
core,all,6,conditional_neural,M1,0.1,e_origin,1729,estimated,0.26261497746734785,2.529311340089087
core,all,6,conditional_neural,M1,0.1,downside,1729,estimated,111898.05779953023,1.9274295808135389
core,all,6,conditional_neural,M1,0.1,btc_vol,1729,estimated,-1647.7922098417878,-3.2248687358609582
core,all,6,conditional_neural,M1,0.1,btc_ret,1729,estimated,72.81111092427521,0.3219763263125542
core,all,6,conditional_neural,M1,0.5,e_origin,1729,estimated,0.2021044089610549,1.9465187339924535
core,all,6,conditional_neural,M1,0.5,downside,1729,estimated,12126.190689226269,0.2088720670994394
core,all,6,conditional_neural,M1,0.5,btc_vol,1729,estimated,-460.2646144840504,-0.9007767827808973
core,all,6,conditional_neural,M1,0.5,btc_ret,1729,estimated,4.425210550724099,0.01956862102768257
core,all,6,conditional_neural,M1,0.9,e_origin,1729,estimated,0.1413989901437821,1.3618494752161667
core,all,6,conditional_neural,M1,0.9,downside,1729,estimated,-28887.752081699608,-0.49758779535947817
core,all,6,conditional_neural,M1,0.9,btc_vol,1729,estimated,722.3007959898039,1.4136037547468756
core,all,6,conditional_neural,M1,0.9,btc_ret,1729,estimated,-5.424202350409888,-0.023986239514697836
core,all,6,conditional_neural,M2,0.1,e_origin,1729,estimated,0.2692577587910882,2.593289648919388
core,all,6,conditional_neural,M2,0.1,downside,1729,estimated,107959.80732979407,1.8595937255601678
core,all,6,conditional_neural,M2,0.1,btc_vol,1729,estimated,-1748.5934370989864,-3.4221452640400587
core,all,6,conditional_neural,M2,0.1,btc_ret,1729,estimated,62.58881460595305,0.2767725466521289
core,all,6,conditional_neural,M2,0.1,account_ls,1729,estimated,1.8679552775133803,1.1324082810101694
core,all,6,conditional_neural,M2,0.5,e_origin,1729,estimated,0.20007441671696574,1.9269673647111414
core,all,6,conditional_neural,M2,0.5,downside,1729,estimated,-1403.0458216717363,-0.024167282910055075
core,all,6,conditional_neural,M2,0.5,btc_vol,1729,estimated,-506.92171459160073,-0.9920886742585374
core,all,6,conditional_neural,M2,0.5,btc_ret,1729,estimated,-12.507720962925934,-0.05531010301949328
core,all,6,conditional_neural,M2,0.5,account_ls,1729,estimated,0.7199751072956541,0.43646964327118043
core,all,6,conditional_neural,M2,0.9,e_origin,1729,estimated,0.13017968409543193,1.2537934980221377
core,all,6,conditional_neural,M2,0.9,downside,1729,estimated,-41574.87164612271,-0.7161217898243037
core,all,6,conditional_neural,M2,0.9,btc_vol,1729,estimated,585.3134153955639,1.145507863622189
core,all,6,conditional_neural,M2,0.9,btc_ret,1729,estimated,29.821128494037943,0.1318713212464358
core,all,6,conditional_neural,M2,0.9,account_ls,1729,estimated,2.070951139585216,1.2554702182996709
core,all,6,pca_selected,M0,0.1,e_origin,1729,estimated,0.43699802717834874,3.277430915679965
core,all,6,pca_selected,M0,0.1,downside,1729,estimated,-16151.208908803406,-0.27820248562757033
core,all,6,pca_selected,M0,0.5,e_origin,1729,estimated,0.3226389787353071,2.4197522591536704
core,all,6,pca_selected,M0,0.5,downside,1729,estimated,-13267.458273924902,-0.22853025371705377
core,all,6,pca_selected,M0,0.9,e_origin,1729,estimated,0.36390818282187554,2.72926616293984
core,all,6,pca_selected,M0,0.9,downside,1729,estimated,-17338.221295371965,-0.29864862054407754
core,all,6,pca_selected,M1,0.1,e_origin,1729,estimated,0.4017598474019322,3.013148944987265
core,all,6,pca_selected,M1,0.1,downside,1729,estimated,46104.08745755938,0.7941369466958476
core,all,6,pca_selected,M1,0.1,btc_vol,1729,estimated,-634.3343948450586,-1.2414460669246166
core,all,6,pca_selected,M1,0.1,btc_ret,1729,estimated,16.33441883819662,0.07223205501482986
core,all,6,pca_selected,M1,0.5,e_origin,1729,estimated,0.32904562497222084,2.467801310034434
core,all,6,pca_selected,M1,0.5,downside,1729,estimated,16630.97346151689,0.2864663680300907
core,all,6,pca_selected,M1,0.5,btc_vol,1729,estimated,-342.81488571062795,-0.6709177288938021
core,all,6,pca_selected,M1,0.5,btc_ret,1729,estimated,36.15052421955108,0.15986039540846267
core,all,6,pca_selected,M1,0.9,e_origin,1729,estimated,0.3630350475481928,2.7227177568566
core,all,6,pca_selected,M1,0.9,downside,1729,estimated,12456.902232172375,0.2145685306764282
core,all,6,pca_selected,M1,0.9,btc_vol,1729,estimated,-365.7576948879685,-0.7158187471089164
core,all,6,pca_selected,M1,0.9,btc_ret,1729,estimated,-6.288551578672455,-0.027808458206794284
core,all,6,pca_selected,M2,0.1,e_origin,1729,estimated,0.403243662097736,3.0242773708718578
core,all,6,pca_selected,M2,0.1,downside,1729,estimated,5117.163636100632,0.08814248214882897
core,all,6,pca_selected,M2,0.1,btc_vol,1729,estimated,-497.0535083207098,-0.9727757598680278
core,all,6,pca_selected,M2,0.1,btc_ret,1729,estimated,20.800082649556906,0.09197956346891842
core,all,6,pca_selected,M2,0.1,account_ls,1729,estimated,0.9968542121602791,0.6043217299682285
core,all,6,pca_selected,M2,0.5,e_origin,1729,estimated,0.3253412686653555,2.4400190979242184
core,all,6,pca_selected,M2,0.5,downside,1729,estimated,11512.557129313964,0.19830230835283263
core,all,6,pca_selected,M2,0.5,btc_vol,1729,estimated,-349.9254072031884,-0.6848336209098392
core,all,6,pca_selected,M2,0.5,btc_ret,1729,estimated,27.958218849936692,0.1236333916798376
core,all,6,pca_selected,M2,0.5,account_ls,1729,estimated,0.9351341060712858,0.5669052242941511
core,all,6,pca_selected,M2,0.9,e_origin,1729,estimated,0.3480785725233536,2.610546052209527
core,all,6,pca_selected,M2,0.9,downside,1729,estimated,5326.6274243872585,0.09175046882520364
core,all,6,pca_selected,M2,0.9,btc_vol,1729,estimated,-365.51481240424573,-0.7153434055436585
core,all,6,pca_selected,M2,0.9,btc_ret,1729,estimated,11.279187289944998,0.04987743273392302
core,all,6,pca_selected,M2,0.9,account_ls,1729,estimated,0.7362915585009416,0.4463611458590595
core,all,6,ae_selected,M0,0.1,e_origin,1729,estimated,0.6633370341458369,30.895764448399213
core,all,6,ae_selected,M0,0.1,downside,1729,estimated,-25250.384216841172,-0.43493460408078055
core,all,6,ae_selected,M0,0.5,e_origin,1729,estimated,0.8861803756270465,41.274975969678415
core,all,6,ae_selected,M0,0.5,downside,1729,estimated,11355.440543027851,0.19559599546412432
core,all,6,ae_selected,M0,0.9,e_origin,1729,estimated,1.1209683699737667,52.21052486148587
core,all,6,ae_selected,M0,0.9,downside,1729,estimated,107870.16760148773,1.8580496928275956
core,all,6,ae_selected,M1,0.1,e_origin,1729,estimated,0.6616711838193668,30.818175354705417
core,all,6,ae_selected,M1,0.1,downside,1729,estimated,-606.4883318856057,-0.010446683117492707
core,all,6,ae_selected,M1,0.1,btc_vol,1729,estimated,-213.26989045870675,-0.41738721541037654
core,all,6,ae_selected,M1,0.1,btc_ret,1729,estimated,37.75648279959712,0.16696206762921925
core,all,6,ae_selected,M1,0.5,e_origin,1729,estimated,0.8862401969610978,41.27776222425293
core,all,6,ae_selected,M1,0.5,downside,1729,estimated,40135.97922028995,0.6913370537913762
core,all,6,ae_selected,M1,0.5,btc_vol,1729,estimated,-247.4290576622062,-0.48423959503668224
core,all,6,ae_selected,M1,0.5,btc_ret,1729,estimated,6.516492063057395,0.02881642854055963
core,all,6,ae_selected,M1,0.9,e_origin,1729,estimated,1.1232092370991344,52.31489609255195
core,all,6,ae_selected,M1,0.9,downside,1729,estimated,77303.89247944065,1.331549555076627
core,all,6,ae_selected,M1,0.9,btc_vol,1729,estimated,417.7562750801168,0.8175843669299485
core,all,6,ae_selected,M1,0.9,btc_ret,1729,estimated,132.30055626895268,0.5850432239783707
core,all,6,ae_selected,M2,0.1,e_origin,1729,estimated,0.6613405716751835,30.802776674389573
core,all,6,ae_selected,M2,0.1,downside,1729,estimated,-12193.133625154367,-0.2100251505172542
core,all,6,ae_selected,M2,0.1,btc_vol,1729,estimated,-191.40199262599128,-0.37458988961982875
core,all,6,ae_selected,M2,0.1,btc_ret,1729,estimated,36.900932543527404,0.1631787586681517
core,all,6,ae_selected,M2,0.1,account_ls,1729,estimated,0.062122975116190256,0.03766073647984253
core,all,6,ae_selected,M2,0.5,e_origin,1729,estimated,0.8857966114957788,41.25710166808954
core,all,6,ae_selected,M2,0.5,downside,1729,estimated,20483.631686547986,0.3528279079327135
core,all,6,ae_selected,M2,0.5,btc_vol,1729,estimated,-192.1333629409332,-0.37602124319032504
core,all,6,ae_selected,M2,0.5,btc_ret,1729,estimated,15.379659385684672,0.06801003536522317
core,all,6,ae_selected,M2,0.5,account_ls,1729,estimated,0.39246381043910544,0.23792286372598387
core,all,6,ae_selected,M2,0.9,e_origin,1729,estimated,1.1224206082907757,52.27816470466608
core,all,6,ae_selected,M2,0.9,downside,1729,estimated,21823.09513834513,0.37589999274081337
core,all,6,ae_selected,M2,0.9,btc_vol,1729,estimated,553.7147284267113,1.083666560397498
core,all,6,ae_selected,M2,0.9,btc_ret,1729,estimated,109.04957512810394,0.48222559908759277
core,all,6,ae_selected,M2,0.9,account_ls,1729,estimated,1.0473221514355973,0.6349168480895612
core,all,6,ae_reconstruction_selected,M0,0.1,e_origin,1729,estimated,0.66028437702154,30.790340816300237
core,all,6,ae_reconstruction_selected,M0,0.1,downside,1729,estimated,-32523.42526825913,-0.5602117960235439
core,all,6,ae_reconstruction_selected,M0,0.5,e_origin,1729,estimated,0.8866778099452429,41.34750557875776
core,all,6,ae_reconstruction_selected,M0,0.5,downside,1729,estimated,12230.923761510057,0.21067608073094413
core,all,6,ae_reconstruction_selected,M0,0.9,e_origin,1729,estimated,1.1471258321944797,53.49270187457098
core,all,6,ae_reconstruction_selected,M0,0.9,downside,1729,estimated,96722.05500934241,1.6660248945166547
core,all,6,ae_reconstruction_selected,M1,0.1,e_origin,1729,estimated,0.660086365906644,30.781107174061777
core,all,6,ae_reconstruction_selected,M1,0.1,downside,1729,estimated,-24535.36004765707,-0.4226184051959787
core,all,6,ae_reconstruction_selected,M1,0.1,btc_vol,1729,estimated,-81.87017537145036,-0.16022685832468764
core,all,6,ae_reconstruction_selected,M1,0.1,btc_ret,1729,estimated,20.38583155437792,0.09014771330067418
core,all,6,ae_reconstruction_selected,M1,0.5,e_origin,1729,estimated,0.8868689541354252,41.3564190029816
core,all,6,ae_reconstruction_selected,M1,0.5,downside,1729,estimated,32920.541928196755,0.5670520791566874
core,all,6,ae_reconstruction_selected,M1,0.5,btc_vol,1729,estimated,-237.30294336303734,-0.46442193281926003
core,all,6,ae_reconstruction_selected,M1,0.5,btc_ret,1729,estimated,19.284636467137293,0.085278144024195
core,all,6,ae_reconstruction_selected,M1,0.9,e_origin,1729,estimated,1.14757865349072,53.51381780965188
core,all,6,ae_reconstruction_selected,M1,0.9,downside,1729,estimated,56682.962559528016,0.9763567028224083
core,all,6,ae_reconstruction_selected,M1,0.9,btc_vol,1729,estimated,470.062050061705,0.9199511929384887
core,all,6,ae_reconstruction_selected,M1,0.9,btc_ret,1729,estimated,140.6688075413406,0.6220482740063263
core,all,6,ae_reconstruction_selected,M2,0.1,e_origin,1729,estimated,0.6601470549593446,30.783937222267518
core,all,6,ae_reconstruction_selected,M2,0.1,downside,1729,estimated,-25237.183072975407,-0.43470721608417173
core,all,6,ae_reconstruction_selected,M2,0.1,btc_vol,1729,estimated,-71.19299327644636,-0.13933070981784473
core,all,6,ae_reconstruction_selected,M2,0.1,btc_ret,1729,estimated,18.71008849262709,0.08273744874053825
core,all,6,ae_reconstruction_selected,M2,0.1,account_ls,1729,estimated,-0.030866309038565732,-0.018712045400798148
core,all,6,ae_reconstruction_selected,M2,0.5,e_origin,1729,estimated,0.8879459486185637,41.40664134406242
core,all,6,ae_reconstruction_selected,M2,0.5,downside,1729,estimated,32317.81773823242,0.5566702328972074
core,all,6,ae_reconstruction_selected,M2,0.5,btc_vol,1729,estimated,-231.9634939280151,-0.4539721786288534
core,all,6,ae_reconstruction_selected,M2,0.5,btc_ret,1729,estimated,19.110162776063788,0.08450660795810663
core,all,6,ae_reconstruction_selected,M2,0.5,account_ls,1729,estimated,0.06019359314781987,0.036491089569921434
core,all,6,ae_reconstruction_selected,M2,0.9,e_origin,1729,estimated,1.1474682121939885,53.50866771783554
core,all,6,ae_reconstruction_selected,M2,0.9,downside,1729,estimated,57902.16083731317,0.9973572355545313
core,all,6,ae_reconstruction_selected,M2,0.9,btc_vol,1729,estimated,403.7572537263184,0.7901870980104354
core,all,6,ae_reconstruction_selected,M2,0.9,btc_ret,1729,estimated,138.16617869844217,0.6109814569954128
core,all,6,ae_reconstruction_selected,M2,0.9,account_ls,1729,estimated,0.19374416628137117,0.11745329287888392
core,matched,6,sequential_ols,M0,0.1,e_origin,727,estimated,0.45373223523741124,4.221756931894075
core,matched,6,sequential_ols,M0,0.1,downside,727,estimated,-154628.86975696203,-2.5055336199162572
core,matched,6,sequential_ols,M0,0.5,e_origin,727,estimated,0.3237669382292584,3.0124932936984132
core,matched,6,sequential_ols,M0,0.5,downside,727,estimated,-55649.89452238273,-0.9017247677602305
core,matched,6,sequential_ols,M0,0.9,e_origin,727,estimated,0.2725794815431124,2.5362189995044124
core,matched,6,sequential_ols,M0,0.9,downside,727,estimated,-26071.036963009,-0.4224428447260084
core,matched,6,sequential_ols,M1,0.1,e_origin,727,estimated,0.4571367422917598,4.253434207917582
core,matched,6,sequential_ols,M1,0.1,downside,727,estimated,-150178.0490853355,-2.4334146110500203
core,matched,6,sequential_ols,M1,0.1,btc_vol,727,estimated,-94.27854614273741,-0.1812611070154202
core,matched,6,sequential_ols,M1,0.1,btc_ret,727,estimated,-93.09186327369673,-0.45153567450838816
core,matched,6,sequential_ols,M1,0.5,e_origin,727,estimated,0.3258962372247,3.032305381304173
core,matched,6,sequential_ols,M1,0.5,downside,727,estimated,-54280.30958815731,-0.8795326563943121
core,matched,6,sequential_ols,M1,0.5,btc_vol,727,estimated,27.16005743947686,0.05221826470073557
core,matched,6,sequential_ols,M1,0.5,btc_ret,727,estimated,-12.674385979517726,-0.06147623670841511
core,matched,6,sequential_ols,M1,0.9,e_origin,727,estimated,0.28594523819243206,2.6605808398192177
core,matched,6,sequential_ols,M1,0.9,downside,727,estimated,-43307.747785951826,-0.7017384156729932
core,matched,6,sequential_ols,M1,0.9,btc_vol,727,estimated,77.64359028786548,0.14927853370715533
core,matched,6,sequential_ols,M1,0.9,btc_ret,727,estimated,20.356655606525898,0.09873855669859366
core,matched,6,sequential_ols,M2,0.1,e_origin,727,estimated,0.4495385343763441,4.182736592792013
core,matched,6,sequential_ols,M2,0.1,downside,727,estimated,-168073.85297516108,-2.723389816662408
core,matched,6,sequential_ols,M2,0.1,btc_vol,727,estimated,-45.45242921817596,-0.08738740650659962
core,matched,6,sequential_ols,M2,0.1,btc_ret,727,estimated,-78.793152558142,-0.3821807624838419
core,matched,6,sequential_ols,M2,0.1,account_ls,727,estimated,0.6979034532274355,0.43492485705294104
core,matched,6,sequential_ols,M2,0.5,e_origin,727,estimated,0.3160313110118018,2.9405170590569454
core,matched,6,sequential_ols,M2,0.5,downside,727,estimated,-61597.58081593913,-0.9980982845080609
core,matched,6,sequential_ols,M2,0.5,btc_vol,727,estimated,71.9205238582937,0.13827529491116886
core,matched,6,sequential_ols,M2,0.5,btc_ret,727,estimated,-11.709317022120517,-0.056795236164422544
core,matched,6,sequential_ols,M2,0.5,account_ls,727,estimated,0.6612832411459507,0.4121035908288896
core,matched,6,sequential_ols,M2,0.9,e_origin,727,estimated,0.27156245909729754,2.5267561021674747
core,matched,6,sequential_ols,M2,0.9,downside,727,estimated,-67430.59494031228,-1.0926137072556639
core,matched,6,sequential_ols,M2,0.9,btc_vol,727,estimated,219.37472844014954,0.42177258512308796
core,matched,6,sequential_ols,M2,0.9,btc_ret,727,estimated,-5.495199848272468,-0.026654088582940532
core,matched,6,sequential_ols,M2,0.9,account_ls,727,estimated,1.027920748342867,0.640587580513205
core,matched,6,pca_1,M0,0.1,e_origin,727,estimated,0.4595603352157648,4.254791140700636
core,matched,6,pca_1,M0,0.1,downside,727,estimated,-150323.92998368296,-2.435778396647675
core,matched,6,pca_1,M0,0.5,e_origin,727,estimated,0.32909138889164563,3.046858091614101
core,matched,6,pca_1,M0,0.5,downside,727,estimated,-54764.62593856123,-0.8873802911892855
core,matched,6,pca_1,M0,0.9,e_origin,727,estimated,0.28400952340077645,2.6294723705275524
core,matched,6,pca_1,M0,0.9,downside,727,estimated,-25841.505248920115,-0.41872362057730567
core,matched,6,pca_1,M1,0.1,e_origin,727,estimated,0.4598585942932596,4.257552541072499
core,matched,6,pca_1,M1,0.1,downside,727,estimated,-147898.9863090706,-2.396485747657263
core,matched,6,pca_1,M1,0.1,btc_vol,727,estimated,-71.05936556742063,-0.13661962125575594
core,matched,6,pca_1,M1,0.1,btc_ret,727,estimated,-51.65617351363112,-0.25055471369633836
core,matched,6,pca_1,M1,0.5,e_origin,727,estimated,0.32474216570867476,3.0065912651501803
core,matched,6,pca_1,M1,0.5,downside,727,estimated,-51935.58766522912,-0.8415398830106291
core,matched,6,pca_1,M1,0.5,btc_vol,727,estimated,2.6149451367046934,0.005027526087918942
core,matched,6,pca_1,M1,0.5,btc_ret,727,estimated,-12.357241478302116,-0.05993794913700843
core,matched,6,pca_1,M1,0.9,e_origin,727,estimated,0.29092286746638985,2.6934788411233597
core,matched,6,pca_1,M1,0.9,downside,727,estimated,-43989.58271748521,-0.7127865488377464
core,matched,6,pca_1,M1,0.9,btc_vol,727,estimated,91.51265512696621,0.17594337050043776
core,matched,6,pca_1,M1,0.9,btc_ret,727,estimated,22.85746205740208,0.11086854623689914
core,matched,6,pca_1,M2,0.1,e_origin,727,estimated,0.4705326688161342,4.356377339983359
core,matched,6,pca_1,M2,0.1,downside,727,estimated,-149849.3212819589,-2.428088060034962
core,matched,6,pca_1,M2,0.1,btc_vol,727,estimated,-24.864812930600202,-0.04780539902162161
core,matched,6,pca_1,M2,0.1,btc_ret,727,estimated,-45.9054296432965,-0.2226611264256428
core,matched,6,pca_1,M2,0.1,account_ls,727,estimated,0.7877815430023186,0.49093577828676044
core,matched,6,pca_1,M2,0.5,e_origin,727,estimated,0.31305973017139377,2.898430661597456
core,matched,6,pca_1,M2,0.5,downside,727,estimated,-57450.72943521788,-0.9309046513428968
core,matched,6,pca_1,M2,0.5,btc_vol,727,estimated,18.931405966449205,0.03639775689414634
core,matched,6,pca_1,M2,0.5,btc_ret,727,estimated,-10.182988621526883,-0.04939188532744248
core,matched,6,pca_1,M2,0.5,account_ls,727,estimated,0.5987709669186424,0.37314670960608504
core,matched,6,pca_1,M2,0.9,e_origin,727,estimated,0.28357215526524565,2.625423043538948
core,matched,6,pca_1,M2,0.9,downside,727,estimated,-71159.94844256554,-1.153042400779289
core,matched,6,pca_1,M2,0.9,btc_vol,727,estimated,237.94589062547817,0.4574777328369604
core,matched,6,pca_1,M2,0.9,btc_ret,727,estimated,1.1332912301461677,0.0054969510977988835
core,matched,6,pca_1,M2,0.9,account_ls,727,estimated,1.0366587770548148,0.6460330126441016
core,matched,6,pca_2,M0,0.1,e_origin,727,estimated,0.450860501044731,3.3259807192466586
core,matched,6,pca_2,M0,0.1,downside,727,estimated,-27926.520145409275,-0.4525082232158087
core,matched,6,pca_2,M0,0.5,e_origin,727,estimated,0.3627289822990942,2.67583786701922
core,matched,6,pca_2,M0,0.5,downside,727,estimated,-16841.136024901665,-0.2728858626095863
core,matched,6,pca_2,M0,0.9,e_origin,727,estimated,0.36633214541686443,2.7024182639052525
core,matched,6,pca_2,M0,0.9,downside,727,estimated,-19865.658720322088,-0.3218938085997911
core,matched,6,pca_2,M1,0.1,e_origin,727,estimated,0.43833207613729047,3.2335590065702964
core,matched,6,pca_2,M1,0.1,downside,727,estimated,-15060.529695521229,-0.24403375349755232
core,matched,6,pca_2,M1,0.1,btc_vol,727,estimated,-162.492084401803,-0.3124093052444976
core,matched,6,pca_2,M1,0.1,btc_ret,727,estimated,45.25013055075799,0.21948264328706632
core,matched,6,pca_2,M1,0.5,e_origin,727,estimated,0.35702581727637306,2.6337658361797507
core,matched,6,pca_2,M1,0.5,downside,727,estimated,19117.25041513904,0.3097669517391805
core,matched,6,pca_2,M1,0.5,btc_vol,727,estimated,-403.72075085744234,-0.7761985437781792
core,matched,6,pca_2,M1,0.5,btc_ret,727,estimated,15.936447625810036,0.07729864216844978
core,matched,6,pca_2,M1,0.9,e_origin,727,estimated,0.37974341872451833,2.801352715555917
core,matched,6,pca_2,M1,0.9,downside,727,estimated,-19783.117801732562,-0.32055635430118645
core,matched,6,pca_2,M1,0.9,btc_vol,727,estimated,-24.722127416182865,-0.04753107007451212
core,matched,6,pca_2,M1,0.9,btc_ret,727,estimated,46.9269064597469,0.22761572940694264
core,matched,6,pca_2,M2,0.1,e_origin,727,estimated,0.43797824119487316,3.2309487796962437
core,matched,6,pca_2,M2,0.1,downside,727,estimated,-37996.94345651231,-0.6156846353076458
core,matched,6,pca_2,M2,0.1,btc_vol,727,estimated,-129.06193238659438,-0.24813607862095274
core,matched,6,pca_2,M2,0.1,btc_ret,727,estimated,47.5702743050809,0.2307363408522823
core,matched,6,pca_2,M2,0.1,account_ls,727,estimated,0.9250494910550977,0.5764794769297729
core,matched,6,pca_2,M2,0.5,e_origin,727,estimated,0.37190728767591635,2.743545875700246
core,matched,6,pca_2,M2,0.5,downside,727,estimated,25429.006344782247,0.41203968196920165
core,matched,6,pca_2,M2,0.5,btc_vol,727,estimated,-539.9348032270725,-1.0380853773552958
core,matched,6,pca_2,M2,0.5,btc_ret,727,estimated,7.210661026003453,0.03497481493581585
core,matched,6,pca_2,M2,0.5,account_ls,727,estimated,0.8988735013791246,0.5601669217827907
core,matched,6,pca_2,M2,0.9,e_origin,727,estimated,0.3804853675969838,2.8068260440882873
core,matched,6,pca_2,M2,0.9,downside,727,estimated,-20411.44947550495,-0.3307375457925903
core,matched,6,pca_2,M2,0.9,btc_vol,727,estimated,-25.7975615295783,-0.049598713095025754
core,matched,6,pca_2,M2,0.9,btc_ret,727,estimated,48.139138262346414,0.23349557631727888
core,matched,6,pca_2,M2,0.9,account_ls,727,estimated,0.029330813635656067,0.01827860267597353
core,matched,6,conditional_linear,M0,0.1,e_origin,727,estimated,0.46547740931662185,5.384023204951069
core,matched,6,conditional_linear,M0,0.1,downside,727,estimated,-126277.41177170456,-2.046139903417159
core,matched,6,conditional_linear,M0,0.5,e_origin,727,estimated,0.399495603322973,4.620833483035386
core,matched,6,conditional_linear,M0,0.5,downside,727,estimated,-35575.28336690743,-0.5764451919873195
core,matched,6,conditional_linear,M0,0.9,e_origin,727,estimated,0.4974706153997369,5.754078035764793
core,matched,6,conditional_linear,M0,0.9,downside,727,estimated,31954.578890233934,0.517776996272345
core,matched,6,conditional_linear,M1,0.1,e_origin,727,estimated,0.48056968560778335,5.558590572004267
core,matched,6,conditional_linear,M1,0.1,downside,727,estimated,-56115.96202359161,-0.9092767067691918
core,matched,6,conditional_linear,M1,0.1,btc_vol,727,estimated,-939.4062354390495,-1.806114128182148
core,matched,6,conditional_linear,M1,0.1,btc_ret,727,estimated,-204.42290224683478,-0.991539215190116
core,matched,6,conditional_linear,M1,0.5,e_origin,727,estimated,0.40056809990828945,4.633238696235855
core,matched,6,conditional_linear,M1,0.5,downside,727,estimated,-30486.460089243632,-0.49398828838297154
core,matched,6,conditional_linear,M1,0.5,btc_vol,727,estimated,-67.59102087285105,-0.12995133854913754
core,matched,6,conditional_linear,M1,0.5,btc_ret,727,estimated,4.1512080415940105,0.020135148842975376
core,matched,6,conditional_linear,M1,0.9,e_origin,727,estimated,0.491192421036006,5.6814602385033846
core,matched,6,conditional_linear,M1,0.9,downside,727,estimated,-86654.01311867814,-1.4041009515930778
core,matched,6,conditional_linear,M1,0.9,btc_vol,727,estimated,1157.1763670910184,2.224801695535672
core,matched,6,conditional_linear,M1,0.9,btc_ret,727,estimated,-27.575441801464997,-0.13375278220700773
core,matched,6,conditional_linear,M2,0.1,e_origin,727,estimated,0.4525746969858355,5.234781799878908
core,matched,6,conditional_linear,M2,0.1,downside,727,estimated,-77981.52566349546,-1.2635760358938615
core,matched,6,conditional_linear,M2,0.1,btc_vol,727,estimated,-995.8198354099848,-1.914575618094978
core,matched,6,conditional_linear,M2,0.1,btc_ret,727,estimated,-192.49842045910106,-0.9337003371416982
core,matched,6,conditional_linear,M2,0.1,account_ls,727,estimated,0.607752124755078,0.37874365682008415
core,matched,6,conditional_linear,M2,0.5,e_origin,727,estimated,0.398572935168549,4.61016128572901
core,matched,6,conditional_linear,M2,0.5,downside,727,estimated,-16811.51053629095,-0.2724058250988856
core,matched,6,conditional_linear,M2,0.5,btc_vol,727,estimated,-310.1026758274872,-0.5962072667500964
core,matched,6,conditional_linear,M2,0.5,btc_ret,727,estimated,-14.99177394909736,-0.0727165675294378
core,matched,6,conditional_linear,M2,0.5,account_ls,727,estimated,0.5796173368781622,0.3612104027016313
core,matched,6,conditional_linear,M2,0.9,e_origin,727,estimated,0.49547560032806387,5.73100235641897
core,matched,6,conditional_linear,M2,0.9,downside,727,estimated,-80721.81896797066,-1.3079784622556756
core,matched,6,conditional_linear,M2,0.9,btc_vol,727,estimated,1150.6935412401742,2.212337733813849
core,matched,6,conditional_linear,M2,0.9,btc_ret,727,estimated,-26.224246032532616,-0.1271989001440396
core,matched,6,conditional_linear,M2,0.9,account_ls,727,estimated,-0.24356940207919145,-0.15178945868783422
core,matched,6,ae_relu_1,M0,0.1,e_origin,727,estimated,0.631385518085823,31.933537225328074
core,matched,6,ae_relu_1,M0,0.1,downside,727,estimated,-51619.46156237038,-0.8364175240352929
core,matched,6,ae_relu_1,M0,0.5,e_origin,727,estimated,0.7903927872420297,39.97563575823628
core,matched,6,ae_relu_1,M0,0.5,downside,727,estimated,1436.0363034163759,0.02326885815879796
core,matched,6,ae_relu_1,M0,0.9,e_origin,727,estimated,1.0095782169622598,51.06136053133615
core,matched,6,ae_relu_1,M0,0.9,downside,727,estimated,81801.81128793737,1.3254781508402267
core,matched,6,ae_relu_1,M1,0.1,e_origin,727,estimated,0.6305881975886604,31.8932112073132
core,matched,6,ae_relu_1,M1,0.1,downside,727,estimated,-65468.41085974463,-1.0608193974993168
core,matched,6,ae_relu_1,M1,0.1,btc_vol,727,estimated,141.66638397701809,0.27236955423207904
core,matched,6,ae_relu_1,M1,0.1,btc_ret,727,estimated,92.4681970313356,0.44851062433204036
core,matched,6,ae_relu_1,M1,0.5,e_origin,727,estimated,0.7985938900436009,40.39042230956026
core,matched,6,ae_relu_1,M1,0.5,downside,727,estimated,-29206.825542910068,-0.4732536908780921
core,matched,6,ae_relu_1,M1,0.5,btc_vol,727,estimated,196.29677024361982,0.3774026152677477
core,matched,6,ae_relu_1,M1,0.5,btc_ret,727,estimated,67.3379792351693,0.32661823283727454
core,matched,6,ae_relu_1,M1,0.9,e_origin,727,estimated,1.0113410396430589,51.15051867970422
core,matched,6,ae_relu_1,M1,0.9,downside,727,estimated,35840.66208937247,0.5807452642325066
core,matched,6,ae_relu_1,M1,0.9,btc_vol,727,estimated,563.6708965822281,1.0837206860634192
core,matched,6,ae_relu_1,M1,0.9,btc_ret,727,estimated,162.48766977117896,0.7881352568238481
core,matched,6,ae_relu_1,M2,0.1,e_origin,727,estimated,0.6303689744978995,31.88212357776052
core,matched,6,ae_relu_1,M2,0.1,downside,727,estimated,-66518.2935832131,-1.0778312043162068
core,matched,6,ae_relu_1,M2,0.1,btc_vol,727,estimated,153.2541471132122,0.2946483319586576
core,matched,6,ae_relu_1,M2,0.1,btc_ret,727,estimated,78.00690416407853,0.3783671187725672
core,matched,6,ae_relu_1,M2,0.1,account_ls,727,estimated,0.148363631480317,0.09245839222463881
core,matched,6,ae_relu_1,M2,0.5,e_origin,727,estimated,0.795904210552649,40.254386594948194
core,matched,6,ae_relu_1,M2,0.5,downside,727,estimated,-21549.500873227378,-0.34917799641909986
core,matched,6,ae_relu_1,M2,0.5,btc_vol,727,estimated,180.8078118813372,0.3476233510116731
core,matched,6,ae_relu_1,M2,0.5,btc_ret,727,estimated,67.03076663275723,0.3251281192573178
core,matched,6,ae_relu_1,M2,0.5,account_ls,727,estimated,-0.12529895826432447,-0.07808477126740121
core,matched,6,ae_relu_1,M2,0.9,e_origin,727,estimated,1.0132342399538496,51.24627092752727
core,matched,6,ae_relu_1,M2,0.9,downside,727,estimated,59568.91694390756,0.965226767417665
core,matched,6,ae_relu_1,M2,0.9,btc_vol,727,estimated,620.9267911938931,1.1938015821429575
core,matched,6,ae_relu_1,M2,0.9,btc_ret,727,estimated,52.47833762817305,0.254542564137411
core,matched,6,ae_relu_1,M2,0.9,account_ls,727,estimated,-0.820835167475854,-0.5115343909354775
core,matched,6,ae_relu_2,M0,0.1,e_origin,727,estimated,0.6313992912530038,34.97167582868745
core,matched,6,ae_relu_2,M0,0.1,downside,727,estimated,-32748.06870252478,-0.5306343327120446
core,matched,6,ae_relu_2,M0,0.5,e_origin,727,estimated,0.8048329771681766,44.57774717787027
core,matched,6,ae_relu_2,M0,0.5,downside,727,estimated,-2927.4651133550456,-0.047435270491025354
core,matched,6,ae_relu_2,M0,0.9,e_origin,727,estimated,1.04033809905051,57.62180486460007
core,matched,6,ae_relu_2,M0,0.9,downside,727,estimated,60527.58081782925,0.9807605068162988
core,matched,6,ae_relu_2,M1,0.1,e_origin,727,estimated,0.6303346189252181,34.91270620989487
core,matched,6,ae_relu_2,M1,0.1,downside,727,estimated,-26722.182371889212,-0.432993699271914
core,matched,6,ae_relu_2,M1,0.1,btc_vol,727,estimated,3.9587988993352976,0.0076112360691109405
core,matched,6,ae_relu_2,M1,0.1,btc_ret,727,estimated,92.34362466251763,0.447906394632459
core,matched,6,ae_relu_2,M1,0.5,e_origin,727,estimated,0.8041458802410777,44.53969054503861
core,matched,6,ae_relu_2,M1,0.5,downside,727,estimated,-37101.21040537217,-0.6011705974204825
core,matched,6,ae_relu_2,M1,0.5,btc_vol,727,estimated,230.1351814320887,0.4424607660625066
core,matched,6,ae_relu_2,M1,0.5,btc_ret,727,estimated,59.86803222992084,0.2903857691079788
core,matched,6,ae_relu_2,M1,0.9,e_origin,727,estimated,1.039140830129951,57.55549104203233
core,matched,6,ae_relu_2,M1,0.9,downside,727,estimated,39625.059784569654,0.642065868019842
core,matched,6,ae_relu_2,M1,0.9,btc_vol,727,estimated,419.3126750164191,0.8061757713573756
core,matched,6,ae_relu_2,M1,0.9,btc_ret,727,estimated,117.59356991429433,0.5703795159088092
core,matched,6,ae_relu_2,M2,0.1,e_origin,727,estimated,0.6304905090576787,34.921340586354944
core,matched,6,ae_relu_2,M2,0.1,downside,727,estimated,-25713.243283622454,-0.4166453239001397
core,matched,6,ae_relu_2,M2,0.1,btc_vol,727,estimated,-25.247918926958146,-0.04854196338165058
core,matched,6,ae_relu_2,M2,0.1,btc_ret,727,estimated,100.35213448892164,0.48675112025193357
core,matched,6,ae_relu_2,M2,0.1,account_ls,727,estimated,0.16889543934335285,0.10525356261471745
core,matched,6,ae_relu_2,M2,0.5,e_origin,727,estimated,0.8073420165394496,44.716716785136455
core,matched,6,ae_relu_2,M2,0.5,downside,727,estimated,-44880.190121011474,-0.7272175331370474
core,matched,6,ae_relu_2,M2,0.5,btc_vol,727,estimated,260.00342632597216,0.4998858256924704
core,matched,6,ae_relu_2,M2,0.5,btc_ret,727,estimated,64.50645874448226,0.31288413761471234
core,matched,6,ae_relu_2,M2,0.5,account_ls,727,estimated,0.4422651374385523,0.27561419962952555
core,matched,6,ae_relu_2,M2,0.9,e_origin,727,estimated,1.0388229076471074,57.5378820865541
core,matched,6,ae_relu_2,M2,0.9,downside,727,estimated,23909.057183539677,0.3874111392524215
core,matched,6,ae_relu_2,M2,0.9,btc_vol,727,estimated,650.5666029538465,1.2507874533845844
core,matched,6,ae_relu_2,M2,0.9,btc_ret,727,estimated,135.56393526112845,0.6575435359713189
core,matched,6,ae_relu_2,M2,0.9,account_ls,727,estimated,-0.1736658519438653,-0.10822642513426324
core,matched,6,ae_tanh_1,M0,0.1,e_origin,727,estimated,0.5668878612676244,34.61380547880161
core,matched,6,ae_tanh_1,M0,0.1,downside,727,estimated,-16407.64858550124,-0.265861835628491
core,matched,6,ae_tanh_1,M0,0.5,e_origin,727,estimated,0.803494595650456,49.06085936453551
core,matched,6,ae_tanh_1,M0,0.5,downside,727,estimated,34732.224073400255,0.5627846549428135
core,matched,6,ae_tanh_1,M0,0.9,e_origin,727,estimated,1.027837257526912,62.759076929864946
core,matched,6,ae_tanh_1,M0,0.9,downside,727,estimated,83996.74703086761,1.3610438592756011
core,matched,6,ae_tanh_1,M1,0.1,e_origin,727,estimated,0.5694848205575636,34.77237413027584
core,matched,6,ae_tanh_1,M1,0.1,downside,727,estimated,-36600.84975423712,-0.5930629883079506
core,matched,6,ae_tanh_1,M1,0.1,btc_vol,727,estimated,354.3844808037883,0.6813440165096131
core,matched,6,ae_tanh_1,M1,0.1,btc_ret,727,estimated,-50.30148614754681,-0.24398389588174102
core,matched,6,ae_tanh_1,M1,0.5,e_origin,727,estimated,0.8040548982538912,49.09507107843816
core,matched,6,ae_tanh_1,M1,0.5,downside,727,estimated,22149.5967122904,0.35890166769929144
core,matched,6,ae_tanh_1,M1,0.5,btc_vol,727,estimated,167.09698177380938,0.3212627382840627
core,matched,6,ae_tanh_1,M1,0.5,btc_ret,727,estimated,-3.470110613335998,-0.016831532652909213
core,matched,6,ae_tanh_1,M1,0.9,e_origin,727,estimated,1.0209051249474885,62.33580540642665
core,matched,6,ae_tanh_1,M1,0.9,downside,727,estimated,80833.38541464123,1.3097862325861906
core,matched,6,ae_tanh_1,M1,0.9,btc_vol,727,estimated,152.62659292595745,0.29344178846230645
core,matched,6,ae_tanh_1,M1,0.9,btc_ret,727,estimated,143.70113438459452,0.6970124601674197
core,matched,6,ae_tanh_1,M2,0.1,e_origin,727,estimated,0.5615118195246189,34.285547853524186
core,matched,6,ae_tanh_1,M2,0.1,downside,727,estimated,-77652.86983926214,-1.2582506511950526
core,matched,6,ae_tanh_1,M2,0.1,btc_vol,727,estimated,583.5563887981931,1.1219527810636452
core,matched,6,ae_tanh_1,M2,0.1,btc_ret,727,estimated,27.744144487724107,0.1345710629734741
core,matched,6,ae_tanh_1,M2,0.1,account_ls,727,estimated,2.961487146004412,1.84556240219712
core,matched,6,ae_tanh_1,M2,0.5,e_origin,727,estimated,0.799449085117502,48.81384311279044
core,matched,6,ae_tanh_1,M2,0.5,downside,727,estimated,15339.132267110712,0.24854809878643486
core,matched,6,ae_tanh_1,M2,0.5,btc_vol,727,estimated,277.2012131694696,0.5329505048693004
core,matched,6,ae_tanh_1,M2,0.5,btc_ret,727,estimated,27.630712224213752,0.13402086758781967
core,matched,6,ae_tanh_1,M2,0.5,account_ls,727,estimated,0.27616875829713045,0.17210497694116567
core,matched,6,ae_tanh_1,M2,0.9,e_origin,727,estimated,1.0295105903410393,62.86124954721467
core,matched,6,ae_tanh_1,M2,0.9,downside,727,estimated,70224.15753766891,1.1378792842337462
core,matched,6,ae_tanh_1,M2,0.9,btc_vol,727,estimated,441.2530376113697,0.8483585857408239
core,matched,6,ae_tanh_1,M2,0.9,btc_ret,727,estimated,60.34600945828465,0.29270416475094024
core,matched,6,ae_tanh_1,M2,0.9,account_ls,727,estimated,-2.0129549318994777,-1.2544487807901514
core,matched,6,ae_tanh_2,M0,0.1,e_origin,727,estimated,0.5643195637351806,34.36144637732569
core,matched,6,ae_tanh_2,M0,0.1,downside,727,estimated,-21235.35579212044,-0.3440877369903019
core,matched,6,ae_tanh_2,M0,0.5,e_origin,727,estimated,0.804823203070942,49.00572496991678
core,matched,6,ae_tanh_2,M0,0.5,downside,727,estimated,54682.381498361116,0.8860476408873306
core,matched,6,ae_tanh_2,M0,0.9,e_origin,727,estimated,1.0314510019695873,62.80510294633138
core,matched,6,ae_tanh_2,M0,0.9,downside,727,estimated,78100.43161627489,1.265502732136066
core,matched,6,ae_tanh_2,M1,0.1,e_origin,727,estimated,0.5654271883489909,34.42888969529563
core,matched,6,ae_tanh_2,M1,0.1,downside,727,estimated,-81913.6637632026,-1.3272905558438224
core,matched,6,ae_tanh_2,M1,0.1,btc_vol,727,estimated,825.2530886280799,1.5866418663918225
core,matched,6,ae_tanh_2,M1,0.1,btc_ret,727,estimated,-23.322152054854133,-0.11312249308099566
core,matched,6,ae_tanh_2,M1,0.5,e_origin,727,estimated,0.8046557725948611,48.99553011987879
core,matched,6,ae_tanh_2,M1,0.5,downside,727,estimated,-797.6047655217064,-0.012924013210218018
core,matched,6,ae_tanh_2,M1,0.5,btc_vol,727,estimated,565.9130715881768,1.0880315196552444
core,matched,6,ae_tanh_2,M1,0.5,btc_ret,727,estimated,-24.905598183449506,-0.1208028895257516
core,matched,6,ae_tanh_2,M1,0.9,e_origin,727,estimated,1.0296625861837354,62.696206219946134
core,matched,6,ae_tanh_2,M1,0.9,downside,727,estimated,10017.148256210387,0.16231316811064386
core,matched,6,ae_tanh_2,M1,0.9,btc_vol,727,estimated,523.4832324073826,1.006455382399659
core,matched,6,ae_tanh_2,M1,0.9,btc_ret,727,estimated,62.230646345400146,0.3018454662363895
core,matched,6,ae_tanh_2,M2,0.1,e_origin,727,estimated,0.5548156531136058,33.782752785636944
core,matched,6,ae_tanh_2,M2,0.1,downside,727,estimated,-128847.2825414931,-2.0877808830263715
core,matched,6,ae_tanh_2,M2,0.1,btc_vol,727,estimated,1334.3093065670264,2.5653596910918006
core,matched,6,ae_tanh_2,M2,0.1,btc_ret,727,estimated,-6.18858206433289,-0.03001729129057639
core,matched,6,ae_tanh_2,M2,0.1,account_ls,727,estimated,2.1131813608514363,1.3169086598511766
core,matched,6,ae_tanh_2,M2,0.5,e_origin,727,estimated,0.8046894858572469,48.997582922106666
core,matched,6,ae_tanh_2,M2,0.5,downside,727,estimated,1254.3090108318124,0.020324234415879595
core,matched,6,ae_tanh_2,M2,0.5,btc_vol,727,estimated,540.5718540341506,1.039310179171196
core,matched,6,ae_tanh_2,M2,0.5,btc_ret,727,estimated,-22.89852310188467,-0.11106771000658279
core,matched,6,ae_tanh_2,M2,0.5,account_ls,727,estimated,-0.09151052280370421,-0.057028233440006654
core,matched,6,ae_tanh_2,M2,0.9,e_origin,727,estimated,1.0347106962643324,63.003585894492865
core,matched,6,ae_tanh_2,M2,0.9,downside,727,estimated,73121.17574468064,1.1848212073467204
core,matched,6,ae_tanh_2,M2,0.9,btc_vol,727,estimated,487.59952508899556,0.9374649197921782
core,matched,6,ae_tanh_2,M2,0.9,btc_ret,727,estimated,-20.002578221127425,-0.09702112871486095
core,matched,6,ae_tanh_2,M2,0.9,account_ls,727,estimated,-2.6097657120872584,-1.626373926109981
core,matched,6,conditional_neural,M0,0.1,e_origin,727,estimated,0.25481376920747584,2.4285284067194794
core,matched,6,conditional_neural,M0,0.1,downside,727,estimated,-40493.93295518892,-0.6561446810115652
core,matched,6,conditional_neural,M0,0.5,e_origin,727,estimated,0.22306175587886073,2.125912631367513
core,matched,6,conditional_neural,M0,0.5,downside,727,estimated,-57599.290240438604,-0.9333118608935286
core,matched,6,conditional_neural,M0,0.9,e_origin,727,estimated,0.21677418232995735,2.0659882755513364
core,matched,6,conditional_neural,M0,0.9,downside,727,estimated,16693.535013474047,0.27049420510703326
core,matched,6,conditional_neural,M1,0.1,e_origin,727,estimated,0.26755671631651157,2.5499763533350315
core,matched,6,conditional_neural,M1,0.1,downside,727,estimated,100414.16343220678,1.627063968006738
core,matched,6,conditional_neural,M1,0.1,btc_vol,727,estimated,-1616.8475359283686,-3.1085712097619864
core,matched,6,conditional_neural,M1,0.1,btc_ret,727,estimated,-159.15707889870342,-0.7719804550696582
core,matched,6,conditional_neural,M1,0.5,e_origin,727,estimated,0.21968047063898355,2.0936869503071738
core,matched,6,conditional_neural,M1,0.5,downside,727,estimated,-34306.5131647537,-0.5558866352156078
core,matched,6,conditional_neural,M1,0.5,btc_vol,727,estimated,-273.73689268439256,-0.5262899591579723
core,matched,6,conditional_neural,M1,0.5,btc_ret,727,estimated,21.10028248533094,0.10234546768410699
core,matched,6,conditional_neural,M1,0.9,e_origin,727,estimated,0.22202628760109128,2.116043996188805
core,matched,6,conditional_neural,M1,0.9,downside,727,estimated,-118785.15423650763,-1.9247388793198357
core,matched,6,conditional_neural,M1,0.9,btc_vol,727,estimated,1235.5702680566026,2.375522785896627
core,matched,6,conditional_neural,M1,0.9,btc_ret,727,estimated,-123.53974022267471,-0.5992210056643903
core,matched,6,conditional_neural,M2,0.1,e_origin,727,estimated,0.2825764195737499,2.69312315475847
core,matched,6,conditional_neural,M2,0.1,downside,727,estimated,87933.75125754731,1.424837227662776
core,matched,6,conditional_neural,M2,0.1,btc_vol,727,estimated,-1634.2801778873034,-3.1420874243087824
core,matched,6,conditional_neural,M2,0.1,btc_ret,727,estimated,-73.00703521104896,-0.35411559859918534
core,matched,6,conditional_neural,M2,0.1,account_ls,727,estimated,1.6675787856101187,1.03921460998939
core,matched,6,conditional_neural,M2,0.5,e_origin,727,estimated,0.20523409892784147,1.9560043431872602
core,matched,6,conditional_neural,M2,0.5,downside,727,estimated,-34680.425802040976,-0.5619453400687656
core,matched,6,conditional_neural,M2,0.5,btc_vol,727,estimated,-355.5507314851063,-0.6835862645946985
core,matched,6,conditional_neural,M2,0.5,btc_ret,727,estimated,30.429558605519635,0.14759647929206404
core,matched,6,conditional_neural,M2,0.5,account_ls,727,estimated,0.6245951959656411,0.389240051851102
core,matched,6,conditional_neural,M2,0.9,e_origin,727,estimated,0.21547784452780586,2.0536333969785625
core,matched,6,conditional_neural,M2,0.9,downside,727,estimated,-222675.13497317646,-3.6081233593157283
core,matched,6,conditional_neural,M2,0.9,btc_vol,727,estimated,1559.4713963435825,2.9982591291995226
core,matched,6,conditional_neural,M2,0.9,btc_ret,727,estimated,-42.71920845734742,-0.20720657989776234
core,matched,6,conditional_neural,M2,0.9,account_ls,727,estimated,1.7294617862895516,1.0777793356689152
core,matched,6,pca_selected,M0,0.1,e_origin,727,estimated,0.450860501044731,3.3259807192466586
core,matched,6,pca_selected,M0,0.1,downside,727,estimated,-27926.520145409275,-0.4525082232158087
core,matched,6,pca_selected,M0,0.5,e_origin,727,estimated,0.3627289822990942,2.67583786701922
core,matched,6,pca_selected,M0,0.5,downside,727,estimated,-16841.136024901665,-0.2728858626095863
core,matched,6,pca_selected,M0,0.9,e_origin,727,estimated,0.36633214541686443,2.7024182639052525
core,matched,6,pca_selected,M0,0.9,downside,727,estimated,-19865.658720322088,-0.3218938085997911
core,matched,6,pca_selected,M1,0.1,e_origin,727,estimated,0.43833207613729047,3.2335590065702964
core,matched,6,pca_selected,M1,0.1,downside,727,estimated,-15060.529695521229,-0.24403375349755232
core,matched,6,pca_selected,M1,0.1,btc_vol,727,estimated,-162.492084401803,-0.3124093052444976
core,matched,6,pca_selected,M1,0.1,btc_ret,727,estimated,45.25013055075799,0.21948264328706632
core,matched,6,pca_selected,M1,0.5,e_origin,727,estimated,0.35702581727637306,2.6337658361797507
core,matched,6,pca_selected,M1,0.5,downside,727,estimated,19117.25041513904,0.3097669517391805
core,matched,6,pca_selected,M1,0.5,btc_vol,727,estimated,-403.72075085744234,-0.7761985437781792
core,matched,6,pca_selected,M1,0.5,btc_ret,727,estimated,15.936447625810036,0.07729864216844978
core,matched,6,pca_selected,M1,0.9,e_origin,727,estimated,0.37974341872451833,2.801352715555917
core,matched,6,pca_selected,M1,0.9,downside,727,estimated,-19783.117801732562,-0.32055635430118645
core,matched,6,pca_selected,M1,0.9,btc_vol,727,estimated,-24.722127416182865,-0.04753107007451212
core,matched,6,pca_selected,M1,0.9,btc_ret,727,estimated,46.9269064597469,0.22761572940694264
core,matched,6,pca_selected,M2,0.1,e_origin,727,estimated,0.43797824119487316,3.2309487796962437
core,matched,6,pca_selected,M2,0.1,downside,727,estimated,-37996.94345651231,-0.6156846353076458
core,matched,6,pca_selected,M2,0.1,btc_vol,727,estimated,-129.06193238659438,-0.24813607862095274
core,matched,6,pca_selected,M2,0.1,btc_ret,727,estimated,47.5702743050809,0.2307363408522823
core,matched,6,pca_selected,M2,0.1,account_ls,727,estimated,0.9250494910550977,0.5764794769297729
core,matched,6,pca_selected,M2,0.5,e_origin,727,estimated,0.37190728767591635,2.743545875700246
core,matched,6,pca_selected,M2,0.5,downside,727,estimated,25429.006344782247,0.41203968196920165
core,matched,6,pca_selected,M2,0.5,btc_vol,727,estimated,-539.9348032270725,-1.0380853773552958
core,matched,6,pca_selected,M2,0.5,btc_ret,727,estimated,7.210661026003453,0.03497481493581585
core,matched,6,pca_selected,M2,0.5,account_ls,727,estimated,0.8988735013791246,0.5601669217827907
core,matched,6,pca_selected,M2,0.9,e_origin,727,estimated,0.3804853675969838,2.8068260440882873
core,matched,6,pca_selected,M2,0.9,downside,727,estimated,-20411.44947550495,-0.3307375457925903
core,matched,6,pca_selected,M2,0.9,btc_vol,727,estimated,-25.7975615295783,-0.049598713095025754
core,matched,6,pca_selected,M2,0.9,btc_ret,727,estimated,48.139138262346414,0.23349557631727888
core,matched,6,pca_selected,M2,0.9,account_ls,727,estimated,0.029330813635656067,0.01827860267597353
core,matched,6,ae_selected,M0,0.1,e_origin,727,estimated,0.6309775368492516,31.845153332589383
core,matched,6,ae_selected,M0,0.1,downside,727,estimated,-32619.099738917397,-0.5285445801661459
core,matched,6,ae_selected,M0,0.5,e_origin,727,estimated,0.8019049870396753,40.47178509390837
core,matched,6,ae_selected,M0,0.5,downside,727,estimated,7747.534019278177,0.12553740441391545
core,matched,6,ae_selected,M0,0.9,e_origin,727,estimated,1.0193045743045048,51.44384477365599
core,matched,6,ae_selected,M0,0.9,downside,727,estimated,56929.61412241128,0.9224607434352576
core,matched,6,ae_selected,M1,0.1,e_origin,727,estimated,0.6306037287051397,31.82628740318458
core,matched,6,ae_selected,M1,0.1,downside,727,estimated,-58646.36824923956,-0.9502782214305306
core,matched,6,ae_selected,M1,0.1,btc_vol,727,estimated,221.79349078563035,0.4264229277332221
core,matched,6,ae_selected,M1,0.1,btc_ret,727,estimated,96.10071330810594,0.46612989447568176
core,matched,6,ae_selected,M1,0.5,e_origin,727,estimated,0.8004540557060015,40.39855724014574
core,matched,6,ae_selected,M1,0.5,downside,727,estimated,-23652.184881378595,-0.38324890104877
core,matched,6,ae_selected,M1,0.5,btc_vol,727,estimated,238.50591268061737,0.4585544382150206
core,matched,6,ae_selected,M1,0.5,btc_ret,727,estimated,64.37562028441612,0.31224951467087986
core,matched,6,ae_selected,M1,0.9,e_origin,727,estimated,1.013721443866918,51.16206668414014
core,matched,6,ae_selected,M1,0.9,downside,727,estimated,17916.614628812647,0.29031241305799144
core,matched,6,ae_selected,M1,0.9,btc_vol,727,estimated,618.8475304400453,1.1898039695212528
core,matched,6,ae_selected,M1,0.9,btc_ret,727,estimated,126.57761919345495,0.6139560284892442
core,matched,6,ae_selected,M2,0.1,e_origin,727,estimated,0.6281520303889963,31.702551288595302
core,matched,6,ae_selected,M2,0.1,downside,727,estimated,-77643.65749694737,-1.2581013787246262
core,matched,6,ae_selected,M2,0.1,btc_vol,727,estimated,334.65923970571595,0.6434200223045107
core,matched,6,ae_selected,M2,0.1,btc_ret,727,estimated,115.35174924726354,0.5595057190868628
core,matched,6,ae_selected,M2,0.1,account_ls,727,estimated,0.4459940702605696,0.27793802474756435
core,matched,6,ae_selected,M2,0.5,e_origin,727,estimated,0.8004005590792477,40.395857289383216
core,matched,6,ae_selected,M2,0.5,downside,727,estimated,-42629.96429170987,-0.6907559300962914
core,matched,6,ae_selected,M2,0.5,btc_vol,727,estimated,285.34796422787997,0.5486135499187097
core,matched,6,ae_selected,M2,0.5,btc_ret,727,estimated,65.31587877941419,0.3168101737749195
core,matched,6,ae_selected,M2,0.5,account_ls,727,estimated,0.18900086277236258,0.11778301546441021
core,matched,6,ae_selected,M2,0.9,e_origin,727,estimated,1.0138632763286632,51.16922490488184
core,matched,6,ae_selected,M2,0.9,downside,727,estimated,22691.422925326096,0.36768116531216666
core,matched,6,ae_selected,M2,0.9,btc_vol,727,estimated,541.1583277082548,1.0404377407613226
core,matched,6,ae_selected,M2,0.9,btc_ret,727,estimated,131.75844113385648,0.6390852486713484
core,matched,6,ae_selected,M2,0.9,account_ls,727,estimated,0.31431873499190904,0.19587957367631384
core,matched,6,ae_reconstruction_selected,M0,0.1,e_origin,727,estimated,0.6301816168666498,31.829175681684177
core,matched,6,ae_reconstruction_selected,M0,0.1,downside,727,estimated,-22506.37697373561,-0.36468276757655566
core,matched,6,ae_reconstruction_selected,M0,0.5,e_origin,727,estimated,0.8260911554679934,41.72416302337198
core,matched,6,ae_reconstruction_selected,M0,0.5,downside,727,estimated,186.1948483752618,0.003017013919798271
core,matched,6,ae_reconstruction_selected,M0,0.9,e_origin,727,estimated,1.0206748285619303,51.55218362874754
core,matched,6,ae_reconstruction_selected,M0,0.9,downside,727,estimated,45242.34583427849,0.7330857343122966
core,matched,6,ae_reconstruction_selected,M1,0.1,e_origin,727,estimated,0.6314952849115234,31.89552634928314
core,matched,6,ae_reconstruction_selected,M1,0.1,downside,727,estimated,-119883.10866589616,-1.9425296174937143
core,matched,6,ae_reconstruction_selected,M1,0.1,btc_vol,727,estimated,826.5955447967365,1.5892228893414335
core,matched,6,ae_reconstruction_selected,M1,0.1,btc_ret,727,estimated,68.68358266678165,0.33314498965303974
core,matched,6,ae_reconstruction_selected,M1,0.5,e_origin,727,estimated,0.8144776558847505,41.13758907608335
core,matched,6,ae_reconstruction_selected,M1,0.5,downside,727,estimated,-2005.2492266817528,-0.032492117168411216
core,matched,6,ae_reconstruction_selected,M1,0.5,btc_vol,727,estimated,99.41285760073319,0.19113239817034816
core,matched,6,ae_reconstruction_selected,M1,0.5,btc_ret,727,estimated,78.0600987807981,0.37862513559912986
core,matched,6,ae_reconstruction_selected,M1,0.9,e_origin,727,estimated,1.0098241253692384,51.00413695625458
core,matched,6,ae_reconstruction_selected,M1,0.9,downside,727,estimated,-68364.04803876889,-1.1077389430830618
core,matched,6,ae_reconstruction_selected,M1,0.9,btc_vol,727,estimated,800.3012550016431,1.5386691602965776
core,matched,6,ae_reconstruction_selected,M1,0.9,btc_ret,727,estimated,239.29855354904234,1.1607011610452824
core,matched,6,ae_reconstruction_selected,M2,0.1,e_origin,727,estimated,0.6292711218902698,31.78318845548646
core,matched,6,ae_reconstruction_selected,M2,0.1,downside,727,estimated,-113968.71455315455,-1.846695551615847
core,matched,6,ae_reconstruction_selected,M2,0.1,btc_vol,727,estimated,739.6416873774077,1.4220443200916926
core,matched,6,ae_reconstruction_selected,M2,0.1,btc_ret,727,estimated,101.57649571650441,0.4926898001031802
core,matched,6,ae_reconstruction_selected,M2,0.1,account_ls,727,estimated,0.3107882437057337,0.19367941488520082
core,matched,6,ae_reconstruction_selected,M2,0.5,e_origin,727,estimated,0.8077424510841903,40.797407751983386
core,matched,6,ae_reconstruction_selected,M2,0.5,downside,727,estimated,10246.475581015702,0.16602908043133977
core,matched,6,ae_reconstruction_selected,M2,0.5,btc_vol,727,estimated,54.03377233008306,0.10388600365073107
core,matched,6,ae_reconstruction_selected,M2,0.5,btc_ret,727,estimated,80.62634419301436,0.3910725323146979
core,matched,6,ae_reconstruction_selected,M2,0.5,account_ls,727,estimated,-0.54605125579993,-0.34029243339331766
core,matched,6,ae_reconstruction_selected,M2,0.9,e_origin,727,estimated,1.0105215292726482,51.03936139119302
core,matched,6,ae_reconstruction_selected,M2,0.9,downside,727,estimated,-62131.162583952464,-1.0067441930038874
core,matched,6,ae_reconstruction_selected,M2,0.9,btc_vol,727,estimated,633.2037692571287,1.2174054530721607
core,matched,6,ae_reconstruction_selected,M2,0.9,btc_ret,727,estimated,226.1608995671958,1.096977874782228
core,matched,6,ae_reconstruction_selected,M2,0.9,account_ls,727,estimated,1.0556604733167856,0.6578746362845679
core,all,12,sequential_ols,M0,0.1,e_origin,1343,estimated,0.26181301937629764,2.573667923960932
core,all,12,sequential_ols,M0,0.1,downside,1343,estimated,-65577.61707891178,-0.9850440711162392
core,all,12,sequential_ols,M0,0.5,e_origin,1343,estimated,0.24699659934114668,2.4280199149992647
core,all,12,sequential_ols,M0,0.5,downside,1343,estimated,-18460.625820487323,-0.27729781629125577
core,all,12,sequential_ols,M0,0.9,e_origin,1343,estimated,0.1943492027698383,1.910486768028905
core,all,12,sequential_ols,M0,0.9,downside,1343,estimated,52649.258988508605,0.7908466749087063
core,all,12,sequential_ols,M1,0.1,e_origin,1343,estimated,0.25854556845481586,2.541548308023698
core,all,12,sequential_ols,M1,0.1,downside,1343,estimated,93153.54540043761,1.3992632194875294
core,all,12,sequential_ols,M1,0.1,btc_vol,1343,estimated,-1688.9635976872974,-3.158216434119838
core,all,12,sequential_ols,M1,0.1,btc_ret,1343,estimated,22.81134724393439,0.13616253649417642
core,all,12,sequential_ols,M1,0.5,e_origin,1343,estimated,0.25356467590849446,2.492585260235999
core,all,12,sequential_ols,M1,0.5,downside,1343,estimated,25070.568650075882,0.3765860381683712
core,all,12,sequential_ols,M1,0.5,btc_vol,1343,estimated,-415.3343249497544,-0.7766394092249943
core,all,12,sequential_ols,M1,0.5,btc_ret,1343,estimated,11.894449363107075,0.07099880503168667
core,all,12,sequential_ols,M1,0.9,e_origin,1343,estimated,0.19571377709848287,1.9239007731378157
core,all,12,sequential_ols,M1,0.9,downside,1343,estimated,-11420.680946239245,-0.17155051609554237
core,all,12,sequential_ols,M1,0.9,btc_vol,1343,estimated,492.2303584176096,0.9204283677018676
core,all,12,sequential_ols,M1,0.9,btc_ret,1343,estimated,-13.843163649531885,-0.08263081770084614
core,all,12,sequential_ols,M2,0.1,e_origin,1343,estimated,0.2680445415372413,2.6349248803234477
core,all,12,sequential_ols,M2,0.1,downside,1343,estimated,60239.52531719268,0.904860376203562
core,all,12,sequential_ols,M2,0.1,btc_vol,1343,estimated,-1532.3126614563837,-2.8652926778576098
core,all,12,sequential_ols,M2,0.1,btc_ret,1343,estimated,21.949281562632486,0.13101680579552777
core,all,12,sequential_ols,M2,0.1,account_ls,1343,estimated,0.8314112457972134,0.49991897377224204
core,all,12,sequential_ols,M2,0.5,e_origin,1343,estimated,0.2498337897928709,2.455909995015782
core,all,12,sequential_ols,M2,0.5,downside,1343,estimated,8374.537684639548,0.1257942734434381
core,all,12,sequential_ols,M2,0.5,btc_vol,1343,estimated,-461.2295862494484,-0.8624595942682921
core,all,12,sequential_ols,M2,0.5,btc_ret,1343,estimated,17.478283219637692,0.10432910214815516
core,all,12,sequential_ols,M2,0.5,account_ls,1343,estimated,0.8131236729943752,0.4889228455930835
core,all,12,sequential_ols,M2,0.9,e_origin,1343,estimated,0.1790964567819429,1.7605495983843762
core,all,12,sequential_ols,M2,0.9,downside,1343,estimated,-47868.45380126855,-0.7190340044485138
core,all,12,sequential_ols,M2,0.9,btc_vol,1343,estimated,257.07659145865233,0.4807110805016575
core,all,12,sequential_ols,M2,0.9,btc_ret,1343,estimated,-57.609345140701194,-0.3438742340048389
core,all,12,sequential_ols,M2,0.9,account_ls,1343,estimated,3.0410739188300746,1.8285662605024111
core,all,12,pca_1,M0,0.1,e_origin,1343,estimated,0.2642071081532942,2.5841549807892035
core,all,12,pca_1,M0,0.1,downside,1343,estimated,-63902.85559465639,-0.9598874102907254
core,all,12,pca_1,M0,0.5,e_origin,1343,estimated,0.2444731566143394,2.3911412896872406
core,all,12,pca_1,M0,0.5,downside,1343,estimated,-19383.987013436723,-0.29116766257614185
core,all,12,pca_1,M0,0.9,e_origin,1343,estimated,0.1968110671139645,1.9249682679313198
core,all,12,pca_1,M0,0.9,downside,1343,estimated,51385.822982772035,0.7718685509371079
core,all,12,pca_1,M1,0.1,e_origin,1343,estimated,0.25987466404923876,2.5417802426955185
core,all,12,pca_1,M1,0.1,downside,1343,estimated,81766.21853056316,1.2282137163386935
core,all,12,pca_1,M1,0.1,btc_vol,1343,estimated,-1656.2104543663427,-3.096970877586255
core,all,12,pca_1,M1,0.1,btc_ret,1343,estimated,13.310348839685496,0.07945040861695753
core,all,12,pca_1,M1,0.5,e_origin,1343,estimated,0.2547584323854912,2.491739440882292
core,all,12,pca_1,M1,0.5,downside,1343,estimated,24223.46582169145,0.36386167189989616
core,all,12,pca_1,M1,0.5,btc_vol,1343,estimated,-402.2249576346939,-0.7521260216350961
core,all,12,pca_1,M1,0.5,btc_ret,1343,estimated,12.518934199118403,0.07472639895080788
core,all,12,pca_1,M1,0.9,e_origin,1343,estimated,0.19420980150840492,1.899525828028975
core,all,12,pca_1,M1,0.9,downside,1343,estimated,-1759.351910919023,-0.026427297087852165
core,all,12,pca_1,M1,0.9,btc_vol,1343,estimated,409.61152723860744,0.7659382704880575
core,all,12,pca_1,M1,0.9,btc_ret,1343,estimated,-8.84975455564762,-0.052824807529431986
core,all,12,pca_1,M2,0.1,e_origin,1343,estimated,0.26835646109661937,2.6247389421765135
core,all,12,pca_1,M2,0.1,downside,1343,estimated,58103.2700384215,0.8727715981954782
core,all,12,pca_1,M2,0.1,btc_vol,1343,estimated,-1499.3322188441969,-2.803622091229822
core,all,12,pca_1,M2,0.1,btc_ret,1343,estimated,24.924324954846355,0.14877504910015302
core,all,12,pca_1,M2,0.1,account_ls,1343,estimated,0.7890440965007974,0.47444404556434816
core,all,12,pca_1,M2,0.5,e_origin,1343,estimated,0.24924034593989203,2.4377681807126113
core,all,12,pca_1,M2,0.5,downside,1343,estimated,6673.461886511566,0.10024234423184529
core,all,12,pca_1,M2,0.5,btc_vol,1343,estimated,-445.43575018615627,-0.8329264813692426
core,all,12,pca_1,M2,0.5,btc_ret,1343,estimated,19.185473604363395,0.11451944165668775
core,all,12,pca_1,M2,0.5,account_ls,1343,estimated,0.8073520820891349,0.485452447740076
core,all,12,pca_1,M2,0.9,e_origin,1343,estimated,0.1807712168976058,1.7680858164430466
core,all,12,pca_1,M2,0.9,downside,1343,estimated,-43523.84686843179,-0.6537734858271749
core,all,12,pca_1,M2,0.9,btc_vol,1343,estimated,186.84125713306156,0.3493770556436212
core,all,12,pca_1,M2,0.9,btc_ret,1343,estimated,-55.596262016890215,-0.3318579992169261
core,all,12,pca_1,M2,0.9,account_ls,1343,estimated,3.116381088094943,1.873847681660585
core,all,12,pca_2,M0,0.1,e_origin,1343,estimated,0.36004028306909797,2.727299051590444
core,all,12,pca_2,M0,0.1,downside,1343,estimated,-30734.891397900734,-0.4616700620803652
core,all,12,pca_2,M0,0.5,e_origin,1343,estimated,0.3202659497813147,2.4260091500029732
core,all,12,pca_2,M0,0.5,downside,1343,estimated,-5611.789282028712,-0.08429491657136881
core,all,12,pca_2,M0,0.9,e_origin,1343,estimated,0.35655541402547364,2.7009012275564888
core,all,12,pca_2,M0,0.9,downside,1343,estimated,-6659.091845317374,-0.10002649125470825
core,all,12,pca_2,M1,0.1,e_origin,1343,estimated,0.3611929024866053,2.736030124173256
core,all,12,pca_2,M1,0.1,downside,1343,estimated,49751.882339983145,0.7473250616426086
core,all,12,pca_2,M1,0.1,btc_vol,1343,estimated,-1051.868836090409,-1.9669041116268586
core,all,12,pca_2,M1,0.1,btc_ret,1343,estimated,-60.73876355905898,-0.36255395270091434
core,all,12,pca_2,M1,0.5,e_origin,1343,estimated,0.32130745104082625,2.4338985044193264
core,all,12,pca_2,M1,0.5,downside,1343,estimated,5498.390510931804,0.08259154898778522
core,all,12,pca_2,M1,0.5,btc_vol,1343,estimated,-83.19559445665196,-0.1555685948584987
core,all,12,pca_2,M1,0.5,btc_ret,1343,estimated,-30.99689714061,-0.185022659686916
core,all,12,pca_2,M1,0.9,e_origin,1343,estimated,0.34614178947274404,2.622018197790545
core,all,12,pca_2,M1,0.9,downside,1343,estimated,27984.07413132988,0.42034992329125437
core,all,12,pca_2,M1,0.9,btc_vol,1343,estimated,-328.2204027718684,-0.6137438790669938
core,all,12,pca_2,M1,0.9,btc_ret,1343,estimated,61.4924724221863,0.3670528939288967
core,all,12,pca_2,M2,0.1,e_origin,1343,estimated,0.3731187498529979,2.826368216162626
core,all,12,pca_2,M2,0.1,downside,1343,estimated,40870.42619387426,0.6139163452344486
core,all,12,pca_2,M2,0.1,btc_vol,1343,estimated,-1022.1922966050506,-1.9114115392358353
core,all,12,pca_2,M2,0.1,btc_ret,1343,estimated,-52.905291167038584,-0.3157954049023743
core,all,12,pca_2,M2,0.1,account_ls,1343,estimated,1.1783642126944454,0.7085382004609367
core,all,12,pca_2,M2,0.5,e_origin,1343,estimated,0.3304079166729764,2.5028343775833615
core,all,12,pca_2,M2,0.5,downside,1343,estimated,-6504.858355546684,-0.09770974369001151
core,all,12,pca_2,M2,0.5,btc_vol,1343,estimated,-102.61284516346304,-0.19187718100662335
core,all,12,pca_2,M2,0.5,btc_ret,1343,estimated,-16.996185033599055,-0.10145142415972697
core,all,12,pca_2,M2,0.5,account_ls,1343,estimated,1.0991645135154673,0.6609162413681653
core,all,12,pca_2,M2,0.9,e_origin,1343,estimated,0.3560934896024475,2.697402157868823
core,all,12,pca_2,M2,0.9,downside,1343,estimated,-42256.9893282794,-0.634743966847027
core,all,12,pca_2,M2,0.9,btc_vol,1343,estimated,-8.512566706703275,-0.015917766437633547
core,all,12,pca_2,M2,0.9,btc_ret,1343,estimated,11.991681525989383,0.07157919065228566
core,all,12,pca_2,M2,0.9,account_ls,1343,estimated,1.6120339165439794,0.9692993032250555
core,all,12,conditional_linear,M0,0.1,e_origin,1343,estimated,0.32930782748647636,3.8482712889933626
core,all,12,conditional_linear,M0,0.1,downside,1343,estimated,-86740.27900375825,-1.3029292823617546
core,all,12,conditional_linear,M0,0.5,e_origin,1343,estimated,0.34594048903186564,4.042639562511836
core,all,12,conditional_linear,M0,0.5,downside,1343,estimated,-23332.889129532417,-0.35048428294369277
core,all,12,conditional_linear,M0,0.9,e_origin,1343,estimated,0.4259462439539421,4.977581959632688
core,all,12,conditional_linear,M0,0.9,downside,1343,estimated,24547.01634486446,0.36872173755575266
core,all,12,conditional_linear,M1,0.1,e_origin,1343,estimated,0.3185760425172229,3.7228603010674086
core,all,12,conditional_linear,M1,0.1,downside,1343,estimated,144785.27262258972,2.1748255080725336
core,all,12,conditional_linear,M1,0.1,btc_vol,1343,estimated,-2271.223576476989,-4.246992436433854
core,all,12,conditional_linear,M1,0.1,btc_ret,1343,estimated,48.64455359346097,0.2903627625796533
core,all,12,conditional_linear,M1,0.5,e_origin,1343,estimated,0.34395605224379117,4.019449554625726
core,all,12,conditional_linear,M1,0.5,downside,1343,estimated,78909.39801752065,1.1853012984441933
core,all,12,conditional_linear,M1,0.5,btc_vol,1343,estimated,-1078.4170128965725,-2.0165469152964897
core,all,12,conditional_linear,M1,0.5,btc_ret,1343,estimated,23.297769608742662,0.13906602580988975
core,all,12,conditional_linear,M1,0.9,e_origin,1343,estimated,0.44385877530101253,5.186906713988718
core,all,12,conditional_linear,M1,0.9,downside,1343,estimated,-18672.700971550166,-0.28048340581845915
core,all,12,conditional_linear,M1,0.9,btc_vol,1343,estimated,495.5720299576711,0.9266770056178677
core,all,12,conditional_linear,M1,0.9,btc_ret,1343,estimated,33.247358598829685,0.19845582245265556
core,all,12,conditional_linear,M2,0.1,e_origin,1343,estimated,0.3291770217105806,3.8467427006337838
core,all,12,conditional_linear,M2,0.1,downside,1343,estimated,94254.78242799631,1.4158049459669322
core,all,12,conditional_linear,M2,0.1,btc_vol,1343,estimated,-2127.1918139253094,-3.9776654478896165
core,all,12,conditional_linear,M2,0.1,btc_ret,1343,estimated,3.483940331937198,0.020795884939109485
core,all,12,conditional_linear,M2,0.1,account_ls,1343,estimated,1.2717457710748175,0.7646875646543514
core,all,12,conditional_linear,M2,0.5,e_origin,1343,estimated,0.34350954201476025,4.014231663184344
core,all,12,conditional_linear,M2,0.5,downside,1343,estimated,72958.17312435049,1.0959077056602038
core,all,12,conditional_linear,M2,0.5,btc_vol,1343,estimated,-1072.4638088579952,-2.0054149365753093
core,all,12,conditional_linear,M2,0.5,btc_ret,1343,estimated,31.407240608816206,0.187472028716605
core,all,12,conditional_linear,M2,0.5,account_ls,1343,estimated,0.543388925736501,0.32673413486597214
core,all,12,conditional_linear,M2,0.9,e_origin,1343,estimated,0.4228794746828654,4.941743880028169
core,all,12,conditional_linear,M2,0.9,downside,1343,estimated,-92460.47909737138,-1.3888526421726457
core,all,12,conditional_linear,M2,0.9,btc_vol,1343,estimated,394.7816224738529,0.738207626080675
core,all,12,conditional_linear,M2,0.9,btc_ret,1343,estimated,-52.701635585637035,-0.31457977040966784
core,all,12,conditional_linear,M2,0.9,account_ls,1343,estimated,3.686927859594632,2.216911547995103
core,all,12,ae_relu_1,M0,0.1,e_origin,1343,estimated,0.6176842166815361,29.858276833365156
core,all,12,ae_relu_1,M0,0.1,downside,1343,estimated,-38643.71626853878,-0.5804688442767973
core,all,12,ae_relu_1,M0,0.5,e_origin,1343,estimated,0.8905314412480916,43.047456262445245
core,all,12,ae_relu_1,M0,0.5,downside,1343,estimated,60176.4818015743,0.9039133969742392
core,all,12,ae_relu_1,M0,0.9,e_origin,1343,estimated,1.1487578067061477,55.52987704849483
core,all,12,ae_relu_1,M0,0.9,downside,1343,estimated,203574.8842765739,3.0579066717765726
core,all,12,ae_relu_1,M1,0.1,e_origin,1343,estimated,0.6150805870536153,29.73241981435363
core,all,12,ae_relu_1,M1,0.1,downside,1343,estimated,138653.67571606193,2.082722539890846
core,all,12,ae_relu_1,M1,0.1,btc_vol,1343,estimated,-1711.8875024706256,-3.2010821613149307
core,all,12,ae_relu_1,M1,0.1,btc_ret,1343,estimated,-13.67236756528797,-0.0816113238583635
core,all,12,ae_relu_1,M1,0.5,e_origin,1343,estimated,0.8904847530148138,43.045199396952455
core,all,12,ae_relu_1,M1,0.5,downside,1343,estimated,61730.92471063638,0.9272627475555166
core,all,12,ae_relu_1,M1,0.5,btc_vol,1343,estimated,-53.80627979286879,-0.10061310814121548
core,all,12,ae_relu_1,M1,0.5,btc_ret,1343,estimated,48.652324460088835,0.29040914742924123
core,all,12,ae_relu_1,M1,0.9,e_origin,1343,estimated,1.1494888129745275,55.565213207228936
core,all,12,ae_relu_1,M1,0.9,downside,1343,estimated,195817.32087828952,2.9413799943495316
core,all,12,ae_relu_1,M1,0.9,btc_vol,1343,estimated,137.6837613098668,0.25745677306229425
core,all,12,ae_relu_1,M1,0.9,btc_ret,1343,estimated,27.211465856770666,0.16242715404579144
core,all,12,ae_relu_1,M2,0.1,e_origin,1343,estimated,0.6156273446999959,29.758849567171495
core,all,12,ae_relu_1,M2,0.1,downside,1343,estimated,141044.76143185332,2.118639136327048
core,all,12,ae_relu_1,M2,0.1,btc_vol,1343,estimated,-1691.4967068599042,-3.1629531300612435
core,all,12,ae_relu_1,M2,0.1,btc_ret,1343,estimated,-11.813017375510485,-0.07051273176892213
core,all,12,ae_relu_1,M2,0.1,account_ls,1343,estimated,-0.13840284591036825,-0.08322019824055277
core,all,12,ae_relu_1,M2,0.5,e_origin,1343,estimated,0.8878453814948163,42.91761464833516
core,all,12,ae_relu_1,M2,0.5,downside,1343,estimated,45966.356521418485,0.6904625233294606
core,all,12,ae_relu_1,M2,0.5,btc_vol,1343,estimated,-43.16409020835472,-0.08071313037564726
core,all,12,ae_relu_1,M2,0.5,btc_ret,1343,estimated,39.190203730812165,0.2339290831290047
core,all,12,ae_relu_1,M2,0.5,account_ls,1343,estimated,0.8013031455798745,0.4818152848469721
core,all,12,ae_relu_1,M2,0.9,e_origin,1343,estimated,1.1492552658807575,55.553923759334545
core,all,12,ae_relu_1,M2,0.9,downside,1343,estimated,200230.35625118308,3.00766837937066
core,all,12,ae_relu_1,M2,0.9,btc_vol,1343,estimated,125.27246014141198,0.23424870903255543
core,all,12,ae_relu_1,M2,0.9,btc_ret,1343,estimated,31.813149447311545,0.18989492712957037
core,all,12,ae_relu_1,M2,0.9,account_ls,1343,estimated,-0.46125897144935546,-0.27735024371614597
core,all,12,ae_relu_2,M0,0.1,e_origin,1343,estimated,0.6134133581179659,32.456245497682836
core,all,12,ae_relu_2,M0,0.1,downside,1343,estimated,-21592.002009660373,-0.32433434623816954
core,all,12,ae_relu_2,M0,0.5,e_origin,1343,estimated,0.9041881568820975,47.84139831239062
core,all,12,ae_relu_2,M0,0.5,downside,1343,estimated,39689.371831983735,0.5961756793080506
core,all,12,ae_relu_2,M0,0.9,e_origin,1343,estimated,1.178927982317753,62.37812644900763
core,all,12,ae_relu_2,M0,0.9,downside,1343,estimated,152361.06791189403,2.288621839292371
core,all,12,ae_relu_2,M1,0.1,e_origin,1343,estimated,0.6104517787822037,32.29954570510369
core,all,12,ae_relu_2,M1,0.1,downside,1343,estimated,56983.90401247772,0.8559575552890694
core,all,12,ae_relu_2,M1,0.1,btc_vol,1343,estimated,-1167.3771925121148,-2.1828947878194804
core,all,12,ae_relu_2,M1,0.1,btc_ret,1343,estimated,-106.74818179982533,-0.6371874069766145
core,all,12,ae_relu_2,M1,0.5,e_origin,1343,estimated,0.9035111760565895,47.805578655744526
core,all,12,ae_relu_2,M1,0.5,downside,1343,estimated,64785.69672406737,0.9731486030421697
core,all,12,ae_relu_2,M1,0.5,btc_vol,1343,estimated,-215.4581962145991,-0.40288826655738724
core,all,12,ae_relu_2,M1,0.5,btc_ret,1343,estimated,37.78220181353336,0.2255246206307924
core,all,12,ae_relu_2,M1,0.9,e_origin,1343,estimated,1.1824047367651789,62.56208461422762
core,all,12,ae_relu_2,M1,0.9,downside,1343,estimated,188250.9275083834,2.827724889745921
core,all,12,ae_relu_2,M1,0.9,btc_vol,1343,estimated,-352.6517796731982,-0.6594284492635394
core,all,12,ae_relu_2,M1,0.9,btc_ret,1343,estimated,174.62352586160128,1.0423401107619574
core,all,12,ae_relu_2,M2,0.1,e_origin,1343,estimated,0.6113157356722775,32.34525843136333
core,all,12,ae_relu_2,M2,0.1,downside,1343,estimated,88025.51204406456,1.3222348204820709
core,all,12,ae_relu_2,M2,0.1,btc_vol,1343,estimated,-1269.0711012134261,-2.373053636802457
core,all,12,ae_relu_2,M2,0.1,btc_ret,1343,estimated,-109.72530716298216,-0.6549580777122664
core,all,12,ae_relu_2,M2,0.1,account_ls,1343,estimated,-0.656851655583974,-0.3949580995446755
core,all,12,ae_relu_2,M2,0.5,e_origin,1343,estimated,0.9024287892745912,47.74830860993437
core,all,12,ae_relu_2,M2,0.5,downside,1343,estimated,41369.45999838623,0.6214123524441888
core,all,12,ae_relu_2,M2,0.5,btc_vol,1343,estimated,-158.79776716215153,-0.2969381451677065
core,all,12,ae_relu_2,M2,0.5,btc_ret,1343,estimated,49.28320827461597,0.2941749373012962
core,all,12,ae_relu_2,M2,0.5,account_ls,1343,estimated,0.7353784302313758,0.4421754360839846
core,all,12,ae_relu_2,M2,0.9,e_origin,1343,estimated,1.183585636582091,62.62456707219604
core,all,12,ae_relu_2,M2,0.9,downside,1343,estimated,222454.64266091475,3.341500295470205
core,all,12,ae_relu_2,M2,0.9,btc_vol,1343,estimated,-408.33512928194676,-0.763551516262731
core,all,12,ae_relu_2,M2,0.9,btc_ret,1343,estimated,166.92330882788448,0.9963769735717445
core,all,12,ae_relu_2,M2,0.9,account_ls,1343,estimated,-0.9263263126773235,-0.5569904207487985
core,all,12,ae_tanh_1,M0,0.1,e_origin,1343,estimated,0.5670602578335013,33.004668537047785
core,all,12,ae_tanh_1,M0,0.1,downside,1343,estimated,37134.37133550947,0.5577969122399749
core,all,12,ae_tanh_1,M0,0.5,e_origin,1343,estimated,0.8882543450979068,51.69916218173186
core,all,12,ae_tanh_1,M0,0.5,downside,1343,estimated,55273.52649632273,0.8302659045901485
core,all,12,ae_tanh_1,M0,0.9,e_origin,1343,estimated,1.1834563844889747,68.8808378977956
core,all,12,ae_tanh_1,M0,0.9,downside,1343,estimated,124478.4047427624,1.8697952142164116
core,all,12,ae_tanh_1,M1,0.1,e_origin,1343,estimated,0.568821569646519,33.10718235595149
core,all,12,ae_tanh_1,M1,0.1,downside,1343,estimated,197292.80927683352,2.9635433659956467
core,all,12,ae_tanh_1,M1,0.1,btc_vol,1343,estimated,-1354.2826083418763,-2.532391814699064
core,all,12,ae_tanh_1,M1,0.1,btc_ret,1343,estimated,86.69020793114227,0.5174599498611645
core,all,12,ae_tanh_1,M1,0.5,e_origin,1343,estimated,0.8910363293293603,51.86108230603261
core,all,12,ae_tanh_1,M1,0.5,downside,1343,estimated,63729.122392860394,0.9572777567533111
core,all,12,ae_tanh_1,M1,0.5,btc_vol,1343,estimated,103.20067884207238,0.19297637934746104
core,all,12,ae_tanh_1,M1,0.5,btc_ret,1343,estimated,119.93364897981367,0.7158923881813226
core,all,12,ae_tanh_1,M1,0.9,e_origin,1343,estimated,1.183516080853733,68.88431241166693
core,all,12,ae_tanh_1,M1,0.9,downside,1343,estimated,97696.66735544192,1.467505640384737
core,all,12,ae_tanh_1,M1,0.9,btc_vol,1343,estimated,380.31555793656514,0.7111573315561158
core,all,12,ae_tanh_1,M1,0.9,btc_ret,1343,estimated,-1.8851807983114217,-0.011252776808982843
core,all,12,ae_tanh_1,M2,0.1,e_origin,1343,estimated,0.5428438076902147,31.59519591208066
core,all,12,ae_tanh_1,M2,0.1,downside,1343,estimated,59807.62258499143,0.898372747579579
core,all,12,ae_tanh_1,M2,0.1,btc_vol,1343,estimated,-815.1450341592353,-1.5242509942772082
core,all,12,ae_tanh_1,M2,0.1,btc_ret,1343,estimated,49.94644002372565,0.2981338142705754
core,all,12,ae_tanh_1,M2,0.1,account_ls,1343,estimated,4.1080922269792435,2.470153321421517
core,all,12,ae_tanh_1,M2,0.5,e_origin,1343,estimated,0.8901307092804097,51.80837240594136
core,all,12,ae_tanh_1,M2,0.5,downside,1343,estimated,29729.134290634014,0.4465625433929457
core,all,12,ae_tanh_1,M2,0.5,btc_vol,1343,estimated,166.07564606488532,0.3105471517724797
core,all,12,ae_tanh_1,M2,0.5,btc_ret,1343,estimated,119.51841497276553,0.7134138271812331
core,all,12,ae_tanh_1,M2,0.5,account_ls,1343,estimated,1.053125293411067,0.6332333350035816
core,all,12,ae_tanh_1,M2,0.9,e_origin,1343,estimated,1.1888475366372535,69.19461970004453
core,all,12,ae_tanh_1,M2,0.9,downside,1343,estimated,156432.46716219716,2.3497784941283077
core,all,12,ae_tanh_1,M2,0.9,btc_vol,1343,estimated,325.8136391248071,0.6092434383744889
core,all,12,ae_tanh_1,M2,0.9,btc_ret,1343,estimated,4.217401327159833,0.0251739652191163
core,all,12,ae_tanh_1,M2,0.9,account_ls,1343,estimated,-4.031176495490636,-2.4239046884530566
core,all,12,ae_tanh_2,M0,0.1,e_origin,1343,estimated,0.537620616579791,31.134961195215837
core,all,12,ae_tanh_2,M0,0.1,downside,1343,estimated,65954.78828043706,0.9907095751770408
core,all,12,ae_tanh_2,M0,0.5,e_origin,1343,estimated,0.8926444240652169,51.69528222560546
core,all,12,ae_tanh_2,M0,0.5,downside,1343,estimated,62583.0384548995,0.9400623829965697
core,all,12,ae_tanh_2,M0,0.9,e_origin,1343,estimated,1.1856503632878768,68.66399262533272
core,all,12,ae_tanh_2,M0,0.9,downside,1343,estimated,99711.62538851328,1.497772407498836
core,all,12,ae_tanh_2,M1,0.1,e_origin,1343,estimated,0.5363679631164024,31.062416884653917
core,all,12,ae_tanh_2,M1,0.1,downside,1343,estimated,157623.81552536285,2.367673786669332
core,all,12,ae_tanh_2,M1,0.1,btc_vol,1343,estimated,-1036.2057064400508,-1.9376154084604627
core,all,12,ae_tanh_2,M1,0.1,btc_ret,1343,estimated,43.99456320446027,0.2626066428174488
core,all,12,ae_tanh_2,M1,0.5,e_origin,1343,estimated,0.8905219595733783,51.57236497214888
core,all,12,ae_tanh_2,M1,0.5,downside,1343,estimated,54310.171569746206,0.815795310794968
core,all,12,ae_tanh_2,M1,0.5,btc_vol,1343,estimated,166.12174582612718,0.3106333543547985
core,all,12,ae_tanh_2,M1,0.5,btc_ret,1343,estimated,117.22781262723052,0.6997410606351673
core,all,12,ae_tanh_2,M1,0.9,e_origin,1343,estimated,1.1868219173812717,68.73184026753812
core,all,12,ae_tanh_2,M1,0.9,downside,1343,estimated,42272.20858361517,0.6349725759045545
core,all,12,ae_tanh_2,M1,0.9,btc_vol,1343,estimated,438.7335152579862,0.8203938794088078
core,all,12,ae_tanh_2,M1,0.9,btc_ret,1343,estimated,83.38927794975008,0.4977564665793715
core,all,12,ae_tanh_2,M2,0.1,e_origin,1343,estimated,0.5332758784568004,30.88334649017855
core,all,12,ae_tanh_2,M2,0.1,downside,1343,estimated,130190.0963177758,1.9555907672210477
core,all,12,ae_tanh_2,M2,0.1,btc_vol,1343,estimated,-975.930299751244,-1.8249055902983005
core,all,12,ae_tanh_2,M2,0.1,btc_ret,1343,estimated,1.9689827990160118,0.011752996846721205
core,all,12,ae_tanh_2,M2,0.1,account_ls,1343,estimated,2.8960133393160743,1.741342835979316
core,all,12,ae_tanh_2,M2,0.5,e_origin,1343,estimated,0.8903945779265103,51.56498798080981
core,all,12,ae_tanh_2,M2,0.5,downside,1343,estimated,12378.98971225255,0.18594531130629557
core,all,12,ae_tanh_2,M2,0.5,btc_vol,1343,estimated,265.40403764201614,0.49628268750761106
core,all,12,ae_tanh_2,M2,0.5,btc_ret,1343,estimated,106.27864831531667,0.6343847285755548
core,all,12,ae_tanh_2,M2,0.5,account_ls,1343,estimated,0.9211621889886452,0.5538852866434719
core,all,12,ae_tanh_2,M2,0.9,e_origin,1343,estimated,1.1908449270741628,68.9648228705361
core,all,12,ae_tanh_2,M2,0.9,downside,1343,estimated,98787.60913356079,1.483892721500781
core,all,12,ae_tanh_2,M2,0.9,btc_vol,1343,estimated,519.1310038032899,0.9707302572522516
core,all,12,ae_tanh_2,M2,0.9,btc_ret,1343,estimated,109.60990974518728,0.6542692624071552
core,all,12,ae_tanh_2,M2,0.9,account_ls,1343,estimated,-3.218245863168832,-1.9350979162176714
core,all,12,conditional_neural,M0,0.1,e_origin,1343,estimated,0.2300733524671639,2.209704933262119
core,all,12,conditional_neural,M0,0.1,downside,1343,estimated,-44028.03852945457,-0.6613469694107442
core,all,12,conditional_neural,M0,0.5,e_origin,1343,estimated,0.1570563473405214,1.5084240821327182
core,all,12,conditional_neural,M0,0.5,downside,1343,estimated,-25572.188809748903,-0.38412089512487974
core,all,12,conditional_neural,M0,0.9,e_origin,1343,estimated,0.16981713821700709,1.630983180132218
core,all,12,conditional_neural,M0,0.9,downside,1343,estimated,55132.45107329694,0.8281468048847636
core,all,12,conditional_neural,M1,0.1,e_origin,1343,estimated,0.20805287292093386,1.9982125471847412
core,all,12,conditional_neural,M1,0.1,downside,1343,estimated,154664.07990686526,2.3232154767620914
core,all,12,conditional_neural,M1,0.1,btc_vol,1343,estimated,-2202.3014593089706,-4.118114014535107
core,all,12,conditional_neural,M1,0.1,btc_ret,1343,estimated,82.83468806404214,0.4944460805357726
core,all,12,conditional_neural,M1,0.5,e_origin,1343,estimated,0.152501384695133,1.4646766280255505
core,all,12,conditional_neural,M1,0.5,downside,1343,estimated,41300.63808061298,0.62037857559951
core,all,12,conditional_neural,M1,0.5,btc_vol,1343,estimated,-627.4968930046723,-1.1733651350213459
core,all,12,conditional_neural,M1,0.5,btc_ret,1343,estimated,53.0000143518941,0.31636081425662294
core,all,12,conditional_neural,M1,0.9,e_origin,1343,estimated,0.17336519556715196,1.665059963671203
core,all,12,conditional_neural,M1,0.9,downside,1343,estimated,66755.54204197202,1.0027377302146792
core,all,12,conditional_neural,M1,0.9,btc_vol,1343,estimated,-81.09728805109259,-0.15164494263595774
core,all,12,conditional_neural,M1,0.9,btc_ret,1343,estimated,5.166624924301194,0.03083994764903445
core,all,12,conditional_neural,M2,0.1,e_origin,1343,estimated,0.21444143159862294,2.0595704987908006
core,all,12,conditional_neural,M2,0.1,downside,1343,estimated,112380.2638518661,1.688068544554628
core,all,12,conditional_neural,M2,0.1,btc_vol,1343,estimated,-2050.834235807759,-3.8348833545332823
core,all,12,conditional_neural,M2,0.1,btc_ret,1343,estimated,39.05013252362243,0.23309298823917626
core,all,12,conditional_neural,M2,0.1,account_ls,1343,estimated,1.4619955747092461,0.8790828017576175
core,all,12,conditional_neural,M2,0.5,e_origin,1343,estimated,0.1291967121204658,1.2408504030234608
core,all,12,conditional_neural,M2,0.5,downside,1343,estimated,15600.194850625621,0.23433116557704994
core,all,12,conditional_neural,M2,0.5,btc_vol,1343,estimated,-670.1335884594286,-1.2530920826394938
core,all,12,conditional_neural,M2,0.5,btc_ret,1343,estimated,58.67314588701735,0.35022413549876846
core,all,12,conditional_neural,M2,0.5,account_ls,1343,estimated,1.0557514007648228,0.6348123861650155
core,all,12,conditional_neural,M2,0.9,e_origin,1343,estimated,0.1686563741871243,1.6198347964724842
core,all,12,conditional_neural,M2,0.9,downside,1343,estimated,-2134.046896815548,-0.032055605812309394
core,all,12,conditional_neural,M2,0.9,btc_vol,1343,estimated,-37.90621166180731,-0.07088135042665952
core,all,12,conditional_neural,M2,0.9,btc_ret,1343,estimated,18.170481704369337,0.10846088360019315
core,all,12,conditional_neural,M2,0.9,account_ls,1343,estimated,3.5964738823207836,2.162522508009241
core,all,12,pca_selected,M0,0.1,e_origin,1343,estimated,0.36004028306909797,2.727299051590444
core,all,12,pca_selected,M0,0.1,downside,1343,estimated,-30734.891397900734,-0.4616700620803652
core,all,12,pca_selected,M0,0.5,e_origin,1343,estimated,0.3202659497813147,2.4260091500029732
core,all,12,pca_selected,M0,0.5,downside,1343,estimated,-5611.789282028712,-0.08429491657136881
core,all,12,pca_selected,M0,0.9,e_origin,1343,estimated,0.35655541402547364,2.7009012275564888
core,all,12,pca_selected,M0,0.9,downside,1343,estimated,-6659.091845317374,-0.10002649125470825
core,all,12,pca_selected,M1,0.1,e_origin,1343,estimated,0.3611929024866053,2.736030124173256
core,all,12,pca_selected,M1,0.1,downside,1343,estimated,49751.882339983145,0.7473250616426086
core,all,12,pca_selected,M1,0.1,btc_vol,1343,estimated,-1051.868836090409,-1.9669041116268586
core,all,12,pca_selected,M1,0.1,btc_ret,1343,estimated,-60.73876355905898,-0.36255395270091434
core,all,12,pca_selected,M1,0.5,e_origin,1343,estimated,0.32130745104082625,2.4338985044193264
core,all,12,pca_selected,M1,0.5,downside,1343,estimated,5498.390510931804,0.08259154898778522
core,all,12,pca_selected,M1,0.5,btc_vol,1343,estimated,-83.19559445665196,-0.1555685948584987
core,all,12,pca_selected,M1,0.5,btc_ret,1343,estimated,-30.99689714061,-0.185022659686916
core,all,12,pca_selected,M1,0.9,e_origin,1343,estimated,0.34614178947274404,2.622018197790545
core,all,12,pca_selected,M1,0.9,downside,1343,estimated,27984.07413132988,0.42034992329125437
core,all,12,pca_selected,M1,0.9,btc_vol,1343,estimated,-328.2204027718684,-0.6137438790669938
core,all,12,pca_selected,M1,0.9,btc_ret,1343,estimated,61.4924724221863,0.3670528939288967
core,all,12,pca_selected,M2,0.1,e_origin,1343,estimated,0.3731187498529979,2.826368216162626
core,all,12,pca_selected,M2,0.1,downside,1343,estimated,40870.42619387426,0.6139163452344486
core,all,12,pca_selected,M2,0.1,btc_vol,1343,estimated,-1022.1922966050506,-1.9114115392358353
core,all,12,pca_selected,M2,0.1,btc_ret,1343,estimated,-52.905291167038584,-0.3157954049023743
core,all,12,pca_selected,M2,0.1,account_ls,1343,estimated,1.1783642126944454,0.7085382004609367
core,all,12,pca_selected,M2,0.5,e_origin,1343,estimated,0.3304079166729764,2.5028343775833615
core,all,12,pca_selected,M2,0.5,downside,1343,estimated,-6504.858355546684,-0.09770974369001151
core,all,12,pca_selected,M2,0.5,btc_vol,1343,estimated,-102.61284516346304,-0.19187718100662335
core,all,12,pca_selected,M2,0.5,btc_ret,1343,estimated,-16.996185033599055,-0.10145142415972697
core,all,12,pca_selected,M2,0.5,account_ls,1343,estimated,1.0991645135154673,0.6609162413681653
core,all,12,pca_selected,M2,0.9,e_origin,1343,estimated,0.3560934896024475,2.697402157868823
core,all,12,pca_selected,M2,0.9,downside,1343,estimated,-42256.9893282794,-0.634743966847027
core,all,12,pca_selected,M2,0.9,btc_vol,1343,estimated,-8.512566706703275,-0.015917766437633547
core,all,12,pca_selected,M2,0.9,btc_ret,1343,estimated,11.991681525989383,0.07157919065228566
core,all,12,pca_selected,M2,0.9,account_ls,1343,estimated,1.6120339165439794,0.9692993032250555
core,all,12,ae_selected,M0,0.1,e_origin,1343,estimated,0.6142314214766901,29.621828969576153
core,all,12,ae_selected,M0,0.1,downside,1343,estimated,-18561.776727120996,-0.2788172082012673
core,all,12,ae_selected,M0,0.5,e_origin,1343,estimated,0.8924996294293458,43.04154827313645
core,all,12,ae_selected,M0,0.5,downside,1343,estimated,54498.36755742321,0.8186222104312574
core,all,12,ae_selected,M0,0.9,e_origin,1343,estimated,1.1552095058900635,55.71095390274276
core,all,12,ae_selected,M0,0.9,downside,1343,estimated,161206.15254712082,2.421484217746396
core,all,12,ae_selected,M1,0.1,e_origin,1343,estimated,0.6128075843601273,29.553163222314378
core,all,12,ae_selected,M1,0.1,downside,1343,estimated,53096.874441011474,0.7975703249476729
core,all,12,ae_selected,M1,0.1,btc_vol,1343,estimated,-833.5891980551893,-1.5587399919143181
core,all,12,ae_selected,M1,0.1,btc_ret,1343,estimated,-125.43175769951002,-0.7487109859252007
core,all,12,ae_selected,M1,0.5,e_origin,1343,estimated,0.8907420845431184,42.956789186893324
core,all,12,ae_selected,M1,0.5,downside,1343,estimated,49408.73338281779,0.7421706071073254
core,all,12,ae_selected,M1,0.5,btc_vol,1343,estimated,-11.433809441152546,-0.021380238704427183
core,all,12,ae_selected,M1,0.5,btc_ret,1343,estimated,42.638332638825055,0.2545112071593499
core,all,12,ae_selected,M1,0.9,e_origin,1343,estimated,1.1547147765284833,55.68709516152153
core,all,12,ae_selected,M1,0.9,downside,1343,estimated,160349.59324111967,2.408617805340459
core,all,12,ae_selected,M1,0.9,btc_vol,1343,estimated,-113.51442741682399,-0.21226220071789376
core,all,12,ae_selected,M1,0.9,btc_ret,1343,estimated,128.06190776100277,0.7644105366752509
core,all,12,ae_selected,M2,0.1,e_origin,1343,estimated,0.6144291327272403,29.63136376158513
core,all,12,ae_selected,M2,0.1,downside,1343,estimated,102817.83217326268,1.5444308667913798
core,all,12,ae_selected,M2,0.1,btc_vol,1343,estimated,-997.3335591942799,-1.8649278417010462
core,all,12,ae_selected,M2,0.1,btc_ret,1343,estimated,-109.10402801062146,-0.6512496187443781
core,all,12,ae_selected,M2,0.1,account_ls,1343,estimated,-0.7544858709336371,-0.4536645423422589
core,all,12,ae_selected,M2,0.5,e_origin,1343,estimated,0.8907681732448873,42.95804733656593
core,all,12,ae_selected,M2,0.5,downside,1343,estimated,24985.142516680076,0.3753028487209922
core,all,12,ae_selected,M2,0.5,btc_vol,1343,estimated,113.4137580801702,0.21207395773037924
core,all,12,ae_selected,M2,0.5,btc_ret,1343,estimated,38.80842317972478,0.23165020816102025
core,all,12,ae_selected,M2,0.5,account_ls,1343,estimated,0.672382899152701,0.40429687549404303
core,all,12,ae_selected,M2,0.9,e_origin,1343,estimated,1.153846664055139,55.64522970444358
core,all,12,ae_selected,M2,0.9,downside,1343,estimated,153424.9935055245,2.3046031091950794
core,all,12,ae_selected,M2,0.9,btc_vol,1343,estimated,-148.15286202475463,-0.27703308955217515
core,all,12,ae_selected,M2,0.9,btc_ret,1343,estimated,124.17710557082354,0.7412218791033669
core,all,12,ae_selected,M2,0.9,account_ls,1343,estimated,0.34115539634907943,0.2051332075453939
core,all,12,ae_reconstruction_selected,M0,0.1,e_origin,1343,estimated,0.6143693848261529,29.65931667799024
core,all,12,ae_reconstruction_selected,M0,0.1,downside,1343,estimated,-17856.426677372907,-0.26822211622453657
core,all,12,ae_reconstruction_selected,M0,0.5,e_origin,1343,estimated,0.8932327253666911,43.12173250021494
core,all,12,ae_reconstruction_selected,M0,0.5,downside,1343,estimated,29981.91169013508,0.4503595230604301
core,all,12,ae_reconstruction_selected,M0,0.9,e_origin,1343,estimated,1.156546939658647,55.833498190999165
core,all,12,ae_reconstruction_selected,M0,0.9,downside,1343,estimated,139092.86539142672,2.0893196259864415
core,all,12,ae_reconstruction_selected,M1,0.1,e_origin,1343,estimated,0.6127029508777595,29.578867857754286
core,all,12,ae_reconstruction_selected,M1,0.1,downside,1343,estimated,66349.74833581837,0.9966422863399509
core,all,12,ae_reconstruction_selected,M1,0.1,btc_vol,1343,estimated,-940.5508861541248,-1.7587491345849005
core,all,12,ae_reconstruction_selected,M1,0.1,btc_ret,1343,estimated,-112.71619325758142,-0.6728108872219759
core,all,12,ae_reconstruction_selected,M1,0.5,e_origin,1343,estimated,0.8930461142352042,43.1127236550786
core,all,12,ae_reconstruction_selected,M1,0.5,downside,1343,estimated,13787.410202289791,0.20710125315273928
core,all,12,ae_reconstruction_selected,M1,0.5,btc_vol,1343,estimated,150.37986193041954,0.2811973875337806
core,all,12,ae_reconstruction_selected,M1,0.5,btc_ret,1343,estimated,18.082034209564384,0.10793293428135578
core,all,12,ae_reconstruction_selected,M1,0.9,e_origin,1343,estimated,1.1578525182626742,55.89652634673289
core,all,12,ae_reconstruction_selected,M1,0.9,downside,1343,estimated,160735.97554412225,2.4144216697336858
core,all,12,ae_reconstruction_selected,M1,0.9,btc_vol,1343,estimated,-124.35562556512114,-0.23253430735440445
core,all,12,ae_reconstruction_selected,M1,0.9,btc_ret,1343,estimated,156.58456245245995,0.9346642691183895
core,all,12,ae_reconstruction_selected,M2,0.1,e_origin,1343,estimated,0.6141079939301093,29.646697762474627
core,all,12,ae_reconstruction_selected,M2,0.1,downside,1343,estimated,81087.35183029878,1.2180164318388773
core,all,12,ae_reconstruction_selected,M2,0.1,btc_vol,1343,estimated,-958.2045206639501,-1.7917599103690673
core,all,12,ae_reconstruction_selected,M2,0.1,btc_ret,1343,estimated,-108.48128022139024,-0.6475323933796898
core,all,12,ae_reconstruction_selected,M2,0.1,account_ls,1343,estimated,-0.554838225728832,-0.3336184804067741
core,all,12,ae_reconstruction_selected,M2,0.5,e_origin,1343,estimated,0.8930456683598424,43.11270212998493
core,all,12,ae_reconstruction_selected,M2,0.5,downside,1343,estimated,10207.50636591419,0.1533273710529266
core,all,12,ae_reconstruction_selected,M2,0.5,btc_vol,1343,estimated,148.2504634968297,0.2772155958972046
core,all,12,ae_reconstruction_selected,M2,0.5,btc_ret,1343,estimated,15.941053536562613,0.09515327002463607
core,all,12,ae_reconstruction_selected,M2,0.5,account_ls,1343,estimated,0.2937146419367741,0.17660757311277372
core,all,12,ae_reconstruction_selected,M2,0.9,e_origin,1343,estimated,1.1584974276330215,55.92766001275882
core,all,12,ae_reconstruction_selected,M2,0.9,downside,1343,estimated,181376.68257818333,2.72446657519408
core,all,12,ae_reconstruction_selected,M2,0.9,btc_vol,1343,estimated,-204.7247408683392,-0.3828176296793238
core,all,12,ae_reconstruction_selected,M2,0.9,btc_ret,1343,estimated,180.21291123478244,1.0757035452718664
core,all,12,ae_reconstruction_selected,M2,0.9,account_ls,1343,estimated,-0.47986964281487665,-0.28854064771572463
core,matched,12,sequential_ols,M0,0.1,e_origin,727,estimated,0.3986520470000428,3.7092626710896406
core,matched,12,sequential_ols,M0,0.1,downside,727,estimated,-135806.039562528,-2.200537315227133
core,matched,12,sequential_ols,M0,0.5,e_origin,727,estimated,0.29223028240131277,2.7190601077562184
core,matched,12,sequential_ols,M0,0.5,downside,727,estimated,-17986.27993865692,-0.29144123703653474
core,matched,12,sequential_ols,M0,0.9,e_origin,727,estimated,0.19821355023833084,1.8442803149662814
core,matched,12,sequential_ols,M0,0.9,downside,727,estimated,23765.977597737594,0.38509274480826455
core,matched,12,sequential_ols,M1,0.1,e_origin,727,estimated,0.40127114920710216,3.733632138452272
core,matched,12,sequential_ols,M1,0.1,downside,727,estimated,-16820.186224719226,-0.27254640188165025
core,matched,12,sequential_ols,M1,0.1,btc_vol,727,estimated,-1251.7888657520755,-2.406704863822058
core,matched,12,sequential_ols,M1,0.1,btc_ret,727,estimated,25.738225873708274,0.12484149282054229
core,matched,12,sequential_ols,M1,0.5,e_origin,727,estimated,0.30604532660531814,2.8476023494203253
core,matched,12,sequential_ols,M1,0.5,downside,727,estimated,-20337.98988016433,-0.32954724099297134
core,matched,12,sequential_ols,M1,0.5,btc_vol,727,estimated,-77.69546377488369,-0.14937826631935996
core,matched,12,sequential_ols,M1,0.5,btc_ret,727,estimated,112.36923708870782,0.5450392491733377
core,matched,12,sequential_ols,M1,0.9,e_origin,727,estimated,0.2179361784560899,2.0277897417318864
core,matched,12,sequential_ols,M1,0.9,downside,727,estimated,-73604.5043581068,-1.192652837315368
core,matched,12,sequential_ols,M1,0.9,btc_vol,727,estimated,893.2811050845672,1.7174333780926636
core,matched,12,sequential_ols,M1,0.9,btc_ret,727,estimated,-45.53363303724247,-0.2208577525818842
core,matched,12,sequential_ols,M2,0.1,e_origin,727,estimated,0.26925304842595943,2.5052681633499687
core,matched,12,sequential_ols,M2,0.1,downside,727,estimated,-106295.25532519595,-1.7223584203484092
core,matched,12,sequential_ols,M2,0.1,btc_vol,727,estimated,-711.6226652482926,-1.3681745991805985
core,matched,12,sequential_ols,M2,0.1,btc_ret,727,estimated,96.2251018486059,0.46673323252866106
core,matched,12,sequential_ols,M2,0.1,account_ls,727,estimated,2.8516470825209415,1.7771114242168373
core,matched,12,sequential_ols,M2,0.5,e_origin,727,estimated,0.30743970545046917,2.8605763638236055
core,matched,12,sequential_ols,M2,0.5,downside,727,estimated,6744.259252235474,0.10928081104431951
core,matched,12,sequential_ols,M2,0.5,btc_vol,727,estimated,-518.3602255114863,-0.9966058255366171
core,matched,12,sequential_ols,M2,0.5,btc_ret,727,estimated,120.28319585489967,0.5834253613840027
core,matched,12,sequential_ols,M2,0.5,account_ls,727,estimated,0.8268666243861587,0.5152931207746897
core,matched,12,sequential_ols,M2,0.9,e_origin,727,estimated,0.17310004848675412,1.610611441851332
core,matched,12,sequential_ols,M2,0.9,downside,727,estimated,-129306.86995988018,-2.095227821815158
core,matched,12,sequential_ols,M2,0.9,btc_vol,727,estimated,865.5837786440001,1.6641821533189622
core,matched,12,sequential_ols,M2,0.9,btc_ret,727,estimated,-133.5814903091519,-0.6479278232002177
core,matched,12,sequential_ols,M2,0.9,account_ls,727,estimated,3.2921632654256627,2.0516356968699294
core,matched,12,pca_1,M0,0.1,e_origin,727,estimated,0.3984952500700885,3.6894264576020226
core,matched,12,pca_1,M0,0.1,downside,727,estimated,-137965.04286969642,-2.235520791340767
core,matched,12,pca_1,M0,0.5,e_origin,727,estimated,0.30139687577041435,2.790451347940479
core,matched,12,pca_1,M0,0.5,downside,727,estimated,-15639.280986174335,-0.25341156773483187
core,matched,12,pca_1,M0,0.9,e_origin,727,estimated,0.2013895837171237,1.8645443284975933
core,matched,12,pca_1,M0,0.9,downside,727,estimated,24635.034878055158,0.3991745410271146
core,matched,12,pca_1,M1,0.1,e_origin,727,estimated,0.3933464638367536,3.641756960536595
core,matched,12,pca_1,M1,0.1,downside,727,estimated,-15184.384996669449,-0.24604064665740966
core,matched,12,pca_1,M1,0.1,btc_vol,727,estimated,-1237.5723482660123,-2.3793720102423426
core,matched,12,pca_1,M1,0.1,btc_ret,727,estimated,21.762984993186883,0.10555986057904095
core,matched,12,pca_1,M1,0.5,e_origin,727,estimated,0.3091683348187284,2.862402586059321
core,matched,12,pca_1,M1,0.5,downside,727,estimated,-17921.05604024684,-0.29038437960399116
core,matched,12,pca_1,M1,0.5,btc_vol,727,estimated,-101.986456361996,-0.19608043120189006
core,matched,12,pca_1,M1,0.5,btc_ret,727,estimated,112.67819940566605,0.5465378496232529
core,matched,12,pca_1,M1,0.9,e_origin,727,estimated,0.21771715646814394,2.0157114475170568
core,matched,12,pca_1,M1,0.9,downside,727,estimated,-63692.34813992836,-1.032040910903807
core,matched,12,pca_1,M1,0.9,btc_vol,727,estimated,783.0104987383935,1.5054257369554354
core,matched,12,pca_1,M1,0.9,btc_ret,727,estimated,-38.13593902418778,-0.18497574701743946
core,matched,12,pca_1,M2,0.1,e_origin,727,estimated,0.26615136649477683,2.4641344987174993
core,matched,12,pca_1,M2,0.1,downside,727,estimated,-111886.28105945111,-1.812952776816326
core,matched,12,pca_1,M2,0.1,btc_vol,727,estimated,-681.5215112840278,-1.3103017456711308
core,matched,12,pca_1,M2,0.1,btc_ret,727,estimated,91.78789307279101,0.4452108568121979
core,matched,12,pca_1,M2,0.1,account_ls,727,estimated,2.944571514280584,1.8350207883457719
core,matched,12,pca_1,M2,0.5,e_origin,727,estimated,0.3103214140511702,2.873078249137197
core,matched,12,pca_1,M2,0.5,downside,727,estimated,2536.2885241591407,0.0410968286651555
core,matched,12,pca_1,M2,0.5,btc_vol,727,estimated,-444.00683844374174,-0.8536530775186247
core,matched,12,pca_1,M2,0.5,btc_ret,727,estimated,118.84873979586705,0.5764676310154137
core,matched,12,pca_1,M2,0.5,account_ls,727,estimated,0.7361811091318299,0.45877902190275316
core,matched,12,pca_1,M2,0.9,e_origin,727,estimated,0.17757869380206548,1.6440937027593594
core,matched,12,pca_1,M2,0.9,downside,727,estimated,-126593.2289607986,-2.051257256898862
core,matched,12,pca_1,M2,0.9,btc_vol,727,estimated,836.6240772725149,1.6085038707807058
core,matched,12,pca_1,M2,0.9,btc_ret,727,estimated,-131.66745583394012,-0.6386439307373922
core,matched,12,pca_1,M2,0.9,account_ls,727,estimated,3.2497229648943238,2.0251874230341773
core,matched,12,pca_2,M0,0.1,e_origin,727,estimated,0.4399616734871625,3.245580484063336
core,matched,12,pca_2,M0,0.1,downside,727,estimated,-40670.57282366101,-0.6590068705222952
core,matched,12,pca_2,M0,0.5,e_origin,727,estimated,0.3639668550105725,2.6849696067961983
core,matched,12,pca_2,M0,0.5,downside,727,estimated,-8755.242521521228,-0.14186583994742125
core,matched,12,pca_2,M0,0.9,e_origin,727,estimated,0.3669201713203345,2.7067561085663554
core,matched,12,pca_2,M0,0.9,downside,727,estimated,-20043.14119676666,-0.3247696513345716
core,matched,12,pca_2,M1,0.1,e_origin,727,estimated,0.45707569613848326,3.3718299763900017
core,matched,12,pca_2,M1,0.1,downside,727,estimated,137244.76786593412,2.2238497932900905
core,matched,12,pca_2,M1,0.1,btc_vol,727,estimated,-1384.6975919373099,-2.662236836110546
core,matched,12,pca_2,M1,0.1,btc_ret,727,estimated,118.35103720198637,0.5740535588448764
core,matched,12,pca_2,M1,0.5,e_origin,727,estimated,0.37320795513874083,2.753140849962754
core,matched,12,pca_2,M1,0.5,downside,727,estimated,-12066.799363299004,-0.19552475250611145
core,matched,12,pca_2,M1,0.5,btc_vol,727,estimated,78.25112469146481,0.15044658691811216
core,matched,12,pca_2,M1,0.5,btc_ret,727,estimated,155.26975346056184,0.7531252506294563
core,matched,12,pca_2,M1,0.9,e_origin,727,estimated,0.3447467926383231,2.5431839397779252
core,matched,12,pca_2,M1,0.9,downside,727,estimated,76306.08041129733,1.2364279075119526
core,matched,12,pca_2,M1,0.9,btc_vol,727,estimated,-823.2502012519404,-1.5827910901772997
core,matched,12,pca_2,M1,0.9,btc_ret,727,estimated,112.64548103457439,0.5463791514165551
core,matched,12,pca_2,M2,0.1,e_origin,727,estimated,0.44216859146462467,3.2618608338056387
core,matched,12,pca_2,M2,0.1,downside,727,estimated,607.6841986511291,0.009846629496842204
core,matched,12,pca_2,M2,0.1,btc_vol,727,estimated,-689.9432976540724,-1.3264935770361421
core,matched,12,pca_2,M2,0.1,btc_ret,727,estimated,124.32789133364777,0.603043878373055
core,matched,12,pca_2,M2,0.1,account_ls,727,estimated,2.41176074716945,1.5029796648201086
core,matched,12,pca_2,M2,0.5,e_origin,727,estimated,0.36844236122804325,2.717985245455348
core,matched,12,pca_2,M2,0.5,downside,727,estimated,-12505.597297650878,-0.2026348282545564
core,matched,12,pca_2,M2,0.5,btc_vol,727,estimated,-84.04092595317823,-0.16157813093352968
core,matched,12,pca_2,M2,0.5,btc_ret,727,estimated,185.10387860807433,0.8978336209221801
core,matched,12,pca_2,M2,0.5,account_ls,727,estimated,0.9491662374252199,0.5915087369500542
core,matched,12,pca_2,M2,0.9,e_origin,727,estimated,0.36824792953028795,2.7165509302371245
core,matched,12,pca_2,M2,0.9,downside,727,estimated,2081.946247580339,0.03373487969206457
core,matched,12,pca_2,M2,0.9,btc_vol,727,estimated,-450.5384509488379,-0.8662108370695308
core,matched,12,pca_2,M2,0.9,btc_ret,727,estimated,49.077145420765845,0.23804531546822236
core,matched,12,pca_2,M2,0.9,account_ls,727,estimated,0.8644003805378436,0.5386836964387589
core,matched,12,conditional_linear,M0,0.1,e_origin,727,estimated,0.4093725711033183,4.735077101865363
core,matched,12,conditional_linear,M0,0.1,downside,727,estimated,-131409.46722871668,-2.1292973209616894
core,matched,12,conditional_linear,M0,0.5,e_origin,727,estimated,0.35165297289813946,4.067453604146378
core,matched,12,conditional_linear,M0,0.5,downside,727,estimated,-34369.448573186455,-0.556906411030818
core,matched,12,conditional_linear,M0,0.9,e_origin,727,estimated,0.43908352361779535,5.078733860662726
core,matched,12,conditional_linear,M0,0.9,downside,727,estimated,-2809.76562145561,-0.045528123174585634
core,matched,12,conditional_linear,M1,0.1,e_origin,727,estimated,0.3879236502516788,4.4869845300777715
core,matched,12,conditional_linear,M1,0.1,downside,727,estimated,83538.74097435223,1.3536225441322631
core,matched,12,conditional_linear,M1,0.1,btc_vol,727,estimated,-2026.2418008887385,-3.8956777224157917
core,matched,12,conditional_linear,M1,0.1,btc_ret,727,estimated,52.00711566883577,0.2522569344618404
core,matched,12,conditional_linear,M1,0.5,e_origin,727,estimated,0.33680478446215045,3.8957095205651417
core,matched,12,conditional_linear,M1,0.5,downside,727,estimated,37389.4248852962,0.6058406895600121
core,matched,12,conditional_linear,M1,0.5,btc_vol,727,estimated,-821.0754163026662,-1.5786098215477526
core,matched,12,conditional_linear,M1,0.5,btc_ret,727,estimated,107.76900044766661,0.5227261180191818
core,matched,12,conditional_linear,M1,0.9,e_origin,727,estimated,0.4622776965283501,5.347013185653837
core,matched,12,conditional_linear,M1,0.9,downside,727,estimated,-44143.161197731744,-0.7152750624391079
core,matched,12,conditional_linear,M1,0.9,btc_vol,727,estimated,716.7350117476022,1.3780036602323917
core,matched,12,conditional_linear,M1,0.9,btc_ret,727,estimated,20.113748406188673,0.09756035204471598
core,matched,12,conditional_linear,M2,0.1,e_origin,727,estimated,0.3692301919336079,4.270763481857537
core,matched,12,conditional_linear,M2,0.1,downside,727,estimated,-99935.53462671155,-1.6193084915196272
core,matched,12,conditional_linear,M2,0.1,btc_vol,727,estimated,-1493.026707810688,-2.870511743484294
core,matched,12,conditional_linear,M2,0.1,btc_ret,727,estimated,-69.7531746643342,-0.3383329720081005
core,matched,12,conditional_linear,M2,0.1,account_ls,727,estimated,3.0074403586012823,1.8741998796696724
core,matched,12,conditional_linear,M2,0.5,e_origin,727,estimated,0.31633569508069675,3.658950335246653
core,matched,12,conditional_linear,M2,0.5,downside,727,estimated,30858.075809006557,0.50000977506278
core,matched,12,conditional_linear,M2,0.5,btc_vol,727,estimated,-826.6166099733963,-1.5892633895124382
core,matched,12,conditional_linear,M2,0.5,btc_ret,727,estimated,113.99474299504439,0.5529236536746969
core,matched,12,conditional_linear,M2,0.5,account_ls,727,estimated,0.6591429571390449,0.41076979213302206
core,matched,12,conditional_linear,M2,0.9,e_origin,727,estimated,0.43223376487760384,4.99950496734296
core,matched,12,conditional_linear,M2,0.9,downside,727,estimated,-164866.193302611,-2.671414405062648
core,matched,12,conditional_linear,M2,0.9,btc_vol,727,estimated,852.4962884561877,1.639019981684445
core,matched,12,conditional_linear,M2,0.9,btc_ret,727,estimated,12.085881399483377,0.05862173575470857
core,matched,12,conditional_linear,M2,0.9,account_ls,727,estimated,3.157341159451413,1.9676162169586904
core,matched,12,ae_relu_1,M0,0.1,e_origin,727,estimated,0.612612904809755,30.984076194474152
core,matched,12,ae_relu_1,M0,0.1,downside,727,estimated,-131698.06008006886,-2.1339735440542267
core,matched,12,ae_relu_1,M0,0.5,e_origin,727,estimated,0.8747189713438488,44.240594744386605
core,matched,12,ae_relu_1,M0,0.5,downside,727,estimated,19831.824660990147,0.32134557738470393
core,matched,12,ae_relu_1,M0,0.9,e_origin,727,estimated,1.1308804743900795,57.19645555985576
core,matched,12,ae_relu_1,M0,0.9,downside,727,estimated,140126.09280365807,2.270537430034234
core,matched,12,ae_relu_1,M1,0.1,e_origin,727,estimated,0.613134329343589,31.010448243379972
core,matched,12,ae_relu_1,M1,0.1,downside,727,estimated,24660.940294152173,0.3995943002290735
core,matched,12,ae_relu_1,M1,0.1,btc_vol,727,estimated,-1248.1410309556138,-2.3996914912100644
core,matched,12,ae_relu_1,M1,0.1,btc_ret,727,estimated,92.10607491317586,0.44675417592583616
core,matched,12,ae_relu_1,M1,0.5,e_origin,727,estimated,0.869734248379446,43.98848279094128
core,matched,12,ae_relu_1,M1,0.5,downside,727,estimated,-18898.217184332425,-0.3062178400854032
core,matched,12,ae_relu_1,M1,0.5,btc_vol,727,estimated,415.5498359261073,0.7989412900576938
core,matched,12,ae_relu_1,M1,0.5,btc_ret,727,estimated,206.43678495058523,1.00130741461207
core,matched,12,ae_relu_1,M1,0.9,e_origin,727,estimated,1.128901379287856,57.09635901771313
core,matched,12,ae_relu_1,M1,0.9,downside,727,estimated,125997.65847532704,2.0416069123239824
core,matched,12,ae_relu_1,M1,0.9,btc_vol,727,estimated,243.02011010758724,0.4672334904106272
core,matched,12,ae_relu_1,M1,0.9,btc_ret,727,estimated,-50.38960007695071,-0.24441128643068724
core,matched,12,ae_relu_1,M2,0.1,e_origin,727,estimated,0.6072104899517247,30.710838669960438
core,matched,12,ae_relu_1,M2,0.1,downside,727,estimated,-82348.2680277146,-1.3343326793347676
core,matched,12,ae_relu_1,M2,0.1,btc_vol,727,estimated,-1041.7574281222496,-2.0028958059778295
core,matched,12,ae_relu_1,M2,0.1,btc_ret,727,estimated,69.59431141813538,0.3375624167683146
core,matched,12,ae_relu_1,M2,0.1,account_ls,727,estimated,1.6242584435807448,1.0122179051049538
core,matched,12,ae_relu_1,M2,0.5,e_origin,727,estimated,0.8692168085536828,43.96231227631185
core,matched,12,ae_relu_1,M2,0.5,downside,727,estimated,-32436.723700002967,-0.5255894444422318
core,matched,12,ae_relu_1,M2,0.5,btc_vol,727,estimated,470.63628270269703,0.9048511787099157
core,matched,12,ae_relu_1,M2,0.5,btc_ret,727,estimated,193.04291434175443,0.9363413672373869
core,matched,12,ae_relu_1,M2,0.5,account_ls,727,estimated,0.5319980311723008,0.33153463647450426
core,matched,12,ae_relu_1,M2,0.9,e_origin,727,estimated,1.1300046405646123,57.15215857921934
core,matched,12,ae_relu_1,M2,0.9,downside,727,estimated,68.93974653537379,0.0011170672912786217
core,matched,12,ae_relu_1,M2,0.9,btc_vol,727,estimated,607.4292388161235,1.1678510198348686
core,matched,12,ae_relu_1,M2,0.9,btc_ret,727,estimated,-43.12656958211389,-0.20918245699132884
core,matched,12,ae_relu_1,M2,0.9,account_ls,727,estimated,2.037057041516885,1.2694689193659798
core,matched,12,ae_relu_2,M0,0.1,e_origin,727,estimated,0.6043209109759253,33.47187000037135
core,matched,12,ae_relu_2,M0,0.1,downside,727,estimated,-105576.16364319623,-1.710706596288101
core,matched,12,ae_relu_2,M0,0.5,e_origin,727,estimated,0.8905128264182647,49.32334628533623
core,matched,12,ae_relu_2,M0,0.5,downside,727,estimated,21095.776869272893,0.3418260656453848
core,matched,12,ae_relu_2,M0,0.9,e_origin,727,estimated,1.1606093903904744,64.28334007774852
core,matched,12,ae_relu_2,M0,0.9,downside,727,estimated,101174.6483345877,1.6393865083793668
core,matched,12,ae_relu_2,M1,0.1,e_origin,727,estimated,0.6008787571330635,33.28121744498734
core,matched,12,ae_relu_2,M1,0.1,downside,727,estimated,-46811.15626246979,-0.7585060020623398
core,matched,12,ae_relu_2,M1,0.1,btc_vol,727,estimated,-547.0380711098805,-1.0517422086551287
core,matched,12,ae_relu_2,M1,0.1,btc_ret,727,estimated,-113.71905273711023,-0.5515864370566805
core,matched,12,ae_relu_2,M1,0.5,e_origin,727,estimated,0.8911825259471158,49.36043931846132
core,matched,12,ae_relu_2,M1,0.5,downside,727,estimated,23747.002141163815,0.3847852754173701
core,matched,12,ae_relu_2,M1,0.5,btc_vol,727,estimated,106.1278648861571,0.20404275481002054
core,matched,12,ae_relu_2,M1,0.5,btc_ret,727,estimated,112.49922455410454,0.5456697444261073
core,matched,12,ae_relu_2,M1,0.9,e_origin,727,estimated,1.1642407348232064,64.48447144118701
core,matched,12,ae_relu_2,M1,0.9,downside,727,estimated,103278.91478156322,1.6734830541049202
core,matched,12,ae_relu_2,M1,0.9,btc_vol,727,estimated,-163.19078221796434,-0.31375263036784984
core,matched,12,ae_relu_2,M1,0.9,btc_ret,727,estimated,198.68358085884717,0.9637010318837385
core,matched,12,ae_relu_2,M2,0.1,e_origin,727,estimated,0.600500041571043,33.260241308254635
core,matched,12,ae_relu_2,M2,0.1,downside,727,estimated,-83435.55565311946,-1.3519505776240883
core,matched,12,ae_relu_2,M2,0.1,btc_vol,727,estimated,-370.1739434463381,-0.7117010340375894
core,matched,12,ae_relu_2,M2,0.1,btc_ret,727,estimated,-95.62786554012091,-0.4638363789271834
core,matched,12,ae_relu_2,M2,0.1,account_ls,727,estimated,0.805692285645631,0.5020975330364049
core,matched,12,ae_relu_2,M2,0.5,e_origin,727,estimated,0.8909129331683714,49.34550722811118
core,matched,12,ae_relu_2,M2,0.5,downside,727,estimated,11493.657466070326,0.18623783024672927
core,matched,12,ae_relu_2,M2,0.5,btc_vol,727,estimated,43.14371247700072,0.08294863894587719
core,matched,12,ae_relu_2,M2,0.5,btc_ret,727,estimated,144.54037326051088,0.7010831305631386
core,matched,12,ae_relu_2,M2,0.5,account_ls,727,estimated,0.9950771941951095,0.6201198811104212
core,matched,12,ae_relu_2,M2,0.9,e_origin,727,estimated,1.1649440665997433,64.52342728296544
core,matched,12,ae_relu_2,M2,0.9,downside,727,estimated,125850.7149170228,2.03922590788322
core,matched,12,ae_relu_2,M2,0.9,btc_vol,727,estimated,-249.01313773419838,-0.4787557599662997
core,matched,12,ae_relu_2,M2,0.9,btc_ret,727,estimated,202.97629416868412,0.9845225422893212
core,matched,12,ae_relu_2,M2,0.9,account_ls,727,estimated,-0.6407703033616337,-0.3993201800400156
core,matched,12,ae_tanh_1,M0,0.1,e_origin,727,estimated,0.5235808013331639,31.969504461174882
core,matched,12,ae_tanh_1,M0,0.1,downside,727,estimated,-32449.85758430435,-0.5258022597381654
core,matched,12,ae_tanh_1,M0,0.5,e_origin,727,estimated,0.8638657285904284,52.747081622754855
core,matched,12,ae_tanh_1,M0,0.5,downside,727,estimated,35651.83992937513,0.5776856785884925
core,matched,12,ae_tanh_1,M0,0.9,e_origin,727,estimated,1.1851908375165394,72.36698456255759
core,matched,12,ae_tanh_1,M0,0.9,downside,727,estimated,61487.06946887339,0.9963076105162595
core,matched,12,ae_tanh_1,M1,0.1,e_origin,727,estimated,0.5321913453407405,32.495258698844495
core,matched,12,ae_tanh_1,M1,0.1,downside,727,estimated,71216.87215592283,1.153964765909496
core,matched,12,ae_tanh_1,M1,0.1,btc_vol,727,estimated,-608.5425479700541,-1.1699914818800334
core,matched,12,ae_tanh_1,M1,0.1,btc_ret,727,estimated,357.05850616693044,1.7318877048043437
core,matched,12,ae_tanh_1,M1,0.5,e_origin,727,estimated,0.8601518700700229,52.52031582799317
core,matched,12,ae_tanh_1,M1,0.5,downside,727,estimated,-11650.44502872858,-0.18877834231308804
core,matched,12,ae_tanh_1,M1,0.5,btc_vol,727,estimated,793.7237439318433,1.5260231555935242
core,matched,12,ae_tanh_1,M1,0.5,btc_ret,727,estimated,244.15833849182098,1.18427321337011
core,matched,12,ae_tanh_1,M1,0.9,e_origin,727,estimated,1.1821702774228702,72.1825511204911
core,matched,12,ae_tanh_1,M1,0.9,downside,727,estimated,-31022.423202660677,-0.5026727830818726
core,matched,12,ae_tanh_1,M1,0.9,btc_vol,727,estimated,969.5848122520356,1.8641358358248377
core,matched,12,ae_tanh_1,M1,0.9,btc_ret,727,estimated,-95.47170654971559,-0.46307894049396714
core,matched,12,ae_tanh_1,M2,0.1,e_origin,727,estimated,0.5217579661933005,31.85820332868976
core,matched,12,ae_tanh_1,M2,0.1,downside,727,estimated,-157229.80372440655,-2.547677932998653
core,matched,12,ae_tanh_1,M2,0.1,btc_vol,727,estimated,333.28889967056284,0.640785389485891
core,matched,12,ae_tanh_1,M2,0.1,btc_ret,727,estimated,422.5929132333986,2.049757834992467
core,matched,12,ae_tanh_1,M2,0.1,account_ls,727,estimated,6.368263675835749,3.9686236772146963
core,matched,12,ae_tanh_1,M2,0.5,e_origin,727,estimated,0.8591468683174857,52.458951072201096
core,matched,12,ae_tanh_1,M2,0.5,downside,727,estimated,-14341.703581611382,-0.2323862325779099
core,matched,12,ae_tanh_1,M2,0.5,btc_vol,727,estimated,658.3027712685772,1.2656611069373522
core,matched,12,ae_tanh_1,M2,0.5,btc_ret,727,estimated,241.67758765284563,1.172240502196732
core,matched,12,ae_tanh_1,M2,0.5,account_ls,727,estimated,0.5428885109550652,0.33832144966600336
core,matched,12,ae_tanh_1,M2,0.9,e_origin,727,estimated,1.18926613715613,72.61581971785124
core,matched,12,ae_tanh_1,M2,0.9,downside,727,estimated,95393.30724982417,1.5457083713093263
core,matched,12,ae_tanh_1,M2,0.9,btc_vol,727,estimated,488.5539896624424,0.9392999852685596
core,matched,12,ae_tanh_1,M2,0.9,btc_ret,727,estimated,-61.191199291361855,-0.29680369985471317
core,matched,12,ae_tanh_1,M2,0.9,account_ls,727,estimated,-4.6270395749006035,-2.883514211579825
core,matched,12,ae_tanh_2,M0,0.1,e_origin,727,estimated,0.5278370688131214,32.14002544221229
core,matched,12,ae_tanh_2,M0,0.1,downside,727,estimated,51864.61692650005,0.8403899064752288
core,matched,12,ae_tanh_2,M0,0.5,e_origin,727,estimated,0.8638114263342547,52.597520826044864
core,matched,12,ae_tanh_2,M0,0.5,downside,727,estimated,16877.857942241062,0.27348088732021286
core,matched,12,ae_tanh_2,M0,0.9,e_origin,727,estimated,1.1874332893167416,72.30287220142502
core,matched,12,ae_tanh_2,M0,0.9,downside,727,estimated,38641.24539201338,0.6261246014233677
core,matched,12,ae_tanh_2,M1,0.1,e_origin,727,estimated,0.5310398757836904,32.33504451836782
core,matched,12,ae_tanh_2,M1,0.1,downside,727,estimated,100031.78272001795,1.620868050442945
core,matched,12,ae_tanh_2,M1,0.1,btc_vol,727,estimated,-293.42761966519606,-0.5641475960913541
core,matched,12,ae_tanh_2,M1,0.1,btc_ret,727,estimated,142.95441608234074,0.6933905544452771
core,matched,12,ae_tanh_2,M1,0.5,e_origin,727,estimated,0.8590001133623744,52.3045597392565
core,matched,12,ae_tanh_2,M1,0.5,downside,727,estimated,-22666.647001221234,-0.3672797078682443
core,matched,12,ae_tanh_2,M1,0.5,btc_vol,727,estimated,693.1297905641533,1.332619967991552
core,matched,12,ae_tanh_2,M1,0.5,btc_ret,727,estimated,275.8070186521873,1.3377829578415052
core,matched,12,ae_tanh_2,M1,0.9,e_origin,727,estimated,1.1881160533336956,72.34444573646543
core,matched,12,ae_tanh_2,M1,0.9,downside,727,estimated,-138869.8702464717,-2.2501821894114786
core,matched,12,ae_tanh_2,M1,0.9,btc_vol,727,estimated,1363.6761735749055,2.6218207953536723
core,matched,12,ae_tanh_2,M1,0.9,btc_ret,727,estimated,27.711154095587293,0.13441104534742235
core,matched,12,ae_tanh_2,M2,0.1,e_origin,727,estimated,0.5258946324931202,32.02175039782199
core,matched,12,ae_tanh_2,M2,0.1,downside,727,estimated,-155937.81736020016,-2.5267431924351325
core,matched,12,ae_tanh_2,M2,0.1,btc_vol,727,estimated,832.204858735239,1.6000074261813488
core,matched,12,ae_tanh_2,M2,0.1,btc_ret,727,estimated,308.23845317497364,1.4950893984642124
core,matched,12,ae_tanh_2,M2,0.1,account_ls,727,estimated,5.643566018810204,3.5170010015697293
core,matched,12,ae_tanh_2,M2,0.5,e_origin,727,estimated,0.8582951189630633,52.26163259512578
core,matched,12,ae_tanh_2,M2,0.5,downside,727,estimated,-19959.22887622072,-0.3234099754824264
core,matched,12,ae_tanh_2,M2,0.5,btc_vol,727,estimated,622.986568528219,1.197761735699631
core,matched,12,ae_tanh_2,M2,0.5,btc_ret,727,estimated,281.9438032849591,1.36754900925595
core,matched,12,ae_tanh_2,M2,0.5,account_ls,727,estimated,0.7122414911982892,0.4438601461478081
core,matched,12,ae_tanh_2,M2,0.9,e_origin,727,estimated,1.1886522579643843,72.37709526316752
core,matched,12,ae_tanh_2,M2,0.9,downside,727,estimated,-76195.61123012229,-1.2346379167564505
core,matched,12,ae_tanh_2,M2,0.9,btc_vol,727,estimated,1258.0148040287193,2.4186749302942916
core,matched,12,ae_tanh_2,M2,0.9,btc_ret,727,estimated,-0.5045146859466563,-0.0024471137541692985
core,matched,12,ae_tanh_2,M2,0.9,account_ls,727,estimated,-1.508135195062745,-0.9398513234113748
core,matched,12,conditional_neural,M0,0.1,e_origin,727,estimated,0.24813948147476944,2.3649184322510304
core,matched,12,conditional_neural,M0,0.1,downside,727,estimated,22615.307912804474,0.36644783337904824
core,matched,12,conditional_neural,M0,0.5,e_origin,727,estimated,0.17305983351940268,1.649364251669658
core,matched,12,conditional_neural,M0,0.5,downside,727,estimated,-6952.923332283651,-0.11266190584667651
core,matched,12,conditional_neural,M0,0.9,e_origin,727,estimated,0.19172323291758378,1.8272376677939242
core,matched,12,conditional_neural,M0,0.9,downside,727,estimated,114083.37133139659,1.8485533962284877
core,matched,12,conditional_neural,M1,0.1,e_origin,727,estimated,0.24167168405755865,2.3032764346248578
core,matched,12,conditional_neural,M1,0.1,downside,727,estimated,172672.51409572928,2.797904362764279
core,matched,12,conditional_neural,M1,0.1,btc_vol,727,estimated,-1933.4499227243496,-3.7172749017713964
core,matched,12,conditional_neural,M1,0.1,btc_ret,727,estimated,79.62683109194512,0.38622446282290607
core,matched,12,conditional_neural,M1,0.5,e_origin,727,estimated,0.1611803455489652,1.5361455897299277
core,matched,12,conditional_neural,M1,0.5,downside,727,estimated,-26138.040875908464,-0.4235285446777665
core,matched,12,conditional_neural,M1,0.5,btc_vol,727,estimated,-70.04185295538129,-0.13466333883513856
core,matched,12,conditional_neural,M1,0.5,btc_ret,727,estimated,143.97171430915083,0.6983248894651742
core,matched,12,conditional_neural,M1,0.9,e_origin,727,estimated,0.15547264503856065,1.4817477725724155
core,matched,12,conditional_neural,M1,0.9,downside,727,estimated,-15141.352129438468,-0.24534336227721543
core,matched,12,conditional_neural,M1,0.9,btc_vol,727,estimated,652.2955806547142,1.2541116074459948
core,matched,12,conditional_neural,M1,0.9,btc_ret,727,estimated,-46.84457461423612,-0.2272163844578902
core,matched,12,conditional_neural,M2,0.1,e_origin,727,estimated,0.2406554772794256,2.293591373117104
core,matched,12,conditional_neural,M2,0.1,downside,727,estimated,158184.4119960366,2.5631459573215274
core,matched,12,conditional_neural,M2,0.1,btc_vol,727,estimated,-1931.5344509162228,-3.71359219181666
core,matched,12,conditional_neural,M2,0.1,btc_ret,727,estimated,30.5731921080058,0.1482931637083638
core,matched,12,conditional_neural,M2,0.1,account_ls,727,estimated,1.856676186113017,1.1570577865813305
core,matched,12,conditional_neural,M2,0.5,e_origin,727,estimated,0.14575825267326967,1.3891637733383748
core,matched,12,conditional_neural,M2,0.5,downside,727,estimated,-26217.392365644966,-0.42481431896841315
core,matched,12,conditional_neural,M2,0.5,btc_vol,727,estimated,-163.9683428380794,-0.31524757810028803
core,matched,12,conditional_neural,M2,0.5,btc_ret,727,estimated,156.66080788460735,0.7598724643552421
core,matched,12,conditional_neural,M2,0.5,account_ls,727,estimated,0.6706861152091625,0.4179633464138738
core,matched,12,conditional_neural,M2,0.9,e_origin,727,estimated,0.17502164357150599,1.6680614808458472
core,matched,12,conditional_neural,M2,0.9,downside,727,estimated,-39340.10158566136,-0.6374485391293333
core,matched,12,conditional_neural,M2,0.9,btc_vol,727,estimated,409.12311881897915,0.7865852037053511
core,matched,12,conditional_neural,M2,0.9,btc_ret,727,estimated,-109.82780730688208,-0.532712218964709
core,matched,12,conditional_neural,M2,0.9,account_ls,727,estimated,3.536152886244815,2.2036870307133647
core,matched,12,pca_selected,M0,0.1,e_origin,727,estimated,0.4399616734871625,3.245580484063336
core,matched,12,pca_selected,M0,0.1,downside,727,estimated,-40670.57282366101,-0.6590068705222952
core,matched,12,pca_selected,M0,0.5,e_origin,727,estimated,0.3639668550105725,2.6849696067961983
core,matched,12,pca_selected,M0,0.5,downside,727,estimated,-8755.242521521228,-0.14186583994742125
core,matched,12,pca_selected,M0,0.9,e_origin,727,estimated,0.3669201713203345,2.7067561085663554
core,matched,12,pca_selected,M0,0.9,downside,727,estimated,-20043.14119676666,-0.3247696513345716
core,matched,12,pca_selected,M1,0.1,e_origin,727,estimated,0.45707569613848326,3.3718299763900017
core,matched,12,pca_selected,M1,0.1,downside,727,estimated,137244.76786593412,2.2238497932900905
core,matched,12,pca_selected,M1,0.1,btc_vol,727,estimated,-1384.6975919373099,-2.662236836110546
core,matched,12,pca_selected,M1,0.1,btc_ret,727,estimated,118.35103720198637,0.5740535588448764
core,matched,12,pca_selected,M1,0.5,e_origin,727,estimated,0.37320795513874083,2.753140849962754
core,matched,12,pca_selected,M1,0.5,downside,727,estimated,-12066.799363299004,-0.19552475250611145
core,matched,12,pca_selected,M1,0.5,btc_vol,727,estimated,78.25112469146481,0.15044658691811216
core,matched,12,pca_selected,M1,0.5,btc_ret,727,estimated,155.26975346056184,0.7531252506294563
core,matched,12,pca_selected,M1,0.9,e_origin,727,estimated,0.3447467926383231,2.5431839397779252
core,matched,12,pca_selected,M1,0.9,downside,727,estimated,76306.08041129733,1.2364279075119526
core,matched,12,pca_selected,M1,0.9,btc_vol,727,estimated,-823.2502012519404,-1.5827910901772997
core,matched,12,pca_selected,M1,0.9,btc_ret,727,estimated,112.64548103457439,0.5463791514165551
core,matched,12,pca_selected,M2,0.1,e_origin,727,estimated,0.44216859146462467,3.2618608338056387
core,matched,12,pca_selected,M2,0.1,downside,727,estimated,607.6841986511291,0.009846629496842204
core,matched,12,pca_selected,M2,0.1,btc_vol,727,estimated,-689.9432976540724,-1.3264935770361421
core,matched,12,pca_selected,M2,0.1,btc_ret,727,estimated,124.32789133364777,0.603043878373055
core,matched,12,pca_selected,M2,0.1,account_ls,727,estimated,2.41176074716945,1.5029796648201086
core,matched,12,pca_selected,M2,0.5,e_origin,727,estimated,0.36844236122804325,2.717985245455348
core,matched,12,pca_selected,M2,0.5,downside,727,estimated,-12505.597297650878,-0.2026348282545564
core,matched,12,pca_selected,M2,0.5,btc_vol,727,estimated,-84.04092595317823,-0.16157813093352968
core,matched,12,pca_selected,M2,0.5,btc_ret,727,estimated,185.10387860807433,0.8978336209221801
core,matched,12,pca_selected,M2,0.5,account_ls,727,estimated,0.9491662374252199,0.5915087369500542
core,matched,12,pca_selected,M2,0.9,e_origin,727,estimated,0.36824792953028795,2.7165509302371245
core,matched,12,pca_selected,M2,0.9,downside,727,estimated,2081.946247580339,0.03373487969206457
core,matched,12,pca_selected,M2,0.9,btc_vol,727,estimated,-450.5384509488379,-0.8662108370695308
core,matched,12,pca_selected,M2,0.9,btc_ret,727,estimated,49.077145420765845,0.23804531546822236
core,matched,12,pca_selected,M2,0.9,account_ls,727,estimated,0.8644003805378436,0.5386836964387589
core,matched,12,ae_selected,M0,0.1,e_origin,727,estimated,0.6077778179053263,30.67427392104737
core,matched,12,ae_selected,M0,0.1,downside,727,estimated,-123577.94917217932,-2.0023990786316728
core,matched,12,ae_selected,M0,0.5,e_origin,727,estimated,0.874719218957997,44.14668672640129
core,matched,12,ae_selected,M0,0.5,downside,727,estimated,19867.919942752644,0.32193044838659657
core,matched,12,ae_selected,M0,0.9,e_origin,727,estimated,1.1531553183743568,58.199231803549544
core,matched,12,ae_selected,M0,0.9,downside,727,estimated,91781.5010252307,1.4871843586940539
core,matched,12,ae_selected,M1,0.1,e_origin,727,estimated,0.6089833827123843,30.735118236242553
core,matched,12,ae_selected,M1,0.1,downside,727,estimated,-27497.967530990816,-0.44556415782222386
core,matched,12,ae_selected,M1,0.1,btc_vol,727,estimated,-453.9716228820302,-0.8728114961870627
core,matched,12,ae_selected,M1,0.1,btc_ret,727,estimated,23.795057844255645,0.11541629005838056
core,matched,12,ae_selected,M1,0.5,e_origin,727,estimated,0.86990105495582,43.90351614984312
core,matched,12,ae_selected,M1,0.5,downside,727,estimated,-25018.175493027957,-0.4053827716989068
core,matched,12,ae_selected,M1,0.5,btc_vol,727,estimated,433.3972344128941,0.8332549206705638
core,matched,12,ae_selected,M1,0.5,btc_ret,727,estimated,206.59045771381983,1.0020527937715427
core,matched,12,ae_selected,M1,0.9,e_origin,727,estimated,1.1553248086749186,58.30872500614427
core,matched,12,ae_selected,M1,0.9,downside,727,estimated,92034.46608882233,1.4912832858380554
core,matched,12,ae_selected,M1,0.9,btc_vol,727,estimated,89.7919444478254,0.17263511071796184
core,matched,12,ae_selected,M1,0.9,btc_ret,727,estimated,170.515341997504,0.8270729283450295
core,matched,12,ae_selected,M2,0.1,e_origin,727,estimated,0.6079626524067591,30.68360243544849
core,matched,12,ae_selected,M2,0.1,downside,727,estimated,-109553.17696511417,-1.7751482532735139
core,matched,12,ae_selected,M2,0.1,btc_vol,727,estimated,-23.94825413016289,-0.04604321165652943
core,matched,12,ae_selected,M2,0.1,btc_ret,727,estimated,84.60127457358323,0.41035265849755387
core,matched,12,ae_selected,M2,0.1,account_ls,727,estimated,2.088842775002881,1.3017411521936324
core,matched,12,ae_selected,M2,0.5,e_origin,727,estimated,0.8694341695834089,43.879952654465114
core,matched,12,ae_selected,M2,0.5,downside,727,estimated,-36153.6992361503,-0.5858175712135205
core,matched,12,ae_selected,M2,0.5,btc_vol,727,estimated,479.11209767759755,0.9211468861435278
core,matched,12,ae_selected,M2,0.5,btc_ret,727,estimated,194.26491773642022,0.9422686105823793
core,matched,12,ae_selected,M2,0.5,account_ls,727,estimated,0.42088584752031355,0.2622908888354849
core,matched,12,ae_selected,M2,0.9,e_origin,727,estimated,1.1500730741623415,58.04367232035425
core,matched,12,ae_selected,M2,0.9,downside,727,estimated,4073.481107688859,0.06600477570229815
core,matched,12,ae_selected,M2,0.9,btc_vol,727,estimated,449.29738411139925,0.8638247465108827
core,matched,12,ae_selected,M2,0.9,btc_ret,727,estimated,63.76901833908276,0.3093072336925853
core,matched,12,ae_selected,M2,0.9,account_ls,727,estimated,2.9643381578718833,1.8473391177631227
core,matched,12,ae_reconstruction_selected,M0,0.1,e_origin,727,estimated,0.6094502313235948,30.782076091798398
core,matched,12,ae_reconstruction_selected,M0,0.1,downside,727,estimated,-48501.33710321018,-0.7858928990038322
core,matched,12,ae_reconstruction_selected,M0,0.5,e_origin,727,estimated,0.8759564719057845,44.24275746478534
core,matched,12,ae_reconstruction_selected,M0,0.5,downside,727,estimated,11716.497164753695,0.1898486201191557
core,matched,12,ae_reconstruction_selected,M0,0.9,e_origin,727,estimated,1.153055958808757,58.2384818938678
core,matched,12,ae_reconstruction_selected,M0,0.9,downside,727,estimated,131658.15068572536,2.1333268709624855
core,matched,12,ae_reconstruction_selected,M1,0.1,e_origin,727,estimated,0.6124069158983405,30.93141214071844
core,matched,12,ae_reconstruction_selected,M1,0.1,downside,727,estimated,13333.044643835801,0.21604239663318686
core,matched,12,ae_reconstruction_selected,M1,0.1,btc_vol,727,estimated,-540.2121298794161,-1.0386185690310836
core,matched,12,ae_reconstruction_selected,M1,0.1,btc_ret,727,estimated,116.0044858747928,0.562671773165308
core,matched,12,ae_reconstruction_selected,M1,0.5,e_origin,727,estimated,0.8706517801821164,43.97482841022275
core,matched,12,ae_reconstruction_selected,M1,0.5,downside,727,estimated,-36215.204467911295,-0.5868141731172926
core,matched,12,ae_reconstruction_selected,M1,0.5,btc_vol,727,estimated,444.2001644326913,0.8540247684727766
core,matched,12,ae_reconstruction_selected,M1,0.5,btc_ret,727,estimated,208.49702679408102,1.0113004758500668
core,matched,12,ae_reconstruction_selected,M1,0.9,e_origin,727,estimated,1.155676062378365,58.370817929368044
core,matched,12,ae_reconstruction_selected,M1,0.9,downside,727,estimated,73978.10775426263,1.1987065313703955
core,matched,12,ae_reconstruction_selected,M1,0.9,btc_vol,727,estimated,347.282478105241,0.6676896176687974
core,matched,12,ae_reconstruction_selected,M1,0.9,btc_ret,727,estimated,186.48672724227336,0.9045410330291895
core,matched,12,ae_reconstruction_selected,M2,0.1,e_origin,727,estimated,0.6099583017572573,30.80773768309032
core,matched,12,ae_reconstruction_selected,M2,0.1,downside,727,estimated,-24693.601573927037,-0.400123528274742
core,matched,12,ae_reconstruction_selected,M2,0.1,btc_vol,727,estimated,-490.30284361611376,-0.9426623536611611
core,matched,12,ae_reconstruction_selected,M2,0.1,btc_ret,727,estimated,138.4599243778942,0.6715903318267548
core,matched,12,ae_reconstruction_selected,M2,0.1,account_ls,727,estimated,1.1079707349862902,0.6904737486314114
core,matched,12,ae_reconstruction_selected,M2,0.5,e_origin,727,estimated,0.8715752277032544,44.02146984278192
core,matched,12,ae_reconstruction_selected,M2,0.5,downside,727,estimated,-16156.425535670083,-0.261791135257731
core,matched,12,ae_reconstruction_selected,M2,0.5,btc_vol,727,estimated,388.2799425693024,0.7465118534543412
core,matched,12,ae_reconstruction_selected,M2,0.5,btc_ret,727,estimated,211.0197327373601,1.023536687368745
core,matched,12,ae_reconstruction_selected,M2,0.5,account_ls,727,estimated,-0.4465258661415255,-0.2782694334065078
core,matched,12,ae_reconstruction_selected,M2,0.9,e_origin,727,estimated,1.1548933059424793,58.33128251378792
core,matched,12,ae_reconstruction_selected,M2,0.9,downside,727,estimated,86922.12261532844,1.4084452720212877
core,matched,12,ae_reconstruction_selected,M2,0.9,btc_vol,727,estimated,357.0450457259336,0.6864592517651963
core,matched,12,ae_reconstruction_selected,M2,0.9,btc_ret,727,estimated,137.60355485600658,0.6674365704119996
core,matched,12,ae_reconstruction_selected,M2,0.9,account_ls,727,estimated,0.32594076745467576,0.20312228150955078
full_macro,all,1,sequential_ols,M0,0.1,e_origin,1049,estimated,0.5287820811697366,5.190869585827942
full_macro,all,1,sequential_ols,M0,0.1,downside,1049,estimated,-110652.93662606926,-1.957311721776621
full_macro,all,1,sequential_ols,M0,0.1,dxy_ret,1049,estimated,217.0242607398169,0.2155135770646336
full_macro,all,1,sequential_ols,M0,0.1,fx_ret,1049,estimated,-1011.3404963650622,-1.2836101525720929
full_macro,all,1,sequential_ols,M0,0.5,e_origin,1049,estimated,0.42327072228685086,4.15510131135659
full_macro,all,1,sequential_ols,M0,0.5,downside,1049,estimated,-28561.506607039082,-0.5052172439171159
full_macro,all,1,sequential_ols,M0,0.5,dxy_ret,1049,estimated,-200.62378758982933,-0.19922726593030504
full_macro,all,1,sequential_ols,M0,0.5,fx_ret,1049,estimated,-724.9449512082351,-0.9201121706995039
full_macro,all,1,sequential_ols,M0,0.9,e_origin,1049,estimated,0.3229543313194248,3.1703302281895622
full_macro,all,1,sequential_ols,M0,0.9,downside,1049,estimated,19811.723023423572,0.35044454204935116
full_macro,all,1,sequential_ols,M0,0.9,dxy_ret,1049,estimated,-546.0524068977649,-0.5422513919601585
full_macro,all,1,sequential_ols,M0,0.9,fx_ret,1049,estimated,-201.4517872315261,-0.25568595371547226
full_macro,all,1,sequential_ols,M1,0.1,e_origin,1049,estimated,0.4829239493403365,4.740696271994128
full_macro,all,1,sequential_ols,M1,0.1,downside,1049,estimated,6267.219783163561,0.11085926066282413
full_macro,all,1,sequential_ols,M1,0.1,dxy_ret,1049,estimated,389.13873122123385,0.3864299763261199
full_macro,all,1,sequential_ols,M1,0.1,fx_ret,1049,estimated,-253.10357379661133,-0.3212432589669943
full_macro,all,1,sequential_ols,M1,0.1,btc_vol,1049,estimated,-1110.6308324634554,-2.2208031533127004
full_macro,all,1,sequential_ols,M1,0.1,btc_ret,1049,estimated,331.41648085859816,1.998994763577843
full_macro,all,1,sequential_ols,M1,0.1,vixy_ret,1049,estimated,-35.12953911118637,-0.704881911479704
full_macro,all,1,sequential_ols,M1,0.5,e_origin,1049,estimated,0.4151693126575914,4.075572593677979
full_macro,all,1,sequential_ols,M1,0.5,downside,1049,estimated,-59035.793418328336,-1.0442691715680488
full_macro,all,1,sequential_ols,M1,0.5,dxy_ret,1049,estimated,-272.3178015142368,-0.27042222515882386
full_macro,all,1,sequential_ols,M1,0.5,fx_ret,1049,estimated,-499.8691959412309,-0.6344422844475931
full_macro,all,1,sequential_ols,M1,0.5,btc_vol,1049,estimated,247.34080724201155,0.4945795025765614
full_macro,all,1,sequential_ols,M1,0.5,btc_ret,1049,estimated,154.4388239961675,0.93152398354377
full_macro,all,1,sequential_ols,M1,0.5,vixy_ret,1049,estimated,-22.086888530813965,-0.4431782653613507
full_macro,all,1,sequential_ols,M1,0.9,e_origin,1049,estimated,0.3083577774076083,3.027040940490676
full_macro,all,1,sequential_ols,M1,0.9,downside,1049,estimated,-99256.08958625725,-1.75571578602932
full_macro,all,1,sequential_ols,M1,0.9,dxy_ret,1049,estimated,-257.9418781212656,-0.25614637109778543
full_macro,all,1,sequential_ols,M1,0.9,fx_ret,1049,estimated,89.07725274867381,0.1130583284288408
full_macro,all,1,sequential_ols,M1,0.9,btc_vol,1049,estimated,1179.100191833642,2.3577136052378806
full_macro,all,1,sequential_ols,M1,0.9,btc_ret,1049,estimated,47.27444961458898,0.28514386787815726
full_macro,all,1,sequential_ols,M1,0.9,vixy_ret,1049,estimated,-1.5174256743901533,-0.030447479157274613
full_macro,all,1,sequential_ols,M2,0.1,e_origin,1049,estimated,0.4882055737397608,4.7925441398305155
full_macro,all,1,sequential_ols,M2,0.1,downside,1049,estimated,-1168.2466011010183,-0.020664817726328676
full_macro,all,1,sequential_ols,M2,0.1,dxy_ret,1049,estimated,141.02249358517804,0.1400408504353913
full_macro,all,1,sequential_ols,M2,0.1,fx_ret,1049,estimated,-184.0210657539566,-0.23356259255700812
full_macro,all,1,sequential_ols,M2,0.1,btc_vol,1049,estimated,-1115.1153048537044,-2.229770246728538
full_macro,all,1,sequential_ols,M2,0.1,btc_ret,1049,estimated,326.9307348767823,1.971938225215117
full_macro,all,1,sequential_ols,M2,0.1,vixy_ret,1049,estimated,-30.774839198352275,-0.6175039020852809
full_macro,all,1,sequential_ols,M2,0.1,account_ls,1049,estimated,0.23423391221138584,0.13398461272112855
full_macro,all,1,sequential_ols,M2,0.5,e_origin,1049,estimated,0.4140432767525444,4.064518691247835
full_macro,all,1,sequential_ols,M2,0.5,downside,1049,estimated,-60525.9845016963,-1.070628783559367
full_macro,all,1,sequential_ols,M2,0.5,dxy_ret,1049,estimated,-313.50600884877724,-0.3113237255960882
full_macro,all,1,sequential_ols,M2,0.5,fx_ret,1049,estimated,-423.5185062378811,-0.5375367211765216
full_macro,all,1,sequential_ols,M2,0.5,btc_vol,1049,estimated,228.8505700848299,0.4576066617514173
full_macro,all,1,sequential_ols,M2,0.5,btc_ret,1049,estimated,159.41606425983232,0.9615450531005969
full_macro,all,1,sequential_ols,M2,0.5,vixy_ret,1049,estimated,-22.10520707455235,-0.44354583096148475
full_macro,all,1,sequential_ols,M2,0.5,account_ls,1049,estimated,0.30315585655587457,0.17340879316452132
full_macro,all,1,sequential_ols,M2,0.9,e_origin,1049,estimated,0.31307452588711787,3.0733436180929967
full_macro,all,1,sequential_ols,M2,0.9,downside,1049,estimated,-120610.30106914902,-2.133445015087249
full_macro,all,1,sequential_ols,M2,0.9,dxy_ret,1049,estimated,-182.82649972194244,-0.1815538631624199
full_macro,all,1,sequential_ols,M2,0.9,fx_ret,1049,estimated,187.50910394847932,0.23798966855677353
full_macro,all,1,sequential_ols,M2,0.9,btc_vol,1049,estimated,1248.5260788515861,2.4965367175667517
full_macro,all,1,sequential_ols,M2,0.9,btc_ret,1049,estimated,58.251838224915055,0.3513558507371611
full_macro,all,1,sequential_ols,M2,0.9,vixy_ret,1049,estimated,-5.6227234383535265,-0.11282117970304678
full_macro,all,1,sequential_ols,M2,0.9,account_ls,1049,estimated,0.7915219396174672,0.45276006167807065
full_macro,all,1,pca_1,M0,0.1,e_origin,1049,estimated,0.5243295511942122,5.121390079054591
full_macro,all,1,pca_1,M0,0.1,downside,1049,estimated,-104679.11797361523,-1.851642359274936
full_macro,all,1,pca_1,M0,0.1,dxy_ret,1049,estimated,245.75272173283824,0.24404206217990118
full_macro,all,1,pca_1,M0,0.1,fx_ret,1049,estimated,-1059.013258916826,-1.344117214469191
full_macro,all,1,pca_1,M0,0.5,e_origin,1049,estimated,0.4319910480357027,4.219473540279194
full_macro,all,1,pca_1,M0,0.5,downside,1049,estimated,-26620.593485809804,-0.47088492415257116
full_macro,all,1,pca_1,M0,0.5,dxy_ret,1049,estimated,-249.0408409429228,-0.24730729312857297
full_macro,all,1,pca_1,M0,0.5,fx_ret,1049,estimated,-681.5644216755629,-0.8650528822281843
full_macro,all,1,pca_1,M0,0.9,e_origin,1049,estimated,0.3251954818203983,3.1763476053469284
full_macro,all,1,pca_1,M0,0.9,downside,1049,estimated,19452.68509938734,0.34409361130403104
full_macro,all,1,pca_1,M0,0.9,dxy_ret,1049,estimated,-526.4156157762357,-0.5227512905325795
full_macro,all,1,pca_1,M0,0.9,fx_ret,1049,estimated,-235.5097854421658,-0.2989129306204678
full_macro,all,1,pca_1,M1,0.1,e_origin,1049,estimated,0.4886941162309155,4.7733208873255455
full_macro,all,1,pca_1,M1,0.1,downside,1049,estimated,-77.42395041065676,-0.0013695326152720253
full_macro,all,1,pca_1,M1,0.1,dxy_ret,1049,estimated,438.8317235884288,0.4357770608575539
full_macro,all,1,pca_1,M1,0.1,fx_ret,1049,estimated,-255.92853689315578,-0.3248287490412067
full_macro,all,1,pca_1,M1,0.1,btc_vol,1049,estimated,-1081.9910136581786,-2.163535339333517
full_macro,all,1,pca_1,M1,0.1,btc_ret,1049,estimated,320.18815933414146,1.9312692362503896
full_macro,all,1,pca_1,M1,0.1,vixy_ret,1049,estimated,-33.845929423127366,-0.6791260013993243
full_macro,all,1,pca_1,M1,0.5,e_origin,1049,estimated,0.41568810221632924,4.060234480057357
full_macro,all,1,pca_1,M1,0.5,downside,1049,estimated,-61158.81755370401,-1.0818228068577107
full_macro,all,1,pca_1,M1,0.5,dxy_ret,1049,estimated,-278.66569454519737,-0.27672593115585103
full_macro,all,1,pca_1,M1,0.5,fx_ret,1049,estimated,-467.1021715301083,-0.5928538329271942
full_macro,all,1,pca_1,M1,0.5,btc_vol,1049,estimated,265.69168839864136,0.5312736889321803
full_macro,all,1,pca_1,M1,0.5,btc_ret,1049,estimated,152.01862939866004,0.9169261689911468
full_macro,all,1,pca_1,M1,0.5,vixy_ret,1049,estimated,-22.21653597318021,-0.44577966974369493
full_macro,all,1,pca_1,M1,0.9,e_origin,1049,estimated,0.3203691882953201,3.129206772407711
full_macro,all,1,pca_1,M1,0.9,downside,1049,estimated,-89594.27944909966,-1.584810477849877
full_macro,all,1,pca_1,M1,0.9,dxy_ret,1049,estimated,-355.5950611172658,-0.35311980027788115
full_macro,all,1,pca_1,M1,0.9,fx_ret,1049,estimated,95.97185397307919,0.12180907079641248
full_macro,all,1,pca_1,M1,0.9,btc_vol,1049,estimated,1096.9040176023082,2.1933551905535915
full_macro,all,1,pca_1,M1,0.9,btc_ret,1049,estimated,52.07916161412938,0.3141243039225517
full_macro,all,1,pca_1,M1,0.9,vixy_ret,1049,estimated,-0.28045363656040534,-0.0056273637634256055
full_macro,all,1,pca_1,M2,0.1,e_origin,1049,estimated,0.49519797495774615,4.836847342173072
full_macro,all,1,pca_1,M2,0.1,downside,1049,estimated,-2613.0003267032544,-0.04622069982422392
full_macro,all,1,pca_1,M2,0.1,dxy_ret,1049,estimated,257.42828548553877,0.2556363535278501
full_macro,all,1,pca_1,M2,0.1,fx_ret,1049,estimated,-197.8694699158119,-0.2511392170894668
full_macro,all,1,pca_1,M2,0.1,btc_vol,1049,estimated,-1111.8440752328536,-2.2232291379776834
full_macro,all,1,pca_1,M2,0.1,btc_ret,1049,estimated,316.8322421916394,1.91102745232497
full_macro,all,1,pca_1,M2,0.1,vixy_ret,1049,estimated,-30.672247347773123,-0.6154453740895224
full_macro,all,1,pca_1,M2,0.1,account_ls,1049,estimated,0.2014885043216779,0.11525384588605776
full_macro,all,1,pca_1,M2,0.5,e_origin,1049,estimated,0.4139567647128447,4.043323637070068
full_macro,all,1,pca_1,M2,0.5,downside,1049,estimated,-55844.710339198435,-0.9878229126038517
full_macro,all,1,pca_1,M2,0.5,dxy_ret,1049,estimated,-375.8734408842614,-0.3732570243180067
full_macro,all,1,pca_1,M2,0.5,fx_ret,1049,estimated,-420.17751135465966,-0.5332962749892997
full_macro,all,1,pca_1,M2,0.5,btc_vol,1049,estimated,205.35107768383077,0.41061737845407653
full_macro,all,1,pca_1,M2,0.5,btc_ret,1049,estimated,160.1937937393957,0.9662360604792872
full_macro,all,1,pca_1,M2,0.5,vixy_ret,1049,estimated,-22.439234411180568,-0.450248162773575
full_macro,all,1,pca_1,M2,0.5,account_ls,1049,estimated,0.2691451398358999,0.1539542544725261
full_macro,all,1,pca_1,M2,0.9,e_origin,1049,estimated,0.3212418145029241,3.1377301508672457
full_macro,all,1,pca_1,M2,0.9,downside,1049,estimated,-117477.31843204227,-2.0780264801011024
full_macro,all,1,pca_1,M2,0.9,dxy_ret,1049,estimated,-121.73956845851389,-0.12089215177769116
full_macro,all,1,pca_1,M2,0.9,fx_ret,1049,estimated,72.56474155882954,0.09210037501559841
full_macro,all,1,pca_1,M2,0.9,btc_vol,1049,estimated,1188.7364513023279,2.3769821459524674
full_macro,all,1,pca_1,M2,0.9,btc_ret,1049,estimated,51.77959577189169,0.31231742169258975
full_macro,all,1,pca_1,M2,0.9,vixy_ret,1049,estimated,-6.400093240063241,-0.1284192753689605
full_macro,all,1,pca_1,M2,0.9,account_ls,1049,estimated,1.032361605562479,0.5905232449203297
full_macro,all,1,pca_2,M0,0.1,e_origin,1049,estimated,0.5684414336145095,4.41467763612526
full_macro,all,1,pca_2,M0,0.1,downside,1049,estimated,-43437.29610273464,-0.7683513101100481
full_macro,all,1,pca_2,M0,0.1,dxy_ret,1049,estimated,353.57959580641153,0.35111836441485283
full_macro,all,1,pca_2,M0,0.1,fx_ret,1049,estimated,-108.286711643577,-0.13743929265556493
full_macro,all,1,pca_2,M0,0.5,e_origin,1049,estimated,0.5488465434272315,4.262498153109653
full_macro,all,1,pca_2,M0,0.5,downside,1049,estimated,-8238.483720060993,-0.14572844830529524
full_macro,all,1,pca_2,M0,0.5,dxy_ret,1049,estimated,-354.48307334096756,-0.3520155529347259
full_macro,all,1,pca_2,M0,0.5,fx_ret,1049,estimated,-73.37405979690863,-0.09312757516311934
full_macro,all,1,pca_2,M0,0.9,e_origin,1049,estimated,0.4440203250587436,3.4483879659469454
full_macro,all,1,pca_2,M0,0.9,downside,1049,estimated,-5569.900674067518,-0.09852455986166202
full_macro,all,1,pca_2,M0,0.9,dxy_ret,1049,estimated,-85.61238228504457,-0.08501644325099057
full_macro,all,1,pca_2,M0,0.9,fx_ret,1049,estimated,-481.5698852507505,-0.6112164954360821
full_macro,all,1,pca_2,M1,0.1,e_origin,1049,estimated,0.5334422798086501,4.142864266351062
full_macro,all,1,pca_2,M1,0.1,downside,1049,estimated,67769.84969432084,1.1987636770815089
full_macro,all,1,pca_2,M1,0.1,dxy_ret,1049,estimated,629.0006394581485,0.6246222303601515
full_macro,all,1,pca_2,M1,0.1,fx_ret,1049,estimated,-55.992145503556344,-0.0710661608933686
full_macro,all,1,pca_2,M1,0.1,btc_vol,1049,estimated,-1090.481704914662,-2.180513216558822
full_macro,all,1,pca_2,M1,0.1,btc_ret,1049,estimated,71.21889464404411,0.42956885273906487
full_macro,all,1,pca_2,M1,0.1,vixy_ret,1049,estimated,-14.346443167178464,-0.28786453049125077
full_macro,all,1,pca_2,M1,0.5,e_origin,1049,estimated,0.543443941657221,4.220540013184317
full_macro,all,1,pca_2,M1,0.5,downside,1049,estimated,-14729.313807589075,-0.26054309490895305
full_macro,all,1,pca_2,M1,0.5,dxy_ret,1049,estimated,-365.6185800950985,-0.3630735465656188
full_macro,all,1,pca_2,M1,0.5,fx_ret,1049,estimated,110.09081471272916,0.13972909023034163
full_macro,all,1,pca_2,M1,0.5,btc_vol,1049,estimated,27.789849762516727,0.05556822679395052
full_macro,all,1,pca_2,M1,0.5,btc_ret,1049,estimated,86.68129074675862,0.5228329196364514
full_macro,all,1,pca_2,M1,0.5,vixy_ret,1049,estimated,-20.5714354950472,-0.412770367630952
full_macro,all,1,pca_2,M1,0.9,e_origin,1049,estimated,0.4337949816345229,3.3689750444616675
full_macro,all,1,pca_2,M1,0.9,downside,1049,estimated,-22018.030280863237,-0.3894713513551069
full_macro,all,1,pca_2,M1,0.9,dxy_ret,1049,estimated,-214.5487294407093,-0.21305527768562663
full_macro,all,1,pca_2,M1,0.9,fx_ret,1049,estimated,19.87681415640234,0.025227982606895395
full_macro,all,1,pca_2,M1,0.9,btc_vol,1049,estimated,211.26848996713653,0.422449760082694
full_macro,all,1,pca_2,M1,0.9,btc_ret,1049,estimated,113.56536724239865,0.6849887906999056
full_macro,all,1,pca_2,M1,0.9,vixy_ret,1049,estimated,-5.886876387483903,-0.11812146659598612
full_macro,all,1,pca_2,M2,0.1,e_origin,1049,estimated,0.5370852070642633,4.171156274171683
full_macro,all,1,pca_2,M2,0.1,downside,1049,estimated,68925.04469871527,1.2191976284250676
full_macro,all,1,pca_2,M2,0.1,dxy_ret,1049,estimated,401.71693754222156,0.3989206270397878
full_macro,all,1,pca_2,M2,0.1,fx_ret,1049,estimated,-6.6534770828757415,-0.008444703602971528
full_macro,all,1,pca_2,M2,0.1,btc_vol,1049,estimated,-1119.9098375757098,-2.2393573328029204
full_macro,all,1,pca_2,M2,0.1,btc_ret,1049,estimated,75.42929550047896,0.45496460023711377
full_macro,all,1,pca_2,M2,0.1,vixy_ret,1049,estimated,-21.148395535004667,-0.42434719744717697
full_macro,all,1,pca_2,M2,0.1,account_ls,1049,estimated,0.3635534230697259,0.20795692704598073
full_macro,all,1,pca_2,M2,0.5,e_origin,1049,estimated,0.5379370113186859,4.177771627961861
full_macro,all,1,pca_2,M2,0.5,downside,1049,estimated,-13321.732071978167,-0.2356447387109592
full_macro,all,1,pca_2,M2,0.5,dxy_ret,1049,estimated,-167.27264578589376,-0.1661082780122999
full_macro,all,1,pca_2,M2,0.5,fx_ret,1049,estimated,47.77069846143874,0.06063136378000689
full_macro,all,1,pca_2,M2,0.5,btc_vol,1049,estimated,-39.54339700254998,-0.07907046895247129
full_macro,all,1,pca_2,M2,0.5,btc_ret,1049,estimated,101.68221797370762,0.6133135586734626
full_macro,all,1,pca_2,M2,0.5,vixy_ret,1049,estimated,-16.620703150460717,-0.33349805614451844
full_macro,all,1,pca_2,M2,0.5,account_ls,1049,estimated,0.6944835448243966,0.39725293368502357
full_macro,all,1,pca_2,M2,0.9,e_origin,1049,estimated,0.461601250678116,3.5849264280725954
full_macro,all,1,pca_2,M2,0.9,downside,1049,estimated,-55659.54191225654,-0.9845475152795035
full_macro,all,1,pca_2,M2,0.9,dxy_ret,1049,estimated,-316.47053549982445,-0.3142676164804192
full_macro,all,1,pca_2,M2,0.9,fx_ret,1049,estimated,88.07970671269292,0.11179222643446272
full_macro,all,1,pca_2,M2,0.9,btc_vol,1049,estimated,316.30300423573505,0.6324754262862718
full_macro,all,1,pca_2,M2,0.9,btc_ret,1049,estimated,118.22681879793771,0.71310512705727
full_macro,all,1,pca_2,M2,0.9,vixy_ret,1049,estimated,1.3737502337650442,0.027564599911407518
full_macro,all,1,pca_2,M2,0.9,account_ls,1049,estimated,0.9877533636700135,0.5650067944725458
full_macro,all,1,conditional_linear,M0,0.1,e_origin,1049,estimated,0.4833158074537017,5.494628916997211
full_macro,all,1,conditional_linear,M0,0.1,downside,1049,estimated,-113511.96466514526,-2.007884343384325
full_macro,all,1,conditional_linear,M0,0.1,dxy_ret,1049,estimated,-67.9022460585717,-0.06742958547086007
full_macro,all,1,conditional_linear,M0,0.1,fx_ret,1049,estimated,-884.73565434125,-1.1229211846422555
full_macro,all,1,conditional_linear,M0,0.5,e_origin,1049,estimated,0.4603422350369154,5.233451332111173
full_macro,all,1,conditional_linear,M0,0.5,downside,1049,estimated,-38210.64632287803,-0.6758984282285169
full_macro,all,1,conditional_linear,M0,0.5,dxy_ret,1049,estimated,-466.6235774029922,-0.4633754584211082
full_macro,all,1,conditional_linear,M0,0.5,fx_ret,1049,estimated,-659.6796642384693,-0.8372763846650026
full_macro,all,1,conditional_linear,M0,0.9,e_origin,1049,estimated,0.4610344732647565,5.241321118543745
full_macro,all,1,conditional_linear,M0,0.9,downside,1049,estimated,3841.233692154276,0.06794660820565639
full_macro,all,1,conditional_linear,M0,0.9,dxy_ret,1049,estimated,-317.27262378800094,-0.31506412151408364
full_macro,all,1,conditional_linear,M0,0.9,fx_ret,1049,estimated,52.85146483215603,0.06707995683026031
full_macro,all,1,conditional_linear,M1,0.1,e_origin,1049,estimated,0.46092020086437374,5.240022000191159
full_macro,all,1,conditional_linear,M1,0.1,downside,1049,estimated,50405.83545338203,0.8916160346674835
full_macro,all,1,conditional_linear,M1,0.1,dxy_ret,1049,estimated,-402.39808454234037,-0.3995970326453272
full_macro,all,1,conditional_linear,M1,0.1,fx_ret,1049,estimated,-357.66174103105357,-0.45395022114129896
full_macro,all,1,conditional_linear,M1,0.1,btc_vol,1049,estimated,-1422.9621210975306,-2.8453367880743636
full_macro,all,1,conditional_linear,M1,0.1,btc_ret,1049,estimated,288.7557474596621,1.7416793082512607
full_macro,all,1,conditional_linear,M1,0.1,vixy_ret,1049,estimated,-32.68565770114428,-0.6558448946749024
full_macro,all,1,conditional_linear,M1,0.5,e_origin,1049,estimated,0.4336007102611162,4.929437366394194
full_macro,all,1,conditional_linear,M1,0.5,downside,1049,estimated,27536.0468597817,0.4870781466214
full_macro,all,1,conditional_linear,M1,0.5,dxy_ret,1049,estimated,-488.97257874064724,-0.48556889064698583
full_macro,all,1,conditional_linear,M1,0.5,fx_ret,1049,estimated,-345.2282691687115,-0.4381694521801194
full_macro,all,1,conditional_linear,M1,0.5,btc_vol,1049,estimated,-484.52165239888734,-0.9688432754104503
full_macro,all,1,conditional_linear,M1,0.5,btc_ret,1049,estimated,173.84981406775407,1.0486046652540995
full_macro,all,1,conditional_linear,M1,0.5,vixy_ret,1049,estimated,-17.031886317999824,-0.3417485366357627
full_macro,all,1,conditional_linear,M1,0.9,e_origin,1049,estimated,0.47734060490469227,5.4266991696056
full_macro,all,1,conditional_linear,M1,0.9,downside,1049,estimated,-110864.6678941433,-1.9610569824583906
full_macro,all,1,conditional_linear,M1,0.9,dxy_ret,1049,estimated,146.1412646558607,0.14512399026435416
full_macro,all,1,conditional_linear,M1,0.9,fx_ret,1049,estimated,65.51141369453345,0.08314817416082122
full_macro,all,1,conditional_linear,M1,0.9,btc_vol,1049,estimated,1206.9005305755989,2.413302805660453
full_macro,all,1,conditional_linear,M1,0.9,btc_ret,1049,estimated,56.039304000896315,0.3380105749784179
full_macro,all,1,conditional_linear,M1,0.9,vixy_ret,1049,estimated,-12.896969712177418,-0.2587805275282035
full_macro,all,1,conditional_linear,M2,0.1,e_origin,1049,estimated,0.459577070664879,5.224752476787162
full_macro,all,1,conditional_linear,M2,0.1,downside,1049,estimated,19661.84593216991,0.34779340420808513
full_macro,all,1,conditional_linear,M2,0.1,dxy_ret,1049,estimated,-417.21902039697574,-0.41431480148181343
full_macro,all,1,conditional_linear,M2,0.1,fx_ret,1049,estimated,-158.0017904997172,-0.20053849632141776
full_macro,all,1,conditional_linear,M2,0.1,btc_vol,1049,estimated,-1317.6927781232023,-2.6348415614057514
full_macro,all,1,conditional_linear,M2,0.1,btc_ret,1049,estimated,276.5612793854658,1.6681263040017948
full_macro,all,1,conditional_linear,M2,0.1,vixy_ret,1049,estimated,-34.35160146143103,-0.6892724218181401
full_macro,all,1,conditional_linear,M2,0.1,account_ls,1049,estimated,1.4176889793198895,0.8109351334309235
full_macro,all,1,conditional_linear,M2,0.5,e_origin,1049,estimated,0.4370421799657791,4.968562093259292
full_macro,all,1,conditional_linear,M2,0.5,downside,1049,estimated,26222.02453974911,0.46383473918823503
full_macro,all,1,conditional_linear,M2,0.5,dxy_ret,1049,estimated,-453.19450705634154,-0.4500398664592078
full_macro,all,1,conditional_linear,M2,0.5,fx_ret,1049,estimated,-342.46702243234773,-0.4346648319683389
full_macro,all,1,conditional_linear,M2,0.5,btc_vol,1049,estimated,-479.70408931679384,-0.95921013812372
full_macro,all,1,conditional_linear,M2,0.5,btc_ret,1049,estimated,169.57137644645337,1.0227985424592478
full_macro,all,1,conditional_linear,M2,0.5,vixy_ret,1049,estimated,-18.304803030196336,-0.3672898898088769
full_macro,all,1,conditional_linear,M2,0.5,account_ls,1049,estimated,0.1781026904413845,0.10187687930449889
full_macro,all,1,conditional_linear,M2,0.9,e_origin,1049,estimated,0.47731914761306476,5.426455230025643
full_macro,all,1,conditional_linear,M2,0.9,downside,1049,estimated,-110428.00424912418,-1.9533329500293382
full_macro,all,1,conditional_linear,M2,0.9,dxy_ret,1049,estimated,37.528933534197776,0.037267698467464284
full_macro,all,1,conditional_linear,M2,0.9,fx_ret,1049,estimated,224.983745196415,0.28555310554237556
full_macro,all,1,conditional_linear,M2,0.9,btc_vol,1049,estimated,1126.8654536029917,2.2532656933085957
full_macro,all,1,conditional_linear,M2,0.9,btc_ret,1049,estimated,73.59690027391838,0.4439121973716616
full_macro,all,1,conditional_linear,M2,0.9,vixy_ret,1049,estimated,-7.340532009618917,-0.14728938566035732
full_macro,all,1,conditional_linear,M2,0.9,account_ls,1049,estimated,0.966409854691678,0.552798050838569
full_macro,all,1,ae_relu_1,M0,0.1,e_origin,1049,estimated,0.9360725071747228,44.91488137255307
full_macro,all,1,ae_relu_1,M0,0.1,downside,1049,estimated,-24707.29626389857,-0.4370410950245224
full_macro,all,1,ae_relu_1,M0,0.1,dxy_ret,1049,estimated,657.5293439941044,0.652952349502614
full_macro,all,1,ae_relu_1,M0,0.1,fx_ret,1049,estimated,-876.3764915329818,-1.1123115963915513
full_macro,all,1,ae_relu_1,M0,0.5,e_origin,1049,estimated,0.9607575399612706,46.099325217220354
full_macro,all,1,ae_relu_1,M0,0.5,downside,1049,estimated,-19283.165450866723,-0.34109502125086216
full_macro,all,1,ae_relu_1,M0,0.5,dxy_ret,1049,estimated,-341.57086710344095,-0.33919322724376644
full_macro,all,1,ae_relu_1,M0,0.5,fx_ret,1049,estimated,-471.24841192650035,-0.5981163100918505
full_macro,all,1,ae_relu_1,M0,0.9,e_origin,1049,estimated,1.0314159673483911,49.489676776249
full_macro,all,1,ae_relu_1,M0,0.9,downside,1049,estimated,41204.22778944982,0.7288511312771025
full_macro,all,1,ae_relu_1,M0,0.9,dxy_ret,1049,estimated,-923.206540747578,-0.9167801944710119
full_macro,all,1,ae_relu_1,M0,0.9,fx_ret,1049,estimated,237.06942832158975,0.30089245526287145
full_macro,all,1,ae_relu_1,M1,0.1,e_origin,1049,estimated,0.918321817543113,44.06316303559314
full_macro,all,1,ae_relu_1,M1,0.1,downside,1049,estimated,140452.91085646756,2.4844359052667326
full_macro,all,1,ae_relu_1,M1,0.1,dxy_ret,1049,estimated,632.9669846654116,0.628560966244225
full_macro,all,1,ae_relu_1,M1,0.1,fx_ret,1049,estimated,-701.3767734137585,-0.8901990480634119
full_macro,all,1,ae_relu_1,M1,0.1,btc_vol,1049,estimated,-1704.872482071147,-3.4090411264575047
full_macro,all,1,ae_relu_1,M1,0.1,btc_ret,1049,estimated,84.1231963421558,0.5074033389882863
full_macro,all,1,ae_relu_1,M1,0.1,vixy_ret,1049,estimated,-42.18017917921926,-0.8463545517150508
full_macro,all,1,ae_relu_1,M1,0.5,e_origin,1049,estimated,0.9595061595369913,46.03928114704669
full_macro,all,1,ae_relu_1,M1,0.5,downside,1049,estimated,-65546.05716652023,-1.1594275752645964
full_macro,all,1,ae_relu_1,M1,0.5,dxy_ret,1049,estimated,-178.7026503067371,-0.17745871944108135
full_macro,all,1,ae_relu_1,M1,0.5,fx_ret,1049,estimated,-458.75586273839576,-0.5822605592077597
full_macro,all,1,ae_relu_1,M1,0.5,btc_vol,1049,estimated,562.5637683378552,1.1248952884668753
full_macro,all,1,ae_relu_1,M1,0.5,btc_ret,1049,estimated,127.01369757723782,0.7661046780225959
full_macro,all,1,ae_relu_1,M1,0.5,vixy_ret,1049,estimated,16.53990654436573,0.3318768545123237
full_macro,all,1,ae_relu_1,M1,0.9,e_origin,1049,estimated,1.0275035723425727,49.30195119279043
full_macro,all,1,ae_relu_1,M1,0.9,downside,1049,estimated,-94161.66917312365,-1.6656018758673072
full_macro,all,1,ae_relu_1,M1,0.9,dxy_ret,1049,estimated,-668.496696448669,-0.6638433593388161
full_macro,all,1,ae_relu_1,M1,0.9,fx_ret,1049,estimated,356.0836663655121,0.4519473025698719
full_macro,all,1,ae_relu_1,M1,0.9,btc_vol,1049,estimated,1679.1101248688153,3.35752704775612
full_macro,all,1,ae_relu_1,M1,0.9,btc_ret,1049,estimated,-41.72164523347624,-0.2516511856426217
full_macro,all,1,ae_relu_1,M1,0.9,vixy_ret,1049,estimated,-0.8596276718779766,-0.017248617882414705
full_macro,all,1,ae_relu_1,M2,0.1,e_origin,1049,estimated,0.9219154940447959,44.23559578255159
full_macro,all,1,ae_relu_1,M2,0.1,downside,1049,estimated,162661.94271935974,2.8772858351465693
full_macro,all,1,ae_relu_1,M2,0.1,dxy_ret,1049,estimated,826.2727055537817,0.8205211057866657
full_macro,all,1,ae_relu_1,M2,0.1,fx_ret,1049,estimated,-739.2208797989188,-0.9382314163366143
full_macro,all,1,ae_relu_1,M2,0.1,btc_vol,1049,estimated,-1830.5768843956912,-3.6603980354390693
full_macro,all,1,ae_relu_1,M2,0.1,btc_ret,1049,estimated,79.52365736087475,0.47966043883246734
full_macro,all,1,ae_relu_1,M2,0.1,vixy_ret,1049,estimated,-41.760135391114396,-0.8379262809276824
full_macro,all,1,ae_relu_1,M2,0.1,account_ls,1049,estimated,-0.6478074665897823,-0.37055365599904083
full_macro,all,1,ae_relu_1,M2,0.5,e_origin,1049,estimated,0.9565447622350316,45.8971865897394
full_macro,all,1,ae_relu_1,M2,0.5,downside,1049,estimated,-82843.09665682074,-1.4653905183070142
full_macro,all,1,ae_relu_1,M2,0.5,dxy_ret,1049,estimated,-80.81218337365763,-0.0802496580331158
full_macro,all,1,ae_relu_1,M2,0.5,fx_ret,1049,estimated,-469.0648454261584,-0.5953448912287385
full_macro,all,1,ae_relu_1,M2,0.5,btc_vol,1049,estimated,416.9353707016675,0.833698614262386
full_macro,all,1,ae_relu_1,M2,0.5,btc_ret,1049,estimated,99.0894177608958,0.5976746440516345
full_macro,all,1,ae_relu_1,M2,0.5,vixy_ret,1049,estimated,16.115741752297588,0.32336589487607337
full_macro,all,1,ae_relu_1,M2,0.5,account_ls,1049,estimated,1.671359705967976,0.9560378375942663
full_macro,all,1,ae_relu_1,M2,0.9,e_origin,1049,estimated,1.0277574591530565,49.31413325762786
full_macro,all,1,ae_relu_1,M2,0.9,downside,1049,estimated,-92364.47458545501,-1.6338117567795092
full_macro,all,1,ae_relu_1,M2,0.9,dxy_ret,1049,estimated,-678.103935426732,-0.6733837233092728
full_macro,all,1,ae_relu_1,M2,0.9,fx_ret,1049,estimated,313.39606560012817,0.3977674907969514
full_macro,all,1,ae_relu_1,M2,0.9,btc_vol,1049,estimated,1656.7838487399258,3.3128837126536803
full_macro,all,1,ae_relu_1,M2,0.9,btc_ret,1049,estimated,-43.49179278331689,-0.2623281310791444
full_macro,all,1,ae_relu_1,M2,0.9,vixy_ret,1049,estimated,-2.983923699417575,-0.059873083853960604
full_macro,all,1,ae_relu_1,M2,0.9,account_ls,1049,estimated,-0.08621130381071185,-0.049313901835177136
full_macro,all,1,ae_relu_2,M0,0.1,e_origin,1049,estimated,0.9215429158574786,48.45386204931301
full_macro,all,1,ae_relu_2,M0,0.1,downside,1049,estimated,-16433.092370045553,-0.2906808016277291
full_macro,all,1,ae_relu_2,M0,0.1,dxy_ret,1049,estimated,614.7967088897295,0.6105171718992103
full_macro,all,1,ae_relu_2,M0,0.1,fx_ret,1049,estimated,-500.3966571466047,-0.6351117469686126
full_macro,all,1,ae_relu_2,M0,0.5,e_origin,1049,estimated,0.972618256068503,51.13935552565747
full_macro,all,1,ae_relu_2,M0,0.5,downside,1049,estimated,-21672.544354508,-0.3833601384584341
full_macro,all,1,ae_relu_2,M0,0.5,dxy_ret,1049,estimated,-387.7754316132385,-0.3850761665072161
full_macro,all,1,ae_relu_2,M0,0.5,fx_ret,1049,estimated,-484.03982018082627,-0.6143513778657217
full_macro,all,1,ae_relu_2,M0,0.9,e_origin,1049,estimated,1.0614185008965489,55.80838909838019
full_macro,all,1,ae_relu_2,M0,0.9,downside,1049,estimated,18086.473520736297,0.3199270413163112
full_macro,all,1,ae_relu_2,M0,0.9,dxy_ret,1049,estimated,-813.576094767841,-0.8079128748094113
full_macro,all,1,ae_relu_2,M0,0.9,fx_ret,1049,estimated,103.58644492628268,0.13147363608411303
full_macro,all,1,ae_relu_2,M1,0.1,e_origin,1049,estimated,0.9199295770348529,48.369034207434844
full_macro,all,1,ae_relu_2,M1,0.1,downside,1049,estimated,97836.10899469102,1.730598109614096
full_macro,all,1,ae_relu_2,M1,0.1,dxy_ret,1049,estimated,463.7936287240608,0.4605652087253978
full_macro,all,1,ae_relu_2,M1,0.1,fx_ret,1049,estimated,-295.73228005178197,-0.3753483208495344
full_macro,all,1,ae_relu_2,M1,0.1,btc_vol,1049,estimated,-1176.1625843347967,-2.351839602998847
full_macro,all,1,ae_relu_2,M1,0.1,btc_ret,1049,estimated,16.075559010822893,0.09696246306450958
full_macro,all,1,ae_relu_2,M1,0.1,vixy_ret,1049,estimated,-17.896920186320077,-0.35910563103618715
full_macro,all,1,ae_relu_2,M1,0.5,e_origin,1049,estimated,0.9694110680574411,50.97072458858428
full_macro,all,1,ae_relu_2,M1,0.5,downside,1049,estimated,-48125.53648938641,-0.8512804048371931
full_macro,all,1,ae_relu_2,M1,0.5,dxy_ret,1049,estimated,-498.3483203015851,-0.4948793686301533
full_macro,all,1,ae_relu_2,M1,0.5,fx_ret,1049,estimated,-464.48234939796384,-0.589528711171623
full_macro,all,1,ae_relu_2,M1,0.5,btc_vol,1049,estimated,394.48632929871155,0.7888097992940942
full_macro,all,1,ae_relu_2,M1,0.5,btc_ret,1049,estimated,139.30118645160755,0.8402187530189625
full_macro,all,1,ae_relu_2,M1,0.5,vixy_ret,1049,estimated,16.49774501001131,0.3310308740731098
full_macro,all,1,ae_relu_2,M1,0.9,e_origin,1049,estimated,1.0531398638841931,55.373106130164025
full_macro,all,1,ae_relu_2,M1,0.9,downside,1049,estimated,-92169.39595116275,-1.6303610603116987
full_macro,all,1,ae_relu_2,M1,0.9,dxy_ret,1049,estimated,-494.026056429867,-0.490587191595034
full_macro,all,1,ae_relu_2,M1,0.9,fx_ret,1049,estimated,171.8526975521386,0.2181182975641466
full_macro,all,1,ae_relu_2,M1,0.9,btc_vol,1049,estimated,1261.3612404495448,2.522201741908639
full_macro,all,1,ae_relu_2,M1,0.9,btc_ret,1049,estimated,-134.26558765022577,-0.8098456840352996
full_macro,all,1,ae_relu_2,M1,0.9,vixy_ret,1049,estimated,-41.91149093077052,-0.8409632630460124
full_macro,all,1,ae_relu_2,M2,0.1,e_origin,1049,estimated,0.9176874390876967,48.25114469744284
full_macro,all,1,ae_relu_2,M2,0.1,downside,1049,estimated,113762.12903767009,2.0123094374997073
full_macro,all,1,ae_relu_2,M2,0.1,dxy_ret,1049,estimated,730.1630623170757,0.7250804719435199
full_macro,all,1,ae_relu_2,M2,0.1,fx_ret,1049,estimated,-353.505907641541,-0.4486755683904703
full_macro,all,1,ae_relu_2,M2,0.1,btc_vol,1049,estimated,-1284.2012317589083,-2.567872295290415
full_macro,all,1,ae_relu_2,M2,0.1,btc_ret,1049,estimated,-25.354606320377993,-0.1529306120676538
full_macro,all,1,ae_relu_2,M2,0.1,vixy_ret,1049,estimated,-35.50098924122947,-0.7123351398541347
full_macro,all,1,ae_relu_2,M2,0.1,account_ls,1049,estimated,-0.8062324670077341,-0.4611746601309613
full_macro,all,1,ae_relu_2,M2,0.5,e_origin,1049,estimated,0.9690996486359135,50.95435044753179
full_macro,all,1,ae_relu_2,M2,0.5,downside,1049,estimated,-41837.63192582753,-0.7400552563419751
full_macro,all,1,ae_relu_2,M2,0.5,dxy_ret,1049,estimated,-418.67742291599757,-0.41576305221011
full_macro,all,1,ae_relu_2,M2,0.5,fx_ret,1049,estimated,-367.58786344122166,-0.4665486205400767
full_macro,all,1,ae_relu_2,M2,0.5,btc_vol,1049,estimated,182.80340544417737,0.3655313425310362
full_macro,all,1,ae_relu_2,M2,0.5,btc_ret,1049,estimated,141.5645381822539,0.8538705431954061
full_macro,all,1,ae_relu_2,M2,0.5,vixy_ret,1049,estimated,20.71853876448531,0.4157220270141925
full_macro,all,1,ae_relu_2,M2,0.5,account_ls,1049,estimated,1.229150679534803,0.7030889601705475
full_macro,all,1,ae_relu_2,M2,0.9,e_origin,1049,estimated,1.0523538610524124,55.331778838590154
full_macro,all,1,ae_relu_2,M2,0.9,downside,1049,estimated,-95101.79065383055,-1.682231446217527
full_macro,all,1,ae_relu_2,M2,0.9,dxy_ret,1049,estimated,-457.8894535793699,-0.45470213193983094
full_macro,all,1,ae_relu_2,M2,0.9,fx_ret,1049,estimated,111.39406327593609,0.14138319494885138
full_macro,all,1,ae_relu_2,M2,0.9,btc_vol,1049,estimated,1294.598348511271,2.5886622364608693
full_macro,all,1,ae_relu_2,M2,0.9,btc_ret,1049,estimated,-153.16822427869423,-0.9238601456584227
full_macro,all,1,ae_relu_2,M2,0.9,vixy_ret,1049,estimated,-38.2611134726112,-0.767717638268931
full_macro,all,1,ae_relu_2,M2,0.9,account_ls,1049,estimated,0.3259983945095716,0.18647499938717862
full_macro,all,1,ae_tanh_1,M0,0.1,e_origin,1049,estimated,0.8967851271298747,52.35945608929563
full_macro,all,1,ae_tanh_1,M0,0.1,downside,1049,estimated,538.3710284566095,0.009523108530088446
full_macro,all,1,ae_tanh_1,M0,0.1,dxy_ret,1049,estimated,584.5246130137773,0.580455796985502
full_macro,all,1,ae_tanh_1,M0,0.1,fx_ret,1049,estimated,-1032.618863191133,-1.3106170091018827
full_macro,all,1,ae_tanh_1,M0,0.5,e_origin,1049,estimated,0.957400898454734,55.898552268511274
full_macro,all,1,ae_tanh_1,M0,0.5,downside,1049,estimated,-23407.304917407364,-0.41404587792247627
full_macro,all,1,ae_tanh_1,M0,0.5,dxy_ret,1049,estimated,58.07664938134797,0.05767238376684632
full_macro,all,1,ae_tanh_1,M0,0.5,fx_ret,1049,estimated,-539.0200372360574,-0.6841331823681267
full_macro,all,1,ae_tanh_1,M0,0.9,e_origin,1049,estimated,1.0676436194083525,62.33515422845826
full_macro,all,1,ae_tanh_1,M0,0.9,downside,1049,estimated,42833.424720442876,0.757669582439328
full_macro,all,1,ae_tanh_1,M0,0.9,dxy_ret,1049,estimated,-786.8955730480585,-0.781418073471627
full_macro,all,1,ae_tanh_1,M0,0.9,fx_ret,1049,estimated,403.3090375693452,0.5118865279386783
full_macro,all,1,ae_tanh_1,M1,0.1,e_origin,1049,estimated,0.8971350301983906,52.37988543607806
full_macro,all,1,ae_tanh_1,M1,0.1,downside,1049,estimated,177589.79667040287,3.1413408562806624
full_macro,all,1,ae_tanh_1,M1,0.1,dxy_ret,1049,estimated,1161.7730277573867,1.1536860445725645
full_macro,all,1,ae_tanh_1,M1,0.1,fx_ret,1049,estimated,-764.5059391172231,-0.9703236335137334
full_macro,all,1,ae_tanh_1,M1,0.1,btc_vol,1049,estimated,-2144.300918451419,-4.287716586064546
full_macro,all,1,ae_tanh_1,M1,0.1,btc_ret,1049,estimated,108.72448901318486,0.6557902119018734
full_macro,all,1,ae_tanh_1,M1,0.1,vixy_ret,1049,estimated,-48.00136323820161,-0.9631578873234038
full_macro,all,1,ae_tanh_1,M1,0.5,e_origin,1049,estimated,0.9582475264343544,55.94798326282847
full_macro,all,1,ae_tanh_1,M1,0.5,downside,1049,estimated,-63331.42830745631,-1.1202535672590164
full_macro,all,1,ae_tanh_1,M1,0.5,dxy_ret,1049,estimated,59.825998005659486,0.05940955535436046
full_macro,all,1,ae_tanh_1,M1,0.5,fx_ret,1049,estimated,-561.0500576083526,-0.7120940500609405
full_macro,all,1,ae_tanh_1,M1,0.5,btc_vol,1049,estimated,472.768828634249,0.9453424799040406
full_macro,all,1,ae_tanh_1,M1,0.5,btc_ret,1049,estimated,123.45800217276972,0.7446578975969653
full_macro,all,1,ae_tanh_1,M1,0.5,vixy_ret,1049,estimated,21.292154520093096,0.4272317530310345
full_macro,all,1,ae_tanh_1,M1,0.9,e_origin,1049,estimated,1.0562833213955214,61.67187491330298
full_macro,all,1,ae_tanh_1,M1,0.9,downside,1049,estimated,-65781.06661755663,-1.1635845978187855
full_macro,all,1,ae_tanh_1,M1,0.9,dxy_ret,1049,estimated,-976.3764713484164,-0.9695800146247717
full_macro,all,1,ae_tanh_1,M1,0.9,fx_ret,1049,estimated,321.03430138770267,0.40746206650108796
full_macro,all,1,ae_tanh_1,M1,0.9,btc_vol,1049,estimated,1390.6185952191947,2.780663088983426
full_macro,all,1,ae_tanh_1,M1,0.9,btc_ret,1049,estimated,-88.50338972746079,-0.5338232189471794
full_macro,all,1,ae_tanh_1,M1,0.9,vixy_ret,1049,estimated,15.097158154692236,0.3029277914608963
full_macro,all,1,ae_tanh_1,M2,0.1,e_origin,1049,estimated,0.8973490034295981,52.392378419809354
full_macro,all,1,ae_tanh_1,M2,0.1,downside,1049,estimated,145915.03926607754,2.5810541088857404
full_macro,all,1,ae_tanh_1,M2,0.1,dxy_ret,1049,estimated,813.9183161290032,0.8082527140026913
full_macro,all,1,ae_tanh_1,M2,0.1,fx_ret,1049,estimated,-403.2104537810891,-0.5117614037575153
full_macro,all,1,ae_tanh_1,M2,0.1,btc_vol,1049,estimated,-2133.1108634627262,-4.265341095777183
full_macro,all,1,ae_tanh_1,M2,0.1,btc_ret,1049,estimated,139.9061906237874,0.8438679383853545
full_macro,all,1,ae_tanh_1,M2,0.1,vixy_ret,1049,estimated,-48.95745593328615,-0.9823420970658074
full_macro,all,1,ae_tanh_1,M2,0.1,account_ls,1049,estimated,0.9754647436818092,0.5579775561592191
full_macro,all,1,ae_tanh_1,M2,0.5,e_origin,1049,estimated,0.9598063513029131,56.038996393830566
full_macro,all,1,ae_tanh_1,M2,0.5,downside,1049,estimated,-47417.696758729246,-0.8387596074304656
full_macro,all,1,ae_tanh_1,M2,0.5,dxy_ret,1049,estimated,18.111589380444983,0.017985516459770624
full_macro,all,1,ae_tanh_1,M2,0.5,fx_ret,1049,estimated,-583.2655502554476,-0.7402903222449314
full_macro,all,1,ae_tanh_1,M2,0.5,btc_vol,1049,estimated,234.42824797236025,0.46875971484405915
full_macro,all,1,ae_tanh_1,M2,0.5,btc_ret,1049,estimated,165.54168320257762,0.9984927636021924
full_macro,all,1,ae_tanh_1,M2,0.5,vixy_ret,1049,estimated,30.071133721916663,0.6033838972717046
full_macro,all,1,ae_tanh_1,M2,0.5,account_ls,1049,estimated,1.4633423609139626,0.8370494163481281
full_macro,all,1,ae_tanh_1,M2,0.9,e_origin,1049,estimated,1.0590010835548196,61.830553446360675
full_macro,all,1,ae_tanh_1,M2,0.9,downside,1049,estimated,-80516.76377239982,-1.424240606137772
full_macro,all,1,ae_tanh_1,M2,0.9,dxy_ret,1049,estimated,-1039.0433650680893,-1.0318106905087334
full_macro,all,1,ae_tanh_1,M2,0.9,fx_ret,1049,estimated,300.70723870469857,0.3816626209872845
full_macro,all,1,ae_tanh_1,M2,0.9,btc_vol,1049,estimated,1636.0192787255953,3.2713631450473195
full_macro,all,1,ae_tanh_1,M2,0.9,btc_ret,1049,estimated,-137.55573474911867,-0.8296907647779614
full_macro,all,1,ae_tanh_1,M2,0.9,vixy_ret,1049,estimated,20.278856033444608,0.40689969652703
full_macro,all,1,ae_tanh_1,M2,0.9,account_ls,1049,estimated,-0.8687141561062689,-0.49691493717707136
full_macro,all,1,ae_tanh_2,M0,0.1,e_origin,1049,estimated,0.89666042892561,52.20643150870664
full_macro,all,1,ae_tanh_2,M0,0.1,downside,1049,estimated,-27549.669329852244,-0.4873191110382661
full_macro,all,1,ae_tanh_2,M0,0.1,dxy_ret,1049,estimated,629.7139880126701,0.625330613368368
full_macro,all,1,ae_tanh_2,M0,0.1,fx_ret,1049,estimated,-1178.9511424982336,-1.4963443680306678
full_macro,all,1,ae_tanh_2,M0,0.5,e_origin,1049,estimated,0.9581304394778822,55.78541168025485
full_macro,all,1,ae_tanh_2,M0,0.5,downside,1049,estimated,-5559.952009331049,-0.09834858045525441
full_macro,all,1,ae_tanh_2,M0,0.5,dxy_ret,1049,estimated,-122.83862130725642,-0.12198355423199808
full_macro,all,1,ae_tanh_2,M0,0.5,fx_ret,1049,estimated,-568.0796975339484,-0.7210161857905512
full_macro,all,1,ae_tanh_2,M0,0.9,e_origin,1049,estimated,1.0628113756749602,61.88026983340018
full_macro,all,1,ae_tanh_2,M0,0.9,downside,1049,estimated,42115.01759011684,0.7449618609809554
full_macro,all,1,ae_tanh_2,M0,0.9,dxy_ret,1049,estimated,-710.5636659105203,-0.7056175049301295
full_macro,all,1,ae_tanh_2,M0,0.9,fx_ret,1049,estimated,432.46557899117136,0.5488924944924346
full_macro,all,1,ae_tanh_2,M1,0.1,e_origin,1049,estimated,0.899208629711667,52.354795890044535
full_macro,all,1,ae_tanh_2,M1,0.1,downside,1049,estimated,100570.74423137464,1.7789703785004802
full_macro,all,1,ae_tanh_2,M1,0.1,dxy_ret,1049,estimated,550.0716535813661,0.5462426610788058
full_macro,all,1,ae_tanh_2,M1,0.1,fx_ret,1049,estimated,-541.7734837083435,-0.6876279023552065
full_macro,all,1,ae_tanh_2,M1,0.1,btc_vol,1049,estimated,-1565.2323676494345,-3.1298185464856942
full_macro,all,1,ae_tanh_2,M1,0.1,btc_ret,1049,estimated,169.75471634895138,1.0239043882038497
full_macro,all,1,ae_tanh_2,M1,0.1,vixy_ret,1049,estimated,-43.88088283668218,-0.8804795438232239
full_macro,all,1,ae_tanh_2,M1,0.5,e_origin,1049,estimated,0.9571743961474483,55.729747786723316
full_macro,all,1,ae_tanh_2,M1,0.5,downside,1049,estimated,-46429.41342374925,-0.821278114259347
full_macro,all,1,ae_tanh_2,M1,0.5,dxy_ret,1049,estimated,-92.57257016158356,-0.09192818197182018
full_macro,all,1,ae_tanh_2,M1,0.5,fx_ret,1049,estimated,-567.8416762963247,-0.7207140852831161
full_macro,all,1,ae_tanh_2,M1,0.5,btc_vol,1049,estimated,495.3470908064613,0.9904896830634846
full_macro,all,1,ae_tanh_2,M1,0.5,btc_ret,1049,estimated,131.4474496040798,0.7928476060197139
full_macro,all,1,ae_tanh_2,M1,0.5,vixy_ret,1049,estimated,21.02497000501604,0.42187063710209477
full_macro,all,1,ae_tanh_2,M1,0.9,e_origin,1049,estimated,1.0536124872078547,61.34468119223576
full_macro,all,1,ae_tanh_2,M1,0.9,downside,1049,estimated,-99390.71013654595,-1.7580970547882553
full_macro,all,1,ae_tanh_2,M1,0.9,dxy_ret,1049,estimated,-743.6091458465788,-0.7384329586612475
full_macro,all,1,ae_tanh_2,M1,0.9,fx_ret,1049,estimated,325.3051096375547,0.4128826472539622
full_macro,all,1,ae_tanh_2,M1,0.9,btc_vol,1049,estimated,1750.492791564623,3.5002629116059434
full_macro,all,1,ae_tanh_2,M1,0.9,btc_ret,1049,estimated,-140.00171230886727,-0.8444440936441034
full_macro,all,1,ae_tanh_2,M1,0.9,vixy_ret,1049,estimated,-3.447231885943399,-0.06916946429006275
full_macro,all,1,ae_tanh_2,M2,0.1,e_origin,1049,estimated,0.8953853071227313,52.13218984829679
full_macro,all,1,ae_tanh_2,M2,0.1,downside,1049,estimated,102232.61166871121,1.8083667299604502
full_macro,all,1,ae_tanh_2,M2,0.1,dxy_ret,1049,estimated,343.6021215305565,0.34121034231663316
full_macro,all,1,ae_tanh_2,M2,0.1,fx_ret,1049,estimated,-108.93189411851726,-0.13825816896682855
full_macro,all,1,ae_tanh_2,M2,0.1,btc_vol,1049,estimated,-1626.1401432472164,-3.251608952582013
full_macro,all,1,ae_tanh_2,M2,0.1,btc_ret,1049,estimated,149.55945034863282,0.9020932130953833
full_macro,all,1,ae_tanh_2,M2,0.1,vixy_ret,1049,estimated,-52.03033398792904,-1.0440000695784895
full_macro,all,1,ae_tanh_2,M2,0.1,account_ls,1049,estimated,1.2899122328080432,0.7378452988526351
full_macro,all,1,ae_tanh_2,M2,0.5,e_origin,1049,estimated,0.9566845508615404,55.70122743103052
full_macro,all,1,ae_tanh_2,M2,0.5,downside,1049,estimated,-53234.267705996026,-0.9416474551710415
full_macro,all,1,ae_tanh_2,M2,0.5,dxy_ret,1049,estimated,-96.9881052454948,-0.09631298096776722
full_macro,all,1,ae_tanh_2,M2,0.5,fx_ret,1049,estimated,-610.9445479219885,-0.7754209657280006
full_macro,all,1,ae_tanh_2,M2,0.5,btc_vol,1049,estimated,347.61675613564,0.6950900025511071
full_macro,all,1,ae_tanh_2,M2,0.5,btc_ret,1049,estimated,140.91777521772661,0.849969482584248
full_macro,all,1,ae_tanh_2,M2,0.5,vixy_ret,1049,estimated,27.278723426570597,0.5473535718982537
full_macro,all,1,ae_tanh_2,M2,0.5,account_ls,1049,estimated,1.7251435959054149,0.9868028689933076
full_macro,all,1,ae_tanh_2,M2,0.9,e_origin,1049,estimated,1.055014262299563,61.42629701128509
full_macro,all,1,ae_tanh_2,M2,0.9,downside,1049,estimated,-91585.03751569524,-1.6200244922066445
full_macro,all,1,ae_tanh_2,M2,0.9,dxy_ret,1049,estimated,-738.3076328083687,-0.7331683489128967
full_macro,all,1,ae_tanh_2,M2,0.9,fx_ret,1049,estimated,333.03433474655566,0.4226927081158457
full_macro,all,1,ae_tanh_2,M2,0.9,btc_vol,1049,estimated,1705.047261898362,3.409390613956022
full_macro,all,1,ae_tanh_2,M2,0.9,btc_ret,1049,estimated,-120.26663506906236,-0.7254086251635661
full_macro,all,1,ae_tanh_2,M2,0.9,vixy_ret,1049,estimated,-1.02223066570798,-0.020511282637009166
full_macro,all,1,ae_tanh_2,M2,0.9,account_ls,1049,estimated,-0.4196754141966094,-0.24005938042381655
full_macro,all,1,conditional_neural,M0,0.1,e_origin,1049,estimated,0.3134124128726811,3.0317410037059087
full_macro,all,1,conditional_neural,M0,0.1,downside,1049,estimated,-21822.330610170953,-0.38600966953198224
full_macro,all,1,conditional_neural,M0,0.1,dxy_ret,1049,estimated,-103.78228026821776,-0.10305986243327138
full_macro,all,1,conditional_neural,M0,0.1,fx_ret,1049,estimated,-756.2743366697589,-0.9598759469912626
full_macro,all,1,conditional_neural,M0,0.5,e_origin,1049,estimated,0.3080341521054825,2.979715324355542
full_macro,all,1,conditional_neural,M0,0.5,downside,1049,estimated,-20265.907602109255,-0.3584784978287247
full_macro,all,1,conditional_neural,M0,0.5,dxy_ret,1049,estimated,-503.16251374456056,-0.499660050965114
full_macro,all,1,conditional_neural,M0,0.5,fx_ret,1049,estimated,-393.98812761436085,-0.5000562742383365
full_macro,all,1,conditional_neural,M0,0.9,e_origin,1049,estimated,0.26692173640690975,2.5820214509945036
full_macro,all,1,conditional_neural,M0,0.9,downside,1049,estimated,43888.60072380038,0.7763343230497681
full_macro,all,1,conditional_neural,M0,0.9,dxy_ret,1049,estimated,-133.29771127245272,-0.13236983954201972
full_macro,all,1,conditional_neural,M0,0.9,fx_ret,1049,estimated,-525.9585322146809,-0.6675553032922171
full_macro,all,1,conditional_neural,M1,0.1,e_origin,1049,estimated,0.37049975826744713,3.58396560846763
full_macro,all,1,conditional_neural,M1,0.1,downside,1049,estimated,117493.63438461526,2.07831508884658
full_macro,all,1,conditional_neural,M1,0.1,dxy_ret,1049,estimated,-121.4915143816058,-0.12064582437983394
full_macro,all,1,conditional_neural,M1,0.1,fx_ret,1049,estimated,-286.0763188092454,-0.36309281449108183
full_macro,all,1,conditional_neural,M1,0.1,btc_vol,1049,estimated,-1670.3897632824567,-3.3400899246879114
full_macro,all,1,conditional_neural,M1,0.1,btc_ret,1049,estimated,363.13211421167625,2.190292990003124
full_macro,all,1,conditional_neural,M1,0.1,vixy_ret,1049,estimated,-49.7844647877355,-0.9989362112182836
full_macro,all,1,conditional_neural,M1,0.5,e_origin,1049,estimated,0.29695111365777005,2.8725054605227753
full_macro,all,1,conditional_neural,M1,0.5,downside,1049,estimated,33794.898608020005,0.5977893872375191
full_macro,all,1,conditional_neural,M1,0.5,dxy_ret,1049,estimated,-183.26354063561277,-0.18198786187900395
full_macro,all,1,conditional_neural,M1,0.5,fx_ret,1049,estimated,-169.0021127583948,-0.21450028800636817
full_macro,all,1,conditional_neural,M1,0.5,btc_vol,1049,estimated,-398.72259154300923,-0.797280574888833
full_macro,all,1,conditional_neural,M1,0.5,btc_ret,1049,estimated,217.61058272670323,1.3125551699868554
full_macro,all,1,conditional_neural,M1,0.5,vixy_ret,1049,estimated,-27.19925409528601,-0.5457590023264014
full_macro,all,1,conditional_neural,M1,0.9,e_origin,1049,estimated,0.26410356991745393,2.5547604027704054
full_macro,all,1,conditional_neural,M1,0.9,downside,1049,estimated,-28996.862880138022,-0.5129181505759708
full_macro,all,1,conditional_neural,M1,0.9,dxy_ret,1049,estimated,-150.71722843566255,-0.14966810122845323
full_macro,all,1,conditional_neural,M1,0.9,fx_ret,1049,estimated,-14.785141195174454,-0.018765546730848227
full_macro,all,1,conditional_neural,M1,0.9,btc_vol,1049,estimated,665.1430056220568,1.3300114143355153
full_macro,all,1,conditional_neural,M1,0.9,btc_ret,1049,estimated,190.23957702918202,1.1474623027840665
full_macro,all,1,conditional_neural,M1,0.9,vixy_ret,1049,estimated,-22.615377330361454,-0.4537825091016856
full_macro,all,1,conditional_neural,M2,0.1,e_origin,1049,estimated,0.35003708690541735,3.386023480888828
full_macro,all,1,conditional_neural,M2,0.1,downside,1049,estimated,100863.89573063883,1.7841558609943176
full_macro,all,1,conditional_neural,M2,0.1,dxy_ret,1049,estimated,-202.6891637254197,-0.2012782651939249
full_macro,all,1,conditional_neural,M2,0.1,fx_ret,1049,estimated,-274.8157368429131,-0.34880069686323517
full_macro,all,1,conditional_neural,M2,0.1,btc_vol,1049,estimated,-1593.634893765948,-3.1866118730510045
full_macro,all,1,conditional_neural,M2,0.1,btc_ret,1049,estimated,386.610441740045,2.3319065080309103
full_macro,all,1,conditional_neural,M2,0.1,vixy_ret,1049,estimated,-40.6315208324194,-0.8152803821318332
full_macro,all,1,conditional_neural,M2,0.1,account_ls,1049,estimated,1.9296829038755383,1.1038018112297021
full_macro,all,1,conditional_neural,M2,0.5,e_origin,1049,estimated,0.2991578058095696,2.89385151704251
full_macro,all,1,conditional_neural,M2,0.5,downside,1049,estimated,37165.27636353467,0.6574071442427122
full_macro,all,1,conditional_neural,M2,0.5,dxy_ret,1049,estimated,-169.1133918023736,-0.16793621078408638
full_macro,all,1,conditional_neural,M2,0.5,fx_ret,1049,estimated,-169.10188317696367,-0.21462691827842953
full_macro,all,1,conditional_neural,M2,0.5,btc_vol,1049,estimated,-543.0268445512205,-1.0858295064957846
full_macro,all,1,conditional_neural,M2,0.5,btc_ret,1049,estimated,216.96624032493355,1.30866870941087
full_macro,all,1,conditional_neural,M2,0.5,vixy_ret,1049,estimated,-27.77876443132792,-0.557387004393226
full_macro,all,1,conditional_neural,M2,0.5,account_ls,1049,estimated,0.49288714995968375,0.2819373731117613
full_macro,all,1,conditional_neural,M2,0.9,e_origin,1049,estimated,0.2620852447046892,2.535236481397074
full_macro,all,1,conditional_neural,M2,0.9,downside,1049,estimated,-31229.22713390861,-0.5524058754787988
full_macro,all,1,conditional_neural,M2,0.9,dxy_ret,1049,estimated,-149.59335690432226,-0.14855205285185893
full_macro,all,1,conditional_neural,M2,0.9,fx_ret,1049,estimated,-82.30076952399237,-0.10445750338801722
full_macro,all,1,conditional_neural,M2,0.9,btc_vol,1049,estimated,725.8542803783188,1.4514088998719856
full_macro,all,1,conditional_neural,M2,0.9,btc_ret,1049,estimated,164.8019152337222,0.9940307275194561
full_macro,all,1,conditional_neural,M2,0.9,vixy_ret,1049,estimated,-22.620270337076914,-0.4538806883552067
full_macro,all,1,conditional_neural,M2,0.9,account_ls,1049,estimated,0.6372734023167039,0.36452804464036553
full_macro,all,1,pca_selected,M0,0.1,e_origin,1049,estimated,0.5684414336145095,4.41467763612526
full_macro,all,1,pca_selected,M0,0.1,downside,1049,estimated,-43437.29610273464,-0.7683513101100481
full_macro,all,1,pca_selected,M0,0.1,dxy_ret,1049,estimated,353.57959580641153,0.35111836441485283
full_macro,all,1,pca_selected,M0,0.1,fx_ret,1049,estimated,-108.286711643577,-0.13743929265556493
full_macro,all,1,pca_selected,M0,0.5,e_origin,1049,estimated,0.5488465434272315,4.262498153109653
full_macro,all,1,pca_selected,M0,0.5,downside,1049,estimated,-8238.483720060993,-0.14572844830529524
full_macro,all,1,pca_selected,M0,0.5,dxy_ret,1049,estimated,-354.48307334096756,-0.3520155529347259
full_macro,all,1,pca_selected,M0,0.5,fx_ret,1049,estimated,-73.37405979690863,-0.09312757516311934
full_macro,all,1,pca_selected,M0,0.9,e_origin,1049,estimated,0.4440203250587436,3.4483879659469454
full_macro,all,1,pca_selected,M0,0.9,downside,1049,estimated,-5569.900674067518,-0.09852455986166202
full_macro,all,1,pca_selected,M0,0.9,dxy_ret,1049,estimated,-85.61238228504457,-0.08501644325099057
full_macro,all,1,pca_selected,M0,0.9,fx_ret,1049,estimated,-481.5698852507505,-0.6112164954360821
full_macro,all,1,pca_selected,M1,0.1,e_origin,1049,estimated,0.5334422798086501,4.142864266351062
full_macro,all,1,pca_selected,M1,0.1,downside,1049,estimated,67769.84969432084,1.1987636770815089
full_macro,all,1,pca_selected,M1,0.1,dxy_ret,1049,estimated,629.0006394581485,0.6246222303601515
full_macro,all,1,pca_selected,M1,0.1,fx_ret,1049,estimated,-55.992145503556344,-0.0710661608933686
full_macro,all,1,pca_selected,M1,0.1,btc_vol,1049,estimated,-1090.481704914662,-2.180513216558822
full_macro,all,1,pca_selected,M1,0.1,btc_ret,1049,estimated,71.21889464404411,0.42956885273906487
full_macro,all,1,pca_selected,M1,0.1,vixy_ret,1049,estimated,-14.346443167178464,-0.28786453049125077
full_macro,all,1,pca_selected,M1,0.5,e_origin,1049,estimated,0.543443941657221,4.220540013184317
full_macro,all,1,pca_selected,M1,0.5,downside,1049,estimated,-14729.313807589075,-0.26054309490895305
full_macro,all,1,pca_selected,M1,0.5,dxy_ret,1049,estimated,-365.6185800950985,-0.3630735465656188
full_macro,all,1,pca_selected,M1,0.5,fx_ret,1049,estimated,110.09081471272916,0.13972909023034163
full_macro,all,1,pca_selected,M1,0.5,btc_vol,1049,estimated,27.789849762516727,0.05556822679395052
full_macro,all,1,pca_selected,M1,0.5,btc_ret,1049,estimated,86.68129074675862,0.5228329196364514
full_macro,all,1,pca_selected,M1,0.5,vixy_ret,1049,estimated,-20.5714354950472,-0.412770367630952
full_macro,all,1,pca_selected,M1,0.9,e_origin,1049,estimated,0.4337949816345229,3.3689750444616675
full_macro,all,1,pca_selected,M1,0.9,downside,1049,estimated,-22018.030280863237,-0.3894713513551069
full_macro,all,1,pca_selected,M1,0.9,dxy_ret,1049,estimated,-214.5487294407093,-0.21305527768562663
full_macro,all,1,pca_selected,M1,0.9,fx_ret,1049,estimated,19.87681415640234,0.025227982606895395
full_macro,all,1,pca_selected,M1,0.9,btc_vol,1049,estimated,211.26848996713653,0.422449760082694
full_macro,all,1,pca_selected,M1,0.9,btc_ret,1049,estimated,113.56536724239865,0.6849887906999056
full_macro,all,1,pca_selected,M1,0.9,vixy_ret,1049,estimated,-5.886876387483903,-0.11812146659598612
full_macro,all,1,pca_selected,M2,0.1,e_origin,1049,estimated,0.5370852070642633,4.171156274171683
full_macro,all,1,pca_selected,M2,0.1,downside,1049,estimated,68925.04469871527,1.2191976284250676
full_macro,all,1,pca_selected,M2,0.1,dxy_ret,1049,estimated,401.71693754222156,0.3989206270397878
full_macro,all,1,pca_selected,M2,0.1,fx_ret,1049,estimated,-6.6534770828757415,-0.008444703602971528
full_macro,all,1,pca_selected,M2,0.1,btc_vol,1049,estimated,-1119.9098375757098,-2.2393573328029204
full_macro,all,1,pca_selected,M2,0.1,btc_ret,1049,estimated,75.42929550047896,0.45496460023711377
full_macro,all,1,pca_selected,M2,0.1,vixy_ret,1049,estimated,-21.148395535004667,-0.42434719744717697
full_macro,all,1,pca_selected,M2,0.1,account_ls,1049,estimated,0.3635534230697259,0.20795692704598073
full_macro,all,1,pca_selected,M2,0.5,e_origin,1049,estimated,0.5379370113186859,4.177771627961861
full_macro,all,1,pca_selected,M2,0.5,downside,1049,estimated,-13321.732071978167,-0.2356447387109592
full_macro,all,1,pca_selected,M2,0.5,dxy_ret,1049,estimated,-167.27264578589376,-0.1661082780122999
full_macro,all,1,pca_selected,M2,0.5,fx_ret,1049,estimated,47.77069846143874,0.06063136378000689
full_macro,all,1,pca_selected,M2,0.5,btc_vol,1049,estimated,-39.54339700254998,-0.07907046895247129
full_macro,all,1,pca_selected,M2,0.5,btc_ret,1049,estimated,101.68221797370762,0.6133135586734626
full_macro,all,1,pca_selected,M2,0.5,vixy_ret,1049,estimated,-16.620703150460717,-0.33349805614451844
full_macro,all,1,pca_selected,M2,0.5,account_ls,1049,estimated,0.6944835448243966,0.39725293368502357
full_macro,all,1,pca_selected,M2,0.9,e_origin,1049,estimated,0.461601250678116,3.5849264280725954
full_macro,all,1,pca_selected,M2,0.9,downside,1049,estimated,-55659.54191225654,-0.9845475152795035
full_macro,all,1,pca_selected,M2,0.9,dxy_ret,1049,estimated,-316.47053549982445,-0.3142676164804192
full_macro,all,1,pca_selected,M2,0.9,fx_ret,1049,estimated,88.07970671269292,0.11179222643446272
full_macro,all,1,pca_selected,M2,0.9,btc_vol,1049,estimated,316.30300423573505,0.6324754262862718
full_macro,all,1,pca_selected,M2,0.9,btc_ret,1049,estimated,118.22681879793771,0.71310512705727
full_macro,all,1,pca_selected,M2,0.9,vixy_ret,1049,estimated,1.3737502337650442,0.027564599911407518
full_macro,all,1,pca_selected,M2,0.9,account_ls,1049,estimated,0.9877533636700135,0.5650067944725458
full_macro,all,1,ae_selected,M0,0.1,e_origin,1049,estimated,0.9272703433626392,44.410282718107126
full_macro,all,1,ae_selected,M0,0.1,downside,1049,estimated,-30156.781345077074,-0.5334356540146954
full_macro,all,1,ae_selected,M0,0.1,dxy_ret,1049,estimated,927.1923350017506,0.9207382440191693
full_macro,all,1,ae_selected,M0,0.1,fx_ret,1049,estimated,-329.00029906663434,-0.41757264304063496
full_macro,all,1,ae_selected,M0,0.5,e_origin,1049,estimated,0.9606059842006567,46.00684540859172
full_macro,all,1,ae_selected,M0,0.5,downside,1049,estimated,-20340.214943343057,-0.35979290153499477
full_macro,all,1,ae_selected,M0,0.5,dxy_ret,1049,estimated,-373.55501938009866,-0.37095474110873594
full_macro,all,1,ae_selected,M0,0.5,fx_ret,1049,estimated,-471.8852955335531,-0.5989246533421781
full_macro,all,1,ae_selected,M0,0.9,e_origin,1049,estimated,1.0370531667369771,49.66817353554228
full_macro,all,1,ae_selected,M0,0.9,downside,1049,estimated,16794.979165894587,0.2970821253437471
full_macro,all,1,ae_selected,M0,0.9,dxy_ret,1049,estimated,-704.2831356275061,-0.6993806927758521
full_macro,all,1,ae_selected,M0,0.9,fx_ret,1049,estimated,200.15526160059886,0.2540403818542547
full_macro,all,1,ae_selected,M1,0.1,e_origin,1049,estimated,0.9196020676896997,44.04302165661274
full_macro,all,1,ae_selected,M1,0.1,downside,1049,estimated,119142.17557700335,2.1074757157407116
full_macro,all,1,ae_selected,M1,0.1,dxy_ret,1049,estimated,417.82663383680836,0.41491818538665654
full_macro,all,1,ae_selected,M1,0.1,fx_ret,1049,estimated,-105.3076239266258,-0.13365818505369845
full_macro,all,1,ae_selected,M1,0.1,btc_vol,1049,estimated,-1314.94209824331,-2.6293413372336305
full_macro,all,1,ae_selected,M1,0.1,btc_ret,1049,estimated,20.42221115308039,0.12318003332220102
full_macro,all,1,ae_selected,M1,0.1,vixy_ret,1049,estimated,-26.953385979866237,-0.540825604634491
full_macro,all,1,ae_selected,M1,0.5,e_origin,1049,estimated,0.9603634447443942,45.99522932931127
full_macro,all,1,ae_selected,M1,0.5,downside,1049,estimated,-67592.68183675864,-1.195629799799061
full_macro,all,1,ae_selected,M1,0.5,dxy_ret,1049,estimated,-244.239796647245,-0.24253966841104088
full_macro,all,1,ae_selected,M1,0.5,fx_ret,1049,estimated,-459.7486182833632,-0.5835205810313913
full_macro,all,1,ae_selected,M1,0.5,btc_vol,1049,estimated,543.8736866260436,1.087522841036078
full_macro,all,1,ae_selected,M1,0.5,btc_ret,1049,estimated,130.47500119854737,0.7869821183847211
full_macro,all,1,ae_selected,M1,0.5,vixy_ret,1049,estimated,16.696780852034422,0.3350245719219253
full_macro,all,1,ae_selected,M1,0.9,e_origin,1049,estimated,1.0329159471353895,49.47002733849352
full_macro,all,1,ae_selected,M1,0.9,downside,1049,estimated,-47726.89298890636,-0.8442289010986485
full_macro,all,1,ae_selected,M1,0.9,dxy_ret,1049,estimated,-942.9677532622,-0.936403851207096
full_macro,all,1,ae_selected,M1,0.9,fx_ret,1049,estimated,234.35788503165642,0.2974509194906889
full_macro,all,1,ae_selected,M1,0.9,btc_vol,1049,estimated,888.5122024941787,1.7766575925856192
full_macro,all,1,ae_selected,M1,0.9,btc_ret,1049,estimated,-10.207507269524816,-0.06156831286151018
full_macro,all,1,ae_selected,M1,0.9,vixy_ret,1049,estimated,-16.267181426409508,-0.3264045651707224
full_macro,all,1,ae_selected,M2,0.1,e_origin,1049,estimated,0.918995429042913,44.013967568984064
full_macro,all,1,ae_selected,M2,0.1,downside,1049,estimated,138657.57580791606,2.4526786790945865
full_macro,all,1,ae_selected,M2,0.1,dxy_ret,1049,estimated,470.4258380147834,0.4671512518857913
full_macro,all,1,ae_selected,M2,0.1,fx_ret,1049,estimated,-185.54637254569496,-0.23549853726672712
full_macro,all,1,ae_selected,M2,0.1,btc_vol,1049,estimated,-1448.2247331881956,-2.895851582866638
full_macro,all,1,ae_selected,M2,0.1,btc_ret,1049,estimated,-17.70310935492933,-0.10677930924819773
full_macro,all,1,ae_selected,M2,0.1,vixy_ret,1049,estimated,-34.7924330832566,-0.6981178050510262
full_macro,all,1,ae_selected,M2,0.1,account_ls,1049,estimated,-1.0716388403911397,-0.6129902952615531
full_macro,all,1,ae_selected,M2,0.5,e_origin,1049,estimated,0.957475265682186,45.85690413686734
full_macro,all,1,ae_selected,M2,0.5,downside,1049,estimated,-82816.92140769855,-1.4649275109663198
full_macro,all,1,ae_selected,M2,0.5,dxy_ret,1049,estimated,-185.60023703630932,-0.18430829277512348
full_macro,all,1,ae_selected,M2,0.5,fx_ret,1049,estimated,-448.19403031311765,-0.568855306101037
full_macro,all,1,ae_selected,M2,0.5,btc_vol,1049,estimated,426.3655157425161,0.852555011213352
full_macro,all,1,ae_selected,M2,0.5,btc_ret,1049,estimated,113.8110782272495,0.6864708382154604
full_macro,all,1,ae_selected,M2,0.5,vixy_ret,1049,estimated,20.832024292249542,0.41799913903329844
full_macro,all,1,ae_selected,M2,0.5,account_ls,1049,estimated,1.5660358458706525,0.89579132387554
full_macro,all,1,ae_selected,M2,0.9,e_origin,1049,estimated,1.0329651030104208,49.47238158860302
full_macro,all,1,ae_selected,M2,0.9,downside,1049,estimated,-63652.72132868715,-1.125936837995023
full_macro,all,1,ae_selected,M2,0.9,dxy_ret,1049,estimated,-790.2432171548244,-0.7847424149702642
full_macro,all,1,ae_selected,M2,0.9,fx_ret,1049,estimated,88.00627027573229,0.11169901968916755
full_macro,all,1,ae_selected,M2,0.9,btc_vol,1049,estimated,810.9704025803519,1.6216060050295575
full_macro,all,1,ae_selected,M2,0.9,btc_ret,1049,estimated,-52.63288843433009,-0.3174642012359448
full_macro,all,1,ae_selected,M2,0.9,vixy_ret,1049,estimated,-34.75225123244312,-0.6973115473965049
full_macro,all,1,ae_selected,M2,0.9,account_ls,1049,estimated,0.7684866929592855,0.4395836237605464
full_macro,all,1,ae_reconstruction_selected,M0,0.1,e_origin,1049,estimated,0.924729534750214,44.33046736431795
full_macro,all,1,ae_reconstruction_selected,M0,0.1,downside,1049,estimated,-20446.355298201215,-0.3616703913427841
full_macro,all,1,ae_reconstruction_selected,M0,0.1,dxy_ret,1049,estimated,334.1607737326673,0.3318347147748175
full_macro,all,1,ae_reconstruction_selected,M0,0.1,fx_ret,1049,estimated,-274.3100716178029,-0.34815889816231593
full_macro,all,1,ae_reconstruction_selected,M0,0.5,e_origin,1049,estimated,0.9609855696512394,46.068539861779186
full_macro,all,1,ae_reconstruction_selected,M0,0.5,downside,1049,estimated,-11747.569285353062,-0.20779977256552415
full_macro,all,1,ae_reconstruction_selected,M0,0.5,dxy_ret,1049,estimated,-414.19383845738764,-0.4113106775241994
full_macro,all,1,ae_reconstruction_selected,M0,0.5,fx_ret,1049,estimated,-414.8880448403631,-0.5265827962510861
full_macro,all,1,ae_reconstruction_selected,M0,0.9,e_origin,1049,estimated,1.0426917356661007,49.98543922518466
full_macro,all,1,ae_reconstruction_selected,M0,0.9,downside,1049,estimated,18732.437600654222,0.3313533360358327
full_macro,all,1,ae_reconstruction_selected,M0,0.9,dxy_ret,1049,estimated,-627.227299497584,-0.6228612344376214
full_macro,all,1,ae_reconstruction_selected,M0,0.9,fx_ret,1049,estimated,167.43420432139735,0.21251027258103225
full_macro,all,1,ae_reconstruction_selected,M1,0.1,e_origin,1049,estimated,0.928249426422671,44.499206911448276
full_macro,all,1,ae_reconstruction_selected,M1,0.1,downside,1049,estimated,113549.32365508145,2.008545177078807
full_macro,all,1,ae_reconstruction_selected,M1,0.1,dxy_ret,1049,estimated,407.813942885405,0.4049751917525641
full_macro,all,1,ae_reconstruction_selected,M1,0.1,fx_ret,1049,estimated,-576.6544557396173,-0.73189941129987
full_macro,all,1,ae_reconstruction_selected,M1,0.1,btc_vol,1049,estimated,-1248.5614287152796,-2.4966074027003398
full_macro,all,1,ae_reconstruction_selected,M1,0.1,btc_ret,1049,estimated,-13.80104766414429,-0.08324336176957783
full_macro,all,1,ae_reconstruction_selected,M1,0.1,vixy_ret,1049,estimated,-21.621216267992633,-0.4338344492155802
full_macro,all,1,ae_reconstruction_selected,M1,0.5,e_origin,1049,estimated,0.9648171944953856,46.252223537624594
full_macro,all,1,ae_reconstruction_selected,M1,0.5,downside,1049,estimated,-37566.422044977895,-0.664502908425476
full_macro,all,1,ae_reconstruction_selected,M1,0.5,dxy_ret,1049,estimated,-312.17796099841013,-0.31000492215093445
full_macro,all,1,ae_reconstruction_selected,M1,0.5,fx_ret,1049,estimated,-277.7259708210335,-0.35249441415637434
full_macro,all,1,ae_reconstruction_selected,M1,0.5,btc_vol,1049,estimated,352.25690864596794,0.7043683919362921
full_macro,all,1,ae_reconstruction_selected,M1,0.5,btc_ret,1049,estimated,103.52246130472211,0.6244132987131757
full_macro,all,1,ae_reconstruction_selected,M1,0.5,vixy_ret,1049,estimated,24.721220745432337,0.4960367193546018
full_macro,all,1,ae_reconstruction_selected,M1,0.9,e_origin,1049,estimated,1.0335652668690551,49.54792683701575
full_macro,all,1,ae_reconstruction_selected,M1,0.9,downside,1049,estimated,-30901.353819711352,-0.5466062076100218
full_macro,all,1,ae_reconstruction_selected,M1,0.9,dxy_ret,1049,estimated,-923.4737541922862,-0.9170455478702702
full_macro,all,1,ae_reconstruction_selected,M1,0.9,fx_ret,1049,estimated,386.4056999387353,0.49043253111664975
full_macro,all,1,ae_reconstruction_selected,M1,0.9,btc_vol,1049,estimated,634.3420388983415,1.26842219672539
full_macro,all,1,ae_reconstruction_selected,M1,0.9,btc_ret,1049,estimated,27.492495995771208,0.16582565656015008
full_macro,all,1,ae_reconstruction_selected,M1,0.9,vixy_ret,1049,estimated,10.521448652779359,0.21111517616082412
full_macro,all,1,ae_reconstruction_selected,M2,0.1,e_origin,1049,estimated,0.9275125299054401,44.463880942307675
full_macro,all,1,ae_reconstruction_selected,M2,0.1,downside,1049,estimated,127836.7929930484,2.261272597266753
full_macro,all,1,ae_reconstruction_selected,M2,0.1,dxy_ret,1049,estimated,578.7868160864003,0.5747579402755005
full_macro,all,1,ae_reconstruction_selected,M2,0.1,fx_ret,1049,estimated,-509.5466001812197,-0.6467250066145
full_macro,all,1,ae_reconstruction_selected,M2,0.1,btc_vol,1049,estimated,-1370.1204215949228,-2.739675204178389
full_macro,all,1,ae_reconstruction_selected,M2,0.1,btc_ret,1049,estimated,-21.79037935216433,-0.13143237206702468
full_macro,all,1,ae_reconstruction_selected,M2,0.1,vixy_ret,1049,estimated,-28.368683805276202,-0.5692238660899159
full_macro,all,1,ae_reconstruction_selected,M2,0.1,account_ls,1049,estimated,-0.8070507452606066,-0.46164272512536875
full_macro,all,1,ae_reconstruction_selected,M2,0.5,e_origin,1049,estimated,0.9610738675111109,46.072772759343586
full_macro,all,1,ae_reconstruction_selected,M2,0.5,downside,1049,estimated,-61084.767185232675,-1.0805129486774383
full_macro,all,1,ae_reconstruction_selected,M2,0.5,dxy_ret,1049,estimated,-293.3198753904992,-0.29127810574756297
full_macro,all,1,ae_reconstruction_selected,M2,0.5,fx_ret,1049,estimated,-303.23294256163854,-0.3848682862650134
full_macro,all,1,ae_reconstruction_selected,M2,0.5,btc_vol,1049,estimated,317.1611308904115,0.6341913253275583
full_macro,all,1,ae_reconstruction_selected,M2,0.5,btc_ret,1049,estimated,116.15024539990982,0.7005799221003871
full_macro,all,1,ae_reconstruction_selected,M2,0.5,vixy_ret,1049,estimated,23.95676754312162,0.48069779809019014
full_macro,all,1,ae_reconstruction_selected,M2,0.5,account_ls,1049,estimated,1.4004968244134148,0.8011010142154836
full_macro,all,1,ae_reconstruction_selected,M2,0.9,e_origin,1049,estimated,1.0353279308685313,49.632426916192024
full_macro,all,1,ae_reconstruction_selected,M2,0.9,downside,1049,estimated,-33775.21375460785,-0.5974411868598348
full_macro,all,1,ae_reconstruction_selected,M2,0.9,dxy_ret,1049,estimated,-927.0438348303253,-0.920590777542244
full_macro,all,1,ae_reconstruction_selected,M2,0.9,fx_ret,1049,estimated,326.8213690217318,0.4148071088437608
full_macro,all,1,ae_reconstruction_selected,M2,0.9,btc_vol,1049,estimated,624.9212153140851,1.2495844388393484
full_macro,all,1,ae_reconstruction_selected,M2,0.9,btc_ret,1049,estimated,25.08475852400125,0.15130297927605982
full_macro,all,1,ae_reconstruction_selected,M2,0.9,vixy_ret,1049,estimated,8.089502420062727,0.16231764130824483
full_macro,all,1,ae_reconstruction_selected,M2,0.9,account_ls,1049,estimated,0.29656477739859677,0.16963861667741553
full_macro,matched,1,sequential_ols,M0,,,0,insufficient,,
full_macro,matched,1,sequential_ols,M1,,,0,insufficient,,
full_macro,matched,1,sequential_ols,M2,,,0,insufficient,,
full_macro,matched,1,pca_1,M0,,,0,insufficient,,
full_macro,matched,1,pca_1,M1,,,0,insufficient,,
full_macro,matched,1,pca_1,M2,,,0,insufficient,,
full_macro,matched,1,pca_2,M0,,,0,insufficient,,
full_macro,matched,1,pca_2,M1,,,0,insufficient,,
full_macro,matched,1,pca_2,M2,,,0,insufficient,,
full_macro,matched,1,conditional_linear,M0,,,0,insufficient,,
full_macro,matched,1,conditional_linear,M1,,,0,insufficient,,
full_macro,matched,1,conditional_linear,M2,,,0,insufficient,,
full_macro,matched,1,ae_relu_1,M0,,,0,insufficient,,
full_macro,matched,1,ae_relu_1,M1,,,0,insufficient,,
full_macro,matched,1,ae_relu_1,M2,,,0,insufficient,,
full_macro,matched,1,ae_relu_2,M0,,,0,insufficient,,
full_macro,matched,1,ae_relu_2,M1,,,0,insufficient,,
full_macro,matched,1,ae_relu_2,M2,,,0,insufficient,,
full_macro,matched,1,ae_tanh_1,M0,,,0,insufficient,,
full_macro,matched,1,ae_tanh_1,M1,,,0,insufficient,,
full_macro,matched,1,ae_tanh_1,M2,,,0,insufficient,,
full_macro,matched,1,ae_tanh_2,M0,,,0,insufficient,,
full_macro,matched,1,ae_tanh_2,M1,,,0,insufficient,,
full_macro,matched,1,ae_tanh_2,M2,,,0,insufficient,,
full_macro,matched,1,conditional_neural,M0,,,0,insufficient,,
full_macro,matched,1,conditional_neural,M1,,,0,insufficient,,
full_macro,matched,1,conditional_neural,M2,,,0,insufficient,,
full_macro,matched,1,pca_selected,M0,,,0,insufficient,,
full_macro,matched,1,pca_selected,M1,,,0,insufficient,,
full_macro,matched,1,pca_selected,M2,,,0,insufficient,,
full_macro,matched,1,ae_selected,M0,,,0,insufficient,,
full_macro,matched,1,ae_selected,M1,,,0,insufficient,,
full_macro,matched,1,ae_selected,M2,,,0,insufficient,,
full_macro,matched,1,ae_reconstruction_selected,M0,,,0,insufficient,,
full_macro,matched,1,ae_reconstruction_selected,M1,,,0,insufficient,,
full_macro,matched,1,ae_reconstruction_selected,M2,,,0,insufficient,,
full_macro,all,6,sequential_ols,M0,0.1,e_origin,237,estimated,0.5501527431169361,4.545311298508031
full_macro,all,6,sequential_ols,M0,0.1,downside,237,estimated,-65258.88816228224,-1.045137047535156
full_macro,all,6,sequential_ols,M0,0.1,dxy_ret,237,estimated,-195.49773173446974,-0.13373600969628022
full_macro,all,6,sequential_ols,M0,0.1,fx_ret,237,estimated,1365.0877749553752,1.2124499771088655
full_macro,all,6,sequential_ols,M0,0.5,e_origin,237,estimated,0.32504734535402285,2.6855112327843993
full_macro,all,6,sequential_ols,M0,0.5,downside,237,estimated,-81186.38782208311,-1.3002198483279934
full_macro,all,6,sequential_ols,M0,0.5,dxy_ret,237,estimated,277.1331625979575,0.18958114240783508
full_macro,all,6,sequential_ols,M0,0.5,fx_ret,237,estimated,1347.7148873507133,1.1970196454005064
full_macro,all,6,sequential_ols,M0,0.9,e_origin,237,estimated,0.22160509452107877,1.8308808826924332
full_macro,all,6,sequential_ols,M0,0.9,downside,237,estimated,104557.79203777817,1.674518600369251
full_macro,all,6,sequential_ols,M0,0.9,dxy_ret,237,estimated,-257.61700727364274,-0.1762305387229204
full_macro,all,6,sequential_ols,M0,0.9,fx_ret,237,estimated,-861.0901180118046,-0.7648070058397616
full_macro,all,6,sequential_ols,M1,0.1,e_origin,237,estimated,0.5130666394168714,4.23890932510241
full_macro,all,6,sequential_ols,M1,0.1,downside,237,estimated,11363.073013749097,0.18198239220661605
full_macro,all,6,sequential_ols,M1,0.1,dxy_ret,237,estimated,248.49489371378147,0.16999028694777885
full_macro,all,6,sequential_ols,M1,0.1,fx_ret,237,estimated,1417.9577430155832,1.2594082700043103
full_macro,all,6,sequential_ols,M1,0.1,btc_vol,237,estimated,-1622.502012524716,-3.0346367606732674
full_macro,all,6,sequential_ols,M1,0.1,btc_ret,237,estimated,-242.01812245711997,-0.7835314020323464
full_macro,all,6,sequential_ols,M1,0.1,vixy_ret,237,estimated,-4.777379637349418,-0.071874531744915
full_macro,all,6,sequential_ols,M1,0.5,e_origin,237,estimated,0.3279938811565837,2.7098552402303304
full_macro,all,6,sequential_ols,M1,0.5,downside,237,estimated,-49254.01711013369,-0.7888151249791523
full_macro,all,6,sequential_ols,M1,0.5,dxy_ret,237,estimated,460.1701678472941,0.31479302334183445
full_macro,all,6,sequential_ols,M1,0.5,fx_ret,237,estimated,1366.83105569049,1.2139983322594736
full_macro,all,6,sequential_ols,M1,0.5,btc_vol,237,estimated,-256.4439988624266,-0.47963847193694537
full_macro,all,6,sequential_ols,M1,0.5,btc_ret,237,estimated,10.90850927724493,0.03531619649514857
full_macro,all,6,sequential_ols,M1,0.5,vixy_ret,237,estimated,7.094618490428932,0.10673683496321634
full_macro,all,6,sequential_ols,M1,0.9,e_origin,237,estimated,0.1953935493594738,1.6143235104626756
full_macro,all,6,sequential_ols,M1,0.9,downside,237,estimated,3780.2007118938445,0.060540838533661885
full_macro,all,6,sequential_ols,M1,0.9,dxy_ret,237,estimated,1630.6605886206241,1.115501639616511
full_macro,all,6,sequential_ols,M1,0.9,fx_ret,237,estimated,-640.8130093330567,-0.5691602640880191
full_macro,all,6,sequential_ols,M1,0.9,btc_vol,237,estimated,569.0947030525758,1.064402812974308
full_macro,all,6,sequential_ols,M1,0.9,btc_ret,237,estimated,-72.46469187813034,-0.2346037604484485
full_macro,all,6,sequential_ols,M1,0.9,vixy_ret,237,estimated,-101.92654319225905,-1.533460415631954
full_macro,all,6,sequential_ols,M2,0.1,e_origin,237,estimated,0.48105837910607246,3.974460026145926
full_macro,all,6,sequential_ols,M2,0.1,downside,237,estimated,-104612.7070805814,-1.6753980782046365
full_macro,all,6,sequential_ols,M2,0.1,dxy_ret,237,estimated,-225.16454037323686,-0.15403046821798133
full_macro,all,6,sequential_ols,M2,0.1,fx_ret,237,estimated,1399.1064121233262,1.2426648076950564
full_macro,all,6,sequential_ols,M2,0.1,btc_vol,237,estimated,-1124.511703421301,-2.1032236180092947
full_macro,all,6,sequential_ols,M2,0.1,btc_ret,237,estimated,-70.32772780319513,-0.22768535929432254
full_macro,all,6,sequential_ols,M2,0.1,vixy_ret,237,estimated,-21.583387273647404,-0.3247168890733694
full_macro,all,6,sequential_ols,M2,0.1,account_ls,237,estimated,2.8891562950269076,1.6246860387652147
full_macro,all,6,sequential_ols,M2,0.5,e_origin,237,estimated,0.3225282710911189,2.6646988732129695
full_macro,all,6,sequential_ols,M2,0.5,downside,237,estimated,-19971.202618898184,-0.31984369223295184
full_macro,all,6,sequential_ols,M2,0.5,dxy_ret,237,estimated,483.3273965023266,0.33063441100639707
full_macro,all,6,sequential_ols,M2,0.5,fx_ret,237,estimated,1378.4946884153765,1.224357791548278
full_macro,all,6,sequential_ols,M2,0.5,btc_vol,237,estimated,-418.30487452834075,-0.7823739752638269
full_macro,all,6,sequential_ols,M2,0.5,btc_ret,237,estimated,16.814905974097584,0.05443810041647218
full_macro,all,6,sequential_ols,M2,0.5,vixy_ret,237,estimated,4.166374650388538,0.06268210814343073
full_macro,all,6,sequential_ols,M2,0.5,account_ls,237,estimated,-0.2337343127334185,-0.13143798254598438
full_macro,all,6,sequential_ols,M2,0.9,e_origin,237,estimated,0.16643815909975865,1.375096742720797
full_macro,all,6,sequential_ols,M2,0.9,downside,237,estimated,-59507.02247100301,-0.953019512350473
full_macro,all,6,sequential_ols,M2,0.9,dxy_ret,237,estimated,727.6714426156717,0.4977851877971286
full_macro,all,6,sequential_ols,M2,0.9,fx_ret,237,estimated,-750.534642923195,-0.6666133323634708
full_macro,all,6,sequential_ols,M2,0.9,btc_vol,237,estimated,755.815431020822,1.4136347896979617
full_macro,all,6,sequential_ols,M2,0.9,btc_ret,237,estimated,43.54911766659703,0.14098986008217645
full_macro,all,6,sequential_ols,M2,0.9,vixy_ret,237,estimated,-100.60903408777887,-1.5136388068961002
full_macro,all,6,sequential_ols,M2,0.9,account_ls,237,estimated,2.691371510620226,1.513463887696807
full_macro,all,6,pca_1,M0,0.1,e_origin,237,estimated,0.5488434540410783,4.515660077535022
full_macro,all,6,pca_1,M0,0.1,downside,237,estimated,-63741.05641873838,-1.020828601103189
full_macro,all,6,pca_1,M0,0.1,dxy_ret,237,estimated,-170.75762740259722,-0.11681180907533299
full_macro,all,6,pca_1,M0,0.1,fx_ret,237,estimated,1341.121665021992,1.1911636466814546
full_macro,all,6,pca_1,M0,0.5,e_origin,237,estimated,0.3238900320875848,2.664835075722662
full_macro,all,6,pca_1,M0,0.5,downside,237,estimated,-77651.82912933448,-1.2436130267822028
full_macro,all,6,pca_1,M0,0.5,dxy_ret,237,estimated,272.3149346429762,0.18628509096626913
full_macro,all,6,pca_1,M0,0.5,fx_ret,237,estimated,1359.8126338957006,1.207764677910975
full_macro,all,6,pca_1,M0,0.9,e_origin,237,estimated,0.22832559014942508,1.8785698262882338
full_macro,all,6,pca_1,M0,0.9,downside,237,estimated,103115.55570710149,1.6514208329549025
full_macro,all,6,pca_1,M0,0.9,dxy_ret,237,estimated,-219.96651512370605,-0.15047460519591338
full_macro,all,6,pca_1,M0,0.9,fx_ret,237,estimated,-872.7816511329034,-0.7751912458315872
full_macro,all,6,pca_1,M1,0.1,e_origin,237,estimated,0.5092559668292871,4.189950379704074
full_macro,all,6,pca_1,M1,0.1,downside,237,estimated,16387.83149685887,0.262455127699064
full_macro,all,6,pca_1,M1,0.1,dxy_ret,237,estimated,204.26337327752603,0.13973240623753788
full_macro,all,6,pca_1,M1,0.1,fx_ret,237,estimated,1435.3134056326933,1.2748233027435143
full_macro,all,6,pca_1,M1,0.1,btc_vol,237,estimated,-1617.673010913508,-3.0256048669106708
full_macro,all,6,pca_1,M1,0.1,btc_ret,237,estimated,-252.88324089521532,-0.8187071210926274
full_macro,all,6,pca_1,M1,0.1,vixy_ret,237,estimated,-4.808917893160245,-0.07234901724544604
full_macro,all,6,pca_1,M1,0.5,e_origin,237,estimated,0.3397398370523534,2.7952408061529734
full_macro,all,6,pca_1,M1,0.5,downside,237,estimated,-41733.17173517577,-0.6683669477039687
full_macro,all,6,pca_1,M1,0.5,dxy_ret,237,estimated,341.9613534263881,0.23392878511603252
full_macro,all,6,pca_1,M1,0.5,fx_ret,237,estimated,1237.9608537044244,1.0995377998932467
full_macro,all,6,pca_1,M1,0.5,btc_vol,237,estimated,-279.26377402464783,-0.5223192994755308
full_macro,all,6,pca_1,M1,0.5,btc_ret,237,estimated,-12.797029726806855,-0.04143026374180355
full_macro,all,6,pca_1,M1,0.5,vixy_ret,237,estimated,-3.4308817506477127,-0.05161679372769988
full_macro,all,6,pca_1,M1,0.9,e_origin,237,estimated,0.19929835509048546,1.6397455758543968
full_macro,all,6,pca_1,M1,0.9,downside,237,estimated,3138.0841696010298,0.05025718513281722
full_macro,all,6,pca_1,M1,0.9,dxy_ret,237,estimated,1646.4207079503485,1.1262828157089133
full_macro,all,6,pca_1,M1,0.9,fx_ret,237,estimated,-645.7063422482697,-0.5735064471612871
full_macro,all,6,pca_1,M1,0.9,btc_vol,237,estimated,566.9756726214797,1.0604394973090268
full_macro,all,6,pca_1,M1,0.9,btc_ret,237,estimated,-89.0475136637101,-0.2882904904808656
full_macro,all,6,pca_1,M1,0.9,vixy_ret,237,estimated,-99.29270802371565,-1.493834996719804
full_macro,all,6,pca_1,M2,0.1,e_origin,237,estimated,0.4795847354211078,3.945827589981979
full_macro,all,6,pca_1,M2,0.1,downside,237,estimated,-104329.0935078592,-1.6708559375034546
full_macro,all,6,pca_1,M2,0.1,dxy_ret,237,estimated,-212.69203090052898,-0.14549827895429943
full_macro,all,6,pca_1,M2,0.1,fx_ret,237,estimated,1467.3323501630514,1.3032620370689696
full_macro,all,6,pca_1,M2,0.1,btc_vol,237,estimated,-1065.9872686006938,-1.9937627976631405
full_macro,all,6,pca_1,M2,0.1,btc_ret,237,estimated,-65.1113054918607,-0.21079724097617122
full_macro,all,6,pca_1,M2,0.1,vixy_ret,237,estimated,-22.630572511732755,-0.34047154002242624
full_macro,all,6,pca_1,M2,0.1,account_ls,237,estimated,2.7445138973667533,1.5433479386089577
full_macro,all,6,pca_1,M2,0.5,e_origin,237,estimated,0.33294605146472267,2.739344309387794
full_macro,all,6,pca_1,M2,0.5,downside,237,estimated,-35045.09056952706,-0.5612556928238775
full_macro,all,6,pca_1,M2,0.5,dxy_ret,237,estimated,469.13747518598325,0.3209273753394592
full_macro,all,6,pca_1,M2,0.5,fx_ret,237,estimated,1332.896140734503,1.1838578624549418
full_macro,all,6,pca_1,M2,0.5,btc_vol,237,estimated,-307.45390844060546,-0.5750445457474103
full_macro,all,6,pca_1,M2,0.5,btc_ret,237,estimated,3.4982775661289884,0.011325640816724353
full_macro,all,6,pca_1,M2,0.5,vixy_ret,237,estimated,7.2632588916439556,0.10927398938482503
full_macro,all,6,pca_1,M2,0.5,account_ls,237,estimated,-0.14068148852487106,-0.07911072540883016
full_macro,all,6,pca_1,M2,0.9,e_origin,237,estimated,0.1679605855346093,1.381911190000774
full_macro,all,6,pca_1,M2,0.9,downside,237,estimated,-60182.97779183214,-0.9638451020620268
full_macro,all,6,pca_1,M2,0.9,dxy_ret,237,estimated,805.5329493062426,0.5510486559783361
full_macro,all,6,pca_1,M2,0.9,fx_ret,237,estimated,-743.1262221254675,-0.6600332868957636
full_macro,all,6,pca_1,M2,0.9,btc_vol,237,estimated,742.522681654181,1.3887727768517308
full_macro,all,6,pca_1,M2,0.9,btc_ret,237,estimated,37.857441434679835,0.12256311165263106
full_macro,all,6,pca_1,M2,0.9,vixy_ret,237,estimated,-99.92250934252924,-1.5033102066294715
full_macro,all,6,pca_1,M2,0.9,account_ls,237,estimated,2.6670134262905525,1.499766380362363
full_macro,all,6,pca_2,M0,0.1,e_origin,237,estimated,0.6513396602948567,4.722671432182393
full_macro,all,6,pca_2,M0,0.1,downside,237,estimated,-59885.920994479915,-0.959087664831976
full_macro,all,6,pca_2,M0,0.1,dxy_ret,237,estimated,175.7176641442337,0.12020486901463891
full_macro,all,6,pca_2,M0,0.1,fx_ret,237,estimated,887.4720091212565,0.7882389959715237
full_macro,all,6,pca_2,M0,0.5,e_origin,237,estimated,0.40867084705059,2.963151566201107
full_macro,all,6,pca_2,M0,0.5,downside,237,estimated,8525.086943770108,0.13653135150319728
full_macro,all,6,pca_2,M0,0.5,dxy_ret,237,estimated,-299.10530717879857,-0.2046118382355623
full_macro,all,6,pca_2,M0,0.5,fx_ret,237,estimated,376.70019957236303,0.3345793264930141
full_macro,all,6,pca_2,M0,0.9,e_origin,237,estimated,0.35659927185016044,2.5855959594743787
full_macro,all,6,pca_2,M0,0.9,downside,237,estimated,40608.702638579554,0.6503583002268831
full_macro,all,6,pca_2,M0,0.9,dxy_ret,237,estimated,1490.5987149377156,1.019688169399997
full_macro,all,6,pca_2,M0,0.9,fx_ret,237,estimated,-996.4392927215911,-0.8850220621821634
full_macro,all,6,pca_2,M1,0.1,e_origin,237,estimated,0.5782376840532353,4.192630601141803
full_macro,all,6,pca_2,M1,0.1,downside,237,estimated,-40453.1339037175,-0.6478668289067131
full_macro,all,6,pca_2,M1,0.1,dxy_ret,237,estimated,795.7314989997525,0.544343683794788
full_macro,all,6,pca_2,M1,0.1,fx_ret,237,estimated,523.119231895985,0.46462646019830345
full_macro,all,6,pca_2,M1,0.1,btc_vol,237,estimated,-921.564137879323,-1.7236418744252
full_macro,all,6,pca_2,M1,0.1,btc_ret,237,estimated,-397.8205044875501,-1.2879401528849246
full_macro,all,6,pca_2,M1,0.1,vixy_ret,237,estimated,-50.86533853736151,-0.7652568284164692
full_macro,all,6,pca_2,M1,0.5,e_origin,237,estimated,0.410921883843204,2.9794731688937133
full_macro,all,6,pca_2,M1,0.5,downside,237,estimated,7410.842409036295,0.11868645288390163
full_macro,all,6,pca_2,M1,0.5,dxy_ret,237,estimated,-154.90533141484954,-0.10596757681178326
full_macro,all,6,pca_2,M1,0.5,fx_ret,237,estimated,415.13103474853733,0.3687130035242587
full_macro,all,6,pca_2,M1,0.5,btc_vol,237,estimated,13.253208258856347,0.02478805737602828
full_macro,all,6,pca_2,M1,0.5,btc_ret,237,estimated,-91.36007816567498,-0.29577739637088135
full_macro,all,6,pca_2,M1,0.5,vixy_ret,237,estimated,-8.683833259646004,-0.13064619031077543
full_macro,all,6,pca_2,M1,0.9,e_origin,237,estimated,0.5058948599384282,3.66809415787389
full_macro,all,6,pca_2,M1,0.9,downside,237,estimated,-14481.98394279136,-0.23193251320466834
full_macro,all,6,pca_2,M1,0.9,dxy_ret,237,estimated,3133.992610849157,2.14390040474671
full_macro,all,6,pca_2,M1,0.9,fx_ret,237,estimated,-687.0547106895127,-0.6102314323892244
full_macro,all,6,pca_2,M1,0.9,btc_vol,237,estimated,382.07239660544553,0.7146067807788059
full_macro,all,6,pca_2,M1,0.9,btc_ret,237,estimated,211.8759408905973,0.6859463718562879
full_macro,all,6,pca_2,M1,0.9,vixy_ret,237,estimated,-113.36761833473459,-1.705588649296896
full_macro,all,6,pca_2,M2,0.1,e_origin,237,estimated,0.6019309735254479,4.3644236426928
full_macro,all,6,pca_2,M2,0.1,downside,237,estimated,-51605.649486928494,-0.8264770923890097
full_macro,all,6,pca_2,M2,0.1,dxy_ret,237,estimated,258.82815503289123,0.1770590601949469
full_macro,all,6,pca_2,M2,0.1,fx_ret,237,estimated,762.5602256011975,0.6772942700366117
full_macro,all,6,pca_2,M2,0.1,btc_vol,237,estimated,-858.4671870462477,-1.6056288765944642
full_macro,all,6,pca_2,M2,0.1,btc_ret,237,estimated,-277.2305844902341,-0.8975314176745841
full_macro,all,6,pca_2,M2,0.1,vixy_ret,237,estimated,-50.37852898082488,-0.7579328953022836
full_macro,all,6,pca_2,M2,0.1,account_ls,237,estimated,1.3481846560142983,0.7581371738435196
full_macro,all,6,pca_2,M2,0.5,e_origin,237,estimated,0.41671411310332995,3.0214709118886116
full_macro,all,6,pca_2,M2,0.5,downside,237,estimated,4024.0127500032,0.0644455479278746
full_macro,all,6,pca_2,M2,0.5,dxy_ret,237,estimated,-139.8352116708206,-0.09565841535844756
full_macro,all,6,pca_2,M2,0.5,fx_ret,237,estimated,382.6032189788804,0.33982229758660487
full_macro,all,6,pca_2,M2,0.5,btc_vol,237,estimated,45.855491204740446,0.08576553878790043
full_macro,all,6,pca_2,M2,0.5,btc_ret,237,estimated,-79.68687864396526,-0.25798552237983735
full_macro,all,6,pca_2,M2,0.5,vixy_ret,237,estimated,-16.980084149196575,-0.25546129674757817
full_macro,all,6,pca_2,M2,0.5,account_ls,237,estimated,-0.12655873917834784,-0.07116894886604774
full_macro,all,6,pca_2,M2,0.9,e_origin,237,estimated,0.48952546018647525,3.549404476770293
full_macro,all,6,pca_2,M2,0.9,downside,237,estimated,-75352.33105228966,-1.2067860029279345
full_macro,all,6,pca_2,M2,0.9,dxy_ret,237,estimated,2974.120030715674,2.0345348344292975
full_macro,all,6,pca_2,M2,0.9,fx_ret,237,estimated,-686.9148956026312,-0.6101072507783427
full_macro,all,6,pca_2,M2,0.9,btc_vol,237,estimated,561.0162900100182,1.0492934023248255
full_macro,all,6,pca_2,M2,0.9,btc_ret,237,estimated,236.84913674361178,0.7667968592548409
full_macro,all,6,pca_2,M2,0.9,vixy_ret,237,estimated,-118.67651414986953,-1.7854597145587447
full_macro,all,6,pca_2,M2,0.9,account_ls,237,estimated,1.3947376148781,0.7843157306974422
full_macro,all,6,conditional_linear,M0,0.1,e_origin,237,estimated,0.44638949402914724,4.42275842861252
full_macro,all,6,conditional_linear,M0,0.1,downside,237,estimated,-70766.48130327166,-1.1333424981104767
full_macro,all,6,conditional_linear,M0,0.1,dxy_ret,237,estimated,-733.6171459662777,-0.501852522153866
full_macro,all,6,conditional_linear,M0,0.1,fx_ret,237,estimated,1874.692051657665,1.6650726618607448
full_macro,all,6,conditional_linear,M0,0.5,e_origin,237,estimated,0.43143903924705124,4.274631622799326
full_macro,all,6,conditional_linear,M0,0.5,downside,237,estimated,-67700.53230557943,-1.0842405753904165
full_macro,all,6,conditional_linear,M0,0.5,dxy_ret,237,estimated,808.5501449063846,0.5531126579309738
full_macro,all,6,conditional_linear,M0,0.5,fx_ret,237,estimated,1070.3885394519739,0.9507026463544167
full_macro,all,6,conditional_linear,M0,0.9,e_origin,237,estimated,0.6128775082174489,6.07229605855995
full_macro,all,6,conditional_linear,M0,0.9,downside,237,estimated,62309.16754080683,0.9978965506741603
full_macro,all,6,conditional_linear,M0,0.9,dxy_ret,237,estimated,-391.2136565273427,-0.26762128081219627
full_macro,all,6,conditional_linear,M0,0.9,fx_ret,237,estimated,-540.726327543016,-0.4802648118895669
full_macro,all,6,conditional_linear,M1,0.1,e_origin,237,estimated,0.46608786530706403,4.617926860586541
full_macro,all,6,conditional_linear,M1,0.1,downside,237,estimated,-93726.8767740019,-1.5010588446232267
full_macro,all,6,conditional_linear,M1,0.1,dxy_ret,237,estimated,-347.67088649156614,-0.23783456019890145
full_macro,all,6,conditional_linear,M1,0.1,fx_ret,237,estimated,1279.0279775715553,1.1360129880138476
full_macro,all,6,conditional_linear,M1,0.1,btc_vol,237,estimated,-498.17430629856074,-0.931757280697664
full_macro,all,6,conditional_linear,M1,0.1,btc_ret,237,estimated,-447.9492147396199,-1.4502313822652224
full_macro,all,6,conditional_linear,M1,0.1,vixy_ret,237,estimated,-0.6387309856648357,-0.009609554607449826
full_macro,all,6,conditional_linear,M1,0.5,e_origin,237,estimated,0.4054694376584425,4.017328805752676
full_macro,all,6,conditional_linear,M1,0.5,downside,237,estimated,67021.72734504555,1.0733693480023498
full_macro,all,6,conditional_linear,M1,0.5,dxy_ret,237,estimated,659.8061590869072,0.4513599319359968
full_macro,all,6,conditional_linear,M1,0.5,fx_ret,237,estimated,1104.1203147900887,0.9806626906730875
full_macro,all,6,conditional_linear,M1,0.5,btc_vol,237,estimated,-1003.8184193401883,-1.8774856689580004
full_macro,all,6,conditional_linear,M1,0.5,btc_ret,237,estimated,108.00487864147352,0.34966478183170274
full_macro,all,6,conditional_linear,M1,0.5,vixy_ret,237,estimated,19.995946836116197,0.30083422812080557
full_macro,all,6,conditional_linear,M1,0.9,e_origin,237,estimated,0.6748152451637999,6.685965626936422
full_macro,all,6,conditional_linear,M1,0.9,downside,237,estimated,2794.513621619264,0.044754818815377635
full_macro,all,6,conditional_linear,M1,0.9,dxy_ret,237,estimated,430.84966763474694,0.2947354673490576
full_macro,all,6,conditional_linear,M1,0.9,fx_ret,237,estimated,-323.5690261995839,-0.2873890350542829
full_macro,all,6,conditional_linear,M1,0.9,btc_vol,237,estimated,787.3461489867985,1.4726080760737874
full_macro,all,6,conditional_linear,M1,0.9,btc_ret,237,estimated,423.7661434387993,1.3719389156953385
full_macro,all,6,conditional_linear,M1,0.9,vixy_ret,237,estimated,-61.712511297487524,-0.9284499430676656
full_macro,all,6,conditional_linear,M2,0.1,e_origin,237,estimated,0.4610552207735043,4.568064192833973
full_macro,all,6,conditional_linear,M2,0.1,downside,237,estimated,-99166.94725619335,-1.5881829033108654
full_macro,all,6,conditional_linear,M2,0.1,dxy_ret,237,estimated,-391.42260733725317,-0.2677642197982004
full_macro,all,6,conditional_linear,M2,0.1,fx_ret,237,estimated,1596.7980284517928,1.418251462333363
full_macro,all,6,conditional_linear,M2,0.1,btc_vol,237,estimated,-769.6625327642777,-1.439533632137045
full_macro,all,6,conditional_linear,M2,0.1,btc_ret,237,estimated,-321.621039606987,-1.0412450998623541
full_macro,all,6,conditional_linear,M2,0.1,vixy_ret,237,estimated,3.895628576572466,0.058608798347163205
full_macro,all,6,conditional_linear,M2,0.1,account_ls,237,estimated,2.1344076769084372,1.2002612526277803
full_macro,all,6,conditional_linear,M2,0.5,e_origin,237,estimated,0.41277334879420974,4.089694833559419
full_macro,all,6,conditional_linear,M2,0.5,downside,237,estimated,74144.3631149255,1.1874401011032754
full_macro,all,6,conditional_linear,M2,0.5,dxy_ret,237,estimated,687.3710418258142,0.4702165058335103
full_macro,all,6,conditional_linear,M2,0.5,fx_ret,237,estimated,1193.6342342348191,1.060167577884634
full_macro,all,6,conditional_linear,M2,0.5,btc_vol,237,estimated,-1034.1952792502937,-1.9343008439441847
full_macro,all,6,conditional_linear,M2,0.5,btc_ret,237,estimated,109.79164684032428,0.355449427120819
full_macro,all,6,conditional_linear,M2,0.5,vixy_ret,237,estimated,24.258654283381187,0.3649656401070882
full_macro,all,6,conditional_linear,M2,0.5,account_ls,237,estimated,-0.08889239154427842,-0.04998768247430349
full_macro,all,6,conditional_linear,M2,0.9,e_origin,237,estimated,0.6266976188223887,6.2092235881723825
full_macro,all,6,conditional_linear,M2,0.9,downside,237,estimated,-60467.088154713754,-0.9683951989790601
full_macro,all,6,conditional_linear,M2,0.9,dxy_ret,237,estimated,1422.704750831875,0.9732432937412343
full_macro,all,6,conditional_linear,M2,0.9,fx_ret,237,estimated,-408.61971042573487,-0.36292974535509936
full_macro,all,6,conditional_linear,M2,0.9,btc_vol,237,estimated,878.572601212041,1.6432329155695147
full_macro,all,6,conditional_linear,M2,0.9,btc_ret,237,estimated,578.9298616276193,1.8742799983495038
full_macro,all,6,conditional_linear,M2,0.9,vixy_ret,237,estimated,-88.32476427777638,-1.3288249115298134
full_macro,all,6,conditional_linear,M2,0.9,account_ls,237,estimated,2.1233914006271863,1.1940663678774688
full_macro,all,6,ae_relu_1,M0,0.1,e_origin,237,estimated,0.7525613734562403,38.80036706551229
full_macro,all,6,ae_relu_1,M0,0.1,downside,237,estimated,-39094.97569512359,-0.62611559317181
full_macro,all,6,ae_relu_1,M0,0.1,dxy_ret,237,estimated,-1153.1709298041067,-0.7888607058583006
full_macro,all,6,ae_relu_1,M0,0.1,fx_ret,237,estimated,400.70696321264415,0.35590176491794856
full_macro,all,6,ae_relu_1,M0,0.5,e_origin,237,estimated,1.004497212762133,51.78961071634253
full_macro,all,6,ae_relu_1,M0,0.5,downside,237,estimated,899.8151087966593,0.014410758942087022
full_macro,all,6,ae_relu_1,M0,0.5,dxy_ret,237,estimated,677.2790323173522,0.46331276802793936
full_macro,all,6,ae_relu_1,M0,0.5,fx_ret,237,estimated,2031.5135024085328,1.8043590637035012
full_macro,all,6,ae_relu_1,M0,0.9,e_origin,237,estimated,1.3522595219308178,69.71945102335337
full_macro,all,6,ae_relu_1,M0,0.9,downside,237,estimated,185247.70238387914,2.966787240547247
full_macro,all,6,ae_relu_1,M0,0.9,dxy_ret,237,estimated,-1253.6131031461066,-0.8575711474005373
full_macro,all,6,ae_relu_1,M0,0.9,fx_ret,237,estimated,308.7921859662431,0.2742644727137835
full_macro,all,6,ae_relu_1,M1,0.1,e_origin,237,estimated,0.7511967307831793,38.730009167146
full_macro,all,6,ae_relu_1,M1,0.1,downside,237,estimated,-102593.81286745078,-1.6430649938292168
full_macro,all,6,ae_relu_1,M1,0.1,dxy_ret,237,estimated,-614.8178808185658,-0.4205843686323483
full_macro,all,6,ae_relu_1,M1,0.1,fx_ret,237,estimated,609.3168854574825,0.5411858910311611
full_macro,all,6,ae_relu_1,M1,0.1,btc_vol,237,estimated,-376.6005442653059,-0.7043725350692889
full_macro,all,6,ae_relu_1,M1,0.1,btc_ret,237,estimated,-352.37830605866463,-1.1408214615864034
full_macro,all,6,ae_relu_1,M1,0.1,vixy_ret,237,estimated,25.72432786053926,0.3870163478267657
full_macro,all,6,ae_relu_1,M1,0.5,e_origin,237,estimated,0.9935758576060816,51.226530276854284
full_macro,all,6,ae_relu_1,M1,0.5,downside,237,estimated,165227.94227986076,2.646165888319414
full_macro,all,6,ae_relu_1,M1,0.5,dxy_ret,237,estimated,-416.6187668731068,-0.2850003984796629
full_macro,all,6,ae_relu_1,M1,0.5,fx_ret,237,estimated,2712.2541126797573,2.408982409163761
full_macro,all,6,ae_relu_1,M1,0.5,btc_vol,237,estimated,-1043.3325112799291,-1.9513906102396275
full_macro,all,6,ae_relu_1,M1,0.5,btc_ret,237,estimated,84.81617540417851,0.27459157254321687
full_macro,all,6,ae_relu_1,M1,0.5,vixy_ret,237,estimated,66.06037275415433,0.9938624767182407
full_macro,all,6,ae_relu_1,M1,0.9,e_origin,237,estimated,1.3358923420763793,68.87559614509554
full_macro,all,6,ae_relu_1,M1,0.9,downside,237,estimated,-127507.06719754254,-2.0420568523833382
full_macro,all,6,ae_relu_1,M1,0.9,dxy_ret,237,estimated,-857.86120862065,-0.5868453505638578
full_macro,all,6,ae_relu_1,M1,0.9,fx_ret,237,estimated,150.25232718918227,0.1334518072781313
full_macro,all,6,ae_relu_1,M1,0.9,btc_vol,237,estimated,3117.542510504017,5.830876653654074
full_macro,all,6,ae_relu_1,M1,0.9,btc_ret,237,estimated,-91.60251119031722,-0.29656227101484745
full_macro,all,6,ae_relu_1,M1,0.9,vixy_ret,237,estimated,110.10354960460575,1.656481517486163
full_macro,all,6,ae_relu_1,M2,0.1,e_origin,237,estimated,0.759160302620272,39.14059296978351
full_macro,all,6,ae_relu_1,M2,0.1,downside,237,estimated,-125072.52623534585,-2.0030670837098925
full_macro,all,6,ae_relu_1,M2,0.1,dxy_ret,237,estimated,-827.6846576789911,-0.5662021877326113
full_macro,all,6,ae_relu_1,M2,0.1,fx_ret,237,estimated,805.9771698409154,0.715856532489884
full_macro,all,6,ae_relu_1,M2,0.1,btc_vol,237,estimated,-247.28078868227584,-0.4625001175658518
full_macro,all,6,ae_relu_1,M2,0.1,btc_ret,237,estimated,-338.4215356235253,-1.0956365481763515
full_macro,all,6,ae_relu_1,M2,0.1,vixy_ret,237,estimated,15.3307886969156,0.2306480419216581
full_macro,all,6,ae_relu_1,M2,0.1,account_ls,237,estimated,0.24011296160897785,0.13502494729141717
full_macro,all,6,ae_relu_1,M2,0.5,e_origin,237,estimated,0.9957076415991398,51.33644025144568
full_macro,all,6,ae_relu_1,M2,0.5,downside,237,estimated,140619.3124918848,2.2520526662777924
full_macro,all,6,ae_relu_1,M2,0.5,dxy_ret,237,estimated,-227.6773260308708,-0.15574941362002026
full_macro,all,6,ae_relu_1,M2,0.5,fx_ret,237,estimated,2740.6236174818455,2.4341797672230303
full_macro,all,6,ae_relu_1,M2,0.5,btc_vol,237,estimated,-855.2067884921287,-1.5995308100094006
full_macro,all,6,ae_relu_1,M2,0.5,btc_ret,237,estimated,97.58948330167115,0.31594503708505706
full_macro,all,6,ae_relu_1,M2,0.5,vixy_ret,237,estimated,68.7745850801423,1.0346971507017588
full_macro,all,6,ae_relu_1,M2,0.5,account_ls,237,estimated,-0.2484890128713019,-0.13973512983477898
full_macro,all,6,ae_relu_1,M2,0.9,e_origin,237,estimated,1.3420835278240053,69.19479971845382
full_macro,all,6,ae_relu_1,M2,0.9,downside,237,estimated,-96685.40586837195,-1.5484404113310073
full_macro,all,6,ae_relu_1,M2,0.9,dxy_ret,237,estimated,-1849.2981779562438,-1.2650671537938003
full_macro,all,6,ae_relu_1,M2,0.9,fx_ret,237,estimated,530.9540408500833,0.47158521707191137
full_macro,all,6,ae_relu_1,M2,0.9,btc_vol,237,estimated,2447.0341898050433,4.576795498362188
full_macro,all,6,ae_relu_1,M2,0.9,btc_ret,237,estimated,239.0086427527761,0.7737882397096562
full_macro,all,6,ae_relu_1,M2,0.9,vixy_ret,237,estimated,42.31920221226342,0.6366822554868975
full_macro,all,6,ae_relu_1,M2,0.9,account_ls,237,estimated,3.576306353130404,2.0110975000832183
full_macro,all,6,ae_relu_2,M0,0.1,e_origin,237,estimated,0.816330552834662,46.2996537440089
full_macro,all,6,ae_relu_2,M0,0.1,downside,237,estimated,-32386.98040353328,-0.5186854086964262
full_macro,all,6,ae_relu_2,M0,0.1,dxy_ret,237,estimated,-1943.2454052658973,-1.3293345352664785
full_macro,all,6,ae_relu_2,M0,0.1,fx_ret,237,estimated,410.5648900504519,0.36465742399579176
full_macro,all,6,ae_relu_2,M0,0.5,e_origin,237,estimated,1.004739506725351,56.98560601802189
full_macro,all,6,ae_relu_2,M0,0.5,downside,237,estimated,46612.61458830012,0.7465124178573872
full_macro,all,6,ae_relu_2,M0,0.5,dxy_ret,237,estimated,-1227.0381464750922,-0.8393917617294023
full_macro,all,6,ae_relu_2,M0,0.5,fx_ret,237,estimated,1054.1001438594128,0.9362355437800153
full_macro,all,6,ae_relu_2,M0,0.9,e_origin,237,estimated,1.3422357272211218,76.12731043494662
full_macro,all,6,ae_relu_2,M0,0.9,downside,237,estimated,80684.63837849621,1.2921842083279864
full_macro,all,6,ae_relu_2,M0,0.9,dxy_ret,237,estimated,2204.0514720488914,1.5077466445359253
full_macro,all,6,ae_relu_2,M0,0.9,fx_ret,237,estimated,-726.7897866830418,-0.6455235160651978
full_macro,all,6,ae_relu_2,M1,0.1,e_origin,237,estimated,0.7911421382661366,44.871047563787336
full_macro,all,6,ae_relu_2,M1,0.1,downside,237,estimated,-211865.73950346638,-3.393081612237531
full_macro,all,6,ae_relu_2,M1,0.1,dxy_ret,237,estimated,322.25086498379983,0.22044524210972954
full_macro,all,6,ae_relu_2,M1,0.1,fx_ret,237,estimated,-389.8623165197453,-0.34626971643301596
full_macro,all,6,ae_relu_2,M1,0.1,btc_vol,237,estimated,730.5315285040134,1.3663451965643336
full_macro,all,6,ae_relu_2,M1,0.1,btc_ret,237,estimated,-351.45780135035636,-1.137841336224899
full_macro,all,6,ae_relu_2,M1,0.1,vixy_ret,237,estimated,-61.16717627225299,-0.9202455083025481
full_macro,all,6,ae_relu_2,M1,0.5,e_origin,237,estimated,1.0020196446396388,56.83134415392448
full_macro,all,6,ae_relu_2,M1,0.5,downside,237,estimated,70368.94207721738,1.1269758102201684
full_macro,all,6,ae_relu_2,M1,0.5,dxy_ret,237,estimated,-1136.2217439565109,-0.777266113620592
full_macro,all,6,ae_relu_2,M1,0.5,fx_ret,237,estimated,763.0814967682671,0.6777572550740403
full_macro,all,6,ae_relu_2,M1,0.5,btc_vol,237,estimated,-198.31496523055972,-0.3709171877967885
full_macro,all,6,ae_relu_2,M1,0.5,btc_ret,237,estimated,23.581882055999028,0.07634612202717204
full_macro,all,6,ae_relu_2,M1,0.5,vixy_ret,237,estimated,-42.242329617674656,-0.6355257257238265
full_macro,all,6,ae_relu_2,M1,0.9,e_origin,237,estimated,1.3455898938967712,76.31754802331447
full_macro,all,6,ae_relu_2,M1,0.9,downside,237,estimated,-163378.26568479434,-2.616542865465342
full_macro,all,6,ae_relu_2,M1,0.9,dxy_ret,237,estimated,2865.987051817774,1.9605632697156008
full_macro,all,6,ae_relu_2,M1,0.9,fx_ret,237,estimated,-1036.3902317885074,-0.9205058721215967
full_macro,all,6,ae_relu_2,M1,0.9,btc_vol,237,estimated,3872.206975390874,7.242358740850924
full_macro,all,6,ae_relu_2,M1,0.9,btc_ret,237,estimated,702.7984181653326,2.275303288615353
full_macro,all,6,ae_relu_2,M1,0.9,vixy_ret,237,estimated,-104.80157609013074,-1.5767145965788134
full_macro,all,6,ae_relu_2,M2,0.1,e_origin,237,estimated,0.7871243092703327,44.64316917474212
full_macro,all,6,ae_relu_2,M2,0.1,downside,237,estimated,-208989.99216724042,-3.3470258156238
full_macro,all,6,ae_relu_2,M2,0.1,dxy_ret,237,estimated,-37.98926166255862,-0.025987678838949296
full_macro,all,6,ae_relu_2,M2,0.1,fx_ret,237,estimated,-265.9543201960675,-0.2362165388553619
full_macro,all,6,ae_relu_2,M2,0.1,btc_vol,237,estimated,651.1763844688054,1.2179237860644831
full_macro,all,6,ae_relu_2,M2,0.1,btc_ret,237,estimated,-350.79409670954647,-1.1356925986738864
full_macro,all,6,ae_relu_2,M2,0.1,vixy_ret,237,estimated,-48.01006535703354,-0.7222999276846388
full_macro,all,6,ae_relu_2,M2,0.1,account_ls,237,estimated,0.27502476955991895,0.15465722785151687
full_macro,all,6,ae_relu_2,M2,0.5,e_origin,237,estimated,1.0020013391833453,56.830305927087245
full_macro,all,6,ae_relu_2,M2,0.5,downside,237,estimated,72971.83172250292,1.1686617242089063
full_macro,all,6,ae_relu_2,M2,0.5,dxy_ret,237,estimated,-1151.9496955413908,-0.7880252844150388
full_macro,all,6,ae_relu_2,M2,0.5,fx_ret,237,estimated,793.5048456480281,0.7047788058706892
full_macro,all,6,ae_relu_2,M2,0.5,btc_vol,237,estimated,-229.01926629756215,-0.42834479035718015
full_macro,all,6,ae_relu_2,M2,0.5,btc_ret,237,estimated,20.828905911890104,0.0674333875754888
full_macro,all,6,ae_relu_2,M2,0.5,vixy_ret,237,estimated,-42.4843890831922,-0.6391674523729882
full_macro,all,6,ae_relu_2,M2,0.5,account_ls,237,estimated,0.05609935618655068,0.03154687094529686
full_macro,all,6,ae_relu_2,M2,0.9,e_origin,237,estimated,1.3476997773779091,76.4372138551
full_macro,all,6,ae_relu_2,M2,0.9,downside,237,estimated,-162973.57264342546,-2.610061607473902
full_macro,all,6,ae_relu_2,M2,0.9,dxy_ret,237,estimated,2802.2321869750967,1.9169498674160488
full_macro,all,6,ae_relu_2,M2,0.9,fx_ret,237,estimated,-1046.765002210922,-0.9297205837261874
full_macro,all,6,ae_relu_2,M2,0.9,btc_vol,237,estimated,3948.645298309366,7.385324692733918
full_macro,all,6,ae_relu_2,M2,0.9,btc_ret,237,estimated,805.9422300802875,2.6092304125025487
full_macro,all,6,ae_relu_2,M2,0.9,vixy_ret,237,estimated,-127.91089818285435,-1.9243888093149124
full_macro,all,6,ae_relu_2,M2,0.9,account_ls,237,estimated,0.5222143485274867,0.29366163497484926
full_macro,all,6,ae_tanh_1,M0,0.1,e_origin,237,estimated,0.8361405911459928,52.62605779946287
full_macro,all,6,ae_tanh_1,M0,0.1,downside,237,estimated,-36329.374319493574,-0.5818238110440277
full_macro,all,6,ae_tanh_1,M0,0.1,dxy_ret,237,estimated,550.7433960364918,0.37675232085320415
full_macro,all,6,ae_tanh_1,M0,0.1,fx_ret,237,estimated,1694.0371617072824,1.5046177656969386
full_macro,all,6,ae_tanh_1,M0,0.5,e_origin,237,estimated,0.9634071081697401,60.636116337164744
full_macro,all,6,ae_tanh_1,M0,0.5,downside,237,estimated,76492.98913467662,1.2250539209701246
full_macro,all,6,ae_tanh_1,M0,0.5,dxy_ret,237,estimated,252.60944276326057,0.1728049660066865
full_macro,all,6,ae_tanh_1,M0,0.5,fx_ret,237,estimated,2100.394070343761,1.8655377252874008
full_macro,all,6,ae_tanh_1,M0,0.9,e_origin,237,estimated,1.2237234422767937,77.02022995385451
full_macro,all,6,ae_tanh_1,M0,0.9,downside,237,estimated,41147.84506427178,0.6589927979766408
full_macro,all,6,ae_tanh_1,M0,0.9,dxy_ret,237,estimated,2248.206756573433,1.5379523738143428
full_macro,all,6,ae_tanh_1,M0,0.9,fx_ret,237,estimated,-907.7024466121898,-0.8062073595616132
full_macro,all,6,ae_tanh_1,M1,0.1,e_origin,237,estimated,0.8461553318729756,53.256378023030166
full_macro,all,6,ae_tanh_1,M1,0.1,downside,237,estimated,6823.157888168995,0.10927454161299587
full_macro,all,6,ae_tanh_1,M1,0.1,dxy_ret,237,estimated,-258.4312933339561,-0.176787575203556
full_macro,all,6,ae_tanh_1,M1,0.1,fx_ret,237,estimated,2126.394293429235,1.8886307237473998
full_macro,all,6,ae_tanh_1,M1,0.1,btc_vol,237,estimated,-696.2024470754062,-1.302138008123752
full_macro,all,6,ae_tanh_1,M1,0.1,btc_ret,237,estimated,-245.91894396740594,-0.7961602750935933
full_macro,all,6,ae_tanh_1,M1,0.1,vixy_ret,237,estimated,62.68014351942564,0.9430077379536673
full_macro,all,6,ae_tanh_1,M1,0.5,e_origin,237,estimated,0.970406670792947,61.07666352633419
full_macro,all,6,ae_tanh_1,M1,0.5,downside,237,estimated,99078.8624091454,1.5867722029515925
full_macro,all,6,ae_tanh_1,M1,0.5,dxy_ret,237,estimated,258.84241679545744,0.17706881637574717
full_macro,all,6,ae_tanh_1,M1,0.5,fx_ret,237,estimated,1864.533635368594,1.6560501126715186
full_macro,all,6,ae_tanh_1,M1,0.5,btc_vol,237,estimated,-278.56078999607246,-0.5210044775777376
full_macro,all,6,ae_tanh_1,M1,0.5,btc_ret,237,estimated,-169.00308007988275,-0.5471458870037184
full_macro,all,6,ae_tanh_1,M1,0.5,vixy_ret,237,estimated,106.65165264374441,1.6045485549570941
full_macro,all,6,ae_tanh_1,M1,0.9,e_origin,237,estimated,1.232537756567158,77.57499624342262
full_macro,all,6,ae_tanh_1,M1,0.9,downside,237,estimated,-76104.10233345466,-1.2188258037787345
full_macro,all,6,ae_tanh_1,M1,0.9,dxy_ret,237,estimated,-906.6383441250786,-0.620212793801701
full_macro,all,6,ae_tanh_1,M1,0.9,fx_ret,237,estimated,-3859.3716620349255,-3.427834582609031
full_macro,all,6,ae_tanh_1,M1,0.9,btc_vol,237,estimated,1832.3667467934906,3.427155988670988
full_macro,all,6,ae_tanh_1,M1,0.9,btc_ret,237,estimated,115.06946895722946,0.3725363267337549
full_macro,all,6,ae_tanh_1,M1,0.9,vixy_ret,237,estimated,66.3956833618475,0.9989071444537989
full_macro,all,6,ae_tanh_1,M2,0.1,e_origin,237,estimated,0.8333147334112218,52.448200446216454
full_macro,all,6,ae_tanh_1,M2,0.1,downside,237,estimated,-140369.6934998415,-2.248054957096721
full_macro,all,6,ae_tanh_1,M2,0.1,dxy_ret,237,estimated,-598.3464628047352,-0.40931660762220495
full_macro,all,6,ae_tanh_1,M2,0.1,fx_ret,237,estimated,1446.2141576771955,1.28450518313927
full_macro,all,6,ae_tanh_1,M2,0.1,btc_vol,237,estimated,32.836916478567005,0.06141632681118122
full_macro,all,6,ae_tanh_1,M2,0.1,btc_ret,237,estimated,-104.34409465459291,-0.3378130280016302
full_macro,all,6,ae_tanh_1,M2,0.1,vixy_ret,237,estimated,44.30758169074043,0.6665969482254517
full_macro,all,6,ae_tanh_1,M2,0.1,account_ls,237,estimated,3.147656930867072,1.7700510973410901
full_macro,all,6,ae_tanh_1,M2,0.5,e_origin,237,estimated,0.9693415664616812,61.009626663522845
full_macro,all,6,ae_tanh_1,M2,0.5,downside,237,estimated,114138.88319715374,1.8279621175430927
full_macro,all,6,ae_tanh_1,M2,0.5,dxy_ret,237,estimated,212.67453655696352,0.14548631143078936
full_macro,all,6,ae_tanh_1,M2,0.5,fx_ret,237,estimated,2011.6775525917487,1.7867410780013888
full_macro,all,6,ae_tanh_1,M2,0.5,btc_vol,237,estimated,-326.89662591754393,-0.6114091140052282
full_macro,all,6,ae_tanh_1,M2,0.5,btc_ret,237,estimated,-214.24498721963704,-0.6936161371318241
full_macro,all,6,ae_tanh_1,M2,0.5,vixy_ret,237,estimated,99.1289318100856,1.4913710228347088
full_macro,all,6,ae_tanh_1,M2,0.5,account_ls,237,estimated,-0.20429210878469414,-0.11488147510181891
full_macro,all,6,ae_tanh_1,M2,0.9,e_origin,237,estimated,1.2309436522178976,77.47466451869725
full_macro,all,6,ae_tanh_1,M2,0.9,downside,237,estimated,-113853.96800754692,-1.8233991311293016
full_macro,all,6,ae_tanh_1,M2,0.9,dxy_ret,237,estimated,-1788.6588366711094,-1.2235850175964376
full_macro,all,6,ae_tanh_1,M2,0.9,fx_ret,237,estimated,-4031.057306578482,-3.5803231328808702
full_macro,all,6,ae_tanh_1,M2,0.9,btc_vol,237,estimated,1979.2781862681206,3.701930905035751
full_macro,all,6,ae_tanh_1,M2,0.9,btc_ret,237,estimated,97.87868144374504,0.31688131335818803
full_macro,all,6,ae_tanh_1,M2,0.9,vixy_ret,237,estimated,79.5822854802324,1.1972964131557657
full_macro,all,6,ae_tanh_1,M2,0.9,account_ls,237,estimated,1.7023617346631503,0.9573048533220991
full_macro,all,6,ae_tanh_2,M0,0.1,e_origin,237,estimated,0.8325445510620931,52.243038268863984
full_macro,all,6,ae_tanh_2,M0,0.1,downside,237,estimated,-47898.27959951455,-0.7671026573140949
full_macro,all,6,ae_tanh_2,M0,0.1,dxy_ret,237,estimated,-37.48269393858844,-0.025641146194075887
full_macro,all,6,ae_tanh_2,M0,0.1,fx_ret,237,estimated,1472.3216816891675,1.3076934846327175
full_macro,all,6,ae_tanh_2,M0,0.5,e_origin,237,estimated,0.9712631208222704,60.947773095772384
full_macro,all,6,ae_tanh_2,M0,0.5,downside,237,estimated,73128.91350154183,1.1711774273014572
full_macro,all,6,ae_tanh_2,M0,0.5,dxy_ret,237,estimated,-236.23012296651783,-0.1616002075078469
full_macro,all,6,ae_tanh_2,M0,0.5,fx_ret,237,estimated,2345.950727044382,2.083637372986121
full_macro,all,6,ae_tanh_2,M0,0.9,e_origin,237,estimated,1.2269308556472047,76.9911899165698
full_macro,all,6,ae_tanh_2,M0,0.9,downside,237,estimated,73095.9165198602,1.1706489725731672
full_macro,all,6,ae_tanh_2,M0,0.9,dxy_ret,237,estimated,1013.7900427827664,0.6935130847233414
full_macro,all,6,ae_tanh_2,M0,0.9,fx_ret,237,estimated,-1555.9834073913787,-1.3820005433241267
full_macro,all,6,ae_tanh_2,M1,0.1,e_origin,237,estimated,0.8411734624322723,52.78451145051632
full_macro,all,6,ae_tanh_2,M1,0.1,downside,237,estimated,29299.89220806633,0.46924493655617683
full_macro,all,6,ae_tanh_2,M1,0.1,dxy_ret,237,estimated,-939.0873924576983,-0.6424105257341639
full_macro,all,6,ae_tanh_2,M1,0.1,fx_ret,237,estimated,2616.1000936570563,2.323579887580993
full_macro,all,6,ae_tanh_2,M1,0.1,btc_vol,237,estimated,-817.1775562650796,-1.5284030670509765
full_macro,all,6,ae_tanh_2,M1,0.1,btc_ret,237,estimated,-195.65285865880702,-0.6334242952559589
full_macro,all,6,ae_tanh_2,M1,0.1,vixy_ret,237,estimated,108.40437199417318,1.630917797545111
full_macro,all,6,ae_tanh_2,M1,0.5,e_origin,237,estimated,0.978902818533904,61.42717208937851
full_macro,all,6,ae_tanh_2,M1,0.5,downside,237,estimated,99652.50881496715,1.595959290378194
full_macro,all,6,ae_tanh_2,M1,0.5,dxy_ret,237,estimated,437.7780986193592,0.29947506563041576
full_macro,all,6,ae_tanh_2,M1,0.5,fx_ret,237,estimated,2070.1770650475064,1.8386994456896364
full_macro,all,6,ae_tanh_2,M1,0.5,btc_vol,237,estimated,-343.9836084723181,-0.6433676477940489
full_macro,all,6,ae_tanh_2,M1,0.5,btc_ret,237,estimated,-184.48883265010286,-0.5972808657387111
full_macro,all,6,ae_tanh_2,M1,0.5,vixy_ret,237,estimated,95.45614148775248,1.43611477261939
full_macro,all,6,ae_tanh_2,M1,0.9,e_origin,237,estimated,1.2255395329825938,76.90388296930928
full_macro,all,6,ae_tanh_2,M1,0.9,downside,237,estimated,-130885.30802077276,-2.096160205034299
full_macro,all,6,ae_tanh_2,M1,0.9,dxy_ret,237,estimated,1747.6288620687255,1.1955172490725787
full_macro,all,6,ae_tanh_2,M1,0.9,fx_ret,237,estimated,-4677.982977662267,-4.154912569169913
full_macro,all,6,ae_tanh_2,M1,0.9,btc_vol,237,estimated,1971.9995425009909,3.6883173379812444
full_macro,all,6,ae_tanh_2,M1,0.9,btc_ret,237,estimated,95.43277383680798,0.3089627104161934
full_macro,all,6,ae_tanh_2,M1,0.9,vixy_ret,237,estimated,56.242016032080194,0.8461476528037762
full_macro,all,6,ae_tanh_2,M2,0.1,e_origin,237,estimated,0.8263082863192222,51.85170615672543
full_macro,all,6,ae_tanh_2,M2,0.1,downside,237,estimated,-162608.9232593664,-2.6042216584436138
full_macro,all,6,ae_tanh_2,M2,0.1,dxy_ret,237,estimated,-858.1511477485981,-0.5870436920058918
full_macro,all,6,ae_tanh_2,M2,0.1,fx_ret,237,estimated,2164.7335316880276,1.922683045804686
full_macro,all,6,ae_tanh_2,M2,0.1,btc_vol,237,estimated,103.19797091707802,0.19301569659352588
full_macro,all,6,ae_tanh_2,M2,0.1,btc_ret,237,estimated,-177.5513734813264,-0.5748209067328864
full_macro,all,6,ae_tanh_2,M2,0.1,vixy_ret,237,estimated,107.90926879565104,1.6234690885748246
full_macro,all,6,ae_tanh_2,M2,0.1,account_ls,237,estimated,3.4389591128951627,1.9338617534200042
full_macro,all,6,ae_tanh_2,M2,0.5,e_origin,237,estimated,0.9810991332026183,61.56499312387057
full_macro,all,6,ae_tanh_2,M2,0.5,downside,237,estimated,103440.54944126084,1.6566256870575662
full_macro,all,6,ae_tanh_2,M2,0.5,dxy_ret,237,estimated,654.404547076708,0.4476647993645729
full_macro,all,6,ae_tanh_2,M2,0.5,fx_ret,237,estimated,2250.03893104648,1.9984499901704422
full_macro,all,6,ae_tanh_2,M2,0.5,btc_vol,237,estimated,-258.3121322658874,-0.483132523874152
full_macro,all,6,ae_tanh_2,M2,0.5,btc_ret,237,estimated,-268.6810813185786,-0.8698524813256994
full_macro,all,6,ae_tanh_2,M2,0.5,vixy_ret,237,estimated,135.28579485587645,2.0353423623665776
full_macro,all,6,ae_tanh_2,M2,0.5,account_ls,237,estimated,-0.7923068532405046,-0.4455452566181987
full_macro,all,6,ae_tanh_2,M2,0.9,e_origin,237,estimated,1.2257408161559011,76.91651369821449
full_macro,all,6,ae_tanh_2,M2,0.9,downside,237,estimated,-84654.07532980005,-1.3557557114977326
full_macro,all,6,ae_tanh_2,M2,0.9,dxy_ret,237,estimated,-1264.9419099181991,-0.8653209529807763
full_macro,all,6,ae_tanh_2,M2,0.9,fx_ret,237,estimated,-4842.513130213409,-4.301045721450814
full_macro,all,6,ae_tanh_2,M2,0.9,btc_vol,237,estimated,1413.877035372023,2.644436304849464
full_macro,all,6,ae_tanh_2,M2,0.9,btc_ret,237,estimated,-54.080782794846535,-0.17508602717864896
full_macro,all,6,ae_tanh_2,M2,0.9,vixy_ret,237,estimated,127.68399014547465,1.9209750322710448
full_macro,all,6,ae_tanh_2,M2,0.9,account_ls,237,estimated,3.7919246297513394,2.132348124125829
full_macro,all,6,conditional_neural,M0,0.1,e_origin,237,estimated,0.4412423016718646,3.562454099868681
full_macro,all,6,conditional_neural,M0,0.1,downside,237,estimated,-11224.804296886012,-0.17976798490397553
full_macro,all,6,conditional_neural,M0,0.1,dxy_ret,237,estimated,248.7133445893696,0.17013972473489083
full_macro,all,6,conditional_neural,M0,0.1,fx_ret,237,estimated,1662.2231622200468,1.476361060408298
full_macro,all,6,conditional_neural,M0,0.5,e_origin,237,estimated,0.1294335274237224,1.045006334805154
full_macro,all,6,conditional_neural,M0,0.5,downside,237,estimated,-37273.01866138831,-0.5969365058689625
full_macro,all,6,conditional_neural,M0,0.5,dxy_ret,237,estimated,-272.30958266849626,-0.18628142978971945
full_macro,all,6,conditional_neural,M0,0.5,fx_ret,237,estimated,860.278797180209,0.7640864031490459
full_macro,all,6,conditional_neural,M0,0.9,e_origin,237,estimated,0.14991699002799092,1.210383487126214
full_macro,all,6,conditional_neural,M0,0.9,downside,237,estimated,141513.06288717882,2.266366297350515
full_macro,all,6,conditional_neural,M0,0.9,dxy_ret,237,estimated,-1857.965802597977,-1.270996498972623
full_macro,all,6,conditional_neural,M0,0.9,fx_ret,237,estimated,-373.95462327196856,-0.3321407478289624
full_macro,all,6,conditional_neural,M1,0.1,e_origin,237,estimated,0.4354206211907378,3.5154516492434036
full_macro,all,6,conditional_neural,M1,0.1,downside,237,estimated,185414.2664746126,2.9694548051796947
full_macro,all,6,conditional_neural,M1,0.1,dxy_ret,237,estimated,-200.85925509625986,-0.13740371844122404
full_macro,all,6,conditional_neural,M1,0.1,fx_ret,237,estimated,1781.1104707774925,1.581954940291752
full_macro,all,6,conditional_neural,M1,0.1,btc_vol,237,estimated,-2148.042993659449,-4.017579135031316
full_macro,all,6,conditional_neural,M1,0.1,btc_ret,237,estimated,-337.88115028857464,-1.0938870557216835
full_macro,all,6,conditional_neural,M1,0.1,vixy_ret,237,estimated,-16.79165109324409,-0.25262636657875404
full_macro,all,6,conditional_neural,M1,0.5,e_origin,237,estimated,0.17361458204743985,1.4017105279081796
full_macro,all,6,conditional_neural,M1,0.5,downside,237,estimated,122313.04328618693,1.9588732896777956
full_macro,all,6,conditional_neural,M1,0.5,dxy_ret,237,estimated,-59.34075801145145,-0.040593801873788346
full_macro,all,6,conditional_neural,M1,0.5,fx_ret,237,estimated,994.225234789327,0.8830555699619991
full_macro,all,6,conditional_neural,M1,0.5,btc_vol,237,estimated,-1273.6513552607357,-2.382166057804306
full_macro,all,6,conditional_neural,M1,0.5,btc_ret,237,estimated,-132.00356072025585,-0.4273602900242698
full_macro,all,6,conditional_neural,M1,0.5,vixy_ret,237,estimated,-2.4078671720728666,-0.03622578455848013
full_macro,all,6,conditional_neural,M1,0.9,e_origin,237,estimated,0.08312755419772035,0.671146205025355
full_macro,all,6,conditional_neural,M1,0.9,downside,237,estimated,106722.5526451219,1.7091877707074499
full_macro,all,6,conditional_neural,M1,0.9,dxy_ret,237,estimated,314.4561067361988,0.21511300702274042
full_macro,all,6,conditional_neural,M1,0.9,fx_ret,237,estimated,323.70478289350643,0.2875096120629255
full_macro,all,6,conditional_neural,M1,0.9,btc_vol,237,estimated,322.345582535755,0.6028970977247029
full_macro,all,6,conditional_neural,M1,0.9,btc_ret,237,estimated,-68.38385154371296,-0.22139207813212647
full_macro,all,6,conditional_neural,M1,0.9,vixy_ret,237,estimated,-87.127596260995,-1.310813805618647
full_macro,all,6,conditional_neural,M2,0.1,e_origin,237,estimated,0.4189770527031641,3.3826913546092054
full_macro,all,6,conditional_neural,M2,0.1,downside,237,estimated,126121.54721647265,2.019867411173194
full_macro,all,6,conditional_neural,M2,0.1,dxy_ret,237,estimated,100.83655205998134,0.06898022797701545
full_macro,all,6,conditional_neural,M2,0.1,fx_ret,237,estimated,1786.9202867096183,1.5871151294921446
full_macro,all,6,conditional_neural,M2,0.1,btc_vol,237,estimated,-2032.3003762779056,-3.8011006352998886
full_macro,all,6,conditional_neural,M2,0.1,btc_ret,237,estimated,-215.28678055982724,-0.6969889333017135
full_macro,all,6,conditional_neural,M2,0.1,vixy_ret,237,estimated,-12.631369277987595,-0.19003592367973696
full_macro,all,6,conditional_neural,M2,0.1,account_ls,237,estimated,2.7072572716528227,1.5223970749422482
full_macro,all,6,conditional_neural,M2,0.5,e_origin,237,estimated,0.16598590380003397,1.3401189352705805
full_macro,all,6,conditional_neural,M2,0.5,downside,237,estimated,118039.58160119604,1.890432756074169
full_macro,all,6,conditional_neural,M2,0.5,dxy_ret,237,estimated,3.8261830021392913,0.0026174137292234436
full_macro,all,6,conditional_neural,M2,0.5,fx_ret,237,estimated,1029.260145610616,0.9141730391845709
full_macro,all,6,conditional_neural,M2,0.5,btc_vol,237,estimated,-1192.5310917899192,-2.230443266914831
full_macro,all,6,conditional_neural,M2,0.5,btc_ret,237,estimated,-40.44686369121889,-0.13094634192696425
full_macro,all,6,conditional_neural,M2,0.5,vixy_ret,237,estimated,13.16844802429823,0.19811614470706151
full_macro,all,6,conditional_neural,M2,0.5,account_ls,237,estimated,-0.8289646323070142,-0.4661593652989972
full_macro,all,6,conditional_neural,M2,0.9,e_origin,237,estimated,0.06665558284573694,0.5381565944339587
full_macro,all,6,conditional_neural,M2,0.9,downside,237,estimated,85617.98603300154,1.3711929770534428
full_macro,all,6,conditional_neural,M2,0.9,dxy_ret,237,estimated,278.7090828710346,0.19065919731441097
full_macro,all,6,conditional_neural,M2,0.9,fx_ret,237,estimated,-241.36982303126732,-0.21438096639507132
full_macro,all,6,conditional_neural,M2,0.9,btc_vol,237,estimated,391.93440472721767,0.7330521276254448
full_macro,all,6,conditional_neural,M2,0.9,btc_ret,237,estimated,-49.405737748384446,-0.15995061267898553
full_macro,all,6,conditional_neural,M2,0.9,vixy_ret,237,estimated,-90.27824433587834,-1.3582145508524708
full_macro,all,6,conditional_neural,M2,0.9,account_ls,237,estimated,0.923327205951641,0.5192231459765156
full_macro,all,6,pca_selected,M0,0.1,e_origin,237,estimated,0.6513396602948567,4.722671432182393
full_macro,all,6,pca_selected,M0,0.1,downside,237,estimated,-59885.920994479915,-0.959087664831976
full_macro,all,6,pca_selected,M0,0.1,dxy_ret,237,estimated,175.7176641442337,0.12020486901463891
full_macro,all,6,pca_selected,M0,0.1,fx_ret,237,estimated,887.4720091212565,0.7882389959715237
full_macro,all,6,pca_selected,M0,0.5,e_origin,237,estimated,0.40867084705059,2.963151566201107
full_macro,all,6,pca_selected,M0,0.5,downside,237,estimated,8525.086943770108,0.13653135150319728
full_macro,all,6,pca_selected,M0,0.5,dxy_ret,237,estimated,-299.10530717879857,-0.2046118382355623
full_macro,all,6,pca_selected,M0,0.5,fx_ret,237,estimated,376.70019957236303,0.3345793264930141
full_macro,all,6,pca_selected,M0,0.9,e_origin,237,estimated,0.35659927185016044,2.5855959594743787
full_macro,all,6,pca_selected,M0,0.9,downside,237,estimated,40608.702638579554,0.6503583002268831
full_macro,all,6,pca_selected,M0,0.9,dxy_ret,237,estimated,1490.5987149377156,1.019688169399997
full_macro,all,6,pca_selected,M0,0.9,fx_ret,237,estimated,-996.4392927215911,-0.8850220621821634
full_macro,all,6,pca_selected,M1,0.1,e_origin,237,estimated,0.5782376840532353,4.192630601141803
full_macro,all,6,pca_selected,M1,0.1,downside,237,estimated,-40453.1339037175,-0.6478668289067131
full_macro,all,6,pca_selected,M1,0.1,dxy_ret,237,estimated,795.7314989997525,0.544343683794788
full_macro,all,6,pca_selected,M1,0.1,fx_ret,237,estimated,523.119231895985,0.46462646019830345
full_macro,all,6,pca_selected,M1,0.1,btc_vol,237,estimated,-921.564137879323,-1.7236418744252
full_macro,all,6,pca_selected,M1,0.1,btc_ret,237,estimated,-397.8205044875501,-1.2879401528849246
full_macro,all,6,pca_selected,M1,0.1,vixy_ret,237,estimated,-50.86533853736151,-0.7652568284164692
full_macro,all,6,pca_selected,M1,0.5,e_origin,237,estimated,0.410921883843204,2.9794731688937133
full_macro,all,6,pca_selected,M1,0.5,downside,237,estimated,7410.842409036295,0.11868645288390163
full_macro,all,6,pca_selected,M1,0.5,dxy_ret,237,estimated,-154.90533141484954,-0.10596757681178326
full_macro,all,6,pca_selected,M1,0.5,fx_ret,237,estimated,415.13103474853733,0.3687130035242587
full_macro,all,6,pca_selected,M1,0.5,btc_vol,237,estimated,13.253208258856347,0.02478805737602828
full_macro,all,6,pca_selected,M1,0.5,btc_ret,237,estimated,-91.36007816567498,-0.29577739637088135
full_macro,all,6,pca_selected,M1,0.5,vixy_ret,237,estimated,-8.683833259646004,-0.13064619031077543
full_macro,all,6,pca_selected,M1,0.9,e_origin,237,estimated,0.5058948599384282,3.66809415787389
full_macro,all,6,pca_selected,M1,0.9,downside,237,estimated,-14481.98394279136,-0.23193251320466834
full_macro,all,6,pca_selected,M1,0.9,dxy_ret,237,estimated,3133.992610849157,2.14390040474671
full_macro,all,6,pca_selected,M1,0.9,fx_ret,237,estimated,-687.0547106895127,-0.6102314323892244
full_macro,all,6,pca_selected,M1,0.9,btc_vol,237,estimated,382.07239660544553,0.7146067807788059
full_macro,all,6,pca_selected,M1,0.9,btc_ret,237,estimated,211.8759408905973,0.6859463718562879
full_macro,all,6,pca_selected,M1,0.9,vixy_ret,237,estimated,-113.36761833473459,-1.705588649296896
full_macro,all,6,pca_selected,M2,0.1,e_origin,237,estimated,0.6019309735254479,4.3644236426928
full_macro,all,6,pca_selected,M2,0.1,downside,237,estimated,-51605.649486928494,-0.8264770923890097
full_macro,all,6,pca_selected,M2,0.1,dxy_ret,237,estimated,258.82815503289123,0.1770590601949469
full_macro,all,6,pca_selected,M2,0.1,fx_ret,237,estimated,762.5602256011975,0.6772942700366117
full_macro,all,6,pca_selected,M2,0.1,btc_vol,237,estimated,-858.4671870462477,-1.6056288765944642
full_macro,all,6,pca_selected,M2,0.1,btc_ret,237,estimated,-277.2305844902341,-0.8975314176745841
full_macro,all,6,pca_selected,M2,0.1,vixy_ret,237,estimated,-50.37852898082488,-0.7579328953022836
full_macro,all,6,pca_selected,M2,0.1,account_ls,237,estimated,1.3481846560142983,0.7581371738435196
full_macro,all,6,pca_selected,M2,0.5,e_origin,237,estimated,0.41671411310332995,3.0214709118886116
full_macro,all,6,pca_selected,M2,0.5,downside,237,estimated,4024.0127500032,0.0644455479278746
full_macro,all,6,pca_selected,M2,0.5,dxy_ret,237,estimated,-139.8352116708206,-0.09565841535844756
full_macro,all,6,pca_selected,M2,0.5,fx_ret,237,estimated,382.6032189788804,0.33982229758660487
full_macro,all,6,pca_selected,M2,0.5,btc_vol,237,estimated,45.855491204740446,0.08576553878790043
full_macro,all,6,pca_selected,M2,0.5,btc_ret,237,estimated,-79.68687864396526,-0.25798552237983735
full_macro,all,6,pca_selected,M2,0.5,vixy_ret,237,estimated,-16.980084149196575,-0.25546129674757817
full_macro,all,6,pca_selected,M2,0.5,account_ls,237,estimated,-0.12655873917834784,-0.07116894886604774
full_macro,all,6,pca_selected,M2,0.9,e_origin,237,estimated,0.48952546018647525,3.549404476770293
full_macro,all,6,pca_selected,M2,0.9,downside,237,estimated,-75352.33105228966,-1.2067860029279345
full_macro,all,6,pca_selected,M2,0.9,dxy_ret,237,estimated,2974.120030715674,2.0345348344292975
full_macro,all,6,pca_selected,M2,0.9,fx_ret,237,estimated,-686.9148956026312,-0.6101072507783427
full_macro,all,6,pca_selected,M2,0.9,btc_vol,237,estimated,561.0162900100182,1.0492934023248255
full_macro,all,6,pca_selected,M2,0.9,btc_ret,237,estimated,236.84913674361178,0.7667968592548409
full_macro,all,6,pca_selected,M2,0.9,vixy_ret,237,estimated,-118.67651414986953,-1.7854597145587447
full_macro,all,6,pca_selected,M2,0.9,account_ls,237,estimated,1.3947376148781,0.7843157306974422
full_macro,all,6,ae_selected,M0,0.1,e_origin,237,estimated,0.7740985291217803,39.889438534808804
full_macro,all,6,ae_selected,M0,0.1,downside,237,estimated,10950.120396842849,0.17536885509375483
full_macro,all,6,ae_selected,M0,0.1,dxy_ret,237,estimated,-1439.0827525105133,-0.9844471505423712
full_macro,all,6,ae_selected,M0,0.1,fx_ret,237,estimated,769.3293857354829,0.6833065340099879
full_macro,all,6,ae_selected,M0,0.5,e_origin,237,estimated,1.0019244783699133,51.6293512943358
full_macro,all,6,ae_selected,M0,0.5,downside,237,estimated,38396.13262071519,0.6149234504913937
full_macro,all,6,ae_selected,M0,0.5,dxy_ret,237,estimated,-331.0180446014488,-0.22644269081643598
full_macro,all,6,ae_selected,M0,0.5,fx_ret,237,estimated,2408.9602439814707,2.1396014573253215
full_macro,all,6,ae_selected,M0,0.9,e_origin,237,estimated,1.354564415761238,69.80095165049295
full_macro,all,6,ae_selected,M0,0.9,downside,237,estimated,174785.25271457742,2.799228551374251
full_macro,all,6,ae_selected,M0,0.9,dxy_ret,237,estimated,-277.6191434769256,-0.18991359201205946
full_macro,all,6,ae_selected,M0,0.9,fx_ret,237,estimated,-184.00855354066894,-0.1634335686110094
full_macro,all,6,ae_selected,M1,0.1,e_origin,237,estimated,0.7540402632898284,38.855832434399034
full_macro,all,6,ae_selected,M1,0.1,downside,237,estimated,-71994.41411102471,-1.153008142215157
full_macro,all,6,ae_selected,M1,0.1,dxy_ret,237,estimated,-480.5637889135517,-0.32874388343858313
full_macro,all,6,ae_selected,M1,0.1,fx_ret,237,estimated,989.4720049374308,0.8788338242758558
full_macro,all,6,ae_selected,M1,0.1,btc_vol,237,estimated,-387.61481619870455,-0.7249730115205526
full_macro,all,6,ae_selected,M1,0.1,btc_ret,237,estimated,-307.2588948664981,-0.994747790939959
full_macro,all,6,ae_selected,M1,0.1,vixy_ret,237,estimated,-15.940735190939819,-0.2398245407505781
full_macro,all,6,ae_selected,M1,0.5,e_origin,237,estimated,0.9992164325907424,51.48980520092022
full_macro,all,6,ae_selected,M1,0.5,downside,237,estimated,168669.54746627455,2.7012840367372277
full_macro,all,6,ae_selected,M1,0.5,dxy_ret,237,estimated,-747.7825951341905,-0.5115428169233481
full_macro,all,6,ae_selected,M1,0.5,fx_ret,237,estimated,2193.3930757669013,1.948138012291011
full_macro,all,6,ae_selected,M1,0.5,btc_vol,237,estimated,-1062.6551494609328,-1.9875305889173853
full_macro,all,6,ae_selected,M1,0.5,btc_ret,237,estimated,-9.359877428842656,-0.03030251540758636
full_macro,all,6,ae_selected,M1,0.5,vixy_ret,237,estimated,-24.257077082072733,-0.3649419114913788
full_macro,all,6,ae_selected,M1,0.9,e_origin,237,estimated,1.336013301464117,68.84500934383755
full_macro,all,6,ae_selected,M1,0.9,downside,237,estimated,-97535.26750009671,-1.562051153125833
full_macro,all,6,ae_selected,M1,0.9,dxy_ret,237,estimated,-770.9599594537852,-0.527397978985226
full_macro,all,6,ae_selected,M1,0.9,fx_ret,237,estimated,105.18882960182506,0.09342710145287933
full_macro,all,6,ae_selected,M1,0.9,btc_vol,237,estimated,2963.8265813980656,5.54337500153587
full_macro,all,6,ae_selected,M1,0.9,btc_ret,237,estimated,-196.37777010108474,-0.6357711892527825
full_macro,all,6,ae_selected,M1,0.9,vixy_ret,237,estimated,96.27806890555334,1.448480473645302
full_macro,all,6,ae_selected,M2,0.1,e_origin,237,estimated,0.7767716820598358,40.027186593751225
full_macro,all,6,ae_selected,M2,0.1,downside,237,estimated,-68492.73634792428,-1.09692791679597
full_macro,all,6,ae_selected,M2,0.1,dxy_ret,237,estimated,-777.106389775638,-0.5316026265677222
full_macro,all,6,ae_selected,M2,0.1,fx_ret,237,estimated,550.3806848659791,0.4888396636536668
full_macro,all,6,ae_selected,M2,0.1,btc_vol,237,estimated,-234.3294842274131,-0.43827672413150975
full_macro,all,6,ae_selected,M2,0.1,btc_ret,237,estimated,-304.7049216036348,-0.986479326450243
full_macro,all,6,ae_selected,M2,0.1,vixy_ret,237,estimated,-19.706844267541264,-0.2964847492600248
full_macro,all,6,ae_selected,M2,0.1,account_ls,237,estimated,-0.6846925099022004,-0.3850294854591307
full_macro,all,6,ae_selected,M2,0.5,e_origin,237,estimated,0.9987378183842814,51.46514212347946
full_macro,all,6,ae_selected,M2,0.5,downside,237,estimated,168630.4422996495,2.7006577579338216
full_macro,all,6,ae_selected,M2,0.5,dxy_ret,237,estimated,-803.0271570324212,-0.549334494607483
full_macro,all,6,ae_selected,M2,0.5,fx_ret,237,estimated,2329.7399046374426,2.0692391697227066
full_macro,all,6,ae_selected,M2,0.5,btc_vol,237,estimated,-1058.327369029763,-1.9794361511372351
full_macro,all,6,ae_selected,M2,0.5,btc_ret,237,estimated,-28.30943235285716,-0.0916515217826469
full_macro,all,6,ae_selected,M2,0.5,vixy_ret,237,estimated,-11.90259484151855,-0.17907168693385034
full_macro,all,6,ae_selected,M2,0.5,account_ls,237,estimated,0.25401721997961013,0.14284385777854963
full_macro,all,6,ae_selected,M2,0.9,e_origin,237,estimated,1.3405665148445487,69.0796372606231
full_macro,all,6,ae_selected,M2,0.9,downside,237,estimated,-56520.64948410993,-0.9051920188970353
full_macro,all,6,ae_selected,M2,0.9,dxy_ret,237,estimated,-1756.9597344032009,-1.201900308466296
full_macro,all,6,ae_selected,M2,0.9,fx_ret,237,estimated,368.6682090943356,0.3274454360209957
full_macro,all,6,ae_selected,M2,0.9,btc_vol,237,estimated,1526.5480280138136,2.8551698099501954
full_macro,all,6,ae_selected,M2,0.9,btc_ret,237,estimated,-214.19504259952782,-0.6934544418925551
full_macro,all,6,ae_selected,M2,0.9,vixy_ret,237,estimated,126.53989383636514,1.9037623774831671
full_macro,all,6,ae_selected,M2,0.9,account_ls,237,estimated,2.918934758172556,1.6414316379603489
full_macro,all,6,ae_reconstruction_selected,M0,0.1,e_origin,237,estimated,0.7602627418361829,39.203590471179986
full_macro,all,6,ae_reconstruction_selected,M0,0.1,downside,237,estimated,13924.137641506462,0.2229984683148218
full_macro,all,6,ae_reconstruction_selected,M0,0.1,dxy_ret,237,estimated,-1826.7632228832138,-1.2496514507909373
full_macro,all,6,ae_reconstruction_selected,M0,0.1,fx_ret,237,estimated,1843.3089046783116,1.6371986331463897
full_macro,all,6,ae_reconstruction_selected,M0,0.5,e_origin,237,estimated,0.9904877760783275,51.07533883128471
full_macro,all,6,ae_reconstruction_selected,M0,0.5,downside,237,estimated,20541.417724999945,0.3289758265556997
full_macro,all,6,ae_reconstruction_selected,M0,0.5,dxy_ret,237,estimated,-190.81995208286764,-0.13053603607360204
full_macro,all,6,ae_reconstruction_selected,M0,0.5,fx_ret,237,estimated,2849.1077076749957,2.530533668477227
full_macro,all,6,ae_reconstruction_selected,M0,0.9,e_origin,237,estimated,1.354564415761238,69.84925828941813
full_macro,all,6,ae_reconstruction_selected,M0,0.9,downside,237,estimated,174785.25271457812,2.799228551374262
full_macro,all,6,ae_reconstruction_selected,M0,0.9,dxy_ret,237,estimated,-277.61914347713986,-0.189913592012206
full_macro,all,6,ae_reconstruction_selected,M0,0.9,fx_ret,237,estimated,-184.0085535406703,-0.16343356861101063
full_macro,all,6,ae_reconstruction_selected,M1,0.1,e_origin,237,estimated,0.8038664906489519,41.45205461047926
full_macro,all,6,ae_reconstruction_selected,M1,0.1,downside,237,estimated,-80082.96176349321,-1.282548210248898
full_macro,all,6,ae_reconstruction_selected,M1,0.1,dxy_ret,237,estimated,-1168.5004298114752,-0.7993473040578596
full_macro,all,6,ae_reconstruction_selected,M1,0.1,fx_ret,237,estimated,1318.926729705621,1.1714504463217588
full_macro,all,6,ae_reconstruction_selected,M1,0.1,btc_vol,237,estimated,519.7294821782604,0.97207287266758
full_macro,all,6,ae_reconstruction_selected,M1,0.1,btc_ret,237,estimated,-232.32727086346443,-0.7521573608697486
full_macro,all,6,ae_reconstruction_selected,M1,0.1,vixy_ret,237,estimated,3.248407906169575,0.04887151846738225
full_macro,all,6,ae_reconstruction_selected,M1,0.5,e_origin,237,estimated,0.9929849746774291,51.20410898641284
full_macro,all,6,ae_reconstruction_selected,M1,0.5,downside,237,estimated,46148.52379162118,0.7390798902938911
full_macro,all,6,ae_reconstruction_selected,M1,0.5,dxy_ret,237,estimated,-461.83328871376926,-0.31593073039527025
full_macro,all,6,ae_reconstruction_selected,M1,0.5,fx_ret,237,estimated,3387.907076476094,3.009086985234106
full_macro,all,6,ae_reconstruction_selected,M1,0.5,btc_vol,237,estimated,-385.82089194956313,-0.7216177562233116
full_macro,all,6,ae_reconstruction_selected,M1,0.5,btc_ret,237,estimated,120.253855790644,0.38932073049253973
full_macro,all,6,ae_reconstruction_selected,M1,0.5,vixy_ret,237,estimated,4.787978758278011,0.07203399297920639
full_macro,all,6,ae_reconstruction_selected,M1,0.9,e_origin,237,estimated,1.3430152792118328,69.25371730777658
full_macro,all,6,ae_reconstruction_selected,M1,0.9,downside,237,estimated,-120567.26081045892,-1.9309141565435668
full_macro,all,6,ae_reconstruction_selected,M1,0.9,dxy_ret,237,estimated,-1377.483387906524,-0.9423082819791648
full_macro,all,6,ae_reconstruction_selected,M1,0.9,fx_ret,237,estimated,340.90335208672235,0.3027851168379218
full_macro,all,6,ae_reconstruction_selected,M1,0.9,btc_vol,237,estimated,2762.0195406008283,5.165926431464123
full_macro,all,6,ae_reconstruction_selected,M1,0.9,btc_ret,237,estimated,264.1137351725608,0.8550657410063233
full_macro,all,6,ae_reconstruction_selected,M1,0.9,vixy_ret,237,estimated,113.16396409783817,1.7025247201085263
full_macro,all,6,ae_reconstruction_selected,M2,0.1,e_origin,237,estimated,0.7887518438246836,40.672655079753845
full_macro,all,6,ae_reconstruction_selected,M2,0.1,downside,237,estimated,-20174.088628804606,-0.32309296128044906
full_macro,all,6,ae_reconstruction_selected,M2,0.1,dxy_ret,237,estimated,-1072.830461557939,-0.7339014306531718
full_macro,all,6,ae_reconstruction_selected,M2,0.1,fx_ret,237,estimated,1541.3298646403744,1.3689854919120665
full_macro,all,6,ae_reconstruction_selected,M2,0.1,btc_vol,237,estimated,546.9914707414458,1.0230621669946567
full_macro,all,6,ae_reconstruction_selected,M2,0.1,btc_ret,237,estimated,-330.3832559410314,-1.0696126930798453
full_macro,all,6,ae_reconstruction_selected,M2,0.1,vixy_ret,237,estimated,-40.88869056918057,-0.6151605506388244
full_macro,all,6,ae_reconstruction_selected,M2,0.1,account_ls,237,estimated,-3.297668983213769,-1.8544087651881753
full_macro,all,6,ae_reconstruction_selected,M2,0.5,e_origin,237,estimated,0.9916352935785764,51.134511540484716
full_macro,all,6,ae_reconstruction_selected,M2,0.5,downside,237,estimated,54700.2331585674,0.8760376064125461
full_macro,all,6,ae_reconstruction_selected,M2,0.5,dxy_ret,237,estimated,-524.6634184502597,-0.35891154027530775
full_macro,all,6,ae_reconstruction_selected,M2,0.5,fx_ret,237,estimated,3276.9045227177926,2.9104962233560445
full_macro,all,6,ae_reconstruction_selected,M2,0.5,btc_vol,237,estimated,-488.71052493787226,-0.9140567548490512
full_macro,all,6,ae_reconstruction_selected,M2,0.5,btc_ret,237,estimated,73.63988955355772,0.23840845190272553
full_macro,all,6,ae_reconstruction_selected,M2,0.5,vixy_ret,237,estimated,4.580448265904722,0.06891174645613175
full_macro,all,6,ae_reconstruction_selected,M2,0.5,account_ls,237,estimated,0.11580612155766282,0.06512232973416547
full_macro,all,6,ae_reconstruction_selected,M2,0.9,e_origin,237,estimated,1.3395186171614077,69.07340897554147
full_macro,all,6,ae_reconstruction_selected,M2,0.9,downside,237,estimated,-70312.30656860444,-1.126068778704244
full_macro,all,6,ae_reconstruction_selected,M2,0.9,dxy_ret,237,estimated,-1767.1567949650932,-1.2088759095542465
full_macro,all,6,ae_reconstruction_selected,M2,0.9,fx_ret,237,estimated,373.1800615577518,0.33145279402122857
full_macro,all,6,ae_reconstruction_selected,M2,0.9,btc_vol,237,estimated,1581.0462470433886,2.9571002221048324
full_macro,all,6,ae_reconstruction_selected,M2,0.9,btc_ret,237,estimated,-225.60658735017014,-0.7303992110158254
full_macro,all,6,ae_reconstruction_selected,M2,0.9,vixy_ret,237,estimated,134.710822327831,2.0266920384742977
full_macro,all,6,ae_reconstruction_selected,M2,0.9,account_ls,237,estimated,3.091896060788748,1.738694570426436
full_macro,matched,6,sequential_ols,M0,,,0,insufficient,,
full_macro,matched,6,sequential_ols,M1,,,0,insufficient,,
full_macro,matched,6,sequential_ols,M2,,,0,insufficient,,
full_macro,matched,6,pca_1,M0,,,0,insufficient,,
full_macro,matched,6,pca_1,M1,,,0,insufficient,,
full_macro,matched,6,pca_1,M2,,,0,insufficient,,
full_macro,matched,6,pca_2,M0,,,0,insufficient,,
full_macro,matched,6,pca_2,M1,,,0,insufficient,,
full_macro,matched,6,pca_2,M2,,,0,insufficient,,
full_macro,matched,6,conditional_linear,M0,,,0,insufficient,,
full_macro,matched,6,conditional_linear,M1,,,0,insufficient,,
full_macro,matched,6,conditional_linear,M2,,,0,insufficient,,
full_macro,matched,6,ae_relu_1,M0,,,0,insufficient,,
full_macro,matched,6,ae_relu_1,M1,,,0,insufficient,,
full_macro,matched,6,ae_relu_1,M2,,,0,insufficient,,
full_macro,matched,6,ae_relu_2,M0,,,0,insufficient,,
full_macro,matched,6,ae_relu_2,M1,,,0,insufficient,,
full_macro,matched,6,ae_relu_2,M2,,,0,insufficient,,
full_macro,matched,6,ae_tanh_1,M0,,,0,insufficient,,
full_macro,matched,6,ae_tanh_1,M1,,,0,insufficient,,
full_macro,matched,6,ae_tanh_1,M2,,,0,insufficient,,
full_macro,matched,6,ae_tanh_2,M0,,,0,insufficient,,
full_macro,matched,6,ae_tanh_2,M1,,,0,insufficient,,
full_macro,matched,6,ae_tanh_2,M2,,,0,insufficient,,
full_macro,matched,6,conditional_neural,M0,,,0,insufficient,,
full_macro,matched,6,conditional_neural,M1,,,0,insufficient,,
full_macro,matched,6,conditional_neural,M2,,,0,insufficient,,
full_macro,matched,6,pca_selected,M0,,,0,insufficient,,
full_macro,matched,6,pca_selected,M1,,,0,insufficient,,
full_macro,matched,6,pca_selected,M2,,,0,insufficient,,
full_macro,matched,6,ae_selected,M0,,,0,insufficient,,
full_macro,matched,6,ae_selected,M1,,,0,insufficient,,
full_macro,matched,6,ae_selected,M2,,,0,insufficient,,
full_macro,matched,6,ae_reconstruction_selected,M0,,,0,insufficient,,
full_macro,matched,6,ae_reconstruction_selected,M1,,,0,insufficient,,
full_macro,matched,6,ae_reconstruction_selected,M2,,,0,insufficient,,
full_macro,all,12,sequential_ols,M0,0.1,e_origin,593,estimated,0.23896850822639246,2.480790095788093
full_macro,all,12,sequential_ols,M0,0.1,downside,593,estimated,-65848.31679368694,-0.8864853214695747
full_macro,all,12,sequential_ols,M0,0.1,dxy_ret,593,estimated,-122.07729501916957,-0.11770898183264544
full_macro,all,12,sequential_ols,M0,0.1,fx_ret,593,estimated,-190.43924807574356,-0.24858479124549548
full_macro,all,12,sequential_ols,M0,0.5,e_origin,593,estimated,0.22260482101564807,2.310914686411848
full_macro,all,12,sequential_ols,M0,0.5,downside,593,estimated,-13812.807938507474,-0.18595542121646516
full_macro,all,12,sequential_ols,M0,0.5,dxy_ret,593,estimated,-777.3828137675063,-0.7495655886575906
full_macro,all,12,sequential_ols,M0,0.5,fx_ret,593,estimated,-211.99852118481041,-0.27672661316179736
full_macro,all,12,sequential_ols,M0,0.9,e_origin,593,estimated,0.20037948240807166,2.080188050913176
full_macro,all,12,sequential_ols,M0,0.9,downside,593,estimated,59179.46233600607,0.7967056296625122
full_macro,all,12,sequential_ols,M0,0.9,dxy_ret,593,estimated,-1464.2520245469073,-1.4118564384043857
full_macro,all,12,sequential_ols,M0,0.9,fx_ret,593,estimated,33.34549059285262,0.043526646433229135
full_macro,all,12,sequential_ols,M1,0.1,e_origin,593,estimated,0.25988092060444123,2.6978869253726447
full_macro,all,12,sequential_ols,M1,0.1,downside,593,estimated,93194.27664802055,1.254631284688594
full_macro,all,12,sequential_ols,M1,0.1,dxy_ret,593,estimated,54.86620515076778,0.052902918141361145
full_macro,all,12,sequential_ols,M1,0.1,fx_ret,593,estimated,-125.48328772545996,-0.1637962615333652
full_macro,all,12,sequential_ols,M1,0.1,btc_vol,593,estimated,-1929.321391071901,-3.470601116305579
full_macro,all,12,sequential_ols,M1,0.1,btc_ret,593,estimated,51.67662550244587,0.3712713138413907
full_macro,all,12,sequential_ols,M1,0.1,vixy_ret,593,estimated,10.86861301582169,0.2562847850668671
full_macro,all,12,sequential_ols,M1,0.5,e_origin,593,estimated,0.23620447158574753,2.4520959604252393
full_macro,all,12,sequential_ols,M1,0.5,downside,593,estimated,50191.580159048586,0.6757059441893872
full_macro,all,12,sequential_ols,M1,0.5,dxy_ret,593,estimated,-872.1060510340873,-0.8408993277676399
full_macro,all,12,sequential_ols,M1,0.5,fx_ret,593,estimated,-370.60598424255943,-0.48376063315806767
full_macro,all,12,sequential_ols,M1,0.5,btc_vol,593,estimated,-610.1666830551723,-1.0976114094537783
full_macro,all,12,sequential_ols,M1,0.5,btc_ret,593,estimated,-87.19652201992331,-0.6264644213505085
full_macro,all,12,sequential_ols,M1,0.5,vixy_ret,593,estimated,18.503310392277182,0.4363129794028987
full_macro,all,12,sequential_ols,M1,0.9,e_origin,593,estimated,0.20331645179473873,2.1106774430935626
full_macro,all,12,sequential_ols,M1,0.9,downside,593,estimated,53331.9631282305,0.7179834623026475
full_macro,all,12,sequential_ols,M1,0.9,dxy_ret,593,estimated,-1225.9864584153602,-1.1821167706740412
full_macro,all,12,sequential_ols,M1,0.9,fx_ret,593,estimated,-242.7570247443965,-0.3168764050961913
full_macro,all,12,sequential_ols,M1,0.9,btc_vol,593,estimated,32.074824362004534,0.05769848494461115
full_macro,all,12,sequential_ols,M1,0.9,btc_ret,593,estimated,21.456200481521307,0.15415232061624573
full_macro,all,12,sequential_ols,M1,0.9,vixy_ret,593,estimated,21.845589697325835,0.5151248141863154
full_macro,all,12,sequential_ols,M2,0.1,e_origin,593,estimated,0.25133928413108714,2.609214123578844
full_macro,all,12,sequential_ols,M2,0.1,downside,593,estimated,101512.61647026609,1.3666172322492687
full_macro,all,12,sequential_ols,M2,0.1,dxy_ret,593,estimated,67.59949863678726,0.0651805739608176
full_macro,all,12,sequential_ols,M2,0.1,fx_ret,593,estimated,-183.10386793695704,-0.23900974850125323
full_macro,all,12,sequential_ols,M2,0.1,btc_vol,593,estimated,-1963.8938415117632,-3.532792509427148
full_macro,all,12,sequential_ols,M2,0.1,btc_ret,593,estimated,54.7497417040382,0.39335015274890506
full_macro,all,12,sequential_ols,M2,0.1,vixy_ret,593,estimated,12.72564901237818,0.30007418768393446
full_macro,all,12,sequential_ols,M2,0.1,account_ls,593,estimated,-0.2248078801390798,-0.12855259847405096
full_macro,all,12,sequential_ols,M2,0.5,e_origin,593,estimated,0.2274268413084216,2.360973249662655
full_macro,all,12,sequential_ols,M2,0.5,downside,593,estimated,25495.424263748515,0.3432330616022542
full_macro,all,12,sequential_ols,M2,0.5,dxy_ret,593,estimated,-745.6036974873401,-0.7189236300502
full_macro,all,12,sequential_ols,M2,0.5,fx_ret,593,estimated,-477.5610639993144,-0.6233715927823339
full_macro,all,12,sequential_ols,M2,0.5,btc_vol,593,estimated,-598.7268887548024,-1.077032690401111
full_macro,all,12,sequential_ols,M2,0.5,btc_ret,593,estimated,-64.28373461015444,-0.46184723509497927
full_macro,all,12,sequential_ols,M2,0.5,vixy_ret,593,estimated,16.873430823252352,0.3978799857518844
full_macro,all,12,sequential_ols,M2,0.5,account_ls,593,estimated,0.9405413655338231,0.5378327327178366
full_macro,all,12,sequential_ols,M2,0.9,e_origin,593,estimated,0.1992381265006825,2.068339358163511
full_macro,all,12,sequential_ols,M2,0.9,downside,593,estimated,-4825.112246482529,-0.06495824630341852
full_macro,all,12,sequential_ols,M2,0.9,dxy_ret,593,estimated,-1323.6788192312233,-1.2763133886664122
full_macro,all,12,sequential_ols,M2,0.9,fx_ret,593,estimated,-127.82496916878381,-0.1668529129255225
full_macro,all,12,sequential_ols,M2,0.9,btc_vol,593,estimated,-153.97743029296726,-0.276985599150868
full_macro,all,12,sequential_ols,M2,0.9,btc_ret,593,estimated,43.86692618708996,0.3151624387488953
full_macro,all,12,sequential_ols,M2,0.9,vixy_ret,593,estimated,12.380174084754348,0.29192779702275484
full_macro,all,12,sequential_ols,M2,0.9,account_ls,593,estimated,4.232950353659614,2.4205413388442967
full_macro,all,12,pca_1,M0,0.1,e_origin,593,estimated,0.23415968028783732,2.4188158883975364
full_macro,all,12,pca_1,M0,0.1,downside,593,estimated,-69238.36407591373,-0.9321239543323968
full_macro,all,12,pca_1,M0,0.1,dxy_ret,593,estimated,-39.302578287943696,-0.03789620725905858
full_macro,all,12,pca_1,M0,0.1,fx_ret,593,estimated,-298.8077062741294,-0.3900406667072993
full_macro,all,12,pca_1,M0,0.5,e_origin,593,estimated,0.2253565668662535,2.3278817421546036
full_macro,all,12,pca_1,M0,0.5,downside,593,estimated,-11763.673291654148,-0.15836887269705988
full_macro,all,12,pca_1,M0,0.5,dxy_ret,593,estimated,-737.0126049707194,-0.7106399540988063
full_macro,all,12,pca_1,M0,0.5,fx_ret,593,estimated,-176.26906798753845,-0.23008812475090534
full_macro,all,12,pca_1,M0,0.9,e_origin,593,estimated,0.2012359372863858,2.0787211608187484
full_macro,all,12,pca_1,M0,0.9,downside,593,estimated,57766.9860870653,0.7776901176102672
full_macro,all,12,pca_1,M0,0.9,dxy_ret,593,estimated,-1463.4871100970986,-1.4111188950220401
full_macro,all,12,pca_1,M0,0.9,fx_ret,593,estimated,20.454774034402618,0.02670009351902816
full_macro,all,12,pca_1,M1,0.1,e_origin,593,estimated,0.25938819626658255,2.6794206825921147
full_macro,all,12,pca_1,M1,0.1,downside,593,estimated,93165.9745388882,1.2542502665315005
full_macro,all,12,pca_1,M1,0.1,dxy_ret,593,estimated,38.30141095864555,0.03693086487530664
full_macro,all,12,pca_1,M1,0.1,fx_ret,593,estimated,-94.42200053532966,-0.12325123906560216
full_macro,all,12,pca_1,M1,0.1,btc_vol,593,estimated,-1897.5924853337476,-3.4135248944881194
full_macro,all,12,pca_1,M1,0.1,btc_ret,593,estimated,52.89634925399244,0.380034433247065
full_macro,all,12,pca_1,M1,0.1,vixy_ret,593,estimated,9.675171165525056,0.2281431088798662
full_macro,all,12,pca_1,M1,0.5,e_origin,593,estimated,0.23501872705097335,2.427689644788883
full_macro,all,12,pca_1,M1,0.5,downside,593,estimated,49505.03739854038,0.6664633377054796
full_macro,all,12,pca_1,M1,0.5,dxy_ret,593,estimated,-851.9272279651825,-0.8214425670518253
full_macro,all,12,pca_1,M1,0.5,fx_ret,593,estimated,-382.39379751448035,-0.49914754069445894
full_macro,all,12,pca_1,M1,0.5,btc_vol,593,estimated,-607.1501508006985,-1.0921850557844541
full_macro,all,12,pca_1,M1,0.5,btc_ret,593,estimated,-95.34751204883318,-0.6850253035234014
full_macro,all,12,pca_1,M1,0.5,vixy_ret,593,estimated,17.73194667275921,0.41812401777759634
full_macro,all,12,pca_1,M1,0.9,e_origin,593,estimated,0.204247534841387,2.109830274080868
full_macro,all,12,pca_1,M1,0.9,downside,593,estimated,54670.14594760289,0.7359987964004528
full_macro,all,12,pca_1,M1,0.9,dxy_ret,593,estimated,-1271.4331358967036,-1.2259372217510867
full_macro,all,12,pca_1,M1,0.9,fx_ret,593,estimated,-238.15634800345532,-0.3108710344659733
full_macro,all,12,pca_1,M1,0.9,btc_vol,593,estimated,6.165887927558851,0.011091639590701734
full_macro,all,12,pca_1,M1,0.9,btc_ret,593,estimated,20.571567976698354,0.147796668149796
full_macro,all,12,pca_1,M1,0.9,vixy_ret,593,estimated,22.90660785560752,0.540143904501834
full_macro,all,12,pca_1,M2,0.1,e_origin,593,estimated,0.2438682992577986,2.5191036996469944
full_macro,all,12,pca_1,M2,0.1,downside,593,estimated,102308.81835915212,1.377336128673535
full_macro,all,12,pca_1,M2,0.1,dxy_ret,593,estimated,38.44998053477848,0.037074118160327164
full_macro,all,12,pca_1,M2,0.1,fx_ret,593,estimated,-111.01805294338969,-0.14491445326667934
full_macro,all,12,pca_1,M2,0.1,btc_vol,593,estimated,-1912.2178543919133,-3.43983405293862
full_macro,all,12,pca_1,M2,0.1,btc_ret,593,estimated,70.12428856966042,0.5038087625945775
full_macro,all,12,pca_1,M2,0.1,vixy_ret,593,estimated,11.651974678119165,0.2747566613733724
full_macro,all,12,pca_1,M2,0.1,account_ls,593,estimated,-0.24041331863829216,-0.137476305544104
full_macro,all,12,pca_1,M2,0.5,e_origin,593,estimated,0.22736766985580018,2.3486559756107637
full_macro,all,12,pca_1,M2,0.5,downside,593,estimated,22596.971194815895,0.3042125334294893
full_macro,all,12,pca_1,M2,0.5,dxy_ret,593,estimated,-727.2722138758868,-0.7012481051211199
full_macro,all,12,pca_1,M2,0.5,fx_ret,593,estimated,-471.81094862829553,-0.615865833105244
full_macro,all,12,pca_1,M2,0.5,btc_vol,593,estimated,-579.1848055286648,-1.041878995338471
full_macro,all,12,pca_1,M2,0.5,btc_ret,593,estimated,-66.64880335072813,-0.478839098826415
full_macro,all,12,pca_1,M2,0.5,vixy_ret,593,estimated,16.710212310369613,0.3940312498154596
full_macro,all,12,pca_1,M2,0.5,account_ls,593,estimated,0.9539584061165007,0.545505041311592
full_macro,all,12,pca_1,M2,0.9,e_origin,593,estimated,0.20036473501867136,2.0697218408480116
full_macro,all,12,pca_1,M2,0.9,downside,593,estimated,5095.736168997207,0.06860153054558736
full_macro,all,12,pca_1,M2,0.9,dxy_ret,593,estimated,-1281.822287099247,-1.2359546161401478
full_macro,all,12,pca_1,M2,0.9,fx_ret,593,estimated,-80.03216606990141,-0.10446785259044135
full_macro,all,12,pca_1,M2,0.9,btc_vol,593,estimated,-188.0484220984981,-0.33827493266528963
full_macro,all,12,pca_1,M2,0.9,btc_ret,593,estimated,51.634248637907206,0.37096685676779556
full_macro,all,12,pca_1,M2,0.9,vixy_ret,593,estimated,12.221308277308038,0.28818169903798146
full_macro,all,12,pca_1,M2,0.9,account_ls,593,estimated,4.259274898646314,2.4355945863532082
full_macro,all,12,pca_2,M0,0.1,e_origin,593,estimated,0.30340767367398946,2.3726145183284317
full_macro,all,12,pca_2,M0,0.1,downside,593,estimated,-30140.403989569193,-0.4057662673995294
full_macro,all,12,pca_2,M0,0.1,dxy_ret,593,estimated,-99.77114626300005,-0.0962010178964856
full_macro,all,12,pca_2,M0,0.1,fx_ret,593,estimated,477.88690470885547,0.623796920258571
full_macro,all,12,pca_2,M0,0.5,e_origin,593,estimated,0.29756545018181946,2.3269289754778053
full_macro,all,12,pca_2,M0,0.5,downside,593,estimated,2383.0800812118214,0.03208230088097467
full_macro,all,12,pca_2,M0,0.5,dxy_ret,593,estimated,-713.4084826668161,-0.6878804622292543
full_macro,all,12,pca_2,M0,0.5,fx_ret,593,estimated,155.1386473514548,0.2025060939677277
full_macro,all,12,pca_2,M0,0.9,e_origin,593,estimated,0.3944303300676487,3.0844016443470914
full_macro,all,12,pca_2,M0,0.9,downside,593,estimated,5845.286025896239,0.07869237231960696
full_macro,all,12,pca_2,M0,0.9,dxy_ret,593,estimated,-304.7854393865014,-0.2938792487330835
full_macro,all,12,pca_2,M0,0.9,fx_ret,593,estimated,664.2892771666751,0.8671122836266443
full_macro,all,12,pca_2,M1,0.1,e_origin,593,estimated,0.3427766103782079,2.6804752578558952
full_macro,all,12,pca_2,M1,0.1,downside,593,estimated,74373.11585378025,1.0012507339087104
full_macro,all,12,pca_2,M1,0.1,dxy_ret,593,estimated,167.97084338857476,0.16196031333865293
full_macro,all,12,pca_2,M1,0.1,fx_ret,593,estimated,-274.39657132162324,-0.35817624302599577
full_macro,all,12,pca_2,M1,0.1,btc_vol,593,estimated,-1241.601290569705,-2.2334810804453866
full_macro,all,12,pca_2,M1,0.1,btc_ret,593,estimated,-104.74926713730765,-0.7525723217385843
full_macro,all,12,pca_2,M1,0.1,vixy_ret,593,estimated,-7.365904816976003,-0.1736899943068749
full_macro,all,12,pca_2,M1,0.5,e_origin,593,estimated,0.328592868740383,2.5695599638337594
full_macro,all,12,pca_2,M1,0.5,downside,593,estimated,11777.279421457259,0.1585520457064818
full_macro,all,12,pca_2,M1,0.5,dxy_ret,593,estimated,-707.35596916774,-0.6820445268786822
full_macro,all,12,pca_2,M1,0.5,fx_ret,593,estimated,-129.60286333115047,-0.1691736396332478
full_macro,all,12,pca_2,M1,0.5,btc_vol,593,estimated,-163.38001620675502,-0.29389964225408616
full_macro,all,12,pca_2,M1,0.5,btc_ret,593,estimated,-108.18972053945406,-0.7772902990137166
full_macro,all,12,pca_2,M1,0.5,vixy_ret,593,estimated,8.104136584757525,0.19109769569986784
full_macro,all,12,pca_2,M1,0.9,e_origin,593,estimated,0.3689512686338434,2.8851581962852473
full_macro,all,12,pca_2,M1,0.9,downside,593,estimated,-85797.89301816118,-1.155057205363657
full_macro,all,12,pca_2,M1,0.9,dxy_ret,593,estimated,-1041.4108007811694,-1.0041458160604098
full_macro,all,12,pca_2,M1,0.9,fx_ret,593,estimated,663.9916972315868,0.8667238455982955
full_macro,all,12,pca_2,M1,0.9,btc_vol,593,estimated,857.7652613147258,1.543009416276197
full_macro,all,12,pca_2,M1,0.9,btc_ret,593,estimated,-59.14285921277693,-0.42491255632055175
full_macro,all,12,pca_2,M1,0.9,vixy_ret,593,estimated,-27.286348137552313,-0.643419344999433
full_macro,all,12,pca_2,M2,0.1,e_origin,593,estimated,0.3682822092441661,2.879926225708003
full_macro,all,12,pca_2,M2,0.1,downside,593,estimated,32188.380309907203,0.4333372219067671
full_macro,all,12,pca_2,M2,0.1,dxy_ret,593,estimated,-91.34684667696413,-0.08807816649508657
full_macro,all,12,pca_2,M2,0.1,fx_ret,593,estimated,-116.24433969973161,-0.15173644723820368
full_macro,all,12,pca_2,M2,0.1,btc_vol,593,estimated,-990.8089058137665,-1.7823378263858245
full_macro,all,12,pca_2,M2,0.1,btc_ret,593,estimated,-104.55511379998953,-0.7511774248401911
full_macro,all,12,pca_2,M2,0.1,vixy_ret,593,estimated,-3.181027485615259,-0.07500947400150568
full_macro,all,12,pca_2,M2,0.1,account_ls,593,estimated,1.05922256625959,0.605698577695686
full_macro,all,12,pca_2,M2,0.5,e_origin,593,estimated,0.3389429600075423,2.6504965351113623
full_macro,all,12,pca_2,M2,0.5,downside,593,estimated,7839.099089801195,0.10553415204867479
full_macro,all,12,pca_2,M2,0.5,dxy_ret,593,estimated,-600.693232643862,-0.579198521700259
full_macro,all,12,pca_2,M2,0.5,fx_ret,593,estimated,-148.39882723782927,-0.19370844961181516
full_macro,all,12,pca_2,M2,0.5,btc_vol,593,estimated,-222.9502906746556,-0.4010589066584794
full_macro,all,12,pca_2,M2,0.5,btc_ret,593,estimated,-125.2084253285312,-0.8995613804840108
full_macro,all,12,pca_2,M2,0.5,vixy_ret,593,estimated,4.2190015279078255,0.09948517793416853
full_macro,all,12,pca_2,M2,0.5,account_ls,593,estimated,0.5318548490146795,0.30413223419731744
full_macro,all,12,pca_2,M2,0.9,e_origin,593,estimated,0.325306456970418,2.5438605865431154
full_macro,all,12,pca_2,M2,0.9,downside,593,estimated,-83822.33553307987,-1.1284611920178482
full_macro,all,12,pca_2,M2,0.9,dxy_ret,593,estimated,-547.03886211471,-0.5274640748904224
full_macro,all,12,pca_2,M2,0.9,fx_ret,593,estimated,529.0840388870523,0.6906257333349219
full_macro,all,12,pca_2,M2,0.9,btc_vol,593,estimated,645.7928494165155,1.1616983020345273
full_macro,all,12,pca_2,M2,0.9,btc_ret,593,estimated,-9.037327680967005,-0.06492878528937578
full_macro,all,12,pca_2,M2,0.9,vixy_ret,593,estimated,-21.32358522257128,-0.5028158098615073
full_macro,all,12,pca_2,M2,0.9,account_ls,593,estimated,1.7353387876861066,0.9923242470497305
full_macro,all,12,conditional_linear,M0,0.1,e_origin,593,estimated,0.269985621158591,3.197267094280242
full_macro,all,12,conditional_linear,M0,0.1,downside,593,estimated,-58461.11266458834,-0.787034821502153
full_macro,all,12,conditional_linear,M0,0.1,dxy_ret,593,estimated,-60.40221277869349,-0.05824082984065435
full_macro,all,12,conditional_linear,M0,0.1,fx_ret,593,estimated,-402.7810456785069,-0.5257594911202922
full_macro,all,12,conditional_linear,M0,0.5,e_origin,593,estimated,0.3315737268173781,3.92661565283265
full_macro,all,12,conditional_linear,M0,0.5,downside,593,estimated,-22811.03721140647,-0.3070944048390133
full_macro,all,12,conditional_linear,M0,0.5,dxy_ret,593,estimated,-617.163462900715,-0.5950793948288696
full_macro,all,12,conditional_linear,M0,0.5,fx_ret,593,estimated,-619.5544414386645,-0.8087188594075667
full_macro,all,12,conditional_linear,M0,0.9,e_origin,593,estimated,0.4624416807644343,5.476401160131658
full_macro,all,12,conditional_linear,M0,0.9,downside,593,estimated,80219.00289164744,1.0799511973734859
full_macro,all,12,conditional_linear,M0,0.9,dxy_ret,593,estimated,-835.4279481207413,-0.805533683822097
full_macro,all,12,conditional_linear,M0,0.9,fx_ret,593,estimated,361.4720710986571,0.4718379233433956
full_macro,all,12,conditional_linear,M1,0.1,e_origin,593,estimated,0.3538078677036204,4.189920367802695
full_macro,all,12,conditional_linear,M1,0.1,downside,593,estimated,199060.47689472517,2.6798587943378593
full_macro,all,12,conditional_linear,M1,0.1,dxy_ret,593,estimated,-257.03377924787117,-0.24783629459608317
full_macro,all,12,conditional_linear,M1,0.1,fx_ret,593,estimated,-265.83112290298175,-0.3469955634728756
full_macro,all,12,conditional_linear,M1,0.1,btc_vol,593,estimated,-2716.601520166588,-4.886816842480251
full_macro,all,12,conditional_linear,M1,0.1,btc_ret,593,estimated,57.865853724008076,0.4157378956110315
full_macro,all,12,conditional_linear,M1,0.1,vixy_ret,593,estimated,21.983967845361747,0.5183878077141656
full_macro,all,12,conditional_linear,M1,0.5,e_origin,593,estimated,0.3440520636179472,4.074388617454237
full_macro,all,12,conditional_linear,M1,0.5,downside,593,estimated,136500.90252001424,1.8376482853840097
full_macro,all,12,conditional_linear,M1,0.5,dxy_ret,593,estimated,-504.40292402212674,-0.48635378602327783
full_macro,all,12,conditional_linear,M1,0.5,fx_ret,593,estimated,-516.0701964198657,-0.673638461300952
full_macro,all,12,conditional_linear,M1,0.5,btc_vol,593,estimated,-1525.8087602020207,-2.744733775788326
full_macro,all,12,conditional_linear,M1,0.5,btc_ret,593,estimated,-40.425397653216464,-0.29043673717743007
full_macro,all,12,conditional_linear,M1,0.5,vixy_ret,593,estimated,27.25393651016544,0.6426550702068333
full_macro,all,12,conditional_linear,M1,0.9,e_origin,593,estimated,0.5047724292765469,5.977697150315257
full_macro,all,12,conditional_linear,M1,0.9,downside,593,estimated,174776.5985738383,2.352936213351198
full_macro,all,12,conditional_linear,M1,0.9,dxy_ret,593,estimated,-922.7871338502914,-0.8897668805384855
full_macro,all,12,conditional_linear,M1,0.9,fx_ret,593,estimated,11.800205027983438,0.015403082784535175
full_macro,all,12,conditional_linear,M1,0.9,btc_vol,593,estimated,-639.6562339762432,-1.1506593198846873
full_macro,all,12,conditional_linear,M1,0.9,btc_ret,593,estimated,-52.453791257498814,-0.37685487020068487
full_macro,all,12,conditional_linear,M1,0.9,vixy_ret,593,estimated,37.539379796820185,0.8851885579849401
full_macro,all,12,conditional_linear,M2,0.1,e_origin,593,estimated,0.3506585621863797,4.152625156091423
full_macro,all,12,conditional_linear,M2,0.1,downside,593,estimated,191836.99178818212,2.5826123675709045
full_macro,all,12,conditional_linear,M2,0.1,dxy_ret,593,estimated,-160.04664021935355,-0.15431966331656993
full_macro,all,12,conditional_linear,M2,0.1,fx_ret,593,estimated,-334.91865085833194,-0.4371771247213079
full_macro,all,12,conditional_linear,M2,0.1,btc_vol,593,estimated,-2699.097317806741,-4.855329033071591
full_macro,all,12,conditional_linear,M2,0.1,btc_ret,593,estimated,50.75195697639151,0.3646280221171713
full_macro,all,12,conditional_linear,M2,0.1,vixy_ret,593,estimated,21.742591764311754,0.5126960955368963
full_macro,all,12,conditional_linear,M2,0.1,account_ls,593,estimated,0.2843951969371225,0.16262660159950124
full_macro,all,12,conditional_linear,M2,0.5,e_origin,593,estimated,0.342720116892427,4.058615223972891
full_macro,all,12,conditional_linear,M2,0.5,downside,593,estimated,127362.50926836625,1.7146223391812478
full_macro,all,12,conditional_linear,M2,0.5,dxy_ret,593,estimated,-382.3312685652187,-0.3686502419514517
full_macro,all,12,conditional_linear,M2,0.5,fx_ret,593,estimated,-570.3554563762945,-0.7444982769656784
full_macro,all,12,conditional_linear,M2,0.5,btc_vol,593,estimated,-1689.5567811783737,-3.0392954113059933
full_macro,all,12,conditional_linear,M2,0.5,btc_ret,593,estimated,-27.855080035939142,-0.20012514481253693
full_macro,all,12,conditional_linear,M2,0.5,vixy_ret,593,estimated,30.157088313000408,0.7111121617163885
full_macro,all,12,conditional_linear,M2,0.5,account_ls,593,estimated,0.8476443354048064,0.4847111312587634
full_macro,all,12,conditional_linear,M2,0.9,e_origin,593,estimated,0.4518321856290485,5.350759692494499
full_macro,all,12,conditional_linear,M2,0.9,downside,593,estimated,22352.40888232509,0.30092010454498147
full_macro,all,12,conditional_linear,M2,0.9,dxy_ret,593,estimated,-628.886331426121,-0.6063827819006985
full_macro,all,12,conditional_linear,M2,0.9,fx_ret,593,estimated,348.7370086308563,0.4552145493433181
full_macro,all,12,conditional_linear,M2,0.9,btc_vol,593,estimated,-572.0712252642053,-1.029082579085062
full_macro,all,12,conditional_linear,M2,0.9,btc_ret,593,estimated,-60.1399121115848,-0.43207589440833466
full_macro,all,12,conditional_linear,M2,0.9,vixy_ret,593,estimated,24.919189657263427,0.5876011185654887
full_macro,all,12,conditional_linear,M2,0.9,account_ls,593,estimated,5.017796439289537,2.869342349055749
full_macro,all,12,ae_relu_1,M0,0.1,e_origin,593,estimated,0.7118935370477383,32.99627068457931
full_macro,all,12,ae_relu_1,M0,0.1,downside,593,estimated,28263.653067133524,0.3805004409395096
full_macro,all,12,ae_relu_1,M0,0.1,dxy_ret,593,estimated,-1777.650060779961,-1.7140400979255976
full_macro,all,12,ae_relu_1,M0,0.1,fx_ret,593,estimated,962.3964878059479,1.2562385770473512
full_macro,all,12,ae_relu_1,M0,0.5,e_origin,593,estimated,0.9081808427822584,42.09418875084303
full_macro,all,12,ae_relu_1,M0,0.5,downside,593,estimated,135089.12344814517,1.8186421591030437
full_macro,all,12,ae_relu_1,M0,0.5,dxy_ret,593,estimated,178.04050992864234,0.17166965524076083
full_macro,all,12,ae_relu_1,M0,0.5,fx_ret,593,estimated,-998.0918360934239,-1.3028325475242157
full_macro,all,12,ae_relu_1,M0,0.9,e_origin,593,estimated,1.230409694178369,57.02949838596079
full_macro,all,12,ae_relu_1,M0,0.9,downside,593,estimated,337911.7188070144,4.549148607906281
full_macro,all,12,ae_relu_1,M0,0.9,dxy_ret,593,estimated,-43.924939733810795,-0.042353165937329205
full_macro,all,12,ae_relu_1,M0,0.9,fx_ret,593,estimated,-872.3493930126641,-1.138698004462498
full_macro,all,12,ae_relu_1,M1,0.1,e_origin,593,estimated,0.7993370373463364,37.04927756735727
full_macro,all,12,ae_relu_1,M1,0.1,downside,593,estimated,217076.07026631254,2.922394364859958
full_macro,all,12,ae_relu_1,M1,0.1,dxy_ret,593,estimated,-1820.1158475292577,-1.7549863240047145
full_macro,all,12,ae_relu_1,M1,0.1,fx_ret,593,estimated,77.73127804031729,0.1014644497924743
full_macro,all,12,ae_relu_1,M1,0.1,btc_vol,593,estimated,-2782.184469014474,-5.00479213500299
full_macro,all,12,ae_relu_1,M1,0.1,btc_ret,593,estimated,-146.5055334023604,-1.0525706998564304
full_macro,all,12,ae_relu_1,M1,0.1,vixy_ret,593,estimated,66.93089241230538,1.5782482411739873
full_macro,all,12,ae_relu_1,M1,0.5,e_origin,593,estimated,0.9073663827767678,42.05643852359082
full_macro,all,12,ae_relu_1,M1,0.5,downside,593,estimated,253231.4145335214,3.4091369810149184
full_macro,all,12,ae_relu_1,M1,0.5,dxy_ret,593,estimated,-20.240493520984423,-0.019516224403327544
full_macro,all,12,ae_relu_1,M1,0.5,fx_ret,593,estimated,-952.9715498582852,-1.2439359857701076
full_macro,all,12,ae_relu_1,M1,0.5,btc_vol,593,estimated,-1136.7944299996182,-2.0449470140247907
full_macro,all,12,ae_relu_1,M1,0.5,btc_ret,593,estimated,-40.89027487701174,-0.2937766529706012
full_macro,all,12,ae_relu_1,M1,0.5,vixy_ret,593,estimated,3.015955207434453,0.071117025786404
full_macro,all,12,ae_relu_1,M1,0.9,e_origin,593,estimated,1.2291371084495832,56.97051402806019
full_macro,all,12,ae_relu_1,M1,0.9,downside,593,estimated,355046.9203618942,4.7798318720877555
full_macro,all,12,ae_relu_1,M1,0.9,dxy_ret,593,estimated,-587.6198234528387,-0.5665929205955224
full_macro,all,12,ae_relu_1,M1,0.9,fx_ret,593,estimated,-1216.7235059066952,-1.5882175642649354
full_macro,all,12,ae_relu_1,M1,0.9,btc_vol,593,estimated,-222.6583222289063,-0.4005336929649845
full_macro,all,12,ae_relu_1,M1,0.9,btc_ret,593,estimated,-108.11597614431089,-0.7767604815535586
full_macro,all,12,ae_relu_1,M1,0.9,vixy_ret,593,estimated,47.19374395507468,1.1128410321004203
full_macro,all,12,ae_relu_1,M2,0.1,e_origin,593,estimated,0.8100957139270254,37.5479423060996
full_macro,all,12,ae_relu_1,M2,0.1,downside,593,estimated,253186.17316209024,3.4085279174328904
full_macro,all,12,ae_relu_1,M2,0.1,dxy_ret,593,estimated,-1843.4555722285784,-1.777490879255385
full_macro,all,12,ae_relu_1,M2,0.1,fx_ret,593,estimated,103.73485904515688,0.13540753043912973
full_macro,all,12,ae_relu_1,M2,0.1,btc_vol,593,estimated,-2969.598745812345,-5.341926321808911
full_macro,all,12,ae_relu_1,M2,0.1,btc_ret,593,estimated,-122.57699006074107,-0.880655803355822
full_macro,all,12,ae_relu_1,M2,0.1,vixy_ret,593,estimated,68.02589356997814,1.6040686596518199
full_macro,all,12,ae_relu_1,M2,0.1,account_ls,593,estimated,-0.7427450967744659,-0.4247262690931794
full_macro,all,12,ae_relu_1,M2,0.5,e_origin,593,estimated,0.907514242763069,42.06329183504473
full_macro,all,12,ae_relu_1,M2,0.5,downside,593,estimated,264687.0535487582,3.563358931241522
full_macro,all,12,ae_relu_1,M2,0.5,dxy_ret,593,estimated,-13.563227503894568,-0.013077892163299205
full_macro,all,12,ae_relu_1,M2,0.5,fx_ret,593,estimated,-885.8600458032641,-1.1563337745964248
full_macro,all,12,ae_relu_1,M2,0.5,btc_vol,593,estimated,-1163.7475759347267,-2.0934322580091345
full_macro,all,12,ae_relu_1,M2,0.5,btc_ret,593,estimated,-39.476630973487985,-0.2836203119893137
full_macro,all,12,ae_relu_1,M2,0.5,vixy_ret,593,estimated,2.0541245046149497,0.04843680204635818
full_macro,all,12,ae_relu_1,M2,0.5,account_ls,593,estimated,-0.2205657098371435,-0.12612678486313136
full_macro,all,12,ae_relu_1,M2,0.9,e_origin,593,estimated,1.2309235692258276,57.0533164981947
full_macro,all,12,ae_relu_1,M2,0.9,downside,593,estimated,329957.0740444001,4.442058918102115
full_macro,all,12,ae_relu_1,M2,0.9,dxy_ret,593,estimated,-690.6489433746057,-0.6659353315098564
full_macro,all,12,ae_relu_1,M2,0.9,fx_ret,593,estimated,-979.7184558838081,-1.2788493458993864
full_macro,all,12,ae_relu_1,M2,0.9,btc_vol,593,estimated,429.3882482660891,0.772414249205434
full_macro,all,12,ae_relu_1,M2,0.9,btc_ret,593,estimated,-87.73863995369535,-0.6303592739182134
full_macro,all,12,ae_relu_1,M2,0.9,vixy_ret,593,estimated,25.806549584382243,0.6085253016114339
full_macro,all,12,ae_relu_1,M2,0.9,account_ls,593,estimated,-2.558397959079481,-1.4629767665034938
full_macro,all,12,ae_relu_2,M0,0.1,e_origin,593,estimated,0.756204621672534,38.35748058560197
full_macro,all,12,ae_relu_2,M0,0.1,downside,593,estimated,25702.87181023772,0.3460258316211712
full_macro,all,12,ae_relu_2,M0,0.1,dxy_ret,593,estimated,-849.2427167309811,-0.8188541161523643
full_macro,all,12,ae_relu_2,M0,0.1,fx_ret,593,estimated,1029.1378663608934,1.3433576547750632
full_macro,all,12,ae_relu_2,M0,0.5,e_origin,593,estimated,0.9804102121496133,49.730013015894514
full_macro,all,12,ae_relu_2,M0,0.5,downside,593,estimated,110251.23200966323,1.4842611566932749
full_macro,all,12,ae_relu_2,M0,0.5,dxy_ret,593,estimated,-485.9268063332091,-0.468538802483209
full_macro,all,12,ae_relu_2,M0,0.5,fx_ret,593,estimated,-287.57342097769873,-0.3753762921446838
full_macro,all,12,ae_relu_2,M0,0.9,e_origin,593,estimated,1.2766362499396997,64.75568750642074
full_macro,all,12,ae_relu_2,M0,0.9,downside,593,estimated,328389.59780203307,4.420956713091099
full_macro,all,12,ae_relu_2,M0,0.9,dxy_ret,593,estimated,1041.7972450455602,1.004518432122138
full_macro,all,12,ae_relu_2,M0,0.9,fx_ret,593,estimated,-776.3431721324374,-1.0133788456392707
full_macro,all,12,ae_relu_2,M1,0.1,e_origin,593,estimated,0.7852073584159371,39.82860609803788
full_macro,all,12,ae_relu_2,M1,0.1,downside,593,estimated,86030.38923915729,1.158187194059586
full_macro,all,12,ae_relu_2,M1,0.1,dxy_ret,593,estimated,-1463.5858975204567,-1.4112141475177602
full_macro,all,12,ae_relu_2,M1,0.1,fx_ret,593,estimated,406.7968838122378,0.5310014582790376
full_macro,all,12,ae_relu_2,M1,0.1,btc_vol,593,estimated,-1386.4000302227437,-2.493955395302941
full_macro,all,12,ae_relu_2,M1,0.1,btc_ret,593,estimated,-200.50863844471138,-1.440556632870561
full_macro,all,12,ae_relu_2,M1,0.1,vixy_ret,593,estimated,55.4338584626697,1.307145123379698
full_macro,all,12,ae_relu_2,M1,0.5,e_origin,593,estimated,0.9780395095057649,49.609762255677616
full_macro,all,12,ae_relu_2,M1,0.5,downside,593,estimated,171091.3919044795,2.303323986675701
full_macro,all,12,ae_relu_2,M1,0.5,dxy_ret,593,estimated,-166.40851624341948,-0.16045389121882422
full_macro,all,12,ae_relu_2,M1,0.5,fx_ret,593,estimated,-512.2061620767091,-0.6685946471698598
full_macro,all,12,ae_relu_2,M1,0.5,btc_vol,593,estimated,-740.4705429466512,-1.3320112993275122
full_macro,all,12,ae_relu_2,M1,0.5,btc_ret,593,estimated,-110.7060417738802,-0.7953688380372866
full_macro,all,12,ae_relu_2,M1,0.5,vixy_ret,593,estimated,1.8400891717772758,0.043389791982317225
full_macro,all,12,ae_relu_2,M1,0.9,e_origin,593,estimated,1.2736771203224422,64.60558956521378
full_macro,all,12,ae_relu_2,M1,0.9,downside,593,estimated,398314.9780674071,5.362329647461614
full_macro,all,12,ae_relu_2,M1,0.9,dxy_ret,593,estimated,896.1604287041923,0.8640929634369211
full_macro,all,12,ae_relu_2,M1,0.9,fx_ret,593,estimated,-1159.2659491096101,-1.5132168755613191
full_macro,all,12,ae_relu_2,M1,0.9,btc_vol,593,estimated,-269.10269459771416,-0.4840811471813823
full_macro,all,12,ae_relu_2,M1,0.9,btc_ret,593,estimated,47.84023899700488,0.3437087506045354
full_macro,all,12,ae_relu_2,M1,0.9,vixy_ret,593,estimated,51.644144885238354,1.2177826694729192
full_macro,all,12,ae_relu_2,M2,0.1,e_origin,593,estimated,0.7852374043604713,39.83013013888756
full_macro,all,12,ae_relu_2,M2,0.1,downside,593,estimated,100781.53455618236,1.3567750158163463
full_macro,all,12,ae_relu_2,M2,0.1,dxy_ret,593,estimated,-1536.310640149414,-1.4813365679690942
full_macro,all,12,ae_relu_2,M2,0.1,fx_ret,593,estimated,362.35651414463774,0.47299240747508137
full_macro,all,12,ae_relu_2,M2,0.1,btc_vol,593,estimated,-1445.2740504369353,-2.59986218782715
full_macro,all,12,ae_relu_2,M2,0.1,btc_ret,593,estimated,-204.41933676917452,-1.4686530902309982
full_macro,all,12,ae_relu_2,M2,0.1,vixy_ret,593,estimated,62.429195404047114,1.4720970286394959
full_macro,all,12,ae_relu_2,M2,0.1,account_ls,593,estimated,-0.4532431207552274,-0.2591794419195889
full_macro,all,12,ae_relu_2,M2,0.5,e_origin,593,estimated,0.9781337248739363,49.61454120578177
full_macro,all,12,ae_relu_2,M2,0.5,downside,593,estimated,173102.43984274496,2.330397791517663
full_macro,all,12,ae_relu_2,M2,0.5,dxy_ret,593,estimated,-170.98331248639508,-0.1648649867281727
full_macro,all,12,ae_relu_2,M2,0.5,fx_ret,593,estimated,-510.6522349589522,-0.6665662698680093
full_macro,all,12,ae_relu_2,M2,0.5,btc_vol,593,estimated,-739.5985274539311,-1.3304426555771887
full_macro,all,12,ae_relu_2,M2,0.5,btc_ret,593,estimated,-111.4478053992183,-0.8006980473860278
full_macro,all,12,ae_relu_2,M2,0.5,vixy_ret,593,estimated,2.6373280620477426,0.062188897014622685
full_macro,all,12,ae_relu_2,M2,0.5,account_ls,593,estimated,-0.07550674142749098,-0.04317725787373269
full_macro,all,12,ae_relu_2,M2,0.9,e_origin,593,estimated,1.2714644344739678,64.49335399822243
full_macro,all,12,ae_relu_2,M2,0.9,downside,593,estimated,443077.8415024837,5.96495129846708
full_macro,all,12,ae_relu_2,M2,0.9,dxy_ret,593,estimated,532.8759265948726,0.5138079341679423
full_macro,all,12,ae_relu_2,M2,0.9,fx_ret,593,estimated,-1146.8841182897295,-1.497054583068057
full_macro,all,12,ae_relu_2,M2,0.9,btc_vol,593,estimated,-622.3156101812638,-1.119465767281793
full_macro,all,12,ae_relu_2,M2,0.9,btc_ret,593,estimated,33.960246175975136,0.243987781584821
full_macro,all,12,ae_relu_2,M2,0.9,vixy_ret,593,estimated,44.40313904786179,1.0470378263178166
full_macro,all,12,ae_relu_2,M2,0.9,account_ls,593,estimated,-1.9419893221162126,-1.11049387331286
full_macro,all,12,ae_tanh_1,M0,0.1,e_origin,593,estimated,0.7081387080629143,39.37851245989123
full_macro,all,12,ae_tanh_1,M0,0.1,downside,593,estimated,81230.31872488785,1.0935660729723007
full_macro,all,12,ae_tanh_1,M0,0.1,dxy_ret,593,estimated,-2363.992552119498,-2.2794013934061037
full_macro,all,12,ae_tanh_1,M0,0.1,fx_ret,593,estimated,276.63040194321434,0.3610921142256403
full_macro,all,12,ae_tanh_1,M0,0.5,e_origin,593,estimated,0.8963757135247701,49.8460849574728
full_macro,all,12,ae_tanh_1,M0,0.5,downside,593,estimated,104397.62586598266,1.4054567744902289
full_macro,all,12,ae_tanh_1,M0,0.5,dxy_ret,593,estimated,405.7308707030619,0.3912125320357955
full_macro,all,12,ae_tanh_1,M0,0.5,fx_ret,593,estimated,-1103.015669626486,-1.4397920740873513
full_macro,all,12,ae_tanh_1,M0,0.9,e_origin,593,estimated,1.192910300614881,66.33592063452377
full_macro,all,12,ae_tanh_1,M0,0.9,downside,593,estimated,205554.29226442246,2.767282016158498
full_macro,all,12,ae_tanh_1,M0,0.9,dxy_ret,593,estimated,-802.504904951194,-0.773788731661164
full_macro,all,12,ae_tanh_1,M0,0.9,fx_ret,593,estimated,-811.7131636380184,-1.059548120321939
full_macro,all,12,ae_tanh_1,M1,0.1,e_origin,593,estimated,0.7204606193498422,40.063715135041214
full_macro,all,12,ae_tanh_1,M1,0.1,downside,593,estimated,239789.8286757571,3.2281791503460644
full_macro,all,12,ae_tanh_1,M1,0.1,dxy_ret,593,estimated,-2961.2143880628196,-2.8552527360007507
full_macro,all,12,ae_tanh_1,M1,0.1,fx_ret,593,estimated,-416.83420419660763,-0.5441034066306732
full_macro,all,12,ae_tanh_1,M1,0.1,btc_vol,593,estimated,-2048.225772852354,-3.6844948107675437
full_macro,all,12,ae_tanh_1,M1,0.1,btc_ret,593,estimated,-83.59473613123062,-0.6005873489591036
full_macro,all,12,ae_tanh_1,M1,0.1,vixy_ret,593,estimated,57.96436041565556,1.3668150323357158
full_macro,all,12,ae_tanh_1,M1,0.5,e_origin,593,estimated,0.8953255808711946,49.78768868381551
full_macro,all,12,ae_tanh_1,M1,0.5,downside,593,estimated,223567.01935009015,3.0097789992038217
full_macro,all,12,ae_tanh_1,M1,0.5,dxy_ret,593,estimated,363.995581385251,0.35097066387088416
full_macro,all,12,ae_tanh_1,M1,0.5,fx_ret,593,estimated,-1006.703570527858,-1.3140736452930644
full_macro,all,12,ae_tanh_1,M1,0.5,btc_vol,593,estimated,-1172.0743036388842,-2.1084109705237797
full_macro,all,12,ae_tanh_1,M1,0.5,btc_ret,593,estimated,0.2589540010483329,0.001860458016732323
full_macro,all,12,ae_tanh_1,M1,0.5,vixy_ret,593,estimated,23.927708301659273,0.564221724548155
full_macro,all,12,ae_tanh_1,M1,0.9,e_origin,593,estimated,1.1912633013075544,66.24433351747095
full_macro,all,12,ae_tanh_1,M1,0.9,downside,593,estimated,228731.57779906545,3.0793070521566834
full_macro,all,12,ae_tanh_1,M1,0.9,dxy_ret,593,estimated,-1016.377306478833,-0.9800080996604956
full_macro,all,12,ae_tanh_1,M1,0.9,fx_ret,593,estimated,-892.9956873503868,-1.1656480938993905
full_macro,all,12,ae_tanh_1,M1,0.9,btc_vol,593,estimated,-40.39184803808942,-0.07265974116046804
full_macro,all,12,ae_tanh_1,M1,0.9,btc_ret,593,estimated,-164.49655441706005,-1.181827398499794
full_macro,all,12,ae_tanh_1,M1,0.9,vixy_ret,593,estimated,8.472067748788616,0.19977361038703564
full_macro,all,12,ae_tanh_1,M2,0.1,e_origin,593,estimated,0.7249596050027711,40.31389685872549
full_macro,all,12,ae_tanh_1,M2,0.1,downside,593,estimated,122677.8267810319,1.651554633536179
full_macro,all,12,ae_tanh_1,M2,0.1,dxy_ret,593,estimated,-2547.1072936069772,-2.4559637080908665
full_macro,all,12,ae_tanh_1,M2,0.1,fx_ret,593,estimated,-296.432467682942,-0.38694021238753784
full_macro,all,12,ae_tanh_1,M2,0.1,btc_vol,593,estimated,-1548.3672170844893,-2.7853135392226234
full_macro,all,12,ae_tanh_1,M2,0.1,btc_ret,593,estimated,-192.34952532790604,-1.3819373902786958
full_macro,all,12,ae_tanh_1,M2,0.1,vixy_ret,593,estimated,67.78555552339941,1.5984014246034144
full_macro,all,12,ae_tanh_1,M2,0.1,account_ls,593,estimated,3.6870081763236033,2.1083535033035394
full_macro,all,12,ae_tanh_1,M2,0.5,e_origin,593,estimated,0.8948799962882645,49.76291040542024
full_macro,all,12,ae_tanh_1,M2,0.5,downside,593,estimated,197689.12178182887,2.6613968770512906
full_macro,all,12,ae_tanh_1,M2,0.5,dxy_ret,593,estimated,385.6913262128908,0.37189006606898617
full_macro,all,12,ae_tanh_1,M2,0.5,fx_ret,593,estimated,-1079.3858536233467,-1.4089475242497382
full_macro,all,12,ae_tanh_1,M2,0.5,btc_vol,593,estimated,-1032.9450247380792,-1.8581352865976024
full_macro,all,12,ae_tanh_1,M2,0.5,btc_ret,593,estimated,-0.8724737703926726,-0.006268297898253979
full_macro,all,12,ae_tanh_1,M2,0.5,vixy_ret,593,estimated,27.89502924456723,0.6577722073617688
full_macro,all,12,ae_tanh_1,M2,0.5,account_ls,593,estimated,0.6881110971048039,0.39348473690925234
full_macro,all,12,ae_tanh_1,M2,0.9,e_origin,593,estimated,1.2046140818221849,66.98675003962771
full_macro,all,12,ae_tanh_1,M2,0.9,downside,593,estimated,332307.00476847263,4.473694944576224
full_macro,all,12,ae_tanh_1,M2,0.9,dxy_ret,593,estimated,-381.4104593782012,-0.36776238224052876
full_macro,all,12,ae_tanh_1,M2,0.9,fx_ret,593,estimated,-1028.3587287647654,-1.342340628302621
full_macro,all,12,ae_tanh_1,M2,0.9,btc_vol,593,estimated,-462.23342685942333,-0.8314985023624207
full_macro,all,12,ae_tanh_1,M2,0.9,btc_ret,593,estimated,-82.35904456362312,-0.5917095085941856
full_macro,all,12,ae_tanh_1,M2,0.9,vixy_ret,593,estimated,-8.351397369886646,-0.1969281707641685
full_macro,all,12,ae_tanh_1,M2,0.9,account_ls,593,estimated,-5.725911500739481,-3.2742660159293737
full_macro,all,12,ae_tanh_2,M0,0.1,e_origin,593,estimated,0.6862387977419342,37.85331104295258
full_macro,all,12,ae_tanh_2,M0,0.1,downside,593,estimated,55491.38003761802,0.7470546897282931
full_macro,all,12,ae_tanh_2,M0,0.1,dxy_ret,593,estimated,-1502.3312359301428,-1.4485730547105293
full_macro,all,12,ae_tanh_2,M0,0.1,fx_ret,593,estimated,583.5341723353956,0.761700762213225
full_macro,all,12,ae_tanh_2,M0,0.5,e_origin,593,estimated,0.8981578457376873,49.54288275779218
full_macro,all,12,ae_tanh_2,M0,0.5,downside,593,estimated,115177.04625798667,1.550575107300484
full_macro,all,12,ae_tanh_2,M0,0.5,dxy_ret,593,estimated,-47.40457224907693,-0.04570828615406916
full_macro,all,12,ae_tanh_2,M0,0.5,fx_ret,593,estimated,-681.4211857524309,-0.8894749633917586
full_macro,all,12,ae_tanh_2,M0,0.9,e_origin,593,estimated,1.2065615384939055,66.55460075903298
full_macro,all,12,ae_tanh_2,M0,0.9,downside,593,estimated,242191.7776349919,3.2605154741727183
full_macro,all,12,ae_tanh_2,M0,0.9,dxy_ret,593,estimated,-221.01957130757825,-0.21311078935372518
full_macro,all,12,ae_tanh_2,M0,0.9,fx_ret,593,estimated,-1255.067699723119,-1.638269134577487
full_macro,all,12,ae_tanh_2,M1,0.1,e_origin,593,estimated,0.6989621362087828,38.55513741895341
full_macro,all,12,ae_tanh_2,M1,0.1,downside,593,estimated,267196.68799195054,3.5971449747498925
full_macro,all,12,ae_tanh_2,M1,0.1,dxy_ret,593,estimated,-2677.917889085568,-2.5820934851660313
full_macro,all,12,ae_tanh_2,M1,0.1,fx_ret,593,estimated,-28.68370542535389,-0.037441509548876865
full_macro,all,12,ae_tanh_2,M1,0.1,btc_vol,593,estimated,-2165.5150752184522,-3.8954831850250455
full_macro,all,12,ae_tanh_2,M1,0.1,btc_ret,593,estimated,-126.20337355001844,-0.9067095974932317
full_macro,all,12,ae_tanh_2,M1,0.1,vixy_ret,593,estimated,75.24834548163983,1.7743759963047534
full_macro,all,12,ae_tanh_2,M1,0.5,e_origin,593,estimated,0.8978182611820932,49.52415108617789
full_macro,all,12,ae_tanh_2,M1,0.5,downside,593,estimated,158612.47923884194,2.135326178308805
full_macro,all,12,ae_tanh_2,M1,0.5,dxy_ret,593,estimated,-26.970087287277753,-0.026005011939562832
full_macro,all,12,ae_tanh_2,M1,0.5,fx_ret,593,estimated,-656.0351357289577,-0.8563379603348946
full_macro,all,12,ae_tanh_2,M1,0.5,btc_vol,593,estimated,-556.9298645050189,-1.0018452179090571
full_macro,all,12,ae_tanh_2,M1,0.5,btc_ret,593,estimated,-59.42679324138968,-0.42695248363434946
full_macro,all,12,ae_tanh_2,M1,0.5,vixy_ret,593,estimated,14.339363069945705,0.3381259942760941
full_macro,all,12,ae_tanh_2,M1,0.9,e_origin,593,estimated,1.2057139322428643,66.50784633015459
full_macro,all,12,ae_tanh_2,M1,0.9,downside,593,estimated,261718.83676625846,3.5233992065780977
full_macro,all,12,ae_tanh_2,M1,0.9,dxy_ret,593,estimated,-206.54873334129474,-0.1991577639118611
full_macro,all,12,ae_tanh_2,M1,0.9,fx_ret,593,estimated,-1311.9686760579818,-1.7125433058252173
full_macro,all,12,ae_tanh_2,M1,0.9,btc_vol,593,estimated,-209.20339585413583,-0.37633001040997804
full_macro,all,12,ae_tanh_2,M1,0.9,btc_ret,593,estimated,-50.30386319708535,-0.3614086871751233
full_macro,all,12,ae_tanh_2,M1,0.9,vixy_ret,593,estimated,10.24700019865663,0.24162698954042355
full_macro,all,12,ae_tanh_2,M2,0.1,e_origin,593,estimated,0.6960483960254973,38.39441390139774
full_macro,all,12,ae_tanh_2,M2,0.1,downside,593,estimated,141959.60134508528,1.9111362136770018
full_macro,all,12,ae_tanh_2,M2,0.1,dxy_ret,593,estimated,-2057.6772572310165,-1.984047032257883
full_macro,all,12,ae_tanh_2,M2,0.1,fx_ret,593,estimated,-179.82971574634223,-0.23473592129896217
full_macro,all,12,ae_tanh_2,M2,0.1,btc_vol,593,estimated,-1631.4272174333894,-2.9347278002499566
full_macro,all,12,ae_tanh_2,M2,0.1,btc_ret,593,estimated,-197.9314028807371,-1.4220404541415492
full_macro,all,12,ae_tanh_2,M2,0.1,vixy_ret,593,estimated,61.73745455721123,1.455785595525148
full_macro,all,12,ae_tanh_2,M2,0.1,account_ls,593,estimated,2.1710459880760924,1.241476068370828
full_macro,all,12,ae_tanh_2,M2,0.5,e_origin,593,estimated,0.8986599593562477,49.570579622272604
full_macro,all,12,ae_tanh_2,M2,0.5,downside,593,estimated,178114.20067513353,2.397868801088777
full_macro,all,12,ae_tanh_2,M2,0.5,dxy_ret,593,estimated,-21.54322211299542,-0.020772337230416407
full_macro,all,12,ae_tanh_2,M2,0.5,fx_ret,593,estimated,-728.8658176522752,-0.9514055477419515
full_macro,all,12,ae_tanh_2,M2,0.5,btc_vol,593,estimated,-643.4708042739414,-1.157521241384486
full_macro,all,12,ae_tanh_2,M2,0.5,btc_ret,593,estimated,-90.07860566778103,-0.6471707846653941
full_macro,all,12,ae_tanh_2,M2,0.5,vixy_ret,593,estimated,13.749940708121212,0.3242272582465847
full_macro,all,12,ae_tanh_2,M2,0.5,account_ls,593,estimated,-0.5000419011517302,-0.285940535977613
full_macro,all,12,ae_tanh_2,M2,0.9,e_origin,593,estimated,1.2167945912556917,67.11906160033986
full_macro,all,12,ae_tanh_2,M2,0.9,downside,593,estimated,344779.94253011176,4.641612315584206
full_macro,all,12,ae_tanh_2,M2,0.9,dxy_ret,593,estimated,110.58405268780375,0.10662700420061735
full_macro,all,12,ae_tanh_2,M2,0.9,fx_ret,593,estimated,-1585.3659148632928,-2.0694150968148683
full_macro,all,12,ae_tanh_2,M2,0.9,btc_vol,593,estimated,-418.64183819620297,-0.7530828392301873
full_macro,all,12,ae_tanh_2,M2,0.9,btc_ret,593,estimated,-31.677684459830722,-0.2275886905250364
full_macro,all,12,ae_tanh_2,M2,0.9,vixy_ret,593,estimated,17.3860688626723,0.4099681270408038
full_macro,all,12,ae_tanh_2,M2,0.9,account_ls,593,estimated,-5.631480038342072,-3.220266975231239
full_macro,all,12,conditional_neural,M0,0.1,e_origin,593,estimated,0.15588657861210456,1.4946079838953568
full_macro,all,12,conditional_neural,M0,0.1,downside,593,estimated,-111984.22604494868,-1.5075916509151432
full_macro,all,12,conditional_neural,M0,0.1,dxy_ret,593,estimated,-478.63640697995737,-0.4615092767643611
full_macro,all,12,conditional_neural,M0,0.1,fx_ret,593,estimated,-596.5857249164579,-0.7787372581381752
full_macro,all,12,conditional_neural,M0,0.5,e_origin,593,estimated,0.10211458376828839,0.9790533189647156
full_macro,all,12,conditional_neural,M0,0.5,downside,593,estimated,-29903.388657867756,-0.40257544001399614
full_macro,all,12,conditional_neural,M0,0.5,dxy_ret,593,estimated,-703.6706106931572,-0.6784910422305882
full_macro,all,12,conditional_neural,M0,0.5,fx_ret,593,estimated,25.231061042099277,0.032934692325386684
full_macro,all,12,conditional_neural,M0,0.9,e_origin,593,estimated,0.18205804063030734,1.7455345000257365
full_macro,all,12,conditional_neural,M0,0.9,downside,593,estimated,80933.90956884436,1.0895756541009267
full_macro,all,12,conditional_neural,M0,0.9,dxy_ret,593,estimated,-1422.8829265147297,-1.3719676580383244
full_macro,all,12,conditional_neural,M0,0.9,fx_ret,593,estimated,278.2334302180266,0.363184584412754
full_macro,all,12,conditional_neural,M1,0.1,e_origin,593,estimated,0.2645420717296945,2.536374176684367
full_macro,all,12,conditional_neural,M1,0.1,downside,593,estimated,70316.9631034988,0.9466446323430636
full_macro,all,12,conditional_neural,M1,0.1,dxy_ret,593,estimated,-127.18995833941348,-0.12263869782761831
full_macro,all,12,conditional_neural,M1,0.1,fx_ret,593,estimated,-655.4755455233822,-0.8556075141908273
full_macro,all,12,conditional_neural,M1,0.1,btc_vol,593,estimated,-2205.873213376624,-3.9680822864458545
full_macro,all,12,conditional_neural,M1,0.1,btc_ret,593,estimated,-65.6735728190304,-0.47183254378762834
full_macro,all,12,conditional_neural,M1,0.1,vixy_ret,593,estimated,18.66470477564644,0.4401187018803277
full_macro,all,12,conditional_neural,M1,0.5,e_origin,593,estimated,0.12502826643907378,1.1987449265752586
full_macro,all,12,conditional_neural,M1,0.5,downside,593,estimated,61243.400532139596,0.824491471493904
full_macro,all,12,conditional_neural,M1,0.5,dxy_ret,593,estimated,-752.9380053487333,-0.7259954930913675
full_macro,all,12,conditional_neural,M1,0.5,fx_ret,593,estimated,122.95168071340407,0.16049169586758794
full_macro,all,12,conditional_neural,M1,0.5,btc_vol,593,estimated,-944.0484440600391,-1.698221768007761
full_macro,all,12,conditional_neural,M1,0.5,btc_ret,593,estimated,-52.087167297770755,-0.37422085612003386
full_macro,all,12,conditional_neural,M1,0.5,vixy_ret,593,estimated,21.66401019409885,0.5108431212150658
full_macro,all,12,conditional_neural,M1,0.9,e_origin,593,estimated,0.21102000787268962,2.0232157978973873
full_macro,all,12,conditional_neural,M1,0.9,downside,593,estimated,141087.8405709914,1.8994001030564602
full_macro,all,12,conditional_neural,M1,0.9,dxy_ret,593,estimated,-1639.0809793714534,-1.5804294581787133
full_macro,all,12,conditional_neural,M1,0.9,fx_ret,593,estimated,118.35102622159336,0.15448635427967874
full_macro,all,12,conditional_neural,M1,0.9,btc_vol,593,estimated,-483.6520402122081,-0.870027833844405
full_macro,all,12,conditional_neural,M1,0.9,btc_ret,593,estimated,96.79482207466636,0.6954235191499513
full_macro,all,12,conditional_neural,M1,0.9,vixy_ret,593,estimated,49.67881027744324,1.1714395568043552
full_macro,all,12,conditional_neural,M2,0.1,e_origin,593,estimated,0.2640933547869292,2.5320719722794904
full_macro,all,12,conditional_neural,M2,0.1,downside,593,estimated,62691.96772060039,0.8439928591110899
full_macro,all,12,conditional_neural,M2,0.1,dxy_ret,593,estimated,-198.3226923565225,-0.19122607678954157
full_macro,all,12,conditional_neural,M2,0.1,fx_ret,593,estimated,-624.8860504562184,-0.8156783329825942
full_macro,all,12,conditional_neural,M2,0.1,btc_vol,593,estimated,-2144.5488904554186,-3.8577677144041416
full_macro,all,12,conditional_neural,M2,0.1,btc_ret,593,estimated,-56.26203422903218,-0.4042152358925491
full_macro,all,12,conditional_neural,M2,0.1,vixy_ret,593,estimated,15.183495165706423,0.358030853563581
full_macro,all,12,conditional_neural,M2,0.1,account_ls,593,estimated,0.8615908049665102,0.49268618489383664
full_macro,all,12,conditional_neural,M2,0.5,e_origin,593,estimated,0.1348907681796655,1.2933045350669523
full_macro,all,12,conditional_neural,M2,0.5,downside,593,estimated,28593.084664510185,0.38493542560916605
full_macro,all,12,conditional_neural,M2,0.5,dxy_ret,593,estimated,-797.2428728115564,-0.7687149917373711
full_macro,all,12,conditional_neural,M2,0.5,fx_ret,593,estimated,-147.3534255346125,-0.19234386239154602
full_macro,all,12,conditional_neural,M2,0.5,btc_vol,593,estimated,-947.450765026931,-1.7043421059671948
full_macro,all,12,conditional_neural,M2,0.5,btc_ret,593,estimated,-45.973974960186254,-0.3303005550385963
full_macro,all,12,conditional_neural,M2,0.5,vixy_ret,593,estimated,32.03815201705719,0.7554681440656994
full_macro,all,12,conditional_neural,M2,0.5,account_ls,593,estimated,1.6437779340523158,0.9399667156062411
full_macro,all,12,conditional_neural,M2,0.9,e_origin,593,estimated,0.19534321851826916,1.8729100131430405
full_macro,all,12,conditional_neural,M2,0.9,downside,593,estimated,65757.36798050895,0.8852609198172139
full_macro,all,12,conditional_neural,M2,0.9,dxy_ret,593,estimated,-813.7539574039683,-0.7846352573037101
full_macro,all,12,conditional_neural,M2,0.9,fx_ret,593,estimated,547.4049069298226,0.7145403896038699
full_macro,all,12,conditional_neural,M2,0.9,btc_vol,593,estimated,-791.7750648179893,-1.424301537595831
full_macro,all,12,conditional_neural,M2,0.9,btc_ret,593,estimated,48.15745010054946,0.34598775744820975
full_macro,all,12,conditional_neural,M2,0.9,vixy_ret,593,estimated,24.34622025056546,0.5740903475929905
full_macro,all,12,conditional_neural,M2,0.9,account_ls,593,estimated,4.6171625246747325,2.6402465952560976
full_macro,all,12,pca_selected,M0,0.1,e_origin,593,estimated,0.30340767367398946,2.3726145183284317
full_macro,all,12,pca_selected,M0,0.1,downside,593,estimated,-30140.403989569193,-0.4057662673995294
full_macro,all,12,pca_selected,M0,0.1,dxy_ret,593,estimated,-99.77114626300005,-0.0962010178964856
full_macro,all,12,pca_selected,M0,0.1,fx_ret,593,estimated,477.88690470885547,0.623796920258571
full_macro,all,12,pca_selected,M0,0.5,e_origin,593,estimated,0.29756545018181946,2.3269289754778053
full_macro,all,12,pca_selected,M0,0.5,downside,593,estimated,2383.0800812118214,0.03208230088097467
full_macro,all,12,pca_selected,M0,0.5,dxy_ret,593,estimated,-713.4084826668161,-0.6878804622292543
full_macro,all,12,pca_selected,M0,0.5,fx_ret,593,estimated,155.1386473514548,0.2025060939677277
full_macro,all,12,pca_selected,M0,0.9,e_origin,593,estimated,0.3944303300676487,3.0844016443470914
full_macro,all,12,pca_selected,M0,0.9,downside,593,estimated,5845.286025896239,0.07869237231960696
full_macro,all,12,pca_selected,M0,0.9,dxy_ret,593,estimated,-304.7854393865014,-0.2938792487330835
full_macro,all,12,pca_selected,M0,0.9,fx_ret,593,estimated,664.2892771666751,0.8671122836266443
full_macro,all,12,pca_selected,M1,0.1,e_origin,593,estimated,0.3427766103782079,2.6804752578558952
full_macro,all,12,pca_selected,M1,0.1,downside,593,estimated,74373.11585378025,1.0012507339087104
full_macro,all,12,pca_selected,M1,0.1,dxy_ret,593,estimated,167.97084338857476,0.16196031333865293
full_macro,all,12,pca_selected,M1,0.1,fx_ret,593,estimated,-274.39657132162324,-0.35817624302599577
full_macro,all,12,pca_selected,M1,0.1,btc_vol,593,estimated,-1241.601290569705,-2.2334810804453866
full_macro,all,12,pca_selected,M1,0.1,btc_ret,593,estimated,-104.74926713730765,-0.7525723217385843
full_macro,all,12,pca_selected,M1,0.1,vixy_ret,593,estimated,-7.365904816976003,-0.1736899943068749
full_macro,all,12,pca_selected,M1,0.5,e_origin,593,estimated,0.328592868740383,2.5695599638337594
full_macro,all,12,pca_selected,M1,0.5,downside,593,estimated,11777.279421457259,0.1585520457064818
full_macro,all,12,pca_selected,M1,0.5,dxy_ret,593,estimated,-707.35596916774,-0.6820445268786822
full_macro,all,12,pca_selected,M1,0.5,fx_ret,593,estimated,-129.60286333115047,-0.1691736396332478
full_macro,all,12,pca_selected,M1,0.5,btc_vol,593,estimated,-163.38001620675502,-0.29389964225408616
full_macro,all,12,pca_selected,M1,0.5,btc_ret,593,estimated,-108.18972053945406,-0.7772902990137166
full_macro,all,12,pca_selected,M1,0.5,vixy_ret,593,estimated,8.104136584757525,0.19109769569986784
full_macro,all,12,pca_selected,M1,0.9,e_origin,593,estimated,0.3689512686338434,2.8851581962852473
full_macro,all,12,pca_selected,M1,0.9,downside,593,estimated,-85797.89301816118,-1.155057205363657
full_macro,all,12,pca_selected,M1,0.9,dxy_ret,593,estimated,-1041.4108007811694,-1.0041458160604098
full_macro,all,12,pca_selected,M1,0.9,fx_ret,593,estimated,663.9916972315868,0.8667238455982955
full_macro,all,12,pca_selected,M1,0.9,btc_vol,593,estimated,857.7652613147258,1.543009416276197
full_macro,all,12,pca_selected,M1,0.9,btc_ret,593,estimated,-59.14285921277693,-0.42491255632055175
full_macro,all,12,pca_selected,M1,0.9,vixy_ret,593,estimated,-27.286348137552313,-0.643419344999433
full_macro,all,12,pca_selected,M2,0.1,e_origin,593,estimated,0.3682822092441661,2.879926225708003
full_macro,all,12,pca_selected,M2,0.1,downside,593,estimated,32188.380309907203,0.4333372219067671
full_macro,all,12,pca_selected,M2,0.1,dxy_ret,593,estimated,-91.34684667696413,-0.08807816649508657
full_macro,all,12,pca_selected,M2,0.1,fx_ret,593,estimated,-116.24433969973161,-0.15173644723820368
full_macro,all,12,pca_selected,M2,0.1,btc_vol,593,estimated,-990.8089058137665,-1.7823378263858245
full_macro,all,12,pca_selected,M2,0.1,btc_ret,593,estimated,-104.55511379998953,-0.7511774248401911
full_macro,all,12,pca_selected,M2,0.1,vixy_ret,593,estimated,-3.181027485615259,-0.07500947400150568
full_macro,all,12,pca_selected,M2,0.1,account_ls,593,estimated,1.05922256625959,0.605698577695686
full_macro,all,12,pca_selected,M2,0.5,e_origin,593,estimated,0.3389429600075423,2.6504965351113623
full_macro,all,12,pca_selected,M2,0.5,downside,593,estimated,7839.099089801195,0.10553415204867479
full_macro,all,12,pca_selected,M2,0.5,dxy_ret,593,estimated,-600.693232643862,-0.579198521700259
full_macro,all,12,pca_selected,M2,0.5,fx_ret,593,estimated,-148.39882723782927,-0.19370844961181516
full_macro,all,12,pca_selected,M2,0.5,btc_vol,593,estimated,-222.9502906746556,-0.4010589066584794
full_macro,all,12,pca_selected,M2,0.5,btc_ret,593,estimated,-125.2084253285312,-0.8995613804840108
full_macro,all,12,pca_selected,M2,0.5,vixy_ret,593,estimated,4.2190015279078255,0.09948517793416853
full_macro,all,12,pca_selected,M2,0.5,account_ls,593,estimated,0.5318548490146795,0.30413223419731744
full_macro,all,12,pca_selected,M2,0.9,e_origin,593,estimated,0.325306456970418,2.5438605865431154
full_macro,all,12,pca_selected,M2,0.9,downside,593,estimated,-83822.33553307987,-1.1284611920178482
full_macro,all,12,pca_selected,M2,0.9,dxy_ret,593,estimated,-547.03886211471,-0.5274640748904224
full_macro,all,12,pca_selected,M2,0.9,fx_ret,593,estimated,529.0840388870523,0.6906257333349219
full_macro,all,12,pca_selected,M2,0.9,btc_vol,593,estimated,645.7928494165155,1.1616983020345273
full_macro,all,12,pca_selected,M2,0.9,btc_ret,593,estimated,-9.037327680967005,-0.06492878528937578
full_macro,all,12,pca_selected,M2,0.9,vixy_ret,593,estimated,-21.32358522257128,-0.5028158098615073
full_macro,all,12,pca_selected,M2,0.9,account_ls,593,estimated,1.7353387876861066,0.9923242470497305
full_macro,all,12,ae_selected,M0,0.1,e_origin,593,estimated,0.7096132953530765,32.81021361516811
full_macro,all,12,ae_selected,M0,0.1,downside,593,estimated,19068.153306246597,0.2567056963123429
full_macro,all,12,ae_selected,M0,0.1,dxy_ret,593,estimated,-922.2393455127751,-0.8892386938068029
full_macro,all,12,ae_selected,M0,0.1,fx_ret,593,estimated,1421.0656979721878,1.854950192494197
full_macro,all,12,ae_selected,M0,0.5,e_origin,593,estimated,0.947248520607642,43.79769447854661
full_macro,all,12,ae_selected,M0,0.5,downside,593,estimated,111973.7923212735,1.5074511865367555
full_macro,all,12,ae_selected,M0,0.5,dxy_ret,593,estimated,-331.44332716825824,-0.3195832326566033
full_macro,all,12,ae_selected,M0,0.5,fx_ret,593,estimated,-315.2862550640724,-0.4115505006956559
full_macro,all,12,ae_selected,M0,0.9,e_origin,593,estimated,1.2348474941399656,57.095336756237494
full_macro,all,12,ae_selected,M0,0.9,downside,593,estimated,350734.2133552888,4.72177189966457
full_macro,all,12,ae_selected,M0,0.9,dxy_ret,593,estimated,85.96358044271744,0.0828875306174835
full_macro,all,12,ae_selected,M0,0.9,fx_ret,593,estimated,-798.6512299460135,-1.042498073690805
full_macro,all,12,ae_selected,M1,0.1,e_origin,593,estimated,0.7968011855339723,36.841498429339545
full_macro,all,12,ae_selected,M1,0.1,downside,593,estimated,107864.04539748642,1.452123571492216
full_macro,all,12,ae_selected,M1,0.1,dxy_ret,593,estimated,-1344.1253066116367,-1.2960282358148894
full_macro,all,12,ae_selected,M1,0.1,fx_ret,593,estimated,127.04065641692799,0.16582913120163273
full_macro,all,12,ae_selected,M1,0.1,btc_vol,593,estimated,-1532.1546602491944,-2.7561492340368083
full_macro,all,12,ae_selected,M1,0.1,btc_ret,593,estimated,-186.12969139225723,-1.3372509214020794
full_macro,all,12,ae_selected,M1,0.1,vixy_ret,593,estimated,73.01796368573123,1.7217830004598027
full_macro,all,12,ae_selected,M1,0.5,e_origin,593,estimated,0.9430949688683342,43.60564773883532
full_macro,all,12,ae_selected,M1,0.5,downside,593,estimated,195506.9572232506,2.6320194085843025
full_macro,all,12,ae_selected,M1,0.5,dxy_ret,593,estimated,-135.82178555415177,-0.13096165086030648
full_macro,all,12,ae_selected,M1,0.5,fx_ret,593,estimated,-538.0498772608235,-0.7023290512329127
full_macro,all,12,ae_selected,M1,0.5,btc_vol,593,estimated,-849.2631346891966,-1.5277151836542597
full_macro,all,12,ae_selected,M1,0.5,btc_ret,593,estimated,-20.178972287334492,-0.1449760598770734
full_macro,all,12,ae_selected,M1,0.5,vixy_ret,593,estimated,13.721069693525722,0.32354647204511666
full_macro,all,12,ae_selected,M1,0.9,e_origin,593,estimated,1.2411201355854955,57.385363320151846
full_macro,all,12,ae_selected,M1,0.9,downside,593,estimated,496978.5995508103,6.690592182738029
full_macro,all,12,ae_selected,M1,0.9,dxy_ret,593,estimated,182.14098375007703,0.17562340109068897
full_macro,all,12,ae_selected,M1,0.9,fx_ret,593,estimated,-789.9077530044949,-1.031085009355439
full_macro,all,12,ae_selected,M1,0.9,btc_vol,593,estimated,-1053.479352283249,-1.895073901610447
full_macro,all,12,ae_selected,M1,0.9,btc_ret,593,estimated,64.09255524149228,0.46047370470880483
full_macro,all,12,ae_selected,M1,0.9,vixy_ret,593,estimated,42.66514478228288,1.0060554593724733
full_macro,all,12,ae_selected,M2,0.1,e_origin,593,estimated,0.7968437939689672,36.84346850496122
full_macro,all,12,ae_selected,M2,0.1,downside,593,estimated,128977.8145936407,1.7363684449326513
full_macro,all,12,ae_selected,M2,0.1,dxy_ret,593,estimated,-1563.6893032953692,-1.5077355356259654
full_macro,all,12,ae_selected,M2,0.1,fx_ret,593,estimated,198.50081498396256,0.2591077425133674
full_macro,all,12,ae_selected,M2,0.1,btc_vol,593,estimated,-1587.0254897120624,-2.8548548011173867
full_macro,all,12,ae_selected,M2,0.1,btc_ret,593,estimated,-217.35015242552365,-1.561554684928708
full_macro,all,12,ae_selected,M2,0.1,vixy_ret,593,estimated,66.04777022332463,1.5574239851202263
full_macro,all,12,ae_selected,M2,0.1,account_ls,593,estimated,-2.1045140807353904,-1.2034309181528253
full_macro,all,12,ae_selected,M2,0.5,e_origin,593,estimated,0.9368856816467009,43.31855046842926
full_macro,all,12,ae_selected,M2,0.5,downside,593,estimated,207371.0026298602,2.791739544471151
full_macro,all,12,ae_selected,M2,0.5,dxy_ret,593,estimated,-128.08078902480602,-0.12349765176288013
full_macro,all,12,ae_selected,M2,0.5,fx_ret,593,estimated,-544.7833681382947,-0.7111184338892855
full_macro,all,12,ae_selected,M2,0.5,btc_vol,593,estimated,-879.2856555851897,-1.5817218385424074
full_macro,all,12,ae_selected,M2,0.5,btc_ret,593,estimated,-16.15739045290903,-0.1160829586563456
full_macro,all,12,ae_selected,M2,0.5,vixy_ret,593,estimated,10.440535692134068,0.24619060794108524
full_macro,all,12,ae_selected,M2,0.5,account_ls,593,estimated,-0.2287874046761072,-0.13082822252962065
full_macro,all,12,ae_selected,M2,0.9,e_origin,593,estimated,1.2620586074611992,58.35349024155516
full_macro,all,12,ae_selected,M2,0.9,downside,593,estimated,455083.47300877265,6.1265775422880635
full_macro,all,12,ae_selected,M2,0.9,dxy_ret,593,estimated,151.97669403388676,0.14653848542606723
full_macro,all,12,ae_selected,M2,0.9,fx_ret,593,estimated,-1046.3818105583698,-1.3658665772366438
full_macro,all,12,ae_selected,M2,0.9,btc_vol,593,estimated,-956.3759580305624,-1.7203973806067594
full_macro,all,12,ae_selected,M2,0.9,btc_ret,593,estimated,45.4256114926364,0.32636083136120136
full_macro,all,12,ae_selected,M2,0.9,vixy_ret,593,estimated,42.61081154088861,1.0047742670922397
full_macro,all,12,ae_selected,M2,0.9,account_ls,593,estimated,-1.9838808773305296,-1.1344488533321901
full_macro,all,12,ae_reconstruction_selected,M0,0.1,e_origin,593,estimated,0.7065480100845717,32.713584216312675
full_macro,all,12,ae_reconstruction_selected,M0,0.1,downside,593,estimated,18909.323597447627,0.25456744567330647
full_macro,all,12,ae_reconstruction_selected,M0,0.1,dxy_ret,593,estimated,-794.8318243582613,-0.7663902182523264
full_macro,all,12,ae_reconstruction_selected,M0,0.1,fx_ret,593,estimated,1248.3025617886642,1.6294384422796757
full_macro,all,12,ae_reconstruction_selected,M0,0.5,e_origin,593,estimated,0.9446064911947255,43.73583048839874
full_macro,all,12,ae_reconstruction_selected,M0,0.5,downside,593,estimated,135618.54948027103,1.8257695760080792
full_macro,all,12,ae_reconstruction_selected,M0,0.5,dxy_ret,593,estimated,-448.48769306510894,-0.4324393795494592
full_macro,all,12,ae_reconstruction_selected,M0,0.5,fx_ret,593,estimated,-231.93837037820484,-0.30275456327865125
full_macro,all,12,ae_reconstruction_selected,M0,0.9,e_origin,593,estimated,1.235926073420068,57.22409675051593
full_macro,all,12,ae_reconstruction_selected,M0,0.9,downside,593,estimated,357325.1436012517,4.810502533982563
full_macro,all,12,ae_reconstruction_selected,M0,0.9,dxy_ret,593,estimated,234.46081138625908,0.22607105918917023
full_macro,all,12,ae_reconstruction_selected,M0,0.9,fx_ret,593,estimated,-962.7012559308495,-1.2566363979874802
full_macro,all,12,ae_reconstruction_selected,M1,0.1,e_origin,593,estimated,0.7083434683012036,32.79671497705125
full_macro,all,12,ae_reconstruction_selected,M1,0.1,downside,593,estimated,80665.42142289299,1.0859611228271784
full_macro,all,12,ae_reconstruction_selected,M1,0.1,dxy_ret,593,estimated,-1108.5926395420256,-1.0689236753416427
full_macro,all,12,ae_reconstruction_selected,M1,0.1,fx_ret,593,estimated,416.90085764311834,0.5441904109286532
full_macro,all,12,ae_reconstruction_selected,M1,0.1,btc_vol,593,estimated,-1171.6092240940256,-2.107574352221082
full_macro,all,12,ae_reconstruction_selected,M1,0.1,btc_ret,593,estimated,-150.60773466327643,-1.0820430122795783
full_macro,all,12,ae_reconstruction_selected,M1,0.1,vixy_ret,593,estimated,45.72221495098304,1.078141986878708
full_macro,all,12,ae_reconstruction_selected,M1,0.5,e_origin,593,estimated,0.9399491097076333,43.520191014037685
full_macro,all,12,ae_reconstruction_selected,M1,0.5,downside,593,estimated,204669.79181498746,2.755374397202738
full_macro,all,12,ae_reconstruction_selected,M1,0.5,dxy_ret,593,estimated,-585.1815874132576,-0.5642419323823442
full_macro,all,12,ae_reconstruction_selected,M1,0.5,fx_ret,593,estimated,-326.07691814458747,-0.42563580483529123
full_macro,all,12,ae_reconstruction_selected,M1,0.5,btc_vol,593,estimated,-742.0108868106502,-1.334782179886152
full_macro,all,12,ae_reconstruction_selected,M1,0.5,btc_ret,593,estimated,-26.52598036576692,-0.19057621285397386
full_macro,all,12,ae_reconstruction_selected,M1,0.5,vixy_ret,593,estimated,16.84256955400984,0.39715226881659615
full_macro,all,12,ae_reconstruction_selected,M1,0.9,e_origin,593,estimated,1.240737169035347,57.44685327850378
full_macro,all,12,ae_reconstruction_selected,M1,0.9,downside,593,estimated,438203.9153695918,5.899335893470883
full_macro,all,12,ae_reconstruction_selected,M1,0.9,dxy_ret,593,estimated,273.58059590715175,0.26379101362249613
full_macro,all,12,ae_reconstruction_selected,M1,0.9,fx_ret,593,estimated,-1072.5578410543942,-1.4000347602253833
full_macro,all,12,ae_reconstruction_selected,M1,0.9,btc_vol,593,estimated,-1084.4837949339403,-1.9508469074828063
full_macro,all,12,ae_reconstruction_selected,M1,0.9,btc_ret,593,estimated,32.10153221860859,0.2306338296520628
full_macro,all,12,ae_reconstruction_selected,M1,0.9,vixy_ret,593,estimated,42.74728472480686,1.0079923410596323
full_macro,all,12,ae_reconstruction_selected,M2,0.1,e_origin,593,estimated,0.7074079107943931,32.753398119808125
full_macro,all,12,ae_reconstruction_selected,M2,0.1,downside,593,estimated,132703.32705774248,1.7865232898123735
full_macro,all,12,ae_reconstruction_selected,M2,0.1,dxy_ret,593,estimated,-1331.307655595651,-1.2836692410457071
full_macro,all,12,ae_reconstruction_selected,M2,0.1,fx_ret,593,estimated,744.3378377009926,0.9716015362937801
full_macro,all,12,ae_reconstruction_selected,M2,0.1,btc_vol,593,estimated,-1434.8656129460312,-2.5811387470660137
full_macro,all,12,ae_reconstruction_selected,M2,0.1,btc_ret,593,estimated,-96.02753483905613,-0.6899109351278918
full_macro,all,12,ae_reconstruction_selected,M2,0.1,vixy_ret,593,estimated,51.205918775552036,1.207449181274549
full_macro,all,12,ae_reconstruction_selected,M2,0.1,account_ls,593,estimated,-1.6723895244787785,-0.9563277715154983
full_macro,all,12,ae_reconstruction_selected,M2,0.5,e_origin,593,estimated,0.9385630209748322,43.456014298733734
full_macro,all,12,ae_reconstruction_selected,M2,0.5,downside,593,estimated,204033.61330800637,2.7468098212844176
full_macro,all,12,ae_reconstruction_selected,M2,0.5,dxy_ret,593,estimated,-544.7312367588835,-0.5252390236960713
full_macro,all,12,ae_reconstruction_selected,M2,0.5,fx_ret,593,estimated,-321.8026765567858,-0.42005653762240086
full_macro,all,12,ae_reconstruction_selected,M2,0.5,btc_vol,593,estimated,-786.5314559349971,-1.414868959422491
full_macro,all,12,ae_reconstruction_selected,M2,0.5,btc_ret,593,estimated,-23.3618075872444,-0.16784317691594386
full_macro,all,12,ae_reconstruction_selected,M2,0.5,vixy_ret,593,estimated,18.440789597294433,0.43483872243183547
full_macro,all,12,ae_reconstruction_selected,M2,0.5,account_ls,593,estimated,0.3286394511089324,0.18792693287709597
full_macro,all,12,ae_reconstruction_selected,M2,0.9,e_origin,593,estimated,1.2406053097268908,57.440748115754296
full_macro,all,12,ae_reconstruction_selected,M2,0.9,downside,593,estimated,463073.20097752125,6.2341395410104
full_macro,all,12,ae_reconstruction_selected,M2,0.9,dxy_ret,593,estimated,177.50177782356826,0.17115020068077186
full_macro,all,12,ae_reconstruction_selected,M2,0.9,fx_ret,593,estimated,-1085.0558414501577,-1.41634869157493
full_macro,all,12,ae_reconstruction_selected,M2,0.9,btc_vol,593,estimated,-1190.690137479252,-2.1418984620357278
full_macro,all,12,ae_reconstruction_selected,M2,0.9,btc_ret,593,estimated,5.509524020405611,0.03958323907198385
full_macro,all,12,ae_reconstruction_selected,M2,0.9,vixy_ret,593,estimated,29.703870077865083,0.700425155213263
full_macro,all,12,ae_reconstruction_selected,M2,0.9,account_ls,593,estimated,-2.004369535145233,-1.146164947090542
full_macro,matched,12,sequential_ols,M0,,,0,insufficient,,
full_macro,matched,12,sequential_ols,M1,,,0,insufficient,,
full_macro,matched,12,sequential_ols,M2,,,0,insufficient,,
full_macro,matched,12,pca_1,M0,,,0,insufficient,,
full_macro,matched,12,pca_1,M1,,,0,insufficient,,
full_macro,matched,12,pca_1,M2,,,0,insufficient,,
full_macro,matched,12,pca_2,M0,,,0,insufficient,,
full_macro,matched,12,pca_2,M1,,,0,insufficient,,
full_macro,matched,12,pca_2,M2,,,0,insufficient,,
full_macro,matched,12,conditional_linear,M0,,,0,insufficient,,
full_macro,matched,12,conditional_linear,M1,,,0,insufficient,,
full_macro,matched,12,conditional_linear,M2,,,0,insufficient,,
full_macro,matched,12,ae_relu_1,M0,,,0,insufficient,,
full_macro,matched,12,ae_relu_1,M1,,,0,insufficient,,
full_macro,matched,12,ae_relu_1,M2,,,0,insufficient,,
full_macro,matched,12,ae_relu_2,M0,,,0,insufficient,,
full_macro,matched,12,ae_relu_2,M1,,,0,insufficient,,
full_macro,matched,12,ae_relu_2,M2,,,0,insufficient,,
full_macro,matched,12,ae_tanh_1,M0,,,0,insufficient,,
full_macro,matched,12,ae_tanh_1,M1,,,0,insufficient,,
full_macro,matched,12,ae_tanh_1,M2,,,0,insufficient,,
full_macro,matched,12,ae_tanh_2,M0,,,0,insufficient,,
full_macro,matched,12,ae_tanh_2,M1,,,0,insufficient,,
full_macro,matched,12,ae_tanh_2,M2,,,0,insufficient,,
full_macro,matched,12,conditional_neural,M0,,,0,insufficient,,
full_macro,matched,12,conditional_neural,M1,,,0,insufficient,,
full_macro,matched,12,conditional_neural,M2,,,0,insufficient,,
full_macro,matched,12,pca_selected,M0,,,0,insufficient,,
full_macro,matched,12,pca_selected,M1,,,0,insufficient,,
full_macro,matched,12,pca_selected,M2,,,0,insufficient,,
full_macro,matched,12,ae_selected,M0,,,0,insufficient,,
full_macro,matched,12,ae_selected,M1,,,0,insufficient,,
full_macro,matched,12,ae_selected,M2,,,0,insufficient,,
full_macro,matched,12,ae_reconstruction_selected,M0,,,0,insufficient,,
full_macro,matched,12,ae_reconstruction_selected,M1,,,0,insufficient,,
full_macro,matched,12,ae_reconstruction_selected,M2,,,0,insufficient,,
